{"type": "FeatureCollection", "features": [{"type": "Feature", "geometry": {"type": "Point", "coordinates": [-8.8894765, 39.7323806]}, "properties": {"distance": "0", "highway": "milestone", "marker": "plate", "ref": "A 17"}}, {"type": "Feature", "geometry": {"type": "Point", "coordinates": [-8.6476825, 40.5284287]}, "properties": {"distance": "102", "highway": "milestone", "ref": "A 17"}}, {"type": "Feature", "geometry": {"type": "LineString", "coordinates": [[-8.8894125, 39.7324758], [-8.8892866, 39.7327282], [-8.8889692, 39.7331907], [-8.8886963, 39.7335821], [-8.8884764, 39.7339029], [-8.8882508, 39.7342326], [-8.8880095, 39.7345876], [-8.887771, 39.7349505], [-8.8875521, 39.7352984], [-8.8872169, 39.7358683], [-8.8870264, 39.7362049], [-8.886956, 39.7363349], [-8.8868508, 39.7365425], [-8.8867162, 39.736798], [-8.8865489, 39.7371419], [-8.8863789, 39.7374998], [-8.8862179, 39.7378541], [-8.8861145, 39.7380884], [-8.8859721, 39.738396]]}, "properties": {"destination": "Aveiro;Leiria Norte", "destination:ref": "A 17", "destination:ref:to": "A 29", "highway": "motorway", "lanes": "2", "maxspeed": "120", "minspeed": "50", "name": "Autoestrada do Litoral Centro", "oneway": "yes", "operator": "BRISAL", "ref": "A 17;IC 1", "surface": "asphalt", "toll": "yes"}}, {"type": "Feature", "geometry": {"type": "LineString", "coordinates": [[-8.8426135, 39.8092638], [-8.8440932, 39.8078595]]}, "properties": {"highway": "motorway", "lanes": "2", "lit": "no", "maxspeed": "120", "minspeed": "50", "name": "Autoestrada do Litoral Centro", "oneway": "yes", "operator": "BRISAL", "ref": "A 17;IC 1", "surface": "asphalt", "toll": "yes"}}, {"type": "Feature", "geometry": {"type": "LineString", "coordinates": [[-8.8392655, 39.8137892], [-8.8391337, 39.8141275], [-8.8390275, 39.8144648], [-8.8389564, 39.8147229], [-8.8388542, 39.8151101], [-8.8387663, 39.8154585], [-8.8383315, 39.8168939], [-8.8379339, 39.8180561], [-8.8375143, 39.8192134], [-8.837125, 39.8202171], [-8.8367452, 39.8211262], [-8.8355918, 39.8237881], [-8.8345485, 39.8262049], [-8.8343605, 39.826685], [-8.8341756, 39.8271773], [-8.8340622, 39.8275569], [-8.8339534, 39.8279334], [-8.8338635, 39.8283087], [-8.8337853, 39.8286834], [-8.8337244, 39.8290617], [-8.8336766, 39.8294436], [-8.8336319, 39.8299504], [-8.8336146, 39.8303332], [-8.8336099, 39.8307168], [-8.8336193, 39.8311088], [-8.8336471, 39.8314854], [-8.833686, 39.8318669], [-8.8337365, 39.8322443], [-8.8338013, 39.8326216], [-8.8338846, 39.8329933], [-8.8339752, 39.833373], [-8.8340847, 39.8337431], [-8.8341677, 39.8340007], [-8.8342948, 39.8343637], [-8.8344863, 39.834857], [-8.8351846, 39.8365513], [-8.8353269, 39.8369383], [-8.8354462, 39.8373], [-8.8355516, 39.8376772], [-8.8356381, 39.8380484], [-8.8357239, 39.8385484], [-8.835782, 39.8390486], [-8.8358054, 39.8394349], [-8.8358053, 39.8398092], [-8.8357957, 39.8400865], [-8.8357756, 39.8404504], [-8.8357357, 39.8408198], [-8.8356781, 39.8411967], [-8.8356037, 39.8415675], [-8.8355148, 39.8419418], [-8.8354042, 39.8423122], [-8.8352779, 39.8426774], [-8.8351333, 39.8430387], [-8.8349699, 39.8433983], [-8.8347965, 39.8437502], [-8.834602, 39.8441091], [-8.8343976, 39.8444501], [-8.8341088, 39.8448957], [-8.8338068, 39.8453413]]}, "properties": {"highway": "motorway", "lanes": "3", "lit": "no", "maxspeed": "120", "minspeed": "50", "name": "Autoestrada do Litoral Centro", "oneway": "yes", "operator": "BRISAL", "ref": "A 17;IC 1", "surface": "asphalt", "toll": "yes"}}, {"type": "Feature", "geometry": {"type": "LineString", "coordinates": [[-8.8421985, 39.8096894], [-8.8426135, 39.8092638]]}, "properties": {"bridge": "yes", "highway": "motorway", "lanes": "2", "layer": "1", "lit": "no", "maxspeed": "120", "minspeed": "50", "name": "Autoestrada do Litoral Centro", "oneway": "yes", "operator": "BRISAL", "ref": "A 17;IC 1", "surface": "asphalt", "toll": "yes"}}, {"type": "Feature", "geometry": {"type": "LineString", "coordinates": [[-8.8404249, 39.811969], [-8.8407856, 39.8114072], [-8.8412163, 39.8108257], [-8.841514, 39.8104381]]}, "properties": {"highway": "motorway", "lanes": "3", "lit": "no", "maxspeed": "120", "minspeed": "50", "name": "Autoestrada do Litoral Centro", "oneway": "yes", "operator": "BRISAL", "ref": "A 17;IC 1", "surface": "asphalt", "toll": "yes", "turn:lanes": "none|none|merge_to_left"}}, {"type": "Feature", "geometry": {"type": "LineString", "coordinates": [[-8.841012, 39.8106786], [-8.840925, 39.8108129], [-8.8405163, 39.8113772], [-8.8402935, 39.8117226], [-8.8400896, 39.8120681], [-8.8398934, 39.8124074], [-8.8397144, 39.8127588], [-8.8396078, 39.8129844]]}, "properties": {"highway": "motorway", "lanes": "2", "lit": "no", "maxspeed": "120", "minspeed": "50", "name": "Autoestrada do Litoral Centro", "oneway": "yes", "operator": "BRISAL", "ref": "A 17;IC 1", "surface": "asphalt", "toll": "yes"}}, {"type": "Feature", "geometry": {"type": "LineString", "coordinates": [[-8.8395849, 39.8135632], [-8.8398191, 39.8130585]]}, "properties": {"bridge": "yes", "highway": "motorway", "lanes": "3", "layer": "1", "lit": "no", "maxspeed": "120", "minspeed": "50", "name": "Autoestrada do Litoral Centro", "oneway": "yes", "operator": "BRISAL", "ref": "A 17;IC 1", "surface": "asphalt", "toll": "yes", "turn:lanes": "none|none|merge_to_left"}}, {"type": "Feature", "geometry": {"type": "LineString", "coordinates": [[-8.8424171, 39.8091605], [-8.8420024, 39.8095701]]}, "properties": {"bridge": "yes", "highway": "motorway", "lanes": "2", "layer": "1", "lit": "no", "maxspeed": "120", "minspeed": "50", "name": "Autoestrada do Litoral Centro", "oneway": "yes", "operator": "BRISAL", "ref": "A 17;IC 1", "surface": "asphalt", "toll": "yes", "turn:lanes": "through|through;slight_right"}}, {"type": "Feature", "geometry": {"type": "LineString", "coordinates": [[-8.8861681, 39.7385729], [-8.8862712, 39.7383273], [-8.8863737, 39.7380838], [-8.8865395, 39.7377348], [-8.8866418, 39.7374916], [-8.8867516, 39.7372675], [-8.8868664, 39.7370291], [-8.8870453, 39.7366779], [-8.8872292, 39.7363281], [-8.8873503, 39.7361004], [-8.8874873, 39.7358569], [-8.887679, 39.7355245], [-8.8878789, 39.7351777], [-8.8880858, 39.7348405], [-8.8882935, 39.7345044], [-8.8884427, 39.734268], [-8.8885809, 39.7340507], [-8.8887269, 39.7338188], [-8.8888736, 39.7336008], [-8.889096, 39.7332663], [-8.8893257, 39.7329283], [-8.8895601, 39.7325963], [-8.8897815, 39.7322685], [-8.8899396, 39.7320422], [-8.8901615, 39.7317143], [-8.8903195, 39.731489], [-8.8905396, 39.7311642], [-8.8906527, 39.7310005], [-8.8908143, 39.7308261]]}, "properties": {"highway": "motorway", "lanes": "2", "lit": "no", "maxspeed": "120", "minspeed": "50", "name": "Autoestrada do Litoral Centro", "oneway": "yes", "operator": "BRISAL", "ref": "A 17;IC 1", "surface": "asphalt", "toll": "yes"}}, {"type": "Feature", "geometry": {"type": "LineString", "coordinates": [[-8.8553384, 39.7966264], [-8.8541238, 39.7978874], [-8.8533405, 39.798693], [-8.8529441, 39.799097], [-8.8525461, 39.7994949], [-8.851941, 39.8000947], [-8.8514337, 39.8005777], [-8.8511295, 39.8008677], [-8.8508254, 39.8011589]]}, "properties": {"highway": "motorway", "lanes": "2", "lit": "no", "maxspeed": "120", "minspeed": "50", "name": "Autoestrada do Litoral Centro", "oneway": "yes", "operator": "BRISAL", "ref": "A 17;IC 1", "surface": "asphalt", "toll": "yes"}}, {"type": "Feature", "geometry": {"type": "LineString", "coordinates": [[-8.8855716, 39.7393298], [-8.8854628, 39.7395678], [-8.8853561, 39.7398061], [-8.8852442, 39.7400416], [-8.8851284, 39.7402854], [-8.8850121, 39.7405219], [-8.8848404, 39.7408619], [-8.8846494, 39.7412129], [-8.8844551, 39.7415643], [-8.8842464, 39.7419201], [-8.884036, 39.7422638], [-8.8838185, 39.7426102], [-8.88354, 39.7430248], [-8.8833115, 39.743361], [-8.8830675, 39.7436908], [-8.8828315, 39.7440097], [-8.8826554, 39.7442353], [-8.8825194, 39.7443839]]}, "properties": {"highway": "motorway", "lanes": "2", "maxspeed": "120", "minspeed": "50", "name": "Autoestrada do Litoral Centro", "oneway": "yes", "operator": "BRISAL", "ref": "A 17;IC 1", "surface": "asphalt", "toll": "yes"}}, {"type": "Feature", "geometry": {"type": "LineString", "coordinates": [[-8.8805503, 39.7465865], [-8.8795966, 39.7475948]]}, "properties": {"highway": "motorway", "lanes": "3", "maxspeed": "120", "minspeed": "50", "name": "Autoestrada do Litoral Centro", "oneway": "yes", "operator": "BRISAL", "ref": "A 17;IC 1", "surface": "asphalt", "toll": "yes"}}, {"type": "Feature", "geometry": {"type": "LineString", "coordinates": [[-8.8555239, 39.796752], [-8.8559044, 39.7963533]]}, "properties": {"bridge": "yes", "highway": "motorway", "lanes": "2", "layer": "1", "maxspeed": "120", "minspeed": "50", "name": "Autoestrada do Litoral Centro", "oneway": "yes", "operator": "BRISAL", "ref": "A 17;IC 1", "surface": "asphalt", "toll": "yes"}}, {"type": "Feature", "geometry": {"type": "LineString", "coordinates": [[-8.8858019, 39.7393983], [-8.8861681, 39.7385729]]}, "properties": {"bridge": "yes", "highway": "motorway", "lanes": "2", "layer": "1", "maxspeed": "120", "minspeed": "50", "name": "Autoestrada do Litoral Centro", "oneway": "yes", "operator": "BRISAL", "ref": "A 17;IC 1", "surface": "asphalt", "toll": "yes"}}, {"type": "Feature", "geometry": {"type": "LineString", "coordinates": [[-8.8559044, 39.7963533], [-8.8638027, 39.7881787], [-8.8645701, 39.7873746], [-8.8648718, 39.7870341], [-8.8652406, 39.7866067], [-8.8655044, 39.786292], [-8.865761, 39.7859678], [-8.8660161, 39.7856401], [-8.8662508, 39.7853023], [-8.8664822, 39.7849584], [-8.8667772, 39.7844978], [-8.8669919, 39.784153], [-8.8671712, 39.7838397], [-8.8673664, 39.783468], [-8.8675517, 39.7831021], [-8.8677704, 39.7826421], [-8.8680781, 39.7819026], [-8.868248, 39.7814538], [-8.8683696, 39.781083], [-8.8684806, 39.7807203], [-8.8685859, 39.7803426], [-8.8686884, 39.7799204], [-8.8687945, 39.7794276], [-8.8688957, 39.7788477], [-8.8689562, 39.7784172], [-8.8690201, 39.7778325], [-8.8690467, 39.77741], [-8.8690682, 39.7769017], [-8.8690774, 39.7762739], [-8.8690851, 39.7757654], [-8.8690874, 39.7753824], [-8.8690879, 39.7748689], [-8.869096, 39.7745484], [-8.8691204, 39.7735904], [-8.8691564, 39.7730883], [-8.8691994, 39.7727084], [-8.8692512, 39.7723519], [-8.8693151, 39.7719744], [-8.8693909, 39.7715965], [-8.8695074, 39.7711384], [-8.8696396, 39.7707306], [-8.8697316, 39.7704092], [-8.8698745, 39.7699979], [-8.8700209, 39.7696466], [-8.8701796, 39.7692926], [-8.8704046, 39.7688216], [-8.8707229, 39.7682467], [-8.8709298, 39.7678933], [-8.8711218, 39.7675858], [-8.8713506, 39.7672498], [-8.8716765, 39.766801], [-8.8721767, 39.7661435], [-8.8725548, 39.7656725], [-8.8728762, 39.7652689], [-8.8732135, 39.7648423], [-8.8734038, 39.7645895], [-8.8736309, 39.7642966], [-8.8738172, 39.7640376], [-8.8739741, 39.7638159], [-8.8741255, 39.7635925], [-8.8742745, 39.7633578], [-8.8744182, 39.7631204], [-8.8746207, 39.7627705], [-8.8748097, 39.7624145], [-8.8749846, 39.7620611], [-8.8751505, 39.7616968], [-8.8753002, 39.7613358], [-8.8754375, 39.7609585], [-8.8755509, 39.7605913], [-8.8756589, 39.7602323], [-8.8757265, 39.7599816], [-8.8758109, 39.7596166], [-8.8758829, 39.7592408], [-8.8759389, 39.7588728], [-8.8759897, 39.7584939], [-8.8760302, 39.7578955], [-8.876046, 39.7571287], [-8.8760467, 39.7566283], [-8.8760492, 39.7561239], [-8.8760718, 39.7554874], [-8.8760919, 39.7550675], [-8.8761278, 39.7546829], [-8.8761749, 39.7543486], [-8.8762245, 39.7540559], [-8.876317, 39.7535918], [-8.8763778, 39.7533428], [-8.8764815, 39.7529619], [-8.8765988, 39.7525933], [-8.8767334, 39.7522243], [-8.8768458, 39.7519347], [-8.8770355, 39.7515137]]}, "properties": {"highway": "motorway", "lanes": "2", "maxspeed": "120", "minspeed": "50", "name": "Autoestrada do Litoral Centro", "oneway": "yes", "operator": "BRISAL", "ref": "A 17;IC 1", "surface": "asphalt", "toll": "yes"}}, {"type": "Feature", "geometry": {"type": "LineString", "coordinates": [[-8.8809029, 39.7465971], [-8.8815005, 39.7459712]]}, "properties": {"bridge": "yes", "highway": "motorway", "lanes": "3", "layer": "1", "maxspeed": "120", "minspeed": "50", "name": "Autoestrada do Litoral Centro", "oneway": "yes", "operator": "BRISAL", "ref": "A 17;IC 1", "surface": "asphalt", "toll": "yes", "turn:lanes": "none|none|slight_right"}}, {"type": "Feature", "geometry": {"type": "LineString", "coordinates": [[-8.8811267, 39.7459902], [-8.8805503, 39.7465865]]}, "properties": {"bridge": "yes", "highway": "motorway", "lanes": "3", "layer": "1", "maxspeed": "120", "minspeed": "50", "name": "Autoestrada do Litoral Centro", "oneway": "yes", "operator": "BRISAL", "ref": "A 17;IC 1", "surface": "asphalt", "toll": "yes"}}, {"type": "Feature", "geometry": {"type": "LineString", "coordinates": [[-8.8557105, 39.7962401], [-8.8553384, 39.7966264]]}, "properties": {"bridge": "yes", "highway": "motorway", "lanes": "2", "layer": "1", "maxspeed": "120", "minspeed": "50", "name": "Autoestrada do Litoral Centro", "oneway": "yes", "operator": "BRISAL", "ref": "A 17;IC 1", "surface": "asphalt", "toll": "yes"}}, {"type": "Feature", "geometry": {"type": "LineString", "coordinates": [[-8.8859721, 39.738396], [-8.8858814, 39.7386155], [-8.8857813, 39.738849], [-8.8856252, 39.7392062], [-8.8855897, 39.7392881], [-8.8855716, 39.7393298]]}, "properties": {"bridge": "yes", "highway": "motorway", "lanes": "2", "layer": "1", "maxspeed": "120", "minspeed": "50", "name": "Autoestrada do Litoral Centro", "oneway": "yes", "operator": "BRISAL", "ref": "A 17;IC 1", "surface": "asphalt", "toll": "yes"}}, {"type": "Feature", "geometry": {"type": "LineString", "coordinates": [[-8.7471581, 40.1029074], [-8.7495156, 40.1010057], [-8.7551072, 40.0963674], [-8.7580684, 40.0939873], [-8.760257, 40.0920995], [-8.7616636, 40.0908557]]}, "properties": {"bridge": "yes", "highway": "motorway", "lanes": "3", "layer": "1", "maxspeed": "120", "minspeed": "50", "name": "Autoestrada do Litoral Centro", "oneway": "yes", "operator": "BRISAL", "ref": "A 17;IC 1", "smoothness": "excellent", "surface": "asphalt", "toll": "yes"}}, {"type": "Feature", "geometry": {"type": "LineString", "coordinates": [[-8.7468133, 40.1028121], [-8.7457239, 40.1038552], [-8.7448439, 40.104965], [-8.744092, 40.1062566], [-8.7436859, 40.1075472], [-8.7436056, 40.1081906], [-8.7435536, 40.1089422], [-8.7436331, 40.1099039], [-8.743848, 40.1107931], [-8.7443604, 40.1119548], [-8.7449947, 40.1129951], [-8.7458299, 40.1140462], [-8.746053, 40.1143285]]}, "properties": {"highway": "motorway", "lanes": "3", "maxspeed": "120", "minspeed": "50", "name": "Autoestrada do Litoral Centro", "oneway": "yes", "operator": "BRISAL", "ref": "A 17;IC 1", "smoothness": "excellent", "surface": "asphalt", "toll": "yes"}}, {"type": "Feature", "geometry": {"type": "LineString", "coordinates": [[-8.7613799, 40.0907075], [-8.7602267, 40.0917915], [-8.7501052, 40.1001343], [-8.7468133, 40.1028121]]}, "properties": {"bridge": "yes", "highway": "motorway", "lanes": "3", "layer": "1", "maxspeed": "120", "minspeed": "50", "name": "Autoestrada do Litoral Centro", "oneway": "yes", "operator": "BRISAL", "ref": "A 17;IC 1", "smoothness": "excellent", "surface": "asphalt", "toll": "yes"}}, {"type": "Feature", "geometry": {"type": "LineString", "coordinates": [[-8.7616636, 40.0908557], [-8.7644267, 40.0880342], [-8.7662437, 40.0858121], [-8.7682267, 40.0833752], [-8.7712876, 40.0801843], [-8.7747119, 40.0771527], [-8.7773746, 40.0752186], [-8.7787315, 40.074267], [-8.7795175, 40.0737381], [-8.7803213, 40.0732406], [-8.7827479, 40.0718096], [-8.7878523, 40.0693528], [-8.7895545, 40.0684992], [-8.7908425, 40.0677783], [-8.7932204, 40.0661984], [-8.7954496, 40.0643708], [-8.7970368, 40.0627783], [-8.7990791, 40.0603748], [-8.8009237, 40.0578968], [-8.8020068, 40.0565757], [-8.8030872, 40.0552854], [-8.8056325, 40.0527], [-8.8070866, 40.0513841], [-8.8080521, 40.0504762]]}, "properties": {"highway": "motorway", "lanes": "3", "maxspeed": "120", "minspeed": "50", "name": "Autoestrada do Litoral Centro", "oneway": "yes", "operator": "BRISAL", "ref": "A 17;IC 1", "smoothness": "excellent", "surface": "asphalt", "toll": "yes"}}, {"type": "Feature", "geometry": {"type": "LineString", "coordinates": [[-8.6181952, 40.5519316], [-8.6180583, 40.5523504]]}, "properties": {"bridge": "yes", "bridge:ref": "A17.020", "highway": "motorway", "lanes": "2", "layer": "1", "lit": "no", "maxspeed": "120", "minspeed": "50", "name": "Autoestrada do Litoral Centro", "oneway": "yes", "operator": "BRISAL", "ref": "A 17;IC 1", "smoothness": "excellent", "surface": "asphalt", "toll": "yes"}}, {"type": "Feature", "geometry": {"type": "LineString", "coordinates": [[-8.6183271, 40.5520159], [-8.619671, 40.5476299], [-8.6199595, 40.5468541], [-8.6203905, 40.5459991], [-8.6209591, 40.5451472], [-8.6215007, 40.5445042], [-8.6222274, 40.5437934], [-8.6230958, 40.5431166], [-8.6239152, 40.5425742], [-8.6248252, 40.5420782]]}, "properties": {"highway": "motorway", "lanes": "2", "lit": "no", "maxspeed": "120", "minspeed": "50", "name": "Autoestrada do Litoral Centro", "oneway": "yes", "operator": "BRISAL", "ref": "A 17;IC 1", "smoothness": "excellent", "surface": "asphalt", "toll": "yes"}}, {"type": "Feature", "geometry": {"type": "LineString", "coordinates": [[-8.6114473, 40.571747], [-8.6110518, 40.5723746], [-8.6105499, 40.5730505], [-8.6102602, 40.5734484]]}, "properties": {"highway": "motorway", "lanes": "3", "lit": "yes", "maxspeed": "120", "minspeed": "50", "name": "Autoestrada do Litoral Centro", "oneway": "yes", "operator": "BRISAL", "ref": "A 17;IC 1", "surface": "asphalt", "toll": "yes", "turn:lanes": "||merge_to_left"}}, {"type": "Feature", "geometry": {"type": "LineString", "coordinates": [[-8.6181948, 40.5524389], [-8.6183271, 40.5520159]]}, "properties": {"bridge": "yes", "bridge:ref": "A17.020", "highway": "motorway", "lanes": "2", "layer": "1", "lit": "no", "maxspeed": "120", "minspeed": "50", "name": "Autoestrada do Litoral Centro", "oneway": "yes", "operator": "BRISAL", "ref": "A 17;IC 1", "smoothness": "excellent", "surface": "asphalt", "toll": "yes"}}, {"type": "Feature", "geometry": {"type": "LineString", "coordinates": [[-8.8310607, 39.8494739], [-8.830821, 39.849845], [-8.8304882, 39.8503539], [-8.8296077, 39.8516509]]}, "properties": {"highway": "motorway", "lanes": "3", "lit": "no", "maxspeed": "120", "minspeed": "50", "name": "Autoestrada do Litoral Centro", "oneway": "yes", "operator": "BRISAL", "ref": "A 17;IC 1", "surface": "asphalt", "toll": "yes"}}, {"type": "Feature", "geometry": {"type": "LineString", "coordinates": [[-8.8121871, 40.0440229], [-8.8117776, 40.0450023], [-8.8112984, 40.045992]]}, "properties": {"highway": "motorway", "lanes": "4", "maxspeed": "120", "minspeed": "50", "name": "Autoestrada do Litoral Centro", "oneway": "yes", "operator": "BRISAL", "ref": "A 17;IC 1", "smoothness": "excellent", "surface": "asphalt", "toll": "yes", "turn:lanes": "|||merge_to_left"}}, {"type": "Feature", "geometry": {"type": "LineString", "coordinates": [[-8.8440932, 39.8078595], [-8.8510336, 39.8012565]]}, "properties": {"bridge": "viaduct", "highway": "motorway", "lanes": "2", "layer": "1", "lit": "no", "maxspeed": "120", "minspeed": "50", "name": "Autoestrada do Litoral Centro", "oneway": "yes", "operator": "BRISAL", "ref": "A 17;IC 1", "surface": "asphalt", "toll": "yes"}}, {"type": "Feature", "geometry": {"type": "LineString", "coordinates": [[-8.8247834, 39.8677264], [-8.8246596, 39.8640538]]}, "properties": {"bridge": "viaduct", "highway": "motorway", "lanes": "3", "layer": "1", "lit": "no", "maxspeed": "120", "minspeed": "50", "name": "Autoestrada do Litoral Centro", "oneway": "yes", "operator": "BRISAL", "ref": "A 17;IC 1", "smoothness": "excellent", "surface": "asphalt", "toll": "yes"}}, {"type": "Feature", "geometry": {"type": "LineString", "coordinates": [[-8.8001302, 40.0585729], [-8.7993345, 40.0596294], [-8.7981428, 40.06118], [-8.7968424, 40.0627097], [-8.795037, 40.0643977], [-8.793009, 40.0660255], [-8.7915998, 40.0670137], [-8.7900188, 40.0679647], [-8.7888092, 40.0686054]]}, "properties": {"highway": "motorway", "lanes": "3", "maxspeed": "120", "minspeed": "50", "name": "Autoestrada do Litoral Centro", "oneway": "yes", "operator": "BRISAL", "ref": "A 17;IC 1", "smoothness": "excellent", "surface": "asphalt", "toll": "yes"}}, {"type": "Feature", "geometry": {"type": "LineString", "coordinates": [[-8.8315003, 39.8491684], [-8.8325084, 39.8476504]]}, "properties": {"bridge": "yes", "highway": "motorway", "lanes": "4", "layer": "1", "lit": "no", "maxspeed": "120", "minspeed": "50", "name": "Autoestrada do Litoral Centro", "oneway": "yes", "operator": "BRISAL", "ref": "A 17;IC 1", "surface": "asphalt", "toll": "yes", "turn:lanes": "none|none|none|merge_to_left"}}, {"type": "Feature", "geometry": {"type": "LineString", "coordinates": [[-8.8246596, 39.8640538], [-8.824627, 39.8631635], [-8.8246205, 39.8626523], [-8.8246267, 39.8621523], [-8.8246557, 39.8618125], [-8.8246963, 39.8614195], [-8.8247514, 39.8609662], [-8.8248203, 39.8606046], [-8.8249125, 39.8601851], [-8.8250737, 39.8596269], [-8.8252555, 39.8590883], [-8.8253709, 39.8587977], [-8.8255852, 39.858294], [-8.8257815, 39.8579121], [-8.8259983, 39.8575144], [-8.8261245, 39.8573179]]}, "properties": {"highway": "motorway", "lanes": "3", "lit": "no", "maxspeed": "120", "minspeed": "50", "name": "Autoestrada do Litoral Centro", "oneway": "yes", "operator": "BRISAL", "ref": "A 17;IC 1", "smoothness": "excellent", "surface": "asphalt", "toll": "yes"}}, {"type": "Feature", "geometry": {"type": "LineString", "coordinates": [[-8.8508254, 39.8011589], [-8.8492723, 39.8026358], [-8.8466012, 39.8051719], [-8.8439205, 39.8077189]]}, "properties": {"bridge": "viaduct", "highway": "motorway", "lanes": "2", "layer": "1", "lit": "no", "maxspeed": "120", "minspeed": "50", "name": "Autoestrada do Litoral Centro", "oneway": "yes", "operator": "BRISAL", "ref": "A 17;IC 1", "surface": "asphalt", "toll": "yes"}}, {"type": "Feature", "geometry": {"type": "LineString", "coordinates": [[-8.8121841, 40.0446521], [-8.8126087, 40.0435643]]}, "properties": {"highway": "motorway", "lanes": "3", "maxspeed": "120", "minspeed": "50", "name": "Autoestrada do Litoral Centro", "oneway": "yes", "operator": "BRISAL", "ref": "A 17;IC 1", "smoothness": "excellent", "surface": "asphalt", "toll": "yes"}}, {"type": "Feature", "geometry": {"type": "LineString", "coordinates": [[-8.8244591, 39.864134], [-8.824572, 39.8677495]]}, "properties": {"bridge": "viaduct", "highway": "motorway", "lanes": "3", "layer": "1", "lit": "no", "maxspeed": "120", "minspeed": "50", "name": "Autoestrada do Litoral Centro", "oneway": "yes", "operator": "BRISAL", "ref": "A 17;IC 1", "smoothness": "excellent", "surface": "asphalt", "toll": "yes"}}, {"type": "Feature", "geometry": {"type": "LineString", "coordinates": [[-8.813334, 40.039551], [-8.8134058, 40.0369215], [-8.8134887, 40.0328576]]}, "properties": {"highway": "motorway", "lanes": "3", "maxspeed": "120", "minspeed": "50", "name": "Autoestrada do Litoral Centro", "oneway": "yes", "operator": "BRISAL", "ref": "A 17;IC 1", "smoothness": "excellent", "surface": "asphalt", "toll": "yes"}}, {"type": "Feature", "geometry": {"type": "LineString", "coordinates": [[-8.8069858, 39.8948471], [-8.8063698, 39.8965564]]}, "properties": {"highway": "motorway", "lanes": "4", "lit": "no", "maxspeed": "120", "minspeed": "50", "name": "Autoestrada do Litoral Centro", "oneway": "yes", "operator": "BRISAL", "ref": "A 17;IC 1", "smoothness": "excellent", "surface": "asphalt", "toll": "yes", "turn:lanes": "none|none|none|merge_to_left"}}, {"type": "Feature", "geometry": {"type": "LineString", "coordinates": [[-8.8338068, 39.8453413], [-8.8321897, 39.8477863]]}, "properties": {"bridge": "yes", "highway": "motorway", "lanes": "3", "layer": "1", "lit": "no", "maxspeed": "120", "minspeed": "50", "name": "Autoestrada do Litoral Centro", "oneway": "yes", "operator": "BRISAL", "ref": "A 17;IC 1", "surface": "asphalt", "toll": "yes"}}, {"type": "Feature", "geometry": {"type": "LineString", "coordinates": [[-8.7335426, 40.3052582], [-8.7342293, 40.3047474]]}, "properties": {"bridge": "yes", "highway": "motorway", "lanes": "3", "layer": "1", "lit": "no", "maxspeed": "120", "minspeed": "50", "name": "Autoestrada do Litoral Centro", "oneway": "yes", "operator": "BRISAL", "ref": "A 17;IC 1", "smoothness": "excellent", "surface": "asphalt", "toll": "yes"}}, {"type": "Feature", "geometry": {"type": "LineString", "coordinates": [[-8.7340487, 40.3046195], [-8.7333299, 40.3051557]]}, "properties": {"bridge": "yes", "highway": "motorway", "lanes": "3", "layer": "1", "lit": "no", "maxspeed": "120", "minspeed": "50", "name": "Autoestrada do Litoral Centro", "oneway": "yes", "operator": "BRISAL", "ref": "A 17;IC 1", "surface": "asphalt", "toll": "yes"}}, {"type": "Feature", "geometry": {"type": "LineString", "coordinates": [[-8.7158862, 40.3505051], [-8.7150808, 40.3512334], [-8.7143068, 40.3518347], [-8.7132832, 40.3524849], [-8.7122803, 40.3530192], [-8.7108015, 40.3537082], [-8.7093277, 40.3543638], [-8.7083148, 40.3548442], [-8.7076324, 40.3552332], [-8.7065078, 40.355972]]}, "properties": {"highway": "motorway", "lanes": "2", "lit": "no", "maxspeed": "120", "minspeed": "50", "name": "Autoestrada do Litoral Centro", "oneway": "yes", "operator": "BRISAL", "ref": "A 17;IC 1", "smoothness": "excellent", "surface": "asphalt", "toll": "yes"}}, {"type": "Feature", "geometry": {"type": "LineString", "coordinates": [[-8.7342293, 40.3047474], [-8.7360006, 40.3034402], [-8.7369989, 40.3026406], [-8.7376514, 40.3020465], [-8.7383133, 40.3013603], [-8.7388394, 40.3007478], [-8.7394584, 40.2998943], [-8.7397968, 40.2993598], [-8.7402429, 40.2985133], [-8.7405441, 40.2978072], [-8.740862, 40.2969281], [-8.7415191, 40.2944723], [-8.7420115, 40.29284], [-8.7426273, 40.2914184], [-8.7433367, 40.290191], [-8.7440334, 40.2892068], [-8.7447659, 40.2883238], [-8.7453069, 40.2877452], [-8.7461492, 40.286958], [-8.7471472, 40.2861191], [-8.748207, 40.2853014], [-8.7508298, 40.2833357], [-8.7521911, 40.2822394], [-8.7528378, 40.2816562], [-8.7536003, 40.2809329], [-8.7543647, 40.2801426], [-8.7550214, 40.2793721], [-8.7559376, 40.2782026], [-8.756724, 40.2770559], [-8.7573168, 40.2760737], [-8.7576601, 40.2754356], [-8.758219, 40.2742326], [-8.758968, 40.272201], [-8.7592607, 40.2711343], [-8.7595237, 40.2701171], [-8.7598736, 40.2685549], [-8.7601536, 40.2672904], [-8.7606422, 40.2650287], [-8.7612163, 40.2623371], [-8.7617234, 40.2599775], [-8.7619322, 40.2589608], [-8.7621699, 40.2580181], [-8.7624053, 40.2573053], [-8.7628338, 40.2562838], [-8.7634431, 40.2553889], [-8.7639722, 40.2547634], [-8.7644402, 40.2543049], [-8.7648511, 40.2539444], [-8.7652754, 40.2536082], [-8.7659533, 40.2531532], [-8.7668812, 40.2526495], [-8.7678918, 40.2522258], [-8.7687999, 40.2519176], [-8.7699996, 40.2516128], [-8.7711445, 40.2513844], [-8.7732435, 40.2509893], [-8.7747243, 40.2506688], [-8.7758281, 40.2503657], [-8.7766145, 40.2501006], [-8.777405, 40.2497578], [-8.7781115, 40.2494105], [-8.778904, 40.248958], [-8.7796165, 40.2484903], [-8.7805407, 40.2477606], [-8.7811455, 40.247168], [-8.7816644, 40.2465753], [-8.7821794, 40.2458837], [-8.7826026, 40.2451615], [-8.7830018, 40.2443434], [-8.7833031, 40.2435435], [-8.7837762, 40.2418813], [-8.7842892, 40.2395684], [-8.7848002, 40.2375465], [-8.7853151, 40.2359344], [-8.7857942, 40.2347459], [-8.7864229, 40.2334888], [-8.7869978, 40.232509], [-8.7876125, 40.2315505], [-8.7882612, 40.2306743], [-8.7889698, 40.2298164], [-8.7897842, 40.2289249], [-8.7905007, 40.2282178], [-8.7912273, 40.2275473], [-8.7919279, 40.2269545], [-8.7932109, 40.2259714]]}, "properties": {"highway": "motorway", "lanes": "2", "lit": "no", "maxspeed": "120", "minspeed": "50", "name": "Autoestrada do Litoral Centro", "oneway": "yes", "operator": "BRISAL", "ref": "A 17;IC 1", "smoothness": "excellent", "surface": "asphalt", "toll": "yes"}}, {"type": "Feature", "geometry": {"type": "LineString", "coordinates": [[-8.8295368, 39.8521406], [-8.8298059, 39.8517234]]}, "properties": {"bridge": "yes", "highway": "motorway", "lanes": "3", "layer": "1", "lit": "no", "maxspeed": "120", "minspeed": "50", "name": "Autoestrada do Litoral Centro", "oneway": "yes", "operator": "BRISAL", "ref": "A 17;IC 1", "surface": "asphalt", "toll": "yes"}}, {"type": "Feature", "geometry": {"type": "LineString", "coordinates": [[-8.8284543, 39.853399], [-8.8281641, 39.8538445], [-8.827544, 39.85478], [-8.8268791, 39.8557781], [-8.8259338, 39.8572515], [-8.8257617, 39.857555], [-8.8256629, 39.8577307], [-8.8254851, 39.8580745], [-8.8253234, 39.8584178], [-8.8251593, 39.8587989], [-8.8250236, 39.8591545], [-8.8248261, 39.8597616], [-8.8247267, 39.8601238], [-8.8246441, 39.8604862], [-8.8245731, 39.8608537], [-8.8245136, 39.8612314], [-8.824471, 39.8616001], [-8.82444, 39.8619636], [-8.8244231, 39.8623359], [-8.8244197, 39.8627049], [-8.8244303, 39.8632068], [-8.8244591, 39.864134]]}, "properties": {"highway": "motorway", "lanes": "3", "lit": "no", "maxspeed": "120", "minspeed": "50", "name": "Autoestrada do Litoral Centro", "oneway": "yes", "operator": "BRISAL", "ref": "A 17;IC 1", "smoothness": "excellent", "surface": "asphalt", "toll": "yes"}}, {"type": "Feature", "geometry": {"type": "LineString", "coordinates": [[-8.8298059, 39.8517234], [-8.8306718, 39.8504221], [-8.8309175, 39.8500576]]}, "properties": {"highway": "motorway", "lanes": "3", "lit": "no", "maxspeed": "120", "minspeed": "50", "name": "Autoestrada do Litoral Centro", "oneway": "yes", "operator": "BRISAL", "ref": "A 17;IC 1", "surface": "asphalt", "toll": "yes"}}, {"type": "Feature", "geometry": {"type": "LineString", "coordinates": [[-8.6359157, 40.5362643], [-8.6368501, 40.5356975], [-8.6382779, 40.5347777], [-8.643222, 40.5314442], [-8.6476825, 40.5284287], [-8.6509428, 40.5262245], [-8.6522543, 40.525307], [-8.6529545, 40.5247661], [-8.6536342, 40.5241263], [-8.6542774, 40.5233981], [-8.654859, 40.5225815], [-8.6552491, 40.5218672], [-8.6555866, 40.5210367], [-8.6561742, 40.5192477], [-8.6564578, 40.5185656], [-8.6567955, 40.5178953], [-8.6568877, 40.517756]]}, "properties": {"highway": "motorway", "lanes": "2", "lit": "no", "maxspeed": "120", "minspeed": "50", "name": "Autoestrada do Litoral Centro", "oneway": "yes", "operator": "BRISAL", "ref": "A 17;IC 1", "smoothness": "excellent", "surface": "asphalt", "toll": "yes"}}, {"type": "Feature", "geometry": {"type": "LineString", "coordinates": [[-8.8510336, 39.8012565], [-8.8519223, 39.8004105], [-8.8527704, 39.7995877], [-8.8541622, 39.7981644], [-8.8555239, 39.796752]]}, "properties": {"highway": "motorway", "lanes": "2", "lit": "no", "maxspeed": "120", "minspeed": "50", "name": "Autoestrada do Litoral Centro", "oneway": "yes", "operator": "BRISAL", "ref": "A 17;IC 1", "surface": "asphalt", "toll": "yes"}}, {"type": "Feature", "geometry": {"type": "LineString", "coordinates": [[-8.8439205, 39.8077189], [-8.8433246, 39.8082793]]}, "properties": {"highway": "motorway", "lanes": "2", "lit": "no", "maxspeed": "120", "minspeed": "50", "name": "Autoestrada do Litoral Centro", "oneway": "yes", "operator": "BRISAL", "ref": "A 17;IC 1", "surface": "asphalt", "toll": "yes"}}, {"type": "Feature", "geometry": {"type": "LineString", "coordinates": [[-8.7973862, 40.2228026], [-8.7959667, 40.2237549], [-8.7942748, 40.2249487], [-8.7929966, 40.2258663], [-8.7917295, 40.2268485], [-8.7910303, 40.227444], [-8.7903213, 40.2280873], [-8.7895838, 40.2287946], [-8.788754, 40.2296923], [-8.7880743, 40.230549], [-8.7873749, 40.2314927], [-8.7867715, 40.2324215], [-8.7862099, 40.2333868], [-8.7855581, 40.2346975], [-8.7850673, 40.2359229], [-8.7845367, 40.2375615], [-8.784041, 40.2395513], [-8.7835214, 40.2418926], [-8.7830604, 40.2435026], [-8.7827507, 40.2443177], [-8.7823901, 40.2450896], [-8.7819818, 40.2457646], [-8.7814222, 40.2465075], [-8.7809607, 40.2470377], [-8.780369, 40.2476132], [-8.7795126, 40.2483074], [-8.7787947, 40.2487927], [-8.7779604, 40.2492678], [-8.7771795, 40.2496327], [-8.7765154, 40.2499209], [-8.7757042, 40.2501972], [-8.7746773, 40.2504925], [-8.7731914, 40.2508024], [-8.7710144, 40.2512173], [-8.7699282, 40.2514288], [-8.7687093, 40.2517367], [-8.7677768, 40.2520451], [-8.7667443, 40.2524908], [-8.7658142, 40.252992], [-8.7650976, 40.2534794], [-8.7646203, 40.2538537], [-8.7642234, 40.2542037], [-8.7636592, 40.2547694], [-8.7632155, 40.2553018], [-8.7628854, 40.2557919], [-8.7625807, 40.2563017], [-8.7621564, 40.257275], [-8.7618974, 40.258031], [-8.7616585, 40.2590213], [-8.7614359, 40.2600783], [-8.7609306, 40.2624293], [-8.7604, 40.2649808], [-8.7598622, 40.2673011], [-8.7596176, 40.2686052], [-8.7592728, 40.2701279], [-8.7590133, 40.2711368], [-8.7586867, 40.2722407], [-8.757984, 40.2741694], [-8.757427, 40.2753646], [-8.7570827, 40.2760039], [-8.7565029, 40.2769783], [-8.7557252, 40.27811], [-8.7548173, 40.2792576], [-8.7541484, 40.2800477], [-8.7533942, 40.2808218], [-8.7526322, 40.2815526], [-8.7519963, 40.2821062], [-8.7506874, 40.2831672], [-8.7480261, 40.2851815], [-8.7470633, 40.285912], [-8.7459938, 40.2868136], [-8.7451428, 40.2875982], [-8.7445788, 40.2882102], [-8.7437686, 40.2891768], [-8.7430576, 40.2901859], [-8.7424133, 40.2913274], [-8.7417736, 40.2927953], [-8.741283, 40.2944228], [-8.7406199, 40.296893], [-8.740301, 40.2977672], [-8.7400106, 40.2984524], [-8.7395526, 40.2992947], [-8.739217, 40.2998389], [-8.7386206, 40.3006564], [-8.7381279, 40.3012309], [-8.7374556, 40.3019318], [-8.7368358, 40.3025032], [-8.7358366, 40.3033002], [-8.7340487, 40.3046195]]}, "properties": {"highway": "motorway", "lanes": "2", "lit": "no", "maxspeed": "120", "minspeed": "50", "name": "Autoestrada do Litoral Centro", "oneway": "yes", "operator": "BRISAL", "ref": "A 17;IC 1", "surface": "asphalt", "toll": "yes"}}, {"type": "Feature", "geometry": {"type": "LineString", "coordinates": [[-8.7757586, 40.1586348], [-8.7761272, 40.1589284]]}, "properties": {"bridge": "yes", "highway": "motorway", "lanes": "3", "layer": "1", "lit": "yes", "maxspeed": "120", "minspeed": "50", "name": "Autoestrada do Litoral Centro", "oneway": "yes", "operator": "BRISAL", "ref": "A 17;IC 1", "surface": "asphalt", "toll": "yes"}}, {"type": "Feature", "geometry": {"type": "LineString", "coordinates": [[-8.7762794, 40.1588262], [-8.7759027, 40.1585239]]}, "properties": {"bridge": "yes", "highway": "motorway", "lanes": "3", "layer": "1", "lit": "yes", "maxspeed": "120", "minspeed": "50", "name": "Autoestrada do Litoral Centro", "oneway": "yes", "operator": "BRISAL", "ref": "A 17;IC 1", "smoothness": "excellent", "surface": "asphalt", "toll": "yes"}}, {"type": "Feature", "geometry": {"type": "LineString", "coordinates": [[-8.8815005, 39.7459712], [-8.8816304, 39.7457957], [-8.8818266, 39.7455779], [-8.8820328, 39.7453428], [-8.8822006, 39.7451476], [-8.8823906, 39.744922], [-8.8826604, 39.7445945], [-8.8828946, 39.7443035], [-8.8831438, 39.7439718], [-8.8833164, 39.7437475], [-8.883485, 39.7435124], [-8.8836333, 39.7432942], [-8.8837895, 39.743079], [-8.8839317, 39.7428591], [-8.8840843, 39.7426283], [-8.8843609, 39.7421794], [-8.8846195, 39.7417401], [-8.8848236, 39.7413896], [-8.8850104, 39.7410419], [-8.8851359, 39.7408071], [-8.8852486, 39.7405708], [-8.8853627, 39.740341], [-8.8854783, 39.7401077], [-8.8855871, 39.739873], [-8.8858019, 39.7393983]]}, "properties": {"highway": "motorway", "lanes": "2", "maxspeed": "120", "minspeed": "50", "name": "Autoestrada do Litoral Centro", "oneway": "yes", "operator": "BRISAL", "ref": "A 17;IC 1", "surface": "asphalt", "toll": "yes"}}, {"type": "Feature", "geometry": {"type": "LineString", "coordinates": [[-8.8825194, 39.7443839], [-8.8823326, 39.7446153], [-8.8821225, 39.7448648], [-8.8818566, 39.7451736], [-8.8816124, 39.7454588], [-8.8813469, 39.7457491], [-8.8811267, 39.7459902]]}, "properties": {"highway": "motorway", "lanes": "3", "maxspeed": "120", "minspeed": "50", "name": "Autoestrada do Litoral Centro", "oneway": "yes", "operator": "BRISAL", "ref": "A 17;IC 1", "surface": "asphalt", "toll": "yes"}}, {"type": "Feature", "geometry": {"type": "LineString", "coordinates": [[-8.7721022, 40.1556916], [-8.7705132, 40.1546591], [-8.7683724, 40.1533419], [-8.7665232, 40.1523196], [-8.7645486, 40.1513495], [-8.761523, 40.1497422], [-8.7598013, 40.148817], [-8.7582579, 40.1477877], [-8.7567489, 40.1466536], [-8.7553879, 40.1455046], [-8.7544789, 40.1446574]]}, "properties": {"highway": "motorway", "lanes": "3", "maxspeed": "120", "minspeed": "50", "name": "Autoestrada do Litoral Centro", "oneway": "yes", "operator": "BRISAL", "ref": "A 17;IC 1", "smoothness": "excellent", "surface": "asphalt", "toll": "yes"}}, {"type": "Feature", "geometry": {"type": "LineString", "coordinates": [[-8.7460036, 40.1257016], [-8.7446953, 40.1287634]]}, "properties": {"bridge": "yes", "highway": "motorway", "lanes": "3", "layer": "1", "maxspeed": "120", "minspeed": "50", "name": "Autoestrada do Litoral Centro", "note": "Viaduct", "oneway": "yes", "operator": "BRISAL", "ref": "A 17;IC 1", "smoothness": "excellent", "surface": "asphalt", "toll": "yes"}}, {"type": "Feature", "geometry": {"type": "LineString", "coordinates": [[-8.746053, 40.1143285], [-8.7463775, 40.1147391]]}, "properties": {"bridge": "yes", "highway": "motorway", "lanes": "3", "layer": "1", "maxspeed": "120", "minspeed": "50", "name": "Autoestrada do Litoral Centro", "oneway": "yes", "operator": "BRISAL", "ref": "A 17;IC 1", "smoothness": "excellent", "surface": "asphalt", "toll": "yes"}}, {"type": "Feature", "geometry": {"type": "LineString", "coordinates": [[-8.7463032, 40.1142262], [-8.745065, 40.112632], [-8.74458, 40.1118448], [-8.7442231, 40.1109793], [-8.7439095, 40.1098641], [-8.7437984, 40.1090368], [-8.7438351, 40.1080373], [-8.7440134, 40.1072436], [-8.7442801, 40.1064872], [-8.7446742, 40.1056443], [-8.7453556, 40.1046962], [-8.7459804, 40.1040079], [-8.7471581, 40.1029074]]}, "properties": {"highway": "motorway", "lanes": "3", "maxspeed": "120", "minspeed": "50", "name": "Autoestrada do Litoral Centro", "oneway": "yes", "operator": "BRISAL", "ref": "A 17;IC 1", "smoothness": "excellent", "surface": "asphalt", "toll": "yes"}}, {"type": "Feature", "geometry": {"type": "LineString", "coordinates": [[-8.7466259, 40.1146575], [-8.7463032, 40.1142262]]}, "properties": {"bridge": "yes", "highway": "motorway", "lanes": "3", "layer": "1", "maxspeed": "120", "minspeed": "50", "name": "Autoestrada do Litoral Centro", "oneway": "yes", "operator": "BRISAL", "ref": "A 17;IC 1", "smoothness": "excellent", "surface": "asphalt", "toll": "yes"}}, {"type": "Feature", "geometry": {"type": "LineString", "coordinates": [[-8.7463775, 40.1147391], [-8.7465736, 40.1149872], [-8.7472278, 40.1159986], [-8.7477977, 40.1170503], [-8.7480658, 40.1180958], [-8.7481678, 40.1189458], [-8.7480903, 40.1201967], [-8.7477843, 40.1213684], [-8.7473161, 40.1224815], [-8.7460036, 40.1257016]]}, "properties": {"highway": "motorway", "lanes": "3", "maxspeed": "120", "minspeed": "50", "name": "Autoestrada do Litoral Centro", "oneway": "yes", "operator": "BRISAL", "ref": "A 17;IC 1", "smoothness": "excellent", "surface": "asphalt", "toll": "yes"}}, {"type": "Feature", "geometry": {"type": "LineString", "coordinates": [[-8.8339928, 39.8454152], [-8.8344835, 39.8446662], [-8.8346792, 39.8443407], [-8.8348188, 39.8441075], [-8.8350668, 39.8436459], [-8.8352364, 39.8432873], [-8.8353903, 39.8429347], [-8.8354864, 39.842688], [-8.835609, 39.8423203], [-8.835714, 39.8419504], [-8.8358035, 39.8415877], [-8.8358793, 39.8412135], [-8.8359348, 39.8408429], [-8.835979, 39.8404685], [-8.8359967, 39.8400834], [-8.8360144, 39.8397191], [-8.8359977, 39.8392638], [-8.8359707, 39.8388829], [-8.8359203, 39.8385319], [-8.8358347, 39.8380171], [-8.8357724, 39.8377324], [-8.8356899, 39.8374083], [-8.8355717, 39.8370428], [-8.8354011, 39.8365548], [-8.8347543, 39.8350072], [-8.8345662, 39.8345349], [-8.834436, 39.8341741], [-8.8343126, 39.8338006], [-8.8341989, 39.8334193], [-8.8341012, 39.8330434], [-8.8340082, 39.832669], [-8.8339505, 39.83229], [-8.8338928, 39.8319138], [-8.8338673, 39.8316643], [-8.8338401, 39.8314175], [-8.8338139, 39.8310895], [-8.8338128, 39.8308637], [-8.8338116, 39.8305238], [-8.8338235, 39.8301101], [-8.8338487, 39.8297148], [-8.8338713, 39.8294755], [-8.8339116, 39.8291412], [-8.8339851, 39.8287251], [-8.8340564, 39.8283482], [-8.8341173, 39.8281007], [-8.8342065, 39.827769], [-8.8343673, 39.8272142], [-8.8347525, 39.8262239], [-8.835777, 39.8238236], [-8.8369531, 39.8211548], [-8.8377118, 39.8192273], [-8.8380677, 39.8182432]]}, "properties": {"highway": "motorway", "lanes": "3", "lit": "no", "maxspeed": "120", "minspeed": "50", "name": "Autoestrada do Litoral Centro", "oneway": "yes", "operator": "BRISAL", "ref": "A 17;IC 1", "surface": "asphalt", "toll": "yes"}}, {"type": "Feature", "geometry": {"type": "LineString", "coordinates": [[-8.7542121, 40.1446637], [-8.7552172, 40.1456014], [-8.7565639, 40.1467351], [-8.7581256, 40.1478892], [-8.7597027, 40.1489422], [-8.761825, 40.1502333], [-8.7654341, 40.1519915], [-8.7671911, 40.1529099], [-8.7695171, 40.1542484]]}, "properties": {"highway": "motorway", "lanes": "3", "maxspeed": "120", "minspeed": "50", "name": "Autoestrada do Litoral Centro", "oneway": "yes", "operator": "BRISAL", "ref": "A 17;IC 1", "surface": "asphalt", "toll": "yes"}}, {"type": "Feature", "geometry": {"type": "LineString", "coordinates": [[-8.7460926, 40.1260169], [-8.7479618, 40.1216735], [-8.7482616, 40.1206385], [-8.7484124, 40.1195896], [-8.7484206, 40.1186864], [-8.7482622, 40.1178503], [-8.7480267, 40.1169543], [-8.7476631, 40.1161491], [-8.7466259, 40.1146575]]}, "properties": {"highway": "motorway", "lanes": "3", "maxspeed": "120", "minspeed": "50", "name": "Autoestrada do Litoral Centro", "oneway": "yes", "operator": "BRISAL", "ref": "A 17;IC 1", "smoothness": "excellent", "surface": "asphalt", "toll": "yes"}}, {"type": "Feature", "geometry": {"type": "LineString", "coordinates": [[-8.6104931, 40.5734235], [-8.610712, 40.5730976], [-8.6111833, 40.5724556], [-8.6116042, 40.5718116], [-8.6123104, 40.5705988], [-8.612432, 40.570405]]}, "properties": {"highway": "motorway", "lanes": "2", "lit": "yes", "maxspeed": "120", "minspeed": "50", "name": "Autoestrada do Litoral Centro", "oneway": "yes", "operator": "BRISAL", "ref": "A 17;IC 1", "surface": "asphalt", "toll": "yes"}}, {"type": "Feature", "geometry": {"type": "LineString", "coordinates": [[-8.6051622, 40.5795599], [-8.6055844, 40.5790756]]}, "properties": {"bridge": "yes", "bridge:ref": "A17.024", "highway": "motorway", "lanes": "2", "layer": "1", "lit": "yes", "maxspeed": "120", "minspeed": "50", "name": "Autoestrada do Litoral Centro", "oneway": "yes", "operator": "BRISAL", "ref": "A 17;IC 1", "surface": "asphalt", "toll": "yes"}}, {"type": "Feature", "geometry": {"type": "LineString", "coordinates": [[-8.6054768, 40.5789775], [-8.6050596, 40.5794573]]}, "properties": {"bridge": "yes", "bridge:ref": "A17.024", "highway": "motorway", "lanes": "2", "layer": "1", "lit": "yes", "maxspeed": "120", "minspeed": "50", "name": "Autoestrada do Litoral Centro", "oneway": "yes", "operator": "BRISAL", "ref": "A 17;IC 1", "surface": "asphalt", "toll": "yes", "turn:lanes": "through|through;right"}}, {"type": "Feature", "geometry": {"type": "LineString", "coordinates": [[-8.7043282, 40.3582866], [-8.7039666, 40.358908], [-8.7036876, 40.3594476], [-8.7034006, 40.3601704], [-8.7032263, 40.3608108], [-8.703098, 40.3615842], [-8.7030499, 40.3623311], [-8.7030965, 40.3631676], [-8.7032166, 40.3639055], [-8.7034197, 40.3646651], [-8.7037616, 40.3655029], [-8.7041588, 40.3662529], [-8.7045837, 40.3669], [-8.7052051, 40.3677365], [-8.706386, 40.3692616], [-8.7069364, 40.3700581]]}, "properties": {"highway": "motorway", "lanes": "2", "lit": "no", "maxheight:signed": "no", "maxspeed": "120", "minspeed": "50", "name": "Autoestrada do Litoral Centro", "oneway": "yes", "operator": "BRISAL", "ref": "A 17;IC 1", "smoothness": "good", "surface": "asphalt", "toll": "yes"}}, {"type": "Feature", "geometry": {"type": "LineString", "coordinates": [[-8.7072418, 40.3700928], [-8.7066227, 40.3691962], [-8.7054385, 40.3676779], [-8.7048139, 40.3668167], [-8.7044105, 40.3661977], [-8.7040071, 40.3654739], [-8.7036632, 40.3646141], [-8.7034642, 40.3638804], [-8.7033484, 40.3631515], [-8.7033026, 40.362329], [-8.703355, 40.3615782], [-8.7034746, 40.3608506], [-8.7036653, 40.3601825], [-8.7039443, 40.3594879], [-8.7041925, 40.3590109], [-8.7045709, 40.3583489]]}, "properties": {"highway": "motorway", "lanes": "2", "lit": "no", "maxspeed": "120", "minspeed": "50", "name": "Autoestrada do Litoral Centro", "oneway": "yes", "operator": "BRISAL", "ref": "A 17;IC 1", "smoothness": "good", "surface": "asphalt", "toll": "yes"}}, {"type": "Feature", "geometry": {"type": "LineString", "coordinates": [[-8.7080944, 40.3725058], [-8.7083616, 40.3734213], [-8.708834, 40.3754421], [-8.7091413, 40.3765133], [-8.709511, 40.3774672], [-8.7099229, 40.378337], [-8.7103663, 40.3791225], [-8.7108701, 40.3799128], [-8.7124321, 40.3821825], [-8.7128807, 40.3828766], [-8.7133727, 40.3837537], [-8.7137436, 40.3845431]]}, "properties": {"highway": "motorway", "lanes": "2", "lit": "no", "maxspeed": "120", "minspeed": "50", "name": "Autoestrada do Litoral Centro", "oneway": "yes", "operator": "BRISAL", "ref": "A 17;IC 1", "smoothness": "excellent", "surface": "asphalt", "toll": "yes"}}, {"type": "Feature", "geometry": {"type": "LineString", "coordinates": [[-8.7065078, 40.355972], [-8.7057713, 40.3565821], [-8.7051501, 40.357212], [-8.7047587, 40.3577033], [-8.7043282, 40.3582866]]}, "properties": {"bridge": "viaduct", "highway": "motorway", "lanes": "2", "layer": "1", "lit": "no", "maxspeed": "120", "minspeed": "50", "name": "Autoestrada do Litoral Centro", "oneway": "yes", "operator": "BRISAL", "ref": "A 17;IC 1", "smoothness": "excellent", "surface": "asphalt", "toll": "yes"}}, {"type": "Feature", "geometry": {"type": "LineString", "coordinates": [[-8.7069364, 40.3700581], [-8.7072993, 40.3706708], [-8.7076411, 40.3713525], [-8.7079402, 40.3720511], [-8.7080944, 40.3725058]]}, "properties": {"bridge": "viaduct", "highway": "motorway", "lanes": "2", "layer": "1", "lit": "no", "maxspeed": "120", "minspeed": "50", "name": "Autoestrada do Litoral Centro", "oneway": "yes", "operator": "BRISAL", "ref": "A 17;IC 1", "smoothness": "excellent", "surface": "asphalt", "toll": "yes"}}, {"type": "Feature", "geometry": {"type": "LineString", "coordinates": [[-8.7045709, 40.3583489], [-8.7050235, 40.3577352], [-8.7054254, 40.357254], [-8.7060238, 40.3566504], [-8.7066728, 40.3561187]]}, "properties": {"bridge": "viaduct", "highway": "motorway", "lanes": "2", "layer": "1", "lit": "no", "maxspeed": "120", "minspeed": "50", "name": "Autoestrada do Litoral Centro", "oneway": "yes", "operator": "BRISAL", "ref": "A 17;IC 1", "smoothness": "excellent", "surface": "asphalt", "toll": "yes"}}, {"type": "Feature", "geometry": {"type": "LineString", "coordinates": [[-8.7083925, 40.372621], [-8.7081925, 40.3720371], [-8.707885, 40.3713208], [-8.7075485, 40.3706338], [-8.7072418, 40.3700928]]}, "properties": {"bridge": "viaduct", "highway": "motorway", "lanes": "2", "layer": "1", "lit": "no", "maxspeed": "120", "minspeed": "50", "name": "Autoestrada do Litoral Centro", "oneway": "yes", "operator": "BRISAL", "ref": "A 17;IC 1", "smoothness": "good", "surface": "asphalt", "toll": "yes"}}, {"type": "Feature", "geometry": {"type": "LineString", "coordinates": [[-8.7066728, 40.3561187], [-8.7077662, 40.3554007], [-8.7085997, 40.3549412], [-8.7094448, 40.3545304], [-8.7109904, 40.3538398], [-8.7123986, 40.3531841], [-8.7134351, 40.352634], [-8.7144696, 40.3519702], [-8.7152469, 40.3513777], [-8.7161075, 40.3505988], [-8.716944, 40.3496694], [-8.7174013, 40.3490446], [-8.7178754, 40.3482753], [-8.718303, 40.3474309], [-8.718593, 40.3466899], [-8.7188477, 40.3457576], [-8.7189927, 40.3448564], [-8.719041, 40.3438986], [-8.7190038, 40.3430286], [-8.7189239, 40.3420906], [-8.7188138, 40.340593], [-8.7188247, 40.3398734], [-8.7189383, 40.3389237], [-8.7191336, 40.3380664], [-8.7194519, 40.3370886], [-8.719884, 40.3359732], [-8.7199282, 40.3358592]]}, "properties": {"highway": "motorway", "lanes": "2", "lit": "no", "maxspeed": "120", "minspeed": "50", "name": "Autoestrada do Litoral Centro", "oneway": "yes", "operator": "BRISAL", "ref": "A 17;IC 1", "smoothness": "excellent", "surface": "asphalt", "toll": "yes"}}, {"type": "Feature", "geometry": {"type": "LineString", "coordinates": [[-8.6963905, 40.4583835], [-8.6960715, 40.4586937], [-8.6954868, 40.4592475], [-8.6944798, 40.4601176], [-8.6935574, 40.4609315], [-8.69272, 40.4617473], [-8.6924341, 40.4620717], [-8.691923, 40.4626675], [-8.6915666, 40.4631427], [-8.6910501, 40.4638939], [-8.6906372, 40.4645904], [-8.6902092, 40.4654731], [-8.6898793, 40.4662975], [-8.6896365, 40.4670859], [-8.689457, 40.467865], [-8.6893492, 40.4685729], [-8.689291, 40.469156], [-8.6892769, 40.4700498], [-8.689381, 40.472814], [-8.6893643, 40.4735132], [-8.6893044, 40.4742412], [-8.6891812, 40.4750045], [-8.6889428, 40.4759777], [-8.6886816, 40.4767512], [-8.6883886, 40.4774413], [-8.6880228, 40.4781821], [-8.687566, 40.4789549], [-8.6868718, 40.4799381], [-8.6828688, 40.4851694], [-8.6822913, 40.4859618], [-8.6815643, 40.4871271], [-8.6810927, 40.4880061], [-8.6805673, 40.4892042], [-8.6780619, 40.4963681]]}, "properties": {"highway": "motorway", "lanes": "2", "lit": "no", "maxspeed": "120", "minspeed": "50", "name": "Autoestrada do Litoral Centro", "oneway": "yes", "operator": "BRISAL", "ref": "A 17;IC 1", "smoothness": "excellent", "surface": "asphalt", "toll": "yes"}}, {"type": "Feature", "geometry": {"type": "LineString", "coordinates": [[-8.7095192, 40.4190276], [-8.7095845, 40.4184856]]}, "properties": {"bridge": "viaduct", "highway": "motorway", "lanes": "2", "layer": "1", "lit": "no", "maxspeed": "120", "minspeed": "50", "name": "Autoestrada do Litoral Centro", "oneway": "yes", "operator": "BRISAL", "ref": "A 17;IC 1", "smoothness": "excellent", "surface": "asphalt", "toll": "yes"}}, {"type": "Feature", "geometry": {"type": "LineString", "coordinates": [[-8.7060084, 40.4301529], [-8.7063287, 40.4292383]]}, "properties": {"bridge": "viaduct", "highway": "motorway", "lanes": "2", "layer": "1", "lit": "no", "maxspeed": "120", "minspeed": "50", "name": "Autoestrada do Litoral Centro", "oneway": "yes", "operator": "BRISAL", "ref": "A 17;IC 1", "smoothness": "excellent", "surface": "asphalt", "toll": "yes"}}, {"type": "Feature", "geometry": {"type": "LineString", "coordinates": [[-8.7093421, 40.4183825], [-8.7092881, 40.4189078]]}, "properties": {"bridge": "viaduct", "highway": "motorway", "lanes": "2", "layer": "1", "lit": "no", "maxspeed": "120", "minspeed": "50", "name": "Autoestrada do Litoral Centro", "oneway": "yes", "operator": "BRISAL", "ref": "A 17;IC 1", "smoothness": "excellent", "surface": "asphalt", "toll": "yes"}}, {"type": "Feature", "geometry": {"type": "LineString", "coordinates": [[-8.7060886, 40.4292052], [-8.7057721, 40.4300935]]}, "properties": {"bridge": "viaduct", "highway": "motorway", "lanes": "2", "layer": "1", "lit": "no", "maxspeed": "120", "minspeed": "50", "name": "Autoestrada do Litoral Centro", "oneway": "yes", "operator": "BRISAL", "ref": "A 17;IC 1", "smoothness": "excellent", "surface": "asphalt", "toll": "yes"}}, {"type": "Feature", "geometry": {"type": "LineString", "coordinates": [[-8.7038202, 40.4374181], [-8.7044377, 40.4350891], [-8.7048405, 40.4336926]]}, "properties": {"highway": "motorway", "lanes": "3", "lit": "no", "maxspeed": "120", "minspeed": "50", "name": "Autoestrada do Litoral Centro", "oneway": "yes", "operator": "BRISAL", "ref": "A 17;IC 1", "smoothness": "excellent", "surface": "asphalt", "toll": "yes", "turn:lanes": "||merge_to_left"}}, {"type": "Feature", "geometry": {"type": "LineString", "coordinates": [[-8.7092881, 40.4189078], [-8.7091373, 40.4198416], [-8.7088958, 40.4207879], [-8.7085951, 40.421738], [-8.7060886, 40.4292052]]}, "properties": {"highway": "motorway", "lanes": "2", "lit": "no", "maxspeed": "120", "minspeed": "50", "name": "Autoestrada do Litoral Centro", "oneway": "yes", "operator": "BRISAL", "ref": "A 17;IC 1", "smoothness": "excellent", "surface": "asphalt", "toll": "yes"}}, {"type": "Feature", "geometry": {"type": "LineString", "coordinates": [[-8.7063287, 40.4292383], [-8.708846, 40.4217594], [-8.7091337, 40.4208385], [-8.7093927, 40.4198461], [-8.7095192, 40.4190276]]}, "properties": {"highway": "motorway", "lanes": "2", "lit": "no", "maxspeed": "120", "minspeed": "50", "name": "Autoestrada do Litoral Centro", "oneway": "yes", "operator": "BRISAL", "ref": "A 17;IC 1", "smoothness": "excellent", "surface": "asphalt", "toll": "yes"}}, {"type": "Feature", "geometry": {"type": "LineString", "coordinates": [[-8.707571, 40.409291], [-8.7074634, 40.4088021], [-8.7073573, 40.4078437], [-8.7073145, 40.407008], [-8.7073491, 40.4061567], [-8.7074226, 40.4054329], [-8.707596, 40.4045303], [-8.7078224, 40.4036868], [-8.7080397, 40.4030662], [-8.7084498, 40.4020969], [-8.7087292, 40.4015376], [-8.7092127, 40.4007236], [-8.7096615, 40.4000587], [-8.7100511, 40.3995352], [-8.7120748, 40.3969889], [-8.7129254, 40.395788], [-8.713311, 40.3951619], [-8.7136619, 40.3945031], [-8.7139985, 40.3937838], [-8.7143248, 40.3929324], [-8.7145533, 40.3922006], [-8.7147121, 40.3915389], [-8.714834, 40.3908287], [-8.714926, 40.3900598], [-8.7149574, 40.3892092], [-8.7149347, 40.3884038], [-8.7148713, 40.3876546], [-8.7147617, 40.3870213], [-8.7145614, 40.3861457], [-8.7143203, 40.3853695], [-8.7139921, 40.3845106], [-8.7136121, 40.3837054], [-8.7131407, 40.3828483], [-8.7126889, 40.382145], [-8.7111209, 40.3798578], [-8.7105896, 40.3790445], [-8.710163, 40.3782731], [-8.7097552, 40.3774192], [-8.7093815, 40.3764604], [-8.7090915, 40.3754408], [-8.7085989, 40.3734127], [-8.7083925, 40.372621]]}, "properties": {"highway": "motorway", "lanes": "2", "lit": "no", "maxspeed": "120", "minspeed": "50", "name": "Autoestrada do Litoral Centro", "oneway": "yes", "operator": "BRISAL", "ref": "A 17;IC 1", "smoothness": "excellent", "surface": "asphalt", "toll": "yes"}}, {"type": "Feature", "geometry": {"type": "LineString", "coordinates": [[-8.7044482, 40.434163], [-8.7041899, 40.4349079], [-8.7036402, 40.4368823], [-8.7034263, 40.4376928], [-8.7032232, 40.4385375]]}, "properties": {"highway": "motorway", "lanes": "3", "lit": "no", "maxspeed": "120", "minspeed": "50", "name": "Autoestrada do Litoral Centro", "oneway": "yes", "operator": "BRISAL", "ref": "A 17;IC 1", "smoothness": "excellent", "surface": "asphalt", "toll": "yes", "turn:lanes": "through|through|right"}}, {"type": "Feature", "geometry": {"type": "LineString", "coordinates": [[-8.7030534, 40.4389728], [-8.7026181, 40.4403872], [-8.7025053, 40.4407539]]}, "properties": {"highway": "motorway", "lanes": "2", "lit": "yes", "maxspeed": "60", "name": "Autoestrada do Litoral Centro", "oneway": "yes", "operator": "BRISAL", "ref": "A 17;IC 1", "smoothness": "excellent", "surface": "asphalt", "toll": "yes"}}, {"type": "Feature", "geometry": {"type": "LineString", "coordinates": [[-8.7020288, 40.444717], [-8.7022631, 40.4439917], [-8.7024619, 40.4433447]]}, "properties": {"highway": "motorway", "lanes": "2", "lit": "yes", "maxspeed": "60", "name": "Autoestrada do Litoral Centro", "oneway": "yes", "operator": "BRISAL", "ref": "A 17;IC 1", "smoothness": "excellent", "surface": "asphalt", "toll": "yes"}}, {"type": "Feature", "geometry": {"type": "LineString", "coordinates": [[-8.7032232, 40.4385375], [-8.7029828, 40.4396156], [-8.7023101, 40.4422987], [-8.7016407, 40.4448951], [-8.7014399, 40.4455833]]}, "properties": {"highway": "motorway", "lanes": "2", "lit": "yes", "maxspeed": "120", "minspeed": "50", "name": "Autoestrada do Litoral Centro", "oneway": "yes", "operator": "BRISAL", "ref": "A 17;IC 1", "smoothness": "excellent", "surface": "asphalt", "toll": "yes"}}, {"type": "Feature", "geometry": {"type": "LineString", "coordinates": [[-8.7018248, 40.4452892], [-8.7018408, 40.445097], [-8.7026553, 40.4419055], [-8.7030648, 40.4402935], [-8.7035584, 40.4383559], [-8.7038202, 40.4374181]]}, "properties": {"highway": "motorway", "lanes": "2", "lit": "yes", "maxspeed": "120", "minspeed": "50", "name": "Autoestrada do Litoral Centro", "oneway": "yes", "operator": "BRISAL", "ref": "A 17;IC 1", "smoothness": "excellent", "surface": "asphalt", "toll": "yes"}}, {"type": "Feature", "geometry": {"type": "LineString", "coordinates": [[-8.661037, 40.513634], [-8.6640174, 40.5111264]]}, "properties": {"bridge": "viaduct", "bridge:ref": "A17.010", "highway": "motorway", "lanes": "2", "layer": "1", "lit": "no", "maxspeed": "120", "minspeed": "50", "name": "Autoestrada do Litoral Centro", "oneway": "yes", "operator": "BRISAL", "ref": "A 17;IC 1", "smoothness": "excellent", "surface": "asphalt", "toll": "yes"}}, {"type": "Feature", "geometry": {"type": "LineString", "coordinates": [[-8.663993, 40.5109198], [-8.6608905, 40.5135432]]}, "properties": {"bridge": "viaduct", "bridge:ref": "A17.010", "highway": "motorway", "lanes": "3", "layer": "1", "lit": "no", "maxspeed": "120", "minspeed": "50", "name": "Autoestrada do Litoral Centro", "oneway": "yes", "operator": "BRISAL", "ref": "A 17;IC 1", "smoothness": "excellent", "surface": "asphalt", "toll": "yes"}}, {"type": "Feature", "geometry": {"type": "LineString", "coordinates": [[-8.6608905, 40.5135432], [-8.6586799, 40.5154006], [-8.6579713, 40.5160842], [-8.6572903, 40.5168819]]}, "properties": {"highway": "motorway", "lanes": "3", "lit": "no", "maxspeed": "120", "minspeed": "50", "name": "Autoestrada do Litoral Centro", "oneway": "yes", "operator": "BRISAL", "ref": "A 17;IC 1", "smoothness": "excellent", "surface": "asphalt", "toll": "yes"}}, {"type": "Feature", "geometry": {"type": "LineString", "coordinates": [[-8.676862, 40.4991249], [-8.6774113, 40.4981881], [-8.6778903, 40.4971648], [-8.6783009, 40.4961761], [-8.6807191, 40.4892431], [-8.6812501, 40.4880512], [-8.6817236, 40.4871356], [-8.6824317, 40.4860131], [-8.6830091, 40.4852265], [-8.6870158, 40.4799865], [-8.6877295, 40.4789753], [-8.6881724, 40.4782134], [-8.6885505, 40.4774752], [-8.6888507, 40.4767703], [-8.6891081, 40.4759838], [-8.689357, 40.4749976], [-8.6894729, 40.4742423], [-8.6895268, 40.4735061], [-8.6895417, 40.4727997], [-8.6894327, 40.4700566], [-8.6894497, 40.4691546], [-8.6895034, 40.4685894], [-8.6896153, 40.4678628], [-8.6897873, 40.467106], [-8.6900302, 40.4663161], [-8.6903566, 40.4655168], [-8.6907884, 40.4646117], [-8.6912041, 40.4639377], [-8.6917135, 40.4631704], [-8.6920813, 40.4627085], [-8.6926164, 40.4620833], [-8.6928951, 40.4617803], [-8.6934489, 40.4612281], [-8.6949621, 40.4598868]]}, "properties": {"highway": "motorway", "lanes": "2", "lit": "no", "maxspeed": "120", "minspeed": "50", "name": "Autoestrada do Litoral Centro", "oneway": "yes", "operator": "BRISAL", "ref": "A 17;IC 1", "smoothness": "excellent", "surface": "asphalt", "toll": "yes"}}, {"type": "Feature", "geometry": {"type": "LineString", "coordinates": [[-8.8396078, 39.8129844], [-8.8393825, 39.8135007]]}, "properties": {"bridge": "yes", "highway": "motorway", "lanes": "2", "layer": "1", "lit": "no", "maxspeed": "120", "minspeed": "50", "name": "Autoestrada do Litoral Centro", "oneway": "yes", "operator": "BRISAL", "ref": "A 17;IC 1", "surface": "asphalt", "toll": "yes"}}, {"type": "Feature", "geometry": {"type": "LineString", "coordinates": [[-8.8393825, 39.8135007], [-8.8392655, 39.8137892]]}, "properties": {"highway": "motorway", "lanes": "2", "lit": "no", "maxspeed": "120", "minspeed": "50", "name": "Autoestrada do Litoral Centro", "oneway": "yes", "operator": "BRISAL", "ref": "A 17;IC 1", "surface": "asphalt", "toll": "yes"}}, {"type": "Feature", "geometry": {"type": "LineString", "coordinates": [[-8.7718742, 39.9525607], [-8.7722768, 39.9532688], [-8.7727774, 39.9539486]]}, "properties": {"bridge": "viaduct", "highway": "motorway", "lanes": "3", "layer": "1", "lit": "no", "maxspeed": "120", "minspeed": "50", "name": "Autoestrada do Litoral Centro", "oneway": "yes", "operator": "BRISAL", "ref": "A 17;IC 1", "smoothness": "excellent", "surface": "asphalt", "toll": "yes"}}, {"type": "Feature", "geometry": {"type": "LineString", "coordinates": [[-8.7730689, 39.9540155], [-8.7724757, 39.9532035], [-8.7721157, 39.9525541]]}, "properties": {"bridge": "viaduct", "highway": "motorway", "lanes": "3", "layer": "1", "lit": "no", "maxspeed": "120", "minspeed": "50", "name": "Autoestrada do Litoral Centro", "oneway": "yes", "operator": "BRISAL", "ref": "A 17;IC 1", "smoothness": "excellent", "surface": "asphalt", "toll": "yes"}}, {"type": "Feature", "geometry": {"type": "LineString", "coordinates": [[-8.7727774, 39.9539486], [-8.7734535, 39.9548558], [-8.773878, 39.9556206], [-8.7742225, 39.9564616], [-8.7744536, 39.9572107], [-8.7745854, 39.9578167], [-8.7748655, 39.9595347], [-8.7752152, 39.9609164], [-8.7756115, 39.9620734], [-8.7760106, 39.9630366], [-8.776775, 39.9644507], [-8.777366, 39.9653594], [-8.7782371, 39.9664952], [-8.7796462, 39.9680638], [-8.7807376, 39.9693265], [-8.7813717, 39.9702814], [-8.781802, 39.9711538], [-8.7820457, 39.9719024], [-8.7822205, 39.9725503], [-8.7823303, 39.9732971], [-8.7824842, 39.9754085], [-8.7826236, 39.9763611], [-8.7829389, 39.9775954], [-8.7832081, 39.9783349], [-8.7836379, 39.979257], [-8.7841264, 39.98013], [-8.7847464, 39.9810121], [-8.7852367, 39.9815977], [-8.7858908, 39.9823051], [-8.786601, 39.9829607], [-8.7873187, 39.9835456], [-8.787917, 39.9839737], [-8.7888117, 39.9845596], [-8.7899728, 39.9852132], [-8.7914757, 39.9860664]]}, "properties": {"highway": "motorway", "lanes": "3", "lit": "no", "maxspeed": "120", "minspeed": "50", "name": "Autoestrada do Litoral Centro", "oneway": "yes", "operator": "BRISAL", "ref": "A 17;IC 1", "smoothness": "excellent", "surface": "asphalt", "toll": "yes"}}, {"type": "Feature", "geometry": {"type": "LineString", "coordinates": [[-8.7701313, 39.9418686], [-8.7701093, 39.941438], [-8.7701434, 39.9406258], [-8.7702476, 39.9398078], [-8.7704428, 39.9390857], [-8.7707517, 39.9383157], [-8.7710795, 39.9376836], [-8.7714699, 39.9370632], [-8.7718603, 39.9365503], [-8.772514, 39.9358311], [-8.7730446, 39.9353298], [-8.7737098, 39.9347995], [-8.7745227, 39.9342313], [-8.7766148, 39.9329991], [-8.7774901, 39.9324223], [-8.7782197, 39.9318469], [-8.7788147, 39.9312685], [-8.7792903, 39.9307193], [-8.7797091, 39.9301613], [-8.7810337, 39.9282111], [-8.7816041, 39.9275325], [-8.7822162, 39.9269294], [-8.7829306, 39.926354], [-8.7836658, 39.9258555], [-8.7844636, 39.925405], [-8.7853258, 39.9250112], [-8.7861312, 39.9247031], [-8.7883786, 39.9239474], [-8.7895876, 39.923478], [-8.7905976, 39.9230246], [-8.7915925, 39.9224767], [-8.7925097, 39.9218751], [-8.7932847, 39.9212981], [-8.7939157, 39.9207342], [-8.7947211, 39.9199116], [-8.795337, 39.919153], [-8.796097, 39.9180139], [-8.7989748, 39.9132836]]}, "properties": {"highway": "motorway", "lanes": "3", "lit": "no", "maxspeed": "120", "minspeed": "50", "name": "Autoestrada do Litoral Centro", "oneway": "yes", "operator": "BRISAL", "ref": "A 17;IC 1", "smoothness": "excellent", "surface": "asphalt", "toll": "yes"}}, {"type": "Feature", "geometry": {"type": "LineString", "coordinates": [[-8.5977982, 40.5878019], [-8.5975035, 40.5882019], [-8.5970407, 40.5889063], [-8.5965904, 40.5897297], [-8.5963109, 40.5903924], [-8.5960966, 40.591001], [-8.5958948, 40.5917422], [-8.5957651, 40.5924814], [-8.5956985, 40.5932418], [-8.5956504, 40.5946506], [-8.5955919, 40.5954476], [-8.5955124, 40.5960253], [-8.59538, 40.5966634], [-8.5952036, 40.597277], [-8.5949813, 40.5978878], [-8.5947078, 40.5984907], [-8.5943901, 40.5990844], [-8.5940282, 40.5996635], [-8.593626, 40.6002287], [-8.5930878, 40.6008758], [-8.5924942, 40.6014901], [-8.5919582, 40.6019881], [-8.5913706, 40.6024597], [-8.5905398, 40.6030703], [-8.5880259, 40.6048327], [-8.5872846, 40.605371], [-8.5866989, 40.605861], [-8.586065, 40.6064903], [-8.5855935, 40.6070534], [-8.5851964, 40.6076603], [-8.5848689, 40.6082897], [-8.5846191, 40.6089259], [-8.5844489, 40.6095415], [-8.5843385, 40.6101793], [-8.5842987, 40.6109597], [-8.5843674, 40.6117526], [-8.5845377, 40.6125265], [-8.5848164, 40.6132891], [-8.5851244, 40.6138984], [-8.5854865, 40.6144715], [-8.5859845, 40.6151162], [-8.5865892, 40.6157292], [-8.5872761, 40.6163124], [-8.5880436, 40.6168512], [-8.5890983, 40.6175346], [-8.592466, 40.6197041]]}, "properties": {"highway": "motorway", "lanes": "2", "lit": "no", "maxspeed": "120", "minspeed": "50", "name": "Autoestrada do Litoral Centro", "oneway": "yes", "operator": "BRISAL", "ref": "A 17;IC 1", "surface": "asphalt", "toll": "yes"}}, {"type": "Feature", "geometry": {"type": "LineString", "coordinates": [[-8.6048303, 40.5797184], [-8.603693, 40.5810091]]}, "properties": {"highway": "motorway", "lanes": "3", "maxspeed": "120", "minspeed": "50", "name": "Autoestrada do Litoral Centro", "oneway": "yes", "operator": "BRISAL", "ref": "A 17;IC 1", "surface": "asphalt", "toll": "yes", "turn:lanes": "||slight_right"}}, {"type": "Feature", "geometry": {"type": "LineString", "coordinates": [[-8.5995231, 40.5857976], [-8.5992096, 40.5861541]]}, "properties": {"bridge": "yes", "bridge:ref": "A17.027", "highway": "motorway", "lanes": "2", "layer": "1", "lit": "yes", "maxspeed": "120", "minspeed": "50", "name": "Autoestrada do Litoral Centro", "oneway": "yes", "operator": "BRISAL", "ref": "A 17;IC 1", "surface": "asphalt", "toll": "yes"}}, {"type": "Feature", "geometry": {"type": "LineString", "coordinates": [[-8.5994095, 40.5861569], [-8.5994692, 40.586074], [-8.5996509, 40.5858627]]}, "properties": {"bridge": "yes", "bridge:ref": "A17.027", "highway": "motorway", "lanes": "2", "layer": "1", "lit": "yes", "maxspeed": "120", "minspeed": "50", "name": "Autoestrada do Litoral Centro", "oneway": "yes", "operator": "BRISAL", "ref": "A 17;IC 1", "surface": "asphalt", "toll": "yes"}}, {"type": "Feature", "geometry": {"type": "LineString", "coordinates": [[-8.5996509, 40.5858627], [-8.6008522, 40.5844515]]}, "properties": {"highway": "motorway", "lanes": "2", "lit": "yes", "maxspeed": "120", "minspeed": "50", "name": "Autoestrada do Litoral Centro", "oneway": "yes", "operator": "BRISAL", "ref": "A 17;IC 1", "surface": "asphalt", "toll": "yes"}}, {"type": "Feature", "geometry": {"type": "LineString", "coordinates": [[-8.6018146, 40.583338], [-8.6021578, 40.5829289]]}, "properties": {"bridge": "viaduct", "bridge:ref": "A17.025", "highway": "motorway", "lanes": "2", "layer": "1", "lit": "yes", "maxspeed": "120", "minspeed": "50", "name": "Autoestrada do Litoral Centro", "oneway": "yes", "operator": "BRISAL", "ref": "A 17;IC 1", "surface": "asphalt", "toll": "yes"}}, {"type": "Feature", "geometry": {"type": "LineString", "coordinates": [[-8.6008522, 40.5844515], [-8.6011814, 40.584062]]}, "properties": {"bridge": "viaduct", "highway": "motorway", "lanes": "2", "layer": "1", "lit": "yes", "maxspeed": "120", "minspeed": "50", "name": "Autoestrada do Litoral Centro", "oneway": "yes", "operator": "BRISAL", "ref": "A 17;IC 1", "surface": "asphalt", "toll": "yes"}}, {"type": "Feature", "geometry": {"type": "LineString", "coordinates": [[-8.6007069, 40.5843987], [-8.5995231, 40.5857976]]}, "properties": {"highway": "motorway", "lanes": "2", "lit": "yes", "maxspeed": "120", "minspeed": "50", "name": "Autoestrada do Litoral Centro", "oneway": "yes", "operator": "BRISAL", "ref": "A 17;IC 1", "surface": "asphalt", "toll": "yes"}}, {"type": "Feature", "geometry": {"type": "LineString", "coordinates": [[-8.6020145, 40.5828712], [-8.601667, 40.5832705]]}, "properties": {"bridge": "viaduct", "bridge:ref": "A17.025", "highway": "motorway", "lanes": "2", "layer": "1", "lit": "yes", "maxspeed": "120", "minspeed": "50", "name": "Autoestrada do Litoral Centro", "oneway": "yes", "operator": "BRISAL", "ref": "A 17;IC 1", "surface": "asphalt", "toll": "yes"}}, {"type": "Feature", "geometry": {"type": "LineString", "coordinates": [[-8.6021578, 40.5829289], [-8.603836, 40.5810705]]}, "properties": {"highway": "motorway", "lanes": "2", "lit": "yes", "maxspeed": "120", "minspeed": "50", "name": "Autoestrada do Litoral Centro", "oneway": "yes", "operator": "BRISAL", "ref": "A 17;IC 1", "surface": "asphalt", "toll": "yes"}}, {"type": "Feature", "geometry": {"type": "LineString", "coordinates": [[-8.6010462, 40.5839972], [-8.6007069, 40.5843987]]}, "properties": {"bridge": "viaduct", "bridge:ref": "A17.026", "highway": "motorway", "lanes": "2", "layer": "1", "lit": "yes", "maxspeed": "120", "minspeed": "50", "name": "Autoestrada do Litoral Centro", "oneway": "yes", "operator": "BRISAL", "ref": "A 17;IC 1", "surface": "asphalt", "toll": "yes"}}, {"type": "Feature", "geometry": {"type": "LineString", "coordinates": [[-8.601667, 40.5832705], [-8.6010462, 40.5839972]]}, "properties": {"embankment": "right", "highway": "motorway", "lanes": "2", "lit": "yes", "maxspeed": "120", "minspeed": "50", "name": "Autoestrada do Litoral Centro", "oneway": "yes", "operator": "BRISAL", "ref": "A 17;IC 1", "surface": "asphalt", "toll": "yes"}}, {"type": "Feature", "geometry": {"type": "LineString", "coordinates": [[-8.6011814, 40.584062], [-8.6018146, 40.583338]]}, "properties": {"embankment": "right", "highway": "motorway", "lanes": "2", "lit": "yes", "maxspeed": "120", "minspeed": "50", "name": "Autoestrada do Litoral Centro", "oneway": "yes", "operator": "BRISAL", "ref": "A 17;IC 1", "surface": "asphalt", "toll": "yes"}}, {"type": "Feature", "geometry": {"type": "LineString", "coordinates": [[-8.7448946, 40.1288102], [-8.7460926, 40.1260169]]}, "properties": {"bridge": "yes", "highway": "motorway", "lanes": "3", "layer": "1", "maxspeed": "120", "minspeed": "50", "name": "Autoestrada do Litoral Centro", "note": "Viaduct", "oneway": "yes", "operator": "BRISAL", "ref": "A 17;IC 1", "smoothness": "excellent", "surface": "asphalt", "toll": "yes"}}, {"type": "Feature", "geometry": {"type": "LineString", "coordinates": [[-8.7529352, 40.1434159], [-8.7537264, 40.1441875]]}, "properties": {"highway": "motorway", "lanes": "3", "maxspeed": "120", "minspeed": "50", "name": "Autoestrada do Litoral Centro", "oneway": "yes", "operator": "BRISAL", "ref": "A 17;IC 1", "smoothness": "excellent", "surface": "asphalt", "toll": "yes"}}, {"type": "Feature", "geometry": {"type": "LineString", "coordinates": [[-8.7544789, 40.1446574], [-8.753969, 40.1441681]]}, "properties": {"bridge": "viaduct", "highway": "motorway", "lanes": "3", "layer": "1", "maxspeed": "120", "minspeed": "50", "name": "Autoestrada do Litoral Centro", "oneway": "yes", "operator": "BRISAL", "ref": "A 17;IC 1", "smoothness": "excellent", "surface": "asphalt", "toll": "yes"}}, {"type": "Feature", "geometry": {"type": "LineString", "coordinates": [[-8.7537264, 40.1441875], [-8.7542121, 40.1446637]]}, "properties": {"bridge": "viaduct", "highway": "motorway", "lanes": "3", "layer": "1", "maxspeed": "120", "minspeed": "50", "name": "Autoestrada do Litoral Centro", "oneway": "yes", "operator": "BRISAL", "ref": "A 17;IC 1", "smoothness": "excellent", "surface": "asphalt", "toll": "yes"}}, {"type": "Feature", "geometry": {"type": "LineString", "coordinates": [[-8.753969, 40.1441681], [-8.7530832, 40.1433085]]}, "properties": {"highway": "motorway", "lanes": "3", "maxspeed": "120", "minspeed": "50", "name": "Autoestrada do Litoral Centro", "oneway": "yes", "operator": "BRISAL", "ref": "A 17;IC 1", "smoothness": "excellent", "surface": "asphalt", "toll": "yes"}}, {"type": "Feature", "geometry": {"type": "LineString", "coordinates": [[-8.7453486, 40.1361665], [-8.745875, 40.1366964], [-8.7529352, 40.1434159]]}, "properties": {"bridge": "viaduct", "highway": "motorway", "lanes": "3", "layer": "1", "maxspeed": "120", "minspeed": "50", "name": "Autoestrada do Litoral Centro", "oneway": "yes", "operator": "BRISAL", "ref": "A 17;IC 1", "smoothness": "good", "surface": "asphalt", "toll": "yes"}}, {"type": "Feature", "geometry": {"type": "LineString", "coordinates": [[-8.7530832, 40.1433085], [-8.7460016, 40.1365715], [-8.7455365, 40.1360806]]}, "properties": {"bridge": "viaduct", "highway": "motorway", "lanes": "3", "layer": "1", "maxspeed": "120", "minspeed": "50", "name": "Autoestrada do Litoral Centro", "oneway": "yes", "operator": "BRISAL", "ref": "A 17;IC 1", "smoothness": "good", "surface": "asphalt", "toll": "yes"}}, {"type": "Feature", "geometry": {"type": "LineString", "coordinates": [[-8.7455365, 40.1360806], [-8.7449399, 40.1352205], [-8.7445118, 40.1343282], [-8.7442244, 40.1333902], [-8.7440889, 40.1324906], [-8.7440938, 40.1312752], [-8.7443822, 40.1300438], [-8.7448946, 40.1288102]]}, "properties": {"highway": "motorway", "lanes": "3", "maxspeed": "120", "minspeed": "50", "name": "Autoestrada do Litoral Centro", "oneway": "yes", "operator": "BRISAL", "ref": "A 17;IC 1", "smoothness": "excellent", "surface": "asphalt", "toll": "yes"}}, {"type": "Feature", "geometry": {"type": "LineString", "coordinates": [[-8.7446953, 40.1287634], [-8.7441791, 40.1300058], [-8.7439075, 40.1312692], [-8.7438859, 40.1324864], [-8.7440301, 40.1334449], [-8.7443124, 40.1343609], [-8.7447553, 40.1352769], [-8.7453486, 40.1361665]]}, "properties": {"highway": "motorway", "lanes": "3", "maxspeed": "120", "minspeed": "50", "name": "Autoestrada do Litoral Centro", "oneway": "yes", "operator": "BRISAL", "ref": "A 17;IC 1", "smoothness": "excellent", "surface": "asphalt", "toll": "yes"}}, {"type": "Feature", "geometry": {"type": "LineString", "coordinates": [[-8.8133701, 40.0281145], [-8.8133628, 40.0285978], [-8.8132048, 40.0347479], [-8.8131916, 40.0368993]]}, "properties": {"highway": "motorway", "lanes": "3", "maxspeed": "120", "minspeed": "50", "name": "Autoestrada do Litoral Centro", "oneway": "yes", "operator": "BRISAL", "ref": "A 17;IC 1", "smoothness": "excellent", "surface": "asphalt", "toll": "yes"}}, {"type": "Feature", "geometry": {"type": "LineString", "coordinates": [[-8.811564, 40.0186677], [-8.8111834, 40.0181543]]}, "properties": {"bridge": "yes", "highway": "motorway", "lanes": "3", "layer": "1", "maxspeed": "120", "minspeed": "50", "name": "Autoestrada do Litoral Centro", "oneway": "yes", "operator": "BRISAL", "ref": "A 17;IC 1", "smoothness": "excellent", "surface": "asphalt", "toll": "yes"}}, {"type": "Feature", "geometry": {"type": "LineString", "coordinates": [[-8.7938599, 39.9875836], [-8.7928366, 39.9867689], [-8.7917455, 39.9860368], [-8.790029, 39.9850609], [-8.7888899, 39.9844018], [-8.7880337, 39.9838504], [-8.7874153, 39.9834065], [-8.7867346, 39.9828475], [-8.7860597, 39.9822063], [-8.7854512, 39.9815517], [-8.7849226, 39.980918], [-8.7842984, 39.9800511], [-8.7838342, 39.9792261], [-8.7834148, 39.9783159], [-8.7831281, 39.9775267], [-8.7828258, 39.9763519], [-8.782699, 39.9754042], [-8.7825469, 39.973343], [-8.7824298, 39.9725567], [-8.7822638, 39.9718553], [-8.7819966, 39.9710989], [-8.7815616, 39.9702229], [-8.7808887, 39.9692214], [-8.779812, 39.9679821], [-8.7783959, 39.9663975], [-8.7775611, 39.9652898], [-8.7769565, 39.9643659], [-8.7762036, 39.9629561], [-8.7757998, 39.9620322], [-8.7754214, 39.9608975], [-8.7750718, 39.9595095], [-8.7747865, 39.9578059], [-8.7746568, 39.9571908], [-8.7744219, 39.9564326], [-8.7740637, 39.9555668], [-8.773643, 39.9548042], [-8.7730689, 39.9540155]]}, "properties": {"highway": "motorway", "lanes": "3", "lit": "no", "maxspeed": "120", "minspeed": "50", "name": "Autoestrada do Litoral Centro", "oneway": "yes", "operator": "BRISAL", "ref": "A 17;IC 1", "smoothness": "excellent", "surface": "asphalt", "toll": "yes"}}, {"type": "Feature", "geometry": {"type": "LineString", "coordinates": [[-8.8108193, 40.0180161], [-8.811192, 40.0184901]]}, "properties": {"bridge": "yes", "highway": "motorway", "lanes": "3", "layer": "1", "maxspeed": "120", "minspeed": "50", "name": "Autoestrada do Litoral Centro", "oneway": "yes", "operator": "BRISAL", "ref": "A 17;IC 1", "smoothness": "excellent", "surface": "asphalt", "toll": "yes"}}, {"type": "Feature", "geometry": {"type": "LineString", "coordinates": [[-8.6574266, 40.5169422], [-8.6581231, 40.5161598], [-8.6588215, 40.5154979], [-8.661037, 40.513634]]}, "properties": {"highway": "motorway", "lanes": "2", "lit": "no", "maxspeed": "120", "minspeed": "50", "name": "Autoestrada do Litoral Centro", "oneway": "yes", "operator": "BRISAL", "ref": "A 17;IC 1", "smoothness": "excellent", "surface": "asphalt", "toll": "yes"}}, {"type": "Feature", "geometry": {"type": "LineString", "coordinates": [[-8.6296426, 40.5394613], [-8.6283369, 40.5401336]]}, "properties": {"highway": "motorway", "lanes": "2", "lit": "yes", "maxspeed": "120", "minspeed": "50", "name": "Autoestrada do Litoral Centro", "oneway": "yes", "operator": "BRISAL", "ref": "A 17;IC 1", "smoothness": "excellent", "surface": "asphalt", "toll": "yes"}}, {"type": "Feature", "geometry": {"type": "LineString", "coordinates": [[-8.6572903, 40.5168819], [-8.6567303, 40.5176877]]}, "properties": {"bridge": "viaduct", "bridge:ref": "A17.012", "highway": "motorway", "lanes": "3", "layer": "1", "lit": "no", "maxspeed": "120", "minspeed": "50", "name": "Autoestrada do Litoral Centro", "oneway": "yes", "operator": "BRISAL", "ref": "A 17;IC 1", "smoothness": "excellent", "surface": "asphalt", "toll": "yes"}}, {"type": "Feature", "geometry": {"type": "LineString", "coordinates": [[-8.6568877, 40.517756], [-8.6574266, 40.5169422]]}, "properties": {"bridge": "viaduct", "bridge:ref": "A17.012", "highway": "motorway", "lanes": "2", "layer": "1", "lit": "no", "maxspeed": "120", "minspeed": "50", "name": "Autoestrada do Litoral Centro", "oneway": "yes", "operator": "BRISAL", "ref": "A 17;IC 1", "smoothness": "excellent", "surface": "asphalt", "toll": "yes"}}, {"type": "Feature", "geometry": {"type": "LineString", "coordinates": [[-8.5987455, 40.6445504], [-8.5988622, 40.6443283], [-8.6002709, 40.6422785], [-8.6007167, 40.6415614], [-8.6010216, 40.6409484], [-8.6012766, 40.6403111], [-8.6015324, 40.6395963], [-8.601593, 40.6394459]]}, "properties": {"destination": "Figueira da Foz;\u00cdlhavo", "destination:ref": "A 17", "highway": "motorway", "lanes": "2", "lit": "yes", "maxheight:signed": "no", "maxspeed": "120", "minspeed": "50", "name": "Autoestrada do Litoral Centro", "oneway": "yes", "operator": "BRISAL", "ref": "A 17;IC 1", "surface": "asphalt", "toll": "yes"}}, {"type": "Feature", "geometry": {"type": "LineString", "coordinates": [[-8.6014993, 40.639189], [-8.6010043, 40.6405309]]}, "properties": {"highway": "motorway", "lanes": "3", "lit": "yes", "maxspeed:lanes": "120|120|100", "minspeed": "50", "name": "Autoestrada do Litoral Centro", "oneway": "yes", "operator": "BRISAL", "ref": "A 17;IC 1", "surface": "asphalt", "toll": "yes", "turn:lanes": "||slight_right"}}, {"type": "Feature", "geometry": {"type": "LineString", "coordinates": [[-8.600133, 40.6422265], [-8.5999, 40.6425558]]}, "properties": {"highway": "motorway", "lanes": "3", "lit": "yes", "maxspeed": "120", "minspeed": "50", "name": "Autoestrada do Litoral Centro", "oneway": "yes", "operator": "BRISAL", "ref": "A 17;IC 1", "surface": "asphalt", "toll": "yes", "turn:lanes": "||slight_right"}}, {"type": "Feature", "geometry": {"type": "LineString", "coordinates": [[-8.6006612, 40.6413301], [-8.6005749, 40.6415158], [-8.600133, 40.6422265]]}, "properties": {"highway": "motorway", "lanes": "2", "lit": "yes", "maxheight:signed": "no", "maxspeed": "120", "minspeed": "50", "name": "Autoestrada do Litoral Centro", "oneway": "yes", "operator": "BRISAL", "ref": "A 17;IC 1", "surface": "asphalt", "toll": "yes", "turn:lanes": "through|through;right"}}, {"type": "Feature", "geometry": {"type": "LineString", "coordinates": [[-8.5989099, 40.6439551], [-8.5987258, 40.6442743], [-8.5979352, 40.6454271], [-8.5973771, 40.6462638]]}, "properties": {"destination": "Viseu;Porto", "destination:ref": "A 25;A 29", "highway": "motorway", "lanes": "2", "lit": "yes", "maxspeed": "120", "minspeed": "50", "name": "Autoestrada do Litoral Centro", "oneway": "yes", "operator": "BRISAL", "ref": "A 17;IC 1", "surface": "asphalt", "toll": "yes"}}, {"type": "Feature", "geometry": {"type": "LineString", "coordinates": [[-8.592559, 40.6196009], [-8.5922994, 40.6194332], [-8.5881456, 40.6167637], [-8.587386, 40.6162304], [-8.5867084, 40.6156551], [-8.5861128, 40.6150514], [-8.5856225, 40.6144166], [-8.5852658, 40.6138522], [-8.5849627, 40.6132525], [-8.5846881, 40.6125012], [-8.5845205, 40.6117391], [-8.5844527, 40.6109581], [-8.584492, 40.6101892], [-8.5846007, 40.6095611], [-8.5847683, 40.6089546], [-8.5850144, 40.6083279], [-8.5853372, 40.6077079], [-8.5857277, 40.6071109], [-8.5861913, 40.6065572], [-8.5868172, 40.6059358], [-8.5873949, 40.6054525], [-8.5881313, 40.6049178], [-8.5906455, 40.6031551], [-8.59148, 40.6025419], [-8.5920738, 40.6020653], [-8.5926159, 40.6015617], [-8.593215, 40.6009416], [-8.5937589, 40.6002877], [-8.5941654, 40.5997164], [-8.594531, 40.5991315], [-8.5948519, 40.5985317], [-8.5951283, 40.5979224], [-8.595353, 40.5973051], [-8.5955313, 40.5966849], [-8.5956651, 40.5960405], [-8.5957453, 40.5954569], [-8.5958041, 40.5946553], [-8.5958523, 40.5932472], [-8.5959183, 40.592493], [-8.5960466, 40.5917618], [-8.5962464, 40.5910279], [-8.5964585, 40.5904254], [-8.5967349, 40.58977], [-8.5970551, 40.5891666]]}, "properties": {"highway": "motorway", "lanes": "2", "lit": "no", "maxspeed": "120", "minspeed": "50", "name": "Autoestrada do Litoral Centro", "oneway": "yes", "operator": "BRISAL", "ref": "A 17;IC 1", "surface": "asphalt", "toll": "yes"}}, {"type": "Feature", "geometry": {"type": "LineString", "coordinates": [[-8.7015879, 40.4447539], [-8.7014206, 40.4454976], [-8.7014399, 40.4455833]]}, "properties": {"highway": "motorway", "lanes": "1", "lit": "yes", "maxspeed": "40", "name": "Autoestrada do Litoral Centro", "oneway": "yes", "operator": "BRISAL", "ref": "A 17;IC 1", "smoothness": "excellent", "surface": "asphalt", "toll": "yes"}}, {"type": "Feature", "geometry": {"type": "LineString", "coordinates": [[-8.8398191, 39.8130585], [-8.8399528, 39.8127681]]}, "properties": {"highway": "motorway", "lanes": "3", "lit": "no", "maxspeed": "120", "minspeed": "50", "name": "Autoestrada do Litoral Centro", "oneway": "yes", "operator": "BRISAL", "ref": "A 17;IC 1", "surface": "asphalt", "toll": "yes", "turn:lanes": "none|none|merge_to_left"}}, {"type": "Feature", "geometry": {"type": "LineString", "coordinates": [[-8.8293301, 39.8520573], [-8.8284543, 39.853399]]}, "properties": {"highway": "motorway", "lanes": "4", "lit": "no", "maxspeed": "120", "minspeed": "50", "name": "Autoestrada do Litoral Centro", "oneway": "yes", "operator": "BRISAL", "ref": "A 17;IC 1", "smoothness": "excellent", "surface": "asphalt", "toll": "yes", "turn:lanes": "none|none|none|merge_to_left"}}, {"type": "Feature", "geometry": {"type": "LineString", "coordinates": [[-8.8296077, 39.8516509], [-8.8293301, 39.8520573]]}, "properties": {"bridge": "yes", "highway": "motorway", "lanes": "4", "layer": "1", "lit": "no", "maxspeed": "120", "minspeed": "50", "name": "Autoestrada do Litoral Centro", "oneway": "yes", "operator": "BRISAL", "ref": "A 17;IC 1", "surface": "asphalt", "toll": "yes", "turn:lanes": "none|none|none|merge_to_left"}}, {"type": "Feature", "geometry": {"type": "LineString", "coordinates": [[-8.8313154, 39.8490933], [-8.8310607, 39.8494739]]}, "properties": {"highway": "motorway", "lanes": "4", "lit": "no", "maxspeed": "120", "minspeed": "50", "name": "Autoestrada do Litoral Centro", "oneway": "yes", "operator": "BRISAL", "ref": "A 17;IC 1", "surface": "asphalt", "toll": "yes", "turn:lanes": "none|none|none|slight_right"}}, {"type": "Feature", "geometry": {"type": "LineString", "coordinates": [[-8.841514, 39.8104381], [-8.8421985, 39.8096894]]}, "properties": {"highway": "motorway", "lanes": "2", "lit": "no", "maxspeed": "120", "minspeed": "50", "name": "Autoestrada do Litoral Centro", "oneway": "yes", "operator": "BRISAL", "ref": "A 17;IC 1", "surface": "asphalt", "toll": "yes"}}, {"type": "Feature", "geometry": {"type": "LineString", "coordinates": [[-8.8309175, 39.8500576], [-8.8315003, 39.8491684]]}, "properties": {"highway": "motorway", "lanes": "4", "lit": "no", "maxspeed": "120", "minspeed": "50", "name": "Autoestrada do Litoral Centro", "oneway": "yes", "operator": "BRISAL", "ref": "A 17;IC 1", "surface": "asphalt", "toll": "yes", "turn:lanes": "none|none|none|merge_to_left"}}, {"type": "Feature", "geometry": {"type": "LineString", "coordinates": [[-8.8271454, 39.8557285], [-8.8283736, 39.8539255]]}, "properties": {"highway": "motorway", "lanes": "4", "lit": "no", "maxspeed": "120", "minspeed": "50", "name": "Autoestrada do Litoral Centro", "oneway": "yes", "operator": "BRISAL", "ref": "A 17;IC 1", "smoothness": "excellent", "surface": "asphalt", "toll": "yes", "turn:lanes": "none|none|none|slight_right"}}, {"type": "Feature", "geometry": {"type": "LineString", "coordinates": [[-8.8399528, 39.8127681], [-8.840122, 39.8124643], [-8.8403071, 39.8121469], [-8.8404249, 39.811969]]}, "properties": {"highway": "motorway", "lanes": "2", "lit": "no", "maxspeed": "120", "minspeed": "50", "name": "Autoestrada do Litoral Centro", "oneway": "yes", "operator": "BRISAL", "ref": "A 17;IC 1", "surface": "asphalt", "toll": "yes"}}, {"type": "Feature", "geometry": {"type": "LineString", "coordinates": [[-8.8283736, 39.8539255], [-8.8284349, 39.8537717], [-8.8295368, 39.8521406]]}, "properties": {"highway": "motorway", "lanes": "3", "lit": "no", "maxspeed": "120", "minspeed": "50", "name": "Autoestrada do Litoral Centro", "oneway": "yes", "operator": "BRISAL", "ref": "A 17;IC 1", "surface": "asphalt", "toll": "yes"}}, {"type": "Feature", "geometry": {"type": "LineString", "coordinates": [[-8.8386436, 39.8165191], [-8.8390716, 39.81517]]}, "properties": {"highway": "motorway", "lanes": "4", "lit": "no", "maxspeed": "120", "maxspeed:lanes": "120|120|120|80", "minspeed": "50", "name": "Autoestrada do Litoral Centro", "oneway": "yes", "operator": "BRISAL", "ref": "A 17;IC 1", "surface": "asphalt", "toll": "yes", "turn:lanes": "none|none|none|slight_right"}}, {"type": "Feature", "geometry": {"type": "LineString", "coordinates": [[-8.8380677, 39.8182432], [-8.8386436, 39.8165191]]}, "properties": {"highway": "motorway", "lanes": "3", "lit": "no", "maxspeed": "120", "minspeed": "50", "name": "Autoestrada do Litoral Centro", "oneway": "yes", "operator": "BRISAL", "ref": "A 17;IC 1", "surface": "asphalt", "toll": "yes", "turn:lanes": "through|through|through;right"}}, {"type": "Feature", "geometry": {"type": "LineString", "coordinates": [[-8.839213, 39.814673], [-8.8393492, 39.8142222], [-8.8395849, 39.8135632]]}, "properties": {"highway": "motorway", "lanes": "3", "lit": "no", "maxspeed": "120", "minspeed": "50", "name": "Autoestrada do Litoral Centro", "oneway": "yes", "operator": "BRISAL", "ref": "A 17;IC 1", "surface": "asphalt", "toll": "yes", "turn:lanes": "none|none|merge_to_left"}}, {"type": "Feature", "geometry": {"type": "LineString", "coordinates": [[-8.8390716, 39.81517], [-8.8391348, 39.8149167], [-8.839213, 39.814673]]}, "properties": {"highway": "motorway", "lanes": "3", "lit": "no", "maxspeed": "120", "minspeed": "50", "name": "Autoestrada do Litoral Centro", "oneway": "yes", "operator": "BRISAL", "ref": "A 17;IC 1", "surface": "asphalt", "toll": "yes"}}, {"type": "Feature", "geometry": {"type": "LineString", "coordinates": [[-8.7086554, 40.4134665], [-8.709067, 40.414801], [-8.7092414, 40.4155807]]}, "properties": {"highway": "motorway", "lanes": "3", "lit": "no", "maxspeed": "120", "minspeed": "50", "name": "Autoestrada do Litoral Centro", "oneway": "yes", "operator": "BRISAL", "ref": "A 17;IC 1", "smoothness": "excellent", "surface": "asphalt", "toll": "yes", "turn:lanes": "||merge_to_left"}}, {"type": "Feature", "geometry": {"type": "LineString", "coordinates": [[-8.7092414, 40.4155807], [-8.7093404, 40.4163313], [-8.7094047, 40.4175059], [-8.7093805, 40.4179964], [-8.7093421, 40.4183825]]}, "properties": {"highway": "motorway", "lanes": "2", "lit": "no", "maxspeed": "120", "minspeed": "50", "name": "Autoestrada do Litoral Centro", "oneway": "yes", "operator": "BRISAL", "ref": "A 17;IC 1", "smoothness": "excellent", "surface": "asphalt", "toll": "yes"}}, {"type": "Feature", "geometry": {"type": "LineString", "coordinates": [[-8.7096471, 40.4174715], [-8.709609, 40.416288], [-8.7094568, 40.4152903]]}, "properties": {"highway": "motorway", "lanes": "3", "lit": "no", "maxspeed": "120", "minspeed": "50", "name": "Autoestrada do Litoral Centro", "oneway": "yes", "operator": "BRISAL", "ref": "A 17;IC 1", "smoothness": "excellent", "surface": "asphalt", "toll": "yes", "turn:lanes": "||slight_right"}}, {"type": "Feature", "geometry": {"type": "LineString", "coordinates": [[-8.7094568, 40.4152903], [-8.7093369, 40.4147983], [-8.709088, 40.4138972], [-8.7087567, 40.4129617], [-8.7083786, 40.4118166]]}, "properties": {"highway": "motorway", "lanes": "2", "lit": "yes", "maxspeed": "120", "minspeed": "50", "name": "Autoestrada do Litoral Centro", "oneway": "yes", "operator": "BRISAL", "ref": "A 17;IC 1", "smoothness": "excellent", "surface": "asphalt", "toll": "yes"}}, {"type": "Feature", "geometry": {"type": "LineString", "coordinates": [[-8.7083786, 40.4118166], [-8.7080692, 40.4110062], [-8.7077306, 40.4098769], [-8.707571, 40.409291]]}, "properties": {"highway": "motorway", "lanes": "3", "lit": "yes", "maxspeed": "120", "minspeed": "50", "name": "Autoestrada do Litoral Centro", "oneway": "yes", "operator": "BRISAL", "ref": "A 17;IC 1", "smoothness": "excellent", "surface": "asphalt", "toll": "yes", "turn:lanes": "||merge_to_left"}}, {"type": "Feature", "geometry": {"type": "LineString", "coordinates": [[-8.7095845, 40.4184856], [-8.7096436, 40.4180197], [-8.7096471, 40.4174715]]}, "properties": {"highway": "motorway", "lanes": "2", "lit": "no", "maxspeed": "120", "minspeed": "50", "name": "Autoestrada do Litoral Centro", "oneway": "yes", "operator": "BRISAL", "ref": "A 17;IC 1", "smoothness": "excellent", "surface": "asphalt", "toll": "yes", "turn:lanes": "through|through;right"}}, {"type": "Feature", "geometry": {"type": "LineString", "coordinates": [[-8.7070768, 40.4073916], [-8.7070848, 40.4078393], [-8.707199, 40.4088191], [-8.7073129, 40.4094069]]}, "properties": {"highway": "motorway", "lanes": "3", "lit": "no", "maxspeed": "120", "minspeed": "50", "name": "Autoestrada do Litoral Centro", "oneway": "yes", "operator": "BRISAL", "ref": "A 17;IC 1", "smoothness": "excellent", "surface": "asphalt", "toll": "yes", "turn:lanes": "||slight_right"}}, {"type": "Feature", "geometry": {"type": "LineString", "coordinates": [[-8.7071311, 40.4057943], [-8.7071048, 40.406144], [-8.7070698, 40.4069796], [-8.7070768, 40.4073916]]}, "properties": {"highway": "motorway", "lanes": "2", "lit": "no", "maxspeed": "120", "minspeed": "50", "name": "Autoestrada do Litoral Centro", "oneway": "yes", "operator": "BRISAL", "ref": "A 17;IC 1", "smoothness": "excellent", "surface": "asphalt", "toll": "yes", "turn:lanes": "through|through;right"}}, {"type": "Feature", "geometry": {"type": "LineString", "coordinates": [[-8.7073129, 40.4094069], [-8.7074585, 40.4099003], [-8.7078088, 40.4110642], [-8.7085068, 40.4129826], [-8.7086554, 40.4134665]]}, "properties": {"highway": "motorway", "lanes": "2", "lit": "yes", "maxspeed": "120", "minspeed": "50", "name": "Autoestrada do Litoral Centro", "oneway": "yes", "operator": "BRISAL", "ref": "A 17;IC 1", "smoothness": "excellent", "surface": "asphalt", "toll": "yes"}}, {"type": "Feature", "geometry": {"type": "LineString", "coordinates": [[-8.721037, 40.3329967], [-8.7217263, 40.3312628]]}, "properties": {"highway": "motorway", "lanes": "2", "lit": "no", "maxspeed": "120", "minspeed": "50", "name": "Autoestrada do Litoral Centro", "oneway": "yes", "operator": "BRISAL", "ref": "A 17;IC 1", "smoothness": "good", "surface": "asphalt", "toll": "yes", "turn:lanes": "through|through;right"}}, {"type": "Feature", "geometry": {"type": "LineString", "coordinates": [[-8.7217263, 40.3312628], [-8.7219969, 40.3306138], [-8.7222125, 40.3298825], [-8.7223709, 40.3291281]]}, "properties": {"highway": "motorway", "lanes": "3", "lit": "no", "maxspeed": "120", "minspeed": "50", "name": "Autoestrada do Litoral Centro", "oneway": "yes", "operator": "BRISAL", "ref": "A 17;IC 1", "smoothness": "good", "surface": "asphalt", "toll": "yes", "turn:lanes": "||slight_right"}}, {"type": "Feature", "geometry": {"type": "LineString", "coordinates": [[-8.7223709, 40.3291281], [-8.7224174, 40.328445], [-8.7224285, 40.3277562], [-8.7224062, 40.3272683], [-8.7222989, 40.326244], [-8.7221842, 40.3257937], [-8.7219069, 40.3248189]]}, "properties": {"highway": "motorway", "lanes": "2", "lit": "yes", "maxspeed": "120", "minspeed": "50", "name": "Autoestrada do Litoral Centro", "oneway": "yes", "operator": "BRISAL", "ref": "A 17;IC 1", "smoothness": "good", "surface": "asphalt", "toll": "yes"}}, {"type": "Feature", "geometry": {"type": "LineString", "coordinates": [[-8.7220361, 40.3263898], [-8.7221413, 40.327267], [-8.7221508, 40.3280434], [-8.722117, 40.3288096]]}, "properties": {"highway": "motorway", "lanes": "3", "lit": "yes", "maxheight:signed": "no", "maxspeed": "120", "minspeed": "50", "name": "Autoestrada do Litoral Centro", "oneway": "yes", "operator": "BRISAL", "ref": "A 17;IC 1", "surface": "asphalt", "toll": "yes", "turn:lanes": "||merge_to_left"}}, {"type": "Feature", "geometry": {"type": "LineString", "coordinates": [[-8.7219069, 40.3248189], [-8.7217251, 40.3243629], [-8.7214811, 40.3237524]]}, "properties": {"highway": "motorway", "lanes": "3", "lit": "yes", "maxspeed": "120", "minspeed": "50", "name": "Autoestrada do Litoral Centro", "oneway": "yes", "operator": "BRISAL", "ref": "A 17;IC 1", "smoothness": "excellent", "surface": "asphalt", "toll": "yes", "turn:lanes": "||merge_to_left"}}, {"type": "Feature", "geometry": {"type": "LineString", "coordinates": [[-8.7208906, 40.3223106], [-8.7207034, 40.321729], [-8.7205369, 40.3209946], [-8.7204631, 40.3204682], [-8.7204167, 40.3200307], [-8.720393, 40.3195481], [-8.7204439, 40.3185383], [-8.7206335, 40.3174866], [-8.7209198, 40.3165383], [-8.7213901, 40.3154893], [-8.721989, 40.3144943], [-8.7226001, 40.3136844], [-8.7232928, 40.3129376], [-8.7240866, 40.3122055], [-8.7248187, 40.3116337], [-8.7335426, 40.3052582]]}, "properties": {"highway": "motorway", "lanes": "2", "lit": "no", "maxspeed": "120", "minspeed": "50", "name": "Autoestrada do Litoral Centro", "oneway": "yes", "operator": "BRISAL", "ref": "A 17;IC 1", "smoothness": "excellent", "surface": "asphalt", "toll": "yes"}}, {"type": "Feature", "geometry": {"type": "LineString", "coordinates": [[-8.7210848, 40.3235652], [-8.7213817, 40.3242271], [-8.7217495, 40.3251671], [-8.7219574, 40.3258972], [-8.7220361, 40.3263898]]}, "properties": {"highway": "motorway", "lanes": "2", "lit": "yes", "maxheight:signed": "no", "maxspeed": "120", "minspeed": "50", "name": "Autoestrada do Litoral Centro", "oneway": "yes", "operator": "BRISAL", "ref": "A 17;IC 1", "surface": "asphalt", "toll": "yes"}}, {"type": "Feature", "geometry": {"type": "LineString", "coordinates": [[-8.720349, 40.3213662], [-8.7206406, 40.3224418], [-8.7210848, 40.3235652]]}, "properties": {"highway": "motorway", "lanes": "3", "lit": "no", "maxspeed": "120", "minspeed": "50", "name": "Autoestrada do Litoral Centro", "oneway": "yes", "operator": "BRISAL", "ref": "A 17;IC 1", "surface": "asphalt", "toll": "yes", "turn:lanes": "||slight_right"}}, {"type": "Feature", "geometry": {"type": "LineString", "coordinates": [[-8.7201448, 40.319623], [-8.7202025, 40.3204709], [-8.720349, 40.3213662]]}, "properties": {"highway": "motorway", "lanes": "2", "lit": "no", "maxspeed": "120", "minspeed": "50", "name": "Autoestrada do Litoral Centro", "oneway": "yes", "operator": "BRISAL", "ref": "A 17;IC 1", "surface": "asphalt", "toll": "yes", "turn:lanes": "through|through;right"}}, {"type": "Feature", "geometry": {"type": "LineString", "coordinates": [[-8.7333299, 40.3051557], [-8.7246231, 40.3115143], [-8.7238749, 40.3121066], [-8.723074, 40.31284], [-8.7223744, 40.3136106], [-8.7217536, 40.3144357], [-8.7214475, 40.3149455]]}, "properties": {"highway": "motorway", "lanes": "2", "lit": "no", "maxspeed": "120", "minspeed": "50", "name": "Autoestrada do Litoral Centro", "oneway": "yes", "operator": "BRISAL", "ref": "A 17;IC 1", "surface": "asphalt", "toll": "yes"}}, {"type": "Feature", "geometry": {"type": "LineString", "coordinates": [[-8.782847, 40.1650944], [-8.7809549, 40.1631964]]}, "properties": {"highway": "motorway", "lanes": "3", "lit": "no", "maxspeed": "120", "minspeed": "50", "name": "Autoestrada do Litoral Centro", "oneway": "yes", "operator": "BRISAL", "ref": "A 17;IC 1", "smoothness": "excellent", "surface": "asphalt", "toll": "yes"}}, {"type": "Feature", "geometry": {"type": "LineString", "coordinates": [[-8.7932109, 40.2259714], [-8.7947715, 40.2248612]]}, "properties": {"highway": "motorway", "lanes": "2", "lit": "no", "maxspeed": "120", "minspeed": "50", "name": "Autoestrada do Litoral Centro", "oneway": "yes", "operator": "BRISAL", "ref": "A 17;IC 1", "smoothness": "excellent", "surface": "asphalt", "toll": "yes", "turn:lanes": "through|through;right"}}, {"type": "Feature", "geometry": {"type": "LineString", "coordinates": [[-8.7947715, 40.2248612], [-8.7961523, 40.2239311], [-8.7973855, 40.2230832]]}, "properties": {"highway": "motorway", "lanes": "3", "lit": "no", "maxspeed": "120", "minspeed": "50", "name": "Autoestrada do Litoral Centro", "oneway": "yes", "operator": "BRISAL", "ref": "A 17;IC 1", "smoothness": "excellent", "surface": "asphalt", "toll": "yes", "turn:lanes": "||slight_right"}}, {"type": "Feature", "geometry": {"type": "LineString", "coordinates": [[-8.7973855, 40.2230832], [-8.7976735, 40.2228529], [-8.8021677, 40.219752], [-8.8023927, 40.2196244]]}, "properties": {"highway": "motorway", "lanes": "2", "lit": "yes", "maxspeed": "120", "minspeed": "50", "name": "Autoestrada do Litoral Centro", "oneway": "yes", "operator": "BRISAL", "ref": "A 17;IC 1", "smoothness": "excellent", "surface": "asphalt", "toll": "yes"}}, {"type": "Feature", "geometry": {"type": "LineString", "coordinates": [[-8.8023927, 40.2196244], [-8.8043491, 40.2182694], [-8.8065398, 40.2167492], [-8.8073113, 40.2161518]]}, "properties": {"highway": "motorway", "lanes": "3", "lit": "no", "maxspeed": "120", "minspeed": "50", "name": "Autoestrada do Litoral Centro", "oneway": "yes", "operator": "BRISAL", "ref": "A 17;IC 1", "smoothness": "excellent", "surface": "asphalt", "toll": "yes"}}, {"type": "Feature", "geometry": {"type": "LineString", "coordinates": [[-8.8087188, 40.2149956], [-8.8097379, 40.2140242]]}, "properties": {"highway": "motorway", "lanes": "3", "lit": "yes", "maxspeed": "120", "minspeed": "50", "name": "Autoestrada do Litoral Centro", "oneway": "yes", "operator": "BRISAL", "ref": "A 17;IC 1", "smoothness": "excellent", "surface": "asphalt", "toll": "yes", "turn:lanes": "||slight_right"}}, {"type": "Feature", "geometry": {"type": "LineString", "coordinates": [[-8.8073113, 40.2161518], [-8.8087188, 40.2149956]]}, "properties": {"highway": "motorway", "lanes": "3", "lit": "yes", "maxspeed": "120", "minspeed": "50", "name": "Autoestrada do Litoral Centro", "oneway": "yes", "operator": "BRISAL", "ref": "A 17;IC 1", "smoothness": "excellent", "surface": "asphalt", "toll": "yes", "turn:lanes": "through|through|right"}}, {"type": "Feature", "geometry": {"type": "LineString", "coordinates": [[-8.8097379, 40.2140242], [-8.8104604, 40.2131845], [-8.8113422, 40.2120696], [-8.8119687, 40.2111774], [-8.8120539, 40.2110798]]}, "properties": {"highway": "motorway", "lanes": "2", "lit": "no", "maxspeed": "120", "minspeed": "50", "name": "Autoestrada do Litoral Centro", "oneway": "yes", "operator": "BRISAL", "ref": "A 17;IC 1", "smoothness": "excellent", "surface": "asphalt", "toll": "yes"}}, {"type": "Feature", "geometry": {"type": "LineString", "coordinates": [[-8.8120539, 40.2110798], [-8.8131095, 40.2090073], [-8.8138513, 40.2070888], [-8.8142626, 40.2053782], [-8.8145402, 40.2038378], [-8.8146772, 40.2026571], [-8.8147924, 40.2008946], [-8.8147682, 40.1992144], [-8.8146894, 40.1981261], [-8.8145371, 40.1968157], [-8.8142829, 40.1954406], [-8.8138257, 40.1936163], [-8.8132352, 40.1917698], [-8.8119498, 40.1890217], [-8.8104345, 40.1864046], [-8.8091319, 40.1846164], [-8.8078675, 40.1831521], [-8.80739, 40.1826296], [-8.8062957, 40.1815066], [-8.804598, 40.1799784], [-8.8026673, 40.1784307], [-8.8005628, 40.1769578], [-8.7963797, 40.1745332], [-8.7941727, 40.1733458], [-8.7920206, 40.172079], [-8.7898794, 40.1707321], [-8.7878989, 40.1693175], [-8.7864882, 40.1682448], [-8.7851676, 40.1671374], [-8.7837918, 40.1659897], [-8.782847, 40.1650944]]}, "properties": {"highway": "motorway", "lanes": "2", "lit": "no", "maxspeed": "120", "minspeed": "50", "name": "Autoestrada do Litoral Centro", "oneway": "yes", "operator": "BRISAL", "ref": "A 17;IC 1", "smoothness": "excellent", "surface": "asphalt", "toll": "yes"}}, {"type": "Feature", "geometry": {"type": "LineString", "coordinates": [[-8.7996236, 40.2212335], [-8.7973862, 40.2228026]]}, "properties": {"highway": "motorway", "lanes": "3", "lit": "yes", "maxspeed": "120", "minspeed": "50", "name": "Autoestrada do Litoral Centro", "oneway": "yes", "operator": "BRISAL", "ref": "A 17;IC 1", "surface": "asphalt", "toll": "yes", "turn:lanes": "||merge_to_left"}}, {"type": "Feature", "geometry": {"type": "LineString", "coordinates": [[-8.8026716, 40.2191237], [-8.8022779, 40.2194196], [-8.7999081, 40.2210571], [-8.7996236, 40.2212335]]}, "properties": {"highway": "motorway", "lanes": "2", "lit": "yes", "maxheight:signed": "no", "maxspeed": "120", "minspeed": "50", "name": "Autoestrada do Litoral Centro", "oneway": "yes", "operator": "BRISAL", "ref": "A 17;IC 1", "surface": "asphalt", "toll": "yes"}}, {"type": "Feature", "geometry": {"type": "LineString", "coordinates": [[-8.806067, 40.2167727], [-8.8045355, 40.2178357]]}, "properties": {"highway": "motorway", "lanes": "3", "lit": "no", "maxspeed": "120", "minspeed": "50", "name": "Autoestrada do Litoral Centro", "oneway": "yes", "operator": "BRISAL", "ref": "A 17;IC 1", "surface": "asphalt", "toll": "yes", "turn:lanes": "through|through;right|right"}}, {"type": "Feature", "geometry": {"type": "LineString", "coordinates": [[-8.8045355, 40.2178357], [-8.8026716, 40.2191237]]}, "properties": {"highway": "motorway", "lanes": "3", "lit": "no", "maxspeed": "120", "minspeed": "50", "name": "Autoestrada do Litoral Centro", "oneway": "yes", "operator": "BRISAL", "ref": "A 17;IC 1", "surface": "asphalt", "toll": "yes"}}, {"type": "Feature", "geometry": {"type": "LineString", "coordinates": [[-8.8094165, 40.2139659], [-8.8082001, 40.2151341], [-8.8077149, 40.2155406], [-8.8067113, 40.2163117], [-8.806067, 40.2167727]]}, "properties": {"highway": "motorway", "lanes": "3", "lit": "yes", "maxheight:signed": "no", "maxspeed": "120", "minspeed": "50", "name": "Autoestrada do Litoral Centro", "oneway": "yes", "operator": "BRISAL", "ref": "A 17;IC 1", "surface": "asphalt", "toll": "yes"}}, {"type": "Feature", "geometry": {"type": "LineString", "coordinates": [[-8.8118473, 40.2108469], [-8.8118116, 40.210933], [-8.811701, 40.2111568], [-8.8112413, 40.2118228], [-8.8101126, 40.2132343], [-8.8097983, 40.2135852], [-8.8094884, 40.2139022], [-8.8094165, 40.2139659]]}, "properties": {"highway": "motorway", "lanes": "2", "lit": "no", "maxspeed": "120", "minspeed": "50", "name": "Autoestrada do Litoral Centro", "oneway": "yes", "operator": "BRISAL", "ref": "A 17;IC 1", "surface": "asphalt", "toll": "yes"}}, {"type": "Feature", "geometry": {"type": "LineString", "coordinates": [[-8.8126781, 40.2093752], [-8.8118473, 40.2108469]]}, "properties": {"highway": "motorway", "lanes": "3", "lit": "no", "maxspeed": "120", "minspeed": "50", "name": "Autoestrada do Litoral Centro", "oneway": "yes", "operator": "BRISAL", "ref": "A 17;IC 1", "surface": "asphalt", "toll": "yes", "turn:lanes": "||slight_right"}}, {"type": "Feature", "geometry": {"type": "LineString", "coordinates": [[-8.8133049, 40.2078626], [-8.8130143, 40.2086127], [-8.8126781, 40.2093752]]}, "properties": {"highway": "motorway", "lanes": "2", "lit": "no", "maxspeed": "120", "minspeed": "50", "name": "Autoestrada do Litoral Centro", "oneway": "yes", "operator": "BRISAL", "ref": "A 17;IC 1", "surface": "asphalt", "toll": "yes", "turn:lanes": "through|through;right"}}, {"type": "Feature", "geometry": {"type": "LineString", "coordinates": [[-8.8132184, 40.1925391], [-8.8135062, 40.1934418], [-8.8137032, 40.1941651], [-8.8140668, 40.1955017], [-8.814294, 40.1970351], [-8.8144001, 40.1977526], [-8.8145075, 40.1992], [-8.814544, 40.2005819], [-8.8144834, 40.2019242], [-8.8143376, 40.2034748], [-8.8140922, 40.2049557], [-8.8136956, 40.2065815], [-8.8133049, 40.2078626]]}, "properties": {"highway": "motorway", "lanes": "2", "lit": "no", "maxspeed": "120", "minspeed": "50", "name": "Autoestrada do Litoral Centro", "oneway": "yes", "operator": "BRISAL", "ref": "A 17;IC 1", "surface": "asphalt", "toll": "yes"}}, {"type": "Feature", "geometry": {"type": "LineString", "coordinates": [[-8.780987, 40.1635203], [-8.7815467, 40.1641215], [-8.7827173, 40.1652542]]}, "properties": {"highway": "motorway", "lanes": "3", "lit": "no", "maxspeed": "120", "minspeed": "50", "name": "Autoestrada do Litoral Centro", "oneway": "yes", "operator": "BRISAL", "ref": "A 17;IC 1", "surface": "asphalt", "toll": "yes", "turn:lanes": "||merge_to_left"}}, {"type": "Feature", "geometry": {"type": "LineString", "coordinates": [[-8.7778075, 40.1603981], [-8.7784106, 40.1609201], [-8.7801983, 40.1626916], [-8.780987, 40.1635203]]}, "properties": {"highway": "motorway", "lanes": "3", "lit": "no", "maxspeed": "120", "minspeed": "50", "name": "Autoestrada do Litoral Centro", "oneway": "yes", "operator": "BRISAL", "ref": "A 17;IC 1", "surface": "asphalt", "toll": "yes"}}, {"type": "Feature", "geometry": {"type": "LineString", "coordinates": [[-8.7809549, 40.1631964], [-8.7796459, 40.1618784]]}, "properties": {"highway": "motorway", "lanes": "3", "lit": "no", "maxspeed": "120", "minspeed": "50", "name": "Autoestrada do Litoral Centro", "oneway": "yes", "operator": "BRISAL", "ref": "A 17;IC 1", "smoothness": "excellent", "surface": "asphalt", "toll": "yes", "turn:lanes": "through|through|through;right"}}, {"type": "Feature", "geometry": {"type": "LineString", "coordinates": [[-8.7796459, 40.1618784], [-8.7781553, 40.1604069]]}, "properties": {"highway": "motorway", "lanes": "4", "lit": "no", "maxspeed": "120", "minspeed": "50", "name": "Autoestrada do Litoral Centro", "oneway": "yes", "operator": "BRISAL", "ref": "A 17;IC 1", "smoothness": "excellent", "surface": "asphalt", "toll": "yes", "turn:lanes": "|||slight_right"}}, {"type": "Feature", "geometry": {"type": "LineString", "coordinates": [[-8.7781553, 40.1604069], [-8.7762794, 40.1588262]]}, "properties": {"highway": "motorway", "lanes": "3", "lit": "yes", "maxspeed": "120", "minspeed": "50", "name": "Autoestrada do Litoral Centro", "oneway": "yes", "operator": "BRISAL", "ref": "A 17;IC 1", "smoothness": "excellent", "surface": "asphalt", "toll": "yes"}}, {"type": "Feature", "geometry": {"type": "LineString", "coordinates": [[-8.7762731, 40.1590826], [-8.7778075, 40.1603981]]}, "properties": {"highway": "motorway", "lanes": "4", "lit": "yes", "maxspeed": "120", "minspeed": "50", "name": "Autoestrada do Litoral Centro", "oneway": "yes", "operator": "BRISAL", "ref": "A 17;IC 1", "surface": "asphalt", "toll": "yes", "turn:lanes": "|||merge_to_left"}}, {"type": "Feature", "geometry": {"type": "LineString", "coordinates": [[-8.7761272, 40.1589284], [-8.7762731, 40.1590826]]}, "properties": {"highway": "motorway", "lanes": "3", "lit": "yes", "maxspeed": "120", "minspeed": "50", "name": "Autoestrada do Litoral Centro", "oneway": "yes", "operator": "BRISAL", "ref": "A 17;IC 1", "surface": "asphalt", "toll": "yes"}}, {"type": "Feature", "geometry": {"type": "LineString", "coordinates": [[-8.7713297, 40.1554171], [-8.7729568, 40.1565294]]}, "properties": {"highway": "motorway", "lanes": "4", "maxspeed": "120", "minspeed": "50", "name": "Autoestrada do Litoral Centro", "oneway": "yes", "operator": "BRISAL", "ref": "A 17;IC 1", "surface": "asphalt", "toll": "yes", "turn:lanes": "|||slight_right"}}, {"type": "Feature", "geometry": {"type": "LineString", "coordinates": [[-8.7695171, 40.1542484], [-8.7703512, 40.1547563], [-8.7713297, 40.1554171]]}, "properties": {"highway": "motorway", "lanes": "3", "maxspeed": "120", "minspeed": "50", "name": "Autoestrada do Litoral Centro", "oneway": "yes", "operator": "BRISAL", "ref": "A 17;IC 1", "surface": "asphalt", "toll": "yes", "turn:lanes": "through|through|through;right"}}, {"type": "Feature", "geometry": {"type": "LineString", "coordinates": [[-8.7729568, 40.1565294], [-8.7732696, 40.1567264], [-8.7757586, 40.1586348]]}, "properties": {"highway": "motorway", "lanes": "3", "lit": "yes", "maxspeed": "120", "minspeed": "50", "name": "Autoestrada do Litoral Centro", "oneway": "yes", "operator": "BRISAL", "ref": "A 17;IC 1", "surface": "asphalt", "toll": "yes"}}, {"type": "Feature", "geometry": {"type": "LineString", "coordinates": [[-8.7740129, 40.1570253], [-8.7721022, 40.1556916]]}, "properties": {"highway": "motorway", "lanes": "4", "maxspeed": "120", "minspeed": "50", "name": "Autoestrada do Litoral Centro", "oneway": "yes", "operator": "BRISAL", "ref": "A 17;IC 1", "smoothness": "excellent", "surface": "asphalt", "toll": "yes", "turn:lanes": "|||merge_to_left"}}, {"type": "Feature", "geometry": {"type": "LineString", "coordinates": [[-8.7759027, 40.1585239], [-8.7740129, 40.1570253]]}, "properties": {"highway": "motorway", "lanes": "3", "lit": "yes", "maxspeed": "120", "minspeed": "50", "name": "Autoestrada do Litoral Centro", "oneway": "yes", "operator": "BRISAL", "ref": "A 17;IC 1", "smoothness": "excellent", "surface": "asphalt", "toll": "yes"}}, {"type": "Feature", "geometry": {"type": "LineString", "coordinates": [[-8.8080521, 40.0504762], [-8.8088719, 40.0496507], [-8.8094829, 40.0489631]]}, "properties": {"highway": "motorway", "lanes": "3", "maxspeed": "120", "minspeed": "50", "name": "Autoestrada do Litoral Centro", "oneway": "yes", "operator": "BRISAL", "ref": "A 17;IC 1", "smoothness": "excellent", "surface": "asphalt", "toll": "yes", "turn:lanes": "through|through|through;right"}}, {"type": "Feature", "geometry": {"type": "LineString", "coordinates": [[-8.8094829, 40.0489631], [-8.8102157, 40.0481267], [-8.811262, 40.0464723], [-8.8116133, 40.0458653]]}, "properties": {"highway": "motorway", "lanes": "4", "maxspeed": "120", "minspeed": "50", "name": "Autoestrada do Litoral Centro", "oneway": "yes", "operator": "BRISAL", "ref": "A 17;IC 1", "smoothness": "excellent", "surface": "asphalt", "toll": "yes", "turn:lanes": "|||slight_right"}}, {"type": "Feature", "geometry": {"type": "LineString", "coordinates": [[-8.8116133, 40.0458653], [-8.8121841, 40.0446521]]}, "properties": {"highway": "motorway", "lanes": "3", "maxspeed": "120", "minspeed": "50", "name": "Autoestrada do Litoral Centro", "oneway": "yes", "operator": "BRISAL", "ref": "A 17;IC 1", "smoothness": "excellent", "surface": "asphalt", "toll": "yes"}}, {"type": "Feature", "geometry": {"type": "LineString", "coordinates": [[-8.8130838, 40.0418445], [-8.8131321, 40.041523], [-8.813227, 40.0408218], [-8.8133133, 40.0401227], [-8.813334, 40.039551]]}, "properties": {"highway": "motorway", "lanes": "4", "maxspeed": "120", "minspeed": "50", "name": "Autoestrada do Litoral Centro", "oneway": "yes", "operator": "BRISAL", "ref": "A 17;IC 1", "smoothness": "excellent", "surface": "asphalt", "toll": "yes", "turn:lanes": "|||merge_to_left"}}, {"type": "Feature", "geometry": {"type": "LineString", "coordinates": [[-8.8126087, 40.0435643], [-8.8127279, 40.0431554], [-8.8130838, 40.0418445]]}, "properties": {"highway": "motorway", "lanes": "3", "maxspeed": "120", "minspeed": "50", "name": "Autoestrada do Litoral Centro", "oneway": "yes", "operator": "BRISAL", "ref": "A 17;IC 1", "smoothness": "excellent", "surface": "asphalt", "toll": "yes"}}, {"type": "Feature", "geometry": {"type": "LineString", "coordinates": [[-8.8131595, 40.0385668], [-8.8130211, 40.0403197]]}, "properties": {"highway": "motorway", "lanes": "4", "maxspeed": "120", "minspeed": "50", "name": "Autoestrada do Litoral Centro", "oneway": "yes", "operator": "BRISAL", "ref": "A 17;IC 1", "smoothness": "excellent", "surface": "asphalt", "toll": "yes", "turn:lanes": "|||slight_right"}}, {"type": "Feature", "geometry": {"type": "LineString", "coordinates": [[-8.8131916, 40.0368993], [-8.8131726, 40.0375264], [-8.8131595, 40.0385668]]}, "properties": {"highway": "motorway", "lanes": "3", "maxheight:signed": "no", "maxspeed": "120", "minspeed": "50", "name": "Autoestrada do Litoral Centro", "oneway": "yes", "operator": "BRISAL", "ref": "A 17;IC 1", "smoothness": "excellent", "surface": "asphalt", "toll": "yes", "turn:lanes": "through|through|through;right"}}, {"type": "Feature", "geometry": {"type": "LineString", "coordinates": [[-8.8130211, 40.0403197], [-8.8130261, 40.0405506], [-8.8130003, 40.0408106], [-8.8128825, 40.0415833], [-8.8127518, 40.0421878], [-8.8125145, 40.0431189], [-8.8121871, 40.0440229]]}, "properties": {"highway": "motorway", "lanes": "3", "maxheight:signed": "no", "maxspeed": "120", "minspeed": "50", "name": "Autoestrada do Litoral Centro", "oneway": "yes", "operator": "BRISAL", "ref": "A 17;IC 1", "smoothness": "excellent", "surface": "asphalt", "toll": "yes"}}, {"type": "Feature", "geometry": {"type": "LineString", "coordinates": [[-8.7914757, 39.9860664], [-8.7923705, 39.9866775]]}, "properties": {"highway": "motorway", "lanes": "3", "lit": "no", "maxspeed": "120", "minspeed": "50", "name": "Autoestrada do Litoral Centro", "oneway": "yes", "operator": "BRISAL", "ref": "A 17;IC 1", "smoothness": "excellent", "surface": "asphalt", "toll": "yes", "turn:lanes": "through|through|through;right"}}, {"type": "Feature", "geometry": {"type": "LineString", "coordinates": [[-8.7982109, 39.9950556], [-8.7981735, 39.9948269], [-8.798062, 39.9942412], [-8.7978544, 39.9934658]]}, "properties": {"highway": "motorway", "lanes": "3", "lit": "no", "maxspeed": "120", "minspeed": "50", "name": "Autoestrada do Litoral Centro", "oneway": "yes", "operator": "BRISAL", "ref": "A 17;IC 1", "smoothness": "excellent", "surface": "asphalt", "toll": "yes", "turn:lanes": "through|through|through;right"}}, {"type": "Feature", "geometry": {"type": "LineString", "coordinates": [[-8.7978544, 39.9934658], [-8.7976503, 39.9928681], [-8.7975265, 39.9925527], [-8.7974337, 39.9923369], [-8.7970264, 39.9914671]]}, "properties": {"highway": "motorway", "lanes": "4", "lit": "no", "maxspeed": "120", "minspeed": "50", "name": "Autoestrada do Litoral Centro", "oneway": "yes", "operator": "BRISAL", "ref": "A 17;IC 1", "smoothness": "excellent", "surface": "asphalt", "toll": "yes", "turn:lanes": "|||slight_right"}}, {"type": "Feature", "geometry": {"type": "LineString", "coordinates": [[-8.7970264, 39.9914671], [-8.7963197, 39.9902875], [-8.7955625, 39.9893188]]}, "properties": {"highway": "motorway", "lanes": "3", "lit": "yes", "maxspeed": "120", "minspeed": "50", "name": "Autoestrada do Litoral Centro", "oneway": "yes", "operator": "BRISAL", "ref": "A 17;IC 1", "smoothness": "excellent", "surface": "asphalt", "toll": "yes"}}, {"type": "Feature", "geometry": {"type": "LineString", "coordinates": [[-8.7955625, 39.9893188], [-8.7948858, 39.9885356], [-8.7943787, 39.9880245], [-8.7938599, 39.9875836]]}, "properties": {"highway": "motorway", "lanes": "4", "lit": "yes", "maxspeed": "120", "minspeed": "50", "name": "Autoestrada do Litoral Centro", "oneway": "yes", "operator": "BRISAL", "ref": "A 17;IC 1", "smoothness": "excellent", "surface": "asphalt", "toll": "yes", "turn:lanes": "|||merge_to_left"}}, {"type": "Feature", "geometry": {"type": "LineString", "coordinates": [[-8.8000825, 40.0049917], [-8.7997223, 40.0043725], [-8.7996067, 40.0041542], [-8.7994628, 40.0038548], [-8.7992445, 40.0033506], [-8.7991136, 40.0030321], [-8.7989828, 40.0026899], [-8.7988825, 40.0023757], [-8.7987927, 40.002043], [-8.7987215, 40.001772], [-8.7986458, 40.0014213], [-8.7985614, 40.0009732], [-8.7985162, 40.0007089], [-8.7984895, 40.0004682], [-8.7984254, 39.9998277], [-8.7984013, 39.9994044], [-8.7983834, 39.9989005], [-8.7983734, 39.9980159], [-8.7983604, 39.9970696], [-8.7983578, 39.996736], [-8.7983429, 39.9963881], [-8.7983254, 39.9960675], [-8.7982955, 39.9957183], [-8.7982109, 39.9950556]]}, "properties": {"highway": "motorway", "lanes": "3", "lit": "no", "maxspeed": "120", "minspeed": "50", "name": "Autoestrada do Litoral Centro", "oneway": "yes", "operator": "BRISAL", "ref": "A 17;IC 1", "smoothness": "excellent", "surface": "asphalt", "toll": "yes"}}, {"type": "Feature", "geometry": {"type": "LineString", "coordinates": [[-8.7923705, 39.9866775], [-8.7932226, 39.9873299], [-8.7940103, 39.9879997]]}, "properties": {"highway": "motorway", "lanes": "4", "lit": "no", "maxspeed": "120", "minspeed": "50", "name": "Autoestrada do Litoral Centro", "oneway": "yes", "operator": "BRISAL", "ref": "A 17;IC 1", "smoothness": "excellent", "surface": "asphalt", "toll": "yes", "turn:lanes": "|||slight_right"}}, {"type": "Feature", "geometry": {"type": "LineString", "coordinates": [[-8.7967568, 39.9914482], [-8.7972087, 39.992388], [-8.7975839, 39.9932859]]}, "properties": {"highway": "motorway", "lanes": "4", "lit": "no", "maxspeed": "120", "minspeed": "50", "name": "Autoestrada do Litoral Centro", "oneway": "yes", "operator": "BRISAL", "ref": "A 17;IC 1", "smoothness": "excellent", "surface": "asphalt", "toll": "yes", "turn:lanes": "|||merge_to_left"}}, {"type": "Feature", "geometry": {"type": "LineString", "coordinates": [[-8.7940103, 39.9879997], [-8.7942145, 39.988148], [-8.7947245, 39.9886514], [-8.795593, 39.9896792], [-8.7959835, 39.9901906], [-8.7961881, 39.9904843], [-8.7963307, 39.9907021], [-8.7965732, 39.9910989], [-8.7967568, 39.9914482]]}, "properties": {"highway": "motorway", "lanes": "3", "lit": "yes", "maxspeed": "120", "minspeed": "50", "name": "Autoestrada do Litoral Centro", "oneway": "yes", "operator": "BRISAL", "ref": "A 17;IC 1", "smoothness": "excellent", "surface": "asphalt", "toll": "yes"}}, {"type": "Feature", "geometry": {"type": "LineString", "coordinates": [[-8.7981684, 39.9970885], [-8.7981966, 39.9995029], [-8.798212, 39.9997716], [-8.7982444, 40.0001441], [-8.7982829, 40.0004858], [-8.7983252, 40.0007976], [-8.7984187, 40.0013133], [-8.7984716, 40.0015783], [-8.7985276, 40.001829], [-8.7986338, 40.0022243], [-8.7987368, 40.002565], [-8.7988487, 40.002893], [-8.7989857, 40.0032391], [-8.7991517, 40.0036149], [-8.7992771, 40.0039271], [-8.7994057, 40.0041801], [-8.799538, 40.0044342], [-8.7996668, 40.0046647], [-8.79987, 40.0050031], [-8.8001103, 40.0054009], [-8.8003146, 40.0056859], [-8.8005282, 40.0059994], [-8.8007946, 40.0063443], [-8.8011098, 40.0067299], [-8.8014422, 40.0071378], [-8.8019232, 40.0076975], [-8.802584, 40.0084613]]}, "properties": {"highway": "motorway", "lanes": "3", "lit": "no", "maxspeed": "120", "minspeed": "50", "name": "Autoestrada do Litoral Centro", "oneway": "yes", "operator": "BRISAL", "ref": "A 17;IC 1", "smoothness": "excellent", "surface": "asphalt", "toll": "yes"}}, {"type": "Feature", "geometry": {"type": "LineString", "coordinates": [[-8.6007235, 40.6411652], [-8.6006612, 40.6413301]]}, "properties": {"destination": "Aveiro;Viseu;Porto", "destination:ref": "A 25;A 29", "highway": "motorway", "lanes": "2", "lit": "yes", "maxspeed": "120", "minspeed": "50", "name": "Autoestrada do Litoral Centro", "oneway": "yes", "operator": "BRISAL", "ref": "A 17;IC 1", "surface": "asphalt", "toll": "yes"}}, {"type": "Feature", "geometry": {"type": "LineString", "coordinates": [[-8.601593, 40.6394459], [-8.6022583, 40.6374727]]}, "properties": {"highway": "motorway", "lanes": "3", "lit": "yes", "maxspeed": "120", "minspeed": "50", "name": "Autoestrada do Litoral Centro", "oneway": "yes", "operator": "BRISAL", "ref": "A 17;IC 1", "surface": "asphalt", "toll": "yes", "turn:lanes": "||merge_to_left"}}, {"type": "Feature", "geometry": {"type": "LineString", "coordinates": [[-8.6020575, 40.6375609], [-8.6014993, 40.639189]]}, "properties": {"highway": "motorway", "lanes": "2", "lit": "yes", "maxspeed": "120", "minspeed": "50", "name": "Autoestrada do Litoral Centro", "oneway": "yes", "operator": "BRISAL", "ref": "A 17;IC 1", "surface": "asphalt", "toll": "yes", "turn:lanes": "through|through;right"}}, {"type": "Feature", "geometry": {"type": "LineString", "coordinates": [[-8.6003137, 40.6274058], [-8.5992505, 40.6258213]]}, "properties": {"highway": "motorway", "lanes": "3", "lit": "no", "maxspeed": "120", "minspeed": "50", "name": "Autoestrada do Litoral Centro", "oneway": "yes", "operator": "BRISAL", "ref": "A 17;IC 1", "surface": "asphalt", "toll": "yes", "turn:lanes": "||slight_right"}}, {"type": "Feature", "geometry": {"type": "LineString", "coordinates": [[-8.6014754, 40.6290657], [-8.6003137, 40.6274058]]}, "properties": {"highway": "motorway", "lanes": "2", "lit": "no", "maxspeed": "120", "minspeed": "50", "name": "Autoestrada do Litoral Centro", "oneway": "yes", "operator": "BRISAL", "ref": "A 17;IC 1", "surface": "asphalt", "toll": "yes", "turn:lanes": "through|through;right"}}, {"type": "Feature", "geometry": {"type": "LineString", "coordinates": [[-8.5992505, 40.6258213], [-8.5991082, 40.6256517], [-8.5980455, 40.6241374], [-8.5974821, 40.6233876], [-8.5970095, 40.6228422], [-8.5969683, 40.6227928], [-8.5967163, 40.6224966]]}, "properties": {"highway": "motorway", "lanes": "2", "lit": "yes", "maxspeed": "120", "minspeed": "50", "name": "Autoestrada do Litoral Centro", "oneway": "yes", "operator": "BRISAL", "ref": "A 17;IC 1", "surface": "asphalt", "toll": "yes"}}, {"type": "Feature", "geometry": {"type": "LineString", "coordinates": [[-8.5980318, 40.6244006], [-8.5991305, 40.6259628]]}, "properties": {"highway": "motorway", "lanes": "3", "lit": "yes", "maxspeed": "120", "minspeed": "50", "name": "Autoestrada do Litoral Centro", "oneway": "yes", "operator": "BRISAL", "ref": "A 17;IC 1", "surface": "asphalt", "toll": "yes", "turn:lanes": "||merge_to_left"}}, {"type": "Feature", "geometry": {"type": "LineString", "coordinates": [[-8.5960018, 40.6221209], [-8.5961575, 40.6222354], [-8.5965985, 40.6226172], [-8.5968833, 40.6229091], [-8.5973508, 40.6234487], [-8.5979106, 40.6241936], [-8.5980318, 40.6244006]]}, "properties": {"highway": "motorway", "lanes": "2", "lit": "yes", "maxspeed": "120", "minspeed": "50", "name": "Autoestrada do Litoral Centro", "oneway": "yes", "operator": "BRISAL", "ref": "A 17;IC 1", "surface": "asphalt", "toll": "yes"}}, {"type": "Feature", "geometry": {"type": "LineString", "coordinates": [[-8.5967163, 40.6224966], [-8.5960367, 40.621907], [-8.5954591, 40.6214704], [-8.594878, 40.6210991]]}, "properties": {"highway": "motorway", "lanes": "3", "lit": "yes", "maxspeed": "120", "minspeed": "50", "name": "Autoestrada do Litoral Centro", "oneway": "yes", "operator": "BRISAL", "ref": "A 17;IC 1", "surface": "asphalt", "toll": "yes", "turn:lanes": "||merge_to_left"}}, {"type": "Feature", "geometry": {"type": "LineString", "coordinates": [[-8.5941628, 40.6208004], [-8.5951911, 40.6214978], [-8.5960018, 40.6221209]]}, "properties": {"highway": "motorway", "lanes": "3", "lit": "yes", "maxspeed": "120", "minspeed": "50", "name": "Autoestrada do Litoral Centro", "oneway": "yes", "operator": "BRISAL", "ref": "A 17;IC 1", "surface": "asphalt", "toll": "yes", "turn:lanes": "||slight_right"}}, {"type": "Feature", "geometry": {"type": "LineString", "coordinates": [[-8.592466, 40.6197041], [-8.5941628, 40.6208004]]}, "properties": {"highway": "motorway", "lanes": "2", "lit": "yes", "maxspeed": "120", "minspeed": "50", "name": "Autoestrada do Litoral Centro", "oneway": "yes", "operator": "BRISAL", "ref": "A 17;IC 1", "surface": "asphalt", "toll": "yes", "turn:lanes": "through|through;right"}}, {"type": "Feature", "geometry": {"type": "LineString", "coordinates": [[-8.5991305, 40.6259628], [-8.6001615, 40.6274237], [-8.601776, 40.6297553], [-8.6021321, 40.6303828], [-8.6024244, 40.630991], [-8.6026531, 40.6316212], [-8.6028205, 40.6322522], [-8.6029331, 40.6328853], [-8.6029806, 40.6335379], [-8.6029595, 40.6342251], [-8.6028838, 40.6348796], [-8.6027411, 40.6355133], [-8.6025517, 40.6361499], [-8.6022248, 40.6370809], [-8.6020575, 40.6375609]]}, "properties": {"highway": "motorway", "lanes": "2", "lit": "no", "maxheight:signed": "no", "maxspeed": "120", "minspeed": "50", "name": "Autoestrada do Litoral Centro", "oneway": "yes", "operator": "BRISAL", "ref": "A 17;IC 1", "surface": "asphalt", "toll": "yes"}}, {"type": "Feature", "geometry": {"type": "LineString", "coordinates": [[-8.6022583, 40.6374727], [-8.6027013, 40.6361774], [-8.6028921, 40.635536], [-8.6030365, 40.6348946], [-8.6031132, 40.6342315], [-8.6031346, 40.633536], [-8.6030864, 40.6328743], [-8.6029723, 40.6322329], [-8.6028029, 40.6315941], [-8.6025711, 40.6309554], [-8.6022751, 40.6303397], [-8.6019149, 40.629705], [-8.6014754, 40.6290657]]}, "properties": {"highway": "motorway", "lanes": "2", "lit": "no", "maxheight:signed": "no", "maxspeed": "120", "minspeed": "50", "name": "Autoestrada do Litoral Centro", "oneway": "yes", "operator": "BRISAL", "ref": "A 17;IC 1", "surface": "asphalt", "toll": "yes"}}, {"type": "Feature", "geometry": {"type": "LineString", "coordinates": [[-8.5970551, 40.5891666], [-8.5971807, 40.5889548], [-8.597639, 40.5882574], [-8.5981115, 40.5876413]]}, "properties": {"highway": "motorway", "lanes": "2", "lit": "no", "maxspeed": "120", "minspeed": "50", "name": "Autoestrada do Litoral Centro", "oneway": "yes", "operator": "BRISAL", "ref": "A 17;IC 1", "surface": "asphalt", "toll": "yes", "turn:lanes": "through|through;right"}}, {"type": "Feature", "geometry": {"type": "LineString", "coordinates": [[-8.5981115, 40.5876413], [-8.5992994, 40.5862864]]}, "properties": {"highway": "motorway", "lanes": "3", "lit": "yes", "maxspeed": "120", "minspeed": "50", "name": "Autoestrada do Litoral Centro", "oneway": "yes", "operator": "BRISAL", "ref": "A 17;IC 1", "surface": "asphalt", "toll": "yes", "turn:lanes": "||slight_right"}}, {"type": "Feature", "geometry": {"type": "LineString", "coordinates": [[-8.5990303, 40.5863316], [-8.5983935, 40.5870666], [-8.5977982, 40.5878019]]}, "properties": {"highway": "motorway", "lanes": "3", "lit": "yes", "maxspeed": "120", "minspeed": "50", "name": "Autoestrada do Litoral Centro", "oneway": "yes", "operator": "BRISAL", "ref": "A 17;IC 1", "surface": "asphalt", "toll": "yes", "turn:lanes": "||merge_to_left"}}, {"type": "Feature", "geometry": {"type": "LineString", "coordinates": [[-8.5992096, 40.5861541], [-8.5990303, 40.5863316]]}, "properties": {"highway": "motorway", "lanes": "2", "lit": "yes", "maxspeed": "120", "minspeed": "50", "name": "Autoestrada do Litoral Centro", "oneway": "yes", "operator": "BRISAL", "ref": "A 17;IC 1", "surface": "asphalt", "toll": "yes"}}, {"type": "Feature", "geometry": {"type": "LineString", "coordinates": [[-8.5992994, 40.5862864], [-8.5994095, 40.5861569]]}, "properties": {"bridge": "yes", "bridge:ref": "A17.027", "highway": "motorway", "lanes": "3", "layer": "1", "lit": "yes", "maxspeed": "120", "minspeed": "50", "name": "Autoestrada do Litoral Centro", "oneway": "yes", "operator": "BRISAL", "ref": "A 17;IC 1", "surface": "asphalt", "toll": "yes", "turn:lanes": "||slight_right"}}, {"type": "Feature", "geometry": {"type": "LineString", "coordinates": [[-8.603836, 40.5810705], [-8.6049724, 40.5797693]]}, "properties": {"highway": "motorway", "lanes": "3", "maxspeed": "120", "minspeed": "50", "name": "Autoestrada do Litoral Centro", "oneway": "yes", "operator": "BRISAL", "ref": "A 17;IC 1", "surface": "asphalt", "toll": "yes", "turn:lanes": "||merge_to_left"}}, {"type": "Feature", "geometry": {"type": "LineString", "coordinates": [[-8.6049724, 40.5797693], [-8.6051622, 40.5795599]]}, "properties": {"highway": "motorway", "lanes": "2", "lit": "yes", "maxspeed": "120", "minspeed": "50", "name": "Autoestrada do Litoral Centro", "oneway": "yes", "operator": "BRISAL", "ref": "A 17;IC 1", "surface": "asphalt", "toll": "yes"}}, {"type": "Feature", "geometry": {"type": "LineString", "coordinates": [[-8.603693, 40.5810091], [-8.6020145, 40.5828712]]}, "properties": {"highway": "motorway", "lanes": "2", "lit": "yes", "maxspeed": "120", "minspeed": "50", "name": "Autoestrada do Litoral Centro", "oneway": "yes", "operator": "BRISAL", "ref": "A 17;IC 1", "surface": "asphalt", "toll": "yes"}}, {"type": "Feature", "geometry": {"type": "LineString", "coordinates": [[-8.6050596, 40.5794573], [-8.6048303, 40.5797184]]}, "properties": {"highway": "motorway", "lanes": "2", "lit": "yes", "maxspeed": "120", "minspeed": "50", "name": "Autoestrada do Litoral Centro", "oneway": "yes", "operator": "BRISAL", "ref": "A 17;IC 1", "surface": "asphalt", "toll": "yes", "turn:lanes": "through|through;right"}}, {"type": "Feature", "geometry": {"type": "LineString", "coordinates": [[-8.6060733, 40.578296], [-8.6054768, 40.5789775]]}, "properties": {"highway": "motorway", "lanes": "2", "maxspeed": "120", "minspeed": "50", "name": "Autoestrada do Litoral Centro", "oneway": "yes", "operator": "BRISAL", "ref": "A 17;IC 1", "surface": "asphalt", "toll": "yes", "turn:lanes": "through|through;right"}}, {"type": "Feature", "geometry": {"type": "LineString", "coordinates": [[-8.6077002, 40.5766504], [-8.6089957, 40.575151]]}, "properties": {"highway": "motorway", "lanes": "2", "maxspeed": "120", "minspeed": "50", "name": "Autoestrada do Litoral Centro", "oneway": "yes", "operator": "BRISAL", "ref": "A 17;IC 1", "surface": "asphalt", "toll": "yes", "turn:lanes": "through|through;right"}}, {"type": "Feature", "geometry": {"type": "LineString", "coordinates": [[-8.6055844, 40.5790756], [-8.6077002, 40.5766504]]}, "properties": {"highway": "motorway", "lanes": "2", "maxspeed": "120", "minspeed": "50", "name": "Autoestrada do Litoral Centro", "oneway": "yes", "operator": "BRISAL", "ref": "A 17;IC 1", "surface": "asphalt", "toll": "yes"}}, {"type": "Feature", "geometry": {"type": "LineString", "coordinates": [[-8.6089957, 40.575151], [-8.6092037, 40.5749193]]}, "properties": {"highway": "motorway", "lanes": "3", "maxspeed": "120", "minspeed": "50", "name": "Autoestrada do Litoral Centro", "oneway": "yes", "operator": "BRISAL", "ref": "A 17;IC 1", "surface": "asphalt", "toll": "yes", "turn:lanes": "||slight_right"}}, {"type": "Feature", "geometry": {"type": "LineString", "coordinates": [[-8.6102602, 40.5734484], [-8.6091477, 40.5747365]]}, "properties": {"highway": "motorway", "lanes": "2", "maxspeed": "120", "minspeed": "50", "name": "Autoestrada do Litoral Centro", "oneway": "yes", "operator": "BRISAL", "ref": "A 17;IC 1", "surface": "asphalt", "toll": "yes"}}, {"type": "Feature", "geometry": {"type": "LineString", "coordinates": [[-8.6126792, 40.5694092], [-8.6125897, 40.5696376], [-8.6121769, 40.5705266], [-8.6115952, 40.5715343], [-8.6114473, 40.571747]]}, "properties": {"highway": "motorway", "lanes": "2", "lit": "yes", "maxspeed": "120", "minspeed": "50", "name": "Autoestrada do Litoral Centro", "oneway": "yes", "operator": "BRISAL", "ref": "A 17;IC 1", "surface": "asphalt", "toll": "yes"}}, {"type": "Feature", "geometry": {"type": "LineString", "coordinates": [[-8.612432, 40.570405], [-8.6129964, 40.5691324], [-8.6132249, 40.5684705]]}, "properties": {"highway": "motorway", "lanes": "3", "lit": "yes", "maxspeed": "120", "minspeed": "50", "name": "Autoestrada do Litoral Centro", "oneway": "yes", "operator": "BRISAL", "ref": "A 17;IC 1", "smoothness": "excellent", "surface": "asphalt", "toll": "yes", "turn:lanes": "||merge_to_left"}}, {"type": "Feature", "geometry": {"type": "LineString", "coordinates": [[-8.6134008, 40.5674591], [-8.6126792, 40.5694092]]}, "properties": {"highway": "motorway", "lanes": "3", "lit": "yes", "maxspeed": "120", "minspeed": "50", "name": "Autoestrada do Litoral Centro", "oneway": "yes", "operator": "BRISAL", "ref": "A 17;IC 1", "smoothness": "excellent", "surface": "asphalt", "toll": "yes", "turn:lanes": "||slight_right"}}, {"type": "Feature", "geometry": {"type": "LineString", "coordinates": [[-8.6132249, 40.5684705], [-8.6134375, 40.5678397], [-8.6151296, 40.5623637], [-8.6156837, 40.5605577], [-8.6181948, 40.5524389]]}, "properties": {"highway": "motorway", "lanes": "2", "lit": "no", "maxspeed": "120", "minspeed": "50", "name": "Autoestrada do Litoral Centro", "oneway": "yes", "operator": "BRISAL", "ref": "A 17;IC 1", "smoothness": "excellent", "surface": "asphalt", "toll": "yes"}}, {"type": "Feature", "geometry": {"type": "LineString", "coordinates": [[-8.6138874, 40.5658889], [-8.6134008, 40.5674591]]}, "properties": {"highway": "motorway", "lanes": "2", "lit": "no", "maxspeed": "120", "minspeed": "50", "name": "Autoestrada do Litoral Centro", "oneway": "yes", "operator": "BRISAL", "ref": "A 17;IC 1", "smoothness": "excellent", "surface": "asphalt", "toll": "yes", "turn:lanes": "through|through;right"}}, {"type": "Feature", "geometry": {"type": "LineString", "coordinates": [[-8.6180583, 40.5523504], [-8.6155247, 40.560526], [-8.6150634, 40.5620567], [-8.6138874, 40.5658889]]}, "properties": {"highway": "motorway", "lanes": "2", "lit": "no", "maxheight": "5.49", "maxspeed": "120", "minspeed": "50", "name": "Autoestrada do Litoral Centro", "oneway": "yes", "operator": "BRISAL", "ref": "A 17;IC 1", "smoothness": "excellent", "surface": "asphalt", "toll": "yes"}}, {"type": "Feature", "geometry": {"type": "LineString", "coordinates": [[-8.6256992, 40.5416355], [-8.626009, 40.5414755]]}, "properties": {"highway": "motorway", "lanes": "2", "lit": "no", "maxspeed": "120", "minspeed": "50", "name": "Autoestrada do Litoral Centro", "oneway": "yes", "operator": "BRISAL", "ref": "A 17;IC 1", "smoothness": "excellent", "surface": "asphalt", "toll": "yes", "turn:lanes": "through|through;right"}}, {"type": "Feature", "geometry": {"type": "LineString", "coordinates": [[-8.6275338, 40.5406877], [-8.6283654, 40.5402696]]}, "properties": {"highway": "motorway", "lanes": "3", "lit": "no", "maxspeed": "120", "minspeed": "50", "name": "Autoestrada do Litoral Centro", "oneway": "yes", "operator": "BRISAL", "ref": "A 17;IC 1", "smoothness": "excellent", "surface": "asphalt", "toll": "yes", "turn:lanes": "||slight_right"}}, {"type": "Feature", "geometry": {"type": "LineString", "coordinates": [[-8.6248252, 40.5420782], [-8.6256992, 40.5416355]]}, "properties": {"highway": "motorway", "lanes": "2", "lit": "no", "maxspeed": "120", "minspeed": "50", "name": "Autoestrada do Litoral Centro", "oneway": "yes", "operator": "BRISAL", "ref": "A 17;IC 1", "smoothness": "excellent", "surface": "asphalt", "toll": "yes"}}, {"type": "Feature", "geometry": {"type": "LineString", "coordinates": [[-8.631757, 40.5383761], [-8.6296426, 40.5394613]]}, "properties": {"highway": "motorway", "lanes": "3", "lit": "yes", "maxheight": "6.16", "maxspeed": "120", "minspeed": "50", "name": "Autoestrada do Litoral Centro", "oneway": "yes", "operator": "BRISAL", "ref": "A 17;IC 1", "smoothness": "excellent", "surface": "asphalt", "toll": "yes", "turn:lanes": "||merge_to_left"}}, {"type": "Feature", "geometry": {"type": "LineString", "coordinates": [[-8.6344933, 40.5369227], [-8.634171, 40.5371185], [-8.6322043, 40.538158], [-8.631757, 40.5383761]]}, "properties": {"highway": "motorway", "lanes": "2", "lit": "yes", "maxspeed": "120", "minspeed": "50", "name": "Autoestrada do Litoral Centro", "oneway": "yes", "operator": "BRISAL", "ref": "A 17;IC 1", "smoothness": "excellent", "surface": "asphalt", "toll": "yes"}}, {"type": "Feature", "geometry": {"type": "LineString", "coordinates": [[-8.6339429, 40.5374169], [-8.6347011, 40.5369924], [-8.6359157, 40.5362643]]}, "properties": {"highway": "motorway", "lanes": "3", "lit": "yes", "maxspeed": "120", "minspeed": "50", "name": "Autoestrada do Litoral Centro", "oneway": "yes", "operator": "BRISAL", "ref": "A 17;IC 1", "smoothness": "excellent", "surface": "asphalt", "toll": "yes", "turn:lanes": "||merge_to_left"}}, {"type": "Feature", "geometry": {"type": "LineString", "coordinates": [[-8.6296894, 40.539604], [-8.6300509, 40.5394037], [-8.6339429, 40.5374169]]}, "properties": {"highway": "motorway", "lanes": "2", "lit": "yes", "maxspeed": "120", "minspeed": "50", "name": "Autoestrada do Litoral Centro", "oneway": "yes", "operator": "BRISAL", "ref": "A 17;IC 1", "smoothness": "excellent", "surface": "asphalt", "toll": "yes"}}, {"type": "Feature", "geometry": {"type": "LineString", "coordinates": [[-8.6382648, 40.5346241], [-8.6366394, 40.5356636]]}, "properties": {"highway": "motorway", "lanes": "2", "lit": "no", "maxheight": "9.28", "maxspeed": "120", "minspeed": "50", "name": "Autoestrada do Litoral Centro", "oneway": "yes", "operator": "BRISAL", "ref": "A 17;IC 1", "smoothness": "excellent", "surface": "asphalt", "toll": "yes", "turn:lanes": "through|through;right"}}, {"type": "Feature", "geometry": {"type": "LineString", "coordinates": [[-8.6366394, 40.5356636], [-8.6344933, 40.5369227]]}, "properties": {"highway": "motorway", "lanes": "3", "lit": "yes", "maxspeed": "120", "minspeed": "50", "name": "Autoestrada do Litoral Centro", "oneway": "yes", "operator": "BRISAL", "ref": "A 17;IC 1", "smoothness": "excellent", "surface": "asphalt", "toll": "yes", "turn:lanes": "||slight_right"}}, {"type": "Feature", "geometry": {"type": "LineString", "coordinates": [[-8.6502702, 40.5265144], [-8.6475471, 40.5283528], [-8.6430922, 40.5313604], [-8.6382648, 40.5346241]]}, "properties": {"highway": "motorway", "lanes": "2", "lit": "no", "maxheight": "8.66", "maxspeed": "120", "minspeed": "50", "name": "Autoestrada do Litoral Centro", "oneway": "yes", "operator": "BRISAL", "ref": "A 17;IC 1", "smoothness": "excellent", "surface": "asphalt", "toll": "yes"}}, {"type": "Feature", "geometry": {"type": "LineString", "coordinates": [[-8.6641185, 40.5110412], [-8.6654968, 40.5098818]]}, "properties": {"highway": "motorway", "lanes": "3", "lit": "yes", "maxspeed": "120", "minspeed": "50", "name": "Autoestrada do Litoral Centro", "oneway": "yes", "operator": "BRISAL", "ref": "A 17;IC 1", "smoothness": "excellent", "surface": "asphalt", "toll": "yes", "turn:lanes": "||slight_right"}}, {"type": "Feature", "geometry": {"type": "LineString", "coordinates": [[-8.6532669, 40.5242793], [-8.652788, 40.5247037], [-8.6521387, 40.5252014], [-8.6502702, 40.5265144]]}, "properties": {"highway": "motorway", "lanes": "3", "lit": "no", "maxspeed": "120", "minspeed": "50", "name": "Autoestrada do Litoral Centro", "oneway": "yes", "operator": "BRISAL", "ref": "A 17;IC 1", "smoothness": "excellent", "surface": "asphalt", "toll": "yes", "turn:lanes": "||merge_to_left"}}, {"type": "Feature", "geometry": {"type": "LineString", "coordinates": [[-8.6567303, 40.5176877], [-8.6562806, 40.5185106], [-8.6559919, 40.5192173], [-8.655411, 40.5210106], [-8.6550706, 40.5218271], [-8.6546834, 40.5225295], [-8.6541114, 40.5233468], [-8.6532669, 40.5242793]]}, "properties": {"highway": "motorway", "lanes": "3", "lit": "no", "maxheight": "8.6", "maxspeed": "120", "minspeed": "50", "name": "Autoestrada do Litoral Centro", "oneway": "yes", "operator": "BRISAL", "ref": "A 17;IC 1", "smoothness": "excellent", "surface": "asphalt", "toll": "yes"}}, {"type": "Feature", "geometry": {"type": "LineString", "coordinates": [[-8.6654483, 40.5096398], [-8.663993, 40.5109198]]}, "properties": {"highway": "motorway", "lanes": "3", "lit": "yes", "maxspeed": "120", "minspeed": "50", "name": "Autoestrada do Litoral Centro", "oneway": "yes", "operator": "BRISAL", "ref": "A 17;IC 1", "smoothness": "excellent", "surface": "asphalt", "toll": "yes", "turn:lanes": "||merge_to_left"}}, {"type": "Feature", "geometry": {"type": "LineString", "coordinates": [[-8.6640174, 40.5111264], [-8.6641185, 40.5110412]]}, "properties": {"highway": "motorway", "lanes": "2", "lit": "no", "maxspeed": "120", "minspeed": "50", "name": "Autoestrada do Litoral Centro", "oneway": "yes", "operator": "BRISAL", "ref": "A 17;IC 1", "smoothness": "excellent", "surface": "asphalt", "toll": "yes"}}, {"type": "Feature", "geometry": {"type": "LineString", "coordinates": [[-8.6714979, 40.5048049], [-8.6731243, 40.503412]]}, "properties": {"highway": "motorway", "lanes": "3", "maxspeed": "120", "minspeed": "50", "name": "Autoestrada do Litoral Centro", "oneway": "yes", "operator": "BRISAL", "ref": "A 17;IC 1", "smoothness": "excellent", "surface": "asphalt", "toll": "yes", "turn:lanes": "||slight_right"}}, {"type": "Feature", "geometry": {"type": "LineString", "coordinates": [[-8.6700951, 40.5059633], [-8.6714979, 40.5048049]]}, "properties": {"highway": "motorway", "lanes": "3", "maxspeed": "120", "minspeed": "50", "name": "Autoestrada do Litoral Centro", "oneway": "yes", "operator": "BRISAL", "ref": "A 17;IC 1", "smoothness": "excellent", "surface": "asphalt", "toll": "yes", "turn:lanes": "through|through|right"}}, {"type": "Feature", "geometry": {"type": "LineString", "coordinates": [[-8.6686135, 40.5072067], [-8.6700951, 40.5059633]]}, "properties": {"highway": "motorway", "lanes": "3", "lit": "yes", "maxspeed": "120", "minspeed": "50", "name": "Autoestrada do Litoral Centro", "oneway": "yes", "operator": "BRISAL", "ref": "A 17;IC 1", "smoothness": "excellent", "surface": "asphalt", "toll": "yes", "turn:lanes": "||merge_to_left"}}, {"type": "Feature", "geometry": {"type": "LineString", "coordinates": [[-8.6731243, 40.503412], [-8.6732604, 40.503296], [-8.673904, 40.5027233], [-8.67477, 40.5018477], [-8.6754408, 40.5010809], [-8.6758631, 40.5005818]]}, "properties": {"highway": "motorway", "lanes": "2", "lit": "yes", "maxspeed": "120", "minspeed": "50", "name": "Autoestrada do Litoral Centro", "oneway": "yes", "operator": "BRISAL", "ref": "A 17;IC 1", "smoothness": "excellent", "surface": "asphalt", "toll": "yes"}}, {"type": "Feature", "geometry": {"type": "LineString", "coordinates": [[-8.6758631, 40.5005818], [-8.6762686, 40.5000544], [-8.676862, 40.4991249]]}, "properties": {"highway": "motorway", "lanes": "3", "lit": "yes", "maxspeed": "120", "minspeed": "50", "name": "Autoestrada do Litoral Centro", "oneway": "yes", "operator": "BRISAL", "ref": "A 17;IC 1", "smoothness": "excellent", "surface": "asphalt", "toll": "yes", "turn:lanes": "||merge_to_left"}}, {"type": "Feature", "geometry": {"type": "LineString", "coordinates": [[-8.6654968, 40.5098818], [-8.6658106, 40.5095974], [-8.6681928, 40.5075137], [-8.6686135, 40.5072067]]}, "properties": {"highway": "motorway", "lanes": "2", "lit": "yes", "maxspeed": "120", "minspeed": "50", "name": "Autoestrada do Litoral Centro", "oneway": "yes", "operator": "BRISAL", "ref": "A 17;IC 1", "smoothness": "excellent", "surface": "asphalt", "toll": "yes"}}, {"type": "Feature", "geometry": {"type": "LineString", "coordinates": [[-8.671512, 40.5045592], [-8.6692735, 40.506406]]}, "properties": {"highway": "motorway", "lanes": "3", "maxspeed": "120", "minspeed": "50", "name": "Autoestrada do Litoral Centro", "oneway": "yes", "operator": "BRISAL", "ref": "A 17;IC 1", "smoothness": "excellent", "surface": "asphalt", "toll": "yes"}}, {"type": "Feature", "geometry": {"type": "LineString", "coordinates": [[-8.6692735, 40.506406], [-8.6691504, 40.5065193], [-8.6654483, 40.5096398]]}, "properties": {"highway": "motorway", "lanes": "2", "lit": "yes", "maxspeed": "120", "minspeed": "50", "name": "Autoestrada do Litoral Centro", "oneway": "yes", "operator": "BRISAL", "ref": "A 17;IC 1", "smoothness": "excellent", "surface": "asphalt", "toll": "yes"}}, {"type": "Feature", "geometry": {"type": "LineString", "coordinates": [[-8.6762426, 40.4997789], [-8.6760994, 40.5000123], [-8.6754255, 40.5008959], [-8.6747437, 40.5016747], [-8.6745147, 40.5018832]]}, "properties": {"highway": "motorway", "lanes": "2", "lit": "yes", "maxspeed": "120", "minspeed": "50", "name": "Autoestrada do Litoral Centro", "oneway": "yes", "operator": "BRISAL", "ref": "A 17;IC 1", "smoothness": "excellent", "surface": "asphalt", "toll": "yes"}}, {"type": "Feature", "geometry": {"type": "LineString", "coordinates": [[-8.6780619, 40.4963681], [-8.6777539, 40.497101], [-8.6773735, 40.4979008]]}, "properties": {"highway": "motorway", "lanes": "2", "lit": "no", "maxspeed": "120", "minspeed": "50", "name": "Autoestrada do Litoral Centro", "oneway": "yes", "operator": "BRISAL", "ref": "A 17;IC 1", "smoothness": "excellent", "surface": "asphalt", "toll": "yes", "turn:lanes": "through|through;right"}}, {"type": "Feature", "geometry": {"type": "LineString", "coordinates": [[-8.6773735, 40.4979008], [-8.6768007, 40.4988954], [-8.6762426, 40.4997789]]}, "properties": {"highway": "motorway", "lanes": "3", "lit": "no", "maxspeed": "120", "minspeed": "50", "name": "Autoestrada do Litoral Centro", "oneway": "yes", "operator": "BRISAL", "ref": "A 17;IC 1", "smoothness": "excellent", "surface": "asphalt", "toll": "yes", "turn:lanes": "||slight_right"}}, {"type": "Feature", "geometry": {"type": "LineString", "coordinates": [[-8.6745147, 40.5018832], [-8.673801, 40.5025845], [-8.6731714, 40.5031871], [-8.671512, 40.5045592]]}, "properties": {"highway": "motorway", "lanes": "3", "lit": "yes", "maxspeed": "120", "minspeed": "50", "name": "Autoestrada do Litoral Centro", "oneway": "yes", "operator": "BRISAL", "ref": "A 17;IC 1", "smoothness": "excellent", "surface": "asphalt", "toll": "yes", "turn:lanes": "||merge_to_left"}}, {"type": "Feature", "geometry": {"type": "LineString", "coordinates": [[-8.6996545, 40.4535054], [-8.6999214, 40.4525769], [-8.7001576, 40.4515884]]}, "properties": {"highway": "motorway", "lanes": "3", "lit": "yes", "maxspeed": "120", "minspeed": "50", "name": "Autoestrada do Litoral Centro", "oneway": "yes", "operator": "BRISAL", "ref": "A 17;IC 1", "smoothness": "excellent", "surface": "asphalt", "toll": "yes", "turn:lanes": "||merge_to_left"}}, {"type": "Feature", "geometry": {"type": "LineString", "coordinates": [[-8.7001576, 40.4515884], [-8.7005402, 40.4500588]]}, "properties": {"highway": "motorway", "lanes": "2", "lit": "no", "maxspeed": "120", "minspeed": "50", "name": "Autoestrada do Litoral Centro", "oneway": "yes", "operator": "BRISAL", "ref": "A 17;IC 1", "smoothness": "excellent", "surface": "asphalt", "toll": "yes"}}, {"type": "Feature", "geometry": {"type": "LineString", "coordinates": [[-8.7009492, 40.4477707], [-8.7005949, 40.4492207]]}, "properties": {"highway": "motorway", "lanes": "2", "lit": "no", "maxspeed": "120", "minspeed": "50", "name": "Autoestrada do Litoral Centro", "oneway": "yes", "operator": "BRISAL", "ref": "A 17;IC 1", "smoothness": "excellent", "surface": "asphalt", "toll": "yes"}}, {"type": "Feature", "geometry": {"type": "LineString", "coordinates": [[-8.7017898, 40.443688], [-8.7015879, 40.4447539]]}, "properties": {"highway": "motorway", "lanes": "2", "lit": "yes", "maxspeed": "40", "name": "Autoestrada do Litoral Centro", "oneway": "yes", "operator": "BRISAL", "ref": "A 17;IC 1", "smoothness": "excellent", "surface": "asphalt", "toll": "yes", "turn:lanes": "|merge_to_left"}}, {"type": "Feature", "geometry": {"type": "LineString", "coordinates": [[-8.7019202, 40.4430147], [-8.7017898, 40.443688]]}, "properties": {"highway": "motorway", "lanes": "2", "lit": "yes", "maxspeed": "40", "name": "Autoestrada do Litoral Centro", "oneway": "yes", "operator": "BRISAL", "ref": "A 17;IC 1", "smoothness": "excellent", "surface": "asphalt", "toll": "yes"}}, {"type": "Feature", "geometry": {"type": "LineString", "coordinates": [[-8.7019711, 40.4427616], [-8.7019202, 40.4430147]]}, "properties": {"highway": "motorway", "lanes": "3", "lit": "yes", "maxspeed": "40", "name": "Autoestrada do Litoral Centro", "oneway": "yes", "operator": "BRISAL", "ref": "A 17;IC 1", "smoothness": "excellent", "surface": "asphalt", "toll": "yes"}}, {"type": "Feature", "geometry": {"type": "LineString", "coordinates": [[-8.7020516, 40.4424043], [-8.7020283, 40.4425078], [-8.7019711, 40.4427616]]}, "properties": {"highway": "motorway", "lanes": "4", "lit": "yes", "maxspeed": "40", "name": "Autoestrada do Litoral Centro", "oneway": "yes", "operator": "BRISAL", "ref": "A 17;IC 1", "smoothness": "excellent", "surface": "asphalt", "toll": "yes"}}, {"type": "Feature", "geometry": {"type": "LineString", "coordinates": [[-8.7022448, 40.4416286], [-8.7021383, 40.4420526], [-8.7020516, 40.4424043]]}, "properties": {"highway": "motorway", "lanes": "5", "lit": "yes", "maxspeed": "40", "name": "Autoestrada do Litoral Centro", "oneway": "yes", "operator": "BRISAL", "ref": "A 17;IC 1", "smoothness": "excellent", "surface": "asphalt", "toll": "yes"}}, {"type": "Feature", "geometry": {"type": "LineString", "coordinates": [[-8.7023681, 40.4412142], [-8.7022448, 40.4416286]]}, "properties": {"highway": "motorway", "lanes": "4", "lit": "yes", "maxspeed": "40", "name": "Autoestrada do Litoral Centro", "oneway": "yes", "operator": "BRISAL", "ref": "A 17;IC 1", "smoothness": "excellent", "surface": "asphalt", "toll": "yes"}}, {"type": "Feature", "geometry": {"type": "LineString", "coordinates": [[-8.7025053, 40.4407539], [-8.7023681, 40.4412142]]}, "properties": {"highway": "motorway", "lanes": "3", "lit": "yes", "maxspeed": "40", "name": "Autoestrada do Litoral Centro", "oneway": "yes", "operator": "BRISAL", "ref": "A 17;IC 1", "smoothness": "excellent", "surface": "asphalt", "toll": "yes"}}, {"type": "Feature", "geometry": {"type": "LineString", "coordinates": [[-8.7032232, 40.4385375], [-8.7030534, 40.4389728]]}, "properties": {"highway": "motorway", "lanes": "1", "lit": "yes", "maxspeed": "60", "name": "Autoestrada do Litoral Centro", "oneway": "yes", "operator": "BRISAL", "ref": "A 17;IC 1", "smoothness": "excellent", "surface": "asphalt", "toll": "yes"}}, {"type": "Feature", "geometry": {"type": "LineString", "coordinates": [[-8.704961, 40.4325518], [-8.7045659, 40.4337494], [-8.7044482, 40.434163]]}, "properties": {"highway": "motorway", "lanes": "2", "lit": "no", "maxspeed": "120", "minspeed": "50", "name": "Autoestrada do Litoral Centro", "oneway": "yes", "operator": "BRISAL", "ref": "A 17;IC 1", "smoothness": "excellent", "surface": "asphalt", "toll": "yes", "turn:lanes": "through|through;right"}}, {"type": "Feature", "geometry": {"type": "LineString", "coordinates": [[-8.7057721, 40.4300935], [-8.704961, 40.4325518]]}, "properties": {"highway": "motorway", "lanes": "2", "lit": "no", "maxspeed": "120", "minspeed": "50", "name": "Autoestrada do Litoral Centro", "oneway": "yes", "operator": "BRISAL", "ref": "A 17;IC 1", "smoothness": "excellent", "surface": "asphalt", "toll": "yes"}}, {"type": "Feature", "geometry": {"type": "LineString", "coordinates": [[-8.7048405, 40.4336926], [-8.7060084, 40.4301529]]}, "properties": {"highway": "motorway", "lanes": "2", "lit": "no", "maxspeed": "120", "minspeed": "50", "name": "Autoestrada do Litoral Centro", "oneway": "yes", "operator": "BRISAL", "ref": "A 17;IC 1", "smoothness": "excellent", "surface": "asphalt", "toll": "yes"}}, {"type": "Feature", "geometry": {"type": "LineString", "coordinates": [[-8.7033309, 40.4397854], [-8.7035463, 40.4387387]]}, "properties": {"highway": "motorway", "lanes": "2", "lit": "yes", "maxspeed": "40", "name": "Autoestrada do Litoral Centro", "oneway": "yes", "operator": "BRISAL", "ref": "A 17;IC 1", "smoothness": "excellent", "surface": "asphalt", "toll": "yes", "turn:lanes": "|merge_to_left"}}, {"type": "Feature", "geometry": {"type": "LineString", "coordinates": [[-8.7035463, 40.4387387], [-8.7038379, 40.4375345], [-8.7038202, 40.4374181]]}, "properties": {"highway": "motorway", "lanes": "1", "lit": "yes", "maxspeed": "40", "name": "Autoestrada do Litoral Centro", "oneway": "yes", "operator": "BRISAL", "ref": "A 17;IC 1", "smoothness": "excellent", "surface": "asphalt", "toll": "yes"}}, {"type": "Feature", "geometry": {"type": "LineString", "coordinates": [[-8.7018248, 40.4452892], [-8.7020288, 40.444717]]}, "properties": {"highway": "motorway", "lanes": "1", "lit": "yes", "maxspeed": "60", "name": "Autoestrada do Litoral Centro", "oneway": "yes", "operator": "BRISAL", "ref": "A 17;IC 1", "smoothness": "excellent", "surface": "asphalt", "toll": "yes"}}, {"type": "Feature", "geometry": {"type": "LineString", "coordinates": [[-8.7005402, 40.4500588], [-8.7009317, 40.4485013]]}, "properties": {"highway": "motorway", "lanes": "2", "lit": "no", "maxspeed": "120", "minspeed": "50", "name": "Autoestrada do Litoral Centro", "oneway": "yes", "operator": "BRISAL", "ref": "A 17;IC 1", "smoothness": "excellent", "surface": "asphalt", "toll": "yes", "turn:lanes": "through|through;right"}}, {"type": "Feature", "geometry": {"type": "LineString", "coordinates": [[-8.7009317, 40.4485013], [-8.7013718, 40.4469155], [-8.7018248, 40.4452892]]}, "properties": {"highway": "motorway", "lanes": "3", "lit": "no", "maxspeed": "120", "minspeed": "50", "name": "Autoestrada do Litoral Centro", "oneway": "yes", "operator": "BRISAL", "ref": "A 17;IC 1", "smoothness": "excellent", "surface": "asphalt", "toll": "yes", "turn:lanes": "through|through|right"}}, {"type": "Feature", "geometry": {"type": "LineString", "coordinates": [[-8.7005949, 40.4492207], [-8.7001996, 40.4507599]]}, "properties": {"highway": "motorway", "lanes": "2", "lit": "no", "maxspeed": "120", "minspeed": "50", "name": "Autoestrada do Litoral Centro", "oneway": "yes", "operator": "BRISAL", "ref": "A 17;IC 1", "smoothness": "excellent", "surface": "asphalt", "toll": "yes", "turn:lanes": "through|through;right"}}, {"type": "Feature", "geometry": {"type": "LineString", "coordinates": [[-8.7001996, 40.4507599], [-8.6999989, 40.4514422], [-8.699691, 40.4526713]]}, "properties": {"highway": "motorway", "lanes": "3", "lit": "yes", "maxheight": "5.65", "maxspeed": "120", "minspeed": "50", "name": "Autoestrada do Litoral Centro", "oneway": "yes", "operator": "BRISAL", "ref": "A 17;IC 1", "smoothness": "excellent", "surface": "asphalt", "toll": "yes", "turn:lanes": "through|through|slight_right"}}, {"type": "Feature", "geometry": {"type": "LineString", "coordinates": [[-8.7014399, 40.4455833], [-8.7011474, 40.446858], [-8.7009492, 40.4477707]]}, "properties": {"highway": "motorway", "lanes": "3", "lit": "no", "maxspeed": "120", "minspeed": "50", "name": "Autoestrada do Litoral Centro", "oneway": "yes", "operator": "BRISAL", "ref": "A 17;IC 1", "smoothness": "excellent", "surface": "asphalt", "toll": "yes", "turn:lanes": "||merge_to_left"}}, {"type": "Feature", "geometry": {"type": "LineString", "coordinates": [[-8.696464, 40.4585086], [-8.6971127, 40.4578841], [-8.6974409, 40.4574929], [-8.697669, 40.457201], [-8.6978873, 40.4568918]]}, "properties": {"highway": "motorway", "lanes": "3", "lit": "yes", "maxspeed": "120", "minspeed": "50", "name": "Autoestrada do Litoral Centro", "oneway": "yes", "operator": "BRISAL", "ref": "A 17;IC 1", "smoothness": "excellent", "surface": "asphalt", "toll": "yes", "turn:lanes": "||slight_right"}}, {"type": "Feature", "geometry": {"type": "LineString", "coordinates": [[-8.6949621, 40.4598868], [-8.6957257, 40.4592321], [-8.6962349, 40.4587285], [-8.696464, 40.4585086]]}, "properties": {"highway": "motorway", "lanes": "2", "lit": "no", "maxspeed": "120", "minspeed": "50", "name": "Autoestrada do Litoral Centro", "oneway": "yes", "operator": "BRISAL", "ref": "A 17;IC 1", "smoothness": "excellent", "surface": "asphalt", "toll": "yes", "turn:lanes": "through|through;right"}}, {"type": "Feature", "geometry": {"type": "LineString", "coordinates": [[-8.6978873, 40.4568918], [-8.6979884, 40.4567246], [-8.6985739, 40.4558305], [-8.699083, 40.4548665], [-8.6994135, 40.4541168], [-8.6996545, 40.4535054]]}, "properties": {"highway": "motorway", "lanes": "2", "lit": "yes", "maxspeed": "120", "minspeed": "50", "name": "Autoestrada do Litoral Centro", "oneway": "yes", "operator": "BRISAL", "ref": "A 17;IC 1", "smoothness": "excellent", "surface": "asphalt", "toll": "yes"}}, {"type": "Feature", "geometry": {"type": "LineString", "coordinates": [[-8.6987358, 40.4551672], [-8.6984127, 40.4557669], [-8.6978256, 40.456688], [-8.6975948, 40.4570134]]}, "properties": {"highway": "motorway", "lanes": "3", "lit": "yes", "maxspeed": "120", "minspeed": "50", "name": "Autoestrada do Litoral Centro", "oneway": "yes", "operator": "BRISAL", "ref": "A 17;IC 1", "smoothness": "good", "surface": "asphalt", "toll": "yes", "turn:lanes": "||merge_to_left"}}, {"type": "Feature", "geometry": {"type": "LineString", "coordinates": [[-8.699691, 40.4526713], [-8.6996472, 40.4528807], [-8.6994992, 40.4534027], [-8.6992646, 40.4540593], [-8.6989443, 40.4548106], [-8.6987358, 40.4551672]]}, "properties": {"highway": "motorway", "lanes": "2", "lit": "yes", "maxspeed": "120", "minspeed": "50", "name": "Autoestrada do Litoral Centro", "oneway": "yes", "operator": "BRISAL", "ref": "A 17;IC 1", "smoothness": "excellent", "surface": "asphalt", "toll": "yes"}}, {"type": "Feature", "geometry": {"type": "LineString", "coordinates": [[-8.6092037, 40.5749193], [-8.6092733, 40.5748417]]}, "properties": {"bridge": "viaduct", "bridge:ref": "A17.023", "highway": "motorway", "lanes": "2", "layer": "1", "maxspeed": "120", "minspeed": "50", "name": "Autoestrada do Litoral Centro", "oneway": "yes", "operator": "BRISAL", "ref": "A 17;IC 1", "surface": "asphalt", "toll": "yes"}}, {"type": "Feature", "geometry": {"type": "LineString", "coordinates": [[-8.6090765, 40.574819], [-8.6060733, 40.578296]]}, "properties": {"highway": "motorway", "lanes": "2", "maxspeed": "120", "minspeed": "50", "name": "Autoestrada do Litoral Centro", "oneway": "yes", "operator": "BRISAL", "ref": "A 17;IC 1", "surface": "asphalt", "toll": "yes"}}, {"type": "Feature", "geometry": {"type": "LineString", "coordinates": [[-8.6091477, 40.5747365], [-8.6090765, 40.574819]]}, "properties": {"bridge": "yes", "bridge:ref": "A17.023", "highway": "motorway", "lanes": "2", "layer": "1", "maxspeed": "120", "minspeed": "50", "name": "Autoestrada do Litoral Centro", "oneway": "yes", "operator": "BRISAL", "ref": "A 17;IC 1", "surface": "asphalt", "toll": "yes"}}, {"type": "Feature", "geometry": {"type": "LineString", "coordinates": [[-8.6092733, 40.5748417], [-8.6099914, 40.5740418], [-8.6104931, 40.5734235]]}, "properties": {"highway": "motorway", "lanes": "2", "maxspeed": "120", "minspeed": "50", "name": "Autoestrada do Litoral Centro", "oneway": "yes", "operator": "BRISAL", "ref": "A 17;IC 1", "surface": "asphalt", "toll": "yes"}}, {"type": "Feature", "geometry": {"type": "LineString", "coordinates": [[-8.626009, 40.5414755], [-8.626121, 40.5414176]]}, "properties": {"bridge": "viaduct", "bridge:ref": "A17.018", "highway": "motorway", "lanes": "2", "layer": "1", "lit": "no", "maxspeed": "120", "minspeed": "50", "name": "Autoestrada do Litoral Centro", "oneway": "yes", "operator": "BRISAL", "ref": "A 17;IC 1", "smoothness": "excellent", "surface": "asphalt", "toll": "yes", "turn:lanes": "through|through;right"}}, {"type": "Feature", "geometry": {"type": "LineString", "coordinates": [[-8.626121, 40.5414176], [-8.6275338, 40.5406877]]}, "properties": {"highway": "motorway", "lanes": "2", "lit": "no", "maxspeed": "120", "minspeed": "50", "name": "Autoestrada do Litoral Centro", "oneway": "yes", "operator": "BRISAL", "ref": "A 17;IC 1", "smoothness": "excellent", "surface": "asphalt", "toll": "yes", "turn:lanes": "through|through;right"}}, {"type": "Feature", "geometry": {"type": "LineString", "coordinates": [[-8.6259204, 40.5413778], [-8.6247341, 40.5419886], [-8.6238332, 40.5424742], [-8.6229664, 40.5430379], [-8.6221118, 40.5437068], [-8.6213525, 40.544466], [-8.6208068, 40.5451215], [-8.620243, 40.5459563], [-8.6197996, 40.546831], [-8.6194909, 40.5476727], [-8.6181952, 40.5519316]]}, "properties": {"highway": "motorway", "lanes": "2", "lit": "no", "maxspeed": "120", "minspeed": "50", "name": "Autoestrada do Litoral Centro", "oneway": "yes", "operator": "BRISAL", "ref": "A 17;IC 1", "smoothness": "excellent", "surface": "asphalt", "toll": "yes"}}, {"type": "Feature", "geometry": {"type": "LineString", "coordinates": [[-8.6260313, 40.5413207], [-8.6259204, 40.5413778]]}, "properties": {"bridge": "viaduct", "bridge:ref": "A17.018", "highway": "motorway", "lanes": "2", "layer": "1", "lit": "no", "maxspeed": "120", "minspeed": "50", "name": "Autoestrada do Litoral Centro", "oneway": "yes", "operator": "BRISAL", "ref": "A 17;IC 1", "smoothness": "excellent", "surface": "asphalt", "toll": "yes"}}, {"type": "Feature", "geometry": {"type": "LineString", "coordinates": [[-8.7024619, 40.4433447], [-8.7025956, 40.4429096], [-8.7027996, 40.4421473], [-8.7029552, 40.4414833], [-8.7030686, 40.4409996], [-8.703177, 40.4405373], [-8.7033309, 40.4397854]]}, "properties": {"highway": "motorway", "lanes": "2", "lit": "yes", "maxspeed": "40", "name": "Autoestrada do Litoral Centro", "oneway": "yes", "operator": "BRISAL", "ref": "A 17;IC 1", "smoothness": "excellent", "surface": "asphalt", "toll": "yes"}}, {"type": "Feature", "geometry": {"type": "LineString", "coordinates": [[-8.7698709, 39.9415669], [-8.7698995, 39.9419303], [-8.7699332, 39.942311], [-8.7699834, 39.9427944], [-8.7700535, 39.9433006], [-8.7701413, 39.943909], [-8.7702077, 39.9443519], [-8.7705201, 39.9462776], [-8.7707289, 39.947747]]}, "properties": {"highway": "motorway", "lanes": "3", "lit": "yes", "maxspeed": "120", "minspeed": "50", "name": "Autoestrada do Litoral Centro", "oneway": "yes", "operator": "BRISAL", "ref": "A 17;IC 1", "smoothness": "excellent", "surface": "asphalt", "toll": "yes"}}, {"type": "Feature", "geometry": {"type": "LineString", "coordinates": [[-8.7721157, 39.9525541], [-8.7719297, 39.9521667], [-8.7716097, 39.9513586], [-8.7714202, 39.950702], [-8.7712876, 39.950012], [-8.7709598, 39.9477733], [-8.7708113, 39.9467607]]}, "properties": {"highway": "motorway", "lanes": "3", "lit": "no", "maxspeed": "120", "minspeed": "50", "name": "Autoestrada do Litoral Centro", "oneway": "yes", "operator": "BRISAL", "ref": "A 17;IC 1", "smoothness": "excellent", "surface": "asphalt", "toll": "yes"}}, {"type": "Feature", "geometry": {"type": "LineString", "coordinates": [[-8.824572, 39.8677495], [-8.8245884, 39.8685196], [-8.8245765, 39.8692834], [-8.8245336, 39.8698217], [-8.8244724, 39.8703102], [-8.8244024, 39.8707156], [-8.8243075, 39.871172], [-8.824208, 39.8715649], [-8.8240564, 39.8720526], [-8.8239271, 39.872425], [-8.8237845, 39.8728001], [-8.8236285, 39.8731611], [-8.823403, 39.8736372], [-8.8232174, 39.8739882], [-8.8229439, 39.8744589], [-8.8226521, 39.8749206], [-8.8223385, 39.8753659], [-8.8220864, 39.8757028], [-8.8217594, 39.8761218], [-8.8214025, 39.8765447], [-8.8111587, 39.8881956], [-8.8106632, 39.8887865], [-8.810461, 39.8890329]]}, "properties": {"highway": "motorway", "lanes": "3", "lit": "no", "maxspeed": "120", "minspeed": "50", "name": "Autoestrada do Litoral Centro", "oneway": "yes", "operator": "BRISAL", "ref": "A 17;IC 1", "smoothness": "excellent", "surface": "asphalt", "toll": "yes"}}, {"type": "Feature", "geometry": {"type": "LineString", "coordinates": [[-8.8062836, 39.897486], [-8.806349, 39.8972526], [-8.8064378, 39.8969814], [-8.8065579, 39.8966118], [-8.8067226, 39.896144], [-8.8068558, 39.8957791], [-8.8070274, 39.895301], [-8.8072125, 39.8948211], [-8.8074103, 39.8943526], [-8.8076194, 39.893879], [-8.807782, 39.8935231], [-8.8080003, 39.8930987]]}, "properties": {"highway": "motorway", "lanes": "3", "lit": "no", "maxspeed": "120", "minspeed": "50", "name": "Autoestrada do Litoral Centro", "oneway": "yes", "operator": "BRISAL", "ref": "A 17;IC 1", "smoothness": "excellent", "surface": "asphalt", "toll": "yes"}}, {"type": "Feature", "geometry": {"type": "LineString", "coordinates": [[-8.8795966, 39.7475948], [-8.8792895, 39.7479291], [-8.879007, 39.7482424], [-8.8787654, 39.7485158], [-8.8785484, 39.7487661], [-8.8783191, 39.7490465], [-8.878148, 39.749264], [-8.8779928, 39.7494654], [-8.8778306, 39.7496913], [-8.8775998, 39.7500272], [-8.8773814, 39.7503671], [-8.8771909, 39.7507026], [-8.877057, 39.7509376], [-8.8769353, 39.7511784], [-8.8767694, 39.7515225], [-8.8766105, 39.7518863], [-8.8765136, 39.7521251], [-8.8763813, 39.7524942], [-8.8762674, 39.7528378], [-8.8761624, 39.7532043], [-8.8760716, 39.7535875], [-8.8759484, 39.7542021], [-8.8759116, 39.7544592], [-8.8758799, 39.7546998], [-8.8758659, 39.7548324], [-8.8758483, 39.7550804], [-8.8758239, 39.7554473], [-8.8758072, 39.7560161], [-8.8758022, 39.7567605], [-8.8757864, 39.7577618], [-8.8757753, 39.7580098], [-8.8757606, 39.7582605], [-8.8757334, 39.758519], [-8.8756948, 39.7588846], [-8.8756705, 39.7590208], [-8.8756275, 39.759263], [-8.8755828, 39.7595133], [-8.8755264, 39.759758], [-8.8754772, 39.7599807], [-8.8754029, 39.7602509], [-8.8753325, 39.7604969], [-8.8752549, 39.7607386], [-8.8751763, 39.7609785], [-8.8750815, 39.7612207], [-8.8749903, 39.7614575], [-8.874888, 39.7616963], [-8.8747853, 39.7619362], [-8.8746697, 39.7621715], [-8.8745486, 39.7624041], [-8.8744284, 39.7626375], [-8.8742925, 39.7628694], [-8.8741598, 39.7631005], [-8.8740241, 39.7633208], [-8.8738814, 39.7635383], [-8.8737403, 39.7637518], [-8.8735999, 39.7639525], [-8.8734385, 39.764171], [-8.8732771, 39.7643868], [-8.8730243, 39.7647204], [-8.8724269, 39.7654705], [-8.8718348, 39.7662139], [-8.8715805, 39.7665504], [-8.871334, 39.766878], [-8.8710284, 39.7673166], [-8.8708033, 39.7676576], [-8.8706545, 39.7678914], [-8.8705211, 39.7681249], [-8.8703877, 39.7683548], [-8.8701382, 39.7688237], [-8.8699694, 39.7691745], [-8.8698104, 39.7695364], [-8.8696604, 39.7698983], [-8.8695258, 39.7702661], [-8.869409, 39.7706215], [-8.8693315, 39.7708759], [-8.8692249, 39.7712462], [-8.8691396, 39.7716138], [-8.8690648, 39.7719898], [-8.8690008, 39.7723647], [-8.8689476, 39.7727378], [-8.8689212, 39.772997], [-8.8688907, 39.7733756], [-8.8688621, 39.7738695], [-8.8688479, 39.7743885], [-8.8688408, 39.7746478], [-8.8688404, 39.7748973], [-8.8688418, 39.7752787], [-8.8688387, 39.7759087], [-8.8688357, 39.7762819], [-8.8688324, 39.7766581], [-8.8688254, 39.7769189], [-8.8688041, 39.7772925], [-8.8687835, 39.7776585], [-8.8687553, 39.7780415], [-8.8687129, 39.7784135], [-8.8686765, 39.7786725], [-8.8686207, 39.7790408], [-8.8685731, 39.7792977], [-8.8685255, 39.7795368], [-8.8684462, 39.7799121], [-8.868349, 39.7802846], [-8.8682508, 39.7806479], [-8.8681366, 39.7810213], [-8.8680134, 39.7813906], [-8.8678801, 39.7817603], [-8.8677295, 39.7821292], [-8.867577, 39.7824803], [-8.867418, 39.782835], [-8.8672509, 39.7831859], [-8.8669372, 39.7837738], [-8.8667379, 39.7841227], [-8.8664627, 39.7845741], [-8.8661606, 39.7850258], [-8.866006, 39.7852489], [-8.8658406, 39.7854747], [-8.8656085, 39.7857986], [-8.8653637, 39.7861148], [-8.8650117, 39.7865395], [-8.864734, 39.7868586], [-8.8643955, 39.7872353], [-8.8640708, 39.7875777], [-8.8636931, 39.7879811], [-8.8586131, 39.79324], [-8.8565645, 39.7953596], [-8.8557105, 39.7962401]]}, "properties": {"highway": "motorway", "lanes": "2", "maxspeed": "120", "minspeed": "50", "name": "Autoestrada do Litoral Centro", "oneway": "yes", "operator": "BRISAL", "ref": "A 17;IC 1", "surface": "asphalt", "toll": "yes"}}, {"type": "Feature", "geometry": {"type": "LineString", "coordinates": [[-8.8778633, 39.7500567], [-8.8781111, 39.7497281], [-8.8783062, 39.7494712], [-8.8784651, 39.7492567], [-8.8786621, 39.7490191], [-8.8788272, 39.7488155], [-8.8790251, 39.7485847], [-8.8791796, 39.7484132], [-8.879365, 39.7482148], [-8.8795097, 39.7480585], [-8.8797587, 39.7477861], [-8.8798941, 39.7476362], [-8.8801732, 39.7473538], [-8.8803357, 39.7471812], [-8.8805017, 39.7470155], [-8.8807129, 39.7467927], [-8.8809029, 39.7465971]]}, "properties": {"highway": "motorway", "lanes": "3", "maxspeed": "120", "minspeed": "50", "name": "Autoestrada do Litoral Centro", "oneway": "yes", "operator": "BRISAL", "ref": "A 17;IC 1", "surface": "asphalt", "toll": "yes", "turn:lanes": "none|none|slight_right"}}, {"type": "Feature", "geometry": {"type": "LineString", "coordinates": [[-8.8770355, 39.7515137], [-8.8772163, 39.7511576], [-8.8773366, 39.7509255], [-8.8774616, 39.750703], [-8.8776426, 39.7503889], [-8.8778633, 39.7500567]]}, "properties": {"highway": "motorway", "lanes": "2", "maxspeed": "120", "minspeed": "50", "name": "Autoestrada do Litoral Centro", "oneway": "yes", "operator": "BRISAL", "ref": "A 17;IC 1", "surface": "asphalt", "toll": "yes", "turn:lanes": "through|through;slight_right"}}, {"type": "Feature", "geometry": {"type": "LineString", "coordinates": [[-8.8325084, 39.8476504], [-8.8339928, 39.8454152]]}, "properties": {"bridge": "yes", "highway": "motorway", "lanes": "3", "layer": "1", "lit": "no", "maxspeed": "120", "minspeed": "50", "name": "Autoestrada do Litoral Centro", "oneway": "yes", "operator": "BRISAL", "ref": "A 17;IC 1", "surface": "asphalt", "toll": "yes"}}, {"type": "Feature", "geometry": {"type": "LineString", "coordinates": [[-8.8315596, 39.8487328], [-8.8313154, 39.8490933]]}, "properties": {"bridge": "yes", "highway": "motorway", "lanes": "4", "layer": "1", "lit": "no", "maxspeed": "120", "minspeed": "50", "name": "Autoestrada do Litoral Centro", "oneway": "yes", "operator": "BRISAL", "ref": "A 17;IC 1", "surface": "asphalt", "toll": "yes", "turn:lanes": "none|none|none|slight_right"}}, {"type": "Feature", "geometry": {"type": "LineString", "coordinates": [[-8.8261245, 39.8573179], [-8.8263758, 39.8568935], [-8.8271454, 39.8557285]]}, "properties": {"highway": "motorway", "lanes": "3", "lit": "no", "maxspeed": "120", "minspeed": "50", "name": "Autoestrada do Litoral Centro", "oneway": "yes", "operator": "BRISAL", "ref": "A 17;IC 1", "smoothness": "excellent", "surface": "asphalt", "toll": "yes", "turn:lanes": "through|through|through;slight_right"}}, {"type": "Feature", "geometry": {"type": "LineString", "coordinates": [[-8.8080003, 39.8930987], [-8.8081753, 39.8927645], [-8.8084248, 39.8923102], [-8.8087543, 39.8917442], [-8.808882, 39.8915319]]}, "properties": {"highway": "motorway", "lanes": "4", "lit": "no", "maxspeed": "120", "minspeed": "50", "name": "Autoestrada do Litoral Centro", "oneway": "yes", "operator": "BRISAL", "ref": "A 17;IC 1", "smoothness": "excellent", "surface": "asphalt", "toll": "yes", "turn:lanes": "none|none|none|merge_to_left"}}, {"type": "Feature", "geometry": {"type": "LineString", "coordinates": [[-8.808882, 39.8915319], [-8.8090098, 39.8913196], [-8.8092933, 39.8908889], [-8.8096267, 39.8904199], [-8.8099152, 39.8900272], [-8.8101946, 39.8896745], [-8.8107611, 39.8889596], [-8.8113946, 39.8882191], [-8.812234, 39.8872609], [-8.8164126, 39.8824971], [-8.8215186, 39.8766871], [-8.8218553, 39.8762822], [-8.8221629, 39.8758996], [-8.8224294, 39.8755535], [-8.8226654, 39.8752277], [-8.8228898, 39.8749018], [-8.8230973, 39.8745686], [-8.8232698, 39.8742845], [-8.823493, 39.8738813], [-8.8236906, 39.8734838], [-8.8238475, 39.8731443], [-8.8240443, 39.8726668], [-8.8241772, 39.8723008], [-8.8242637, 39.8720557], [-8.8243618, 39.871726], [-8.8244882, 39.8712537], [-8.8245962, 39.8707513], [-8.8246867, 39.870249], [-8.8247425, 39.8697607], [-8.8247751, 39.8692634], [-8.8247866, 39.8687537], [-8.8247836, 39.8682597], [-8.8247834, 39.8677264]]}, "properties": {"highway": "motorway", "lanes": "3", "lit": "no", "maxspeed": "120", "minspeed": "50", "name": "Autoestrada do Litoral Centro", "oneway": "yes", "operator": "BRISAL", "ref": "A 17;IC 1", "smoothness": "excellent", "surface": "asphalt", "toll": "yes"}}, {"type": "Feature", "geometry": {"type": "LineString", "coordinates": [[-8.8080218, 39.8925986], [-8.8076182, 39.8934365], [-8.8073421, 39.8940252], [-8.80715, 39.8944561], [-8.8069858, 39.8948471]]}, "properties": {"highway": "motorway", "lanes": "3", "lit": "no", "maxspeed": "120", "minspeed": "50", "name": "Autoestrada do Litoral Centro", "oneway": "yes", "operator": "BRISAL", "ref": "A 17;IC 1", "smoothness": "excellent", "surface": "asphalt", "toll": "yes"}}, {"type": "Feature", "geometry": {"type": "LineString", "coordinates": [[-8.8092831, 39.8905816], [-8.8089948, 39.8909925], [-8.8087798, 39.8913164], [-8.8085704, 39.8916613], [-8.8083578, 39.8920088], [-8.8080218, 39.8925986]]}, "properties": {"highway": "motorway", "lanes": "4", "lit": "no", "maxspeed": "120", "minspeed": "50", "name": "Autoestrada do Litoral Centro", "oneway": "yes", "operator": "BRISAL", "ref": "A 17;IC 1", "smoothness": "excellent", "surface": "asphalt", "toll": "yes", "turn:lanes": "none|none|none|slight_right"}}, {"type": "Feature", "geometry": {"type": "LineString", "coordinates": [[-8.8063698, 39.8965564], [-8.8062187, 39.8970233], [-8.8055643, 39.8989462], [-8.8041819, 39.9030045], [-8.8040658, 39.9033009]]}, "properties": {"highway": "motorway", "lanes": "3", "lit": "no", "maxspeed": "120", "minspeed": "50", "name": "Autoestrada do Litoral Centro", "oneway": "yes", "operator": "BRISAL", "ref": "A 17;IC 1", "smoothness": "excellent", "surface": "asphalt", "toll": "yes"}}, {"type": "Feature", "geometry": {"type": "LineString", "coordinates": [[-8.8037765, 39.9045559], [-8.8040332, 39.9039324], [-8.8043856, 39.9030341], [-8.8050486, 39.9011192]]}, "properties": {"highway": "motorway", "lanes": "3", "lit": "no", "maxspeed": "120", "minspeed": "50", "name": "Autoestrada do Litoral Centro", "oneway": "yes", "operator": "BRISAL", "ref": "A 17;IC 1", "smoothness": "excellent", "surface": "asphalt", "toll": "yes"}}, {"type": "Feature", "geometry": {"type": "LineString", "coordinates": [[-8.8050486, 39.9011192], [-8.8056297, 39.8993856]]}, "properties": {"highway": "motorway", "lanes": "3", "lit": "no", "maxspeed": "120", "minspeed": "50", "name": "Autoestrada do Litoral Centro", "oneway": "yes", "operator": "BRISAL", "ref": "A 17;IC 1", "smoothness": "excellent", "surface": "asphalt", "toll": "yes", "turn:lanes": "through|through|through;slight_right"}}, {"type": "Feature", "geometry": {"type": "LineString", "coordinates": [[-8.8056297, 39.8993856], [-8.8057544, 39.8990263], [-8.8062836, 39.897486]]}, "properties": {"highway": "motorway", "lanes": "4", "lit": "no", "maxspeed": "120", "minspeed": "50", "name": "Autoestrada do Litoral Centro", "oneway": "yes", "operator": "BRISAL", "ref": "A 17;IC 1", "smoothness": "excellent", "surface": "asphalt", "toll": "yes", "turn:lanes": "none|none|none|slight_right"}}, {"type": "Feature", "geometry": {"type": "LineString", "coordinates": [[-8.8040658, 39.9033009], [-8.8038189, 39.9039316], [-8.8034706, 39.9047892]]}, "properties": {"highway": "motorway", "lanes": "3", "lit": "no", "maxspeed": "120", "minspeed": "50", "name": "Autoestrada do Litoral Centro", "oneway": "yes", "operator": "BRISAL", "ref": "A 17;IC 1", "smoothness": "excellent", "surface": "asphalt", "toll": "yes", "turn:lanes": "through|through|through;slight_right"}}, {"type": "Feature", "geometry": {"type": "LineString", "coordinates": [[-8.8034706, 39.9047892], [-8.8027209, 39.9063903]]}, "properties": {"highway": "motorway", "lanes": "4", "lit": "yes", "maxspeed": "120", "minspeed": "50", "name": "Autoestrada do Litoral Centro", "oneway": "yes", "operator": "BRISAL", "ref": "A 17;IC 1", "smoothness": "excellent", "surface": "asphalt", "toll": "yes", "turn:lanes": "none|none|none|slight_right"}}, {"type": "Feature", "geometry": {"type": "LineString", "coordinates": [[-8.8027209, 39.9063903], [-8.802295, 39.9072431], [-8.8018402, 39.9081107], [-8.8014408, 39.9088219], [-8.8012129, 39.9092122], [-8.8009756, 39.9096097], [-8.8007129, 39.9100238]]}, "properties": {"highway": "motorway", "lanes": "3", "lit": "yes", "maxspeed": "120", "minspeed": "50", "name": "Autoestrada do Litoral Centro", "oneway": "yes", "operator": "BRISAL", "ref": "A 17;IC 1", "smoothness": "excellent", "surface": "asphalt", "toll": "yes"}}, {"type": "Feature", "geometry": {"type": "LineString", "coordinates": [[-8.8028779, 39.9065383], [-8.8036466, 39.9048715], [-8.8037765, 39.9045559]]}, "properties": {"highway": "motorway", "lanes": "4", "lit": "yes", "maxspeed": "120", "minspeed": "50", "name": "Autoestrada do Litoral Centro", "oneway": "yes", "operator": "BRISAL", "ref": "A 17;IC 1", "smoothness": "excellent", "surface": "asphalt", "toll": "yes", "turn:lanes": "none|none|none|merge_to_left"}}, {"type": "Feature", "geometry": {"type": "LineString", "coordinates": [[-8.7996339, 39.9118063], [-8.7959157, 39.9179486], [-8.795543, 39.9185223], [-8.7951928, 39.9190353], [-8.7949384, 39.9193667], [-8.7946632, 39.9197039], [-8.7942317, 39.9201722], [-8.7937737, 39.9206231], [-8.7931362, 39.9211958], [-8.7927339, 39.9215066], [-8.7923656, 39.921777], [-8.7918718, 39.9221074], [-8.7914043, 39.9224002], [-8.7908904, 39.9226896], [-8.7903596, 39.9229617], [-8.7898041, 39.9232212], [-8.7893654, 39.9234085], [-8.788912, 39.9235846], [-8.7883154, 39.9237954], [-8.7861163, 39.9245428], [-8.785539, 39.9247578], [-8.7851162, 39.9249324], [-8.7846884, 39.9251291], [-8.7842927, 39.9253201], [-8.7838857, 39.9255427], [-8.7835031, 39.9257653], [-8.783139, 39.9260044], [-8.7827842, 39.9262536], [-8.7824433, 39.9265237], [-8.7820195, 39.9268732], [-8.7817145, 39.9271623], [-8.7814189, 39.9274673], [-8.781148, 39.927779], [-8.7809861, 39.9279724], [-8.7808431, 39.9281485], [-8.780653, 39.9284057], [-8.780431, 39.928719], [-8.7802193, 39.9290424], [-8.779515, 39.9301055], [-8.7791064, 39.9306684], [-8.7788649, 39.9309529], [-8.7786197, 39.9312172], [-8.7783555, 39.9314786], [-8.7780686, 39.9317501], [-8.777411, 39.9322704], [-8.7770327, 39.9325319], [-8.7764886, 39.9328787], [-8.7744762, 39.9340833], [-8.7736194, 39.9346592], [-8.7732232, 39.9349656], [-8.7728888, 39.9352224], [-8.7723112, 39.9357729], [-8.7719404, 39.9361728], [-8.7716636, 39.936496], [-8.7713609, 39.9368939], [-8.771171, 39.9371595], [-8.7709585, 39.9374939], [-8.7707886, 39.9378081], [-8.7706731, 39.9380292], [-8.7705886, 39.9382075]]}, "properties": {"highway": "motorway", "lanes": "3", "lit": "no", "maxspeed": "120", "minspeed": "50", "name": "Autoestrada do Litoral Centro", "oneway": "yes", "operator": "BRISAL", "ref": "A 17;IC 1", "smoothness": "excellent", "surface": "asphalt", "toll": "yes"}}, {"type": "Feature", "geometry": {"type": "LineString", "coordinates": [[-8.7999641, 39.9116574], [-8.8010747, 39.9098318]]}, "properties": {"highway": "motorway", "lanes": "4", "lit": "yes", "maxspeed": "120", "minspeed": "50", "name": "Autoestrada do Litoral Centro", "oneway": "yes", "operator": "BRISAL", "ref": "A 17;IC 1", "smoothness": "excellent", "surface": "asphalt", "toll": "yes", "turn:lanes": "through|through|through|slight_right"}}, {"type": "Feature", "geometry": {"type": "LineString", "coordinates": [[-8.8010747, 39.9098318], [-8.8020144, 39.908193], [-8.8027332, 39.9068078], [-8.8028779, 39.9065383]]}, "properties": {"highway": "motorway", "lanes": "3", "lit": "yes", "maxspeed": "120", "minspeed": "50", "name": "Autoestrada do Litoral Centro", "oneway": "yes", "operator": "BRISAL", "ref": "A 17;IC 1", "smoothness": "excellent", "surface": "asphalt", "toll": "yes"}}, {"type": "Feature", "geometry": {"type": "LineString", "coordinates": [[-8.7989748, 39.9132836], [-8.7999641, 39.9116574]]}, "properties": {"highway": "motorway", "lanes": "3", "lit": "no", "maxspeed": "120", "minspeed": "50", "name": "Autoestrada do Litoral Centro", "oneway": "yes", "operator": "BRISAL", "ref": "A 17;IC 1", "smoothness": "excellent", "surface": "asphalt", "toll": "yes", "turn:lanes": "through|through|through;slight_right"}}, {"type": "Feature", "geometry": {"type": "LineString", "coordinates": [[-8.8007129, 39.9100238], [-8.7996339, 39.9118063]]}, "properties": {"highway": "motorway", "lanes": "4", "lit": "yes", "maxspeed": "120", "minspeed": "50", "name": "Autoestrada do Litoral Centro", "oneway": "yes", "operator": "BRISAL", "ref": "A 17;IC 1", "smoothness": "excellent", "surface": "asphalt", "toll": "yes", "turn:lanes": "none|none|none|merge_to_left"}}, {"type": "Feature", "geometry": {"type": "LineString", "coordinates": [[-8.8420024, 39.8095701], [-8.8415036, 39.8101189], [-8.841012, 39.8106786]]}, "properties": {"highway": "motorway", "lanes": "3", "lit": "no", "maxspeed": "120", "maxspeed:lanes": "120|120|80", "minspeed": "50", "name": "Autoestrada do Litoral Centro", "oneway": "yes", "operator": "BRISAL", "ref": "A 17;IC 1", "surface": "asphalt", "toll": "yes", "turn:lanes": "none|none|slight_right"}}, {"type": "Feature", "geometry": {"type": "LineString", "coordinates": [[-8.8433246, 39.8082793], [-8.8424171, 39.8091605]]}, "properties": {"highway": "motorway", "lanes": "2", "lit": "no", "maxspeed": "120", "minspeed": "50", "name": "Autoestrada do Litoral Centro", "oneway": "yes", "operator": "BRISAL", "ref": "A 17;IC 1", "surface": "asphalt", "toll": "yes", "turn:lanes": "through|through;slight_right"}}, {"type": "Feature", "geometry": {"type": "LineString", "coordinates": [[-8.8321897, 39.8477863], [-8.8315596, 39.8487328]]}, "properties": {"bridge": "yes", "highway": "motorway", "lanes": "3", "layer": "1", "lit": "no", "maxspeed": "120", "minspeed": "50", "name": "Autoestrada do Litoral Centro", "oneway": "yes", "operator": "BRISAL", "ref": "A 17;IC 1", "surface": "asphalt", "toll": "yes", "turn:lanes": "through|through|through;slight_right"}}, {"type": "Feature", "geometry": {"type": "LineString", "coordinates": [[-8.810461, 39.8890329], [-8.8098646, 39.889776], [-8.8092831, 39.8905816]]}, "properties": {"highway": "motorway", "lanes": "3", "lit": "no", "maxspeed": "120", "minspeed": "50", "name": "Autoestrada do Litoral Centro", "oneway": "yes", "operator": "BRISAL", "ref": "A 17;IC 1", "smoothness": "excellent", "surface": "asphalt", "toll": "yes", "turn:lanes": "through|through|through;slight_right"}}, {"type": "Feature", "geometry": {"type": "LineString", "coordinates": [[-8.7705886, 39.9382075], [-8.7704259, 39.9385621], [-8.7703283, 39.9388204], [-8.7702455, 39.9390585], [-8.7701352, 39.9394226], [-8.7700661, 39.9396899], [-8.770007, 39.9399423]]}, "properties": {"highway": "motorway", "lanes": "3", "lit": "no", "maxspeed": "120", "minspeed": "50", "name": "Autoestrada do Litoral Centro", "oneway": "yes", "operator": "BRISAL", "ref": "A 17;IC 1", "smoothness": "excellent", "surface": "asphalt", "toll": "yes", "turn:lanes": "through|through|through;slight_right"}}, {"type": "Feature", "geometry": {"type": "LineString", "coordinates": [[-8.770007, 39.9399423], [-8.7699156, 39.9404955], [-8.7698844, 39.9409174], [-8.7698709, 39.9415669]]}, "properties": {"highway": "motorway", "lanes": "4", "lit": "no", "maxspeed": "120", "minspeed": "50", "name": "Autoestrada do Litoral Centro", "oneway": "yes", "operator": "BRISAL", "ref": "A 17;IC 1", "smoothness": "excellent", "surface": "asphalt", "toll": "yes", "turn:lanes": "none|none|none|slight_right"}}, {"type": "Feature", "geometry": {"type": "LineString", "coordinates": [[-8.8136434, 40.0252797], [-8.8136575, 40.0245889], [-8.8133356, 40.0225514], [-8.8128207, 40.0208753], [-8.8121733, 40.0196574], [-8.811564, 40.0186677]]}, "properties": {"highway": "motorway", "lanes": "3", "maxspeed": "120", "minspeed": "50", "name": "Autoestrada do Litoral Centro", "oneway": "yes", "operator": "BRISAL", "ref": "A 17;IC 1", "smoothness": "excellent", "surface": "asphalt", "toll": "yes"}}, {"type": "Feature", "geometry": {"type": "LineString", "coordinates": [[-8.8136392, 40.0254848], [-8.8136434, 40.0252797]]}, "properties": {"bridge": "yes", "highway": "motorway", "lanes": "3", "layer": "1", "maxspeed": "120", "minspeed": "50", "name": "Autoestrada do Litoral Centro", "oneway": "yes", "operator": "BRISAL", "ref": "A 17;IC 1", "smoothness": "excellent", "surface": "asphalt", "toll": "yes"}}, {"type": "Feature", "geometry": {"type": "LineString", "coordinates": [[-8.811192, 40.0184901], [-8.8119575, 40.0196866], [-8.8125117, 40.0208881], [-8.8130291, 40.0225441], [-8.8133084, 40.0241193], [-8.8134037, 40.0254368]]}, "properties": {"highway": "motorway", "lanes": "3", "maxspeed": "120", "minspeed": "50", "name": "Autoestrada do Litoral Centro", "oneway": "yes", "operator": "BRISAL", "ref": "A 17;IC 1", "smoothness": "excellent", "surface": "asphalt", "toll": "yes"}}, {"type": "Feature", "geometry": {"type": "LineString", "coordinates": [[-8.8134037, 40.0254368], [-8.8134076, 40.0256365]]}, "properties": {"bridge": "yes", "highway": "motorway", "lanes": "3", "layer": "1", "maxspeed": "120", "minspeed": "50", "name": "Autoestrada do Litoral Centro", "oneway": "yes", "operator": "BRISAL", "ref": "A 17;IC 1", "smoothness": "excellent", "surface": "asphalt", "toll": "yes"}}, {"type": "Feature", "geometry": {"type": "LineString", "coordinates": [[-8.7975839, 39.9932859], [-8.7977112, 39.9937161], [-8.7978567, 39.9942687], [-8.7979325, 39.9946305], [-8.797999, 39.9949685], [-8.7980541, 39.9954208], [-8.7980824, 39.9956438], [-8.7981167, 39.9960277], [-8.7981684, 39.9970885]]}, "properties": {"highway": "motorway", "lanes": "3", "lit": "no", "maxspeed": "120", "minspeed": "50", "name": "Autoestrada do Litoral Centro", "oneway": "yes", "operator": "BRISAL", "ref": "A 17;IC 1", "smoothness": "excellent", "surface": "asphalt", "toll": "yes"}}, {"type": "Feature", "geometry": {"type": "LineString", "coordinates": [[-8.802584, 40.0084613], [-8.8037863, 40.0098511], [-8.8070657, 40.013652], [-8.8077769, 40.0144637], [-8.8087637, 40.015601], [-8.809807, 40.0168026], [-8.8103286, 40.0174058], [-8.8108193, 40.0180161]]}, "properties": {"highway": "motorway", "lanes": "3", "lit": "no", "maxspeed": "120", "minspeed": "50", "name": "Autoestrada do Litoral Centro", "oneway": "yes", "operator": "BRISAL", "ref": "A 17;IC 1", "smoothness": "excellent", "surface": "asphalt", "toll": "yes"}}, {"type": "Feature", "geometry": {"type": "LineString", "coordinates": [[-8.8134076, 40.0256365], [-8.8133701, 40.0281145]]}, "properties": {"highway": "motorway", "lanes": "3", "maxspeed": "120", "minspeed": "50", "name": "Autoestrada do Litoral Centro", "oneway": "yes", "operator": "BRISAL", "ref": "A 17;IC 1", "smoothness": "excellent", "surface": "asphalt", "toll": "yes"}}, {"type": "Feature", "geometry": {"type": "LineString", "coordinates": [[-8.8112984, 40.045992], [-8.8109762, 40.0465677], [-8.8099316, 40.0480615], [-8.8087299, 40.0495541], [-8.8079494, 40.0503372]]}, "properties": {"highway": "motorway", "lanes": "3", "maxspeed": "120", "minspeed": "50", "name": "Autoestrada do Litoral Centro", "oneway": "yes", "operator": "BRISAL", "ref": "A 17;IC 1", "smoothness": "excellent", "surface": "asphalt", "toll": "yes"}}, {"type": "Feature", "geometry": {"type": "LineString", "coordinates": [[-8.8079494, 40.0503372], [-8.8076023, 40.0506854], [-8.8062675, 40.0518498], [-8.8045059, 40.0535266], [-8.8028262, 40.0552886], [-8.8010214, 40.0573897], [-8.8001302, 40.0585729]]}, "properties": {"highway": "motorway", "lanes": "3", "maxspeed": "120", "minspeed": "50", "name": "Autoestrada do Litoral Centro", "oneway": "yes", "operator": "BRISAL", "ref": "A 17;IC 1", "smoothness": "excellent", "surface": "asphalt", "toll": "yes"}}, {"type": "Feature", "geometry": {"type": "LineString", "coordinates": [[-8.7888092, 40.0686054], [-8.7880111, 40.0690282], [-8.7859658, 40.0699932], [-8.7826816, 40.0716091]]}, "properties": {"highway": "motorway", "lanes": "3", "maxspeed": "120", "minspeed": "50", "name": "Autoestrada do Litoral Centro", "oneway": "yes", "operator": "BRISAL", "ref": "A 17;IC 1", "smoothness": "excellent", "surface": "asphalt", "toll": "yes"}}, {"type": "Feature", "geometry": {"type": "LineString", "coordinates": [[-8.7826816, 40.0716091], [-8.7788508, 40.0739432], [-8.7744612, 40.0770849]]}, "properties": {"highway": "motorway", "lanes": "3", "maxheight:signed": "no", "maxspeed": "120", "minspeed": "50", "name": "Autoestrada do Litoral Centro", "oneway": "yes", "operator": "BRISAL", "ref": "A 17;IC 1", "smoothness": "excellent", "surface": "asphalt", "toll": "yes"}}, {"type": "Feature", "geometry": {"type": "LineString", "coordinates": [[-8.7744612, 40.0770849], [-8.7727596, 40.0785363], [-8.771148, 40.0799294], [-8.7697045, 40.0814125]]}, "properties": {"highway": "motorway", "lanes": "3", "maxheight:signed": "no", "maxspeed": "120", "minspeed": "50", "name": "Autoestrada do Litoral Centro", "oneway": "yes", "operator": "BRISAL", "ref": "A 17;IC 1", "smoothness": "excellent", "surface": "asphalt", "toll": "yes"}}, {"type": "Feature", "geometry": {"type": "LineString", "coordinates": [[-8.7697045, 40.0814125], [-8.7690598, 40.0820748], [-8.7679569, 40.083289], [-8.7669656, 40.0845212], [-8.7638645, 40.0882534], [-8.7613799, 40.0907075]]}, "properties": {"highway": "motorway", "lanes": "3", "maxspeed": "120", "minspeed": "50", "name": "Autoestrada do Litoral Centro", "oneway": "yes", "operator": "BRISAL", "ref": "A 17;IC 1", "smoothness": "excellent", "surface": "asphalt", "toll": "yes"}}, {"type": "Feature", "geometry": {"type": "LineString", "coordinates": [[-8.7827173, 40.1652542], [-8.7835844, 40.1660665], [-8.784448, 40.1668654], [-8.7851752, 40.1674847], [-8.7870008, 40.1689608]]}, "properties": {"highway": "motorway", "lanes": "2", "lit": "no", "maxspeed": "120", "minspeed": "50", "name": "Autoestrada do Litoral Centro", "oneway": "yes", "operator": "BRISAL", "ref": "A 17;IC 1", "surface": "asphalt", "toll": "yes"}}, {"type": "Feature", "geometry": {"type": "LineString", "coordinates": [[-8.7870008, 40.1689608], [-8.7878341, 40.1695744], [-8.7896597, 40.1708305], [-8.790882, 40.1716554]]}, "properties": {"highway": "motorway", "lanes": "2", "lit": "no", "maxspeed": "120", "minspeed": "50", "name": "Autoestrada do Litoral Centro", "oneway": "yes", "operator": "BRISAL", "ref": "A 17;IC 1", "surface": "asphalt", "toll": "yes"}}, {"type": "Feature", "geometry": {"type": "LineString", "coordinates": [[-8.790882, 40.1716554], [-8.7912808, 40.1719245], [-8.7929776, 40.1729258], [-8.7941754, 40.1735949]]}, "properties": {"highway": "motorway", "lanes": "2", "lit": "no", "maxspeed": "120", "minspeed": "50", "name": "Autoestrada do Litoral Centro", "oneway": "yes", "operator": "BRISAL", "ref": "A 17;IC 1", "surface": "asphalt", "toll": "yes"}}, {"type": "Feature", "geometry": {"type": "LineString", "coordinates": [[-8.7941754, 40.1735949], [-8.7964016, 40.174807], [-8.7979317, 40.1756694], [-8.7994922, 40.1765839], [-8.7999588, 40.176881]]}, "properties": {"highway": "motorway", "lanes": "2", "lit": "no", "maxspeed": "120", "minspeed": "50", "name": "Autoestrada do Litoral Centro", "oneway": "yes", "operator": "BRISAL", "ref": "A 17;IC 1", "surface": "asphalt", "toll": "yes"}}, {"type": "Feature", "geometry": {"type": "LineString", "coordinates": [[-8.7999588, 40.176881], [-8.8015037, 40.1778647], [-8.8024617, 40.1785807], [-8.8033631, 40.1792636], [-8.804863, 40.1805253], [-8.8060599, 40.1816018], [-8.8071808, 40.18273], [-8.8076931, 40.1832976], [-8.8082339, 40.1839456], [-8.8093702, 40.1853751], [-8.8102641, 40.1866308], [-8.8110394, 40.1878953]]}, "properties": {"highway": "motorway", "lanes": "2", "lit": "no", "maxspeed": "120", "minspeed": "50", "name": "Autoestrada do Litoral Centro", "oneway": "yes", "operator": "BRISAL", "ref": "A 17;IC 1", "surface": "asphalt", "toll": "yes"}}, {"type": "Feature", "geometry": {"type": "LineString", "coordinates": [[-8.8110394, 40.1878953], [-8.811585, 40.1888322], [-8.812226, 40.190155], [-8.8127487, 40.1913471], [-8.8132184, 40.1925391]]}, "properties": {"highway": "motorway", "lanes": "2", "lit": "no", "maxspeed": "120", "minspeed": "50", "name": "Autoestrada do Litoral Centro", "oneway": "yes", "operator": "BRISAL", "ref": "A 17;IC 1", "surface": "asphalt", "toll": "yes"}}, {"type": "Feature", "geometry": {"type": "LineString", "coordinates": [[-8.7214475, 40.3149455], [-8.7211355, 40.3154651], [-8.7206799, 40.3165031], [-8.7203816, 40.3174681], [-8.7201948, 40.3185499], [-8.7201448, 40.319623]]}, "properties": {"highway": "motorway", "lanes": "2", "lit": "no", "maxspeed": "120", "minspeed": "50", "name": "Autoestrada do Litoral Centro", "oneway": "yes", "operator": "BRISAL", "ref": "A 17;IC 1", "surface": "asphalt", "toll": "yes"}}, {"type": "Feature", "geometry": {"type": "LineString", "coordinates": [[-8.722117, 40.3288096], [-8.7220701, 40.329139], [-8.7219323, 40.3298097], [-8.721815, 40.3301985]]}, "properties": {"highway": "motorway", "lanes": "2", "lit": "no", "maxspeed": "120", "minspeed": "50", "name": "Autoestrada do Litoral Centro", "oneway": "yes", "operator": "BRISAL", "ref": "A 17;IC 1", "surface": "asphalt", "toll": "yes"}}, {"type": "Feature", "geometry": {"type": "LineString", "coordinates": [[-8.721815, 40.3301985], [-8.7217022, 40.3305722], [-8.7213613, 40.3314609]]}, "properties": {"highway": "motorway", "lanes": "2", "lit": "no", "maxspeed": "120", "minspeed": "50", "name": "Autoestrada do Litoral Centro", "oneway": "yes", "operator": "BRISAL", "ref": "A 17;IC 1", "surface": "asphalt", "toll": "yes"}}, {"type": "Feature", "geometry": {"type": "LineString", "coordinates": [[-8.7213613, 40.3314609], [-8.7197299, 40.3357138], [-8.7196857, 40.335829]]}, "properties": {"highway": "motorway", "lanes": "2", "lit": "no", "maxspeed": "120", "minspeed": "50", "name": "Autoestrada do Litoral Centro", "oneway": "yes", "operator": "BRISAL", "ref": "A 17;IC 1", "surface": "asphalt", "toll": "yes"}}, {"type": "Feature", "geometry": {"type": "LineString", "coordinates": [[-8.718749, 40.338647], [-8.7186865, 40.3389175], [-8.7185754, 40.3398682], [-8.7185649, 40.3406106], [-8.7186281, 40.3414992]]}, "properties": {"highway": "motorway", "lanes": "2", "lit": "no", "maxspeed": "120", "minspeed": "50", "name": "Autoestrada do Litoral Centro", "oneway": "yes", "operator": "BRISAL", "ref": "A 17;IC 1", "surface": "asphalt", "toll": "yes"}}, {"type": "Feature", "geometry": {"type": "LineString", "coordinates": [[-8.7186281, 40.3414992], [-8.7186702, 40.3420921], [-8.7187581, 40.3430252], [-8.7187884, 40.3439329], [-8.71875, 40.3448446], [-8.7186039, 40.3457395], [-8.7183311, 40.3466995], [-8.7180537, 40.3474073], [-8.717648, 40.3482134]]}, "properties": {"highway": "motorway", "lanes": "2", "lit": "no", "maxspeed": "120", "minspeed": "50", "name": "Autoestrada do Litoral Centro", "oneway": "yes", "operator": "BRISAL", "ref": "A 17;IC 1", "surface": "asphalt", "toll": "yes"}}, {"type": "Feature", "geometry": {"type": "LineString", "coordinates": [[-8.717648, 40.3482134], [-8.7171765, 40.3489783], [-8.7166987, 40.3496177], [-8.7158862, 40.3505051]]}, "properties": {"highway": "motorway", "lanes": "2", "lit": "no", "maxspeed": "120", "minspeed": "50", "name": "Autoestrada do Litoral Centro", "oneway": "yes", "operator": "BRISAL", "ref": "A 17;IC 1", "surface": "asphalt", "toll": "yes"}}, {"type": "Feature", "geometry": {"type": "LineString", "coordinates": [[-8.7137436, 40.3845431], [-8.7140771, 40.3853934], [-8.7143145, 40.3861742], [-8.7145166, 40.3870548], [-8.7146041, 40.3876733], [-8.7146868, 40.3883791], [-8.7147199, 40.389217], [-8.7146778, 40.3900529], [-8.714597, 40.3907987], [-8.7144652, 40.391505], [-8.7143092, 40.3921426]]}, "properties": {"highway": "motorway", "lanes": "2", "lit": "no", "maxspeed": "120", "minspeed": "50", "name": "Autoestrada do Litoral Centro", "oneway": "yes", "operator": "BRISAL", "ref": "A 17;IC 1", "smoothness": "excellent", "surface": "asphalt", "toll": "yes"}}, {"type": "Feature", "geometry": {"type": "LineString", "coordinates": [[-8.7143092, 40.3921426], [-8.7140825, 40.3928914], [-8.7137588, 40.3937262], [-8.7134491, 40.394399], [-8.7130912, 40.3950746], [-8.7127027, 40.395714], [-8.7118425, 40.3969213], [-8.7106781, 40.3983792]]}, "properties": {"highway": "motorway", "lanes": "2", "lit": "no", "maxspeed": "120", "minspeed": "50", "name": "Autoestrada do Litoral Centro", "oneway": "yes", "operator": "BRISAL", "ref": "A 17;IC 1", "smoothness": "excellent", "surface": "asphalt", "toll": "yes"}}, {"type": "Feature", "geometry": {"type": "LineString", "coordinates": [[-8.7106781, 40.3983792], [-8.7098349, 40.3994349], [-8.7094398, 40.3999734], [-8.7089822, 40.4006462], [-8.7084968, 40.4014711], [-8.7081983, 40.4020596], [-8.7077926, 40.4030191], [-8.7075808, 40.4036422], [-8.7073562, 40.4044774], [-8.7071311, 40.4057943]]}, "properties": {"highway": "motorway", "lanes": "2", "lit": "no", "maxspeed": "120", "minspeed": "50", "name": "Autoestrada do Litoral Centro", "oneway": "yes", "operator": "BRISAL", "ref": "A 17;IC 1", "smoothness": "excellent", "surface": "asphalt", "toll": "yes"}}, {"type": "Feature", "geometry": {"type": "LineString", "coordinates": [[-8.594878, 40.6210991], [-8.592559, 40.6196009]]}, "properties": {"highway": "motorway", "lanes": "2", "lit": "yes", "maxspeed": "120", "minspeed": "50", "name": "Autoestrada do Litoral Centro", "oneway": "yes", "operator": "BRISAL", "ref": "A 17;IC 1", "surface": "asphalt", "toll": "yes"}}, {"type": "Feature", "geometry": {"type": "LineString", "coordinates": [[-8.6283654, 40.5402696], [-8.6296894, 40.539604]]}, "properties": {"highway": "motorway", "lanes": "3", "lit": "yes", "maxspeed": "120", "minspeed": "50", "name": "Autoestrada do Litoral Centro", "oneway": "yes", "operator": "BRISAL", "ref": "A 17;IC 1", "smoothness": "excellent", "surface": "asphalt", "toll": "yes", "turn:lanes": "||slight_right"}}, {"type": "Feature", "geometry": {"type": "LineString", "coordinates": [[-8.6283369, 40.5401336], [-8.6260313, 40.5413207]]}, "properties": {"highway": "motorway", "lanes": "2", "lit": "no", "maxspeed": "120", "minspeed": "50", "name": "Autoestrada do Litoral Centro", "oneway": "yes", "operator": "BRISAL", "ref": "A 17;IC 1", "smoothness": "excellent", "surface": "asphalt", "toll": "yes"}}, {"type": "Feature", "geometry": {"type": "LineString", "coordinates": [[-8.6975948, 40.4570134], [-8.6972517, 40.4574336], [-8.69693, 40.4578144], [-8.6963905, 40.4583835]]}, "properties": {"highway": "motorway", "lanes": "2", "lit": "yes", "maxspeed": "120", "minspeed": "50", "name": "Autoestrada do Litoral Centro", "oneway": "yes", "operator": "BRISAL", "ref": "A 17;IC 1", "smoothness": "excellent", "surface": "asphalt", "toll": "yes"}}, {"type": "Feature", "geometry": {"type": "LineString", "coordinates": [[-8.7214811, 40.3237524], [-8.7212097, 40.3230733], [-8.7208906, 40.3223106]]}, "properties": {"highway": "motorway", "lanes": "3", "lit": "no", "maxspeed": "120", "minspeed": "50", "name": "Autoestrada do Litoral Centro", "oneway": "yes", "operator": "BRISAL", "ref": "A 17;IC 1", "smoothness": "excellent", "surface": "asphalt", "toll": "yes", "turn:lanes": "||merge_to_left"}}, {"type": "Feature", "geometry": {"type": "LineString", "coordinates": [[-8.7707289, 39.947747], [-8.771079, 39.9500566], [-8.7712078, 39.9507325], [-8.771397, 39.951394], [-8.7717285, 39.9522185], [-8.7718742, 39.9525607]]}, "properties": {"highway": "motorway", "lanes": "3", "lit": "no", "maxspeed": "120", "minspeed": "50", "name": "Autoestrada do Litoral Centro", "oneway": "yes", "operator": "BRISAL", "ref": "A 17;IC 1", "smoothness": "excellent", "surface": "asphalt", "toll": "yes"}}, {"type": "Feature", "geometry": {"type": "LineString", "coordinates": [[-8.7708113, 39.9467607], [-8.7707873, 39.9465967], [-8.7707153, 39.9462698], [-8.7701491, 39.9423533], [-8.7701313, 39.9418686]]}, "properties": {"highway": "motorway", "lanes": "3", "lit": "yes", "maxspeed": "120", "minspeed": "50", "name": "Autoestrada do Litoral Centro", "oneway": "yes", "operator": "BRISAL", "ref": "A 17;IC 1", "smoothness": "excellent", "surface": "asphalt", "toll": "yes"}}, {"type": "Feature", "geometry": {"type": "LineString", "coordinates": [[-8.8134887, 40.0328576], [-8.8136392, 40.0254848]]}, "properties": {"highway": "motorway", "lanes": "3", "maxspeed": "120", "minspeed": "50", "name": "Autoestrada do Litoral Centro", "oneway": "yes", "operator": "BRISAL", "ref": "A 17;IC 1", "smoothness": "excellent", "surface": "asphalt", "toll": "yes"}}, {"type": "Feature", "geometry": {"type": "LineString", "coordinates": [[-8.8111834, 40.0181543], [-8.8102543, 40.0170414], [-8.8072581, 40.0135839], [-8.8030332, 40.0087022], [-8.8021135, 40.0076394], [-8.8014702, 40.0068861], [-8.8010526, 40.0063719], [-8.8008531, 40.0061148], [-8.8006598, 40.0058435], [-8.8004417, 40.0055467], [-8.8002617, 40.0052788], [-8.8000825, 40.0049917]]}, "properties": {"highway": "motorway", "lanes": "3", "lit": "no", "maxspeed": "120", "minspeed": "50", "name": "Autoestrada do Litoral Centro", "oneway": "yes", "operator": "BRISAL", "ref": "A 17;IC 1", "smoothness": "excellent", "surface": "asphalt", "toll": "yes"}}, {"type": "Feature", "geometry": {"type": "LineString", "coordinates": [[-8.599216, 40.6435269], [-8.5989099, 40.6439551]]}, "properties": {"highway": "motorway", "lanes": "3", "lit": "yes", "maxspeed:lanes": "120|120|50", "minspeed": "50", "name": "Autoestrada do Litoral Centro", "oneway": "yes", "operator": "BRISAL", "ref": "A 17;IC 1", "surface": "asphalt", "toll": "yes", "turn:lanes": "||slight_right"}}, {"type": "Feature", "geometry": {"type": "LineString", "coordinates": [[-8.5996259, 40.6429477], [-8.599216, 40.6435269]]}, "properties": {"highway": "motorway", "lanes": "3", "lit": "yes", "maxspeed:lanes": "120|120|80", "minspeed": "50", "name": "Autoestrada do Litoral Centro", "oneway": "yes", "operator": "BRISAL", "ref": "A 17;IC 1", "surface": "asphalt", "toll": "yes", "turn:lanes": "||slight_right"}}, {"type": "Feature", "geometry": {"type": "LineString", "coordinates": [[-8.5999, 40.6425558], [-8.5996259, 40.6429477]]}, "properties": {"highway": "motorway", "lanes": "3", "lit": "yes", "maxspeed:lanes": "120|120|100", "minspeed": "50", "name": "Autoestrada do Litoral Centro", "oneway": "yes", "operator": "BRISAL", "ref": "A 17;IC 1", "surface": "asphalt", "toll": "yes", "turn:lanes": "||slight_right"}}, {"type": "Feature", "geometry": {"type": "LineString", "coordinates": [[-8.6008253, 40.6409476], [-8.6007235, 40.6411652]]}, "properties": {"highway": "motorway", "lanes": "3", "lit": "yes", "maxspeed:lanes": "120|120|60", "minspeed": "50", "name": "Autoestrada do Litoral Centro", "oneway": "yes", "operator": "BRISAL", "ref": "A 17;IC 1", "surface": "asphalt", "toll": "yes", "turn:lanes": "||slight_right"}}, {"type": "Feature", "geometry": {"type": "LineString", "coordinates": [[-8.6010043, 40.6405309], [-8.6008253, 40.6409476]]}, "properties": {"highway": "motorway", "lanes": "3", "lit": "yes", "maxspeed:lanes": "120|120|80", "minspeed": "50", "name": "Autoestrada do Litoral Centro", "oneway": "yes", "operator": "BRISAL", "ref": "A 17;IC 1", "surface": "asphalt", "toll": "yes", "turn:lanes": "||slight_right"}}, {"type": "Feature", "geometry": {"type": "LineString", "coordinates": [[-8.7199611, 40.3357742], [-8.721037, 40.3329967]]}, "properties": {"highway": "motorway", "lanes": "2", "lit": "no", "maxspeed": "120", "minspeed": "50", "name": "Autoestrada do Litoral Centro", "oneway": "yes", "operator": "BRISAL", "ref": "A 17;IC 1", "smoothness": "excellent", "surface": "asphalt", "toll": "yes"}}, {"type": "Feature", "geometry": {"type": "LineString", "coordinates": [[-8.7199282, 40.3358592], [-8.7199611, 40.3357742]]}, "properties": {"bridge": "yes", "highway": "motorway", "lanes": "2", "layer": "1", "lit": "no", "maxspeed": "120", "minspeed": "50", "name": "Autoestrada do Litoral Centro", "oneway": "yes", "operator": "BRISAL", "ref": "A 17;IC 1", "smoothness": "excellent", "surface": "asphalt", "toll": "yes"}}, {"type": "Feature", "geometry": {"type": "LineString", "coordinates": [[-8.7196531, 40.3359141], [-8.7192072, 40.3370766], [-8.718886, 40.3380548], [-8.718749, 40.338647]]}, "properties": {"highway": "motorway", "lanes": "2", "lit": "no", "maxspeed": "120", "minspeed": "50", "name": "Autoestrada do Litoral Centro", "oneway": "yes", "operator": "BRISAL", "ref": "A 17;IC 1", "surface": "asphalt", "toll": "yes"}}, {"type": "Feature", "geometry": {"type": "LineString", "coordinates": [[-8.7196857, 40.335829], [-8.7196531, 40.3359141]]}, "properties": {"bridge": "yes", "highway": "motorway", "lanes": "2", "layer": "1", "lit": "no", "maxspeed": "120", "minspeed": "50", "name": "Autoestrada do Litoral Centro", "oneway": "yes", "operator": "BRISAL", "ref": "A 17;IC 1", "surface": "asphalt", "toll": "yes"}}]}