{"type": "FeatureCollection", "features": [{"type": "Feature", "geometry": {"type": "Point", "coordinates": [-8.605071, 41.0878328]}, "properties": {"distance": "50", "highway": "milestone", "marker": "plate", "material": "metal", "ref": "A 29"}}, {"type": "Feature", "geometry": {"type": "Point", "coordinates": [-8.5801763, 40.8796835]}, "properties": {"distance": "23", "highway": "milestone", "mapillary": "740277279923064", "marker": "plate", "material": "metal", "ref": "A 29"}}, {"type": "Feature", "geometry": {"type": "Point", "coordinates": [-8.5587976, 40.8191771]}, "properties": {"distance": "16", "highway": "milestone", "marker": "plate", "material": "metal", "ref": "A 29"}}, {"type": "Feature", "geometry": {"type": "Point", "coordinates": [-8.5626761, 40.7851894]}, "properties": {"distance": "12", "highway": "milestone", "mapillary": "489946852347877", "marker": "plate", "material": "metal", "ref": "A 29"}}, {"type": "Feature", "geometry": {"type": "Point", "coordinates": [-8.5586382, 40.8192032]}, "properties": {"distance": "16", "highway": "milestone", "mapillary": "3922351354660965", "marker": "plate", "material": "metal", "ref": "A 29"}}, {"type": "Feature", "geometry": {"type": "Point", "coordinates": [-8.5604222, 40.8279112]}, "properties": {"distance": "17", "highway": "milestone", "mapillary": "1046247223572208", "marker": "plate", "material": "metal", "ref": "A 29"}}, {"type": "Feature", "geometry": {"type": "Point", "coordinates": [-8.5692826, 40.8539452]}, "properties": {"distance": "20", "highway": "milestone", "mapillary": "539026211823771", "marker": "plate", "material": "metal", "ref": "A 29"}}, {"type": "Feature", "geometry": {"type": "Point", "coordinates": [-8.5800306, 40.8797399]}, "properties": {"distance": "23", "highway": "milestone", "mapillary": "8283967138391040", "marker": "plate", "material": "metal", "ref": "A 29"}}, {"type": "Feature", "geometry": {"type": "Point", "coordinates": [-8.5857229, 40.8875449]}, "properties": {"distance": "24", "highway": "milestone", "mapillary": "1634753247101579", "marker": "plate", "material": "metal", "ref": "A 29"}}, {"type": "Feature", "geometry": {"type": "Point", "coordinates": [-8.6049926, 41.0877043]}, "properties": {"distance": "50", "highway": "milestone", "marker": "plate", "material": "metal", "ref": "A 29"}}, {"type": "Feature", "geometry": {"type": "Point", "coordinates": [-8.561242, 40.7761278]}, "properties": {"distance": "11", "highway": "milestone", "marker": "plate", "material": "metal", "ref": "A 29"}}, {"type": "Feature", "geometry": {"type": "Point", "coordinates": [-8.5553246, 40.7686591]}, "properties": {"distance": "10", "highway": "milestone", "marker": "plate", "material": "metal", "ref": "A 29"}}, {"type": "Feature", "geometry": {"type": "Point", "coordinates": [-8.5610794, 40.7761411]}, "properties": {"distance": "11", "highway": "milestone", "marker": "plate", "material": "metal", "ref": "A 29"}}, {"type": "Feature", "geometry": {"type": "Point", "coordinates": [-8.5551876, 40.7687325]}, "properties": {"distance": "10", "highway": "milestone", "mapillary": "1610919455945434", "marker": "plate", "material": "metal", "ref": "A 29"}}, {"type": "Feature", "geometry": {"type": "Point", "coordinates": [-8.6230261, 41.0206974]}, "properties": {"distance": "40", "highway": "milestone", "mapillary": "1538192193426939", "marker": "plate", "material": "metal", "ref": "A 29"}}, {"type": "Feature", "geometry": {"type": "Point", "coordinates": [-8.6241183, 41.0293016]}, "properties": {"distance": "41", "highway": "milestone", "mapillary": "469187217720258", "marker": "plate", "material": "metal", "ref": "A 29"}}, {"type": "Feature", "geometry": {"type": "Point", "coordinates": [-8.6240133, 41.0292919]}, "properties": {"distance": "41", "highway": "milestone", "marker": "plate", "material": "metal", "ref": "A 29"}}, {"type": "Feature", "geometry": {"type": "Point", "coordinates": [-8.6287995, 41.0373633]}, "properties": {"distance": "42", "highway": "milestone", "mapillary": "963488595333961", "marker": "plate", "material": "metal", "ref": "A 29"}}, {"type": "Feature", "geometry": {"type": "Point", "coordinates": [-8.6288752, 41.0372917]}, "properties": {"distance": "42", "highway": "milestone", "mapillary": "1252403885176528", "marker": "plate", "material": "metal", "ref": "A 29"}}, {"type": "Feature", "geometry": {"type": "Point", "coordinates": [-8.6379841, 41.0780818]}, "properties": {"distance": "47", "highway": "milestone", "marker": "plate", "material": "metal", "ref": "A 29"}}, {"type": "Feature", "geometry": {"type": "Point", "coordinates": [-8.6378968, 41.0779724]}, "properties": {"distance": "47", "highway": "milestone", "marker": "plate", "material": "metal", "ref": "A 29"}}, {"type": "Feature", "geometry": {"type": "Point", "coordinates": [-8.6412035, 41.0610115]}, "properties": {"distance": "45", "highway": "milestone", "mapillary": "648617712761631", "marker": "plate", "material": "metal", "ref": "A 29"}}, {"type": "Feature", "geometry": {"type": "Point", "coordinates": [-8.6106969, 40.9773176]}, "properties": {"distance": "35", "highway": "milestone", "mapillary": "4580219622028595", "marker": "plate", "material": "metal", "ref": "A 29"}}, {"type": "Feature", "geometry": {"type": "Point", "coordinates": [-8.5838842, 41.0936875]}, "properties": {"distance": "52", "highway": "milestone", "mapillary": "476757693558138", "marker": "plate", "material": "metal", "ref": "A 29"}}, {"type": "Feature", "geometry": {"type": "Point", "coordinates": [-8.6107979, 40.9773145]}, "properties": {"distance": "35", "highway": "milestone", "marker": "plate", "material": "metal", "ref": "A 29"}}, {"type": "Feature", "geometry": {"type": "Point", "coordinates": [-8.6270133, 41.0816062]}, "properties": {"distance": "48", "highway": "milestone", "marker": "plate", "material": "metal", "ref": "A 29"}}, {"type": "Feature", "geometry": {"type": "Point", "coordinates": [-8.6271342, 41.0817148]}, "properties": {"distance": "48", "highway": "milestone", "marker": "plate", "material": "metal", "ref": "A 29"}}, {"type": "Feature", "geometry": {"type": "Point", "coordinates": [-8.6163484, 41.0852924]}, "properties": {"distance": "49", "highway": "milestone", "marker": "plate", "material": "metal", "ref": "A 29"}}, {"type": "Feature", "geometry": {"type": "Point", "coordinates": [-8.6164335, 41.0854337]}, "properties": {"distance": "49", "highway": "milestone", "marker": "plate", "material": "metal", "ref": "A 29"}}, {"type": "Feature", "geometry": {"type": "Point", "coordinates": [-8.6009402, 40.943325]}, "properties": {"distance": "31", "highway": "milestone", "mapillary": "292916193538621", "marker": "plate", "material": "metal", "ref": "A 29"}}, {"type": "Feature", "geometry": {"type": "Point", "coordinates": [-8.6010462, 40.94333]}, "properties": {"distance": "31", "highway": "milestone", "marker": "plate", "material": "metal", "ref": "A 29"}}, {"type": "Feature", "geometry": {"type": "Point", "coordinates": [-8.6132695, 40.9860585]}, "properties": {"distance": "36", "highway": "milestone", "marker": "plate", "material": "metal", "ref": "A 29"}}, {"type": "Feature", "geometry": {"type": "Point", "coordinates": [-8.6131719, 40.9860783]}, "properties": {"distance": "36", "highway": "milestone", "marker": "plate", "material": "metal", "ref": "A 29"}}, {"type": "Feature", "geometry": {"type": "Point", "coordinates": [-8.6164114, 40.9946134]}, "properties": {"distance": "37", "highway": "milestone", "marker": "plate", "material": "metal", "ref": "A 29"}}, {"type": "Feature", "geometry": {"type": "Point", "coordinates": [-8.6165142, 40.9945854]}, "properties": {"distance": "37", "highway": "milestone", "marker": "plate", "material": "metal", "ref": "A 29"}}, {"type": "Feature", "geometry": {"type": "Point", "coordinates": [-8.6386769, 41.052289]}, "properties": {"distance": "44", "highway": "milestone", "mapillary": "1148770513164016", "marker": "plate", "material": "metal", "ref": "A 29"}}, {"type": "Feature", "geometry": {"type": "Point", "coordinates": [-8.6387853, 41.052286]}, "properties": {"distance": "44", "highway": "milestone", "mapillary": "614023976243588", "marker": "plate", "material": "metal", "ref": "A 29"}}, {"type": "Feature", "geometry": {"type": "Point", "coordinates": [-8.6413311, 41.0609873]}, "properties": {"distance": "45", "highway": "milestone", "marker": "plate", "material": "metal", "ref": "A 29"}}, {"type": "Feature", "geometry": {"type": "Point", "coordinates": [-8.6423969, 41.0697975]}, "properties": {"distance": "46", "highway": "milestone", "marker": "plate", "material": "metal", "ref": "A 29"}}, {"type": "Feature", "geometry": {"type": "Point", "coordinates": [-8.6425593, 41.0698102]}, "properties": {"distance": "46", "highway": "milestone", "marker": "plate", "material": "metal", "ref": "A 29"}}, {"type": "Feature", "geometry": {"type": "Point", "coordinates": [-8.535004, 40.6937409]}, "properties": {"distance": "1", "highway": "milestone", "mapillary": "513833426312744", "marker": "plate", "material": "metal", "ref": "A 29"}}, {"type": "Feature", "geometry": {"type": "Point", "coordinates": [-8.5351255, 40.693825]}, "properties": {"distance": "1", "highway": "milestone", "mapillary": "155280066530655", "marker": "plate", "material": "metal", "ref": "A 29"}}, {"type": "Feature", "geometry": {"type": "Point", "coordinates": [-8.5858611, 40.8874767]}, "properties": {"distance": "24", "highway": "milestone", "mapillary": "484040202715317", "marker": "plate", "material": "metal", "ref": "A 29"}}, {"type": "Feature", "geometry": {"type": "Point", "coordinates": [-8.6229211, 41.0207049]}, "properties": {"distance": "40", "highway": "milestone", "marker": "plate", "material": "metal", "ref": "A 29"}}, {"type": "Feature", "geometry": {"type": "Point", "coordinates": [-8.6212224, 41.0120558]}, "properties": {"distance": "39", "highway": "milestone", "mapillary": "163131112339633", "marker": "plate", "material": "metal", "ref": "A 29"}}, {"type": "Feature", "geometry": {"type": "Point", "coordinates": [-8.6187004, 41.0032507]}, "properties": {"distance": "38", "highway": "milestone", "marker": "plate", "material": "metal", "ref": "A 29"}}, {"type": "Feature", "geometry": {"type": "Point", "coordinates": [-8.6185916, 41.0032553]}, "properties": {"distance": "38", "highway": "milestone", "mapillary": "580653399758942", "marker": "plate", "material": "metal", "ref": "A 29"}}, {"type": "Feature", "geometry": {"type": "Point", "coordinates": [-8.6210962, 41.0120835]}, "properties": {"distance": "39", "highway": "milestone", "marker": "plate", "material": "metal", "ref": "A 29"}}, {"type": "Feature", "geometry": {"type": "Point", "coordinates": [-8.6372689, 41.0437121]}, "properties": {"distance": "43", "highway": "milestone", "mapillary": "519928942364599", "marker": "plate", "material": "metal", "ref": "A 29"}}, {"type": "Feature", "geometry": {"type": "Point", "coordinates": [-8.6373709, 41.0436367]}, "properties": {"distance": "43", "highway": "milestone", "mapillary": "352974446258603", "marker": "plate", "material": "metal", "ref": "A 29"}}, {"type": "Feature", "geometry": {"type": "Point", "coordinates": [-8.5838285, 41.0937907]}, "properties": {"distance": "52", "highway": "milestone", "mapillary": "275965540815839", "marker": "plate", "material": "metal", "ref": "A 29"}}, {"type": "Feature", "geometry": {"type": "Point", "coordinates": [-8.5945549, 41.0915712]}, "properties": {"distance": "51", "highway": "milestone", "marker": "plate", "material": "metal", "ref": "A 29"}}, {"type": "Feature", "geometry": {"type": "Point", "coordinates": [-8.5944243, 41.0914682]}, "properties": {"distance": "51", "highway": "milestone", "mapillary": "1684438685091022", "marker": "plate", "material": "metal", "ref": "A 29"}}, {"type": "Feature", "geometry": {"type": "Point", "coordinates": [-8.5344699, 40.7025535]}, "properties": {"distance": "2", "highway": "milestone", "mapillary": "462165951518735", "marker": "plate", "material": "metal", "ref": "A 29"}}, {"type": "Feature", "geometry": {"type": "Point", "coordinates": [-8.5346416, 40.7025545]}, "properties": {"distance": "2", "highway": "milestone", "mapillary": "932066654193884", "marker": "plate", "material": "metal", "ref": "A 29"}}, {"type": "Feature", "geometry": {"type": "Point", "coordinates": [-8.5327618, 40.7111765]}, "properties": {"distance": "3", "highway": "milestone", "mapillary": "1163047110868726", "marker": "plate", "material": "metal", "ref": "A 29"}}, {"type": "Feature", "geometry": {"type": "Point", "coordinates": [-8.5329268, 40.7111776]}, "properties": {"distance": "3", "highway": "milestone", "mapillary": "499798911213801", "marker": "plate", "material": "metal", "ref": "A 29"}}, {"type": "Feature", "geometry": {"type": "Point", "coordinates": [-8.5328613, 40.7202549]}, "properties": {"distance": "4", "highway": "milestone", "mapillary": "983251155762811", "marker": "plate", "material": "metal", "ref": "A 29"}}, {"type": "Feature", "geometry": {"type": "Point", "coordinates": [-8.5330185, 40.7202529]}, "properties": {"distance": "4", "highway": "milestone", "mapillary": "514534319737714", "marker": "plate", "material": "metal", "ref": "A 29"}}, {"type": "Feature", "geometry": {"type": "Point", "coordinates": [-8.5372799, 40.7285238]}, "properties": {"distance": "5", "highway": "milestone", "marker": "plate", "material": "metal", "ref": "A 29"}}, {"type": "Feature", "geometry": {"type": "Point", "coordinates": [-8.5373851, 40.7284359]}, "properties": {"distance": "5", "highway": "milestone", "mapillary": "310211624071284", "marker": "plate", "material": "metal", "ref": "A 29"}}, {"type": "Feature", "geometry": {"type": "Point", "coordinates": [-8.54171, 40.7365788]}, "properties": {"distance": "6", "highway": "milestone", "marker": "plate", "material": "metal", "ref": "A 29"}}, {"type": "Feature", "geometry": {"type": "Point", "coordinates": [-8.5415585, 40.736584]}, "properties": {"distance": "6", "highway": "milestone", "mapillary": "1138088440000709", "marker": "plate", "material": "metal", "ref": "A 29"}}, {"type": "Feature", "geometry": {"type": "Point", "coordinates": [-8.5415994, 40.7449872]}, "properties": {"distance": "7", "highway": "milestone", "mapillary": "1599543274291318", "marker": "plate", "material": "metal", "ref": "A 29"}}, {"type": "Feature", "geometry": {"type": "Point", "coordinates": [-8.5414425, 40.7449922]}, "properties": {"distance": "7", "highway": "milestone", "marker": "plate", "material": "metal", "ref": "A 29"}}, {"type": "Feature", "geometry": {"type": "Point", "coordinates": [-8.5420626, 40.754391]}, "properties": {"distance": "8", "highway": "milestone", "marker": "plate", "material": "metal", "ref": "A 29"}}, {"type": "Feature", "geometry": {"type": "Point", "coordinates": [-8.5422181, 40.7543916]}, "properties": {"distance": "8", "highway": "milestone", "mapillary": "489037179211856", "marker": "plate", "material": "metal", "ref": "A 29"}}, {"type": "Feature", "geometry": {"type": "Point", "coordinates": [-8.5472685, 40.7622391]}, "properties": {"distance": "9", "highway": "milestone", "mapillary": "1172801377152140", "marker": "plate", "material": "metal", "ref": "A 29"}}, {"type": "Feature", "geometry": {"type": "Point", "coordinates": [-8.5471689, 40.7623394]}, "properties": {"distance": "9", "highway": "milestone", "mapillary": "521204462220992", "marker": "plate", "material": "metal", "ref": "A 29"}}, {"type": "Feature", "geometry": {"type": "Point", "coordinates": [-8.5625204, 40.7852197]}, "properties": {"distance": "12", "highway": "milestone", "mapillary": "937786427017669", "marker": "plate", "material": "metal", "ref": "A 29"}}, {"type": "Feature", "geometry": {"type": "Point", "coordinates": [-8.5598839, 40.7938]}, "properties": {"distance": "13", "highway": "milestone", "mapillary": "469666514305661", "marker": "plate", "material": "metal", "ref": "A 29"}}, {"type": "Feature", "geometry": {"type": "Point", "coordinates": [-8.5597361, 40.7937613]}, "properties": {"distance": "13", "highway": "milestone", "mapillary": "540774938341686", "marker": "plate", "material": "metal", "ref": "A 29"}}, {"type": "Feature", "geometry": {"type": "Point", "coordinates": [-8.5576395, 40.8023017]}, "properties": {"distance": "14", "highway": "milestone", "mapillary": "8479650942077649", "marker": "plate", "material": "metal", "ref": "A 29"}}, {"type": "Feature", "geometry": {"type": "Point", "coordinates": [-8.5574745, 40.8022834]}, "properties": {"distance": "14", "highway": "milestone", "mapillary": "2863229997269621", "marker": "plate", "material": "metal", "ref": "A 29"}}, {"type": "Feature", "geometry": {"type": "Point", "coordinates": [-8.5540152, 40.8109895]}, "properties": {"distance": "15", "highway": "milestone", "mapillary": "1936956813120635", "marker": "plate", "material": "metal", "ref": "A 29"}}, {"type": "Feature", "geometry": {"type": "Point", "coordinates": [-8.5541765, 40.8109986]}, "properties": {"distance": "15", "highway": "milestone", "mapillary": "554306207133150", "marker": "plate", "material": "metal", "ref": "A 29"}}, {"type": "Feature", "geometry": {"type": "Point", "coordinates": [-8.5605812, 40.8278799]}, "properties": {"distance": "17", "highway": "milestone", "mapillary": "1156536928151512", "marker": "plate", "material": "metal", "ref": "A 29"}}, {"type": "Feature", "geometry": {"type": "Point", "coordinates": [-8.5642132, 40.8365558]}, "properties": {"distance": "18", "highway": "milestone", "mapillary": "1319263912394195", "marker": "plate", "material": "metal", "ref": "A 29"}}, {"type": "Feature", "geometry": {"type": "Point", "coordinates": [-8.5640569, 40.8365837]}, "properties": {"distance": "18", "highway": "milestone", "mapillary": "2642195182632432", "marker": "plate", "material": "metal", "ref": "A 29"}}, {"type": "Feature", "geometry": {"type": "Point", "coordinates": [-8.5681771, 40.8450498]}, "properties": {"distance": "19", "highway": "milestone", "mapillary": "463238764960732", "marker": "plate", "material": "metal", "ref": "A 29"}}, {"type": "Feature", "geometry": {"type": "Point", "coordinates": [-8.5680364, 40.8450903]}, "properties": {"distance": "19", "highway": "milestone", "mapillary": "1594227408175935", "marker": "plate", "material": "metal", "ref": "A 29"}}, {"type": "Feature", "geometry": {"type": "Point", "coordinates": [-8.5694473, 40.8539362]}, "properties": {"distance": "20", "highway": "milestone", "mapillary": "153304930074691", "marker": "plate", "material": "metal", "ref": "A 29"}}, {"type": "Feature", "geometry": {"type": "Point", "coordinates": [-8.5721346, 40.8628208]}, "properties": {"distance": "21", "highway": "milestone", "mapillary": "1189247765680776", "marker": "plate", "material": "metal", "ref": "A 29"}}, {"type": "Feature", "geometry": {"type": "Point", "coordinates": [-8.5722886, 40.8627947]}, "properties": {"distance": "21", "highway": "milestone", "mapillary": "991575261247073", "marker": "plate", "material": "metal", "ref": "A 29"}}, {"type": "Feature", "geometry": {"type": "Point", "coordinates": [-8.5760988, 40.8710928]}, "properties": {"distance": "22", "highway": "milestone", "mapillary": "506319797397053", "marker": "plate", "material": "metal", "ref": "A 29"}}, {"type": "Feature", "geometry": {"type": "Point", "coordinates": [-8.5759456, 40.8711381]}, "properties": {"distance": "22", "highway": "milestone", "mapillary": "519434802528223", "marker": "plate", "material": "metal", "ref": "A 29"}}, {"type": "Feature", "geometry": {"type": "Point", "coordinates": [-8.5934857, 40.8942413]}, "properties": {"distance": "25", "highway": "milestone", "mapillary": "917362645750858", "marker": "plate", "material": "metal", "ref": "A 29"}}, {"type": "Feature", "geometry": {"type": "Point", "coordinates": [-8.5933713, 40.8943247]}, "properties": {"distance": "25", "highway": "milestone", "mapillary": "558966113267023", "marker": "plate", "material": "metal", "ref": "A 29"}}, {"type": "Feature", "geometry": {"type": "Point", "coordinates": [-8.6016056, 40.9006696]}, "properties": {"distance": "26", "highway": "milestone", "mapillary": "268744334908777", "marker": "plate", "material": "metal", "ref": "A 29"}}, {"type": "Feature", "geometry": {"type": "Point", "coordinates": [-8.6014933, 40.9007476]}, "properties": {"distance": "26", "highway": "milestone", "mapillary": "1751181295627495", "marker": "plate", "material": "metal", "ref": "A 29"}}, {"type": "Feature", "geometry": {"type": "Point", "coordinates": [-8.6064082, 40.9089747]}, "properties": {"distance": "27", "highway": "milestone", "marker": "plate", "material": "metal", "ref": "A 29"}}, {"type": "Feature", "geometry": {"type": "Point", "coordinates": [-8.6062519, 40.9090076]}, "properties": {"distance": "27", "highway": "milestone", "mapillary": "894177862590066", "marker": "plate", "material": "metal", "ref": "A 29"}}, {"type": "Feature", "geometry": {"type": "Point", "coordinates": [-8.6087953, 40.9177153]}, "properties": {"distance": "28", "highway": "milestone", "marker": "plate", "material": "metal", "ref": "A 29"}}, {"type": "Feature", "geometry": {"type": "Point", "coordinates": [-8.6086428, 40.9176969]}, "properties": {"distance": "28", "highway": "milestone", "mapillary": "1077484580646503", "marker": "plate", "material": "metal", "ref": "A 29"}}, {"type": "Feature", "geometry": {"type": "Point", "coordinates": [-8.603335, 40.925688]}, "properties": {"distance": "29", "highway": "milestone", "marker": "plate", "material": "metal", "ref": "A 29"}}, {"type": "Feature", "geometry": {"type": "Point", "coordinates": [-8.6032431, 40.9256501]}, "properties": {"distance": "29", "highway": "milestone", "mapillary": "1176961606721734", "marker": "plate", "material": "metal", "ref": "A 29"}}, {"type": "Feature", "geometry": {"type": "Point", "coordinates": [-8.6021135, 40.9344106]}, "properties": {"distance": "30", "highway": "milestone", "marker": "plate", "material": "metal", "ref": "A 29"}}, {"type": "Feature", "geometry": {"type": "Point", "coordinates": [-8.6020131, 40.9344116]}, "properties": {"distance": "30", "highway": "milestone", "mapillary": "519330891044825", "marker": "plate", "material": "metal", "ref": "A 29"}}, {"type": "Feature", "geometry": {"type": "Point", "coordinates": [-8.6052246, 40.9511465]}, "properties": {"distance": "32", "highway": "milestone", "marker": "plate", "material": "metal", "ref": "A 29"}}, {"type": "Feature", "geometry": {"type": "Point", "coordinates": [-8.6051396, 40.9512144]}, "properties": {"distance": "32", "highway": "milestone", "mapillary": "737393105032871", "marker": "plate", "material": "metal", "ref": "A 29"}}, {"type": "Feature", "geometry": {"type": "Point", "coordinates": [-8.6092714, 40.9594332]}, "properties": {"distance": "33", "highway": "milestone", "marker": "plate", "material": "metal", "ref": "A 29"}}, {"type": "Feature", "geometry": {"type": "Point", "coordinates": [-8.6091775, 40.9594312]}, "properties": {"distance": "33", "highway": "milestone", "mapillary": "946173560200354", "marker": "plate", "material": "metal", "ref": "A 29"}}, {"type": "Feature", "geometry": {"type": "Point", "coordinates": [-8.609249, 40.9683525]}, "properties": {"distance": "34", "highway": "milestone", "marker": "plate", "material": "metal", "ref": "A 29"}}, {"type": "Feature", "geometry": {"type": "Point", "coordinates": [-8.6091316, 40.9683732]}, "properties": {"distance": "34", "highway": "milestone", "mapillary": "1106166057235551", "marker": "plate", "material": "metal", "ref": "A 29"}}, {"type": "Feature", "geometry": {"type": "LineString", "coordinates": [[-8.6049715, 40.9242099], [-8.6057606, 40.9235168], [-8.6061428, 40.9231034], [-8.6065385, 40.9225592], [-8.6068335, 40.9220211], [-8.6086923, 40.9179727], [-8.6087953, 40.9177153], [-8.6088878, 40.9174574], [-8.6090262, 40.9169076], [-8.6091, 40.9162753], [-8.6090879, 40.915655], [-8.6090141, 40.9150723], [-8.6088867, 40.9145798], [-8.6086346, 40.9138997], [-8.6064082, 40.9089747], [-8.6061802, 40.9084703], [-8.6059387, 40.9079474]]}, "properties": {"change:lanes": "yes|yes", "highway": "motorway", "lanes": "2", "maxheight": "default", "maxspeed": "120", "minspeed": "50", "name": "Autoestrada da Costa de Prata", "oneway": "yes", "ref": "A 29;IC 1", "surface": "asphalt", "toll": "yes"}}, {"type": "Feature", "geometry": {"type": "LineString", "coordinates": [[-8.6108005, 40.973405], [-8.6107239, 40.9730997], [-8.6104649, 40.9722516], [-8.6104422, 40.9721164]]}, "properties": {"highway": "motorway", "lanes": "2", "maxspeed": "100", "minspeed": "50", "name": "Autoestrada da Costa de Prata", "old_ref": "IC1", "oneway": "yes", "ref": "A 29;IC 1", "surface": "asphalt", "toll": "no", "wikipedia": "pt:Auto-Estrada da Costa da Prata"}}, {"type": "Feature", "geometry": {"type": "LineString", "coordinates": [[-8.6100168, 40.9711985], [-8.6101496, 40.9716355]]}, "properties": {"bridge": "yes", "height": "5.61", "highway": "motorway", "lanes": "3", "layer": "1", "maxspeed": "100", "name": "Autoestrada da Costa de Prata", "old_ref": "IC1", "oneway": "yes", "ref": "A 29;IC 1", "surface": "asphalt", "toll": "no", "wikipedia": "pt:Auto-Estrada da Costa da Prata"}}, {"type": "Feature", "geometry": {"type": "LineString", "coordinates": [[-8.6102896, 40.9716069], [-8.6101534, 40.971156]]}, "properties": {"bridge": "yes", "height": "5.61", "highway": "motorway", "lanes": "3", "layer": "1", "maxspeed": "100", "name": "Autoestrada da Costa de Prata", "old_ref": "IC1", "oneway": "yes", "ref": "A 29;IC 1", "source": "BING", "surface": "asphalt", "toll": "no", "turn:lanes": "through|through|merge_to_left", "wikipedia": "pt:Auto-Estrada da Costa da Prata"}}, {"type": "Feature", "geometry": {"type": "LineString", "coordinates": [[-8.610704, 40.9735572], [-8.610752, 40.9738977], [-8.6107824, 40.9742598], [-8.610784, 40.974665], [-8.610753, 40.9756077]]}, "properties": {"highway": "motorway", "lanes": "2", "maxspeed": "100", "name": "Autoestrada da Costa de Prata", "old_ref": "IC1", "oneway": "yes", "ref": "A 29;IC 1", "surface": "asphalt", "toll": "no", "wikipedia": "pt:Auto-Estrada da Costa da Prata"}}, {"type": "Feature", "geometry": {"type": "LineString", "coordinates": [[-8.6123193, 40.9824947], [-8.6123473, 40.9827608], [-8.6123859, 40.9831245], [-8.6124373, 40.9838035], [-8.6124694, 40.9841838], [-8.6125274, 40.9845256], [-8.612578, 40.9847557], [-8.6126916, 40.9851124], [-8.6128173, 40.9854321], [-8.6129703, 40.9857455], [-8.6131544, 40.9860476], [-8.6131719, 40.9860783], [-8.6133558, 40.9864017], [-8.6139566, 40.9873598], [-8.6142846, 40.9879361], [-8.6144872, 40.9883869], [-8.6145986, 40.988722], [-8.6146875, 40.9890729], [-8.614747, 40.9894481], [-8.6147661, 40.9897269], [-8.6147741, 40.9900113], [-8.6147952, 40.9909344], [-8.6148466, 40.9914776], [-8.6149386, 40.9918899], [-8.6150723, 40.9922969], [-8.6152535, 40.9927098], [-8.6155121, 40.9931886], [-8.6162602, 40.9943741]]}, "properties": {"highway": "motorway", "lanes": "2", "maxheight": "default", "maxspeed": "100", "name": "Autoestrada da Costa de Prata", "oneway": "yes", "ref": "A 29;IC 1", "surface": "asphalt", "toll": "no"}}, {"type": "Feature", "geometry": {"type": "LineString", "coordinates": [[-8.6123894, 40.9821578], [-8.612251, 40.9815359], [-8.611999, 40.9808425]]}, "properties": {"bridge": "yes", "highway": "motorway", "lanes": "2", "layer": "1", "maxspeed": "100", "minspeed": "50", "name": "Autoestrada da Costa de Prata", "oneway": "yes", "recommend_speed": "80", "ref": "A 29;IC 1", "surface": "asphalt", "toll": "no"}}, {"type": "Feature", "geometry": {"type": "LineString", "coordinates": [[-8.6118921, 40.9808714], [-8.6121385, 40.9815496], [-8.6122751, 40.9821709]]}, "properties": {"bridge": "yes", "highway": "motorway", "lanes": "2", "layer": "1", "maxspeed": "100", "maxspeed:advisory": "80", "name": "Autoestrada da Costa de Prata", "oneway": "yes", "ref": "A 29;IC 1", "surface": "asphalt", "toll": "no"}}, {"type": "Feature", "geometry": {"type": "LineString", "coordinates": [[-8.611999, 40.9808425], [-8.6114134, 40.9796444], [-8.6111065, 40.9789616], [-8.6109001, 40.9783185], [-8.6108212, 40.9778302], [-8.6107979, 40.9773145], [-8.6108051, 40.9771121]]}, "properties": {"highway": "motorway", "lanes": "2", "maxspeed": "100", "minspeed": "50", "name": "Autoestrada da Costa de Prata", "oneway": "yes", "recommend_speed": "80", "ref": "A 29;IC 1", "surface": "asphalt", "toll": "no", "wikipedia": "pt:Auto-Estrada da Costa da Prata"}}, {"type": "Feature", "geometry": {"type": "LineString", "coordinates": [[-8.6019426, 40.9482309], [-8.6018064, 40.9480822], [-8.6015453, 40.9477471], [-8.601141, 40.9470935], [-8.600851, 40.9463944], [-8.6006944, 40.9457052], [-8.6006598, 40.9450281], [-8.6007282, 40.9444122], [-8.6008676, 40.9438574], [-8.6010462, 40.94333], [-8.6018141, 40.9410633], [-8.6019601, 40.9404635], [-8.6020445, 40.9398431], [-8.602083, 40.9392796], [-8.6021135, 40.9344106], [-8.6021253, 40.9328012]]}, "properties": {"change:lanes": "yes|yes", "highway": "motorway", "lanes": "2", "maxspeed": "100", "minspeed": "50", "name": "Autoestrada da Costa de Prata", "oneway": "yes", "ref": "A 29;IC 1", "shoulder": "right", "surface": "asphalt", "toll": "no"}}, {"type": "Feature", "geometry": {"type": "LineString", "coordinates": [[-8.6049787, 40.9510728], [-8.6051396, 40.9512144], [-8.6053548, 40.9513996]]}, "properties": {"bridge": "yes", "destination:lanes": "Porto;Espinho|Porto;Espinho|Cortega\u00e7a;Rio Me\u00e3o", "highway": "motorway", "lanes": "3", "layer": "1", "maxspeed:lanes": "100|100|60", "name": "Autoestrada da Costa de Prata", "oneway": "yes", "ref": "A 29;IC 1", "surface": "asphalt", "toll": "no", "turn:lanes": "through|through|right"}}, {"type": "Feature", "geometry": {"type": "LineString", "coordinates": [[-8.6054435, 40.9513375], [-8.6052246, 40.9511465], [-8.6050258, 40.9509732]]}, "properties": {"bridge": "yes", "highway": "motorway", "lanes": "2", "layer": "1", "maxspeed": "100", "name": "Autoestrada da Costa de Prata", "oneway": "yes", "ref": "A 29;IC 1", "surface": "asphalt", "toll": "no"}}, {"type": "Feature", "geometry": {"type": "LineString", "coordinates": [[-8.5406224, 40.6907336], [-8.5376673, 40.6919466], [-8.537197, 40.6921672], [-8.5368639, 40.6923431], [-8.5365728, 40.6925197], [-8.5362482, 40.6927258]]}, "properties": {"change:lanes": "yes|yes|yes", "highway": "motorway", "lanes": "3", "lit": "yes", "maxspeed": "120", "minspeed": "50", "name": "Autoestrada da Costa de Prata", "oneway": "yes", "ref": "A 29;IC 1", "shoulder": "right", "source": "Bing", "surface": "asphalt", "toll": "yes"}}, {"type": "Feature", "geometry": {"type": "LineString", "coordinates": [[-8.6078578, 40.9548554], [-8.6084229, 40.9565138], [-8.608627, 40.9570987], [-8.6090532, 40.9584975], [-8.6091634, 40.9590956], [-8.6091775, 40.9594312], [-8.6091812, 40.9595697], [-8.6090812, 40.9603172], [-8.6082828, 40.9645434], [-8.6082462, 40.9650358], [-8.6082772, 40.9655614], [-8.6084115, 40.9660027], [-8.6090085, 40.9679855]]}, "properties": {"highway": "motorway", "lanes": "2", "lit": "no", "maxheight": "default", "maxspeed": "100", "name": "Autoestrada da Costa de Prata", "old_ref": "IC1", "oneway": "yes", "ref": "A 29;IC 1", "surface": "asphalt", "toll": "no", "wikipedia": "pt:Auto-Estrada da Costa da Prata"}}, {"type": "Feature", "geometry": {"type": "LineString", "coordinates": [[-8.6095878, 40.9694416], [-8.6094781, 40.9690921], [-8.609249, 40.9683525], [-8.6085153, 40.9659837], [-8.6083995, 40.9655249], [-8.6083661, 40.9650196], [-8.6083874, 40.9645459], [-8.6091938, 40.9603109], [-8.6092759, 40.9595744], [-8.6092714, 40.9594332], [-8.6092604, 40.959093], [-8.6091496, 40.9584701], [-8.6087864, 40.9572476], [-8.6085261, 40.9564923], [-8.6076232, 40.9539225]]}, "properties": {"highway": "motorway", "lanes": "2", "lit": "no", "maxheight": "default", "maxspeed": "100", "name": "Autoestrada da Costa de Prata", "old_ref": "IC1", "oneway": "yes", "ref": "A 29;IC 1", "surface": "asphalt", "toll": "no", "wikipedia": "pt:Auto-Estrada da Costa da Prata"}}, {"type": "Feature", "geometry": {"type": "LineString", "coordinates": [[-8.6195323, 41.0081785], [-8.61969, 41.0086304]]}, "properties": {"bridge": "yes", "bridge:ref": "A29.056", "highway": "motorway", "lanes": "3", "layer": "1", "maxspeed": "80", "name": "Autoestrada da Costa de Prata", "oneway": "yes", "ref": "A 29;IC 1", "smoothness": "excellent", "surface": "asphalt", "toll": "no"}}, {"type": "Feature", "geometry": {"type": "LineString", "coordinates": [[-8.6196801, 41.0081684], [-8.6193469, 41.007234], [-8.619225, 41.0069132]]}, "properties": {"highway": "motorway", "lanes": "3", "maxspeed": "100", "minspeed": "50", "name": "Autoestrada da Costa de Prata", "oneway": "yes", "ref": "A 29;IC 1", "smoothness": "excellent", "surface": "asphalt", "toll": "no"}}, {"type": "Feature", "geometry": {"type": "LineString", "coordinates": [[-8.6240026, 41.0295437], [-8.6240012, 41.0297517], [-8.6240219, 41.0299024], [-8.6240649, 41.0302033], [-8.624153, 41.0305385], [-8.6242918, 41.0309027], [-8.6244646, 41.0312239], [-8.6247161, 41.0316233], [-8.6256452, 41.0328606], [-8.6258837, 41.0332194], [-8.6261318, 41.0336771], [-8.6263769, 41.0342018], [-8.6266391, 41.0348656], [-8.6268267, 41.0353085], [-8.6270053, 41.0356159]]}, "properties": {"highway": "motorway", "lanes": "2", "maxheight": "default", "maxspeed": "80", "minspeed": "50", "name": "Autoestrada da Costa de Prata", "oneway": "yes", "ref": "A 29;IC 1", "surface": "asphalt", "toll": "no"}}, {"type": "Feature", "geometry": {"type": "LineString", "coordinates": [[-8.6198468, 41.0086352], [-8.6196801, 41.0081684]]}, "properties": {"bridge": "yes", "bridge:ref": "A29.056", "highway": "motorway", "lanes": "3", "layer": "1", "maxspeed": "100", "minspeed": "50", "name": "Autoestrada da Costa de Prata", "oneway": "yes", "ref": "A 29;IC 1", "smoothness": "excellent", "surface": "asphalt", "toll": "no"}}, {"type": "Feature", "geometry": {"type": "LineString", "coordinates": [[-8.6312802, 41.039142], [-8.6310885, 41.0389475], [-8.6305763, 41.0384947], [-8.6299942, 41.0380375], [-8.6288752, 41.0372917], [-8.6283885, 41.0369456], [-8.627966, 41.0366014], [-8.6275546, 41.0361729]]}, "properties": {"highway": "motorway", "lanes": "2", "maxheight": "default", "maxspeed": "100", "maxspeed:advisory": "50", "name": "Autoestrada da Costa de Prata", "oneway": "yes", "ref": "A 29;IC 1", "surface": "asphalt", "toll": "no"}}, {"type": "Feature", "geometry": {"type": "LineString", "coordinates": [[-8.6338282, 41.0414355], [-8.6342949, 41.0417346]]}, "properties": {"bridge": "yes", "bridge:ref": "A29.064", "highway": "motorway", "lanes": "3", "layer": "1", "maxspeed": "80", "minspeed": "50", "name": "Autoestrada da Costa de Prata", "oneway": "yes", "ref": "A 29;IC 1", "surface": "asphalt", "toll": "no", "turn:lanes": "through|through|slight_right"}}, {"type": "Feature", "geometry": {"type": "LineString", "coordinates": [[-8.6344227, 41.0416857], [-8.6339495, 41.0413748]]}, "properties": {"bridge": "yes", "bridge:ref": "A29.064", "highway": "motorway", "lanes": "2", "layer": "1", "maxspeed": "100", "maxspeed:advisory": "50", "name": "Autoestrada da Costa de Prata", "oneway": "yes", "ref": "A 29;IC 1", "surface": "asphalt", "toll": "no"}}, {"type": "Feature", "geometry": {"type": "LineString", "coordinates": [[-8.6160001, 41.0855829], [-8.6163591, 41.0854606], [-8.6164335, 41.0854337], [-8.616836, 41.0852968], [-8.617453, 41.085126]]}, "properties": {"highway": "motorway", "lanes": "4", "loc_ref": "ER 1-18", "maxspeed": "100", "name": "Autoestrada da Costa de Prata", "oneway": "yes", "ref": "A 29", "source": "Bing", "surface": "asphalt", "toll": "no", "turn:lanes": "through|through|through|through"}}, {"type": "Feature", "geometry": {"type": "LineString", "coordinates": [[-8.5974802, 41.0899649], [-8.5968158, 41.0901513], [-8.5960716, 41.0904364], [-8.5955749, 41.0906936], [-8.5950706, 41.0909959], [-8.5944243, 41.0914682], [-8.5937707, 41.0919458]]}, "properties": {"highway": "motorway", "lanes": "4", "loc_ref": "ER 1-18", "maxheight:signed": "no", "maxspeed": "100", "minspeed": "50", "name": "Autoestrada da Costa de Prata", "oneway": "yes", "ref": "A 29", "surface": "asphalt", "toll": "no"}}, {"type": "Feature", "geometry": {"type": "LineString", "coordinates": [[-8.6274671, 41.0362449], [-8.6278605, 41.0366477], [-8.6283028, 41.0370126], [-8.6287995, 41.0373633], [-8.6299722, 41.0381368], [-8.6304886, 41.0385391], [-8.6310067, 41.0390064], [-8.631673, 41.039673]]}, "properties": {"highway": "motorway", "lanes": "2", "maxheight": "default", "maxspeed": "80", "minspeed": "50", "name": "Autoestrada da Costa de Prata", "oneway": "yes", "ref": "A 29;IC 1", "surface": "asphalt", "toll": "no"}}, {"type": "Feature", "geometry": {"type": "LineString", "coordinates": [[-8.6275546, 41.0361729], [-8.6273187, 41.0358843], [-8.6270924, 41.0355435]]}, "properties": {"bridge": "yes", "bridge:ref": "A29.061", "highway": "motorway", "lanes": "2", "layer": "1", "maxspeed": "100", "maxspeed:advisory": "50", "name": "Autoestrada da Costa de Prata", "oneway": "yes", "ref": "A 29;IC 1", "surface": "asphalt", "toll": "no"}}, {"type": "Feature", "geometry": {"type": "LineString", "coordinates": [[-8.6270924, 41.0355435], [-8.6269464, 41.0352726], [-8.6267441, 41.0348386], [-8.6264775, 41.0341734], [-8.62623, 41.0336538], [-8.6259879, 41.0331987], [-8.6257594, 41.0328433], [-8.6248164, 41.0315777], [-8.6245745, 41.031215], [-8.6243929, 41.0308895], [-8.6242552, 41.0305238], [-8.6241732, 41.0302021], [-8.6241301, 41.0299607], [-8.6241094, 41.0297473], [-8.6241064, 41.0295402]]}, "properties": {"highway": "motorway", "lanes": "2", "maxheight": "default", "maxspeed": "100", "maxspeed:advisory": "50", "name": "Autoestrada da Costa de Prata", "oneway": "yes", "ref": "A 29;IC 1", "surface": "asphalt", "toll": "no"}}, {"type": "Feature", "geometry": {"type": "LineString", "coordinates": [[-8.6270053, 41.0356159], [-8.6271914, 41.0359227], [-8.6274671, 41.0362449]]}, "properties": {"bridge": "yes", "bridge:ref": "A29.061", "highway": "motorway", "lanes": "2", "layer": "1", "maxspeed": "80", "minspeed": "50", "name": "Autoestrada da Costa de Prata", "oneway": "yes", "ref": "A 29;IC 1", "surface": "asphalt", "toll": "no"}}, {"type": "Feature", "geometry": {"type": "LineString", "coordinates": [[-8.618908, 41.0063636], [-8.6190073, 41.0065954], [-8.6191174, 41.006948], [-8.6192264, 41.0072568], [-8.6193123, 41.0075825]]}, "properties": {"destination": "Porto;Gaia;Espinho", "destination:ref": "A 29", "highway": "motorway", "lanes": "2", "maxspeed": "80", "name": "Autoestrada da Costa de Prata", "oneway": "yes", "ref": "A 29;IC 1", "smoothness": "excellent", "surface": "asphalt", "toll": "no"}}, {"type": "Feature", "geometry": {"type": "LineString", "coordinates": [[-8.6172856, 40.995796], [-8.6165142, 40.9945854], [-8.616196, 40.9940859], [-8.6156139, 40.9931581], [-8.6153545, 40.9926908], [-8.6151802, 40.9922755], [-8.6150492, 40.9918717], [-8.6149556, 40.9914647], [-8.6148968, 40.9909324], [-8.6148835, 40.99001], [-8.6148715, 40.9897168], [-8.6148513, 40.989437], [-8.614792, 40.9890594], [-8.6147033, 40.9887065], [-8.6145902, 40.9883597], [-8.6143874, 40.9879135], [-8.6140422, 40.9873149], [-8.6134472, 40.9863614], [-8.6132695, 40.9860585], [-8.6130734, 40.9857242], [-8.6129211, 40.985412], [-8.6127967, 40.9851], [-8.6126855, 40.9847387], [-8.6126332, 40.9845148], [-8.6125735, 40.9841735]]}, "properties": {"highway": "motorway", "lanes": "2", "maxheight": "default", "maxspeed": "100", "minspeed": "50", "name": "Autoestrada da Costa de Prata", "oneway": "yes", "ref": "A 29;IC 1", "surface": "asphalt", "toll": "no"}}, {"type": "Feature", "geometry": {"type": "LineString", "coordinates": [[-8.6412726, 41.0656991], [-8.6413207, 41.0662654], [-8.6414122, 41.0665939], [-8.6416059, 41.0670922], [-8.6419857, 41.0678923], [-8.6421787, 41.068299], [-8.6423384, 41.06877]]}, "properties": {"highway": "motorway", "lanes": "3", "maxspeed": "80", "minspeed": "50", "name": "Autoestrada da Costa de Prata", "oneway": "yes", "ref": "A 29;IC 1", "surface": "asphalt", "toll": "no"}}, {"type": "Feature", "geometry": {"type": "LineString", "coordinates": [[-8.5620098, 40.7808869], [-8.561242, 40.7761278], [-8.5611386, 40.7755205], [-8.560957, 40.7748829], [-8.5607002, 40.7742257], [-8.5603774, 40.7736098], [-8.5600272, 40.7730224], [-8.5595122, 40.7723835], [-8.5589132, 40.7717601], [-8.5582662, 40.7711996], [-8.5566455, 40.7699348], [-8.5558722, 40.7692422], [-8.5553246, 40.7686591], [-8.5547284, 40.7679347], [-8.5540273, 40.7670066], [-8.5535246, 40.7663776], [-8.5529999, 40.7658305], [-8.5525413, 40.7654112], [-8.5521108, 40.7650643], [-8.5515837, 40.7646908], [-8.5507306, 40.7641702], [-8.549372, 40.7634535]]}, "properties": {"change:lanes": "yes|yes", "highway": "motorway", "lanes": "2", "lit": "no", "maxheight": "default", "maxspeed": "120", "minspeed": "50", "name": "Autoestrada da Costa de Prata", "oneway": "yes", "ref": "A 29;IC 1", "shoulder": "right", "smoothness": "good", "source": "Bing", "surface": "asphalt", "toll": "yes"}}, {"type": "Feature", "geometry": {"type": "LineString", "coordinates": [[-8.5625058, 40.7851008], [-8.5625204, 40.7852197], [-8.5625722, 40.7856928], [-8.5625995, 40.7863858], [-8.5626036, 40.7864927], [-8.5626037, 40.7866323], [-8.5625921, 40.7869519], [-8.5625563, 40.7873196]]}, "properties": {"change:lanes": "yes|yes", "highway": "motorway", "lanes": "2", "lit": "yes", "maxheight:signed": "no", "maxspeed": "120", "minspeed": "50", "name": "Autoestrada da Costa de Prata", "oneway": "yes", "ref": "A 29;IC 1", "shoulder": "right", "smoothness": "good", "surface": "asphalt", "toll": "yes"}}, {"type": "Feature", "geometry": {"type": "LineString", "coordinates": [[-8.6415606, 41.0642599], [-8.6416279, 41.0638142]]}, "properties": {"bridge": "yes", "bridge:ref": "A29.073", "highway": "motorway", "lanes": "2", "layer": "1", "maxspeed": "100", "maxspeed:advisory": "50", "name": "Autoestrada da Costa de Prata", "oneway": "yes", "ref": "A 29;IC 1", "surface": "asphalt", "toll": "no"}}, {"type": "Feature", "geometry": {"type": "LineString", "coordinates": [[-8.6415169, 41.0637903], [-8.6414445, 41.0642569]]}, "properties": {"bridge": "yes", "bridge:ref": "A29.073", "highway": "motorway", "lanes": "2", "layer": "1", "maxspeed": "100", "minspeed": "50", "name": "Autoestrada da Costa de Prata", "oneway": "yes", "ref": "A 29;IC 1", "surface": "asphalt", "toll": "no"}}, {"type": "Feature", "geometry": {"type": "LineString", "coordinates": [[-8.6387596, 41.0773045], [-8.6386589, 41.0774043], [-8.6384741, 41.0775759], [-8.638269, 41.0777321], [-8.6378968, 41.0779724], [-8.6376658, 41.0781086], [-8.6373067, 41.0782683]]}, "properties": {"highway": "motorway", "lanes": "3", "maxspeed": "80", "minspeed": "50", "name": "Autoestrada da Costa de Prata", "oneway": "yes", "ref": "A 29;IC 1", "source": "Bing", "surface": "asphalt", "toll": "yes", "turn:lanes": "through|through|through;slight_right"}}, {"type": "Feature", "geometry": {"type": "LineString", "coordinates": [[-8.6420596, 41.0716796], [-8.6424431, 41.0704274], [-8.6425481, 41.069891], [-8.6425593, 41.0698102], [-8.6425847, 41.0695597], [-8.6425867, 41.0693092], [-8.6425656, 41.0691516]]}, "properties": {"highway": "motorway", "lanes": "3", "maxspeed": "80", "maxspeed:advisory": "50", "name": "Autoestrada da Costa de Prata", "oneway": "yes", "ref": "A 29;IC 1", "surface": "asphalt", "toll": "no"}}, {"type": "Feature", "geometry": {"type": "LineString", "coordinates": [[-8.6418121, 41.0724244], [-8.6419186, 41.072096]]}, "properties": {"bridge": "yes", "bridge:ref": "A29.075", "highway": "motorway", "lanes": "3", "layer": "1", "maxspeed": "80", "maxspeed:advisory": "50", "name": "Autoestrada da Costa de Prata", "oneway": "yes", "ref": "A 29;IC 1", "source": "Bing", "surface": "asphalt", "toll": "yes"}}, {"type": "Feature", "geometry": {"type": "LineString", "coordinates": [[-8.6396549, 41.0764622], [-8.640074, 41.0759192]]}, "properties": {"bridge": "yes", "highway": "motorway", "lanes": "3", "layer": "1", "maxspeed": "100", "maxspeed:advisory": "50", "name": "Autoestrada da Costa de Prata", "oneway": "yes", "ref": "A 29;IC 1", "source": "Bing", "surface": "asphalt", "toll": "yes"}}, {"type": "Feature", "geometry": {"type": "LineString", "coordinates": [[-8.6417565, 41.0720712], [-8.6416552, 41.0723912]]}, "properties": {"bridge": "yes", "bridge:ref": "A29.075", "highway": "motorway", "lanes": "3", "layer": "1", "maxspeed": "100", "minspeed": "50", "name": "Autoestrada da Costa de Prata", "oneway": "yes", "ref": "A 29;IC 1", "source": "Bing", "surface": "asphalt", "toll": "yes"}}, {"type": "Feature", "geometry": {"type": "LineString", "coordinates": [[-8.6331229, 41.079802], [-8.6337973, 41.079588]]}, "properties": {"bridge": "yes", "bridge:ref": "A29.079", "highway": "motorway", "lanes": "4", "layer": "1", "maxspeed:lanes": "100|100|100|80", "name": "Autoestrada da Costa de Prata", "oneway": "yes", "ref": "A 29;IC 1", "source": "Bing", "surface": "asphalt", "toll": "yes"}}, {"type": "Feature", "geometry": {"type": "LineString", "coordinates": [[-8.6399394, 41.0758418], [-8.6395036, 41.076413]]}, "properties": {"bridge": "yes", "highway": "motorway", "lanes": "3", "layer": "1", "maxspeed": "80", "minspeed": "50", "name": "Autoestrada da Costa de Prata", "oneway": "yes", "ref": "A 29;IC 1", "source": "Bing", "surface": "asphalt", "toll": "yes"}}, {"type": "Feature", "geometry": {"type": "LineString", "coordinates": [[-8.628234, 41.0811839], [-8.6276009, 41.0813926], [-8.6270133, 41.0816062], [-8.6269237, 41.0816448], [-8.6265149, 41.0818257], [-8.623306, 41.0833366], [-8.6228844, 41.0835306]]}, "properties": {"change": "yes", "highway": "motorway", "lanes": "3", "loc_ref": "ER 1-18", "maxheight:signed": "no", "maxspeed": "100", "name": "Autoestrada da Costa de Prata", "oneway": "yes", "ref": "A 29", "source": "Bing", "surface": "asphalt", "toll": "no", "turn:lanes": "through|through|through;slight_right"}}, {"type": "Feature", "geometry": {"type": "LineString", "coordinates": [[-8.6337172, 41.0794381], [-8.6330429, 41.0796533]]}, "properties": {"bridge": "yes", "bridge:ref": "A29.079", "highway": "motorway", "lanes": "4", "layer": "1", "maxspeed": "80", "minspeed": "50", "name": "Autoestrada da Costa de Prata", "oneway": "yes", "ref": "A 29;IC 1", "source": "Bing", "surface": "asphalt", "toll": "yes", "turn:lanes": "through|through|through|slight_right"}}, {"type": "Feature", "geometry": {"type": "LineString", "coordinates": [[-8.6416552, 41.0723912], [-8.6412359, 41.0736364], [-8.6410695, 41.0740261], [-8.6409181, 41.0743454], [-8.6406981, 41.0747594], [-8.6404992, 41.0750711], [-8.6399394, 41.0758418]]}, "properties": {"highway": "motorway", "lanes": "3", "maxspeed": "80", "minspeed": "50", "name": "Autoestrada da Costa de Prata", "oneway": "yes", "ref": "A 29;IC 1", "surface": "asphalt", "toll": "yes"}}, {"type": "Feature", "geometry": {"type": "LineString", "coordinates": [[-8.640074, 41.0759192], [-8.6406355, 41.07514], [-8.6408486, 41.0748075], [-8.6410731, 41.0743933], [-8.6412357, 41.0740712], [-8.641397, 41.0736706], [-8.6418121, 41.0724244]]}, "properties": {"highway": "motorway", "lanes": "3", "maxheight": "default", "maxspeed": "80", "maxspeed:advisory": "50", "name": "Autoestrada da Costa de Prata", "oneway": "yes", "ref": "A 29;IC 1", "surface": "asphalt", "toll": "yes"}}, {"type": "Feature", "geometry": {"type": "LineString", "coordinates": [[-8.6372239, 41.0784834], [-8.6375305, 41.0783175], [-8.637732, 41.0782212], [-8.6379841, 41.0780818], [-8.6383815, 41.0778148], [-8.6385239, 41.0777136], [-8.6386763, 41.0775892], [-8.6387929, 41.0774753], [-8.6390263, 41.0772388], [-8.6391833, 41.0770659], [-8.6396549, 41.0764622]]}, "properties": {"highway": "motorway", "lanes": "3", "maxspeed": "100", "maxspeed:advisory": "50", "name": "Autoestrada da Costa de Prata", "oneway": "yes", "ref": "A 29;IC 1", "source": "Bing", "surface": "asphalt", "toll": "yes"}}, {"type": "Feature", "geometry": {"type": "LineString", "coordinates": [[-8.5492739, 40.7635525], [-8.5506268, 40.764265], [-8.5514371, 40.7647551], [-8.5519949, 40.7651495], [-8.5524051, 40.7654808], [-8.5528669, 40.7659079], [-8.5533928, 40.7664549], [-8.5539039, 40.7670657], [-8.5545772, 40.7679754], [-8.5551876, 40.7687325], [-8.555756, 40.7693256], [-8.5565339, 40.7700217], [-8.5581364, 40.7712725], [-8.5587674, 40.771819], [-8.5593659, 40.7724448], [-8.5598743, 40.7730671], [-8.5602174, 40.7736389], [-8.5605424, 40.7742508], [-8.5607978, 40.7749165], [-8.560973, 40.7755382], [-8.5610794, 40.7761411], [-8.5617952, 40.7806292]]}, "properties": {"change:lanes": "yes|yes", "highway": "motorway", "lanes": "2", "lit": "no", "maxheight": "default", "maxspeed": "120", "minspeed": "50", "name": "Autoestrada da Costa de Prata", "oneway": "yes", "ref": "A 29;IC 1", "shoulder": "right", "smoothness": "good", "source": "Bing", "surface": "asphalt", "toll": "yes"}}, {"type": "Feature", "geometry": {"type": "LineString", "coordinates": [[-8.5472882, 40.7624216], [-8.5484304, 40.7630967], [-8.5492739, 40.7635525]]}, "properties": {"bridge": "yes", "change:lanes": "yes|yes", "highway": "motorway", "lanes": "2", "layer": "1", "lit": "no", "maxspeed": "120", "minspeed": "50", "name": "Autoestrada da Costa de Prata", "oneway": "yes", "ref": "A 29;IC 1", "shoulder": "right", "smoothness": "good", "source": "Bing", "surface": "asphalt", "toll": "yes"}}, {"type": "Feature", "geometry": {"type": "LineString", "coordinates": [[-8.549372, 40.7634535], [-8.5484956, 40.7629813], [-8.5474117, 40.762336]]}, "properties": {"bridge": "yes", "change:lanes": "yes|yes", "highway": "motorway", "lanes": "2", "layer": "1", "lit": "no", "maxspeed": "120", "minspeed": "50", "name": "Autoestrada da Costa de Prata", "oneway": "yes", "ref": "A 29;IC 1", "shoulder": "right", "smoothness": "good", "source": "Bing", "surface": "asphalt", "toll": "yes"}}, {"type": "Feature", "geometry": {"type": "LineString", "coordinates": [[-8.5474117, 40.762336], [-8.5472685, 40.7622391], [-8.546783, 40.7619104], [-8.5459616, 40.7612483], [-8.5452255, 40.7605582], [-8.5446077, 40.7598808], [-8.5439914, 40.759083], [-8.5434218, 40.7581764], [-8.5430561, 40.7574654], [-8.5426961, 40.7565995], [-8.5424572, 40.7558044], [-8.542277, 40.7548965], [-8.5422181, 40.7543916], [-8.542202, 40.7542195]]}, "properties": {"change:lanes": "yes|yes", "highway": "motorway", "lanes": "2", "lit": "no", "maxspeed": "120", "minspeed": "50", "name": "Autoestrada da Costa de Prata", "oneway": "yes", "ref": "A 29;IC 1", "shoulder": "right", "smoothness": "good", "source": "Bing", "surface": "asphalt", "toll": "yes"}}, {"type": "Feature", "geometry": {"type": "LineString", "coordinates": [[-8.5415711, 40.7360655], [-8.5415585, 40.736584], [-8.5414102, 40.7426953], [-8.5414074, 40.7432812]]}, "properties": {"change:lanes": "yes|yes", "highway": "motorway", "lanes": "2", "lit": "no", "maxheight": "default", "maxspeed": "120", "minspeed": "50", "name": "Autoestrada da Costa de Prata", "oneway": "yes", "ref": "A 29;IC 1", "shoulder": "right", "source": "Bing", "surface": "asphalt", "toll": "yes"}}, {"type": "Feature", "geometry": {"type": "LineString", "coordinates": [[-8.5417289, 40.735657], [-8.5417355, 40.7354072], [-8.5417351, 40.7351407], [-8.5417163, 40.7348278], [-8.5416763, 40.734472], [-8.5416073, 40.7340638]]}, "properties": {"bridge": "viaduct", "bridge:ref": "A29.008", "change:lanes": "yes|yes", "highway": "motorway", "lanes": "2", "layer": "1", "lit": "no", "maxspeed": "120", "minspeed": "50", "name": "Autoestrada da Costa de Prata", "oneway": "yes", "ref": "A 29;IC 1", "shoulder": "right", "source": "Bing", "surface": "asphalt", "toll": "yes"}}, {"type": "Feature", "geometry": {"type": "LineString", "coordinates": [[-8.5414693, 40.7341728], [-8.5415232, 40.7344968], [-8.5415627, 40.7348121], [-8.5415862, 40.7351964], [-8.5415871, 40.7354405], [-8.5415711, 40.7360655]]}, "properties": {"bridge": "viaduct", "bridge:ref": "A29.008", "change:lanes": "yes|yes", "highway": "motorway", "lanes": "2", "layer": "1", "lit": "no", "maxspeed": "120", "minspeed": "50", "name": "Autoestrada da Costa de Prata", "oneway": "yes", "ref": "A 29;IC 1", "shoulder": "right", "source": "Bing", "surface": "asphalt", "toll": "yes"}}, {"type": "Feature", "geometry": {"type": "LineString", "coordinates": [[-8.5416073, 40.7340638], [-8.5414454, 40.73338], [-8.5412359, 40.7327683], [-8.5408736, 40.7320179], [-8.5404413, 40.7313124], [-8.5398547, 40.7305793], [-8.5390969, 40.7298259], [-8.5378282, 40.7287886], [-8.5373851, 40.7284359], [-8.5365718, 40.7277886], [-8.5357915, 40.7271101], [-8.5350776, 40.7263883], [-8.5345758, 40.7257631], [-8.5339871, 40.7248495], [-8.5337342, 40.7243498], [-8.5334103, 40.723511], [-8.5332125, 40.7227831], [-8.5330816, 40.7218823], [-8.5330227, 40.7206645], [-8.5330185, 40.7202529], [-8.5329268, 40.7111776], [-8.5329214, 40.7106433], [-8.5329128, 40.7096199], [-8.53293, 40.7088287], [-8.5329678, 40.7083593], [-8.5330819, 40.707779], [-8.5332632, 40.707122], [-8.5335982, 40.7063052], [-8.5339891, 40.7054543], [-8.5342543, 40.704825], [-8.5344231, 40.7042948], [-8.5345468, 40.7037303], [-8.5346066, 40.7033367], [-8.5346401, 40.7028894], [-8.5346416, 40.7025545], [-8.5346329, 40.7022184], [-8.5345681, 40.7016476], [-8.5340971, 40.6989914], [-8.5339767, 40.6983138], [-8.5338727, 40.697575], [-8.5338358, 40.696932], [-8.5338804, 40.6963196], [-8.5339897, 40.695802], [-8.5341241, 40.6953819], [-8.5343419, 40.6949048], [-8.53459, 40.6944931], [-8.5348477, 40.6941444]]}, "properties": {"change:lanes": "yes|yes", "highway": "motorway", "lanes": "2", "lit": "no", "maxspeed": "120", "minspeed": "50", "name": "Autoestrada da Costa de Prata", "oneway": "yes", "overtaking": "yes", "ref": "A 29;IC 1", "shoulder": "right", "smoothness": "good", "source": "Bing", "surface": "asphalt", "toll": "yes"}}, {"type": "Feature", "geometry": {"type": "LineString", "coordinates": [[-8.5700615, 40.8577593], [-8.5699396, 40.8573729], [-8.5697383, 40.8566274], [-8.5696707, 40.8562969], [-8.5695454, 40.855455], [-8.5694473, 40.8539362], [-8.5692155, 40.8487645]]}, "properties": {"change:lanes": "yes|yes", "highway": "motorway", "lanes": "2", "maxheight:signed": "no", "maxspeed": "120", "minspeed": "50", "name": "Autoestrada da Costa de Prata", "oneway": "yes", "ref": "A 29;IC 1", "shoulder": "right", "smoothness": "good", "surface": "asphalt", "toll": "yes"}}, {"type": "Feature", "geometry": {"type": "LineString", "coordinates": [[-8.5722963, 40.8631765], [-8.5725913, 40.8638119], [-8.5736259, 40.8660867], [-8.5748553, 40.8687681], [-8.5759456, 40.8711381], [-8.5763769, 40.8720757], [-8.5781746, 40.8759955], [-8.5787465, 40.87724], [-8.5793722, 40.8785193], [-8.5800306, 40.8797399], [-8.580635, 40.880804], [-8.5811553, 40.8816151], [-8.5816102, 40.8823229], [-8.5823538, 40.8833905], [-8.5829107, 40.8841585], [-8.5837394, 40.8852283], [-8.5844477, 40.88609], [-8.5857229, 40.8875449], [-8.5868246, 40.8886947], [-8.5878559, 40.8897117], [-8.5888736, 40.8906602], [-8.5901282, 40.8917504], [-8.590611, 40.8921549], [-8.5913522, 40.8927498], [-8.5929887, 40.8940263]]}, "properties": {"change:lanes": "yes|yes", "highway": "motorway", "lanes": "2", "maxheight:signed": "no", "maxspeed": "120", "minspeed": "50", "name": "Autoestrada da Costa de Prata", "oneway": "yes", "ref": "A 29;IC 1", "shoulder": "right", "surface": "asphalt", "toll": "no"}}, {"type": "Feature", "geometry": {"type": "LineString", "coordinates": [[-8.5626924, 40.7854112], [-8.5626761, 40.7851894], [-8.5626532, 40.7850187]]}, "properties": {"change:lanes": "no|no", "highway": "motorway", "lanes": "2", "lit": "yes", "maxspeed": "120", "minspeed": "50", "name": "Autoestrada da Costa de Prata", "oneway": "yes", "ref": "A 29;IC 1", "shoulder": "no", "smoothness": "good", "surface": "asphalt", "toll": "yes"}}, {"type": "Feature", "geometry": {"type": "LineString", "coordinates": [[-8.5616136, 40.7905283], [-8.561229, 40.7912572], [-8.5597361, 40.7937613], [-8.5590712, 40.7949024], [-8.558594, 40.7959079], [-8.558325, 40.7966612], [-8.5579816, 40.7978978], [-8.5578422, 40.7988097], [-8.5576447, 40.8012343], [-8.5575259, 40.8020415], [-8.5574745, 40.8022834], [-8.557288, 40.8029694], [-8.5569804, 40.8038047], [-8.5565348, 40.8047626], [-8.5551393, 40.8069223], [-8.5547136, 40.8076907], [-8.5543668, 40.8085546], [-8.554141, 40.8093906], [-8.5540122, 40.8103352], [-8.5540152, 40.8109895], [-8.5540262, 40.8113264], [-8.5541421, 40.8122026], [-8.554362, 40.8129968], [-8.5546571, 40.8137359], [-8.5550135, 40.8144515], [-8.555584, 40.8152982], [-8.5581287, 40.8184023], [-8.5586382, 40.8192032], [-8.5589844, 40.8199768], [-8.5591935, 40.8206725], [-8.5593051, 40.8214361], [-8.5593375, 40.8222535], [-8.5592592, 40.8238129], [-8.5592944, 40.8246494], [-8.5594442, 40.8254115], [-8.5596629, 40.8260879], [-8.5604222, 40.8279112], [-8.5610879, 40.829486], [-8.5615586, 40.8306275], [-8.5628538, 40.8337073], [-8.5635131, 40.8352871], [-8.5640569, 40.8365837], [-8.5643289, 40.8372321], [-8.5645718, 40.8378119]]}, "properties": {"change:lanes": "yes|yes", "highway": "motorway", "lanes": "2", "maxheight:signed": "no", "maxspeed": "120", "minspeed": "50", "name": "Autoestrada da Costa de Prata", "oneway": "yes", "ref": "A 29;IC 1", "shoulder": "right", "smoothness": "good", "surface": "asphalt", "toll": "yes"}}, {"type": "Feature", "geometry": {"type": "LineString", "coordinates": [[-8.5415796, 40.7444249], [-8.5415711, 40.7427669], [-8.54171, 40.7365788], [-8.5417289, 40.735657]]}, "properties": {"change:lanes": "yes|yes", "highway": "motorway", "lanes": "2", "lit": "no", "maxheight": "default", "maxspeed": "120", "minspeed": "50", "name": "Autoestrada da Costa de Prata", "oneway": "yes", "ref": "A 29;IC 1", "shoulder": "right", "smoothness": "good", "source": "Bing", "surface": "asphalt", "toll": "yes"}}, {"type": "Feature", "geometry": {"type": "LineString", "coordinates": [[-8.5419984, 40.7536294], [-8.5420458, 40.7542308], [-8.5420626, 40.754391], [-8.5421115, 40.7548982], [-8.5423043, 40.7558271], [-8.5425382, 40.7566175], [-8.5429034, 40.7575085], [-8.5433086, 40.7582813], [-8.5438642, 40.7591472], [-8.5444613, 40.7599376], [-8.5450782, 40.7606058], [-8.5458352, 40.7613332], [-8.5467003, 40.7620167], [-8.5471689, 40.7623394], [-8.5472882, 40.7624216]]}, "properties": {"change:lanes": "yes|yes", "highway": "motorway", "lanes": "2", "lit": "no", "maxspeed": "120", "minspeed": "50", "name": "Autoestrada da Costa de Prata", "oneway": "yes", "ref": "A 29;IC 1", "shoulder": "right", "smoothness": "good", "source": "Bing", "surface": "asphalt", "toll": "yes"}}, {"type": "Feature", "geometry": {"type": "LineString", "coordinates": [[-8.5363974, 40.6927922], [-8.5370985, 40.6924073], [-8.5377245, 40.6921119]]}, "properties": {"change:lanes": "yes|yes|yes", "highway": "motorway", "lanes": "3", "lit": "yes", "maxspeed": "100", "minspeed": "50", "name": "Autoestrada da Costa de Prata", "oneway": "yes", "ref": "A 29;IC 1", "shoulder": "right", "smoothness": "good", "source": "Bing", "surface": "asphalt", "toll": "yes"}}, {"type": "Feature", "geometry": {"type": "LineString", "coordinates": [[-8.533765, 40.6961085], [-8.5337213, 40.6963263], [-8.5336719, 40.6969496], [-8.5337115, 40.6975811], [-8.5338134, 40.6983364], [-8.5344073, 40.7016767], [-8.5344673, 40.7022278], [-8.5344699, 40.7025535], [-8.534471, 40.7029061], [-8.5344384, 40.7033852], [-8.5343806, 40.703744], [-8.5342576, 40.7042863], [-8.534098, 40.7048084], [-8.533833, 40.7054504], [-8.5334267, 40.7063044], [-8.5330948, 40.7071278], [-8.5329222, 40.707753], [-8.53281, 40.7083401]]}, "properties": {"change:lanes": "yes|yes", "highway": "motorway", "lanes": "2", "lit": "no", "maxspeed": "120", "minspeed": "50", "name": "Autoestrada da Costa de Prata", "oneway": "yes", "overtaking": "yes", "ref": "A 29;IC 1", "shoulder": "right", "smoothness": "good", "source": "Bing", "surface": "asphalt", "toll": "yes"}}, {"type": "Feature", "geometry": {"type": "LineString", "coordinates": [[-8.609877, 40.9707355], [-8.6099379, 40.9709278], [-8.6100168, 40.9711985]]}, "properties": {"highway": "motorway", "lanes": "3", "maxspeed": "100", "name": "Autoestrada da Costa de Prata", "old_ref": "IC1", "oneway": "yes", "ref": "A 29;IC 1", "surface": "asphalt", "toll": "no", "wikipedia": "pt:Auto-Estrada da Costa da Prata"}}, {"type": "Feature", "geometry": {"type": "LineString", "coordinates": [[-8.6330429, 41.0796533], [-8.6325039, 41.0798481], [-8.6312785, 41.0802329], [-8.6308988, 41.0803273]]}, "properties": {"highway": "motorway", "lanes": "3", "loc_ref": "ER 1-18", "maxspeed": "80", "minspeed": "50", "name": "Autoestrada da Costa de Prata", "oneway": "yes", "ref": "A 29", "source": "Bing", "surface": "asphalt", "toll": "yes"}}, {"type": "Feature", "geometry": {"type": "LineString", "coordinates": [[-8.6288554, 41.0811343], [-8.6293963, 41.0809537], [-8.6299431, 41.0807772], [-8.6323795, 41.0800182], [-8.6327752, 41.0799135]]}, "properties": {"highway": "motorway", "lanes": "3", "loc_ref": "ER 1-18", "maxheight": "default", "maxspeed": "100", "name": "Autoestrada da Costa de Prata", "oneway": "yes", "ref": "A 29", "source": "Bing", "surface": "asphalt", "toll": "yes"}}, {"type": "Feature", "geometry": {"type": "LineString", "coordinates": [[-8.5348477, 40.6941444], [-8.5351255, 40.693825], [-8.5354359, 40.6935055], [-8.5357355, 40.6932539], [-8.5359586, 40.6930814], [-8.5361232, 40.6929662]]}, "properties": {"change:lanes": "yes|yes", "highway": "motorway", "lanes": "2", "lit": "no", "maxspeed": "120", "minspeed": "50", "name": "Autoestrada da Costa de Prata", "oneway": "yes", "ref": "A 29;IC 1", "shoulder": "right", "smoothness": "good", "source": "Bing", "surface": "asphalt", "toll": "yes", "turn:lanes": "left|right"}}, {"type": "Feature", "geometry": {"type": "LineString", "coordinates": [[-8.5377245, 40.6921119], [-8.5393405, 40.6914407]]}, "properties": {"change:lanes": "yes|yes|yes", "destination:lanes": "Guarda;Viseu|Aveiro;\u00cdlhavo;Lisboa|Aveiro;\u00cdlhavo;Lisboa", "destination:ref:lanes": "A 25;A 1|A 25;A 1|A 25", "highway": "motorway", "lanes": "3", "lit": "yes", "maxspeed": "100", "minspeed": "50", "name": "Autoestrada da Costa de Prata", "oneway": "yes", "ref": "A 29;IC 1", "shoulder": "right", "smoothness": "good", "source": "Bing", "surface": "asphalt", "toll": "yes", "turn:lanes": "left|slight_right|slight_right"}}, {"type": "Feature", "geometry": {"type": "LineString", "coordinates": [[-8.6190841, 41.006505], [-8.6190095, 41.0062382], [-8.6189367, 41.005934], [-8.6188793, 41.0054791], [-8.6188093, 41.0049081], [-8.6187796, 41.0044547], [-8.6187004, 41.0032507], [-8.6186653, 41.0027177], [-8.6186488, 41.0017899], [-8.618649, 41.000781], [-8.6187198, 40.9995017], [-8.618738, 40.9990621], [-8.6187142, 40.998708], [-8.6186563, 40.9983575], [-8.6185695, 40.9980795], [-8.6184555, 40.9977728], [-8.618288, 40.9974349], [-8.6180872, 40.9971103], [-8.6174595, 40.9960771]]}, "properties": {"highway": "motorway", "lanes": "2", "maxheight": "default", "maxspeed": "100", "minspeed": "50", "name": "Autoestrada da Costa de Prata", "oneway": "yes", "ref": "A 29;IC 1", "smoothness": "excellent", "surface": "asphalt", "toll": "no"}}, {"type": "Feature", "geometry": {"type": "LineString", "coordinates": [[-8.6171749, 40.9958247], [-8.617358, 40.996115]]}, "properties": {"bridge": "yes", "bridge:ref": "A29.053", "highway": "motorway", "lanes": "2", "layer": "1", "maxspeed": "80", "name": "Autoestrada da Costa de Prata", "oneway": "yes", "ref": "A 29;IC 1", "surface": "asphalt", "toll": "no"}}, {"type": "Feature", "geometry": {"type": "LineString", "coordinates": [[-8.6174595, 40.9960771], [-8.6172856, 40.995796]]}, "properties": {"bridge": "yes", "bridge:ref": "A29.053", "highway": "motorway", "lanes": "2", "layer": "1", "maxspeed": "100", "minspeed": "50", "name": "Autoestrada da Costa de Prata", "oneway": "yes", "ref": "A 29;IC 1", "surface": "asphalt", "toll": "no"}}, {"type": "Feature", "geometry": {"type": "LineString", "coordinates": [[-8.6162602, 40.9943741], [-8.6164114, 40.9946134], [-8.6168305, 40.9952766], [-8.617032, 40.9955956]]}, "properties": {"highway": "motorway", "lanes": "2", "maxspeed": "100", "name": "Autoestrada da Costa de Prata", "oneway": "yes", "ref": "A 29;IC 1", "surface": "asphalt", "toll": "no"}}, {"type": "Feature", "geometry": {"type": "LineString", "coordinates": [[-8.6175643, 40.9964501], [-8.6176545, 40.9965906], [-8.6179919, 40.9971339], [-8.6181871, 40.9974589], [-8.6183579, 40.9977918], [-8.6184746, 40.9981003], [-8.6185497, 40.9983773], [-8.6186065, 40.9987192], [-8.6186291, 40.9990658], [-8.6186085, 40.999495], [-8.6185751, 41.0001419], [-8.6185424, 41.0007752], [-8.6185456, 41.0017899], [-8.6185626, 41.0027197], [-8.6185916, 41.0032553]]}, "properties": {"highway": "motorway", "lanes": "2", "maxheight": "default", "maxspeed": "80", "name": "Autoestrada da Costa de Prata", "oneway": "yes", "ref": "A 29;IC 1", "surface": "asphalt", "toll": "no"}}, {"type": "Feature", "geometry": {"type": "LineString", "coordinates": [[-8.6108051, 40.9771121], [-8.6108343, 40.9762999], [-8.6108773, 40.9748494]]}, "properties": {"highway": "motorway", "lanes": "2", "maxspeed": "100", "minspeed": "50", "name": "Autoestrada da Costa de Prata", "old_ref": "IC1", "oneway": "yes", "ref": "A 29;IC 1", "surface": "asphalt", "toll": "no", "wikipedia": "pt:Auto-Estrada da Costa da Prata"}}, {"type": "Feature", "geometry": {"type": "LineString", "coordinates": [[-8.6125735, 40.9841735], [-8.6125428, 40.983793], [-8.612495, 40.983116], [-8.6124559, 40.9827431], [-8.6123894, 40.9821578]]}, "properties": {"highway": "motorway", "lanes": "2", "maxspeed": "100", "minspeed": "50", "name": "Autoestrada da Costa de Prata", "oneway": "yes", "recommend_speed": "80", "ref": "A 29;IC 1", "surface": "asphalt", "toll": "no"}}, {"type": "Feature", "geometry": {"type": "LineString", "coordinates": [[-8.6351273, 41.0791737], [-8.6351893, 41.0791533], [-8.6354013, 41.0790835], [-8.6372239, 41.0784834]]}, "properties": {"highway": "motorway", "lanes": "4", "maxspeed": "80", "maxspeed:advisory": "50", "name": "Autoestrada da Costa de Prata", "oneway": "yes", "ref": "A 29;IC 1", "source": "Bing", "surface": "asphalt", "toll": "yes", "turn:lanes": "through|through|through;slight_right|slight_right"}}, {"type": "Feature", "geometry": {"type": "LineString", "coordinates": [[-8.6348176, 41.0792677], [-8.6351273, 41.0791737]]}, "properties": {"highway": "motorway", "lanes": "4", "maxspeed": "80", "maxspeed:advisory": "50", "maxspeed:lanes": "100|100|100|80", "name": "Autoestrada da Costa de Prata", "oneway": "yes", "ref": "A 29;IC 1", "source": "Bing", "surface": "asphalt", "toll": "yes", "turn:lanes": "through|through|through;slight_right|slight_right"}}, {"type": "Feature", "geometry": {"type": "LineString", "coordinates": [[-8.6337973, 41.079588], [-8.6345224, 41.079362], [-8.6348176, 41.0792677]]}, "properties": {"highway": "motorway", "lanes": "4", "maxspeed:lanes": "100|100|100|80", "name": "Autoestrada da Costa de Prata", "oneway": "yes", "ref": "A 29;IC 1", "source": "Bing", "surface": "asphalt", "toll": "yes"}}, {"type": "Feature", "geometry": {"type": "LineString", "coordinates": [[-8.6418591, 41.071685], [-8.6417565, 41.0720712]]}, "properties": {"highway": "motorway", "lanes": "3", "maxspeed": "100", "minspeed": "50", "name": "Autoestrada da Costa de Prata", "oneway": "yes", "ref": "A 29;IC 1", "surface": "asphalt", "toll": "yes"}}, {"type": "Feature", "geometry": {"type": "LineString", "coordinates": [[-8.635547, 41.0788628], [-8.6348701, 41.0790813], [-8.6342408, 41.0792738]]}, "properties": {"highway": "motorway", "lanes": "4", "maxspeed": "80", "minspeed": "50", "name": "Autoestrada da Costa de Prata", "oneway": "yes", "ref": "A 29;IC 1", "source": "Bing", "surface": "asphalt", "toll": "yes", "turn:lanes": "through|through|through|slight_right"}}, {"type": "Feature", "geometry": {"type": "LineString", "coordinates": [[-8.639878, 41.0564244], [-8.6398177, 41.0561944], [-8.6396116, 41.0555937], [-8.639196, 41.0545447], [-8.6389858, 41.0538621], [-8.6388668, 41.0532783], [-8.6388001, 41.052612], [-8.6387853, 41.052286], [-8.6386959, 41.0503133], [-8.6386855, 41.049632], [-8.6387458, 41.0488404], [-8.6389383, 41.0478482], [-8.6390623, 41.0472558], [-8.6390869, 41.046535], [-8.6389768, 41.045906], [-8.638692, 41.0451907], [-8.6383753, 41.0446774], [-8.6381791, 41.0444201], [-8.6375573, 41.0437783]]}, "properties": {"highway": "motorway", "lanes": "2", "maxheight": "default", "maxspeed": "100", "maxspeed:advisory": "50", "name": "Autoestrada da Costa de Prata", "oneway": "yes", "ref": "A 29;IC 1", "surface": "asphalt", "toll": "no"}}, {"type": "Feature", "geometry": {"type": "LineString", "coordinates": [[-8.6382701, 41.0447184], [-8.6385833, 41.0452325], [-8.6388469, 41.0459236], [-8.638948, 41.0465364], [-8.6389278, 41.0472564], [-8.6388282, 41.0478367], [-8.6386264, 41.0488259], [-8.6385649, 41.0496288], [-8.6385843, 41.0503189], [-8.6386769, 41.052289], [-8.6386925, 41.0526198], [-8.6387659, 41.0533136], [-8.6388855, 41.0538815], [-8.6390929, 41.0545726], [-8.6395121, 41.0556218], [-8.639713, 41.0562008], [-8.639866, 41.0568328], [-8.6400825, 41.0582084], [-8.6402139, 41.0587834]]}, "properties": {"highway": "motorway", "lanes": "2", "maxheight": "default", "maxspeed": "100", "minspeed": "50", "name": "Autoestrada da Costa de Prata", "oneway": "yes", "ref": "A 29;IC 1", "surface": "asphalt", "toll": "no"}}, {"type": "Feature", "geometry": {"type": "LineString", "coordinates": [[-8.6375573, 41.0437783], [-8.6373709, 41.0436367], [-8.6368469, 41.0432387], [-8.6357684, 41.0425315]]}, "properties": {"destination:lanes": "Espihno;Lisboa|Espihno;Lisboa|S. F\u00e9lix;Granja", "destination:ref": "A29;A8|A29;A8|N109-2", "highway": "motorway", "lanes": "3", "maxspeed": "100", "maxspeed:advisory": "50", "name": "Autoestrada da Costa de Prata", "oneway": "yes", "ref": "A 29;IC 1", "surface": "asphalt", "toll": "no", "turn:lanes": "through|through|slight_right"}}, {"type": "Feature", "geometry": {"type": "LineString", "coordinates": [[-8.6363561, 41.0430402], [-8.6367513, 41.0433239], [-8.6372689, 41.0437121], [-8.637527, 41.0439057], [-8.6378311, 41.0442083]]}, "properties": {"highway": "motorway", "lanes": "3", "maxspeed": "80", "minspeed": "50", "name": "Autoestrada da Costa de Prata", "oneway": "yes", "ref": "A 29;IC 1", "surface": "asphalt", "toll": "no"}}, {"type": "Feature", "geometry": {"type": "LineString", "coordinates": [[-8.634836, 41.0420946], [-8.6350722, 41.0422215], [-8.6358295, 41.0427175], [-8.6363561, 41.0430402]]}, "properties": {"highway": "motorway", "lanes": "2", "maxspeed": "80", "minspeed": "50", "name": "Autoestrada da Costa de Prata", "oneway": "yes", "ref": "A 29;IC 1", "surface": "asphalt", "toll": "no"}}, {"type": "Feature", "geometry": {"type": "LineString", "coordinates": [[-8.6357684, 41.0425315], [-8.6354738, 41.0423738], [-8.6344227, 41.0416857]]}, "properties": {"highway": "motorway", "lanes": "2", "maxspeed": "100", "maxspeed:advisory": "50", "name": "Autoestrada da Costa de Prata", "oneway": "yes", "ref": "A 29;IC 1", "surface": "asphalt", "toll": "no"}}, {"type": "Feature", "geometry": {"type": "LineString", "coordinates": [[-8.6342949, 41.0417346], [-8.634836, 41.0420946]]}, "properties": {"highway": "motorway", "lanes": "3", "maxspeed": "80", "minspeed": "50", "name": "Autoestrada da Costa de Prata", "oneway": "yes", "ref": "A 29;IC 1", "surface": "asphalt", "toll": "no", "turn:lanes": "through|through|slight_right"}}, {"type": "Feature", "geometry": {"type": "LineString", "coordinates": [[-8.6331059, 41.0409414], [-8.6338282, 41.0414355]]}, "properties": {"highway": "motorway", "lanes": "3", "maxspeed": "80", "minspeed": "50", "name": "Autoestrada da Costa de Prata", "oneway": "yes", "ref": "A 29;IC 1", "surface": "asphalt", "toll": "no", "turn:lanes": "through|through|slight_right"}}, {"type": "Feature", "geometry": {"type": "LineString", "coordinates": [[-8.6244538, 41.0278228], [-8.624186, 41.0285017], [-8.6240879, 41.0288568], [-8.6240133, 41.0292919], [-8.6240026, 41.0295437]]}, "properties": {"highway": "motorway", "lanes": "2", "maxspeed": "80", "minspeed": "50", "name": "Autoestrada da Costa de Prata", "oneway": "yes", "ref": "A 29;IC 1", "surface": "asphalt", "toll": "no"}}, {"type": "Feature", "geometry": {"type": "LineString", "coordinates": [[-8.6241064, 41.0295402], [-8.6241183, 41.0293016], [-8.624194, 41.0288591], [-8.6242917, 41.0285133], [-8.6244179, 41.0282225], [-8.6245043, 41.0279862]]}, "properties": {"highway": "motorway", "lanes": "2", "maxspeed": "100", "maxspeed:advisory": "50", "name": "Autoestrada da Costa de Prata", "oneway": "yes", "ref": "A 29;IC 1", "surface": "asphalt", "toll": "no", "turn:lanes": "through|through;slight_right"}}, {"type": "Feature", "geometry": {"type": "LineString", "coordinates": [[-8.6250154, 41.0262187], [-8.6249496, 41.0265484]]}, "properties": {"highway": "motorway", "lanes": "2", "maxspeed": "100", "minspeed": "50", "name": "Autoestrada da Costa de Prata", "oneway": "yes", "ref": "A 29;IC 1", "surface": "asphalt", "toll": "no"}}, {"type": "Feature", "geometry": {"type": "LineString", "coordinates": [[-8.6249496, 41.0265484], [-8.6248881, 41.0267368], [-8.624813, 41.0269474], [-8.6244538, 41.0278228]]}, "properties": {"highway": "motorway", "lanes": "2", "maxspeed": "80", "minspeed": "50", "name": "Autoestrada da Costa de Prata", "oneway": "yes", "ref": "A 29;IC 1", "surface": "asphalt", "toll": "no"}}, {"type": "Feature", "geometry": {"type": "LineString", "coordinates": [[-8.6251616, 41.0252867], [-8.6250288, 41.0247009], [-8.6249187, 41.0244181], [-8.6247901, 41.0241515], [-8.624635, 41.0238953], [-8.6243959, 41.0234817], [-8.6239577, 41.0227467]]}, "properties": {"highway": "motorway", "lanes": "3", "maxheight": "default", "maxspeed": "100", "maxspeed:advisory": "50", "minspeed": "50", "name": "Autoestrada da Costa de Prata", "oneway": "yes", "ref": "A 29;IC 1", "surface": "asphalt", "toll": "no", "turn:lanes": "through|through|merge_to_left"}}, {"type": "Feature", "geometry": {"type": "LineString", "coordinates": [[-8.6239577, 41.0227467], [-8.6234642, 41.0218985], [-8.623262, 41.0214607], [-8.6231241, 41.0210695], [-8.6230261, 41.0206974], [-8.6229594, 41.0202565], [-8.622946, 41.0198645], [-8.6229529, 41.01961], [-8.6229817, 41.0192771], [-8.6231085, 41.0186455], [-8.6232502, 41.0179725], [-8.6232934, 41.0176823], [-8.6233177, 41.017409], [-8.6233145, 41.0169152], [-8.6232831, 41.0165691], [-8.6232053, 41.0161709], [-8.6230957, 41.0158029], [-8.6229207, 41.0153648], [-8.6220002, 41.0135616], [-8.6216486, 41.0129012], [-8.6212673, 41.0121587]]}, "properties": {"highway": "motorway", "lanes": "2", "maxheight": "default", "maxspeed": "100", "minspeed": "50", "name": "Autoestrada da Costa de Prata", "oneway": "yes", "ref": "A 29;IC 1", "smoothness": "excellent", "surface": "asphalt", "toll": "no"}}, {"type": "Feature", "geometry": {"type": "LineString", "coordinates": [[-8.6243393, 41.023645], [-8.6246362, 41.0241835], [-8.6247627, 41.024438], [-8.6248795, 41.0247259], [-8.6249782, 41.0251817], [-8.6250364, 41.0255525], [-8.625045, 41.0258737], [-8.6250154, 41.0262187]]}, "properties": {"highway": "motorway", "lanes": "3", "maxheight": "default", "maxspeed": "100", "minspeed": "50", "name": "Autoestrada da Costa de Prata", "oneway": "yes", "ref": "A 29;IC 1", "surface": "asphalt", "toll": "no"}}, {"type": "Feature", "geometry": {"type": "LineString", "coordinates": [[-8.6236087, 41.0224035], [-8.6237858, 41.0226626], [-8.6241156, 41.0232209], [-8.6242462, 41.0234596], [-8.6243393, 41.023645]]}, "properties": {"destination": "A 29;Porto;Gaia", "highway": "motorway", "lanes": "2", "maxspeed": "100", "minspeed": "50", "name": "Autoestrada da Costa de Prata", "oneway": "yes", "ref": "A 29;IC 1", "surface": "asphalt", "toll": "no"}}, {"type": "Feature", "geometry": {"type": "LineString", "coordinates": [[-8.6230948, 41.0213404], [-8.6231371, 41.0214825], [-8.6233936, 41.0220105]]}, "properties": {"highway": "motorway", "lanes": "3", "maxspeed:lanes": "100|100|80", "minspeed": "50", "name": "Autoestrada da Costa de Prata", "oneway": "yes", "ref": "A 29;IC 1", "surface": "asphalt", "toll": "no"}}, {"type": "Feature", "geometry": {"type": "LineString", "coordinates": [[-8.6215479, 41.0129262], [-8.6218992, 41.0135882], [-8.6228178, 41.0153988], [-8.6229897, 41.0158258], [-8.6230918, 41.0161861], [-8.6231745, 41.016573], [-8.6232027, 41.0169182], [-8.6232047, 41.0174034], [-8.6231834, 41.0176775], [-8.6231361, 41.0179661], [-8.6229942, 41.0186336], [-8.6228706, 41.0192829]]}, "properties": {"highway": "motorway", "lanes": "2", "maxheight": "default", "maxspeed": "100", "minspeed": "50", "name": "Autoestrada da Costa de Prata", "oneway": "yes", "ref": "A 29;IC 1", "surface": "asphalt", "toll": "no"}}, {"type": "Feature", "geometry": {"type": "LineString", "coordinates": [[-8.6200788, 41.009252], [-8.6198468, 41.0086352]]}, "properties": {"highway": "motorway", "lanes": "3", "maxspeed": "100", "minspeed": "50", "name": "Autoestrada da Costa de Prata", "oneway": "yes", "ref": "A 29;IC 1", "smoothness": "excellent", "surface": "asphalt", "toll": "no"}}, {"type": "Feature", "geometry": {"type": "LineString", "coordinates": [[-8.6193123, 41.0075825], [-8.6195323, 41.0081785]]}, "properties": {"highway": "motorway", "lanes": "3", "maxspeed": "80", "name": "Autoestrada da Costa de Prata", "oneway": "yes", "ref": "A 29;IC 1", "smoothness": "excellent", "surface": "asphalt", "toll": "no"}}, {"type": "Feature", "geometry": {"type": "LineString", "coordinates": [[-8.6204216, 41.0105608], [-8.620554, 41.0109214], [-8.6210046, 41.0119126], [-8.6210962, 41.0120835], [-8.6215479, 41.0129262]]}, "properties": {"highway": "motorway", "lanes": "3", "maxspeed": "80", "name": "Autoestrada da Costa de Prata", "oneway": "yes", "ref": "A 29;IC 1", "smoothness": "excellent", "surface": "asphalt", "toll": "no"}}, {"type": "Feature", "geometry": {"type": "LineString", "coordinates": [[-8.6198831, 41.009148], [-8.6199978, 41.0093949], [-8.6203535, 41.0103585], [-8.6204216, 41.0105608]]}, "properties": {"highway": "motorway", "lanes": "2", "maxspeed": "80", "name": "Autoestrada da Costa de Prata", "oneway": "yes", "ref": "A 29;IC 1", "smoothness": "excellent", "surface": "asphalt", "toll": "no"}}, {"type": "Feature", "geometry": {"type": "LineString", "coordinates": [[-8.6186966, 41.0049065], [-8.6187614, 41.005484], [-8.6188081, 41.0059496]]}, "properties": {"highway": "motorway", "lanes": "3", "maxspeed": "80", "name": "Autoestrada da Costa de Prata", "oneway": "yes", "ref": "A 29;IC 1", "smoothness": "excellent", "surface": "asphalt", "toll": "no"}}, {"type": "Feature", "geometry": {"type": "LineString", "coordinates": [[-8.617358, 40.996115], [-8.6175643, 40.9964501]]}, "properties": {"highway": "motorway", "lanes": "2", "maxspeed": "80", "name": "Autoestrada da Costa de Prata", "oneway": "yes", "ref": "A 29;IC 1", "surface": "asphalt", "toll": "no"}}, {"type": "Feature", "geometry": {"type": "LineString", "coordinates": [[-8.6122751, 40.9821709], [-8.6123193, 40.9824947]]}, "properties": {"highway": "motorway", "lanes": "2", "maxspeed": "100", "maxspeed:advisory": "80", "name": "Autoestrada da Costa de Prata", "oneway": "yes", "ref": "A 29;IC 1", "surface": "asphalt", "toll": "no"}}, {"type": "Feature", "geometry": {"type": "LineString", "coordinates": [[-8.610753, 40.9756077], [-8.6107101, 40.9769144], [-8.6107071, 40.9770066]]}, "properties": {"highway": "motorway", "lanes": "2", "maxspeed": "100", "name": "Autoestrada da Costa de Prata", "oneway": "yes", "ref": "A 29;IC 1", "surface": "asphalt", "toll": "no", "wikipedia": "pt:Auto-Estrada da Costa da Prata"}}, {"type": "Feature", "geometry": {"type": "LineString", "coordinates": [[-8.6107071, 40.9770066], [-8.6106969, 40.9773176], [-8.6107197, 40.9778304], [-8.6107956, 40.9783353], [-8.6110039, 40.978987], [-8.6113254, 40.9796657], [-8.6118921, 40.9808714]]}, "properties": {"highway": "motorway", "lanes": "2", "maxspeed": "100", "maxspeed:advisory": "80", "name": "Autoestrada da Costa de Prata", "oneway": "yes", "ref": "A 29;IC 1", "surface": "asphalt", "toll": "no", "wikipedia": "pt:Auto-Estrada da Costa da Prata"}}, {"type": "Feature", "geometry": {"type": "LineString", "coordinates": [[-8.617399, 41.0849892], [-8.6167477, 41.0851507], [-8.6163484, 41.0852924], [-8.614957, 41.085822], [-8.6144504, 41.085972], [-8.6135197, 41.0861782], [-8.6126547, 41.0862662], [-8.6104055, 41.0863345], [-8.6096402, 41.0863909]]}, "properties": {"highway": "motorway", "lanes": "4", "loc_ref": "ER 1-18", "maxspeed": "100", "name": "Autoestrada da Costa de Prata", "oneway": "yes", "ref": "A 29", "surface": "asphalt", "toll": "no"}}, {"type": "Feature", "geometry": {"type": "LineString", "coordinates": [[-8.5796689, 41.0922595], [-8.5795004, 41.0921987], [-8.5794098, 41.0921686], [-8.5781012, 41.0917504]]}, "properties": {"highway": "motorway", "lanes": "3", "loc_ref": "ER 1-18", "maxspeed": "80", "name": "Autoestrada da Costa de Prata", "oneway": "yes", "ref": "A 29", "surface": "asphalt", "toll": "no"}}, {"type": "Feature", "geometry": {"type": "LineString", "coordinates": [[-8.5860389, 41.0943048], [-8.5866094, 41.0943425], [-8.5870814, 41.0943516], [-8.5876018, 41.0943293], [-8.5880046, 41.094301]]}, "properties": {"highway": "motorway", "lanes": "4", "loc_ref": "ER 1-18", "maxspeed": "100", "name": "Autoestrada da Costa de Prata", "oneway": "yes", "ref": "A 29", "surface": "asphalt", "toll": "no", "turn:lanes": "through|through|through|slight_right"}}, {"type": "Feature", "geometry": {"type": "LineString", "coordinates": [[-8.5841886, 41.0939109], [-8.5848728, 41.0941011], [-8.5852911, 41.0941868], [-8.5856852, 41.0942473], [-8.5860389, 41.0943048]]}, "properties": {"highway": "motorway", "lanes": "3", "loc_ref": "ER 1-18", "maxheight": "5.27", "maxspeed": "100", "name": "Autoestrada da Costa de Prata", "oneway": "yes", "ref": "A 29", "surface": "asphalt", "toll": "no", "turn:lanes": "through|through;slight_right|through;slight_right"}}, {"type": "Feature", "geometry": {"type": "LineString", "coordinates": [[-8.6308988, 41.0803273], [-8.628234, 41.0811839]]}, "properties": {"highway": "motorway", "lanes": "4", "loc_ref": "ER 1-18", "maxspeed": "100", "name": "Autoestrada da Costa de Prata", "oneway": "yes", "ref": "A 29", "source": "Bing", "surface": "asphalt", "toll": "no", "turn:lanes": "|||merge_to_left"}}, {"type": "Feature", "geometry": {"type": "LineString", "coordinates": [[-8.6269303, 41.081794], [-8.6271342, 41.0817148], [-8.6276351, 41.0815398], [-8.6288554, 41.0811343]]}, "properties": {"change:lanes": "yes|not_right|not_left|yes", "highway": "motorway", "lanes": "4", "loc_ref": "ER 1-18", "maxheight:signed": "no", "maxspeed": "100", "name": "Autoestrada da Costa de Prata", "oneway": "yes", "ref": "A 29", "source": "Bing", "surface": "asphalt", "toll": "no", "turn:lanes": "through|through|through|slight_right"}}, {"type": "Feature", "geometry": {"type": "LineString", "coordinates": [[-8.5875973, 41.094186], [-8.5873117, 41.0942002], [-8.5869821, 41.0942065], [-8.58667, 41.0942019], [-8.5861507, 41.0941656]]}, "properties": {"highway": "motorway", "lanes": "3", "loc_ref": "ER 1-18", "maxspeed": "100", "name": "Autoestrada da Costa de Prata", "oneway": "yes", "ref": "A 29", "surface": "asphalt", "toll": "no"}}, {"type": "Feature", "geometry": {"type": "LineString", "coordinates": [[-8.5894204, 41.0938632], [-8.5889905, 41.0939732], [-8.5885099, 41.0940676], [-8.5881054, 41.0941211]]}, "properties": {"change:lanes": "yes|not_right|not_left|yes", "highway": "motorway", "lanes": "4", "loc_ref": "ER 1-18", "maxheight:signed": "no", "maxspeed": "100", "maxspeed:lanes": "|||60", "name": "Autoestrada da Costa de Prata", "oneway": "yes", "ref": "A 29", "surface": "asphalt", "toll": "no", "turn:lanes": "none|none|through|right"}}, {"type": "Feature", "geometry": {"type": "LineString", "coordinates": [[-8.6074246, 41.0869316], [-8.6077622, 41.0868493], [-8.6086591, 41.0866604], [-8.6092767, 41.0865677], [-8.6103935, 41.0864626], [-8.6126697, 41.0864029], [-8.613562, 41.0862986], [-8.6145031, 41.086101], [-8.6150301, 41.085936]]}, "properties": {"highway": "motorway", "lanes": "3", "loc_ref": "ER 1-18", "maxspeed": "100", "name": "Autoestrada da Costa de Prata", "oneway": "yes", "ref": "A 29", "surface": "asphalt", "toll": "no"}}, {"type": "Feature", "geometry": {"type": "LineString", "coordinates": [[-8.5880046, 41.094301], [-8.5882662, 41.0942476], [-8.5887201, 41.0941762], [-8.5891064, 41.0941043], [-8.5895503, 41.0939758], [-8.5900383, 41.0938307], [-8.5908932, 41.0935117]]}, "properties": {"highway": "motorway", "lanes": "3", "loc_ref": "ER 1-18", "maxheight:signed": "no", "maxspeed": "100", "name": "Autoestrada da Costa de Prata", "oneway": "yes", "ref": "A 29", "surface": "asphalt", "toll": "no"}}, {"type": "Feature", "geometry": {"type": "LineString", "coordinates": [[-8.6058153, 40.9080477], [-8.6059033, 40.9082371], [-8.6062519, 40.9090076], [-8.6084878, 40.9139497], [-8.6087298, 40.9146118], [-8.608852, 40.9151], [-8.6089229, 40.9156394], [-8.6089349, 40.9162676], [-8.6088649, 40.9168906], [-8.6087341, 40.9174279], [-8.6086428, 40.9176969], [-8.6085618, 40.9179355], [-8.6067311, 40.9220007], [-8.6064376, 40.9225256], [-8.606049, 40.9230584], [-8.6056756, 40.9234699], [-8.6048648, 40.9241862]]}, "properties": {"change:lanes": "yes|yes", "highway": "motorway", "lanes": "2", "maxheight:signed": "no", "maxspeed": "120", "minspeed": "50", "name": "Autoestrada da Costa de Prata", "oneway": "yes", "ref": "A 29;IC 1", "surface": "asphalt", "toll": "yes"}}, {"type": "Feature", "geometry": {"type": "LineString", "coordinates": [[-8.5925901, 40.893541], [-8.5914604, 40.8926592], [-8.5907397, 40.8920769], [-8.5902896, 40.8917041], [-8.5880144, 40.8896651], [-8.5869758, 40.8886439], [-8.5858611, 40.8874767], [-8.5845764, 40.8860167], [-8.5838817, 40.8851728], [-8.5830521, 40.8840991], [-8.5825008, 40.883344], [-8.5817616, 40.8822814], [-8.5801763, 40.8796835], [-8.5795253, 40.8784796], [-8.5789043, 40.8772073], [-8.5783288, 40.8759521], [-8.5765371, 40.8720459], [-8.5760988, 40.8710928], [-8.5750183, 40.8687429], [-8.5738787, 40.8662618]]}, "properties": {"change:lanes": "yes|yes", "highway": "motorway", "lanes": "2", "maxheight:signed": "no", "maxspeed": "120", "minspeed": "50", "name": "Autoestrada da Costa de Prata", "oneway": "yes", "ref": "A 29;IC 1", "shoulder": "right", "smoothness": "good", "surface": "asphalt", "toll": "no"}}, {"type": "Feature", "geometry": {"type": "LineString", "coordinates": [[-8.6020307, 40.9323381], [-8.6020131, 40.9344116], [-8.6019773, 40.9392539], [-8.6019435, 40.9398474], [-8.6018548, 40.9404594], [-8.6017149, 40.9410359], [-8.6009402, 40.943325], [-8.6007721, 40.9438216], [-8.6006241, 40.944397], [-8.600552, 40.9450278], [-8.6005861, 40.9457054], [-8.6007423, 40.9464078], [-8.6010355, 40.9471113], [-8.6014442, 40.9477784], [-8.6018262, 40.9482368], [-8.6022027, 40.948617], [-8.6037807, 40.9500031], [-8.6040236, 40.9502207]]}, "properties": {"change:lanes": "yes|yes", "highway": "motorway", "lanes": "2", "maxheight": "default", "maxspeed": "100", "name": "Autoestrada da Costa de Prata", "oneway": "yes", "ref": "A 29;IC 1", "shoulder": "right", "surface": "asphalt", "toll": "no"}}, {"type": "Feature", "geometry": {"type": "LineString", "coordinates": [[-8.5974185, 41.0901266], [-8.5980787, 41.0900015], [-8.6000709, 41.0897818]]}, "properties": {"highway": "motorway", "lanes": "4", "loc_ref": "ER 1-18", "maxspeed": "100", "name": "Autoestrada da Costa de Prata", "oneway": "yes", "ref": "A 29", "surface": "asphalt", "toll": "no", "turn:lanes": "through|through|through|slight_right"}}, {"type": "Feature", "geometry": {"type": "LineString", "coordinates": [[-8.5936036, 41.0922482], [-8.5945549, 41.0915712], [-8.5951875, 41.0911209], [-8.595451, 41.0909453], [-8.5958705, 41.0907027], [-8.5963238, 41.0904783], [-8.5968627, 41.0902702], [-8.5974185, 41.0901266]]}, "properties": {"highway": "motorway", "lanes": "3", "loc_ref": "ER 1-18", "maxheight:signed": "no", "maxspeed": "100", "name": "Autoestrada da Costa de Prata", "oneway": "yes", "ref": "A 29", "surface": "asphalt", "toll": "no"}}, {"type": "Feature", "geometry": {"type": "LineString", "coordinates": [[-8.5803881, 41.0926606], [-8.5822466, 41.0932869]]}, "properties": {"highway": "motorway", "lanes": "4", "loc_ref": "ER 1-18", "maxspeed": "100", "name": "Autoestrada da Costa de Prata", "oneway": "yes", "ref": "A 29", "surface": "asphalt", "toll": "no"}}, {"type": "Feature", "geometry": {"type": "LineString", "coordinates": [[-8.578049, 41.0918539], [-8.5803881, 41.0926606]]}, "properties": {"highway": "motorway", "lanes": "3", "loc_ref": "ER 1-18", "maxspeed": "100", "name": "Autoestrada da Costa de Prata", "oneway": "yes", "ref": "A 29", "surface": "asphalt", "toll": "no", "turn:lanes": "through|through|slight_right"}}, {"type": "Feature", "geometry": {"type": "LineString", "coordinates": [[-8.5861507, 41.0941656], [-8.5853085, 41.0940413], [-8.5848981, 41.0939544], [-8.5842382, 41.0937714]]}, "properties": {"highway": "motorway", "lanes": "4", "loc_ref": "ER 1-18", "maxheight:signed": "no", "maxspeed": "100", "name": "Autoestrada da Costa de Prata", "oneway": "yes", "ref": "A 29", "surface": "asphalt", "toll": "no", "turn:lanes": "through|through|through|slight_right"}}, {"type": "Feature", "geometry": {"type": "LineString", "coordinates": [[-8.5842382, 41.0937714], [-8.5838842, 41.0936875], [-8.5824398, 41.0931974], [-8.5821083, 41.0930654]]}, "properties": {"highway": "motorway", "lanes": "3", "loc_ref": "ER 1-18", "maxspeed": "100", "name": "Autoestrada da Costa de Prata", "oneway": "yes", "ref": "A 29", "surface": "asphalt", "toll": "no"}}, {"type": "Feature", "geometry": {"type": "LineString", "coordinates": [[-8.5690582, 40.8487776], [-8.5692826, 40.8539452], [-8.5693926, 40.8554548]]}, "properties": {"change:lanes": "yes|yes", "highway": "motorway", "lanes": "2", "maxspeed": "120", "minspeed": "50", "name": "Autoestrada da Costa de Prata", "oneway": "yes", "ref": "A 29;IC 1", "shoulder": "right", "smoothness": "good", "surface": "asphalt", "toll": "yes"}}, {"type": "Feature", "geometry": {"type": "LineString", "coordinates": [[-8.5690216, 40.848327], [-8.5690582, 40.8487776]]}, "properties": {"change:lanes": "yes|yes", "highway": "motorway", "lanes": "2", "layer": "-1", "maxspeed": "120", "minspeed": "50", "name": "Autoestrada da Costa de Prata", "oneway": "yes", "ref": "A 29;IC 1", "shoulder": "right", "smoothness": "good", "surface": "asphalt", "toll": "yes", "tunnel": "yes"}}, {"type": "Feature", "geometry": {"type": "LineString", "coordinates": [[-8.5692155, 40.8487645], [-8.5691705, 40.8483115]]}, "properties": {"change:lanes": "yes|yes", "highway": "motorway", "lanes": "2", "layer": "-1", "maxheight": "5.52", "maxspeed": "120", "minspeed": "50", "name": "Autoestrada da Costa de Prata", "oneway": "yes", "ref": "A 29;IC 1", "shoulder": "right", "smoothness": "good", "surface": "asphalt", "toll": "yes", "tunnel": "yes"}}, {"type": "Feature", "geometry": {"type": "LineString", "coordinates": [[-8.5650322, 40.8384992], [-8.5644822, 40.8371967], [-8.5642132, 40.8365558], [-8.56367, 40.8352613], [-8.5630226, 40.8336996], [-8.5617159, 40.8305861], [-8.5612603, 40.8295077], [-8.5605812, 40.8278799], [-8.5598219, 40.8260597], [-8.5596005, 40.8253963], [-8.5594514, 40.8246402], [-8.5594147, 40.8238259], [-8.5595062, 40.8222609], [-8.5594809, 40.8214318], [-8.5593549, 40.8206727], [-8.5591542, 40.8199487], [-8.5587976, 40.8191771], [-8.5582722, 40.8183522], [-8.5557109, 40.8152217], [-8.5551897, 40.8144205], [-8.5547936, 40.8136828], [-8.5545107, 40.8129525], [-8.554307, 40.8121735], [-8.5541765, 40.8113469], [-8.5541765, 40.8109986], [-8.5541765, 40.810353], [-8.5542949, 40.8093899], [-8.5545301, 40.8085635], [-8.554844, 40.8077554], [-8.5552763, 40.8069652], [-8.5566872, 40.8048131], [-8.5571271, 40.8038649], [-8.5574463, 40.803008], [-8.5576395, 40.8023017], [-8.5576844, 40.802089], [-8.5578084, 40.8012538], [-8.5579961, 40.7988133], [-8.558149, 40.7979016], [-8.5584655, 40.7967077], [-8.5587471, 40.7959401], [-8.5592112, 40.7949512], [-8.5598839, 40.7938], [-8.5613751, 40.7912816], [-8.5617244, 40.7906503], [-8.5621558, 40.7897145], [-8.562275, 40.7893554]]}, "properties": {"change:lanes": "yes|yes", "highway": "motorway", "lanes": "2", "maxheight:signed": "no", "maxspeed": "120", "minspeed": "50", "name": "Autoestrada da Costa de Prata", "oneway": "yes", "ref": "A 29;IC 1", "shoulder": "right", "smoothness": "good", "surface": "asphalt", "toll": "yes"}}, {"type": "Feature", "geometry": {"type": "LineString", "coordinates": [[-8.5691705, 40.8483115], [-8.5690833, 40.8475984], [-8.5689732, 40.8471175], [-8.568846, 40.8466637], [-8.5686952, 40.846193], [-8.568303, 40.8453084], [-8.5681771, 40.8450498], [-8.567957, 40.8445978], [-8.5675825, 40.8438241], [-8.5670297, 40.8427334], [-8.5665659, 40.8417917], [-8.565987, 40.8406429], [-8.5654104, 40.8393926], [-8.5650322, 40.8384992]]}, "properties": {"change:lanes": "yes|yes", "highway": "motorway", "lanes": "2", "maxheight:signed": "no", "maxspeed": "120", "minspeed": "50", "name": "Autoestrada da Costa de Prata", "oneway": "yes", "ref": "A 29;IC 1", "shoulder": "right", "smoothness": "good", "surface": "asphalt", "toll": "yes"}}, {"type": "Feature", "geometry": {"type": "LineString", "coordinates": [[-8.5645718, 40.8378119], [-8.5652359, 40.8393887], [-8.5658219, 40.8406649], [-8.5663931, 40.8418154], [-8.566875, 40.8427666], [-8.5674226, 40.8438567], [-8.5678074, 40.8446237], [-8.5680364, 40.8450903], [-8.5681612, 40.8453445], [-8.5685417, 40.8462378], [-8.5686872, 40.8466773], [-8.5688239, 40.8471505], [-8.5689241, 40.8476095], [-8.5690216, 40.848327]]}, "properties": {"change:lanes": "yes|yes", "highway": "motorway", "lanes": "2", "maxspeed": "120", "minspeed": "50", "name": "Autoestrada da Costa de Prata", "oneway": "yes", "ref": "A 29;IC 1", "shoulder": "right", "smoothness": "good", "surface": "asphalt", "toll": "yes"}}, {"type": "Feature", "geometry": {"type": "LineString", "coordinates": [[-8.5627528, 40.7869194], [-8.5627622, 40.786636], [-8.5627577, 40.7863696]]}, "properties": {"change:lanes": "no|not_left|yes", "destination:lanes": "Lisboa;Aveiro;Viseu|Lisboa;Aveiro;Viseu|Estarreja;Murtosa;Avanca", "destination:ref": "A29;A17;A25|A29;A17;A25|N109", "highway": "motorway", "lanes": "3", "lit": "yes", "maxspeed:lanes": "120|100|80", "minspeed": "50", "name": "Autoestrada da Costa de Prata", "oneway": "yes", "placement": "left_of:2", "ref": "A 29;IC 1", "shoulder": "right", "smoothness": "good", "surface": "asphalt", "toll": "yes"}}, {"type": "Feature", "geometry": {"type": "LineString", "coordinates": [[-8.5623967, 40.7833375], [-8.5620098, 40.7808869]]}, "properties": {"change:lanes": "yes|yes|yes", "highway": "motorway", "lanes": "3", "lit": "no", "maxheight": "default", "maxspeed": "120", "minspeed": "50", "name": "Autoestrada da Costa de Prata", "oneway": "yes", "placement": "left_of:2", "ref": "A 29;IC 1", "shoulder": "right", "smoothness": "good", "surface": "asphalt", "toll": "yes"}}, {"type": "Feature", "geometry": {"type": "LineString", "coordinates": [[-8.5414358, 40.7449021], [-8.5414425, 40.7449922], [-8.5415396, 40.7468703]]}, "properties": {"change:lanes": "no|not_left|yes", "highway": "motorway", "lanes": "3", "maxspeed": "120", "minspeed": "50", "name": "Autoestrada da Costa de Prata", "oneway": "yes", "placement": "left_of:2", "ref": "A 29;IC 1", "source": "Bing", "surface": "asphalt", "toll": "yes"}}, {"type": "Feature", "geometry": {"type": "LineString", "coordinates": [[-8.5418765, 40.7493262], [-8.5418657, 40.7491994], [-8.5418368, 40.748798]]}, "properties": {"change:lanes": "no|no", "highway": "motorway", "lanes": "2", "maxspeed": "120", "minspeed": "50", "name": "Autoestrada da Costa de Prata", "oneway": "yes", "ref": "A 29;IC 1", "shoulder": "no", "smoothness": "good", "source": "Bing", "surface": "asphalt", "toll": "yes"}}, {"type": "Feature", "geometry": {"type": "LineString", "coordinates": [[-8.5415582, 40.7471784], [-8.5415765, 40.7473822], [-8.5415909, 40.7475981]]}, "properties": {"change:lanes": "no|no", "highway": "motorway", "lanes": "2", "maxspeed": "120", "minspeed": "50", "name": "Autoestrada da Costa de Prata", "oneway": "yes", "ref": "A 29;IC 1", "shoulder": "no", "source": "Bing", "surface": "asphalt", "toll": "yes"}}, {"type": "Feature", "geometry": {"type": "LineString", "coordinates": [[-8.6417454, 41.0622253], [-8.6417313, 41.062088], [-8.6416949, 41.0619192], [-8.6416582, 41.0617783], [-8.6416148, 41.0616232], [-8.6415611, 41.0614698], [-8.6414883, 41.0612875], [-8.6413311, 41.0609873], [-8.6413197, 41.060968]]}, "properties": {"highway": "motorway", "lanes": "3", "maxspeed": "100", "maxspeed:advisory": "50", "name": "Autoestrada da Costa de Prata", "oneway": "yes", "ref": "A 29;IC 1", "surface": "asphalt", "toll": "no"}}, {"type": "Feature", "geometry": {"type": "LineString", "coordinates": [[-8.6416279, 41.0638142], [-8.6417589, 41.0630176], [-8.6417454, 41.0622253]]}, "properties": {"highway": "motorway", "lanes": "2", "maxspeed": "100", "maxspeed:advisory": "50", "name": "Autoestrada da Costa de Prata", "oneway": "yes", "ref": "A 29;IC 1", "surface": "asphalt", "toll": "no"}}, {"type": "Feature", "geometry": {"type": "LineString", "coordinates": [[-8.6417792, 41.0670874], [-8.6415772, 41.06658], [-8.6414874, 41.0661785]]}, "properties": {"destination:lanes": "Espinho;Lisboa|Espinho;Lisboa|Arcozelo;Miramar", "highway": "motorway", "lanes": "3", "maxspeed": "80", "maxspeed:advisory": "50", "name": "Autoestrada da Costa de Prata", "oneway": "yes", "ref": "A 29;IC 1", "surface": "asphalt", "toll": "no", "turn:lanes": "through|through|slight_right"}}, {"type": "Feature", "geometry": {"type": "LineString", "coordinates": [[-8.6414368, 41.0659019], [-8.641389, 41.065744], [-8.6414009, 41.0654173], [-8.6414521, 41.0649489], [-8.6415606, 41.0642599]]}, "properties": {"highway": "motorway", "lanes": "2", "maxspeed": "100", "maxspeed:advisory": "50", "name": "Autoestrada da Costa de Prata", "oneway": "yes", "ref": "A 29;IC 1", "surface": "asphalt", "toll": "no"}}, {"type": "Feature", "geometry": {"type": "LineString", "coordinates": [[-8.541698, 40.7468569], [-8.5416779, 40.746538], [-8.5416091, 40.7451939], [-8.5415994, 40.7449872], [-8.5415796, 40.7444249]]}, "properties": {"change:lanes": "yes|yes|yes", "highway": "motorway", "lanes": "3", "maxspeed": "120", "minspeed": "50", "name": "Autoestrada da Costa de Prata", "oneway": "yes", "placement": "left_of:2", "ref": "A 29;IC 1", "smoothness": "good", "source": "Bing", "surface": "asphalt", "toll": "yes"}}, {"type": "Feature", "geometry": {"type": "LineString", "coordinates": [[-8.5420405, 40.7517439], [-8.5419902, 40.751002]]}, "properties": {"change:lanes": "no|not_left|yes", "destination:lanes": "Lisboa;Aveiro;Viseu|Lisboa;Aveiro;Viseu|Estarreja Sul;Salreu", "destination:ref": "A29;A17;A25|A29;A17;A25|N1-12", "highway": "motorway", "lanes": "3", "maxspeed:lanes": "120|120|100", "minspeed": "50", "name": "Autoestrada da Costa de Prata", "oneway": "yes", "placement": "left_of:2", "ref": "A 29;IC 1", "shoulder": "right", "smoothness": "good", "source": "Bing", "surface": "asphalt", "toll": "yes"}}, {"type": "Feature", "geometry": {"type": "LineString", "coordinates": [[-8.542202, 40.7542195], [-8.5421478, 40.753388]]}, "properties": {"change:lanes": "yes|yes", "highway": "motorway", "lanes": "2", "maxspeed": "120", "minspeed": "50", "name": "Autoestrada da Costa de Prata", "oneway": "yes", "ref": "A 29;IC 1", "shoulder": "right", "smoothness": "good", "source": "Bing", "surface": "asphalt", "toll": "yes"}}, {"type": "Feature", "geometry": {"type": "LineString", "coordinates": [[-8.5624529, 40.7836902], [-8.5623967, 40.7833375]]}, "properties": {"change:lanes": "yes|not_right|no", "highway": "motorway", "lanes": "3", "lit": "no", "maxspeed": "120", "minspeed": "50", "name": "Autoestrada da Costa de Prata", "oneway": "yes", "placement": "left_of:2", "ref": "A 29;IC 1", "shoulder": "right", "smoothness": "good", "surface": "asphalt", "toll": "yes"}}, {"type": "Feature", "geometry": {"type": "LineString", "coordinates": [[-8.5708849, 40.859725], [-8.5705849, 40.8590663], [-8.5703043, 40.8583969], [-8.5701251, 40.8579468], [-8.5700615, 40.8577593]]}, "properties": {"change:lanes": "yes|yes|yes", "highway": "motorway", "lanes": "3", "maxspeed": "120", "minspeed": "50", "name": "Autoestrada da Costa de Prata", "oneway": "yes", "placement": "right_of:1", "ref": "A 29;IC 1", "shoulder": "right", "smoothness": "good", "surface": "asphalt", "toll": "yes"}}, {"type": "Feature", "geometry": {"type": "LineString", "coordinates": [[-8.572747, 40.8637835], [-8.5722886, 40.8627947], [-8.5722251, 40.8626476]]}, "properties": {"change:lanes": "no|not_left|yes", "destination:lanes": "Estarreja;Lisboa|Estarreja;Lisboa|Ovar Sul", "destination:ref": "A29;A8|A29;A8|N109", "highway": "motorway", "lanes": "3", "maxspeed:lanes": "120|120|80", "minspeed": "50", "name": "Autoestrada da Costa de Prata", "oneway": "yes", "placement": "right_of:1", "ref": "A 29;IC 1", "shoulder": "right", "smoothness": "good", "surface": "asphalt", "toll": "no"}}, {"type": "Feature", "geometry": {"type": "LineString", "coordinates": [[-8.5719831, 40.8621158], [-8.571913, 40.8619641]]}, "properties": {"change:lanes": "no|no", "destination": "Estarreja;Aveiro;Lisboa", "highway": "motorway", "lanes": "2", "maxspeed": "120", "minspeed": "50", "name": "Autoestrada da Costa de Prata", "oneway": "yes", "ref": "A 29;IC 1", "shoulder": "right", "smoothness": "good", "surface": "asphalt", "toll": "yes"}}, {"type": "Feature", "geometry": {"type": "LineString", "coordinates": [[-8.5947013, 40.8951786], [-8.5934857, 40.8942413], [-8.5925901, 40.893541]]}, "properties": {"change:lanes": "yes|yes|yes", "highway": "motorway", "lanes": "3", "maxheight:signed": "no", "maxspeed": "120", "minspeed": "50", "name": "Autoestrada da Costa de Prata", "oneway": "yes", "placement": "right_of:1", "ref": "A 29;IC 1", "shoulder": "right", "surface": "asphalt", "toll": "no"}}, {"type": "Feature", "geometry": {"type": "LineString", "coordinates": [[-8.5974007, 40.8972676], [-8.5970727, 40.8970163]]}, "properties": {"change:lanes": "yes|yes", "destination": "Ovar (sul)|Aveiro|Lisboa", "destination:ref": "A 29|A25|(A 8)", "highway": "motorway", "lanes": "2", "maxheight": "default", "maxspeed": "120", "minspeed": "50", "name": "Autoestrada da Costa de Prata", "oneway": "yes", "ref": "A 29;IC 1", "shoulder": "no", "surface": "asphalt", "toll": "yes"}}, {"type": "Feature", "geometry": {"type": "LineString", "coordinates": [[-8.5996174, 40.8989894], [-8.5984205, 40.89806]]}, "properties": {"change:lanes": "no|not_left|yes", "destination:lanes": "Estarreja;Lisboa|Estarreja;Lisboa|Ovar Norte", "destination:ref": "A29;A8|A29;A8|N327", "highway": "motorway", "lanes": "3", "maxspeed:lanes": "120|120|100", "minspeed": "50", "name": "Autoestrada da Costa de Prata", "oneway": "yes", "placement": "right_of:1", "ref": "A 29;IC 1", "shoulder": "right", "surface": "asphalt", "toll": "yes"}}, {"type": "Feature", "geometry": {"type": "LineString", "coordinates": [[-8.6025647, 40.9016874], [-8.6019496, 40.9010158], [-8.6016056, 40.9006696], [-8.6012518, 40.9003342]]}, "properties": {"change:lanes": "yes|yes", "highway": "motorway", "lanes": "2", "maxspeed": "120", "minspeed": "50", "name": "Autoestrada da Costa de Prata", "oneway": "yes", "ref": "A 29;IC 1", "shoulder": "right", "surface": "asphalt", "toll": "yes"}}, {"type": "Feature", "geometry": {"type": "LineString", "coordinates": [[-8.6036615, 40.9032281], [-8.6032548, 40.9025956], [-8.6025647, 40.9016874]]}, "properties": {"change:lanes": "yes|yes|yes", "highway": "motorway", "lanes": "3", "maxheight:signed": "no", "maxspeed": "120", "minspeed": "50", "name": "Autoestrada da Costa de Prata", "oneway": "yes", "placement": "right_of:1", "ref": "A 29;IC 1", "shoulder": "right", "surface": "asphalt", "toll": "yes"}}, {"type": "Feature", "geometry": {"type": "LineString", "coordinates": [[-8.6032656, 40.9257688], [-8.603335, 40.925688], [-8.6036363, 40.9253664], [-8.6039498, 40.9250803], [-8.6043374, 40.92475]]}, "properties": {"change:lanes": "yes|yes|yes", "highway": "motorway", "lanes": "3", "maxheight": "default", "maxspeed": "100", "minspeed": "50", "name": "Autoestrada da Costa de Prata", "oneway": "yes", "placement": "right_of:1", "ref": "A 29;IC 1", "surface": "asphalt", "toll": "yes"}}, {"type": "Feature", "geometry": {"type": "LineString", "coordinates": [[-8.6026698, 40.9266559], [-8.6028545, 40.9263389], [-8.6030436, 40.9260511]]}, "properties": {"change:lanes": "yes|yes", "highway": "motorway", "lanes": "2", "maxspeed": "100", "minspeed": "50", "name": "Autoestrada da Costa de Prata", "oneway": "yes", "ref": "A 29;IC 1", "surface": "asphalt", "toll": "yes"}}, {"type": "Feature", "geometry": {"type": "LineString", "coordinates": [[-8.6022688, 40.9277596], [-8.6023406, 40.9274706], [-8.6023982, 40.9272994]]}, "properties": {"change:lanes": "no|not_left|yes", "destination:lanes": "Ovar;Lisboa|Ovar;Lisboa|Feira;S. Jo\u00e3o;Madeira", "highway": "motorway", "lanes": "3", "maxspeed:lanes": "100|100|60", "minspeed": "50", "name": "Autoestrada da Costa de Prata", "oneway": "yes", "placement": "right_of:1", "ref": "A 29;IC 1", "surface": "asphalt", "toll": "no", "turn:lanes": "through|through;right|none"}}, {"type": "Feature", "geometry": {"type": "LineString", "coordinates": [[-8.6021504, 40.9297907], [-8.6021545, 40.9290355]]}, "properties": {"change:lanes": "yes|yes", "highway": "motorway", "lanes": "2", "maxheight": "default", "maxspeed": "100", "name": "Autoestrada da Costa de Prata", "oneway": "yes", "ref": "A 29;IC 1", "surface": "asphalt", "toll": "no"}}, {"type": "Feature", "geometry": {"type": "LineString", "coordinates": [[-8.6021455, 40.9306776], [-8.6021474, 40.930405]]}, "properties": {"change:lanes": "no|not_left|yes", "destination:lanes": "Ovar;Lisboa|Ovar;Lisboa|Maceda", "highway": "motorway", "lanes": "3", "maxspeed:lanes": "100|100|80", "name": "Autoestrada da Costa de Prata", "oneway": "yes", "placement": "right_of:1", "ref": "A 29;IC 1", "shoulder": "right", "surface": "asphalt", "toll": "no"}}, {"type": "Feature", "geometry": {"type": "LineString", "coordinates": [[-8.6040536, 40.9501007], [-8.6028479, 40.9490328], [-8.6019426, 40.9482309]]}, "properties": {"highway": "motorway", "lanes": "3", "maxheight": "default", "maxspeed": "100", "name": "Autoestrada da Costa de Prata", "oneway": "yes", "ref": "A 29;IC 1", "surface": "asphalt", "toll": "no", "turn:lanes": "through|through|merge_to_left"}}, {"type": "Feature", "geometry": {"type": "LineString", "coordinates": [[-8.6050258, 40.9509732], [-8.6042289, 40.9502802], [-8.6040536, 40.9501007]]}, "properties": {"highway": "motorway", "lanes": "2", "maxspeed": "100", "name": "Autoestrada da Costa de Prata", "oneway": "yes", "ref": "A 29;IC 1", "surface": "asphalt", "toll": "no"}}, {"type": "Feature", "geometry": {"type": "LineString", "coordinates": [[-8.6066067, 40.9523658], [-8.6064758, 40.9522654], [-8.6062898, 40.9520824], [-8.6054435, 40.9513375]]}, "properties": {"highway": "motorway", "lanes": "2", "maxspeed": "100", "name": "Autoestrada da Costa de Prata", "oneway": "yes", "ref": "A 29;IC 1", "surface": "asphalt", "toll": "no", "wikipedia": "pt:Auto-Estrada da Costa da Prata"}}, {"type": "Feature", "geometry": {"type": "LineString", "coordinates": [[-8.6076232, 40.9539225], [-8.6072825, 40.9532186], [-8.6070669, 40.9528891], [-8.6066067, 40.9523658]]}, "properties": {"destination:lanes": "Ovar;Lisboa|Ovar;Lisboa|Cortega\u00e7a;Rio Me\u00e3o", "destination:ref": "A29;A8|A29;A8|M527", "highway": "motorway", "lanes": "3", "maxspeed": "100", "name": "Autoestrada da Costa de Prata", "oneway": "yes", "ref": "A 29;IC 1", "surface": "asphalt", "toll": "no", "turn:lanes": "through|through|slight_right", "wikipedia": "pt:Auto-Estrada da Costa da Prata"}}, {"type": "Feature", "geometry": {"type": "LineString", "coordinates": [[-8.6104422, 40.9721164], [-8.6102896, 40.9716069]]}, "properties": {"highway": "motorway", "lanes": "3", "maxspeed": "100", "minspeed": "50", "name": "Autoestrada da Costa de Prata", "old_ref": "IC1", "oneway": "yes", "ref": "A 29;IC 1", "surface": "asphalt", "toll": "no", "turn:lanes": "through|through|merge_to_left", "wikipedia": "pt:Auto-Estrada da Costa da Prata"}}, {"type": "Feature", "geometry": {"type": "LineString", "coordinates": [[-8.6101534, 40.971156], [-8.6098029, 40.9700678]]}, "properties": {"highway": "motorway", "lanes": "3", "maxspeed": "100", "name": "Autoestrada da Costa de Prata", "old_ref": "IC1", "oneway": "yes", "ref": "A 29;IC 1", "surface": "asphalt", "toll": "no", "turn:lanes": "through|through|merge_to_left", "wikipedia": "pt:Auto-Estrada da Costa da Prata"}}, {"type": "Feature", "geometry": {"type": "LineString", "coordinates": [[-8.6108773, 40.9748494], [-8.6108954, 40.9743293], [-8.6108731, 40.9739022], [-8.6108005, 40.973405]]}, "properties": {"destination:lanes": "Ovar;Lisboa|Ovar;Lisboa|P. Brand\u00e3o;Esmoriz", "destination:ref": "A29;A8|A29;A8|N1-14", "highway": "motorway", "lanes": "3", "maxspeed": "100", "minspeed": "50", "name": "Autoestrada da Costa de Prata", "old_ref": "IC1", "oneway": "yes", "ref": "A 29;IC 1", "surface": "asphalt", "toll": "no", "turn:lanes": "through|through|slight_right", "wikipedia": "pt:Auto-Estrada da Costa da Prata"}}, {"type": "Feature", "geometry": {"type": "LineString", "coordinates": [[-8.6212673, 41.0121587], [-8.6212224, 41.0120558], [-8.6207953, 41.011079]]}, "properties": {"destination:lanes": "Ovar;Lisboa|Ovar;Lisboa|Espinho;CREP;Lisboa;V. Real", "destination:ref": "A29;A8|A29;A8|;A41;A1;A4", "highway": "motorway", "lanes": "3", "maxspeed:lanes": "100|100|80", "minspeed": "50", "name": "Autoestrada da Costa de Prata", "oneway": "yes", "ref": "A 29;IC 1", "smoothness": "excellent", "surface": "asphalt", "toll": "no", "turn:lanes": "through|through|slight_right"}}, {"type": "Feature", "geometry": {"type": "LineString", "coordinates": [[-8.6206487, 41.0107438], [-8.6205539, 41.0105685], [-8.6201059, 41.0093842], [-8.6200788, 41.009252]]}, "properties": {"denomination": "Ovar;Aveiro;Lisboa", "destination:ref": "A 29;A 25;A 8", "highway": "motorway", "lanes": "2", "maxspeed": "100", "minspeed": "50", "name": "Autoestrada da Costa de Prata", "oneway": "yes", "ref": "A 29;IC 1", "smoothness": "excellent", "surface": "asphalt", "toll": "no"}}, {"type": "Feature", "geometry": {"type": "LineString", "coordinates": [[-8.6245043, 41.0279862], [-8.6246372, 41.0276733]]}, "properties": {"destination:lanes": "Espihno;Lisboa|Espihno;Lisboa|S. F\u00e9lix;praias", "destination:ref": "A29;A8|A29;A8|N109-2", "highway": "motorway", "lanes": "3", "maxspeed": "100", "maxspeed:advisory": "50", "name": "Autoestrada da Costa de Prata", "oneway": "yes", "ref": "A 29;IC 1", "surface": "asphalt", "toll": "no"}}, {"type": "Feature", "geometry": {"type": "LineString", "coordinates": [[-8.6251136, 41.0264981], [-8.6251242, 41.0262301], [-8.6251658, 41.0258618], [-8.6251658, 41.0255426], [-8.6251616, 41.0252867]]}, "properties": {"highway": "motorway", "lanes": "2", "maxspeed": "100", "maxspeed:advisory": "50", "minspeed": "50", "name": "Autoestrada da Costa de Prata", "oneway": "yes", "ref": "A 29;IC 1", "surface": "asphalt", "toll": "no"}}, {"type": "Feature", "geometry": {"type": "LineString", "coordinates": [[-8.6020548, 40.9289511], [-8.6020436, 40.9297212]]}, "properties": {"change:lanes": "yes|yes", "highway": "motorway", "lanes": "2", "maxheight": "default", "maxspeed": "120", "name": "Autoestrada da Costa de Prata", "oneway": "yes", "ref": "A 29;IC 1", "shoulder": "right", "surface": "asphalt", "toll": "no"}}, {"type": "Feature", "geometry": {"type": "LineString", "coordinates": [[-8.6423855, 41.0698815], [-8.6422933, 41.0703686], [-8.6422686, 41.0704539]]}, "properties": {"highway": "motorway", "lanes": "3", "maxspeed": "80", "minspeed": "50", "name": "Autoestrada da Costa de Prata", "oneway": "yes", "ref": "A 29;IC 1", "surface": "asphalt", "toll": "no", "turn:lanes": "through|through|through;slight_right"}}, {"type": "Feature", "geometry": {"type": "LineString", "coordinates": [[-8.541706, 40.7493526], [-8.5417297, 40.7497]]}, "properties": {"change:lanes": "yes|not_right|no", "highway": "motorway", "lanes": "3", "maxspeed": "120", "minspeed": "50", "name": "Autoestrada da Costa de Prata", "oneway": "yes", "placement": "left_of:2", "ref": "A 29;IC 1", "shoulder": "right", "smoothness": "good", "source": "Bing", "surface": "asphalt", "toll": "yes"}}, {"type": "Feature", "geometry": {"type": "LineString", "coordinates": [[-8.5620662, 40.7822227], [-8.5622339, 40.7833479], [-8.56234, 40.7839776]]}, "properties": {"change:lanes": "no|not_left|yes", "highway": "motorway", "lanes": "3", "lit": "no", "maxheight": "default", "maxspeed:lanes": "120|120|80", "minspeed": "50", "name": "Autoestrada da Costa de Prata", "oneway": "yes", "placement": "left_of:2", "ref": "A 29;IC 1", "shoulder": "right", "smoothness": "good", "surface": "asphalt", "toll": "yes"}}, {"type": "Feature", "geometry": {"type": "LineString", "coordinates": [[-8.617032, 40.9955956], [-8.6171749, 40.9958247]]}, "properties": {"highway": "motorway", "lanes": "2", "maxspeed": "80", "name": "Autoestrada da Costa de Prata", "oneway": "yes", "ref": "A 29;IC 1", "surface": "asphalt", "toll": "no"}}, {"type": "Feature", "geometry": {"type": "LineString", "coordinates": [[-8.5760542, 41.0914552], [-8.576978, 41.0915851], [-8.5775059, 41.0916992]]}, "properties": {"highway": "motorway", "lanes": "3", "loc_ref": "ER 1-18", "maxspeed": "100", "name": "Autoestrada da Costa de Prata", "oneway": "yes", "ref": "A 29", "surface": "asphalt", "toll": "no"}}, {"type": "Feature", "geometry": {"type": "LineString", "coordinates": [[-8.5775059, 41.0916992], [-8.5779825, 41.0918314], [-8.578049, 41.0918539]]}, "properties": {"bridge": "yes", "highway": "motorway", "lanes": "3", "layer": "1", "loc_ref": "ER 1-18", "maxspeed": "100", "name": "Autoestrada da Costa de Prata", "oneway": "yes", "ref": "A 29", "surface": "asphalt", "toll": "no"}}, {"type": "Feature", "geometry": {"type": "LineString", "coordinates": [[-8.5781012, 41.0917504], [-8.5779468, 41.0917009], [-8.5775487, 41.0915904]]}, "properties": {"bridge": "yes", "highway": "motorway", "lanes": "3", "layer": "1", "loc_ref": "ER 1-18", "maxspeed": "80", "name": "Autoestrada da Costa de Prata", "oneway": "yes", "ref": "A 29", "surface": "asphalt", "toll": "no"}}, {"type": "Feature", "geometry": {"type": "LineString", "coordinates": [[-8.5775487, 41.0915904], [-8.5770143, 41.0914752], [-8.5764714, 41.0913935]]}, "properties": {"highway": "motorway", "lanes": "3", "loc_ref": "ER 1-18", "maxspeed": "80", "name": "Autoestrada da Costa de Prata", "oneway": "yes", "ref": "A 29", "surface": "asphalt", "toll": "no"}}, {"type": "Feature", "geometry": {"type": "LineString", "coordinates": [[-8.6053548, 40.9513996], [-8.6055659, 40.9515859]]}, "properties": {"destination:lanes": "Porto;Espinho|Porto;Espinho|Cortega\u00e7a;Rio Me\u00e3o", "highway": "motorway", "lanes": "3", "maxspeed:lanes": "100|100|60", "name": "Autoestrada da Costa de Prata", "old_ref": "IC1", "oneway": "yes", "ref": "A 29;IC 1", "surface": "asphalt", "toll": "no", "turn:lanes": "through|through|right", "wikipedia": "pt:Auto-Estrada da Costa da Prata"}}, {"type": "Feature", "geometry": {"type": "LineString", "coordinates": [[-8.6040236, 40.9502207], [-8.6043904, 40.9505491]]}, "properties": {"destination:lanes": "Porto;Espinho|Porto;Espinho|Cortega\u00e7a;Rio Me\u00e3o", "highway": "motorway", "lanes": "3", "maxspeed": "100", "name": "Autoestrada da Costa de Prata", "oneway": "yes", "ref": "A 29;IC 1", "surface": "asphalt", "toll": "no", "turn:lanes": "through|through|right"}}, {"type": "Feature", "geometry": {"type": "LineString", "coordinates": [[-8.5881054, 41.0941211], [-8.5878955, 41.0941616], [-8.5875973, 41.094186]]}, "properties": {"change:lanes": "yes|not_right|no", "highway": "motorway", "lanes": "3", "loc_ref": "ER 1-18", "maxspeed": "100", "name": "Autoestrada da Costa de Prata", "oneway": "yes", "ref": "A 29", "surface": "asphalt", "toll": "no"}}, {"type": "Feature", "geometry": {"type": "LineString", "coordinates": [[-8.5897516, 41.0937795], [-8.5895759, 41.0938376], [-8.5894204, 41.0938632]]}, "properties": {"change:lanes": "yes|not_right|no", "highway": "motorway", "lanes": "3", "loc_ref": "ER 1-18", "maxspeed": "100", "name": "Autoestrada da Costa de Prata", "oneway": "yes", "ref": "A 29", "surface": "asphalt", "toll": "no"}}, {"type": "Feature", "geometry": {"type": "LineString", "coordinates": [[-8.6373067, 41.0782683], [-8.6368193, 41.0784694], [-8.636617, 41.0785352], [-8.6359478, 41.0787401], [-8.635547, 41.0788628]]}, "properties": {"highway": "motorway", "lanes": "4", "maxspeed": "80", "minspeed": "50", "name": "Autoestrada da Costa de Prata", "oneway": "yes", "ref": "A 29;IC 1", "source": "Bing", "surface": "asphalt", "toll": "yes", "turn:lanes": "through|through|through|slight_right"}}, {"type": "Feature", "geometry": {"type": "LineString", "coordinates": [[-8.6412902, 41.0611859], [-8.6413591, 41.0613273], [-8.6414543, 41.0615775], [-8.6415152, 41.0617789], [-8.6415432, 41.0618831]]}, "properties": {"highway": "motorway", "lanes": "3", "maxheight": "default", "maxspeed:lanes": "80|80|60", "minspeed": "50", "name": "Autoestrada da Costa de Prata", "oneway": "yes", "ref": "A 29;IC 1", "surface": "asphalt", "toll": "no", "turn:lanes": "through|through|slight_right"}}, {"type": "Feature", "geometry": {"type": "LineString", "coordinates": [[-8.6198307, 41.0089985], [-8.6198831, 41.009148]]}, "properties": {"highway": "motorway", "lanes": "3", "maxspeed:lanes": "80|80|60", "name": "Autoestrada da Costa de Prata", "oneway": "yes", "ref": "A 29;IC 1", "smoothness": "excellent", "surface": "asphalt", "toll": "no"}}, {"type": "Feature", "geometry": {"type": "LineString", "coordinates": [[-8.61969, 41.0086304], [-8.6198307, 41.0089985]]}, "properties": {"highway": "motorway", "lanes": "3", "maxspeed": "80", "oneway": "yes", "ref": "A 29;IC 1", "smoothness": "excellent", "surface": "asphalt", "toll": "no"}}, {"type": "Feature", "geometry": {"type": "LineString", "coordinates": [[-8.6188081, 41.0059496], [-8.618908, 41.0063636]]}, "properties": {"highway": "motorway", "lanes": "3", "maxspeed:lanes": "80|80|60", "name": "Autoestrada da Costa de Prata", "oneway": "yes", "ref": "A 29;IC 1", "smoothness": "excellent", "surface": "asphalt", "toll": "no"}}, {"type": "Feature", "geometry": {"type": "LineString", "coordinates": [[-8.6410381, 41.0604583], [-8.6408203, 41.0600338], [-8.6405622, 41.0594718], [-8.6403508, 41.0588804], [-8.6401885, 41.0581895], [-8.6401114, 41.0577644], [-8.6399672, 41.0568067], [-8.639878, 41.0564244]]}, "properties": {"highway": "motorway", "lanes": "2", "maxheight": "default", "maxspeed": "100", "maxspeed:advisory": "50", "name": "Autoestrada da Costa de Prata", "oneway": "yes", "ref": "A 29;IC 1", "surface": "asphalt", "toll": "no"}}, {"type": "Feature", "geometry": {"type": "LineString", "coordinates": [[-8.6424975, 41.068717], [-8.642348, 41.0682812], [-8.6417792, 41.0670874]]}, "properties": {"highway": "motorway", "lanes": "3", "maxspeed": "80", "maxspeed:advisory": "50", "name": "Autoestrada da Costa de Prata", "oneway": "yes", "ref": "A 29;IC 1", "surface": "asphalt", "toll": "no", "turn:lanes": "through|through|slight_right"}}, {"type": "Feature", "geometry": {"type": "LineString", "coordinates": [[-8.6414874, 41.0661785], [-8.6414368, 41.0659019]]}, "properties": {"destination:lanes": "Espinho;Lisboa|Espinho;Lisboa|Arcozelo;Miramar", "highway": "motorway", "lanes": "3", "maxspeed:advisory": "50", "maxspeed:lanes": "80|80|40", "name": "Autoestrada da Costa de Prata", "oneway": "yes", "ref": "A 29;IC 1", "surface": "asphalt", "toll": "no", "turn:lanes": "through|through|slight_right"}}, {"type": "Feature", "geometry": {"type": "LineString", "coordinates": [[-8.6415432, 41.0618831], [-8.6415758, 41.0619971]]}, "properties": {"highway": "motorway", "lanes": "3", "maxheight": "default", "maxspeed:lanes": "80|80|40", "minspeed": "50", "name": "Autoestrada da Costa de Prata", "oneway": "yes", "ref": "A 29;IC 1", "surface": "asphalt", "toll": "no", "turn:lanes": "through|through|slight_right"}}, {"type": "Feature", "geometry": {"type": "LineString", "coordinates": [[-8.6411669, 41.0609399], [-8.6412035, 41.0610115], [-8.6412902, 41.0611859]]}, "properties": {"highway": "motorway", "lanes": "3", "maxheight": "default", "maxspeed": "80", "minspeed": "50", "name": "Autoestrada da Costa de Prata", "oneway": "yes", "ref": "A 29;IC 1", "surface": "asphalt", "toll": "no"}}, {"type": "Feature", "geometry": {"type": "LineString", "coordinates": [[-8.6233936, 41.0220105], [-8.6236087, 41.0224035]]}, "properties": {"highway": "motorway", "lanes": "3", "maxspeed:lanes": "100|100|60", "minspeed": "50", "name": "Autoestrada da Costa de Prata", "oneway": "yes", "ref": "A 29;IC 1", "surface": "asphalt", "toll": "no"}}, {"type": "Feature", "geometry": {"type": "LineString", "coordinates": [[-8.6229338, 41.0207839], [-8.6230199, 41.0210875], [-8.6230948, 41.0213404]]}, "properties": {"highway": "motorway", "lanes": "3", "maxspeed": "100", "minspeed": "50", "name": "Autoestrada da Costa de Prata", "oneway": "yes", "ref": "A 29;IC 1", "surface": "asphalt", "toll": "no"}}, {"type": "Feature", "geometry": {"type": "LineString", "coordinates": [[-8.6249442, 41.0269361], [-8.6251136, 41.0264981]]}, "properties": {"destination:lanes": "Espihno;Lisboa|Espihno;Lisboa|S. F\u00e9lix;praias", "destination:ref": "A29;A8|A29;A8|N109-2", "highway": "motorway", "lanes": "3", "maxspeed:advisory": "50", "maxspeed:lanes": "100|100|60", "minspeed": "50", "name": "Autoestrada da Costa de Prata", "oneway": "yes", "ref": "A 29;IC 1", "surface": "asphalt", "toll": "no"}}, {"type": "Feature", "geometry": {"type": "LineString", "coordinates": [[-8.6246372, 41.0276733], [-8.6249442, 41.0269361]]}, "properties": {"destination:lanes": "Espihno;Lisboa|Espihno;Lisboa|S. F\u00e9lix;praias", "destination:ref": "A29;A8|A29;A8|N109-2", "highway": "motorway", "lanes": "3", "maxspeed:advisory": "50", "maxspeed:lanes": "100|100|80", "minspeed": "50", "name": "Autoestrada da Costa de Prata", "oneway": "yes", "ref": "A 29;IC 1", "surface": "asphalt", "toll": "no"}}, {"type": "Feature", "geometry": {"type": "LineString", "coordinates": [[-8.6207953, 41.011079], [-8.6206487, 41.0107438]]}, "properties": {"destination:lanes": "Ovar;Lisboa|Ovar;Lisboa|Espinho;CREP;Lisboa;V. Real", "destination:ref": "A29;A8|A29;A8|;A41;A1;A4", "highway": "motorway", "lanes": "3", "maxspeed:lanes": "100|100|60", "minspeed": "50", "name": "Autoestrada da Costa de Prata", "oneway": "yes", "ref": "A 29;IC 1", "smoothness": "excellent", "surface": "asphalt", "toll": "no", "turn:lanes": "through|through|slight_right"}}, {"type": "Feature", "geometry": {"type": "LineString", "coordinates": [[-8.6185916, 41.0032553], [-8.6186713, 41.0044595], [-8.6186966, 41.0049065]]}, "properties": {"highway": "motorway", "lanes": "2", "maxheight": "default", "maxspeed": "80", "name": "Autoestrada da Costa de Prata", "oneway": "yes", "ref": "A 29;IC 1", "surface": "asphalt", "toll": "no", "turn:lanes": "through|through;slight_right"}}, {"type": "Feature", "geometry": {"type": "LineString", "coordinates": [[-8.619225, 41.0069132], [-8.6190841, 41.006505]]}, "properties": {"highway": "motorway", "lanes": "3", "maxspeed": "100", "minspeed": "50", "name": "Autoestrada da Costa de Prata", "oneway": "yes", "ref": "A 29;IC 1", "smoothness": "excellent", "surface": "asphalt", "toll": "no"}}, {"type": "Feature", "geometry": {"type": "LineString", "coordinates": [[-8.6228706, 41.0192829], [-8.6228447, 41.0196052], [-8.6228308, 41.01987], [-8.6228488, 41.0202546], [-8.6229211, 41.0207049], [-8.6229338, 41.0207839]]}, "properties": {"highway": "motorway", "lanes": "2", "maxheight": "default", "maxspeed": "100", "minspeed": "50", "name": "Autoestrada da Costa de Prata", "oneway": "yes", "ref": "A 29;IC 1", "surface": "asphalt", "toll": "no", "turn:lanes": "through|through;slight_right"}}, {"type": "Feature", "geometry": {"type": "LineString", "coordinates": [[-8.631673, 41.039673], [-8.6321291, 41.0401292], [-8.6325213, 41.0404726], [-8.6331059, 41.0409414]]}, "properties": {"highway": "motorway", "lanes": "2", "maxheight": "default", "maxspeed": "80", "minspeed": "50", "name": "Autoestrada da Costa de Prata", "oneway": "yes", "ref": "A 29;IC 1", "surface": "asphalt", "toll": "no", "turn:lanes": "through|through;slight_right"}}, {"type": "Feature", "geometry": {"type": "LineString", "coordinates": [[-8.6327027, 41.0404968], [-8.632229, 41.0400751], [-8.6317526, 41.039596], [-8.6312802, 41.039142]]}, "properties": {"highway": "motorway", "lanes": "3", "maxheight": "default", "maxspeed": "100", "maxspeed:advisory": "50", "minspeed": "50", "name": "Autoestrada da Costa de Prata", "oneway": "yes", "ref": "A 29;IC 1", "surface": "asphalt", "toll": "no"}}, {"type": "Feature", "geometry": {"type": "LineString", "coordinates": [[-8.6339495, 41.0413748], [-8.6331868, 41.0408733], [-8.6329331, 41.0406805], [-8.6327027, 41.0404968]]}, "properties": {"highway": "motorway", "lanes": "2", "maxheight": "default", "maxspeed": "100", "maxspeed:advisory": "50", "name": "Autoestrada da Costa de Prata", "oneway": "yes", "ref": "A 29;IC 1", "surface": "asphalt", "toll": "no"}}, {"type": "Feature", "geometry": {"type": "LineString", "coordinates": [[-8.6378311, 41.0442083], [-8.6380458, 41.0444321], [-8.6382701, 41.0447184]]}, "properties": {"highway": "motorway", "lanes": "3", "maxspeed": "100", "minspeed": "50", "name": "Autoestrada da Costa de Prata", "oneway": "yes", "ref": "A 29;IC 1", "surface": "asphalt", "toll": "no"}}, {"type": "Feature", "geometry": {"type": "LineString", "coordinates": [[-8.6413197, 41.060968], [-8.6410381, 41.0604583]]}, "properties": {"highway": "motorway", "lanes": "3", "maxheight": "default", "maxspeed": "100", "maxspeed:advisory": "50", "name": "Autoestrada da Costa de Prata", "oneway": "yes", "ref": "A 29;IC 1", "surface": "asphalt", "toll": "no"}}, {"type": "Feature", "geometry": {"type": "LineString", "coordinates": [[-8.6402139, 41.0587834], [-8.6404643, 41.0594975], [-8.6407252, 41.0600758], [-8.6411669, 41.0609399]]}, "properties": {"highway": "motorway", "lanes": "2", "maxheight": "default", "maxspeed": "80", "minspeed": "50", "name": "Autoestrada da Costa de Prata", "oneway": "yes", "ref": "A 29;IC 1", "surface": "asphalt", "toll": "no"}}, {"type": "Feature", "geometry": {"type": "LineString", "coordinates": [[-8.6415758, 41.0619971], [-8.6416478, 41.0624233], [-8.6416352, 41.0630243], [-8.6415169, 41.0637903]]}, "properties": {"highway": "motorway", "lanes": "2", "maxheight": "default", "maxspeed": "80", "minspeed": "50", "name": "Autoestrada da Costa de Prata", "oneway": "yes", "ref": "A 29;IC 1", "surface": "asphalt", "toll": "no"}}, {"type": "Feature", "geometry": {"type": "LineString", "coordinates": [[-8.6414445, 41.0642569], [-8.6413384, 41.0649414], [-8.6412858, 41.0653983], [-8.6412784, 41.0655673], [-8.6412726, 41.0656991]]}, "properties": {"highway": "motorway", "lanes": "2", "maxspeed": "80", "minspeed": "50", "name": "Autoestrada da Costa de Prata", "oneway": "yes", "ref": "A 29;IC 1", "surface": "asphalt", "toll": "no"}}, {"type": "Feature", "geometry": {"type": "LineString", "coordinates": [[-8.6425656, 41.0691516], [-8.6425398, 41.0689497], [-8.642527, 41.0688794], [-8.6424975, 41.068717]]}, "properties": {"highway": "motorway", "lanes": "3", "maxspeed": "80", "maxspeed:advisory": "50", "name": "Autoestrada da Costa de Prata", "oneway": "yes", "ref": "A 29;IC 1", "surface": "asphalt", "toll": "no", "turn:lanes": "through|through|slight_right"}}, {"type": "Feature", "geometry": {"type": "LineString", "coordinates": [[-8.6423384, 41.06877], [-8.6424102, 41.0692666], [-8.6424128, 41.0695537], [-8.6423969, 41.0697975], [-8.6423855, 41.0698815]]}, "properties": {"highway": "motorway", "lanes": "3", "maxspeed": "80", "minspeed": "50", "name": "Autoestrada da Costa de Prata", "oneway": "yes", "ref": "A 29;IC 1", "surface": "asphalt", "toll": "no", "turn:lanes": "through|through|through;slight_right"}}, {"type": "Feature", "geometry": {"type": "LineString", "coordinates": [[-8.6422686, 41.0704539], [-8.6422113, 41.0706378], [-8.6418591, 41.071685]]}, "properties": {"highway": "motorway", "lanes": "4", "maxspeed": "80", "minspeed": "50", "name": "Autoestrada da Costa de Prata", "oneway": "yes", "ref": "A 29;IC 1", "surface": "asphalt", "toll": "no", "turn:lanes": "through|through|through;slight_right|slight_right"}}, {"type": "Feature", "geometry": {"type": "LineString", "coordinates": [[-8.6419186, 41.072096], [-8.6420596, 41.0716796]]}, "properties": {"highway": "motorway", "lanes": "3", "maxspeed": "80", "maxspeed:advisory": "50", "name": "Autoestrada da Costa de Prata", "oneway": "yes", "ref": "A 29;IC 1", "surface": "asphalt", "toll": "yes"}}, {"type": "Feature", "geometry": {"type": "LineString", "coordinates": [[-8.6029303, 40.9260429], [-8.6027495, 40.9263174], [-8.6025097, 40.9267518]]}, "properties": {"change:lanes": "yes|yes", "highway": "motorway", "lanes": "2", "maxspeed": "120", "minspeed": "50", "name": "Autoestrada da Costa de Prata", "oneway": "yes", "ref": "A 29;IC 1", "shoulder": "right", "surface": "asphalt", "toll": "yes"}}, {"type": "Feature", "geometry": {"type": "LineString", "coordinates": [[-8.6342408, 41.0792738], [-8.6337172, 41.0794381]]}, "properties": {"highway": "motorway", "lanes": "4", "maxspeed": "80", "minspeed": "50", "name": "Autoestrada da Costa de Prata", "oneway": "yes", "ref": "A 29;IC 1", "source": "Bing", "surface": "asphalt", "toll": "yes", "turn:lanes": "through|through|through|slight_right"}}, {"type": "Feature", "geometry": {"type": "LineString", "coordinates": [[-8.6395036, 41.076413], [-8.639038, 41.0770113], [-8.6387596, 41.0773045]]}, "properties": {"highway": "motorway", "lanes": "3", "maxspeed": "80", "minspeed": "50", "name": "Autoestrada da Costa de Prata", "oneway": "yes", "ref": "A 29;IC 1", "source": "Bing", "surface": "asphalt", "toll": "yes"}}, {"type": "Feature", "geometry": {"type": "LineString", "coordinates": [[-8.5908932, 41.0935117], [-8.592736, 41.0927666], [-8.5931726, 41.0925171], [-8.5936036, 41.0922482]]}, "properties": {"highway": "motorway", "lanes": "4", "loc_ref": "ER 1-18", "maxspeed": "100", "name": "Autoestrada da Costa de Prata", "oneway": "yes", "ref": "A 29", "surface": "asphalt", "toll": "no"}}, {"type": "Feature", "geometry": {"type": "LineString", "coordinates": [[-8.5821083, 41.0930654], [-8.5796689, 41.0922595]]}, "properties": {"highway": "motorway", "lanes": "4", "loc_ref": "ER 1-18", "maxspeed": "100", "name": "Autoestrada da Costa de Prata", "oneway": "yes", "ref": "A 29", "surface": "asphalt", "toll": "no"}}, {"type": "Feature", "geometry": {"type": "LineString", "coordinates": [[-8.5822466, 41.0932869], [-8.582625, 41.0933892], [-8.5838285, 41.0937907], [-8.5841886, 41.0939109]]}, "properties": {"highway": "motorway", "lanes": "3", "loc_ref": "ER 1-18", "maxheight": "5.27", "maxspeed": "100", "name": "Autoestrada da Costa de Prata", "oneway": "yes", "ref": "A 29", "surface": "asphalt", "toll": "no"}}, {"type": "Feature", "geometry": {"type": "LineString", "coordinates": [[-8.5937707, 41.0919458], [-8.5933751, 41.0922078], [-8.5927944, 41.0925285], [-8.5916665, 41.0930386]]}, "properties": {"highway": "motorway", "lanes": "4", "loc_ref": "ER 1-18", "maxspeed": "100", "name": "Autoestrada da Costa de Prata", "oneway": "yes", "ref": "A 29", "surface": "asphalt", "toll": "no", "turn:lanes": "none|none|none|slight_left"}}, {"type": "Feature", "geometry": {"type": "LineString", "coordinates": [[-8.6009792, 41.0894233], [-8.6002605, 41.0895718], [-8.5998888, 41.0896284], [-8.5984082, 41.0897972], [-8.5979776, 41.0898575], [-8.5974802, 41.0899649]]}, "properties": {"highway": "motorway", "lanes": "5", "loc_ref": "ER 1-18", "maxspeed": "100", "name": "Autoestrada da Costa de Prata", "oneway": "yes", "ref": "A 29", "surface": "asphalt", "toll": "no"}}, {"type": "Feature", "geometry": {"type": "LineString", "coordinates": [[-8.5916665, 41.0930386], [-8.5908707, 41.0933555]]}, "properties": {"highway": "motorway", "lanes": "3", "loc_ref": "ER 1-18", "maxspeed": "100", "name": "Autoestrada da Costa de Prata", "oneway": "yes", "ref": "A 29", "surface": "asphalt", "toll": "no"}}, {"type": "Feature", "geometry": {"type": "LineString", "coordinates": [[-8.5908707, 41.0933555], [-8.5900482, 41.0936728], [-8.5897516, 41.0937795]]}, "properties": {"highway": "motorway", "lanes": "3", "loc_ref": "ER 1-18", "maxspeed": "100", "name": "Autoestrada da Costa de Prata", "oneway": "yes", "ref": "A 29", "surface": "asphalt", "toll": "no", "turn:lanes": "through|through|through;slight_right"}}, {"type": "Feature", "geometry": {"type": "LineString", "coordinates": [[-8.6074048, 41.0867957], [-8.6067738, 41.0869712], [-8.606076, 41.0872062]]}, "properties": {"highway": "motorway", "lanes": "5", "loc_ref": "ER 1-18", "maxheight:signed": "no", "maxspeed": "100", "name": "Autoestrada da Costa de Prata", "oneway": "yes", "ref": "A 29", "surface": "asphalt", "toll": "no"}}, {"type": "Feature", "geometry": {"type": "LineString", "coordinates": [[-8.6096402, 41.0863909], [-8.6092551, 41.0864287], [-8.6086379, 41.0865245], [-8.607937, 41.0866546], [-8.6074048, 41.0867957]]}, "properties": {"highway": "motorway", "lanes": "4", "loc_ref": "ER 1-18", "maxspeed": "100", "name": "Autoestrada da Costa de Prata", "oneway": "yes", "ref": "A 29", "surface": "asphalt", "toll": "no", "turn:lanes": "through|through|through|through;slight_right"}}, {"type": "Feature", "geometry": {"type": "LineString", "coordinates": [[-8.6150301, 41.085936], [-8.6160001, 41.0855829]]}, "properties": {"highway": "motorway", "lanes": "3", "loc_ref": "ER 1-18", "maxspeed": "100", "name": "Autoestrada da Costa de Prata", "oneway": "yes", "ref": "A 29", "surface": "asphalt", "toll": "no", "turn:lanes": "through|through|through;slight_right"}}, {"type": "Feature", "geometry": {"type": "LineString", "coordinates": [[-8.6053915, 41.0877038], [-8.6061211, 41.0873875], [-8.606853, 41.0871127], [-8.6074246, 41.0869316]]}, "properties": {"highway": "motorway", "lanes": "4", "loc_ref": "ER 1-18", "maxheight:signed": "no", "maxspeed": "100", "name": "Autoestrada da Costa de Prata", "oneway": "yes", "ref": "A 29", "surface": "asphalt", "toll": "no"}}, {"type": "Feature", "geometry": {"type": "LineString", "coordinates": [[-8.6000709, 41.0897818], [-8.6004396, 41.0896998], [-8.6009107, 41.0896112], [-8.6015943, 41.0894328], [-8.6025276, 41.0890567], [-8.6042046, 41.0882476], [-8.605071, 41.0878328], [-8.6053915, 41.0877038]]}, "properties": {"highway": "motorway", "lanes": "3", "loc_ref": "ER 1-18", "maxspeed": "100", "name": "Autoestrada da Costa de Prata", "oneway": "yes", "ref": "A 29", "surface": "asphalt", "toll": "no"}}, {"type": "Feature", "geometry": {"type": "LineString", "coordinates": [[-8.606076, 41.0872062], [-8.6058169, 41.0873241], [-8.6049926, 41.0877043], [-8.6041023, 41.088141], [-8.6024672, 41.0889319], [-8.6018081, 41.0892], [-8.6013772, 41.0893315], [-8.6009792, 41.0894233]]}, "properties": {"highway": "motorway", "lanes": "4", "loc_ref": "ER 1-18", "maxspeed": "100", "name": "Autoestrada da Costa de Prata", "oneway": "yes", "ref": "A 29", "surface": "asphalt", "toll": "no"}}, {"type": "Feature", "geometry": {"type": "LineString", "coordinates": [[-8.617453, 41.085126], [-8.6177659, 41.0850564], [-8.6181217, 41.0849916], [-8.6197607, 41.0847936], [-8.6202986, 41.0846876], [-8.6205929, 41.0846218]]}, "properties": {"highway": "motorway", "lanes": "3", "loc_ref": "ER 1-18", "maxspeed": "100", "name": "Autoestrada da Costa de Prata", "oneway": "yes", "placement": "right_of:2", "ref": "A 29", "source": "Bing", "surface": "asphalt", "toll": "no"}}, {"type": "Feature", "geometry": {"type": "LineString", "coordinates": [[-8.6327752, 41.0799135], [-8.6331229, 41.079802]]}, "properties": {"highway": "motorway", "lanes": "4", "maxspeed:lanes": "100|100|100|80", "name": "Autoestrada da Costa de Prata", "oneway": "yes", "ref": "A 29;IC 1", "source": "Bing", "surface": "asphalt", "toll": "yes"}}, {"type": "Feature", "geometry": {"type": "LineString", "coordinates": [[-8.6231245, 41.0835641], [-8.6265262, 41.0819722], [-8.6269303, 41.081794]]}, "properties": {"highway": "motorway", "lanes": "4", "loc_ref": "ER 1-18", "maxspeed": "100", "name": "Autoestrada da Costa de Prata", "oneway": "yes", "ref": "A 29", "source": "Bing", "surface": "asphalt", "toll": "no"}}, {"type": "Feature", "geometry": {"type": "LineString", "coordinates": [[-8.6228844, 41.0835306], [-8.621683, 41.0840708], [-8.6210758, 41.0843234], [-8.6208394, 41.0844003]]}, "properties": {"highway": "motorway", "lanes": "4", "loc_ref": "ER 1-18", "maxspeed": "100", "name": "Autoestrada da Costa de Prata", "oneway": "yes", "ref": "A 29", "source": "Bing", "surface": "asphalt", "toll": "no"}}, {"type": "Feature", "geometry": {"type": "LineString", "coordinates": [[-8.6208394, 41.0844003], [-8.6204785, 41.0845021], [-8.6197217, 41.0846531], [-8.6180679, 41.0848553], [-8.617399, 41.0849892]]}, "properties": {"highway": "motorway", "lanes": "3", "loc_ref": "ER 1-18", "maxspeed": "100", "name": "Autoestrada da Costa de Prata", "oneway": "yes", "placement": "right_of:2", "ref": "A 29", "source": "Bing", "surface": "asphalt", "toll": "no"}}, {"type": "Feature", "geometry": {"type": "LineString", "coordinates": [[-8.6205929, 41.0846218], [-8.6209575, 41.0845296], [-8.6217918, 41.0842135], [-8.6231245, 41.0835641]]}, "properties": {"highway": "motorway", "lanes": "4", "loc_ref": "ER 1-18", "maxspeed": "100", "name": "Autoestrada da Costa de Prata", "oneway": "yes", "ref": "A 29", "source": "Bing", "surface": "asphalt", "toll": "no"}}, {"type": "Feature", "geometry": {"type": "LineString", "coordinates": [[-8.5419009, 40.7522203], [-8.5419984, 40.7536294]]}, "properties": {"change:lanes": "yes|yes", "highway": "motorway", "lanes": "2", "maxspeed": "120", "minspeed": "50", "name": "Autoestrada da Costa de Prata", "oneway": "yes", "ref": "A 29;IC 1", "shoulder": "right", "smoothness": "good", "source": "Bing", "surface": "asphalt", "toll": "yes"}}, {"type": "Feature", "geometry": {"type": "LineString", "coordinates": [[-8.562452, 40.7880913], [-8.562326, 40.788649], [-8.5620165, 40.7896377], [-8.5616136, 40.7905283]]}, "properties": {"change:lanes": "yes|yes|yes", "highway": "motorway", "lanes": "3", "maxspeed": "120", "minspeed": "50", "name": "Autoestrada da Costa de Prata", "oneway": "yes", "placement": "left_of:2", "ref": "A 29;IC 1", "shoulder": "right", "smoothness": "good", "surface": "asphalt", "toll": "yes"}}, {"type": "Feature", "geometry": {"type": "LineString", "coordinates": [[-8.5710363, 40.8604444], [-8.5711991, 40.8607883]]}, "properties": {"change:lanes": "yes|yes", "highway": "motorway", "lanes": "2", "maxspeed": "100", "minspeed": "50", "name": "Autoestrada da Costa de Prata", "oneway": "yes", "ref": "A 29;IC 1", "shoulder": "no", "surface": "asphalt", "toll": "yes"}}, {"type": "Feature", "geometry": {"type": "LineString", "coordinates": [[-8.5713011, 40.8610099], [-8.5721346, 40.8628208], [-8.5722963, 40.8631765]]}, "properties": {"change:lanes": "yes|yes|yes", "highway": "motorway", "lanes": "3", "maxheight:signed": "no", "maxspeed": "100", "minspeed": "50", "name": "Autoestrada da Costa de Prata", "oneway": "yes", "placement": "right_of:1", "ref": "A 29;IC 1", "shoulder": "right", "surface": "asphalt", "toll": "no"}}, {"type": "Feature", "geometry": {"type": "LineString", "coordinates": [[-8.59846, 40.8982656], [-8.6003357, 40.8997185], [-8.6005823, 40.8999205]]}, "properties": {"change:lanes": "yes|yes|yes", "highway": "motorway", "lanes": "3", "maxspeed": "120", "minspeed": "50", "name": "Autoestrada da Costa de Prata", "oneway": "yes", "placement": "right_of:1", "ref": "A 29;IC 1", "shoulder": "right", "surface": "asphalt", "toll": "yes"}}, {"type": "Feature", "geometry": {"type": "LineString", "coordinates": [[-8.602033, 40.931172], [-8.6020307, 40.9323381]]}, "properties": {"change:lanes": "yes|yes|yes", "highway": "motorway", "lanes": "3", "maxheight": "default", "maxspeed": "100", "minspeed": "50", "name": "Autoestrada da Costa de Prata", "oneway": "yes", "placement": "right_of:1", "ref": "A 29;IC 1", "shoulder": "right", "surface": "asphalt", "toll": "no"}}, {"type": "Feature", "geometry": {"type": "LineString", "coordinates": [[-8.6020478, 40.93006], [-8.602033, 40.931172]]}, "properties": {"change:lanes": "yes|yes|yes", "highway": "motorway", "lanes": "3", "maxheight": "default", "maxspeed": "120", "name": "Autoestrada da Costa de Prata", "oneway": "yes", "placement": "right_of:1", "ref": "A 29;IC 1", "shoulder": "right", "surface": "asphalt", "toll": "no"}}, {"type": "Feature", "geometry": {"type": "LineString", "coordinates": [[-8.6020784, 40.9283923], [-8.6020658, 40.9285852]]}, "properties": {"change:lanes": "no|no|no", "highway": "motorway", "lanes": "3", "maxheight": "default", "maxspeed:lanes": "120|120|40", "name": "Autoestrada da Costa de Prata", "oneway": "yes", "placement": "right_of:1", "ref": "A 29;IC 1", "surface": "asphalt", "toll": "no"}}, {"type": "Feature", "geometry": {"type": "LineString", "coordinates": [[-8.6021178, 40.9280357], [-8.6020784, 40.9283923]]}, "properties": {"change:lanes": "no|not_left|yes", "highway": "motorway", "lanes": "3", "maxheight": "default", "maxspeed:lanes": "120|120|60", "minspeed": "50", "name": "Autoestrada da Costa de Prata", "oneway": "yes", "placement": "right_of:1", "ref": "A 29;IC 1", "surface": "asphalt", "toll": "no"}}, {"type": "Feature", "geometry": {"type": "LineString", "coordinates": [[-8.6023888, 40.9270231], [-8.6022404, 40.9274568], [-8.6021619, 40.9277488]]}, "properties": {"change:lanes": "yes|yes|yes", "highway": "motorway", "lanes": "3", "maxheight": "default", "maxspeed": "120", "minspeed": "50", "name": "Autoestrada da Costa de Prata", "oneway": "yes", "placement": "right_of:1", "ref": "A 29;IC 1", "surface": "asphalt", "toll": "no", "turn:lanes": "through|through;right|none"}}, {"type": "Feature", "geometry": {"type": "LineString", "coordinates": [[-8.6049666, 40.9061878], [-8.60508, 40.9064366]]}, "properties": {"change:lanes": "yes|not_right|no", "highway": "motorway", "lanes": "3", "maxspeed": "100", "minspeed": "50", "name": "Autoestrada da Costa de Prata", "oneway": "yes", "placement": "right_of:1", "ref": "A 29;IC 1", "shoulder": "right", "surface": "asphalt", "toll": "yes"}}, {"type": "Feature", "geometry": {"type": "LineString", "coordinates": [[-8.6057286, 40.9078595], [-8.6058153, 40.9080477]]}, "properties": {"change:lanes": "yes|yes|yes", "highway": "motorway", "lanes": "3", "maxspeed": "100", "minspeed": "50", "name": "Autoestrada da Costa de Prata", "oneway": "yes", "placement": "right_of:1", "ref": "A 29;IC 1", "surface": "asphalt", "toll": "yes"}}, {"type": "Feature", "geometry": {"type": "LineString", "coordinates": [[-8.6013038, 40.9005622], [-8.6014933, 40.9007476], [-8.6018369, 40.9010938], [-8.6025457, 40.9019016]]}, "properties": {"change:lanes": "yes|yes", "highway": "motorway", "lanes": "2", "maxspeed": "120", "minspeed": "50", "name": "Autoestrada da Costa de Prata", "oneway": "yes", "ref": "A 29;IC 1", "shoulder": "right", "surface": "asphalt", "toll": "yes", "turn:lanes": "through|through;right"}}, {"type": "Feature", "geometry": {"type": "LineString", "coordinates": [[-8.6035515, 40.9253254], [-8.6033392, 40.9255457]]}, "properties": {"change:lanes": "no|no", "highway": "motorway", "lanes": "2", "maxheight:signed": "no", "maxspeed:lanes": "120|80", "minspeed": "50", "name": "Autoestrada da Costa de Prata", "oneway": "yes", "ref": "A 29;IC 1", "shoulder": "right", "surface": "asphalt", "toll": "yes"}}, {"type": "Feature", "geometry": {"type": "LineString", "coordinates": [[-8.6033392, 40.9255457], [-8.6032431, 40.9256501], [-8.6031702, 40.9257275]]}, "properties": {"change:lanes": "no|no|no", "highway": "motorway", "lanes": "3", "maxspeed:lanes": "120|120|60", "minspeed": "50", "name": "Autoestrada da Costa de Prata", "oneway": "yes", "placement": "right_of:1", "ref": "A 29;IC 1", "shoulder": "right", "surface": "asphalt", "toll": "yes"}}, {"type": "Feature", "geometry": {"type": "LineString", "coordinates": [[-8.6059387, 40.9079474], [-8.605339, 40.906621]]}, "properties": {"change:lanes": "yes|yes|yes", "highway": "motorway", "lanes": "3", "maxheight": "default", "maxspeed": "120", "minspeed": "50", "name": "Autoestrada da Costa de Prata", "oneway": "yes", "placement": "right_of:1", "ref": "A 29;IC 1", "shoulder": "right", "surface": "asphalt", "toll": "yes"}}, {"type": "Feature", "geometry": {"type": "LineString", "coordinates": [[-8.6025457, 40.9019016], [-8.6031103, 40.9026466]]}, "properties": {"change:lanes": "no|not_left|yes", "highway": "motorway", "lanes": "3", "maxheight": "5.46", "maxspeed:lanes": "120|120|100", "minspeed": "50", "name": "Autoestrada da Costa de Prata", "oneway": "yes", "placement": "right_of:1", "ref": "A 29;IC 1", "shoulder": "right", "surface": "asphalt", "toll": "yes"}}, {"type": "Feature", "geometry": {"type": "LineString", "coordinates": [[-8.6038628, 40.9038557], [-8.6043258, 40.9047766], [-8.6048216, 40.9058574]]}, "properties": {"change:lanes": "yes|yes", "highway": "motorway", "lanes": "2", "maxspeed": "120", "minspeed": "50", "name": "Autoestrada da Costa de Prata", "oneway": "yes", "ref": "A 29;IC 1", "shoulder": "right", "surface": "asphalt", "toll": "yes"}}, {"type": "Feature", "geometry": {"type": "LineString", "coordinates": [[-8.6049476, 40.9057662], [-8.6041137, 40.9039822]]}, "properties": {"change:lanes": "yes|yes", "highway": "motorway", "lanes": "2", "maxheight": "default", "maxspeed": "120", "minspeed": "50", "name": "Autoestrada da Costa de Prata", "oneway": "yes", "ref": "A 29;IC 1", "shoulder": "right", "surface": "asphalt", "toll": "yes"}}, {"type": "Feature", "geometry": {"type": "LineString", "coordinates": [[-8.6101496, 40.9716355], [-8.6102536, 40.9719701], [-8.6106079, 40.9731162], [-8.610704, 40.9735572]]}, "properties": {"highway": "motorway", "lanes": "3", "maxspeed": "100", "name": "Autoestrada da Costa de Prata", "old_ref": "IC1", "oneway": "yes", "ref": "A 29;IC 1", "surface": "asphalt", "toll": "no", "wikipedia": "pt:Auto-Estrada da Costa da Prata"}}, {"type": "Feature", "geometry": {"type": "LineString", "coordinates": [[-8.6098029, 40.9700678], [-8.6095878, 40.9694416]]}, "properties": {"highway": "motorway", "lanes": "2", "maxheight": "default", "maxspeed": "100", "name": "Autoestrada da Costa de Prata", "old_ref": "IC1", "oneway": "yes", "ref": "A 29;IC 1", "surface": "asphalt", "toll": "no", "wikipedia": "pt:Auto-Estrada da Costa da Prata"}}, {"type": "Feature", "geometry": {"type": "LineString", "coordinates": [[-8.6090085, 40.9679855], [-8.6091316, 40.9683732], [-8.6094231, 40.9693162]]}, "properties": {"highway": "motorway", "lanes": "3", "maxheight": "default", "maxspeed": "100", "name": "Autoestrada da Costa de Prata", "old_ref": "IC1", "oneway": "yes", "ref": "A 29;IC 1", "surface": "asphalt", "toll": "no", "wikipedia": "pt:Auto-Estrada da Costa da Prata"}}, {"type": "Feature", "geometry": {"type": "LineString", "coordinates": [[-8.6094231, 40.9693162], [-8.6094993, 40.9695004], [-8.6098311, 40.9705655], [-8.609877, 40.9707355]]}, "properties": {"highway": "motorway", "lanes": "2", "maxheight": "default", "maxspeed": "100", "name": "Autoestrada da Costa de Prata", "old_ref": "IC1", "oneway": "yes", "ref": "A 29;IC 1", "surface": "asphalt", "toll": "no", "wikipedia": "pt:Auto-Estrada da Costa da Prata"}}, {"type": "Feature", "geometry": {"type": "LineString", "coordinates": [[-8.602161, 40.9286891], [-8.602181, 40.9283871], [-8.6021984, 40.9282286]]}, "properties": {"change:lanes": "yes|yes|yes", "highway": "motorway", "lanes": "3", "maxheight": "default", "maxspeed": "100", "maxspeed:lanes": "100|100|80", "name": "Autoestrada da Costa de Prata", "oneway": "yes", "placement": "right_of:1", "ref": "A 29;IC 1", "surface": "asphalt", "toll": "no"}}, {"type": "Feature", "geometry": {"type": "LineString", "coordinates": [[-8.6067282, 40.9526999], [-8.6070164, 40.9530464], [-8.6071344, 40.9532268], [-8.6073434, 40.9535892], [-8.6075007, 40.9539], [-8.6078578, 40.9548554]]}, "properties": {"highway": "motorway", "lanes": "3", "maxheight": "default", "maxspeed": "100", "name": "Autoestrada da Costa de Prata", "old_ref": "IC1", "oneway": "yes", "ref": "A 29;IC 1", "surface": "asphalt", "toll": "no", "wikipedia": "pt:Auto-Estrada da Costa da Prata"}}, {"type": "Feature", "geometry": {"type": "LineString", "coordinates": [[-8.6055659, 40.9515859], [-8.6056451, 40.9516308], [-8.606193, 40.9521177], [-8.6064845, 40.952402], [-8.6066463, 40.9525671], [-8.6067282, 40.9526999]]}, "properties": {"highway": "motorway", "lanes": "2", "maxheight": "default", "maxspeed": "100", "name": "Autoestrada da Costa de Prata", "old_ref": "IC1", "oneway": "yes", "ref": "A 29;IC 1", "surface": "asphalt", "toll": "no", "wikipedia": "pt:Auto-Estrada da Costa da Prata"}}, {"type": "Feature", "geometry": {"type": "LineString", "coordinates": [[-8.5698751, 40.8577319], [-8.5699666, 40.8579815], [-8.5700994, 40.8583241], [-8.5703621, 40.8589477]]}, "properties": {"change:lanes": "no|not_left|yes", "highway": "motorway", "lanes": "3", "maxspeed:lanes": "120|120|80", "minspeed": "50", "name": "Autoestrada da Costa de Prata", "oneway": "yes", "placement": "right_of:1", "ref": "A 29;IC 1", "shoulder": "right", "surface": "asphalt", "toll": "yes"}}, {"type": "Feature", "geometry": {"type": "LineString", "coordinates": [[-8.5704066, 40.8590535], [-8.5706097, 40.8595015]]}, "properties": {"change:lanes": "no|no", "highway": "motorway", "lanes": "2", "maxspeed": "120", "minspeed": "50", "name": "Autoestrada da Costa de Prata", "oneway": "yes", "ref": "A 29;IC 1", "shoulder": "no", "surface": "asphalt", "toll": "yes"}}, {"type": "Feature", "geometry": {"type": "LineString", "coordinates": [[-8.5944693, 40.8951696], [-8.5950587, 40.8956322]]}, "properties": {"change:lanes": "no|not_left|yes", "highway": "motorway", "lanes": "3", "maxspeed:lanes": "120|120|100", "minspeed": "50", "name": "Autoestrada da Costa de Prata", "oneway": "yes", "placement": "right_of:1", "ref": "A 29;IC 1", "shoulder": "right", "surface": "asphalt", "toll": "no"}}, {"type": "Feature", "geometry": {"type": "LineString", "coordinates": [[-8.5969948, 40.8971338], [-8.597823, 40.8977729]]}, "properties": {"change:lanes": "yes|yes", "highway": "motorway", "lanes": "2", "maxspeed": "120", "minspeed": "50", "name": "Autoestrada da Costa de Prata", "oneway": "yes", "ref": "A 29;IC 1", "shoulder": "right", "surface": "asphalt", "toll": "yes"}}, {"type": "Feature", "geometry": {"type": "LineString", "coordinates": [[-8.5419902, 40.751002], [-8.5419017, 40.7496978]]}, "properties": {"change:lanes": "no|not_left|yes", "destination:lanes": "Lisboa;Aveiro;Viseu|Lisboa;Aveiro;Viseu|Estarreja Sul;Salreu", "destination:ref": "A29;A17;A25|A29;A17;A25|N1-12", "highway": "motorway", "lanes": "3", "maxspeed:lanes": "120|120|80", "minspeed": "50", "name": "Autoestrada da Costa de Prata", "oneway": "yes", "placement": "left_of:2", "ref": "A 29;IC 1", "shoulder": "right", "smoothness": "good", "source": "Bing", "surface": "asphalt", "toll": "yes"}}, {"type": "Feature", "geometry": {"type": "LineString", "coordinates": [[-8.542063, 40.7520893], [-8.5420405, 40.7517439]]}, "properties": {"change:lanes": "yes|yes", "highway": "motorway", "lanes": "2", "maxspeed:lanes": "120|100", "minspeed": "50", "name": "Autoestrada da Costa de Prata", "oneway": "yes", "ref": "A 29;IC 1", "shoulder": "right", "smoothness": "good", "source": "Bing", "surface": "asphalt", "toll": "yes", "turn:lanes": "through|through;right"}}, {"type": "Feature", "geometry": {"type": "LineString", "coordinates": [[-8.5421478, 40.753388], [-8.542063, 40.7520893]]}, "properties": {"change:lanes": "yes|yes", "highway": "motorway", "lanes": "2", "maxspeed": "120", "minspeed": "50", "name": "Autoestrada da Costa de Prata", "oneway": "yes", "ref": "A 29;IC 1", "shoulder": "right", "smoothness": "good", "source": "Bing", "surface": "asphalt", "toll": "yes", "turn:lanes": "through|through;right"}}, {"type": "Feature", "geometry": {"type": "LineString", "coordinates": [[-8.541719, 40.7471644], [-8.541698, 40.7468569]]}, "properties": {"change:lanes": "yes|not_right|no", "highway": "motorway", "lanes": "3", "maxspeed": "120", "minspeed": "50", "name": "Autoestrada da Costa de Prata", "oneway": "yes", "placement": "left_of:2", "ref": "A 29;IC 1", "smoothness": "good", "source": "Bing", "surface": "asphalt", "toll": "yes"}}, {"type": "Feature", "geometry": {"type": "LineString", "coordinates": [[-8.5419017, 40.7496978], [-8.5418765, 40.7493262]]}, "properties": {"change:lanes": "no|no|no", "destination:lanes": "Lisboa;Aveiro;Viseu|Lisboa;Aveiro;Viseu|Estarreja Sul;Salreu", "destination:ref": "A29;A17;A25|A29;A17;A25|N1-12", "highway": "motorway", "lanes": "3", "maxspeed:lanes": "120|120|60", "minspeed": "50", "name": "Autoestrada da Costa de Prata", "oneway": "yes", "placement": "left_of:2", "ref": "A 29;IC 1", "shoulder": "right", "smoothness": "good", "source": "Bing", "surface": "asphalt", "toll": "yes"}}, {"type": "Feature", "geometry": {"type": "LineString", "coordinates": [[-8.5417297, 40.7497], [-8.5419009, 40.7522203]]}, "properties": {"change:lanes": "yes|yes|yes", "highway": "motorway", "lanes": "3", "maxspeed": "120", "minspeed": "50", "name": "Autoestrada da Costa de Prata", "oneway": "yes", "placement": "left_of:2", "ref": "A 29;IC 1", "shoulder": "right", "smoothness": "good", "source": "Bing", "surface": "asphalt", "toll": "yes"}}, {"type": "Feature", "geometry": {"type": "LineString", "coordinates": [[-8.5415909, 40.7475981], [-8.5416756, 40.7488653]]}, "properties": {"change:lanes": "yes|yes", "highway": "motorway", "lanes": "2", "maxspeed": "120", "minspeed": "50", "name": "Autoestrada da Costa de Prata", "oneway": "yes", "ref": "A 29;IC 1", "source": "Bing", "surface": "asphalt", "toll": "yes"}}, {"type": "Feature", "geometry": {"type": "LineString", "coordinates": [[-8.5418368, 40.748798], [-8.5417478, 40.7475633]]}, "properties": {"change:lanes": "yes|yes", "highway": "motorway", "lanes": "2", "maxspeed": "120", "minspeed": "50", "name": "Autoestrada da Costa de Prata", "oneway": "yes", "ref": "A 29;IC 1", "smoothness": "good", "source": "Bing", "surface": "asphalt", "toll": "yes"}}, {"type": "Feature", "geometry": {"type": "LineString", "coordinates": [[-8.5417478, 40.7475633], [-8.541719, 40.7471644]]}, "properties": {"change:lanes": "yes|yes", "highway": "motorway", "lanes": "2", "maxspeed": "120", "minspeed": "50", "name": "Autoestrada da Costa de Prata", "oneway": "yes", "ref": "A 29;IC 1", "shoulder": "no", "smoothness": "good", "source": "Bing", "surface": "asphalt", "toll": "yes"}}, {"type": "Feature", "geometry": {"type": "LineString", "coordinates": [[-8.5416756, 40.7488653], [-8.5416858, 40.7490174], [-8.541706, 40.7493526]]}, "properties": {"change:lanes": "no|no", "highway": "motorway", "lanes": "2", "maxspeed": "120", "minspeed": "50", "name": "Autoestrada da Costa de Prata", "oneway": "yes", "ref": "A 29;IC 1", "shoulder": "no", "source": "Bing", "surface": "asphalt", "toll": "yes"}}, {"type": "Feature", "geometry": {"type": "LineString", "coordinates": [[-8.5415396, 40.7468703], [-8.5415582, 40.7471784]]}, "properties": {"change:lanes": "no|no|no", "highway": "motorway", "lanes": "3", "maxspeed": "120", "minspeed": "50", "name": "Autoestrada da Costa de Prata", "oneway": "yes", "placement": "left_of:2", "ref": "A 29;IC 1", "source": "Bing", "surface": "asphalt", "toll": "yes"}}, {"type": "Feature", "geometry": {"type": "LineString", "coordinates": [[-8.5393405, 40.6914407], [-8.539818, 40.6912424]]}, "properties": {"change:lanes": "yes|not_right|no", "destination:lanes": "Guarda;Viseu|Aveiro;\u00cdlhavo;Lisboa|Aveiro;\u00cdlhavo;Lisboa", "destination:ref:lanes": "A 25;A 1|A 25;A 1|A 25", "highway": "motorway", "lanes": "3", "lit": "yes", "maxspeed": "100", "minspeed": "50", "name": "Autoestrada da Costa de Prata", "oneway": "yes", "ref": "A 29;IC 1", "shoulder": "right", "smoothness": "good", "source": "Bing", "surface": "asphalt", "toll": "yes", "turn:lanes": "left|slight_right|slight_right"}}, {"type": "Feature", "geometry": {"type": "LineString", "coordinates": [[-8.539818, 40.6912424], [-8.5404974, 40.6909599]]}, "properties": {"change:lanes": "no|no|no", "destination:lanes": "Guarda;Viseu|Aveiro;\u00cdlhavo;Lisboa|Aveiro;\u00cdlhavo;Lisboa", "destination:ref:lanes": "A 25;A 1|A 25;A 1|A 25", "highway": "motorway", "lanes": "3", "lit": "yes", "maxspeed": "100", "minspeed": "50", "name": "Autoestrada da Costa de Prata", "oneway": "yes", "ref": "A 29;IC 1", "shoulder": "right", "smoothness": "good", "source": "Bing", "surface": "asphalt", "toll": "yes", "turn:lanes": "left|slight_right|slight_right"}}, {"type": "Feature", "geometry": {"type": "LineString", "coordinates": [[-8.5416354, 40.6903178], [-8.5410872, 40.6905428]]}, "properties": {"change:lanes": "yes|not_right|no", "highway": "motorway", "lanes": "3", "lit": "yes", "maxspeed": "40", "oneway": "yes", "ref": "A 29;IC 1", "shoulder": "right", "source": "Bing", "surface": "asphalt", "toll": "yes"}}, {"type": "Feature", "geometry": {"type": "LineString", "coordinates": [[-8.5414074, 40.7432812], [-8.5414358, 40.7449021]]}, "properties": {"change:lanes": "yes|yes", "highway": "motorway", "lanes": "2", "lit": "no", "maxheight": "default", "maxspeed": "120", "minspeed": "50", "name": "Autoestrada da Costa de Prata", "oneway": "yes", "ref": "A 29;IC 1", "shoulder": "right", "source": "Bing", "surface": "asphalt", "toll": "yes", "turn:lanes": "through|through;right"}}, {"type": "Feature", "geometry": {"type": "LineString", "coordinates": [[-8.5361232, 40.6929662], [-8.5363974, 40.6927922]]}, "properties": {"change:lanes": "yes|yes", "highway": "motorway", "lanes": "2", "lit": "no", "maxspeed": "100", "minspeed": "50", "name": "Autoestrada da Costa de Prata", "oneway": "yes", "ref": "A 29;IC 1", "shoulder": "right", "smoothness": "good", "source": "Bing", "surface": "asphalt", "toll": "yes", "turn:lanes": "left|right"}}, {"type": "Feature", "geometry": {"type": "LineString", "coordinates": [[-8.5404974, 40.6909599], [-8.5408263, 40.6908233]]}, "properties": {"change:lanes": "no|no|no", "destination:lanes": "Guarda;Viseu|Aveiro;\u00cdlhavo;Lisboa|Aveiro;\u00cdlhavo;Lisboa", "destination:ref:lanes": "A 25;A 1|A 25;A 1|A 25", "highway": "motorway", "lanes": "3", "lit": "yes", "maxspeed": "60", "minspeed": "50", "name": "Autoestrada da Costa de Prata", "oneway": "yes", "ref": "A 29;IC 1", "shoulder": "right", "smoothness": "good", "source": "Bing", "surface": "asphalt", "toll": "yes", "turn:lanes": "left|slight_right|slight_right"}}, {"type": "Feature", "geometry": {"type": "LineString", "coordinates": [[-8.5711991, 40.8607883], [-8.5713011, 40.8610099]]}, "properties": {"change:lanes": "yes|not_right|no", "highway": "motorway", "lanes": "3", "maxspeed": "100", "minspeed": "50", "name": "Autoestrada da Costa de Prata", "oneway": "yes", "placement": "right_of:1", "ref": "A 29;IC 1", "shoulder": "right", "surface": "asphalt", "toll": "no"}}, {"type": "Feature", "geometry": {"type": "LineString", "coordinates": [[-8.5706097, 40.8595015], [-8.5710363, 40.8604444]]}, "properties": {"change:lanes": "yes|yes", "highway": "motorway", "lanes": "2", "maxspeed": "120", "minspeed": "50", "name": "Autoestrada da Costa de Prata", "oneway": "yes", "ref": "A 29;IC 1", "shoulder": "right", "surface": "asphalt", "toll": "yes"}}, {"type": "Feature", "geometry": {"type": "LineString", "coordinates": [[-8.5929887, 40.8940263], [-8.5933713, 40.8943247], [-8.5944693, 40.8951696]]}, "properties": {"change:lanes": "yes|yes", "highway": "motorway", "lanes": "2", "maxheight:signed": "no", "maxspeed": "120", "minspeed": "50", "name": "Autoestrada da Costa de Prata", "oneway": "yes", "ref": "A 29;IC 1", "shoulder": "right", "surface": "asphalt", "toll": "no", "turn:lanes": "through|through;right"}}, {"type": "Feature", "geometry": {"type": "LineString", "coordinates": [[-8.5738787, 40.8662618], [-8.5732049, 40.8647911]]}, "properties": {"change:lanes": "yes|yes", "highway": "motorway", "lanes": "2", "maxspeed": "120", "minspeed": "50", "name": "Autoestrada da Costa de Prata", "oneway": "yes", "ref": "A 29;IC 1", "shoulder": "right", "smoothness": "good", "surface": "asphalt", "toll": "no", "turn:lanes": "through|through;right"}}, {"type": "Feature", "geometry": {"type": "LineString", "coordinates": [[-8.571913, 40.8619641], [-8.5711886, 40.8603967]]}, "properties": {"change:lanes": "yes|yes", "destination": "Estarreja;Aveiro;Lisboa", "highway": "motorway", "lanes": "2", "maxspeed": "120", "minspeed": "50", "name": "Autoestrada da Costa de Prata", "oneway": "yes", "ref": "A 29;IC 1", "shoulder": "right", "smoothness": "good", "surface": "asphalt", "toll": "yes"}}, {"type": "Feature", "geometry": {"type": "LineString", "coordinates": [[-8.5722251, 40.8626476], [-8.5721751, 40.8625286]]}, "properties": {"change:lanes": "no|no|no", "destination:lanes": "Estarreja;Lisboa|Estarreja;Lisboa|Ovar Sul", "destination:ref": "A29;A8|A29;A8|N109", "highway": "motorway", "lanes": "3", "maxspeed:lanes": "120|120|80", "minspeed": "50", "name": "Autoestrada da Costa de Prata", "oneway": "yes", "placement": "right_of:1", "ref": "A 29;IC 1", "shoulder": "right", "smoothness": "good", "surface": "asphalt", "toll": "no"}}, {"type": "Feature", "geometry": {"type": "LineString", "coordinates": [[-8.5711886, 40.8603967], [-8.571049, 40.8600953]]}, "properties": {"change:lanes": "yes|yes", "destination": "Estarreja;Aveiro;Lisboa", "highway": "motorway", "lanes": "2", "maxspeed": "120", "minspeed": "50", "name": "Autoestrada da Costa de Prata", "oneway": "yes", "ref": "A 29;IC 1", "shoulder": "no", "smoothness": "good", "surface": "asphalt", "toll": "yes"}}, {"type": "Feature", "geometry": {"type": "LineString", "coordinates": [[-8.5721415, 40.8624486], [-8.5719831, 40.8621158]]}, "properties": {"change:lanes": "no|no", "destination": "Estarreja;Aveiro;Lisboa", "highway": "motorway", "lanes": "2", "maxspeed": "120", "minspeed": "50", "name": "Autoestrada da Costa de Prata", "oneway": "yes", "ref": "A 29;IC 1", "shoulder": "no", "smoothness": "good", "surface": "asphalt", "toll": "yes"}}, {"type": "Feature", "geometry": {"type": "LineString", "coordinates": [[-8.5627039, 40.7855324], [-8.5626924, 40.7854112]]}, "properties": {"change:lanes": "no|not_left|yes", "destination:lanes": "Lisboa;Aveiro;Viseu|Lisboa;Aveiro;Viseu|Estarreja;Murtosa;Avanca", "destination:ref": "A29;A17;A25|A29;A17;A25|N109", "highway": "motorway", "lanes": "3", "lit": "yes", "maxspeed:lanes": "120|120|40", "minspeed": "50", "name": "Autoestrada da Costa de Prata", "oneway": "yes", "placement": "left_of:2", "ref": "A 29;IC 1", "shoulder": "right", "smoothness": "good", "surface": "asphalt", "toll": "yes"}}, {"type": "Feature", "geometry": {"type": "LineString", "coordinates": [[-8.5627577, 40.7863696], [-8.5627039, 40.7855324]]}, "properties": {"change:lanes": "no|not_left|yes", "destination:lanes": "Lisboa;Aveiro;Viseu|Lisboa;Aveiro;Viseu|Estarreja;Murtosa;Avanca", "destination:ref": "A29;A17;A25|A29;A17;A25|N109", "highway": "motorway", "lanes": "3", "lit": "yes", "maxheight:signed": "no", "maxspeed:lanes": "120|120|60", "minspeed": "50", "name": "Autoestrada da Costa de Prata", "oneway": "yes", "placement": "left_of:2", "ref": "A 29;IC 1", "shoulder": "right", "smoothness": "good", "surface": "asphalt", "toll": "yes"}}, {"type": "Feature", "geometry": {"type": "LineString", "coordinates": [[-8.562676, 40.7876872], [-8.5627179, 40.7873146], [-8.5627528, 40.7869194]]}, "properties": {"change:lanes": "no|not_left|yes", "destination:lanes": "Lisboa;Aveiro;Viseu|Lisboa;Aveiro;Viseu|Estarreja;Murtosa;Avanca", "destination:ref": "A29;A17;A25|A29;A17;A25|N109", "highway": "motorway", "lanes": "3", "lit": "yes", "maxspeed:lanes": "120|120|100", "minspeed": "50", "name": "Autoestrada da Costa de Prata", "oneway": "yes", "placement": "left_of:2", "ref": "A 29;IC 1", "shoulder": "right", "smoothness": "good", "surface": "asphalt", "toll": "yes"}}, {"type": "Feature", "geometry": {"type": "LineString", "coordinates": [[-8.5721751, 40.8625286], [-8.5721415, 40.8624486]]}, "properties": {"change:lanes": "no|no|no", "destination:lanes": "Estarreja;Lisboa|Estarreja;Lisboa|Ovar Sul", "destination:ref": "A29;A8|A29;A8|N109", "highway": "motorway", "lanes": "3", "maxspeed:lanes": "120|120|60", "minspeed": "50", "name": "Autoestrada da Costa de Prata", "oneway": "yes", "placement": "right_of:1", "ref": "A 29;IC 1", "shoulder": "right", "smoothness": "good", "surface": "asphalt", "toll": "no"}}, {"type": "Feature", "geometry": {"type": "LineString", "coordinates": [[-8.5732049, 40.8647911], [-8.572747, 40.8637835]]}, "properties": {"change:lanes": "no|not_left|yes", "destination:lanes": "Estarreja;Lisboa|Estarreja;Lisboa|Ovar Sul", "destination:ref": "A29;A8|A29;A8|N109", "highway": "motorway", "lanes": "3", "maxspeed:lanes": "120|120|100", "minspeed": "50", "name": "Autoestrada da Costa de Prata", "oneway": "yes", "placement": "right_of:1", "ref": "A 29;IC 1", "shoulder": "right", "smoothness": "good", "surface": "asphalt", "toll": "no"}}, {"type": "Feature", "geometry": {"type": "LineString", "coordinates": [[-8.5693926, 40.8554548], [-8.5695117, 40.8562947], [-8.5695749, 40.8566241], [-8.5696514, 40.8569449]]}, "properties": {"change:lanes": "yes|yes", "highway": "motorway", "lanes": "2", "maxspeed": "120", "minspeed": "50", "name": "Autoestrada da Costa de Prata", "oneway": "yes", "ref": "A 29;IC 1", "shoulder": "right", "smoothness": "good", "surface": "asphalt", "toll": "yes", "turn:lanes": "through|through;right"}}, {"type": "Feature", "geometry": {"type": "LineString", "coordinates": [[-8.562275, 40.7893554], [-8.5624824, 40.7886665], [-8.5626548, 40.7878543], [-8.562676, 40.7876872]]}, "properties": {"change:lanes": "yes|yes", "highway": "motorway", "lanes": "2", "maxspeed": "120", "minspeed": "50", "name": "Autoestrada da Costa de Prata", "oneway": "yes", "ref": "A 29;IC 1", "shoulder": "right", "smoothness": "good", "surface": "asphalt", "toll": "yes", "turn:lanes": "through|through;right"}}, {"type": "Feature", "geometry": {"type": "LineString", "coordinates": [[-8.5625108, 40.7877006], [-8.562452, 40.7880913]]}, "properties": {"change:lanes": "yes|not_right|no", "highway": "motorway", "lanes": "3", "maxspeed": "120", "minspeed": "50", "name": "Autoestrada da Costa de Prata", "oneway": "yes", "placement": "left_of:2", "ref": "A 29;IC 1", "shoulder": "right", "smoothness": "good", "surface": "asphalt", "toll": "yes"}}, {"type": "Feature", "geometry": {"type": "LineString", "coordinates": [[-8.5626532, 40.7850187], [-8.5624529, 40.7836902]]}, "properties": {"change:lanes": "yes|yes", "highway": "motorway", "lanes": "2", "lit": "yes", "maxspeed": "120", "minspeed": "50", "name": "Autoestrada da Costa de Prata", "oneway": "yes", "ref": "A 29;IC 1", "shoulder": "right", "smoothness": "good", "surface": "asphalt", "toll": "yes"}}, {"type": "Feature", "geometry": {"type": "LineString", "coordinates": [[-8.5625563, 40.7873196], [-8.5625108, 40.7877006]]}, "properties": {"change:lanes": "yes|yes", "highway": "motorway", "lanes": "2", "lit": "yes", "maxspeed": "120", "minspeed": "50", "name": "Autoestrada da Costa de Prata", "oneway": "yes", "ref": "A 29;IC 1", "shoulder": "no", "smoothness": "good", "surface": "asphalt", "toll": "yes"}}, {"type": "Feature", "geometry": {"type": "LineString", "coordinates": [[-8.56244, 40.7845714], [-8.5625058, 40.7851008]]}, "properties": {"change:lanes": "no|no", "highway": "motorway", "lanes": "2", "lit": "yes", "maxspeed": "120", "minspeed": "50", "name": "Autoestrada da Costa de Prata", "oneway": "yes", "ref": "A 29;IC 1", "shoulder": "no", "smoothness": "good", "surface": "asphalt", "toll": "yes"}}, {"type": "Feature", "geometry": {"type": "LineString", "coordinates": [[-8.5624005, 40.7843369], [-8.56244, 40.7845714]]}, "properties": {"change:lanes": "no|no|no", "highway": "motorway", "lanes": "3", "lit": "no", "maxheight": "default", "maxspeed": "120", "minspeed": "50", "name": "Autoestrada da Costa de Prata", "oneway": "yes", "placement": "left_of:2", "ref": "A 29;IC 1", "shoulder": "right", "smoothness": "good", "surface": "asphalt", "toll": "yes"}}, {"type": "Feature", "geometry": {"type": "LineString", "coordinates": [[-8.5617952, 40.7806292], [-8.5620662, 40.7822227]]}, "properties": {"change:lanes": "yes|yes", "highway": "motorway", "lanes": "2", "lit": "no", "maxheight": "default", "maxspeed": "120", "minspeed": "50", "name": "Autoestrada da Costa de Prata", "oneway": "yes", "ref": "A 29;IC 1", "shoulder": "right", "smoothness": "good", "source": "Bing", "surface": "asphalt", "toll": "yes", "turn:lanes": "through|through;right"}}, {"type": "Feature", "geometry": {"type": "LineString", "coordinates": [[-8.5984205, 40.89806], [-8.5976349, 40.8974499]]}, "properties": {"change:lanes": "no|not_left|yes", "destination:lanes": "Estarreja;Lisboa|Estarreja;Lisboa|Ovar Norte", "destination:ref": "A29;A8|A29;A8|N327", "highway": "motorway", "lanes": "3", "maxspeed:lanes": "120|120|80", "minspeed": "50", "name": "Autoestrada da Costa de Prata", "oneway": "yes", "placement": "right_of:1", "ref": "A 29;IC 1", "shoulder": "right", "surface": "asphalt", "toll": "yes"}}, {"type": "Feature", "geometry": {"type": "LineString", "coordinates": [[-8.6005823, 40.8999205], [-8.6011178, 40.9003899], [-8.6013038, 40.9005622]]}, "properties": {"change:lanes": "yes|yes", "highway": "motorway", "lanes": "2", "maxspeed": "120", "minspeed": "50", "name": "Autoestrada da Costa de Prata", "oneway": "yes", "ref": "A 29;IC 1", "shoulder": "right", "surface": "asphalt", "toll": "yes"}}, {"type": "Feature", "geometry": {"type": "LineString", "coordinates": [[-8.597823, 40.8977729], [-8.59846, 40.8982656]]}, "properties": {"change:lanes": "no|no", "highway": "motorway", "lanes": "2", "maxspeed": "120", "minspeed": "50", "name": "Autoestrada da Costa de Prata", "oneway": "yes", "ref": "A 29;IC 1", "shoulder": "no", "surface": "asphalt", "toll": "yes"}}, {"type": "Feature", "geometry": {"type": "LineString", "coordinates": [[-8.6012518, 40.9003342], [-8.6004431, 40.8996327], [-8.5997775, 40.8991127]]}, "properties": {"change:lanes": "yes|yes", "highway": "motorway", "lanes": "2", "maxspeed": "120", "minspeed": "50", "name": "Autoestrada da Costa de Prata", "oneway": "yes", "ref": "A 29;IC 1", "shoulder": "right", "surface": "asphalt", "toll": "yes", "turn:lanes": "through|through;right"}}, {"type": "Feature", "geometry": {"type": "LineString", "coordinates": [[-8.5997775, 40.8991127], [-8.5996174, 40.8989894]]}, "properties": {"change:lanes": "no|no", "highway": "motorway", "lanes": "2", "maxspeed": "120", "minspeed": "50", "oneway": "yes", "ref": "A 29;IC 1", "shoulder": "right", "surface": "asphalt", "toll": "yes"}}, {"type": "Feature", "geometry": {"type": "LineString", "coordinates": [[-8.5976349, 40.8974499], [-8.5974007, 40.8972676]]}, "properties": {"change:lanes": "no|no|no", "destination:lanes": "Estarreja;Lisboa|Estarreja;Lisboa|Ovar Norte", "destination:ref": "A29;A8|A29;A8|N327", "highway": "motorway", "lanes": "3", "maxspeed:lanes": "120|120|60", "minspeed": "50", "name": "Autoestrada da Costa de Prata", "oneway": "yes", "placement": "right_of:1", "ref": "A 29;IC 1", "shoulder": "right", "surface": "asphalt", "toll": "yes"}}, {"type": "Feature", "geometry": {"type": "LineString", "coordinates": [[-8.5970727, 40.8970163], [-8.5955099, 40.8957984]]}, "properties": {"change:lanes": "yes|yes", "highway": "motorway", "lanes": "2", "maxheight": "default", "maxspeed": "120", "minspeed": "50", "name": "Autoestrada da Costa de Prata", "oneway": "yes", "ref": "A 29;IC 1", "shoulder": "right", "surface": "asphalt", "toll": "yes"}}, {"type": "Feature", "geometry": {"type": "LineString", "coordinates": [[-8.5955099, 40.8957984], [-8.595129, 40.895508]]}, "properties": {"change:lanes": "yes|yes", "highway": "motorway", "lanes": "2", "maxheight": "default", "maxspeed": "120", "minspeed": "50", "name": "Autoestrada da Costa de Prata", "oneway": "yes", "ref": "A 29;IC 1", "shoulder": "no", "surface": "asphalt", "toll": "yes"}}, {"type": "Feature", "geometry": {"type": "LineString", "coordinates": [[-8.596582, 40.8968088], [-8.5969948, 40.8971338]]}, "properties": {"change:lanes": "no|no", "destination": "Porto;Feira", "destination:ref": "A 29", "highway": "motorway", "lanes": "2", "maxspeed": "120", "minspeed": "50", "name": "Autoestrada da Costa de Prata", "oneway": "yes", "ref": "A 29;IC 1", "shoulder": "no", "surface": "asphalt", "toll": "yes"}}, {"type": "Feature", "geometry": {"type": "LineString", "coordinates": [[-8.595129, 40.895508], [-8.5947013, 40.8951786]]}, "properties": {"change:lanes": "yes|not_right|no", "highway": "motorway", "lanes": "3", "maxheight:signed": "no", "maxspeed": "120", "minspeed": "50", "name": "Autoestrada da Costa de Prata", "oneway": "yes", "placement": "right_of:1", "ref": "A 29;IC 1", "shoulder": "right", "surface": "asphalt", "toll": "no"}}, {"type": "Feature", "geometry": {"type": "LineString", "coordinates": [[-8.5410872, 40.6905428], [-8.5406224, 40.6907336]]}, "properties": {"change:lanes": "yes|yes|yes", "highway": "motorway", "lanes": "3", "lit": "yes", "maxspeed": "40", "minspeed": "50", "oneway": "yes", "ref": "A 29;IC 1", "shoulder": "right", "source": "Bing", "surface": "asphalt", "toll": "yes"}}, {"type": "Feature", "geometry": {"type": "LineString", "coordinates": [[-8.6048712, 40.9509816], [-8.6049787, 40.9510728]]}, "properties": {"destination:lanes": "Porto;Espinho|Porto;Espinho|Cortega\u00e7a;Rio Me\u00e3o", "highway": "motorway", "lanes": "3", "maxspeed:lanes": "100|100|60", "name": "Autoestrada da Costa de Prata", "oneway": "yes", "ref": "A 29;IC 1", "surface": "asphalt", "toll": "no", "turn:lanes": "through|through|right"}}, {"type": "Feature", "geometry": {"type": "LineString", "coordinates": [[-8.6043904, 40.9505491], [-8.6048712, 40.9509816]]}, "properties": {"destination:lanes": "Porto;Espinho|Porto;Espinho|Cortega\u00e7a;Rio Me\u00e3o", "highway": "motorway", "lanes": "3", "maxspeed:lanes": "100|100|80", "name": "Autoestrada da Costa de Prata", "oneway": "yes", "ref": "A 29;IC 1", "surface": "asphalt", "toll": "no", "turn:lanes": "through|through|right"}}, {"type": "Feature", "geometry": {"type": "LineString", "coordinates": [[-8.56234, 40.7839776], [-8.5624005, 40.7843369]]}, "properties": {"change:lanes": "no|not_left|yes", "highway": "motorway", "lanes": "3", "lit": "no", "maxheight": "default", "maxspeed:lanes": "120|120|60", "minspeed": "50", "name": "Autoestrada da Costa de Prata", "oneway": "yes", "placement": "left_of:2", "ref": "A 29;IC 1", "shoulder": "right", "smoothness": "good", "surface": "asphalt", "toll": "yes"}}, {"type": "Feature", "geometry": {"type": "LineString", "coordinates": [[-8.571049, 40.8600953], [-8.5708849, 40.859725]]}, "properties": {"change:lanes": "yes|not_right|no", "highway": "motorway", "lanes": "3", "maxspeed": "120", "minspeed": "50", "name": "Autoestrada da Costa de Prata", "oneway": "yes", "placement": "right_of:1", "ref": "A 29;IC 1", "shoulder": "right", "smoothness": "good", "surface": "asphalt", "toll": "yes"}}, {"type": "Feature", "geometry": {"type": "LineString", "coordinates": [[-8.6024788, 40.9270534], [-8.6026698, 40.9266559]]}, "properties": {"change:lanes": "no|no", "highway": "motorway", "lanes": "2", "maxspeed": "100", "minspeed": "50", "name": "Autoestrada da Costa de Prata", "oneway": "yes", "ref": "A 29;IC 1", "surface": "asphalt", "toll": "yes"}}, {"type": "Feature", "geometry": {"type": "LineString", "coordinates": [[-8.6038707, 40.9250256], [-8.6035515, 40.9253254]]}, "properties": {"change:lanes": "yes|yes", "highway": "motorway", "lanes": "2", "maxspeed": "120", "maxspeed:lanes": "120|80", "minspeed": "50", "name": "Autoestrada da Costa de Prata", "oneway": "yes", "ref": "A 29;IC 1", "shoulder": "right", "surface": "asphalt", "toll": "yes", "turn:lanes": "through|through;right"}}, {"type": "Feature", "geometry": {"type": "LineString", "coordinates": [[-8.6048648, 40.9241862], [-8.6038707, 40.9250256]]}, "properties": {"change:lanes": "yes|yes", "highway": "motorway", "lanes": "2", "maxspeed": "120", "minspeed": "50", "name": "Autoestrada da Costa de Prata", "oneway": "yes", "ref": "A 29;IC 1", "shoulder": "right", "surface": "asphalt", "toll": "yes", "turn:lanes": "through|through;right"}}, {"type": "Feature", "geometry": {"type": "LineString", "coordinates": [[-8.6043374, 40.92475], [-8.6049715, 40.9242099]]}, "properties": {"change:lanes": "yes|yes|yes", "highway": "motorway", "lanes": "3", "maxheight": "default", "maxspeed": "120", "minspeed": "50", "name": "Autoestrada da Costa de Prata", "oneway": "yes", "placement": "right_of:1", "ref": "A 29;IC 1", "surface": "asphalt", "toll": "yes"}}, {"type": "Feature", "geometry": {"type": "LineString", "coordinates": [[-8.6021619, 40.9277488], [-8.6021178, 40.9280357]]}, "properties": {"change:lanes": "no|not_left|yes", "highway": "motorway", "lanes": "3", "maxheight": "default", "maxspeed": "120", "minspeed": "50", "name": "Autoestrada da Costa de Prata", "oneway": "yes", "placement": "right_of:1", "ref": "A 29;IC 1", "surface": "asphalt", "toll": "no", "turn:lanes": "through|through;right|none"}}, {"type": "Feature", "geometry": {"type": "LineString", "coordinates": [[-8.6025097, 40.9267518], [-8.6023888, 40.9270231]]}, "properties": {"change:lanes": "yes|yes", "highway": "motorway", "lanes": "2", "maxspeed": "120", "minspeed": "50", "name": "Autoestrada da Costa de Prata", "oneway": "yes", "placement": "right_of:1", "ref": "A 29;IC 1", "shoulder": "no", "surface": "asphalt", "toll": "yes", "turn:lanes": "through|through;right"}}, {"type": "Feature", "geometry": {"type": "LineString", "coordinates": [[-8.6031702, 40.9257275], [-8.6029303, 40.9260429]]}, "properties": {"change:lanes": "no|no", "highway": "motorway", "lanes": "2", "maxspeed": "120", "minspeed": "50", "name": "Autoestrada da Costa de Prata", "oneway": "yes", "ref": "A 29;IC 1", "shoulder": "no", "surface": "asphalt", "toll": "yes"}}, {"type": "Feature", "geometry": {"type": "LineString", "coordinates": [[-8.6030436, 40.9260511], [-8.6032656, 40.9257688]]}, "properties": {"change:lanes": "yes|yes", "highway": "motorway", "lanes": "2", "maxspeed": "100", "minspeed": "50", "name": "Autoestrada da Costa de Prata", "oneway": "yes", "ref": "A 29;IC 1", "shoulder": "no", "surface": "asphalt", "toll": "yes"}}, {"type": "Feature", "geometry": {"type": "LineString", "coordinates": [[-8.6020436, 40.9297212], [-8.6020478, 40.93006]]}, "properties": {"change:lanes": "yes|yes", "highway": "motorway", "lanes": "2", "maxheight": "default", "maxspeed": "120", "name": "Autoestrada da Costa de Prata", "oneway": "yes", "ref": "A 29;IC 1", "shoulder": "no", "surface": "asphalt", "toll": "no"}}, {"type": "Feature", "geometry": {"type": "LineString", "coordinates": [[-8.6020658, 40.9285852], [-8.6020548, 40.9289511]]}, "properties": {"change:lanes": "no|no", "highway": "motorway", "lanes": "2", "maxheight": "default", "maxspeed": "120", "name": "Autoestrada da Costa de Prata", "oneway": "yes", "ref": "A 29;IC 1", "shoulder": "no", "surface": "asphalt", "toll": "no"}}, {"type": "Feature", "geometry": {"type": "LineString", "coordinates": [[-8.6021545, 40.9290355], [-8.602161, 40.9286891]]}, "properties": {"change:lanes": "yes|yes", "highway": "motorway", "lanes": "2", "maxheight": "default", "maxspeed": "100", "name": "Autoestrada da Costa de Prata", "oneway": "yes", "ref": "A 29;IC 1", "shoulder": "no", "surface": "asphalt", "toll": "no"}}, {"type": "Feature", "geometry": {"type": "LineString", "coordinates": [[-8.602139, 40.9311953], [-8.602141, 40.9309708]]}, "properties": {"change:lanes": "no|no", "highway": "motorway", "lanes": "2", "maxspeed": "100", "minspeed": "50", "name": "Autoestrada da Costa de Prata", "oneway": "yes", "ref": "A 29;IC 1", "shoulder": "right", "surface": "asphalt", "toll": "no", "turn:lanes": "through|through;right"}}, {"type": "Feature", "geometry": {"type": "LineString", "coordinates": [[-8.6021488, 40.9301754], [-8.6021504, 40.9297907]]}, "properties": {"change:lanes": "no|no", "highway": "motorway", "lanes": "2", "maxheight": "default", "maxspeed": "100", "name": "Autoestrada da Costa de Prata", "oneway": "yes", "ref": "A 29;IC 1", "shoulder": "no", "surface": "asphalt", "toll": "no"}}, {"type": "Feature", "geometry": {"type": "LineString", "coordinates": [[-8.6023982, 40.9272994], [-8.6024788, 40.9270534]]}, "properties": {"change:lanes": "no|no|no", "destination:lanes": "Ovar;Lisboa|Ovar;Lisboa|Feira;S. Jo\u00e3o;Madeira", "highway": "motorway", "lanes": "3", "maxspeed:lanes": "100|100|40", "minspeed": "50", "name": "Autoestrada da Costa de Prata", "oneway": "yes", "placement": "right_of:1", "ref": "A 29;IC 1", "surface": "asphalt", "toll": "no"}}, {"type": "Feature", "geometry": {"type": "LineString", "coordinates": [[-8.6021984, 40.9282286], [-8.6022688, 40.9277596]]}, "properties": {"change:lanes": "yes|yes|yes", "highway": "motorway", "lanes": "3", "maxheight": "default", "maxspeed:lanes": "100|100|60", "minspeed": "50", "name": "Autoestrada da Costa de Prata", "oneway": "yes", "placement": "right_of:1", "ref": "A 29;IC 1", "surface": "asphalt", "toll": "no", "turn:lanes": "through|through;right|none"}}, {"type": "Feature", "geometry": {"type": "LineString", "coordinates": [[-8.6021474, 40.930405], [-8.6021488, 40.9301754]]}, "properties": {"change:lanes": "no|not_left|yes", "destination:lanes": "Ovar;Lisboa|Ovar;Lisboa|Maceda", "highway": "motorway", "lanes": "3", "maxspeed:lanes": "100|100|60", "name": "Autoestrada da Costa de Prata", "oneway": "yes", "placement": "right_of:1", "ref": "A 29;IC 1", "shoulder": "right", "surface": "asphalt", "toll": "no"}}, {"type": "Feature", "geometry": {"type": "LineString", "coordinates": [[-8.602141, 40.9309708], [-8.6021455, 40.9306776]]}, "properties": {"change:lanes": "no|no", "highway": "motorway", "lanes": "2", "maxspeed": "100", "minspeed": "50", "name": "Autoestrada da Costa de Prata", "oneway": "yes", "ref": "A 29;IC 1", "shoulder": "right", "surface": "asphalt", "toll": "no", "turn:lanes": "through|through;right"}}, {"type": "Feature", "geometry": {"type": "LineString", "coordinates": [[-8.6021253, 40.9328012], [-8.602139, 40.9311953]]}, "properties": {"change:lanes": "yes|yes", "highway": "motorway", "lanes": "2", "maxspeed": "100", "minspeed": "50", "name": "Autoestrada da Costa de Prata", "oneway": "yes", "ref": "A 29;IC 1", "shoulder": "right", "surface": "asphalt", "toll": "no", "turn:lanes": "through|through;right"}}, {"type": "Feature", "geometry": {"type": "LineString", "coordinates": [[-8.605339, 40.906621], [-8.6051733, 40.9062546]]}, "properties": {"change:lanes": "yes|not_right|no", "highway": "motorway", "lanes": "3", "maxheight": "default", "maxspeed": "120", "minspeed": "50", "name": "Autoestrada da Costa de Prata", "oneway": "yes", "placement": "right_of:1", "ref": "A 29;IC 1", "shoulder": "right", "surface": "asphalt", "toll": "yes"}}, {"type": "Feature", "geometry": {"type": "LineString", "coordinates": [[-8.60508, 40.9064366], [-8.6057286, 40.9078595]]}, "properties": {"change:lanes": "yes|yes|yes", "highway": "motorway", "lanes": "3", "maxspeed": "100", "minspeed": "50", "name": "Autoestrada da Costa de Prata", "oneway": "yes", "placement": "right_of:1", "ref": "A 29;IC 1", "shoulder": "right", "surface": "asphalt", "toll": "yes"}}, {"type": "Feature", "geometry": {"type": "LineString", "coordinates": [[-8.6039169, 40.9036386], [-8.6036615, 40.9032281]]}, "properties": {"change:lanes": "yes|not_right|no", "highway": "motorway", "lanes": "3", "maxspeed": "120", "minspeed": "50", "name": "Autoestrada da Costa de Prata", "oneway": "yes", "placement": "right_of:1", "ref": "A 29;IC 1", "shoulder": "right", "surface": "asphalt", "toll": "yes"}}, {"type": "Feature", "geometry": {"type": "LineString", "coordinates": [[-8.603809, 40.9037572], [-8.6038628, 40.9038557]]}, "properties": {"change:lanes": "yes|yes", "highway": "motorway", "lanes": "2", "maxspeed": "120", "minspeed": "50", "name": "Autoestrada da Costa de Prata", "oneway": "yes", "ref": "A 29;IC 1", "shoulder": "no", "surface": "asphalt", "toll": "yes"}}, {"type": "Feature", "geometry": {"type": "LineString", "coordinates": [[-8.6050402, 40.9059658], [-8.6049476, 40.9057662]]}, "properties": {"change:lanes": "yes|yes", "highway": "motorway", "lanes": "2", "maxheight": "default", "maxspeed": "120", "minspeed": "50", "name": "Autoestrada da Costa de Prata", "oneway": "yes", "ref": "A 29;IC 1", "shoulder": "no", "surface": "asphalt", "toll": "yes"}}, {"type": "Feature", "geometry": {"type": "LineString", "coordinates": [[-8.6041137, 40.9039822], [-8.6039169, 40.9036386]]}, "properties": {"change:lanes": "yes|yes", "highway": "motorway", "lanes": "2", "maxheight": "default", "maxspeed": "120", "minspeed": "50", "name": "Autoestrada da Costa de Prata", "oneway": "yes", "ref": "A 29;IC 1", "shoulder": "no", "surface": "asphalt", "toll": "yes"}}, {"type": "Feature", "geometry": {"type": "LineString", "coordinates": [[-8.6051733, 40.9062546], [-8.6050402, 40.9059658]]}, "properties": {"change:lanes": "no|no", "highway": "motorway", "lanes": "2", "maxheight": "default", "maxspeed": "120", "minspeed": "50", "name": "Autoestrada da Costa de Prata", "oneway": "yes", "ref": "A 29;IC 1", "shoulder": "no", "surface": "asphalt", "toll": "yes"}}, {"type": "Feature", "geometry": {"type": "LineString", "coordinates": [[-8.6048216, 40.9058574], [-8.6049666, 40.9061878]]}, "properties": {"change:lanes": "yes|yes", "highway": "motorway", "lanes": "2", "maxspeed": "120", "minspeed": "50", "name": "Autoestrada da Costa de Prata", "oneway": "yes", "ref": "A 29;IC 1", "shoulder": "no", "surface": "asphalt", "toll": "yes"}}, {"type": "Feature", "geometry": {"type": "LineString", "coordinates": [[-8.6036649, 40.9034883], [-8.603809, 40.9037572]]}, "properties": {"change:lanes": "no|no", "highway": "motorway", "lanes": "2", "maxspeed": "120", "minspeed": "50", "name": "Autoestrada da Costa de Prata", "oneway": "yes", "ref": "A 29;IC 1", "shoulder": "no", "surface": "asphalt", "toll": "yes"}}, {"type": "Feature", "geometry": {"type": "LineString", "coordinates": [[-8.6033914, 40.9030595], [-8.6036649, 40.9034883]]}, "properties": {"change:lanes": "no|no|no", "highway": "motorway", "lanes": "3", "maxspeed:lanes": "120|120|60", "minspeed": "50", "name": "Autoestrada da Costa de Prata", "oneway": "yes", "placement": "right_of:1", "ref": "A 29;IC 1", "shoulder": "right", "surface": "asphalt", "toll": "yes"}}, {"type": "Feature", "geometry": {"type": "LineString", "coordinates": [[-8.6033101, 40.9029321], [-8.6033914, 40.9030595]]}, "properties": {"change:lanes": "no|not_left|yes", "highway": "motorway", "lanes": "3", "maxspeed:lanes": "120|120|60", "minspeed": "50", "name": "Autoestrada da Costa de Prata", "oneway": "yes", "placement": "right_of:1", "ref": "A 29;IC 1", "shoulder": "right", "surface": "asphalt", "toll": "yes"}}, {"type": "Feature", "geometry": {"type": "LineString", "coordinates": [[-8.6031103, 40.9026466], [-8.6033101, 40.9029321]]}, "properties": {"change:lanes": "no|not_left|yes", "highway": "motorway", "lanes": "3", "maxspeed:lanes": "120|120|80", "minspeed": "50", "name": "Autoestrada da Costa de Prata", "oneway": "yes", "placement": "right_of:1", "ref": "A 29;IC 1", "shoulder": "right", "surface": "asphalt", "toll": "yes"}}, {"type": "Feature", "geometry": {"type": "LineString", "coordinates": [[-8.596459, 40.8967138], [-8.596582, 40.8968088]]}, "properties": {"change:lanes": "no|not_left|yes", "highway": "motorway", "lanes": "3", "maxspeed:lanes": "120|120|40", "minspeed": "50", "name": "Autoestrada da Costa de Prata", "oneway": "yes", "placement": "right_of:1", "ref": "A 29;IC 1", "shoulder": "right", "surface": "asphalt", "toll": "no"}}, {"type": "Feature", "geometry": {"type": "LineString", "coordinates": [[-8.5958302, 40.8962281], [-8.596459, 40.8967138]]}, "properties": {"change:lanes": "no|not_left|yes", "highway": "motorway", "lanes": "3", "maxspeed:lanes": "120|120|60", "minspeed": "50", "name": "Autoestrada da Costa de Prata", "oneway": "yes", "placement": "right_of:1", "ref": "A 29;IC 1", "shoulder": "right", "surface": "asphalt", "toll": "no"}}, {"type": "Feature", "geometry": {"type": "LineString", "coordinates": [[-8.5950587, 40.8956322], [-8.5958302, 40.8962281]]}, "properties": {"change:lanes": "no|not_left|yes", "highway": "motorway", "lanes": "3", "maxspeed:lanes": "120|120|80", "minspeed": "50", "name": "Autoestrada da Costa de Prata", "oneway": "yes", "placement": "right_of:1", "ref": "A 29;IC 1", "shoulder": "right", "surface": "asphalt", "toll": "no"}}, {"type": "Feature", "geometry": {"type": "LineString", "coordinates": [[-8.5703621, 40.8589477], [-8.5704066, 40.8590535]]}, "properties": {"change:lanes": "no|not_left|yes", "highway": "motorway", "lanes": "3", "maxspeed:lanes": "120|120|60", "minspeed": "50", "name": "Autoestrada da Costa de Prata", "oneway": "yes", "placement": "right_of:1", "ref": "A 29;IC 1", "shoulder": "right", "surface": "asphalt", "toll": "yes"}}, {"type": "Feature", "geometry": {"type": "LineString", "coordinates": [[-8.5696514, 40.8569449], [-8.569817, 40.8575479], [-8.5698751, 40.8577319]]}, "properties": {"change:lanes": "no|not_left|yes", "highway": "motorway", "lanes": "3", "maxspeed:lanes": "120|120|100", "minspeed": "50", "name": "Autoestrada da Costa de Prata", "oneway": "yes", "placement": "right_of:1", "ref": "A 29;IC 1", "shoulder": "right", "smoothness": "good", "surface": "asphalt", "toll": "yes"}}, {"type": "Feature", "geometry": {"type": "LineString", "coordinates": [[-8.5362482, 40.6927258], [-8.5360578, 40.6928492], [-8.5358788, 40.6929735], [-8.5356087, 40.6931862], [-8.5353103, 40.6934378], [-8.535004, 40.6937409], [-8.534717, 40.6940608], [-8.5344367, 40.6944598], [-8.5341785, 40.6948953], [-8.53397, 40.695355], [-8.5338299, 40.695785], [-8.533765, 40.6961085]]}, "properties": {"change:lanes": "yes|yes", "highway": "motorway", "lanes": "2", "lit": "no", "maxspeed": "120", "minspeed": "50", "name": "Autoestrada da Costa de Prata", "oneway": "yes", "overtaking": "yes", "ref": "A 29;IC 1", "shoulder": "right", "smoothness": "good", "source": "Bing", "surface": "asphalt", "toll": "yes"}}, {"type": "Feature", "geometry": {"type": "LineString", "coordinates": [[-8.53281, 40.7083401], [-8.5327592, 40.7088444], [-8.5327443, 40.7096438], [-8.5327559, 40.7106389], [-8.5327618, 40.7111765]]}, "properties": {"change:lanes": "yes|yes", "highway": "motorway", "lanes": "2", "lit": "no", "maxspeed": "120", "minspeed": "50", "name": "Autoestrada da Costa de Prata", "oneway": "yes", "overtaking": "yes", "ref": "A 29;IC 1", "shoulder": "right", "smoothness": "good", "source": "Bing", "surface": "asphalt", "toll": "yes"}}, {"type": "Feature", "geometry": {"type": "LineString", "coordinates": [[-8.5327618, 40.7111765], [-8.5328613, 40.7202549], [-8.5328661, 40.7206895]]}, "properties": {"change:lanes": "yes|yes", "highway": "motorway", "lanes": "2", "lit": "no", "maxspeed": "120", "minspeed": "50", "name": "Autoestrada da Costa de Prata", "oneway": "yes", "overtaking": "yes", "ref": "A 29;IC 1", "shoulder": "right", "smoothness": "good", "source": "Bing", "surface": "asphalt", "toll": "yes"}}, {"type": "Feature", "geometry": {"type": "LineString", "coordinates": [[-8.5328661, 40.7206895], [-8.5329238, 40.7219112], [-8.53306, 40.7228173], [-8.5332551, 40.7235663], [-8.5335823, 40.7243774], [-8.5338377, 40.724886], [-8.5344292, 40.7258179], [-8.5349644, 40.7264698], [-8.535594, 40.7271155], [-8.5364528, 40.7278721], [-8.5372799, 40.7285238], [-8.5377463, 40.7288914], [-8.5384103, 40.72944]]}, "properties": {"change:lanes": "yes|yes", "highway": "motorway", "lanes": "2", "lit": "no", "maxspeed": "120", "minspeed": "50", "name": "Autoestrada da Costa de Prata", "oneway": "yes", "overtaking": "yes", "ref": "A 29;IC 1", "shoulder": "right", "smoothness": "good", "source": "Bing", "surface": "asphalt", "toll": "yes"}}, {"type": "Feature", "geometry": {"type": "LineString", "coordinates": [[-8.5384103, 40.72944], [-8.5389741, 40.7299058], [-8.5397, 40.7306256], [-8.5402969, 40.7313852], [-8.5407344, 40.7320729], [-8.5410694, 40.7327872], [-8.5412863, 40.7334245], [-8.5414693, 40.7341728]]}, "properties": {"change:lanes": "yes|yes", "highway": "motorway", "lanes": "2", "lit": "no", "maxspeed": "120", "minspeed": "50", "name": "Autoestrada da Costa de Prata", "oneway": "yes", "overtaking": "yes", "ref": "A 29;IC 1", "shoulder": "right", "smoothness": "good", "source": "Bing", "surface": "asphalt", "toll": "yes"}}]}