{"type": "FeatureCollection", "features": [{"type": "Feature", "geometry": {"type": "LineString", "coordinates": [[-25.572992, 37.7521637], [-25.5734541, 37.75215], [-25.573831, 37.7521511]]}, "properties": {"bicycle": "no", "highway": "trunk", "lanes": "1", "lit": "yes", "maxspeed": "100", "minspeed": "40", "oneway": "yes", "ref": "E-S", "shoulder:right": "yes", "sidewalk": "no", "smoothness": "excellent", "surface": "asphalt"}}, {"type": "Feature", "geometry": {"type": "LineString", "coordinates": [[-25.5747764, 37.7520585], [-25.5745588, 37.7520632]]}, "properties": {"bicycle": "no", "bridge": "yes", "highway": "trunk", "lanes": "2", "layer": "1", "lit": "yes", "maxspeed": "90", "minspeed": "40", "oneway": "yes", "ref": "E-S", "shoulder:right": "yes", "sidewalk": "no", "smoothness": "excellent", "surface": "asphalt", "turn:lanes": "|merge_to_left"}}, {"type": "Feature", "geometry": {"type": "LineString", "coordinates": [[-25.5745588, 37.7520632], [-25.5735803, 37.752087]]}, "properties": {"bicycle": "no", "highway": "trunk", "lanes": "2", "lit": "yes", "maxspeed": "90", "minspeed": "40", "oneway": "yes", "ref": "E-S", "shoulder:right": "yes", "sidewalk": "no", "smoothness": "excellent", "surface": "asphalt", "turn:lanes": "|merge_to_left"}}, {"type": "Feature", "geometry": {"type": "LineString", "coordinates": [[-25.5799159, 37.7520021], [-25.5804371, 37.7520011], [-25.581023, 37.7520403], [-25.581502, 37.7521008], [-25.5819548, 37.7521922], [-25.5822788, 37.7522731], [-25.5825743, 37.7523494]]}, "properties": {"bicycle": "no", "highway": "trunk", "lanes": "2", "maxspeed": "100", "minspeed": "40", "oneway": "yes", "ref": "E-S", "shoulder": "right", "smoothness": "excellent", "surface": "asphalt"}}, {"type": "Feature", "geometry": {"type": "LineString", "coordinates": [[-25.574561, 37.7521439], [-25.5747491, 37.7521385]]}, "properties": {"bicycle": "no", "bridge": "yes", "highway": "trunk", "lanes": "2", "layer": "1", "lit": "yes", "maxspeed": "100", "minspeed": "40", "oneway": "yes", "ref": "E-S", "shoulder:right": "yes", "sidewalk": "no", "smoothness": "excellent", "surface": "asphalt"}}, {"type": "Feature", "geometry": {"type": "LineString", "coordinates": [[-25.6244608, 37.7587216], [-25.6240183, 37.7587631]]}, "properties": {"bicycle": "no", "bridge": "yes", "highway": "trunk", "lanes": "2", "layer": "1", "lit": "yes", "maxspeed": "100", "minspeed": "40", "oneway": "yes", "ref": "E-S", "shoulder:right": "yes", "sidewalk": "no", "smoothness": "excellent", "surface": "asphalt"}}, {"type": "Feature", "geometry": {"type": "LineString", "coordinates": [[-25.6234068, 37.7587954], [-25.6222885, 37.7588163], [-25.621102, 37.7587963]]}, "properties": {"bicycle": "no", "destination": "Ribeira Grande;Lagoa;Nordeste;Povoa\u00e7\u00e3o;Vila Franca do Campo", "highway": "trunk", "lanes": "2", "lit": "yes", "maxspeed": "100", "minspeed": "40", "oneway": "yes", "ref": "E-S", "shoulder:right": "yes", "sidewalk": "no", "smoothness": "excellent", "surface": "asphalt"}}, {"type": "Feature", "geometry": {"type": "LineString", "coordinates": [[-25.6240233, 37.758838], [-25.6244614, 37.7587997]]}, "properties": {"bicycle": "no", "bridge": "yes", "highway": "trunk", "lanes": "2", "layer": "1", "lit": "yes", "maxspeed": "100", "maxweight:signed": "no", "minspeed": "40", "oneway": "yes", "ref": "E-S", "shoulder:right": "yes", "sidewalk": "no", "smoothness": "excellent", "source:maxspeed": "sign", "surface": "asphalt"}}, {"type": "Feature", "geometry": {"type": "LineString", "coordinates": [[-25.6269505, 37.7582885], [-25.6274201, 37.7581298], [-25.6280195, 37.7578859], [-25.6287399, 37.7575534], [-25.6296573, 37.7570305], [-25.630144, 37.7566787], [-25.6305127, 37.7564026], [-25.6312034, 37.7558336], [-25.6320593, 37.7550173], [-25.6323455, 37.7547483], [-25.6330149, 37.7541227]]}, "properties": {"bicycle": "no", "highway": "trunk", "lanes": "2", "lit": "yes", "maxheight": "default", "maxheight:signed": "no", "maxspeed": "100", "minspeed": "40", "oneway": "yes", "ref": "E-S", "shoulder:right": "yes", "sidewalk": "no", "smoothness": "excellent", "source:maxspeed": "sign", "surface": "asphalt"}}, {"type": "Feature", "geometry": {"type": "LineString", "coordinates": [[-25.5910983, 37.7548545], [-25.5908554, 37.754781]]}, "properties": {"bicycle": "no", "bridge": "yes", "highway": "trunk", "lanes": "2", "layer": "1", "lit": "yes", "maxspeed": "100", "minspeed": "40", "oneway": "yes", "ref": "E-S", "shoulder:right": "yes", "sidewalk": "no", "surface": "asphalt"}}, {"type": "Feature", "geometry": {"type": "LineString", "coordinates": [[-25.5908323, 37.7548565], [-25.5910669, 37.7549305]]}, "properties": {"bicycle": "no", "bridge": "yes", "highway": "trunk", "lanes": "2", "layer": "1", "lit": "yes", "maxspeed": "100", "minspeed": "40", "oneway": "yes", "ref": "E-S", "shoulder:right": "yes", "sidewalk": "no", "source:maxspeed": "sign", "surface": "asphalt"}}, {"type": "Feature", "geometry": {"type": "LineString", "coordinates": [[-25.5910669, 37.7549305], [-25.5919662, 37.7552028], [-25.5929846, 37.7555092], [-25.5941814, 37.7558694], [-25.5957451, 37.7562946], [-25.5962851, 37.7564084], [-25.5971488, 37.7565534], [-25.597675, 37.7566248]]}, "properties": {"bicycle": "no", "highway": "trunk", "lanes": "2", "lit": "yes", "maxspeed": "100", "minspeed": "40", "oneway": "yes", "ref": "E-S", "shoulder:right": "yes", "sidewalk": "no", "smoothness": "excellent", "source:maxspeed": "sign", "surface": "asphalt"}}, {"type": "Feature", "geometry": {"type": "LineString", "coordinates": [[-25.5509705, 37.7427168], [-25.5503103, 37.7421243]]}, "properties": {"bicycle": "no", "bridge": "yes", "highway": "trunk", "lanes": "1", "layer": "1", "lit": "yes", "maxspeed": "90", "maxweight:signed": "no", "oneway": "yes", "ref": "E-S", "shoulder:left": "yes", "shoulder:right": "yes", "sidewalk": "no", "smoothness": "excellent", "source:maxspeed": "PT:rural", "surface": "asphalt"}}, {"type": "Feature", "geometry": {"type": "LineString", "coordinates": [[-25.5503103, 37.7421243], [-25.550114, 37.7419419]]}, "properties": {"bicycle": "no", "highway": "trunk", "lanes": "1", "lit": "yes", "maxspeed": "90", "oneway": "yes", "ref": "E-S", "shoulder:left": "yes", "shoulder:right": "yes", "sidewalk": "no", "smoothness": "excellent", "source:maxspeed": "PT:rural", "surface": "asphalt"}}, {"type": "Feature", "geometry": {"type": "LineString", "coordinates": [[-25.5825326, 37.7522629], [-25.5820042, 37.7521225], [-25.5815073, 37.7520159], [-25.5810487, 37.7519587], [-25.5807504, 37.7519316], [-25.5799382, 37.7519141]]}, "properties": {"bicycle": "no", "destination": "Povoa\u00e7\u00e3o (via Sul);Vila Franco do Campo", "highway": "trunk", "lanes": "2", "lit": "yes", "maxspeed": "100", "minspeed": "40", "oneway": "yes", "ref": "E-S", "shoulder:right": "yes", "sidewalk": "no", "smoothness": "excellent", "surface": "asphalt"}}, {"type": "Feature", "geometry": {"type": "LineString", "coordinates": [[-25.6456187, 37.7475249], [-25.6453473, 37.7474146], [-25.6449319, 37.7473137], [-25.6445079, 37.747304], [-25.6442463, 37.7473188], [-25.6439822, 37.7473598]]}, "properties": {"bicycle": "no", "check_date:surface": "2024-06-13", "destination": "Ribeira Grande;Lagoa", "foot": "no", "highway": "trunk", "lanes": "2", "lit": "yes", "maxspeed": "70", "minspeed": "40", "oneway": "yes", "ref": "E-S", "sidewalk": "no", "smoothness": "excellent", "surface": "asphalt"}}, {"type": "Feature", "geometry": {"type": "LineString", "coordinates": [[-25.6064291, 37.7583572], [-25.606863, 37.7585544], [-25.6074305, 37.7587434], [-25.6078614, 37.7588341], [-25.6082095, 37.7588945]]}, "properties": {"bicycle": "no", "destination": "Ponta Delgada;Aeroporto", "highway": "trunk", "lanes": "2", "lit": "yes", "maxspeed": "100", "minspeed": "40", "oneway": "yes", "ref": "E-S", "shoulder:right": "yes", "sidewalk": "no", "smoothness": "excellent", "source:maxspeed": "sign", "surface": "asphalt"}}, {"type": "Feature", "geometry": {"type": "LineString", "coordinates": [[-25.5980373, 37.7566655], [-25.6026975, 37.7571273], [-25.6033765, 37.7572058], [-25.603892, 37.7572918], [-25.604479, 37.7574442], [-25.6050903, 37.757693], [-25.6058387, 37.7580406], [-25.6064291, 37.7583572]]}, "properties": {"bicycle": "no", "highway": "trunk", "lanes": "2", "lit": "yes", "maxspeed": "100", "minspeed": "40", "oneway": "yes", "ref": "E-S", "shoulder:right": "yes", "sidewalk": "no", "smoothness": "excellent", "source:maxspeed": "sign", "surface": "asphalt"}}, {"type": "Feature", "geometry": {"type": "LineString", "coordinates": [[-25.5729813, 37.7521128], [-25.5723353, 37.7521381], [-25.5704612, 37.7521786], [-25.569579, 37.7521861], [-25.5691844, 37.7521848], [-25.5687827, 37.7521723], [-25.5685304, 37.7521618], [-25.5682805, 37.7521402], [-25.5679935, 37.7521075], [-25.5676829, 37.7520628], [-25.5673746, 37.752006], [-25.5670262, 37.7519258], [-25.5667551, 37.7518578], [-25.5664936, 37.7517766], [-25.5661857, 37.7516632], [-25.5659157, 37.7515497], [-25.5654749, 37.7513527], [-25.5652481, 37.7512399], [-25.5649793, 37.751095], [-25.564753, 37.7509538], [-25.5644536, 37.7507426], [-25.5639597, 37.7503699], [-25.5617063, 37.748573], [-25.5613406, 37.7482766], [-25.5610943, 37.7480933], [-25.5608219, 37.7478887], [-25.5604857, 37.7476587], [-25.5601598, 37.74746], [-25.5597277, 37.7472259], [-25.5594483, 37.7470806], [-25.5590803, 37.7469081], [-25.5586746, 37.7467392], [-25.5574619, 37.7462962], [-25.5558718, 37.745703]]}, "properties": {"bicycle": "no", "highway": "trunk", "lanes": "1", "lit": "yes", "maxspeed": "90", "oneway": "yes", "ref": "E-S", "shoulder:left": "yes", "shoulder:right": "yes", "sidewalk": "no", "smoothness": "excellent", "source:maxspeed": "PT:rural", "surface": "asphalt"}}, {"type": "Feature", "geometry": {"type": "LineString", "coordinates": [[-25.5977135, 37.7565413], [-25.5969346, 37.7564262], [-25.5963253, 37.7563214], [-25.5957792, 37.7562083], [-25.5942226, 37.7557968], [-25.5930383, 37.7554414], [-25.5920106, 37.7551303], [-25.5910983, 37.7548545]]}, "properties": {"bicycle": "no", "highway": "trunk", "lanes": "2", "lit": "yes", "maxspeed": "100", "minspeed": "40", "oneway": "yes", "ref": "E-S", "shoulder:right": "yes", "sidewalk": "no", "smoothness": "excellent", "surface": "asphalt"}}, {"type": "Feature", "geometry": {"type": "LineString", "coordinates": [[-25.598107, 37.7565874], [-25.5977135, 37.7565413]]}, "properties": {"bicycle": "no", "bridge": "yes", "highway": "trunk", "lanes": "2", "layer": "1", "lit": "yes", "maxspeed": "100", "maxweight:signed": "no", "minspeed": "40", "oneway": "yes", "ref": "E-S", "shoulder:right": "yes", "sidewalk": "no", "smoothness": "excellent", "surface": "asphalt"}}, {"type": "Feature", "geometry": {"type": "LineString", "coordinates": [[-25.597675, 37.7566248], [-25.5980373, 37.7566655]]}, "properties": {"bicycle": "no", "bridge": "yes", "highway": "trunk", "lanes": "2", "layer": "1", "lit": "yes", "maxspeed": "100", "maxweight:signed": "no", "minspeed": "40", "oneway": "yes", "ref": "E-S", "shoulder:right": "yes", "sidewalk": "no", "smoothness": "excellent", "source:maxspeed": "sign", "surface": "asphalt"}}, {"type": "Feature", "geometry": {"type": "LineString", "coordinates": [[-25.5558718, 37.745703], [-25.5554169, 37.7455335]]}, "properties": {"bicycle": "no", "bridge": "yes", "highway": "trunk", "lanes": "1", "layer": "1", "lit": "yes", "maxspeed": "90", "maxweight:signed": "no", "oneway": "yes", "ref": "E-S", "shoulder:left": "yes", "shoulder:right": "yes", "sidewalk": "no", "smoothness": "excellent", "source:maxspeed": "PT:rural", "surface": "asphalt"}}, {"type": "Feature", "geometry": {"type": "LineString", "coordinates": [[-25.5554169, 37.7455335], [-25.5549463, 37.7453341], [-25.5546043, 37.745182], [-25.5542551, 37.7450104], [-25.5539412, 37.744848], [-25.5536104, 37.7446632], [-25.5532568, 37.7444512], [-25.552792, 37.7441496], [-25.5525161, 37.7439731], [-25.552179, 37.7437385], [-25.5518158, 37.7434629], [-25.5509705, 37.7427168]]}, "properties": {"bicycle": "no", "highway": "trunk", "lanes": "1", "lit": "yes", "maxspeed": "90", "oneway": "yes", "ref": "E-S", "shoulder:left": "yes", "shoulder:right": "yes", "sidewalk": "no", "smoothness": "excellent", "source:maxspeed": "PT:rural", "surface": "asphalt"}}, {"type": "Feature", "geometry": {"type": "LineString", "coordinates": [[-25.4293631, 37.7237272], [-25.4294047, 37.7236783], [-25.4294233, 37.7236314], [-25.4294259, 37.7235823], [-25.4294124, 37.7235343], [-25.4293835, 37.7234907], [-25.429347, 37.7234583], [-25.4293021, 37.7234334], [-25.4292274, 37.7234133], [-25.4291484, 37.7234135], [-25.4290739, 37.7234342], [-25.4290263, 37.7234616], [-25.4289886, 37.7234975], [-25.4289569, 37.7235575], [-25.4289529, 37.7236225], [-25.4289772, 37.7236847], [-25.4290268, 37.7237366], [-25.4290885, 37.7237695], [-25.4291601, 37.7237858], [-25.4292345, 37.7237837], [-25.4293044, 37.7237635], [-25.4293631, 37.7237272]]}, "properties": {"bicycle": "no", "highway": "trunk", "junction": "roundabout", "lanes": "2", "ref": "E-S", "smoothness": "excellent", "surface": "asphalt"}}, {"type": "Feature", "geometry": {"type": "LineString", "coordinates": [[-25.436748, 37.721951], [-25.433245, 37.722718], [-25.4321475, 37.7229628], [-25.4310487, 37.7232096]]}, "properties": {"bicycle": "no", "highway": "trunk", "lanes": "2", "lit": "yes", "maxspeed": "80", "oneway": "yes", "ref": "E-S", "shoulder:right": "yes", "sidewalk": "no", "smoothness": "excellent", "source:maxspeed": "sign", "surface": "asphalt"}}, {"type": "Feature", "geometry": {"type": "LineString", "coordinates": [[-25.4412648, 37.7208505], [-25.4412352, 37.7209049], [-25.4412288, 37.7209685], [-25.4412495, 37.7210302], [-25.4412948, 37.7210829], [-25.4413538, 37.7211183], [-25.4414235, 37.7211377], [-25.4414852, 37.7211403], [-25.4415457, 37.7211304], [-25.4416009, 37.7211085], [-25.4416472, 37.7210762], [-25.4416816, 37.7210357], [-25.4417016, 37.7209895], [-25.4417056, 37.7209354], [-25.4416901, 37.7208827], [-25.4416564, 37.7208356], [-25.4416072, 37.720798], [-25.4415654, 37.7207789], [-25.4415197, 37.7207669], [-25.4414472, 37.7207629], [-25.4413765, 37.7207764], [-25.4413142, 37.720806], [-25.4412648, 37.7208505]]}, "properties": {"bicycle": "no", "foot": "no", "highway": "trunk", "junction": "roundabout", "lanes": "2", "maxspeed": "80", "maxspeed:type": "sign", "ref": "E-S", "smoothness": "excellent", "surface": "asphalt"}}, {"type": "Feature", "geometry": {"type": "LineString", "coordinates": [[-25.5058488, 37.7236836], [-25.5057642, 37.7235756], [-25.5056083, 37.7233566], [-25.5054873, 37.7231685], [-25.5053455, 37.7229089], [-25.505219, 37.7226491], [-25.5051041, 37.7223764], [-25.5050028, 37.7220983], [-25.5048969, 37.7218144], [-25.5048017, 37.7215576], [-25.504646, 37.7211786], [-25.5045243, 37.7208957], [-25.5044057, 37.7206414], [-25.5042416, 37.720351], [-25.5040718, 37.7200743], [-25.503869, 37.7198168], [-25.5036779, 37.7196053], [-25.5034709, 37.7194014], [-25.503244, 37.7191968]]}, "properties": {"bicycle": "no", "check_date:smoothness": "2024-06-13", "highway": "trunk", "lanes": "2", "lit": "no", "maxspeed": "90", "minspeed": "40", "oneway": "yes", "ref": "E-S", "shoulder": "no", "smoothness": "excellent", "source:maxspeed": "PT:rural", "surface": "asphalt"}}, {"type": "Feature", "geometry": {"type": "LineString", "coordinates": [[-25.4294047, 37.7236783], [-25.4295505, 37.7236218], [-25.4296497, 37.7235916], [-25.4297933, 37.7235578], [-25.4303925, 37.7234404], [-25.4311093, 37.7232846], [-25.4321936, 37.7230436], [-25.4332932, 37.7227996], [-25.4368124, 37.7220284]]}, "properties": {"bicycle": "no", "destination": "Ponta Delgada;Ribeira Grande;Vila Franca do Campo", "highway": "trunk", "lanes": "2", "lit": "yes", "maxspeed": "80", "oneway": "yes", "ref": "E-S", "shoulder:right": "yes", "sidewalk": "no", "smoothness": "excellent", "source:maxspeed": "sign", "surface": "asphalt"}}, {"type": "Feature", "geometry": {"type": "LineString", "coordinates": [[-25.4371804, 37.7218527], [-25.436748, 37.721951]]}, "properties": {"bicycle": "no", "bridge": "yes", "highway": "trunk", "lanes": "2", "layer": "1", "lit": "yes", "maxspeed": "80", "oneway": "yes", "ref": "E-S", "shoulder:right": "yes", "sidewalk": "no", "smoothness": "excellent", "source:maxspeed": "sign", "surface": "asphalt"}}, {"type": "Feature", "geometry": {"type": "LineString", "coordinates": [[-25.4412352, 37.7209049], [-25.4411306, 37.7209587], [-25.4410154, 37.7209995], [-25.439853, 37.7212561], [-25.4391848, 37.7213983], [-25.4382297, 37.7216112], [-25.4371804, 37.7218527]]}, "properties": {"bicycle": "no", "destination": "Povoa\u00e7\u00e3o;Furnas;Vila Franco do Campo", "highway": "trunk", "lanes": "2", "lit": "yes", "maxspeed": "80", "oneway": "yes", "ref": "E-S", "shoulder:right": "yes", "sidewalk": "no", "smoothness": "excellent", "source:maxspeed": "sign", "surface": "asphalt"}}, {"type": "Feature", "geometry": {"type": "LineString", "coordinates": [[-25.5498528, 37.7417127], [-25.5493619, 37.7412784], [-25.5488752, 37.7408469], [-25.5487396, 37.740729], [-25.5486258, 37.7406178]]}, "properties": {"bicycle": "no", "check_date:smoothness": "2024-06-13", "destination": "Povoa\u00e7\u00e3o;Vila Franca do Campo;Furnas", "highway": "trunk", "lanes": "1", "lit": "yes", "maxspeed": "90", "oneway": "yes", "ref": "E-S", "shoulder:right": "yes", "sidewalk": "no", "smoothness": "excellent", "source:maxspeed": "PT:rural", "surface": "asphalt"}}, {"type": "Feature", "geometry": {"type": "LineString", "coordinates": [[-25.6354507, 37.7518436], [-25.6356596, 37.7516682], [-25.636307, 37.7512228], [-25.6369934, 37.7508117], [-25.6383554, 37.7500488], [-25.6409005, 37.7486416], [-25.6415809, 37.7483194]]}, "properties": {"bicycle": "no", "highway": "trunk", "lanes": "2", "lit": "yes", "maxheight": "default", "maxheight:signed": "no", "maxspeed": "100", "minspeed": "40", "oneway": "yes", "ref": "E-S", "shoulder:right": "yes", "sidewalk": "no", "smoothness": "excellent", "source:maxspeed": "sign", "surface": "asphalt"}}, {"type": "Feature", "geometry": {"type": "LineString", "coordinates": [[-25.4180074, 37.7242752], [-25.418517, 37.7242381], [-25.4188462, 37.7241764]]}, "properties": {"bicycle": "no", "highway": "trunk", "lanes": "1", "lit": "yes", "maxspeed": "60", "oneway": "yes", "ref": "E-S", "shoulder:right": "yes", "sidewalk": "no", "smoothness": "excellent", "source:maxspeed": "sign", "surface": "asphalt"}}, {"type": "Feature", "geometry": {"type": "LineString", "coordinates": [[-25.6441587, 37.7474029], [-25.6443898, 37.7473728], [-25.6445791, 37.7473622], [-25.6449417, 37.7473989], [-25.6452121, 37.7474672], [-25.6454084, 37.7475238], [-25.6455806, 37.7475947], [-25.645806, 37.7477025], [-25.6460241, 37.7478667]]}, "properties": {"bicycle": "no", "destination": "Aeroporto;Relva;Ponta Delgada;Capelas", "highway": "trunk", "lanes": "2", "maxspeed": "70", "oneway": "yes", "ref": "E-S", "shoulder": "both", "smoothness": "excellent", "source:maxspeed": "sign", "surface": "asphalt"}}, {"type": "Feature", "geometry": {"type": "LineString", "coordinates": [[-25.6312676, 37.7556384], [-25.6308465, 37.7560023], [-25.630504, 37.7562858], [-25.6300687, 37.7566172], [-25.6295829, 37.7569456], [-25.6286756, 37.7574744], [-25.6279621, 37.7578081], [-25.6273814, 37.7580481], [-25.6269563, 37.7581925]]}, "properties": {"bicycle": "no", "highway": "trunk", "lanes": "2", "lit": "yes", "maxspeed": "100", "minspeed": "40", "oneway": "yes", "ref": "E-S", "shoulder:right": "yes", "sidewalk": "no", "smoothness": "excellent", "surface": "asphalt"}}, {"type": "Feature", "geometry": {"type": "LineString", "coordinates": [[-25.4303697, 37.7233533], [-25.4297472, 37.7234677], [-25.4296228, 37.723486], [-25.4295008, 37.7234924], [-25.4293835, 37.7234907]]}, "properties": {"bicycle": "no", "highway": "trunk", "lanes": "2", "lit": "yes", "maxspeed": "40", "oneway": "yes", "ref": "E-S", "shoulder:right": "yes", "sidewalk": "no", "smoothness": "excellent", "source:maxspeed": "sign", "surface": "asphalt"}}, {"type": "Feature", "geometry": {"type": "LineString", "coordinates": [[-25.439229, 37.7214851], [-25.4398861, 37.7213401], [-25.4410483, 37.7210895], [-25.4411676, 37.7210785], [-25.4412948, 37.7210829]]}, "properties": {"bicycle": "no", "highway": "trunk", "lanes": "2", "lit": "yes", "maxspeed": "60", "oneway": "yes", "ref": "E-S", "shoulder:right": "yes", "sidewalk": "no", "smoothness": "excellent", "source:maxspeed": "sign", "surface": "asphalt"}}, {"type": "Feature", "geometry": {"type": "LineString", "coordinates": [[-25.4194034, 37.7241298], [-25.4201295, 37.7240808]]}, "properties": {"bicycle": "no", "change:lanes:backward": "not_left|not_right", "destination:lanes:backward": "Povoa\u00e7\u00e3o;Furnas|Ribeira das Ta\u00ednhas", "highway": "trunk", "lanes": "3", "lanes:backward": "2", "lit": "yes", "maxspeed": "80", "oneway": "no", "ref": "E-S", "shoulder:left": "yes", "shoulder:right": "yes", "sidewalk": "no", "smoothness": "excellent", "source:maxspeed": "sign", "surface": "asphalt", "turn:lanes:backward": "through|right"}}, {"type": "Feature", "geometry": {"type": "LineString", "coordinates": [[-25.4279534, 37.7236478], [-25.4285882, 37.7236287]]}, "properties": {"change:lanes:backward": "not_left|not_right", "change:lanes:forward": "no", "highway": "trunk", "lanes": "3", "lanes:backward": "2", "lit": "yes", "maxspeed:backward": "80", "maxspeed:forward": "40", "minspeed:lanes:backward": "60|", "ref": "E-S", "shoulder:left": "yes", "shoulder:right": "yes", "sidewalk": "no", "smoothness": "excellent", "source:maxspeed": "sign", "surface": "asphalt"}}, {"type": "Feature", "geometry": {"type": "LineString", "coordinates": [[-25.4262718, 37.7236823], [-25.4267107, 37.7236699], [-25.4279534, 37.7236478]]}, "properties": {"change:lanes:backward": "not_left|not_right", "change:lanes:forward": "no", "highway": "trunk", "lanes": "3", "lanes:backward": "2", "lit": "yes", "maxspeed:backward": "80", "maxspeed:forward": "60", "minspeed:lanes:backward": "60|", "ref": "E-S", "shoulder:left": "yes", "shoulder:right": "yes", "sidewalk": "no", "smoothness": "excellent", "source:maxspeed": "sign", "surface": "asphalt"}}, {"type": "Feature", "geometry": {"type": "LineString", "coordinates": [[-25.6180606, 37.7589138], [-25.6190003, 37.758911]]}, "properties": {"bicycle": "no", "highway": "trunk", "lanes": "3", "lit": "yes", "maxspeed": "100", "maxspeed:lanes": "100|100|60", "minspeed": "40", "oneway": "yes", "placement": "right_of:1", "ref": "E-S", "shoulder:right": "yes", "sidewalk": "no", "smoothness": "excellent", "source:maxspeed": "sign", "surface": "asphalt", "turn:lanes": "||slight_right"}}, {"type": "Feature", "geometry": {"type": "LineString", "coordinates": [[-25.490436, 37.7247801], [-25.4908508, 37.7245711], [-25.4911744, 37.7243847], [-25.4915704, 37.7241196], [-25.4920222, 37.7237534], [-25.4923432, 37.7234535], [-25.492572, 37.7232221], [-25.4928848, 37.7228648], [-25.4930808, 37.7226155]]}, "properties": {"bicycle": "no", "bridge": "yes", "highway": "trunk", "lanes": "2", "layer": "1", "maxspeed": "90", "maxweight:signed": "no", "minspeed": "40", "oneway": "yes", "ref": "E-S", "shoulder": "no", "smoothness": "excellent", "source:maxspeed": "PT:rural", "surface": "asphalt"}}, {"type": "Feature", "geometry": {"type": "LineString", "coordinates": [[-25.4844484, 37.7246624], [-25.4840068, 37.7244554], [-25.4836142, 37.7242572], [-25.4832416, 37.724063], [-25.4827747, 37.7237862], [-25.4822999, 37.7235019], [-25.4811872, 37.7227753], [-25.480594, 37.7224072], [-25.4801124, 37.7221165], [-25.4795292, 37.7217983], [-25.4790431, 37.7215421], [-25.4785994, 37.7213476]]}, "properties": {"bicycle": "no", "check_date:smoothness": "2024-06-13", "highway": "trunk", "lanes": "2", "maxheight": "default", "maxheight:signed": "no", "maxspeed": "90", "minspeed": "40", "oneway": "yes", "ref": "E-S", "shoulder": "no", "smoothness": "excellent", "source:maxspeed": "PT:rural", "surface": "asphalt"}}, {"type": "Feature", "geometry": {"type": "LineString", "coordinates": [[-25.5453748, 37.7361389], [-25.5456225, 37.7365477], [-25.5457925, 37.7368609], [-25.5460185, 37.7372737], [-25.5462948, 37.7377786], [-25.5465134, 37.7381551], [-25.5467252, 37.7384955], [-25.5468714, 37.7387108]]}, "properties": {"bicycle": "no", "check_date:surface": "2024-06-13", "highway": "trunk", "lanes": "1", "lit": "no", "maxspeed": "90", "oneway": "yes", "ref": "E-S", "smoothness": "excellent", "source:maxspeed": "PT:rural", "surface": "asphalt"}}, {"type": "Feature", "geometry": {"type": "LineString", "coordinates": [[-25.5486258, 37.7406178], [-25.5482568, 37.740255], [-25.5479394, 37.7399251], [-25.5476895, 37.7396494], [-25.5473385, 37.7392264], [-25.5470873, 37.7388879], [-25.5469385, 37.7386822]]}, "properties": {"bicycle": "no", "check_date:smoothness": "2024-06-13", "foot": "no", "highway": "trunk", "lanes": "2", "lit": "yes", "maxspeed": "90", "minspeed": "40", "oneway": "yes", "ref": "E-S", "shoulder": "right", "sidewalk": "no", "smoothness": "excellent", "source:maxspeed": "PT:rural", "surface": "asphalt"}}, {"type": "Feature", "geometry": {"type": "LineString", "coordinates": [[-25.4188462, 37.7241764], [-25.4194034, 37.7241298]]}, "properties": {"bicycle": "no", "change:lanes:backward": "no|no", "change:lanes:forward": "no", "destination:lanes:backward": "Povoa\u00e7\u00e3o;Furnas|Ribeira das Ta\u00ednhas", "highway": "trunk", "lanes": "3", "lanes:backward": "2", "lit": "yes", "maxspeed:backward": "60", "maxspeed:forward": "80", "oneway": "no", "overtaking": "no", "ref": "E-S", "shoulder:left": "yes", "shoulder:right": "yes", "sidewalk": "no", "smoothness": "excellent", "source:maxspeed": "sign", "surface": "asphalt", "turn:lanes:backward": "through|right"}}, {"type": "Feature", "geometry": {"type": "LineString", "coordinates": [[-25.4785638, 37.7214238], [-25.4789873, 37.7216035], [-25.4794809, 37.7218619], [-25.4800317, 37.7221675], [-25.4805511, 37.7224835], [-25.4811267, 37.7228476], [-25.4822651, 37.7235634], [-25.4827425, 37.7238647], [-25.4831841, 37.7241266], [-25.4835723, 37.7243296], [-25.4839817, 37.7245351], [-25.4844381, 37.7247517]]}, "properties": {"bicycle": "no", "check_date:smoothness": "2024-06-13", "highway": "trunk", "lanes": "2", "maxheight": "default", "maxheight:signed": "no", "maxspeed": "90", "oneway": "yes", "ref": "E-S", "shoulder": "no", "smoothness": "excellent", "source:maxspeed": "PT:rural", "surface": "asphalt"}}, {"type": "Feature", "geometry": {"type": "LineString", "coordinates": [[-25.4763745, 37.7208362], [-25.4767457, 37.7209061], [-25.4772413, 37.7210252], [-25.4778432, 37.7211896], [-25.4783105, 37.7213363], [-25.4785638, 37.7214238]]}, "properties": {"bicycle": "no", "bridge": "yes", "highway": "trunk", "lanes": "2", "layer": "1", "maxspeed": "90", "maxweight:signed": "no", "oneway": "yes", "ref": "E-S", "shoulder": "no", "smoothness": "excellent", "source:maxspeed": "PT:rural", "surface": "asphalt"}}, {"type": "Feature", "geometry": {"type": "LineString", "coordinates": [[-25.4785994, 37.7213476], [-25.4784104, 37.721277], [-25.4781857, 37.7212065], [-25.4777897, 37.7210852], [-25.4772868, 37.7209413], [-25.4770514, 37.7208792], [-25.4767731, 37.7208228], [-25.4763986, 37.7207494]]}, "properties": {"bicycle": "no", "bridge": "yes", "highway": "trunk", "lanes": "2", "layer": "1", "maxspeed": "90", "maxweight:signed": "no", "minspeed": "40", "oneway": "yes", "ref": "E-S", "shoulder": "no", "smoothness": "excellent", "source:maxspeed": "PT:rural", "surface": "asphalt"}}, {"type": "Feature", "geometry": {"type": "LineString", "coordinates": [[-25.4763986, 37.7207494], [-25.4760704, 37.7207035], [-25.4756468, 37.7206676], [-25.4751895, 37.7206493], [-25.4747326, 37.7206443], [-25.4743839, 37.7206464], [-25.4740041, 37.7206626], [-25.4736503, 37.7206929], [-25.4732455, 37.7207457], [-25.4728221, 37.7208128], [-25.4723647, 37.7209115], [-25.4719654, 37.7210257], [-25.471724, 37.7211024]]}, "properties": {"bicycle": "no", "check_date:smoothness": "2024-06-13", "highway": "trunk", "lanes": "2", "maxheight": "default", "maxheight:signed": "no", "maxspeed": "90", "minspeed": "40", "oneway": "yes", "ref": "E-S", "shoulder": "no", "smoothness": "excellent", "source:maxspeed": "PT:rural", "surface": "asphalt"}}, {"type": "Feature", "geometry": {"type": "LineString", "coordinates": [[-25.4289886, 37.7234975], [-25.4285882, 37.7236287]]}, "properties": {"destination": "Povoa\u00e7\u00e3o;Furnas", "foot": "no", "highway": "trunk", "lanes": "1", "lit": "yes", "maxspeed": "40", "oneway": "yes", "ref": "E-S", "sidewalk": "no", "smoothness": "excellent", "surface": "asphalt"}}, {"type": "Feature", "geometry": {"type": "LineString", "coordinates": [[-25.4417016, 37.7209895], [-25.4418334, 37.7208883], [-25.4419773, 37.7208232], [-25.4423159, 37.7207172], [-25.4426886, 37.7206144], [-25.4431173, 37.7205176], [-25.4435595, 37.7204342], [-25.4439198, 37.7203903], [-25.4442888, 37.7203676], [-25.4446933, 37.7203647], [-25.4448898, 37.7203729], [-25.445102, 37.7203904], [-25.4455404, 37.7204587], [-25.4458733, 37.7205279], [-25.446175, 37.7206116], [-25.4464511, 37.7207004], [-25.4467783, 37.7208329], [-25.4471303, 37.7210022], [-25.447419, 37.7211699], [-25.4477035, 37.7213697], [-25.4479957, 37.7216099], [-25.4482643, 37.7218722], [-25.448496, 37.7221165], [-25.4487385, 37.7224012], [-25.4489131, 37.7226225], [-25.4492565, 37.7230553], [-25.4496736, 37.7236355], [-25.4498564, 37.7239273]]}, "properties": {"bicycle": "no", "check_date:smoothness": "2024-06-13", "destination": "Ponta Delgada;Ribeira Grande;Lagoa", "foot": "no", "highway": "trunk", "lanes": "2", "maxspeed": "90", "oneway": "yes", "ref": "E-S", "shoulder": "no", "smoothness": "excellent", "source:maxspeed": "PT:rural", "surface": "asphalt"}}, {"type": "Feature", "geometry": {"type": "LineString", "coordinates": [[-25.4207126, 37.7240424], [-25.4224759, 37.7239113], [-25.4243221, 37.7237769], [-25.4253481, 37.7237126], [-25.4257789, 37.7236929], [-25.4262718, 37.7236823]]}, "properties": {"change:lanes:backward": "not_left|not_right", "destination:lanes:backward": "Povoa\u00e7\u00e3o;Furnas|Ribeira das Ta\u00ednhas", "highway": "trunk", "lanes": "3", "lanes:backward": "2", "lit": "yes", "maxspeed": "80", "ref": "E-S", "shoulder:left": "yes", "shoulder:right": "yes", "sidewalk": "no", "smoothness": "excellent", "source:maxspeed": "sign", "surface": "asphalt"}}, {"type": "Feature", "geometry": {"type": "LineString", "coordinates": [[-25.4201295, 37.7240808], [-25.4207126, 37.7240424]]}, "properties": {"bicycle": "no", "bridge": "yes", "change:lanes:backward": "not_left|not_right", "destination:lanes:backward": "Povoa\u00e7\u00e3o;Furnas|Ribeira das Ta\u00ednhas", "highway": "trunk", "lanes": "3", "lanes:backward": "2", "layer": "1", "lit": "yes", "maxspeed": "80", "maxweight:signed": "no", "oneway": "no", "ref": "E-S", "shoulder:left": "yes", "shoulder:right": "yes", "sidewalk": "no", "smoothness": "excellent", "source:maxspeed": "sign", "surface": "asphalt"}}, {"type": "Feature", "geometry": {"type": "LineString", "coordinates": [[-25.4972076, 37.7182679], [-25.4968938, 37.7184018], [-25.4966087, 37.7185372], [-25.4961934, 37.7187823], [-25.4958558, 37.7190104]]}, "properties": {"bicycle": "no", "check_date:smoothness": "2024-06-13", "foot": "no", "highway": "trunk", "lanes": "3", "lit": "yes", "maxspeed": "90", "minspeed": "40", "oneway": "yes", "placement": "right_of:1", "ref": "E-S", "shoulder": "no", "sidewalk": "no", "smoothness": "excellent", "source:maxspeed": "PT:rural", "surface": "asphalt", "turn:lanes": "||merge_to_left"}}, {"type": "Feature", "geometry": {"type": "LineString", "coordinates": [[-25.4929873, 37.7225638], [-25.492792, 37.7228025], [-25.4924755, 37.72315], [-25.4922428, 37.7233935], [-25.4919085, 37.7237046], [-25.4914633, 37.7240515], [-25.4910891, 37.7243108], [-25.490783, 37.7244938], [-25.4903826, 37.7246986]]}, "properties": {"bicycle": "no", "bridge": "yes", "highway": "trunk", "lanes": "2", "layer": "1", "maxspeed": "90", "maxweight:signed": "no", "minspeed": "40", "oneway": "yes", "ref": "E-S", "shoulder": "no", "smoothness": "excellent", "source:maxspeed": "PT:rural", "surface": "asphalt"}}, {"type": "Feature", "geometry": {"type": "LineString", "coordinates": [[-25.4997531, 37.7179119], [-25.4992158, 37.717904]]}, "properties": {"bicycle": "no", "bridge": "yes", "highway": "trunk", "lanes": "2", "layer": "1", "maxspeed": "90", "maxweight:signed": "no", "minspeed": "40", "oneway": "yes", "ref": "E-S", "smoothness": "excellent", "source:maxspeed": "PT:rural", "surface": "asphalt"}}, {"type": "Feature", "geometry": {"type": "LineString", "coordinates": [[-25.4674663, 37.7232609], [-25.4672165, 37.7233821], [-25.467063, 37.7234488], [-25.466882, 37.7235185], [-25.4664246, 37.7236806], [-25.4661591, 37.7237627]]}, "properties": {"bicycle": "no", "bridge": "yes", "highway": "trunk", "lanes": "2", "layer": "1", "maxspeed": "90", "maxweight:signed": "no", "minspeed": "40", "oneway": "yes", "ref": "E-S", "shoulder": "no", "smoothness": "excellent", "source:maxspeed": "PT:rural", "surface": "asphalt"}}, {"type": "Feature", "geometry": {"type": "LineString", "coordinates": [[-25.5031697, 37.7192443], [-25.5034105, 37.7194601], [-25.5036006, 37.7196496], [-25.5037817, 37.7198538], [-25.5039885, 37.7201203], [-25.5041687, 37.7204046], [-25.5043095, 37.7206633], [-25.5044299, 37.7209141], [-25.5045495, 37.7212064], [-25.5047032, 37.7215858], [-25.5047956, 37.7218407], [-25.5049079, 37.7221287], [-25.5050128, 37.7224001], [-25.5051299, 37.7226713], [-25.5052518, 37.7229349], [-25.505401, 37.7231962], [-25.5055304, 37.7234069], [-25.5056864, 37.7236305], [-25.50577, 37.723738]]}, "properties": {"bicycle": "no", "check_date:surface": "2024-06-13", "highway": "trunk", "lanes": "2", "lit": "no", "maxspeed": "90", "oneway": "yes", "ref": "E-S", "smoothness": "excellent", "source:maxspeed": "PT:rural", "surface": "asphalt"}}, {"type": "Feature", "geometry": {"type": "LineString", "coordinates": [[-25.4455657, 37.7203867], [-25.4451147, 37.7203168], [-25.4449036, 37.7202987], [-25.4447053, 37.7202912], [-25.4442867, 37.7202887], [-25.4439039, 37.7203152], [-25.4435572, 37.720355], [-25.4430948, 37.7204419]]}, "properties": {"bicycle": "no", "check_date:smoothness": "2024-06-13", "destination:lanes": "Povoa\u00e7\u00e3o;Furnas;Vila Franco do Campo|Parque industrial;Vila Franco do Campo-Centro", "highway": "trunk", "lanes": "2", "maxspeed": "70", "oneway": "yes", "ref": "E-S", "shoulder": "no", "smoothness": "excellent", "source:maxspeed": "sign", "surface": "asphalt"}}, {"type": "Feature", "geometry": {"type": "LineString", "coordinates": [[-25.496244, 37.7188469], [-25.4966584, 37.7186051], [-25.496926, 37.7184736], [-25.4972445, 37.718343], [-25.4975268, 37.7182488], [-25.4977863, 37.7181765]]}, "properties": {"bicycle": "no", "change:lanes": "no|not_left|not_right", "check_date:smoothness": "2024-06-13", "foot": "no", "highway": "trunk", "lanes": "3", "lit": "yes", "maxspeed": "90", "oneway": "yes", "placement": "right_of:1", "ref": "E-S", "shoulder": "no", "sidewalk": "no", "smoothness": "excellent", "source:maxspeed": "PT:rural", "surface": "asphalt", "turn:lanes": "||slight_right"}}, {"type": "Feature", "geometry": {"type": "LineString", "coordinates": [[-25.4716904, 37.7212206], [-25.472011, 37.7211276], [-25.4724348, 37.7210133], [-25.4728593, 37.7209152], [-25.473274, 37.720839], [-25.4736626, 37.7207924], [-25.4740039, 37.7207565], [-25.4743739, 37.7207423], [-25.4747598, 37.7207402], [-25.4751763, 37.7207353], [-25.4756402, 37.7207558], [-25.476052, 37.7207946], [-25.4763745, 37.7208362]]}, "properties": {"bicycle": "no", "check_date:smoothness": "2024-06-13", "highway": "trunk", "lanes": "2", "maxheight": "default", "maxheight:signed": "no", "maxspeed": "90", "oneway": "yes", "ref": "E-S", "shoulder": "no", "smoothness": "excellent", "source:maxspeed": "PT:rural", "surface": "asphalt"}}, {"type": "Feature", "geometry": {"type": "LineString", "coordinates": [[-25.4661832, 37.7238412], [-25.466464, 37.7237532], [-25.4669237, 37.7235921], [-25.4671079, 37.7235199], [-25.4672793, 37.7234469], [-25.4674913, 37.7233423]]}, "properties": {"bicycle": "no", "bridge": "yes", "highway": "trunk", "lanes": "2", "layer": "1", "maxspeed": "90", "maxweight:signed": "no", "oneway": "yes", "ref": "E-S", "shoulder": "no", "smoothness": "excellent", "source:maxspeed": "PT:rural", "surface": "asphalt"}}, {"type": "Feature", "geometry": {"type": "LineString", "coordinates": [[-25.49922, 37.7179839], [-25.499762, 37.717989]]}, "properties": {"bicycle": "no", "bridge": "yes", "check_date:surface": "2024-06-13", "highway": "trunk", "lanes": "2", "layer": "1", "maxspeed": "90", "maxweight:signed": "no", "oneway": "yes", "ref": "E-S", "smoothness": "excellent", "source:maxspeed": "PT:rural", "surface": "asphalt"}}, {"type": "Feature", "geometry": {"type": "LineString", "coordinates": [[-25.6439822, 37.7473598], [-25.6437381, 37.7474228], [-25.6434107, 37.747544], [-25.6428053, 37.7477638], [-25.6423594, 37.747936]]}, "properties": {"bicycle": "no", "highway": "trunk", "lanes": "3", "lit": "yes", "maxspeed": "70", "minspeed": "40", "oneway": "yes", "placement": "right_of:1", "ref": "E-S", "shoulder:right": "yes", "sidewalk": "no", "smoothness": "excellent", "surface": "asphalt", "turn:lanes": "||merge_to_left"}}, {"type": "Feature", "geometry": {"type": "LineString", "coordinates": [[-25.6415809, 37.7483194], [-25.6428917, 37.7478298]]}, "properties": {"bicycle": "no", "highway": "trunk", "lanes": "2", "lit": "yes", "maxspeed": "70", "minspeed": "40", "oneway": "yes", "ref": "E-S", "shoulder:right": "yes", "sidewalk": "no", "smoothness": "excellent", "source:maxspeed": "sign", "surface": "asphalt"}}, {"type": "Feature", "geometry": {"type": "LineString", "coordinates": [[-25.6428917, 37.7478298], [-25.6436179, 37.7475636], [-25.6439116, 37.7474682], [-25.6441587, 37.7474029]]}, "properties": {"bicycle": "no", "highway": "trunk", "lanes": "3", "lit": "yes", "maxspeed": "70", "minspeed": "40", "oneway": "yes", "placement": "right_of:1", "ref": "E-S", "shoulder:right": "yes", "sidewalk": "no", "source:maxspeed": "sign", "surface": "asphalt", "turn:lanes": "||slight_right"}}, {"type": "Feature", "geometry": {"type": "LineString", "coordinates": [[-25.6330149, 37.7541227], [-25.6336992, 37.7534628]]}, "properties": {"bicycle": "no", "highway": "trunk", "lanes": "3", "lit": "yes", "maxspeed": "100", "minspeed": "40", "oneway": "yes", "placement": "right_of:1", "ref": "E-S", "shoulder:right": "yes", "sidewalk": "no", "smoothness": "excellent", "source:maxspeed": "sign", "surface": "asphalt", "turn:lanes": "||merge_to_left;slight_right"}}, {"type": "Feature", "geometry": {"type": "LineString", "coordinates": [[-25.6345985, 37.7526313], [-25.6354507, 37.7518436]]}, "properties": {"bicycle": "no", "highway": "trunk", "lanes": "3", "lit": "yes", "maxspeed": "100", "minspeed": "40", "oneway": "yes", "placement": "right_of:1", "ref": "E-S", "shoulder:right": "yes", "sidewalk": "no", "smoothness": "excellent", "source:maxspeed": "sign", "surface": "asphalt", "turn:lanes": "||merge_to_left"}}, {"type": "Feature", "geometry": {"type": "LineString", "coordinates": [[-25.6336992, 37.7534628], [-25.6343102, 37.7528777], [-25.6345985, 37.7526313]]}, "properties": {"bicycle": "no", "highway": "trunk", "lanes": "2", "lit": "yes", "maxspeed": "100", "minspeed": "40", "oneway": "yes", "ref": "E-S", "shoulder:right": "yes", "sidewalk": "no", "smoothness": "excellent", "source:maxspeed": "sign", "surface": "asphalt"}}, {"type": "Feature", "geometry": {"type": "LineString", "coordinates": [[-25.6190003, 37.758911], [-25.6223992, 37.7589067]]}, "properties": {"bicycle": "no", "destination": "Ponta Delgada;Aeroporto", "highway": "trunk", "lanes": "2", "lit": "yes", "maxspeed": "100", "minspeed": "40", "oneway": "yes", "ref": "E-S", "shoulder:right": "yes", "sidewalk": "no", "source:maxspeed": "sign", "surface": "asphalt"}}, {"type": "Feature", "geometry": {"type": "LineString", "coordinates": [[-25.6097947, 37.7589488], [-25.6111022, 37.7589463], [-25.6180606, 37.7589138]]}, "properties": {"bicycle": "no", "highway": "trunk", "lanes": "2", "lit": "yes", "maxheight": "default", "maxheight:signed": "no", "maxspeed": "100", "minspeed": "40", "oneway": "yes", "ref": "E-S", "shoulder:right": "yes", "sidewalk": "no", "smoothness": "excellent", "source:maxspeed": "sign", "surface": "asphalt"}}, {"type": "Feature", "geometry": {"type": "LineString", "coordinates": [[-25.6196626, 37.7588247], [-25.6111211, 37.7588443], [-25.6097665, 37.7588597], [-25.6091628, 37.7588666], [-25.6087996, 37.7588555], [-25.6084718, 37.7588256], [-25.6080293, 37.7587856], [-25.6077667, 37.7587373], [-25.607438, 37.7586557], [-25.6069006, 37.7584759], [-25.6062859, 37.7581884], [-25.6058824, 37.757978], [-25.6051747, 37.7576265], [-25.6044954, 37.7573602], [-25.6039326, 37.7572153], [-25.6033871, 37.7571244], [-25.603043, 37.7570798], [-25.598107, 37.7565874]]}, "properties": {"bicycle": "no", "destination": "Ribeira Grande;Lagoa;Nordeste;Povoa\u00e7\u00e3o;Vila Franca do Campo", "highway": "trunk", "lanes": "2", "lit": "yes", "maxheight": "default", "maxheight:signed": "no", "maxspeed": "100", "minspeed": "40", "oneway": "yes", "ref": "E-S", "shoulder:right": "yes", "sidewalk": "no", "smoothness": "excellent", "surface": "asphalt"}}, {"type": "Feature", "geometry": {"type": "LineString", "coordinates": [[-25.621102, 37.7587963], [-25.6196626, 37.7588247]]}, "properties": {"bicycle": "no", "destination": "Ribeira Grande;Lagoa;Nordeste;Povoa\u00e7\u00e3o;Vila Franca do Campo", "highway": "trunk", "lanes": "3", "lit": "yes", "maxspeed": "100", "minspeed": "40", "oneway": "yes", "placement": "right_of:1", "ref": "E-S", "shoulder:right": "yes", "sidewalk": "no", "smoothness": "excellent", "surface": "asphalt", "turn:lanes": "||merge_to_left"}}, {"type": "Feature", "geometry": {"type": "LineString", "coordinates": [[-25.6240183, 37.7587631], [-25.6234068, 37.7587954]]}, "properties": {"bicycle": "no", "foot": "no", "highway": "trunk", "lanes": "2", "lit": "yes", "maxspeed": "100", "minspeed": "40", "oneway": "yes", "ref": "E-S", "sidewalk": "no", "smoothness": "excellent", "surface": "asphalt"}}, {"type": "Feature", "geometry": {"type": "LineString", "coordinates": [[-25.6223992, 37.7589067], [-25.6231444, 37.7588905], [-25.6237117, 37.7588622]]}, "properties": {"bicycle": "no", "highway": "trunk", "lanes": "3", "lit": "yes", "maxspeed": "100", "minspeed": "40", "oneway": "yes", "placement": "right_of:1", "ref": "E-S", "shoulder:right": "yes", "sidewalk": "no", "smoothness": "excellent", "source:maxspeed": "sign", "surface": "asphalt", "turn:lanes": "||merge_to_left"}}, {"type": "Feature", "geometry": {"type": "LineString", "coordinates": [[-25.6237117, 37.7588622], [-25.6240233, 37.758838]]}, "properties": {"bicycle": "no", "highway": "trunk", "lanes": "2", "lit": "yes", "maxspeed": "100", "minspeed": "40", "oneway": "yes", "ref": "E-S", "shoulder:right": "yes", "sidewalk": "no", "smoothness": "excellent", "source:maxspeed": "sign", "surface": "asphalt"}}, {"type": "Feature", "geometry": {"type": "LineString", "coordinates": [[-25.6260588, 37.7585369], [-25.6269505, 37.7582885]]}, "properties": {"bicycle": "no", "highway": "trunk", "lanes": "3", "lit": "yes", "maxspeed": "100", "minspeed": "40", "oneway": "yes", "placement": "right_of:1", "ref": "E-S", "shoulder:right": "yes", "sidewalk": "no", "smoothness": "excellent", "source:maxspeed": "sign", "surface": "asphalt", "turn:lanes": "||merge_to_left"}}, {"type": "Feature", "geometry": {"type": "LineString", "coordinates": [[-25.6244614, 37.7587997], [-25.624933, 37.7587393], [-25.6253716, 37.7586749], [-25.6260588, 37.7585369]]}, "properties": {"bicycle": "no", "highway": "trunk", "lanes": "2", "lit": "yes", "maxspeed": "100", "minspeed": "40", "oneway": "yes", "ref": "E-S", "shoulder:right": "yes", "sidewalk": "no", "smoothness": "excellent", "source:maxspeed": "sign", "surface": "asphalt"}}, {"type": "Feature", "geometry": {"type": "LineString", "coordinates": [[-25.6269563, 37.7581925], [-25.6264802, 37.7583342]]}, "properties": {"bicycle": "no", "highway": "trunk", "lanes": "3", "lit": "yes", "maxspeed": "100", "minspeed": "40", "oneway": "yes", "placement": "right_of:1", "ref": "E-S", "shoulder:right": "yes", "sidewalk": "no", "smoothness": "excellent", "surface": "asphalt", "turn:lanes": "||slight_right"}}, {"type": "Feature", "geometry": {"type": "LineString", "coordinates": [[-25.6264802, 37.7583342], [-25.6260299, 37.7584516], [-25.6255626, 37.7585488], [-25.6250079, 37.758653], [-25.6244608, 37.7587216]]}, "properties": {"bicycle": "no", "destination": "Ribeira Grande;Lagoa;Nordeste;Povoa\u00e7\u00e3o;Vila Franca do Campo", "highway": "trunk", "lanes": "2", "lit": "yes", "maxspeed": "100", "minspeed": "40", "oneway": "yes", "ref": "E-S", "shoulder:right": "yes", "sidewalk": "no", "smoothness": "excellent", "surface": "asphalt"}}, {"type": "Feature", "geometry": {"type": "LineString", "coordinates": [[-25.6315297, 37.7553886], [-25.6312676, 37.7556384]]}, "properties": {"bicycle": "no", "change:lanes": "not_right|not_left", "highway": "trunk", "lanes": "2", "lit": "yes", "maxspeed": "100", "minspeed": "40", "oneway": "yes", "ref": "E-S", "shoulder:right": "yes", "sidewalk": "no", "smoothness": "excellent", "surface": "asphalt"}}, {"type": "Feature", "geometry": {"type": "LineString", "coordinates": [[-25.6332592, 37.753748], [-25.6319229, 37.7550149]]}, "properties": {"bicycle": "no", "destination:lanes": "Lagoa;Ribeira Grande|Lagoa;Ribeira Grande;S\u00e3o Roque", "highway": "trunk", "lanes": "2", "lit": "yes", "maxheight": "default", "maxspeed": "100", "minspeed": "40", "oneway": "yes", "ref": "E-S", "shoulder:right": "yes", "sidewalk": "no", "smoothness": "excellent", "surface": "asphalt"}}, {"type": "Feature", "geometry": {"type": "LineString", "coordinates": [[-25.6319229, 37.7550149], [-25.6315297, 37.7553886]]}, "properties": {"bicycle": "no", "change:lanes": "not_right|not_left", "destination:lanes": "Lagoa;Ribeira Grande|Lagoa;Ribeira Grande;S\u00e3o Roque", "highway": "trunk", "lanes": "2", "lit": "yes", "maxspeed": "100", "minspeed": "40", "oneway": "yes", "ref": "E-S", "shoulder:right": "yes", "sidewalk": "no", "smoothness": "excellent", "surface": "asphalt", "turn:lanes": "through|through;right"}}, {"type": "Feature", "geometry": {"type": "LineString", "coordinates": [[-25.6423594, 37.747936], [-25.6414701, 37.7482693], [-25.6408104, 37.7485799], [-25.6382835, 37.7499605], [-25.6368991, 37.7507282], [-25.6362044, 37.751144], [-25.6355099, 37.7516318], [-25.6341868, 37.7528466], [-25.6332592, 37.753748]]}, "properties": {"bicycle": "no", "highway": "trunk", "lanes": "2", "lit": "yes", "maxheight": "default", "maxspeed": "100", "minspeed": "40", "oneway": "yes", "ref": "E-S", "shoulder:right": "yes", "sidewalk": "no", "smoothness": "excellent", "surface": "asphalt"}}, {"type": "Feature", "geometry": {"type": "LineString", "coordinates": [[-25.6082095, 37.7588945], [-25.6086279, 37.7589361], [-25.609155, 37.7589567], [-25.6097947, 37.7589488]]}, "properties": {"bicycle": "no", "highway": "trunk", "lanes": "3", "lit": "yes", "maxspeed": "100", "minspeed": "40", "oneway": "yes", "placement": "right_of:1", "ref": "E-S", "shoulder:right": "yes", "sidewalk": "no", "smoothness": "excellent", "source:maxspeed": "sign", "surface": "asphalt", "turn:lanes": "||merge_to_left"}}, {"type": "Feature", "geometry": {"type": "LineString", "coordinates": [[-25.5838571, 37.7526559], [-25.5825326, 37.7522629]]}, "properties": {"bicycle": "no", "change:lanes": "no|not_left|not_right", "destination:lanes": "Povoa\u00e7\u00e3o (via Sul);Vila Franco do Campo|Povoa\u00e7\u00e3o (via Sul);Vila Franco do Campo|Ribeira Grande;Nordeste;Povoa\u00e7\u00e3o (via Norte)", "highway": "trunk", "lanes": "3", "lit": "yes", "maxheight": "default", "maxheight:signed": "no", "maxspeed": "100", "maxspeed:lanes": "100|100|60", "minspeed": "40", "oneway": "yes", "placement": "right_of:1", "ref": "E-S", "shoulder:right": "yes", "sidewalk": "no", "smoothness": "excellent", "surface": "asphalt", "turn:lanes": "||slight_right"}}, {"type": "Feature", "geometry": {"type": "LineString", "coordinates": [[-25.5843006, 37.7527854], [-25.5838571, 37.7526559]]}, "properties": {"bicycle": "no", "change:lanes": "no|no", "destination": "Povoa\u00e7\u00e3o (via Sul);Vila Franco do Campo;Ribeira Grande;Nordeste;Povoa\u00e7\u00e3o (via Norte)", "highway": "trunk", "lanes": "2", "lit": "yes", "maxspeed": "100", "minspeed": "40", "oneway": "yes", "ref": "E-S", "shoulder:right": "yes", "sidewalk": "no", "smoothness": "excellent", "surface": "asphalt"}}, {"type": "Feature", "geometry": {"type": "LineString", "coordinates": [[-25.5861121, 37.7533377], [-25.5843006, 37.7527854]]}, "properties": {"bicycle": "no", "change:lanes": "no|not_left|not_right", "destination:lanes": "Povoa\u00e7\u00e3o (via Sul);Vila Franco do Campo;Ribeira Grande;Nordeste;Povoa\u00e7\u00e3o (via Norte)|Povoa\u00e7\u00e3o (via Sul);Vila Franco do Campo;Ribeira Grande;Nordeste;Povoa\u00e7\u00e3o (via Norte)|Lagoa", "highway": "trunk", "lanes": "3", "lit": "yes", "maxspeed": "100", "maxspeed:lanes": "100|100|60", "minspeed": "40", "oneway": "yes", "placement": "right_of:1", "ref": "E-S", "shoulder:right": "yes", "sidewalk": "no", "smoothness": "excellent", "surface": "asphalt", "turn:lanes": "||slight_right"}}, {"type": "Feature", "geometry": {"type": "LineString", "coordinates": [[-25.5908554, 37.754781], [-25.5861121, 37.7533377]]}, "properties": {"bicycle": "no", "highway": "trunk", "lanes": "2", "lit": "yes", "maxspeed": "100", "minspeed": "40", "oneway": "yes", "ref": "E-S", "shoulder:right": "yes", "sidewalk": "no", "smoothness": "excellent", "surface": "asphalt"}}, {"type": "Feature", "geometry": {"type": "LineString", "coordinates": [[-25.5773754, 37.7519824], [-25.5760914, 37.7520207]]}, "properties": {"bicycle": "no", "destination": "Povoa\u00e7\u00e3o (via Sul);Vila Franco do Campo", "highway": "trunk", "lanes": "2", "lit": "yes", "maxspeed": "90", "minspeed": "40", "oneway": "yes", "ref": "E-S", "shoulder:right": "yes", "sidewalk": "no", "smoothness": "excellent", "surface": "asphalt"}}, {"type": "Feature", "geometry": {"type": "LineString", "coordinates": [[-25.5799382, 37.7519141], [-25.5792176, 37.7519346], [-25.5786181, 37.7519486]]}, "properties": {"bicycle": "no", "destination:lanes": "Povoa\u00e7\u00e3o (via Sul);Vila Franco do Campo|Povoa\u00e7\u00e3o (via Sul);Vila Franco do Campo|Lagoa;Cabouco", "highway": "trunk", "lanes": "3", "lit": "yes", "maxspeed": "90", "minspeed": "40", "oneway": "yes", "placement": "right_of:1", "ref": "E-S", "shoulder:right": "yes", "sidewalk": "no", "smoothness": "excellent", "surface": "asphalt", "turn:lanes": "||merge_to_left;slight_right"}}, {"type": "Feature", "geometry": {"type": "LineString", "coordinates": [[-25.5778863, 37.7520499], [-25.5792046, 37.7520153], [-25.5799159, 37.7520021]]}, "properties": {"bicycle": "no", "change:lanes": "no|not_left|not_right", "highway": "trunk", "lanes": "3", "maxspeed": "100", "minspeed": "40", "oneway": "yes", "placement": "right_of:1", "ref": "E-S", "smoothness": "excellent", "surface": "asphalt", "turn:lanes": "||slight_right"}}, {"type": "Feature", "geometry": {"type": "LineString", "coordinates": [[-25.5747491, 37.7521385], [-25.5754255, 37.752116], [-25.5778863, 37.7520499]]}, "properties": {"bicycle": "no", "highway": "trunk", "lanes": "2", "lit": "yes", "maxspeed": "100", "minspeed": "40", "oneway": "yes", "ref": "E-S", "shoulder:right": "yes", "sidewalk": "no", "smoothness": "excellent", "surface": "asphalt"}}, {"type": "Feature", "geometry": {"type": "LineString", "coordinates": [[-25.5735803, 37.752087], [-25.5729813, 37.7521128]]}, "properties": {"bicycle": "no", "highway": "trunk", "lanes": "1", "lit": "yes", "maxspeed": "90", "minspeed": "40", "oneway": "yes", "ref": "E-S", "shoulder:right": "yes", "sidewalk": "no", "smoothness": "excellent", "surface": "asphalt"}}, {"type": "Feature", "geometry": {"type": "LineString", "coordinates": [[-25.587924, 37.7539696], [-25.5908323, 37.7548565]]}, "properties": {"bicycle": "no", "highway": "trunk", "lanes": "2", "lit": "yes", "maxspeed": "100", "minspeed": "40", "oneway": "yes", "ref": "E-S", "shoulder:right": "yes", "sidewalk": "no", "smoothness": "excellent", "source:maxspeed": "sign", "surface": "asphalt"}}, {"type": "Feature", "geometry": {"type": "LineString", "coordinates": [[-25.5860097, 37.7533874], [-25.587924, 37.7539696]]}, "properties": {"bicycle": "no", "highway": "trunk", "lanes": "3", "maxspeed": "100", "minspeed": "40", "oneway": "yes", "placement": "right_of:1", "ref": "E-S", "shoulder": "right", "smoothness": "excellent", "surface": "asphalt", "turn:lanes": "||merge_to_left"}}, {"type": "Feature", "geometry": {"type": "LineString", "coordinates": [[-25.5825743, 37.7523494], [-25.583818, 37.7527156]]}, "properties": {"bicycle": "no", "highway": "trunk", "lanes": "3", "maxheight": "default", "maxheight:signed": "no", "maxspeed": "100", "minspeed": "40", "oneway": "yes", "placement": "right_of:1", "ref": "E-S", "smoothness": "excellent", "surface": "asphalt", "turn:lanes": "||merge_to_left;slight_right"}}, {"type": "Feature", "geometry": {"type": "LineString", "coordinates": [[-25.583818, 37.7527156], [-25.5844061, 37.7528908], [-25.5850912, 37.7530989]]}, "properties": {"bicycle": "no", "highway": "trunk", "lanes": "3", "maxspeed": "100", "minspeed": "40", "oneway": "yes", "placement": "right_of:1", "ref": "E-S", "smoothness": "excellent", "surface": "asphalt", "turn:lanes": "||merge_to_left"}}, {"type": "Feature", "geometry": {"type": "LineString", "coordinates": [[-25.5850912, 37.7530989], [-25.5860097, 37.7533874]]}, "properties": {"bicycle": "no", "highway": "trunk", "lanes": "2", "maxspeed": "100", "minspeed": "40", "oneway": "yes", "ref": "E-S", "shoulder": "both", "smoothness": "excellent", "surface": "asphalt"}}, {"type": "Feature", "geometry": {"type": "LineString", "coordinates": [[-25.5760914, 37.7520207], [-25.5747764, 37.7520585]]}, "properties": {"bicycle": "no", "destination": "Povoa\u00e7\u00e3o (via Sul);Vila Franco do Campo", "highway": "trunk", "lanes": "2", "lit": "yes", "maxspeed": "90", "minspeed": "40", "oneway": "yes", "ref": "E-S", "shoulder:right": "yes", "sidewalk": "no", "smoothness": "excellent", "surface": "asphalt", "turn:lanes": "|merge_to_left"}}, {"type": "Feature", "geometry": {"type": "LineString", "coordinates": [[-25.5786181, 37.7519486], [-25.5779775, 37.7519693], [-25.5773754, 37.7519824]]}, "properties": {"bicycle": "no", "change:lanes": "no|not_left|not_right", "destination:lanes": "Povoa\u00e7\u00e3o (via Sul);Vila Franco do Campo|Povoa\u00e7\u00e3o (via Sul);Vila Franco do Campo|Lagoa;Cabouco", "highway": "trunk", "lanes": "3", "lit": "yes", "maxspeed": "90", "minspeed": "40", "oneway": "yes", "placement": "right_of:1", "ref": "E-S", "shoulder:right": "yes", "sidewalk": "no", "smoothness": "excellent", "surface": "asphalt", "turn:lanes": "||merge_to_left;slight_right"}}, {"type": "Feature", "geometry": {"type": "LineString", "coordinates": [[-25.5486645, 37.7407386], [-25.5488952, 37.7409422], [-25.5493096, 37.741307], [-25.5495858, 37.7415446], [-25.5497831, 37.7417156]]}, "properties": {"bicycle": "no", "check_date:smoothness": "2024-06-13", "highway": "trunk", "lanes": "1", "lit": "yes", "maxspeed": "90", "oneway": "yes", "ref": "E-S", "shoulder:right": "yes", "sidewalk": "no", "smoothness": "excellent", "source:maxspeed": "PT:rural", "surface": "asphalt"}}, {"type": "Feature", "geometry": {"type": "LineString", "coordinates": [[-25.54812, 37.7402295], [-25.548415, 37.7405127], [-25.5486645, 37.7407386]]}, "properties": {"bicycle": "no", "check_date:smoothness": "2024-06-13", "foot": "no", "highway": "trunk", "lanes": "2", "lit": "yes", "maxspeed": "90", "oneway": "yes", "placement": "middle_of:1", "ref": "E-S", "sidewalk": "no", "smoothness": "excellent", "source:maxspeed": "PT:rural", "surface": "asphalt", "turn:lanes": "|slight_right"}}, {"type": "Feature", "geometry": {"type": "LineString", "coordinates": [[-25.5497831, 37.7417156], [-25.5500673, 37.741961], [-25.550289, 37.7421496]]}, "properties": {"bicycle": "no", "check_date:smoothness": "2024-06-13", "highway": "trunk", "lanes": "1", "lit": "yes", "maxspeed": "90", "oneway": "yes", "placement": "middle_of:1", "ref": "E-S", "shoulder:left": "yes", "shoulder:right": "yes", "sidewalk": "no", "smoothness": "excellent", "source:maxspeed": "PT:rural", "surface": "asphalt", "turn:lanes": "|merge_to_left"}}, {"type": "Feature", "geometry": {"type": "LineString", "coordinates": [[-25.550114, 37.7419419], [-25.5498528, 37.7417127]]}, "properties": {"bicycle": "no", "check_date:smoothness": "2024-06-13", "destination:lanes": "Povoa\u00e7\u00e3o;Vila Franca do Campo;Furnas|Santa Cruz;Rem\u00e9dios;Lagoa do Fogo", "highway": "trunk", "lanes": "2", "lit": "yes", "maxspeed": "90", "maxspeed:lanes": "90|50", "oneway": "yes", "placement": "middle_of:1", "ref": "E-S", "shoulder:right": "yes", "sidewalk": "no", "smoothness": "excellent", "source:maxspeed": "PT:rural", "surface": "asphalt", "turn:lanes": "|slight_right"}}, {"type": "Feature", "geometry": {"type": "LineString", "coordinates": [[-25.5215281, 37.7249947], [-25.5237698, 37.7254125]]}, "properties": {"bicycle": "no", "check_date:surface": "2024-06-13", "highway": "trunk", "lanes": "2", "lit": "no", "maxspeed": "90", "oneway": "yes", "ref": "E-S", "smoothness": "excellent", "source:maxspeed": "PT:rural", "surface": "asphalt"}}, {"type": "Feature", "geometry": {"type": "LineString", "coordinates": [[-25.5167247, 37.7240948], [-25.5162828, 37.7240793], [-25.5158406, 37.7240868], [-25.5153999, 37.724117]]}, "properties": {"bicycle": "no", "bridge": "yes", "check_date:surface": "2024-06-13", "highway": "trunk", "lanes": "2", "layer": "1", "lit": "no", "maxspeed": "90", "maxweight:signed": "no", "minspeed": "40", "oneway": "yes", "ref": "E-S", "smoothness": "excellent", "source:maxspeed": "PT:rural", "surface": "asphalt"}}, {"type": "Feature", "geometry": {"type": "LineString", "coordinates": [[-25.5154064, 37.724192], [-25.5157343, 37.7241709], [-25.5160631, 37.7241612], [-25.5163921, 37.7241629], [-25.5167206, 37.7241761]]}, "properties": {"bicycle": "no", "bridge": "yes", "check_date:smoothness": "2024-06-13", "highway": "trunk", "lanes": "2", "layer": "1", "lit": "no", "maxspeed": "90", "maxweight:signed": "no", "oneway": "yes", "ref": "E-S", "shoulder": "no", "smoothness": "excellent", "source:maxspeed": "PT:rural", "surface": "asphalt"}}, {"type": "Feature", "geometry": {"type": "LineString", "coordinates": [[-25.5167206, 37.7241761], [-25.5170572, 37.7242024], [-25.5174851, 37.7242561], [-25.518225, 37.7243841], [-25.5188786, 37.7245075], [-25.5198719, 37.7246918]]}, "properties": {"bicycle": "no", "check_date:surface": "2024-06-13", "highway": "trunk", "lanes": "2", "lit": "no", "maxspeed": "90", "oneway": "yes", "ref": "E-S", "smoothness": "excellent", "source:maxspeed": "PT:rural", "surface": "asphalt"}}, {"type": "Feature", "geometry": {"type": "LineString", "coordinates": [[-25.5174932, 37.7241776], [-25.5170711, 37.7241198], [-25.5167247, 37.7240948]]}, "properties": {"bicycle": "no", "check_date:smoothness": "2024-06-13", "highway": "trunk", "lanes": "2", "lit": "no", "maxspeed": "90", "minspeed": "40", "oneway": "yes", "ref": "E-S", "shoulder": "no", "smoothness": "excellent", "source:maxspeed": "PT:rural", "surface": "asphalt"}}, {"type": "Feature", "geometry": {"type": "LineString", "coordinates": [[-25.5196002, 37.7245584], [-25.5188879, 37.7244279], [-25.5182419, 37.724308], [-25.5174932, 37.7241776]]}, "properties": {"bicycle": "no", "check_date:smoothness": "2024-06-13", "highway": "trunk", "lanes": "3", "lit": "no", "oneway": "yes", "placement": "right_of:1", "ref": "E-S", "shoulder": "right", "smoothness": "excellent", "source:maxspeed": "PT:rural", "surface": "asphalt", "turn:lanes": "||merge_to_left"}}, {"type": "Feature", "geometry": {"type": "LineString", "coordinates": [[-25.5198719, 37.7246918], [-25.520994, 37.7248988], [-25.5215281, 37.7249947]]}, "properties": {"bicycle": "no", "check_date:surface": "2024-06-13", "highway": "trunk", "lanes": "3", "lit": "no", "maxheight": "default", "maxheight:signed": "no", "maxspeed": "90", "oneway": "yes", "placement": "right_of:1", "ref": "E-S", "smoothness": "excellent", "source:maxspeed": "PT:rural", "surface": "asphalt", "turn:lanes": "||slight_right"}}, {"type": "Feature", "geometry": {"type": "LineString", "coordinates": [[-25.5237698, 37.7254125], [-25.5243998, 37.7255289], [-25.5251268, 37.7256616], [-25.5260974, 37.7258404]]}, "properties": {"bicycle": "no", "foot": "no", "highway": "trunk", "lanes": "3", "lit": "yes", "maxspeed": "90", "oneway": "yes", "placement": "right_of:1", "ref": "E-S", "sidewalk": "no", "smoothness": "excellent", "source:maxspeed": "PT:rural", "surface": "asphalt", "turn:lanes": "||merge_to_left"}}, {"type": "Feature", "geometry": {"type": "LineString", "coordinates": [[-25.5227661, 37.7251451], [-25.5201381, 37.724659], [-25.5196002, 37.7245584]]}, "properties": {"bicycle": "no", "check_date:surface": "2024-06-13", "destination": "Povoa\u00e7\u00e3o;Furnas;Vila Franca do Campo", "highway": "trunk", "lanes": "2", "lit": "no", "maxheight": "default", "maxheight:signed": "no", "maxspeed": "70", "oneway": "yes", "ref": "E-S", "smoothness": "excellent", "surface": "asphalt", "zone:maxspeed": "PT:rural"}}, {"type": "Feature", "geometry": {"type": "LineString", "coordinates": [[-25.5251214, 37.7255799], [-25.5244215, 37.7254501], [-25.5227661, 37.7251451]]}, "properties": {"bicycle": "no", "change:lanes": "no|not_left|not_right", "check_date:smoothness": "2024-06-13", "destination:lanes": "Povoa\u00e7\u00e3o;Furnas;Vila Franca do Campo|Povoa\u00e7\u00e3o;Furnas;Vila Franca do Campo|\u00c1gua de Pau (Poente);Caloura", "foot": "no", "highway": "trunk", "lanes": "3", "lit": "yes", "maxspeed": "70", "oneway": "yes", "placement": "right_of:1", "ref": "E-S", "sidewalk": "no", "smoothness": "excellent", "source:maxspeed": "sign", "surface": "asphalt", "turn:lanes": "||slight_right"}}, {"type": "Feature", "geometry": {"type": "LineString", "coordinates": [[-25.5383192, 37.7304093], [-25.5378485, 37.7300805], [-25.5375534, 37.7298716], [-25.537257, 37.7296679], [-25.5368507, 37.7293953], [-25.5365382, 37.7291896], [-25.5361496, 37.7289426], [-25.5356115, 37.7286231], [-25.5352025, 37.7283866], [-25.5345427, 37.7280578], [-25.5338148, 37.7277176], [-25.5331573, 37.7274468], [-25.5324641, 37.7271917], [-25.5317773, 37.7269674], [-25.5310983, 37.7267689], [-25.5304375, 37.7266046], [-25.5296476, 37.7264285], [-25.5289342, 37.7262864], [-25.5284141, 37.7261869], [-25.5275998, 37.7260382], [-25.5269949, 37.7259247], [-25.5261216, 37.7257639], [-25.5254567, 37.7256414]]}, "properties": {"bicycle": "no", "highway": "trunk", "lanes": "2", "lit": "no", "maxheight": "default", "maxheight:signed": "no", "maxspeed": "90", "minspeed": "40", "oneway": "yes", "ref": "E-S", "shoulder": "right", "smoothness": "excellent", "source:maxspeed": "PT:rural", "surface": "asphalt"}}, {"type": "Feature", "geometry": {"type": "LineString", "coordinates": [[-25.5260974, 37.7258404], [-25.5269694, 37.726], [-25.5275783, 37.7261156], [-25.5283931, 37.7262673], [-25.5289073, 37.7263638], [-25.5296221, 37.7265038], [-25.5304, 37.7266757], [-25.5310728, 37.7268419], [-25.5317411, 37.7270384], [-25.53243, 37.7272615], [-25.5331238, 37.7275242], [-25.5337693, 37.7277906], [-25.5344769, 37.728114], [-25.5351233, 37.7284428], [-25.5355431, 37.7286762], [-25.5360999, 37.7290109], [-25.5364832, 37.7292574], [-25.5367984, 37.729459], [-25.537194, 37.7297273], [-25.5377895, 37.7301421], [-25.5382589, 37.730473], [-25.5387734, 37.7308389], [-25.5393223, 37.7312271], [-25.5397663, 37.73154], [-25.5404034, 37.7319929], [-25.5409008, 37.732344], [-25.5414842, 37.7327555], [-25.542604, 37.733551], [-25.5431102, 37.7339152], [-25.5435133, 37.7342065], [-25.5439787, 37.734566], [-25.544188, 37.7347404]]}, "properties": {"bicycle": "no", "check_date:smoothness": "2024-06-13", "highway": "trunk", "lanes": "2", "lit": "no", "maxheight": "default", "maxheight:signed": "no", "maxspeed": "90", "oneway": "yes", "ref": "E-S", "shoulder": "no", "smoothness": "excellent", "source:maxspeed": "PT:rural", "surface": "asphalt"}}, {"type": "Feature", "geometry": {"type": "LineString", "coordinates": [[-25.5426563, 37.7334852], [-25.5415539, 37.7326993]]}, "properties": {"bicycle": "no", "check_date:surface": "2024-06-13", "highway": "trunk", "lanes": "2", "lit": "no", "maxspeed": "90", "minspeed": "40", "oneway": "yes", "placement": "right_of:1", "ref": "E-S", "shoulder:right": "yes", "smoothness": "excellent", "source:maxspeed": "PT:rural", "surface": "asphalt"}}, {"type": "Feature", "geometry": {"type": "LineString", "coordinates": [[-25.5415539, 37.7326993], [-25.5409531, 37.7322761], [-25.5404662, 37.7319262], [-25.5398293, 37.7314743]]}, "properties": {"bicycle": "no", "check_date:smoothness": "2024-06-13", "highway": "trunk", "lanes": "2", "lit": "no", "maxspeed": "90", "minspeed": "40", "oneway": "yes", "ref": "E-S", "shoulder": "right", "smoothness": "excellent", "source:maxspeed": "PT:rural", "surface": "asphalt"}}, {"type": "Feature", "geometry": {"type": "LineString", "coordinates": [[-25.5398293, 37.7314743], [-25.5394176, 37.7311847], [-25.5388453, 37.7307762], [-25.5383192, 37.7304093]]}, "properties": {"bicycle": "no", "check_date:surface": "2024-06-13", "highway": "trunk", "lanes": "2", "lit": "no", "maxspeed": "90", "minspeed": "40", "oneway": "yes", "ref": "E-S", "shoulder:right": "yes", "smoothness": "excellent", "source:maxspeed": "PT:rural", "surface": "asphalt"}}, {"type": "Feature", "geometry": {"type": "LineString", "coordinates": [[-25.5469385, 37.7386822], [-25.5468015, 37.7384773], [-25.5465871, 37.738136], [-25.5463692, 37.7377592], [-25.5460963, 37.7372589], [-25.5458743, 37.7368185], [-25.5457119, 37.7365253], [-25.5454633, 37.7361108], [-25.545246, 37.7357815], [-25.5450656, 37.7355388], [-25.5448303, 37.7352544], [-25.5446465, 37.7350582], [-25.5442731, 37.7347006], [-25.5440645, 37.7345204], [-25.5435871, 37.734146], [-25.5431898, 37.7338626], [-25.5426563, 37.7334852]]}, "properties": {"bicycle": "no", "check_date:smoothness": "2024-06-13", "highway": "trunk", "lanes": "2", "lit": "no", "maxspeed": "90", "minspeed": "40", "oneway": "yes", "ref": "E-S", "shoulder": "right", "smoothness": "excellent", "source:maxspeed": "PT:rural", "surface": "asphalt"}}, {"type": "Feature", "geometry": {"type": "LineString", "coordinates": [[-25.544188, 37.7347404], [-25.5445366, 37.7350741], [-25.544723, 37.7352766], [-25.5449704, 37.7355714], [-25.5451548, 37.7358165], [-25.5453748, 37.7361389]]}, "properties": {"bicycle": "no", "check_date:smoothness": "2024-06-13", "highway": "trunk", "lanes": "2", "lit": "no", "maxspeed": "90", "oneway": "yes", "ref": "E-S", "shoulder": "right", "smoothness": "excellent", "source:maxspeed": "PT:rural", "surface": "asphalt", "turn:lanes": "|merge_to_left"}}, {"type": "Feature", "geometry": {"type": "LineString", "coordinates": [[-25.5468714, 37.7387108], [-25.5470109, 37.7389123], [-25.5472644, 37.7392549], [-25.5476184, 37.7396823], [-25.5478813, 37.7399739], [-25.54812, 37.7402295]]}, "properties": {"bicycle": "no", "check_date:smoothness": "2024-06-13", "foot": "no", "highway": "trunk", "lanes": "1", "lit": "yes", "maxspeed": "90", "oneway": "yes", "ref": "E-S", "sidewalk": "no", "smoothness": "excellent", "source:maxspeed": "PT:rural", "surface": "asphalt"}}, {"type": "Feature", "geometry": {"type": "LineString", "coordinates": [[-25.4958558, 37.7190104], [-25.4955545, 37.7192508], [-25.4952488, 37.7195451], [-25.4949915, 37.7198258], [-25.4947369, 37.7201248], [-25.4945388, 37.7203937], [-25.494316, 37.7207084], [-25.4938639, 37.7213805], [-25.4934129, 37.7219895], [-25.4929873, 37.7225638]]}, "properties": {"bicycle": "no", "check_date:smoothness": "2024-06-13", "highway": "trunk", "lanes": "2", "maxspeed": "90", "minspeed": "40", "oneway": "yes", "ref": "E-S", "shoulder": "no", "smoothness": "excellent", "source:maxspeed": "PT:rural", "surface": "asphalt"}}, {"type": "Feature", "geometry": {"type": "LineString", "coordinates": [[-25.4930808, 37.7226155], [-25.4935135, 37.7220171], [-25.4939497, 37.7214073], [-25.494397, 37.7207418], [-25.4946233, 37.7204213], [-25.4948291, 37.7201526], [-25.495063, 37.7198682], [-25.4953387, 37.71958], [-25.4956312, 37.7193005], [-25.4959021, 37.7190766], [-25.496244, 37.7188469]]}, "properties": {"bicycle": "no", "check_date:smoothness": "2024-06-13", "highway": "trunk", "lanes": "2", "maxspeed": "90", "minspeed": "40", "oneway": "yes", "ref": "E-S", "shoulder": "no", "smoothness": "excellent", "source:maxspeed": "PT:rural", "surface": "asphalt"}}, {"type": "Feature", "geometry": {"type": "LineString", "coordinates": [[-25.5018331, 37.7184429], [-25.502206, 37.7186147], [-25.5024983, 37.718773], [-25.5026913, 37.7188891], [-25.5029435, 37.7190571], [-25.5031697, 37.7192443]]}, "properties": {"bicycle": "no", "check_date:surface": "2024-06-13", "highway": "trunk", "lanes": "3", "lit": "no", "maxspeed": "90", "oneway": "yes", "placement": "right_of:1", "ref": "E-S", "smoothness": "excellent", "source:maxspeed": "PT:rural", "surface": "asphalt", "turn:lanes": "||merge_to_left"}}, {"type": "Feature", "geometry": {"type": "LineString", "coordinates": [[-25.503244, 37.7191968], [-25.5030267, 37.7190155], [-25.5027579, 37.7188306], [-25.5025514, 37.7187124], [-25.5022676, 37.7185596], [-25.5018854, 37.7183824]]}, "properties": {"bicycle": "no", "change:lanes": "no|not_left|not_right", "check_date:surface": "2024-06-13", "destination:lanes": "Povoa\u00e7\u00e3o;Furnas;Vila Franca do Campo|Povoa\u00e7\u00e3o;Furnas;Vila Franca do Campo|\u00c1gua d'Alto;Ribeira Ch\u00e3;\u00c1gua de Pau (Nascente)", "highway": "trunk", "lanes": "3", "lit": "no", "maxspeed": "90", "maxspeed:lanes": "90|90|70", "minspeed": "40", "oneway": "yes", "placement": "right_of:1", "ref": "E-S", "smoothness": "excellent", "source:maxspeed": "PT:rural", "surface": "asphalt", "turn:lanes": "||slight_right"}}, {"type": "Feature", "geometry": {"type": "LineString", "coordinates": [[-25.499762, 37.717989], [-25.5000695, 37.7180153], [-25.5003748, 37.718054], [-25.5006906, 37.7181079], [-25.5010056, 37.7181787], [-25.5012041, 37.7182288], [-25.5015236, 37.7183263]]}, "properties": {"bicycle": "no", "check_date:surface": "2024-06-13", "highway": "trunk", "lanes": "2", "lit": "no", "maxspeed": "90", "oneway": "yes", "ref": "E-S", "smoothness": "excellent", "source:maxspeed": "PT:rural", "surface": "asphalt"}}, {"type": "Feature", "geometry": {"type": "LineString", "coordinates": [[-25.50577, 37.723738], [-25.5059104, 37.7239255], [-25.5060712, 37.7241024], [-25.5062512, 37.7242674], [-25.5064489, 37.7244192], [-25.5066628, 37.7245565]]}, "properties": {"bicycle": "no", "bridge": "yes", "check_date:surface": "2024-06-13", "highway": "trunk", "lanes": "2", "layer": "1", "lit": "no", "maxspeed": "90", "maxweight:signed": "no", "oneway": "yes", "ref": "E-S", "smoothness": "excellent", "source:maxspeed": "PT:rural", "surface": "asphalt"}}, {"type": "Feature", "geometry": {"type": "LineString", "coordinates": [[-25.5067363, 37.7245035], [-25.5065312, 37.7243595], [-25.5063391, 37.7242048], [-25.5061607, 37.72404], [-25.5059971, 37.723866], [-25.5058488, 37.7236836]]}, "properties": {"bicycle": "no", "bridge": "yes", "check_date:surface": "2024-06-13", "highway": "trunk", "lanes": "2", "layer": "1", "lit": "no", "maxspeed": "90", "maxweight:signed": "no", "minspeed": "40", "oneway": "yes", "ref": "E-S", "smoothness": "excellent", "source:maxspeed": "PT:rural", "surface": "asphalt"}}, {"type": "Feature", "geometry": {"type": "LineString", "coordinates": [[-25.5066628, 37.7245565], [-25.5068046, 37.7246343], [-25.5070876, 37.7247759], [-25.5073155, 37.7248851], [-25.5075637, 37.7249933], [-25.5078131, 37.7250994], [-25.5080237, 37.7251737], [-25.5082315, 37.7252405], [-25.508481, 37.7253137], [-25.5087626, 37.7253858], [-25.5089571, 37.7254256], [-25.5092146, 37.7254744], [-25.5094271, 37.725502], [-25.5096383, 37.7255232], [-25.5098616, 37.7255343], [-25.5100796, 37.725537], [-25.5103411, 37.725537], [-25.5105476, 37.7255269], [-25.5108272, 37.7255062], [-25.5110418, 37.7254807], [-25.5112772, 37.7254452], [-25.5114387, 37.7254156]]}, "properties": {"bicycle": "no", "check_date:surface": "2024-06-13", "highway": "trunk", "lanes": "2", "lit": "no", "maxheight": "default", "maxheight:signed": "no", "maxspeed": "90", "oneway": "yes", "ref": "E-S", "smoothness": "excellent", "source:maxspeed": "PT:rural", "surface": "asphalt"}}, {"type": "Feature", "geometry": {"type": "LineString", "coordinates": [[-25.5114079, 37.7253399], [-25.511306, 37.7253572], [-25.511021, 37.725406], [-25.5108011, 37.7254293], [-25.5105422, 37.7254516], [-25.5102284, 37.7254632], [-25.5098596, 37.7254579], [-25.5095539, 37.725441], [-25.5092588, 37.7254049], [-25.5089343, 37.7253434], [-25.5084635, 37.7252256], [-25.5081497, 37.7251312], [-25.5077823, 37.7249997], [-25.5073316, 37.7248109], [-25.506814, 37.7245446], [-25.5067363, 37.7245035]]}, "properties": {"bicycle": "no", "check_date:smoothness": "2024-06-13", "highway": "trunk", "lanes": "2", "lit": "no", "maxheight": "default", "maxheight:signed": "no", "maxspeed": "90", "minspeed": "40", "oneway": "yes", "ref": "E-S", "shoulder": "no", "smoothness": "excellent", "source:maxspeed": "PT:rural", "surface": "asphalt"}}, {"type": "Feature", "geometry": {"type": "LineString", "coordinates": [[-25.5127203, 37.7249597], [-25.5125121, 37.7250438], [-25.5122991, 37.7251199], [-25.5120816, 37.7251876], [-25.5118602, 37.725247], [-25.5116355, 37.7252978], [-25.5114079, 37.7253399]]}, "properties": {"bicycle": "no", "bridge": "yes", "highway": "trunk", "lanes": "2", "layer": "1", "lit": "no", "maxspeed": "90", "maxweight:signed": "no", "minspeed": "40", "oneway": "yes", "ref": "E-S", "shoulder": "no", "smoothness": "excellent", "source:maxspeed": "PT:rural", "surface": "asphalt"}}, {"type": "Feature", "geometry": {"type": "LineString", "coordinates": [[-25.5114387, 37.7254156], [-25.5116666, 37.7253716], [-25.5118917, 37.7253193], [-25.5121135, 37.7252588], [-25.5123314, 37.7251902], [-25.5125451, 37.7251137], [-25.5127541, 37.7250294]]}, "properties": {"bicycle": "no", "bridge": "yes", "check_date:smoothness": "2024-06-13", "highway": "trunk", "lanes": "2", "layer": "1", "lit": "no", "maxspeed": "90", "maxweight:signed": "no", "oneway": "yes", "ref": "E-S", "shoulder": "right", "smoothness": "excellent", "source:maxspeed": "PT:rural", "surface": "asphalt"}}, {"type": "Feature", "geometry": {"type": "LineString", "coordinates": [[-25.5127541, 37.7250294], [-25.5128536, 37.7249811], [-25.5130468, 37.7248819], [-25.5132097, 37.7248098], [-25.513612, 37.7246454], [-25.5139091, 37.7245367], [-25.5141988, 37.7244412], [-25.5145904, 37.7243351], [-25.5147922, 37.7242906], [-25.5150986, 37.7242349], [-25.5154064, 37.724192]]}, "properties": {"bicycle": "no", "highway": "trunk", "lanes": "2", "lit": "no", "maxspeed": "90", "oneway": "yes", "ref": "E-S", "smoothness": "excellent", "source:maxspeed": "PT:rural", "surface": "asphalt"}}, {"type": "Feature", "geometry": {"type": "LineString", "coordinates": [[-25.5153999, 37.724117], [-25.515153, 37.7241458], [-25.5148137, 37.7242084], [-25.514532, 37.7242688], [-25.5143389, 37.7243208], [-25.5140761, 37.7243951], [-25.5139272, 37.7244481], [-25.5135718, 37.7245754], [-25.5133612, 37.7246592], [-25.5131292, 37.7247547], [-25.5129516, 37.7248384], [-25.5127203, 37.7249597]]}, "properties": {"bicycle": "no", "highway": "trunk", "lanes": "2", "lit": "no", "maxspeed": "90", "minspeed": "40", "oneway": "yes", "ref": "E-S", "shoulder": "no", "smoothness": "excellent", "source:maxspeed": "PT:rural", "surface": "asphalt"}}, {"type": "Feature", "geometry": {"type": "LineString", "coordinates": [[-25.5254567, 37.7256414], [-25.5251214, 37.7255799]]}, "properties": {"bicycle": "no", "change:lanes": "no|no", "check_date:smoothness": "2024-06-13", "foot": "no", "highway": "trunk", "lanes": "2", "lit": "yes", "maxspeed": "70", "oneway": "yes", "ref": "E-S", "shoulder": "right", "sidewalk": "no", "smoothness": "excellent", "source:maxspeed": "sign", "surface": "asphalt", "zone:maxspeed": "PT:rural"}}, {"type": "Feature", "geometry": {"type": "LineString", "coordinates": [[-25.5015236, 37.7183263], [-25.5018331, 37.7184429]]}, "properties": {"bicycle": "no", "change:lanes": "not_left|not_right|no", "check_date:smoothness": "2024-06-13", "foot": "no", "highway": "trunk", "lanes": "3", "lit": "yes", "maxspeed": "90", "oneway": "yes", "placement": "right_of:1", "ref": "E-S", "sidewalk": "no", "smoothness": "excellent", "source:maxspeed": "PT:rural", "surface": "asphalt"}}, {"type": "Feature", "geometry": {"type": "LineString", "coordinates": [[-25.4977863, 37.7181765], [-25.4980826, 37.7181117], [-25.4983475, 37.7180663]]}, "properties": {"bicycle": "no", "change:lanes": "no|no", "check_date:surface": "2024-06-13", "highway": "trunk", "lanes": "2", "maxspeed": "90", "oneway": "yes", "ref": "E-S", "smoothness": "excellent", "source:maxspeed": "PT:rural", "surface": "asphalt"}}, {"type": "Feature", "geometry": {"type": "LineString", "coordinates": [[-25.5015275, 37.7182424], [-25.5012351, 37.7181533], [-25.5010394, 37.7181028]]}, "properties": {"bicycle": "no", "change:lanes": "no|no", "check_date:smoothness": "2024-06-13", "destination": "Povoa\u00e7\u00e3o;Furnas;Vila Franca do Campo", "foot": "no", "highway": "trunk", "lanes": "2", "lit": "yes", "maxspeed": "90", "minspeed": "40", "oneway": "yes", "ref": "E-S", "sidewalk": "no", "smoothness": "excellent", "source:maxspeed": "PT:rural", "surface": "asphalt"}}, {"type": "Feature", "geometry": {"type": "LineString", "coordinates": [[-25.4983475, 37.7180663], [-25.4986191, 37.7180291], [-25.4989585, 37.7179951], [-25.49922, 37.7179839]]}, "properties": {"bicycle": "no", "check_date:surface": "2024-06-13", "highway": "trunk", "lanes": "2", "maxspeed": "90", "oneway": "yes", "ref": "E-S", "smoothness": "excellent", "source:maxspeed": "PT:rural", "surface": "asphalt"}}, {"type": "Feature", "geometry": {"type": "LineString", "coordinates": [[-25.4992158, 37.717904], [-25.498946, 37.717917], [-25.498595, 37.7179537], [-25.4983489, 37.7179867], [-25.4980593, 37.7180334], [-25.4976588, 37.7181245]]}, "properties": {"bicycle": "no", "check_date:surface": "2024-06-13", "highway": "trunk", "lanes": "2", "maxspeed": "90", "minspeed": "40", "oneway": "yes", "ref": "E-S", "smoothness": "excellent", "source:maxspeed": "PT:rural", "surface": "asphalt"}}, {"type": "Feature", "geometry": {"type": "LineString", "coordinates": [[-25.5010394, 37.7181028], [-25.5007197, 37.7180268], [-25.5003951, 37.7179737], [-25.5000776, 37.7179326], [-25.4997531, 37.7179119]]}, "properties": {"bicycle": "no", "check_date:smoothness": "2024-06-13", "foot": "no", "highway": "trunk", "lanes": "2", "lit": "yes", "maxspeed": "90", "minspeed": "40", "oneway": "yes", "ref": "E-S", "sidewalk": "no", "smoothness": "excellent", "source:maxspeed": "PT:rural", "surface": "asphalt"}}, {"type": "Feature", "geometry": {"type": "LineString", "coordinates": [[-25.4555449, 37.7271636], [-25.4552911, 37.727155], [-25.454995, 37.7271318], [-25.4546953, 37.7270959], [-25.4543889, 37.7270533]]}, "properties": {"bicycle": "no", "bridge": "yes", "highway": "trunk", "lanes": "2", "layer": "1", "maxspeed": "90", "maxweight:signed": "no", "minspeed": "40", "oneway": "yes", "ref": "E-S", "shoulder": "no", "smoothness": "excellent", "source:maxspeed": "PT:rural", "surface": "asphalt"}}, {"type": "Feature", "geometry": {"type": "LineString", "coordinates": [[-25.4543728, 37.7271254], [-25.4546688, 37.7271793], [-25.4549655, 37.7272145], [-25.4552871, 37.7272453], [-25.4555315, 37.7272548]]}, "properties": {"bicycle": "no", "bridge": "yes", "highway": "trunk", "lanes": "2", "layer": "1", "maxspeed": "90", "maxweight:signed": "no", "oneway": "yes", "ref": "E-S", "shoulder": "no", "smoothness": "excellent", "source:maxspeed": "PT:rural", "surface": "asphalt"}}, {"type": "Feature", "geometry": {"type": "LineString", "coordinates": [[-25.4555315, 37.7272548], [-25.4558051, 37.7272591], [-25.4563188, 37.7272345], [-25.4569637, 37.7271619], [-25.4574886, 37.7270455], [-25.4579884, 37.7268942], [-25.4584367, 37.7267219], [-25.4589397, 37.7264835], [-25.459563, 37.7261236], [-25.4604681, 37.7255253], [-25.4610656, 37.7251739], [-25.4616223, 37.7248824], [-25.46206, 37.724709], [-25.4624749, 37.7245628], [-25.4625936, 37.7245337]]}, "properties": {"bicycle": "no", "check_date:smoothness": "2024-06-13", "highway": "trunk", "lanes": "2", "maxspeed": "90", "oneway": "yes", "ref": "E-S", "shoulder": "no", "smoothness": "excellent", "source:maxspeed": "PT:rural", "surface": "asphalt"}}, {"type": "Feature", "geometry": {"type": "LineString", "coordinates": [[-25.4661591, 37.7237627], [-25.4655817, 37.7239262], [-25.4650762, 37.7240386], [-25.4639348, 37.7241914], [-25.4637304, 37.7242244]]}, "properties": {"bicycle": "no", "check_date:smoothness": "2024-06-13", "highway": "trunk", "lanes": "2", "maxheight": "default", "maxheight:signed": "no", "maxspeed": "90", "minspeed": "40", "oneway": "yes", "ref": "E-S", "shoulder": "no", "smoothness": "excellent", "source:maxspeed": "PT:rural", "surface": "asphalt"}}, {"type": "Feature", "geometry": {"type": "LineString", "coordinates": [[-25.470576, 37.7216455], [-25.4708937, 37.721506], [-25.4713254, 37.7213485], [-25.4716904, 37.7212206]]}, "properties": {"bicycle": "no", "bridge": "yes", "highway": "trunk", "lanes": "2", "layer": "1", "maxspeed": "90", "maxweight:signed": "no", "oneway": "yes", "ref": "E-S", "shoulder": "no", "smoothness": "excellent", "source:maxspeed": "PT:rural", "surface": "asphalt"}}, {"type": "Feature", "geometry": {"type": "LineString", "coordinates": [[-25.471724, 37.7211024], [-25.471272, 37.7212446], [-25.4708093, 37.7214121], [-25.4705005, 37.7215429]]}, "properties": {"bicycle": "no", "bridge": "yes", "highway": "trunk", "lanes": "2", "layer": "1", "maxspeed": "90", "maxweight:signed": "no", "minspeed": "40", "oneway": "yes", "ref": "E-S", "shoulder": "no", "smoothness": "excellent", "source:maxspeed": "PT:rural", "surface": "asphalt"}}, {"type": "Feature", "geometry": {"type": "LineString", "coordinates": [[-25.4705005, 37.7215429], [-25.4699791, 37.7217929], [-25.4695138, 37.7220666], [-25.4674663, 37.7232609]]}, "properties": {"bicycle": "no", "check_date:smoothness": "2024-06-11", "highway": "trunk", "lanes": "2", "maxheight": "default", "maxheight:signed": "no", "maxspeed": "90", "minspeed": "40", "oneway": "yes", "ref": "E-S", "shoulder": "no", "smoothness": "excellent", "source:maxspeed": "PT:rural", "surface": "asphalt"}}, {"type": "Feature", "geometry": {"type": "LineString", "coordinates": [[-25.4674913, 37.7233423], [-25.4700647, 37.721884], [-25.470576, 37.7216455]]}, "properties": {"bicycle": "no", "check_date:smoothness": "2024-06-11", "highway": "trunk", "lanes": "2", "maxheight": "default", "maxheight:signed": "no", "maxspeed": "90", "oneway": "yes", "ref": "E-S", "shoulder": "no", "smoothness": "excellent", "source:maxspeed": "PT:rural", "surface": "asphalt"}}, {"type": "Feature", "geometry": {"type": "LineString", "coordinates": [[-25.486314, 37.7252396], [-25.4858646, 37.7251482], [-25.4854876, 37.7250359], [-25.4851446, 37.7249315], [-25.4847881, 37.7248011], [-25.4844484, 37.7246624]]}, "properties": {"bicycle": "no", "bridge": "yes", "highway": "trunk", "lanes": "2", "layer": "1", "maxheight": "default", "maxheight:signed": "no", "maxspeed": "90", "maxweight:signed": "no", "minspeed": "40", "oneway": "yes", "ref": "E-S", "shoulder": "no", "smoothness": "excellent", "source:maxspeed": "PT:rural", "surface": "asphalt"}}, {"type": "Feature", "geometry": {"type": "LineString", "coordinates": [[-25.4844381, 37.7247517], [-25.4847642, 37.7248876], [-25.4851274, 37.7250232], [-25.4854703, 37.7251249], [-25.4858513, 37.7252271], [-25.4863191, 37.7253231]]}, "properties": {"bicycle": "no", "bridge": "yes", "highway": "trunk", "lanes": "2", "layer": "1", "maxheight": "default", "maxheight:signed": "no", "maxspeed": "90", "maxweight:signed": "no", "minspeed": "40", "oneway": "yes", "ref": "E-S", "shoulder": "no", "smoothness": "excellent", "source:maxspeed": "PT:rural", "surface": "asphalt"}}, {"type": "Feature", "geometry": {"type": "LineString", "coordinates": [[-25.4903826, 37.7246986], [-25.4900466, 37.724845], [-25.4896946, 37.7249788], [-25.4893363, 37.725093], [-25.488945, 37.7252004], [-25.4885557, 37.7252616], [-25.4881438, 37.7253098], [-25.487741, 37.725341], [-25.487256, 37.7253299], [-25.4868531, 37.7253037], [-25.486314, 37.7252396]]}, "properties": {"bicycle": "no", "check_date:smoothness": "2024-06-13", "highway": "trunk", "lanes": "2", "maxspeed": "90", "minspeed": "40", "oneway": "yes", "ref": "E-S", "shoulder": "no", "smoothness": "excellent", "source:maxspeed": "PT:rural", "surface": "asphalt"}}, {"type": "Feature", "geometry": {"type": "LineString", "coordinates": [[-25.4863191, 37.7253231], [-25.4868338, 37.7253883], [-25.4872632, 37.7254097], [-25.4877502, 37.7254176], [-25.4881457, 37.7253867], [-25.4885872, 37.7253331], [-25.4889619, 37.7252772], [-25.4893862, 37.7251827], [-25.4897746, 37.725059], [-25.4901002, 37.724933], [-25.490436, 37.7247801]]}, "properties": {"bicycle": "no", "check_date:smoothness": "2024-06-13", "highway": "trunk", "lanes": "2", "maxspeed": "90", "minspeed": "40", "oneway": "yes", "ref": "E-S", "shoulder": "no", "smoothness": "excellent", "source:maxspeed": "PT:rural", "surface": "asphalt"}}, {"type": "Feature", "geometry": {"type": "LineString", "coordinates": [[-25.4976588, 37.7181245], [-25.4974672, 37.7181787], [-25.4972076, 37.7182679]]}, "properties": {"bicycle": "no", "change:lanes": "not_left|not_right|no", "check_date:smoothness": "2024-06-13", "foot": "no", "highway": "trunk", "lanes": "3", "lit": "yes", "maxspeed": "90", "minspeed": "40", "oneway": "yes", "placement": "right_of:1", "ref": "E-S", "shoulder": "no", "sidewalk": "no", "smoothness": "excellent", "source:maxspeed": "PT:rural", "surface": "asphalt"}}, {"type": "Feature", "geometry": {"type": "LineString", "coordinates": [[-25.4471945, 37.7209363], [-25.4468311, 37.7207668], [-25.4464979, 37.7206337], [-25.4462349, 37.7205465], [-25.4459071, 37.7204569], [-25.4455657, 37.7203867]]}, "properties": {"bicycle": "no", "check_date:smoothness": "2024-06-13", "highway": "trunk", "lanes": "2", "maxspeed": "90", "oneway": "yes", "ref": "E-S", "shoulder": "no", "smoothness": "excellent", "source:maxspeed": "PT:rural", "surface": "asphalt"}}, {"type": "Feature", "geometry": {"type": "LineString", "coordinates": [[-25.4497527, 37.7236069], [-25.4493437, 37.7230235], [-25.4489889, 37.7225647], [-25.448826, 37.7223552], [-25.4485725, 37.7220656], [-25.4483524, 37.7218264], [-25.4480746, 37.7215582], [-25.4477772, 37.7213092], [-25.4474701, 37.7211018], [-25.4471945, 37.7209363]]}, "properties": {"bicycle": "no", "check_date:smoothness": "2024-06-13", "destination": "Povoa\u00e7\u00e3o;Furnas;Vila Franco do Campo", "highway": "trunk", "lanes": "2", "maxspeed": "90", "minspeed": "40", "oneway": "yes", "ref": "E-S", "shoulder": "no", "smoothness": "excellent", "source:maxspeed": "PT:rural", "surface": "asphalt"}}, {"type": "Feature", "geometry": {"type": "LineString", "coordinates": [[-25.4420174, 37.7207282], [-25.441935, 37.7207606], [-25.4418103, 37.7207999], [-25.4417117, 37.7208136], [-25.4416072, 37.720798]]}, "properties": {"bicycle": "no", "check_date:smoothness": "2024-06-13", "destination": "Povoa\u00e7\u00e3o;Furnas;Vila Franco do Campo", "foot": "no", "highway": "trunk", "lanes": "1", "lit": "yes", "maxspeed": "90", "oneway": "yes", "ref": "E-S", "shoulder": "no", "smoothness": "excellent", "source:maxspeed": "PT:rural", "surface": "asphalt"}}, {"type": "Feature", "geometry": {"type": "LineString", "coordinates": [[-25.4498564, 37.7239273], [-25.4499471, 37.7240482]]}, "properties": {"bicycle": "no", "change:lanes": "not_left|not_right|no", "foot": "no", "highway": "trunk", "lanes": "3", "lit": "yes", "maxspeed": "90", "oneway": "yes", "placement": "right_of:1", "ref": "E-S", "shoulder": "no", "sidewalk": "no", "smoothness": "excellent", "source:maxspeed": "PT:rural", "surface": "asphalt"}}, {"type": "Feature", "geometry": {"type": "LineString", "coordinates": [[-25.4500085, 37.7240016], [-25.4499095, 37.7238622]]}, "properties": {"bicycle": "no", "change:lanes": "no|no|no", "check_date:smoothness": "2024-06-13", "destination:lanes": "Povoa\u00e7\u00e3o;Furnas;Vila Franco do Campo|Povoa\u00e7\u00e3o;Furnas;Vila Franco do Campo|\u00c1gua d'Alto", "highway": "trunk", "lanes": "3", "maxspeed": "90", "minspeed": "40", "oneway": "yes", "placement": "right_of:1", "ref": "E-S", "shoulder": "no", "smoothness": "excellent", "source:maxspeed": "PT:rural", "surface": "asphalt", "turn:lanes": "||slight_right"}}, {"type": "Feature", "geometry": {"type": "LineString", "coordinates": [[-25.4499095, 37.7238622], [-25.4497527, 37.7236069]]}, "properties": {"bicycle": "no", "change:lanes": "no|no", "check_date:smoothness": "2024-06-13", "destination": "Povoa\u00e7\u00e3o;Furnas;Vila Franco do Campo", "highway": "trunk", "lanes": "2", "maxspeed": "90", "minspeed": "40", "oneway": "yes", "ref": "E-S", "shoulder": "no", "smoothness": "excellent", "source:maxspeed": "PT:rural", "surface": "asphalt"}}, {"type": "Feature", "geometry": {"type": "LineString", "coordinates": [[-25.4510763, 37.7252838], [-25.4508363, 37.7250283], [-25.45062, 37.7247759], [-25.4504326, 37.7245574], [-25.4502113, 37.7242646], [-25.4500085, 37.7240016]]}, "properties": {"bicycle": "no", "change:lanes": "no|not_left|not_right", "check_date:smoothness": "2024-06-13", "destination:lanes": "Povoa\u00e7\u00e3o;Furnas;Vila Franco do Campo|Povoa\u00e7\u00e3o;Furnas;Vila Franco do Campo|\u00c1gua d'Alto", "highway": "trunk", "lanes": "3", "maxspeed": "90", "minspeed": "40", "oneway": "yes", "placement": "right_of:1", "ref": "E-S", "shoulder": "no", "smoothness": "excellent", "source:maxspeed": "PT:rural", "surface": "asphalt", "turn:lanes": "||slight_right"}}, {"type": "Feature", "geometry": {"type": "LineString", "coordinates": [[-25.4499471, 37.7240482], [-25.4501483, 37.7243261], [-25.4503521, 37.7245987], [-25.4505369, 37.7248314], [-25.4507531, 37.7250686], [-25.451014, 37.7253313], [-25.4512641, 37.7255619]]}, "properties": {"bicycle": "no", "check_date:smoothness": "2024-06-13", "foot": "no", "highway": "trunk", "lanes": "3", "lit": "yes", "maxspeed": "90", "oneway": "yes", "placement": "right_of:1", "ref": "E-S", "shoulder": "no", "sidewalk": "no", "smoothness": "excellent", "source:maxspeed": "PT:rural", "surface": "asphalt", "turn:lanes": "||merge_to_left"}}, {"type": "Feature", "geometry": {"type": "LineString", "coordinates": [[-25.4543889, 37.7270533], [-25.4540615, 37.7269774], [-25.4535925, 37.7268479], [-25.4532489, 37.7267266], [-25.4529388, 37.7266011], [-25.4526481, 37.7264593], [-25.4523583, 37.7263021], [-25.4520408, 37.7260942], [-25.4516315, 37.7257931], [-25.4513255, 37.7255172], [-25.4510763, 37.7252838]]}, "properties": {"bicycle": "no", "highway": "trunk", "lanes": "2", "maxspeed": "90", "minspeed": "40", "oneway": "yes", "ref": "E-S", "shoulder": "no", "smoothness": "excellent", "source:maxspeed": "PT:rural", "surface": "asphalt"}}, {"type": "Feature", "geometry": {"type": "LineString", "coordinates": [[-25.4512641, 37.7255619], [-25.4515913, 37.7258462], [-25.4519925, 37.7261476], [-25.4523168, 37.7263642], [-25.4526132, 37.7265314], [-25.4528912, 37.7266644], [-25.4532033, 37.7267966], [-25.4535664, 37.7269254], [-25.4540455, 37.7270589], [-25.4543728, 37.7271254]]}, "properties": {"bicycle": "no", "highway": "trunk", "lanes": "2", "maxspeed": "90", "oneway": "yes", "ref": "E-S", "shoulder": "no", "smoothness": "excellent", "source:maxspeed": "PT:rural", "surface": "asphalt"}}, {"type": "Feature", "geometry": {"type": "LineString", "coordinates": [[-25.4430948, 37.7204419], [-25.4426615, 37.7205423], [-25.4422895, 37.7206423], [-25.4420174, 37.7207282]]}, "properties": {"bicycle": "no", "destination:lanes": "Povoa\u00e7\u00e3o;Furnas;Vila Franco do Campo|Parque industrial;Vila Franco do Campo-Centro", "foot": "no", "highway": "trunk", "lanes": "2", "lit": "yes", "maxspeed": "50", "oneway": "yes", "ref": "E-S", "shoulder": "no", "smoothness": "excellent", "source:maxspeed": "sign", "surface": "asphalt"}}, {"type": "Feature", "geometry": {"type": "LineString", "coordinates": [[-25.4368124, 37.7220284], [-25.4372588, 37.7219277]]}, "properties": {"bicycle": "no", "bridge": "yes", "highway": "trunk", "lanes": "2", "layer": "1", "lit": "yes", "maxspeed": "80", "oneway": "yes", "ref": "E-S", "shoulder:right": "yes", "sidewalk": "no", "source:maxspeed": "sign", "surface": "asphalt"}}, {"type": "Feature", "geometry": {"type": "LineString", "coordinates": [[-25.4372588, 37.7219277], [-25.4382743, 37.7216955], [-25.439229, 37.7214851]]}, "properties": {"bicycle": "no", "highway": "trunk", "lanes": "2", "lit": "yes", "maxspeed": "80", "oneway": "yes", "ref": "E-S", "shoulder:right": "yes", "sidewalk": "no", "smoothness": "excellent", "source:maxspeed": "sign", "surface": "asphalt"}}, {"type": "Feature", "geometry": {"type": "LineString", "coordinates": [[-25.4173898, 37.7243183], [-25.4180074, 37.7242752]]}, "properties": {"bicycle": "no", "highway": "trunk", "lanes": "2", "lit": "yes", "maxspeed": "60", "oneway": "yes", "placement": "middle_of:2", "ref": "E-S", "shoulder:right": "yes", "sidewalk": "no", "smoothness": "excellent", "source:maxspeed": "sign", "surface": "asphalt", "turn:lanes": "merge_to_right|through"}}, {"type": "Feature", "geometry": {"type": "LineString", "coordinates": [[-25.4177841, 37.7242136], [-25.417412, 37.7242442]]}, "properties": {"destination": "Povoa\u00e7\u00e3o;Furnas", "foot": "yes", "highway": "trunk", "lanes": "1", "lit": "yes", "maxspeed": "60", "oneway": "yes", "ref": "E-S", "sidewalk": "no", "smoothness": "excellent", "source:maxspeed": "sign", "surface": "asphalt"}}, {"type": "Feature", "geometry": {"type": "LineString", "coordinates": [[-25.4188462, 37.7241764], [-25.4185069, 37.7241692], [-25.4177841, 37.7242136]]}, "properties": {"bicycle": "no", "destination:lanes": "Povoa\u00e7\u00e3o;Furnas|Ribeira das Ta\u00ednhas", "highway": "trunk", "lanes": "2", "lit": "yes", "maxspeed": "60", "oneway": "yes", "placement": "middle_of:1", "ref": "E-S", "shoulder:right": "yes", "sidewalk": "no", "smoothness": "excellent", "source:maxspeed": "sign", "surface": "asphalt", "turn:lanes": "through|right"}}, {"type": "Feature", "geometry": {"type": "LineString", "coordinates": [[-25.4310487, 37.7232096], [-25.4303697, 37.7233533]]}, "properties": {"bicycle": "no", "highway": "trunk", "lanes": "2", "lit": "yes", "maxspeed": "60", "oneway": "yes", "ref": "E-S", "shoulder:right": "yes", "sidewalk": "no", "smoothness": "excellent", "source:maxspeed": "sign", "surface": "asphalt"}}, {"type": "Feature", "geometry": {"type": "LineString", "coordinates": [[-25.4285882, 37.7236287], [-25.428883, 37.7237012], [-25.4290268, 37.7237366]]}, "properties": {"foot": "no", "highway": "trunk", "lanes": "1", "lit": "yes", "maxspeed": "40", "oneway": "yes", "ref": "E-S", "sidewalk": "no", "smoothness": "excellent", "surface": "asphalt"}}, {"type": "Feature", "geometry": {"type": "LineString", "coordinates": [[-25.5018854, 37.7183824], [-25.5015275, 37.7182424]]}, "properties": {"bicycle": "no", "change:lanes": "no|not_left|not_right", "check_date:smoothness": "2024-06-13", "destination:lanes": "Povoa\u00e7\u00e3o;Furnas;Vila Franca do Campo|Povoa\u00e7\u00e3o;Furnas;Vila Franca do Campo|\u00c1gua d'Alto;Ribeira Ch\u00e3;\u00c1gua de Pau (Nascente)", "foot": "no", "highway": "trunk", "lanes": "3", "lit": "yes", "maxspeed": "90", "maxspeed:lanes": "90|90|50", "minspeed": "40", "oneway": "yes", "placement": "right_of:1", "ref": "E-S", "sidewalk": "no", "smoothness": "excellent", "source:maxspeed": "PT:rural", "surface": "asphalt", "turn:lanes": "||slight_right"}}, {"type": "Feature", "geometry": {"type": "LineString", "coordinates": [[-25.4637471, 37.7243114], [-25.4639509, 37.7242805], [-25.4645733, 37.7241959], [-25.4650815, 37.724115], [-25.4656099, 37.7239983], [-25.4661832, 37.7238412]]}, "properties": {"bicycle": "no", "check_date:smoothness": "2024-06-13", "highway": "trunk", "lanes": "2", "maxheight": "default", "maxheight:signed": "no", "maxspeed": "90", "oneway": "yes", "ref": "E-S", "shoulder": "no", "smoothness": "excellent", "source:maxspeed": "PT:rural", "surface": "asphalt"}}, {"type": "Feature", "geometry": {"type": "LineString", "coordinates": [[-25.4625936, 37.7245337], [-25.4629318, 37.724451], [-25.4633836, 37.7243664], [-25.4637471, 37.7243114]]}, "properties": {"bicycle": "no", "bridge": "yes", "check_date:smoothness": "2024-06-13", "highway": "trunk", "lanes": "2", "layer": "1", "maxspeed": "90", "maxweight:signed": "no", "oneway": "yes", "ref": "E-S", "shoulder": "no", "smoothness": "excellent", "source:maxspeed": "PT:rural", "surface": "asphalt"}}, {"type": "Feature", "geometry": {"type": "LineString", "coordinates": [[-25.4637304, 37.7242244], [-25.4633634, 37.7242835], [-25.4629045, 37.7243761], [-25.4625596, 37.7244578]]}, "properties": {"bicycle": "no", "bridge": "yes", "highway": "trunk", "lanes": "2", "layer": "1", "maxspeed": "90", "maxweight:signed": "no", "minspeed": "40", "oneway": "yes", "ref": "E-S", "shoulder": "no", "smoothness": "excellent", "source:maxspeed": "PT:rural", "surface": "asphalt"}}, {"type": "Feature", "geometry": {"type": "LineString", "coordinates": [[-25.4625596, 37.7244578], [-25.4624627, 37.7244807], [-25.462009, 37.7246093], [-25.4615742, 37.7247897], [-25.4610071, 37.7250903], [-25.4604329, 37.7254317], [-25.4594857, 37.7260104], [-25.4588678, 37.726376], [-25.4583686, 37.7266204], [-25.457916, 37.7267966], [-25.457432, 37.7269442], [-25.4569197, 37.7270635], [-25.4563111, 37.7271409], [-25.4558104, 37.7271678], [-25.4555449, 37.7271636]]}, "properties": {"bicycle": "no", "check_date:smoothness": "2024-06-13", "highway": "trunk", "lanes": "2", "maxspeed": "90", "minspeed": "40", "oneway": "yes", "ref": "E-S", "shoulder": "no", "smoothness": "excellent", "source:maxspeed": "PT:rural", "surface": "asphalt"}}, {"type": "Feature", "geometry": {"type": "LineString", "coordinates": [[-25.5558564, 37.7457334], [-25.5574949, 37.7463357], [-25.5586848, 37.7467767], [-25.5591006, 37.7469496], [-25.5594483, 37.7471141], [-25.5597481, 37.7472714], [-25.5601776, 37.7475096], [-25.5605213, 37.7477223], [-25.5608397, 37.7479463], [-25.5611298, 37.7481629], [-25.561371, 37.7483502], [-25.5616809, 37.7485985], [-25.5639902, 37.7504415], [-25.5644765, 37.7508062], [-25.5646154, 37.7509013], [-25.5647708, 37.7510054], [-25.5649971, 37.7511445], [-25.5652659, 37.7512894], [-25.5655028, 37.7514143], [-25.5659106, 37.7515933], [-25.566206, 37.7517087], [-25.5665164, 37.7518202], [-25.5667755, 37.7518993], [-25.5670389, 37.7519674], [-25.5673822, 37.7520435], [-25.567693, 37.7520983], [-25.567996, 37.752139], [-25.5682805, 37.7521737], [-25.5685228, 37.7521953], [-25.5687802, 37.7522078], [-25.5691819, 37.7522163], [-25.569579, 37.7522216], [-25.5704699, 37.7522179], [-25.5723382, 37.752182], [-25.572992, 37.7521637]]}, "properties": {"bicycle": "no", "highway": "trunk", "lanes": "1", "lit": "yes", "maxspeed": "90", "oneway": "yes", "ref": "E-S", "shoulder:left": "yes", "shoulder:right": "yes", "sidewalk": "no", "smoothness": "excellent", "source:maxspeed": "PT:rural", "surface": "asphalt"}}, {"type": "Feature", "geometry": {"type": "LineString", "coordinates": [[-25.573831, 37.7521511], [-25.574056, 37.7521518], [-25.574561, 37.7521439]]}, "properties": {"bicycle": "no", "highway": "trunk", "lanes": "2", "lit": "yes", "maxspeed": "100", "minspeed": "40", "oneway": "yes", "ref": "E-S", "shoulder:right": "yes", "sidewalk": "no", "smoothness": "excellent", "surface": "asphalt"}}, {"type": "Feature", "geometry": {"type": "LineString", "coordinates": [[-25.5553956, 37.7455588], [-25.5558564, 37.7457334]]}, "properties": {"bicycle": "no", "bridge": "yes", "highway": "trunk", "lanes": "1", "layer": "1", "lit": "yes", "maxspeed": "90", "maxweight:signed": "no", "oneway": "yes", "ref": "E-S", "shoulder:left": "yes", "shoulder:right": "yes", "sidewalk": "no", "smoothness": "excellent", "source:maxspeed": "PT:rural", "surface": "asphalt"}}, {"type": "Feature", "geometry": {"type": "LineString", "coordinates": [[-25.5509425, 37.7427491], [-25.5517945, 37.7434882], [-25.5521576, 37.7437638], [-25.5524948, 37.7439984], [-25.5527707, 37.7441749], [-25.5532355, 37.7444765], [-25.553589, 37.7446885], [-25.5539199, 37.7448733], [-25.5542338, 37.7450356], [-25.554583, 37.7452073], [-25.554925, 37.7453594], [-25.5553956, 37.7455588]]}, "properties": {"bicycle": "no", "highway": "trunk", "lanes": "1", "lit": "yes", "maxspeed": "90", "oneway": "yes", "ref": "E-S", "shoulder:left": "yes", "shoulder:right": "yes", "sidewalk": "no", "smoothness": "excellent", "source:maxspeed": "PT:rural", "surface": "asphalt"}}, {"type": "Feature", "geometry": {"type": "LineString", "coordinates": [[-25.550289, 37.7421496], [-25.5509425, 37.7427491]]}, "properties": {"bicycle": "no", "bridge": "yes", "highway": "trunk", "lanes": "1", "layer": "1", "lit": "yes", "maxspeed": "90", "maxweight:signed": "no", "oneway": "yes", "ref": "E-S", "shoulder:left": "yes", "shoulder:right": "yes", "sidewalk": "no", "smoothness": "excellent", "source:maxspeed": "PT:rural", "surface": "asphalt"}}, {"type": "Feature", "geometry": {"type": "MultiPolygon", "coordinates": [[[[-25.4294259, 37.7235823], [-25.4294124, 37.7235343], [-25.4293835, 37.7234907], [-25.429347, 37.7234583], [-25.4293021, 37.7234334], [-25.4292274, 37.7234133], [-25.4291484, 37.7234135], [-25.4290739, 37.7234342], [-25.4290263, 37.7234616], [-25.4289886, 37.7234975], [-25.4289569, 37.7235575], [-25.4289529, 37.7236225], [-25.4289772, 37.7236847], [-25.4290268, 37.7237366], [-25.4290885, 37.7237695], [-25.4291601, 37.7237858], [-25.4292345, 37.7237837], [-25.4293044, 37.7237635], [-25.4293631, 37.7237272], [-25.4294047, 37.7236783], [-25.4294233, 37.7236314], [-25.4294259, 37.7235823]]]]}, "properties": {"bicycle": "no", "highway": "trunk", "junction": "roundabout", "lanes": "2", "ref": "E-S", "smoothness": "excellent", "surface": "asphalt"}}, {"type": "Feature", "geometry": {"type": "MultiPolygon", "coordinates": [[[[-25.4417056, 37.7209354], [-25.4416901, 37.7208827], [-25.4416564, 37.7208356], [-25.4416072, 37.720798], [-25.4415654, 37.7207789], [-25.4415197, 37.7207669], [-25.4414472, 37.7207629], [-25.4413765, 37.7207764], [-25.4413142, 37.720806], [-25.4412648, 37.7208505], [-25.4412352, 37.7209049], [-25.4412288, 37.7209685], [-25.4412495, 37.7210302], [-25.4412948, 37.7210829], [-25.4413538, 37.7211183], [-25.4414235, 37.7211377], [-25.4414852, 37.7211403], [-25.4415457, 37.7211304], [-25.4416009, 37.7211085], [-25.4416472, 37.7210762], [-25.4416816, 37.7210357], [-25.4417016, 37.7209895], [-25.4417056, 37.7209354]]]]}, "properties": {"bicycle": "no", "foot": "no", "highway": "trunk", "junction": "roundabout", "lanes": "2", "maxspeed": "80", "maxspeed:type": "sign", "ref": "E-S", "smoothness": "excellent", "surface": "asphalt"}}]}