{"type": "FeatureCollection", "features": [{"type": "Feature", "geometry": {"type": "LineString", "coordinates": [[-8.5664592, 41.1664763], [-8.5645256, 41.1671192]]}, "properties": {"highway": "primary", "lanes": "2", "name": "Rua de Afonso de Albuquerque", "oneway": "no", "ref": "EN 15", "surface": "asphalt"}}, {"type": "Feature", "geometry": {"type": "LineString", "coordinates": [[-8.2911244, 41.1989987], [-8.291284, 41.1988565], [-8.2920127, 41.1983626], [-8.2921182, 41.1982909], [-8.2929456, 41.1976939], [-8.2930207, 41.1976408], [-8.2938894, 41.1970273], [-8.2940714, 41.1969012], [-8.2945336, 41.1965811], [-8.2948221, 41.1963807], [-8.2950341, 41.196201], [-8.2951181, 41.1961297], [-8.2955558, 41.1956954], [-8.2956916, 41.1955489], [-8.2958022, 41.1954403], [-8.2968504, 41.1944111], [-8.2971204, 41.1941433], [-8.297274, 41.1939909], [-8.297965, 41.1933053], [-8.2981667, 41.193121], [-8.2982396, 41.1930638], [-8.2983102, 41.1930151]]}, "properties": {"highway": "primary", "ref": "EN 15;EN 106", "surface": "paved"}}, {"type": "Feature", "geometry": {"type": "LineString", "coordinates": [[-8.0988828, 41.2936632], [-8.0986529, 41.2934827], [-8.0986041, 41.2934124]]}, "properties": {"highway": "primary", "oneway": "yes", "ref": "EN 15;EN 101"}}, {"type": "Feature", "geometry": {"type": "LineString", "coordinates": [[-8.0986109, 41.2933649], [-8.0985997, 41.2933178], [-8.0985712, 41.2932751], [-8.0985279, 41.2932401], [-8.0984732, 41.2932156], [-8.0984115, 41.2932038], [-8.0983479, 41.2932055], [-8.0982875, 41.2932205], [-8.0982352, 41.2932478], [-8.0981953, 41.293285], [-8.0981709, 41.2933292], [-8.098164, 41.2933767], [-8.0981753, 41.2934238], [-8.0982038, 41.2934665], [-8.0982471, 41.2935015], [-8.0983018, 41.293526], [-8.0983635, 41.2935378], [-8.0984271, 41.2935361], [-8.0984875, 41.2935211], [-8.0985398, 41.2934938], [-8.0985797, 41.2934566], [-8.0986041, 41.2934124], [-8.0986109, 41.2933649]]}, "properties": {"highway": "primary", "junction": "roundabout", "name": "Variante \u00e0 EN 210", "ref": "EN 15;EN 101;EN 210"}}, {"type": "Feature", "geometry": {"type": "LineString", "coordinates": [[-8.1006172, 41.2928867], [-8.1006532, 41.2927669], [-8.1007096, 41.292668], [-8.1007843, 41.2925889], [-8.1016307, 41.2921086], [-8.102204, 41.2917788], [-8.1024297, 41.2916448], [-8.1024775, 41.2916164], [-8.1027806, 41.2914364], [-8.1032441, 41.2911727], [-8.1043215, 41.2905506], [-8.1044885, 41.2904633], [-8.1046056, 41.2904125], [-8.104719, 41.2903767], [-8.1048355, 41.290355], [-8.1049736, 41.2903414], [-8.1050965, 41.2903441], [-8.1052321, 41.2903576], [-8.1053676, 41.2903855], [-8.1054851, 41.2904181], [-8.1056117, 41.2904643], [-8.105734, 41.2905227], [-8.1058383, 41.2905942], [-8.1059311, 41.2906774], [-8.1060137, 41.2907697], [-8.1061053, 41.2908801], [-8.1061861, 41.2909793], [-8.1062605, 41.291093], [-8.1063063, 41.2911868], [-8.106335, 41.2912693], [-8.1063516, 41.291365], [-8.1063611, 41.2914823], [-8.1063523, 41.2915638], [-8.1063186, 41.2916862], [-8.1062773, 41.2918085], [-8.1061946, 41.2920342], [-8.1058171, 41.292964], [-8.1057808, 41.2930595], [-8.1057497, 41.2931683], [-8.1057287, 41.2932724], [-8.1057205, 41.2933726], [-8.1057144, 41.2934568], [-8.1057172, 41.2935487], [-8.1057276, 41.2936406], [-8.105747, 41.2937345], [-8.1057904, 41.2938794], [-8.1058466, 41.2940166], [-8.1059206, 41.2941452], [-8.1060024, 41.2942681], [-8.1062219, 41.2945012], [-8.1073659, 41.2954579], [-8.1076441, 41.2956905], [-8.1076582, 41.2957018], [-8.1078155, 41.2958273], [-8.1085277, 41.2963961], [-8.1090671, 41.296815], [-8.1093158, 41.2969051], [-8.1095532, 41.2969494], [-8.1098883, 41.2969701], [-8.1110672, 41.2970181], [-8.1114146, 41.297029], [-8.1120386, 41.297081], [-8.1124059, 41.2972237], [-8.1127655, 41.2975011], [-8.1129935, 41.2978275], [-8.1131916, 41.2982799], [-8.1131232, 41.298551], [-8.1129727, 41.2987642], [-8.1126653, 41.2990079], [-8.1122751, 41.2992936], [-8.1120836, 41.299468], [-8.1119296, 41.2996083], [-8.1118009, 41.2999179], [-8.1112361, 41.3011882], [-8.1112687, 41.3014332], [-8.1113889, 41.3016266], [-8.1114404, 41.301949], [-8.111437, 41.3019878], [-8.1113964, 41.3024494], [-8.1115039, 41.3027253], [-8.1118145, 41.303057], [-8.112272, 41.3032715], [-8.1127139, 41.3033438], [-8.1131925, 41.3033047], [-8.113672, 41.3032579], [-8.1141011, 41.3033353], [-8.1149212, 41.3036052], [-8.1153285, 41.3037375], [-8.1157299, 41.3038678], [-8.116082, 41.3040948], [-8.1163775, 41.3044563], [-8.1164349, 41.3047443], [-8.1163784, 41.3050139], [-8.1162212, 41.3052567], [-8.1161235, 41.3053978], [-8.1160755, 41.3055338], [-8.116105, 41.3057402], [-8.1162469, 41.3059015], [-8.1167083, 41.3060578], [-8.1168153, 41.3060746], [-8.1169052, 41.3060867], [-8.1170927, 41.3060861], [-8.1174909, 41.3059736], [-8.1178759, 41.3058987], [-8.1181506, 41.3059391], [-8.1182912, 41.3060184], [-8.1183927, 41.3060756], [-8.1184942, 41.3061904], [-8.1185862, 41.3062944], [-8.1187372, 41.3065846], [-8.1189248, 41.3068041], [-8.1192853, 41.3069137], [-8.1195428, 41.3069331], [-8.1199376, 41.3068299], [-8.1202707, 41.306644], [-8.1205384, 41.3064946], [-8.1212147, 41.3061385], [-8.1213701, 41.3060977], [-8.121505, 41.3060838], [-8.1216434, 41.3061015], [-8.1218272, 41.3061442], [-8.1219637, 41.3062669], [-8.1220791, 41.3064074], [-8.1221681, 41.3064915], [-8.1223044, 41.306569]]}, "properties": {"highway": "primary", "name": "Rua de Freixo de Baixo", "ref": "EN 15;EN 101", "surface": "asphalt"}}, {"type": "Feature", "geometry": {"type": "LineString", "coordinates": [[-8.0984271, 41.2935361], [-8.0985399, 41.2935601], [-8.0988828, 41.2936632]]}, "properties": {"highway": "primary", "oneway": "yes", "ref": "EN 15;EN 101"}}, {"type": "Feature", "geometry": {"type": "LineString", "coordinates": [[-8.0982875, 41.2932205], [-8.0981544, 41.2931691], [-8.0979286, 41.2930655]]}, "properties": {"highway": "primary", "oneway": "yes", "ref": "EN 15;EN 101"}}, {"type": "Feature", "geometry": {"type": "LineString", "coordinates": [[-8.0979286, 41.2930655], [-8.098089, 41.2932754], [-8.0981709, 41.2933292]]}, "properties": {"highway": "primary", "oneway": "yes", "ref": "EN 15;EN 101"}}, {"type": "Feature", "geometry": {"type": "LineString", "coordinates": [[-8.0684693, 41.2652123], [-8.0687673, 41.2652346], [-8.068943, 41.2652795], [-8.0691005, 41.2653267], [-8.0696244, 41.2655465], [-8.069981, 41.2657237], [-8.0700983, 41.2657872], [-8.0705929, 41.2660551], [-8.0707282, 41.2661284], [-8.0713068, 41.2664754], [-8.0716875, 41.2667037], [-8.0717389, 41.2667402], [-8.0717853, 41.2667743], [-8.071831, 41.2668092], [-8.0722759, 41.267207], [-8.0723692, 41.2672959], [-8.0723882, 41.2673265], [-8.0724071, 41.2673694]]}, "properties": {"highway": "primary", "lanes": "2", "name": "Rua da Estrada Real", "oneway": "yes", "ref": "EN 15;EN 101;EM 210;EM 312", "surface": "asphalt"}}, {"type": "Feature", "geometry": {"type": "LineString", "coordinates": [[-8.0743097, 41.2686962], [-8.0756318, 41.270585]]}, "properties": {"bridge": "yes", "highway": "primary", "lanes": "2", "layer": "1", "oneway": "no", "ref": "EN 15;EN 101;EM 210;EM 312", "surface": "asphalt"}}, {"type": "Feature", "geometry": {"type": "LineString", "coordinates": [[-8.0725782, 41.2675899], [-8.0726861, 41.2676253], [-8.0728724, 41.2677]]}, "properties": {"highway": "primary", "lanes": "1", "oneway": "yes", "ref": "EN 15;EN 101;EM 210;EM 312", "surface": "asphalt"}}, {"type": "Feature", "geometry": {"type": "LineString", "coordinates": [[-8.0756318, 41.270585], [-8.0757208, 41.2707677], [-8.0757658, 41.2709645], [-8.0757627, 41.2710916], [-8.0757295, 41.2712934], [-8.0756441, 41.2714617], [-8.0753099, 41.2719277], [-8.0749149, 41.2724684], [-8.0748025, 41.272685], [-8.0747833, 41.2728791], [-8.0748553, 41.2730659], [-8.0750138, 41.2732428], [-8.0752885, 41.2733718], [-8.0756401, 41.2733827], [-8.0759534, 41.273299], [-8.0761779, 41.2731615], [-8.0762693, 41.2730629], [-8.0763004, 41.2730278], [-8.0773495, 41.2718964], [-8.0773821, 41.2718612], [-8.0778807, 41.2713228], [-8.0780872, 41.2711408], [-8.0784039, 41.2709745], [-8.0787695, 41.2708779], [-8.0791869, 41.2708434], [-8.0794521, 41.2708681], [-8.0796837, 41.2709247], [-8.0800006, 41.2710624], [-8.0801967, 41.2712014], [-8.080301, 41.2712753], [-8.0804587, 41.2714341], [-8.0808882, 41.2720851], [-8.0810267, 41.2722862], [-8.0810743, 41.2723459], [-8.0812093, 41.2725554]]}, "properties": {"highway": "primary", "lanes": "2", "oneway": "no", "ref": "EN 15;EN 101;EM 210;EM 312", "surface": "asphalt"}}, {"type": "Feature", "geometry": {"type": "LineString", "coordinates": [[-8.0727782, 41.2668182], [-8.0726039, 41.2665868], [-8.0725502, 41.2665177], [-8.0724529, 41.2664134], [-8.0723704, 41.2663318], [-8.072243, 41.266245], [-8.0719087, 41.266075], [-8.0716787, 41.2660008], [-8.0710601, 41.2657914], [-8.070689, 41.2656658], [-8.0704281, 41.2655724], [-8.070086, 41.2654146], [-8.0692574, 41.2649141], [-8.0689705, 41.2647543], [-8.0687566, 41.2646364], [-8.0686468, 41.2645855]]}, "properties": {"highway": "primary", "name": "Rua de Ant\u00f3nio Carneiro", "oneway": "yes", "ref": "EN 15;EN 101;EM 210;EM 312", "surface": "asphalt"}}, {"type": "Feature", "geometry": {"type": "LineString", "coordinates": [[-8.0684693, 41.2652123], [-8.0685951, 41.2651776], [-8.0687026, 41.2651175], [-8.0687829, 41.2650368], [-8.0688293, 41.2649423], [-8.0688381, 41.2648418], [-8.0688144, 41.2647631], [-8.0688085, 41.2647436], [-8.0687429, 41.2646557], [-8.0686468, 41.2645855]]}, "properties": {"highway": "primary", "junction": "roundabout", "lanes": "3", "ref": "EN 15;EN 101;EM 210;EM 312", "surface": "asphalt"}}, {"type": "Feature", "geometry": {"type": "LineString", "coordinates": [[-8.068004, 41.2646555], [-8.0677754, 41.2647206], [-8.0676517, 41.2647371], [-8.067541, 41.2647337], [-8.0673835, 41.2647262]]}, "properties": {"highway": "primary", "official_ref": "EM 15;EM 101", "oneway": "yes", "ref": "EN 15;EN 101", "surface": "asphalt"}}, {"type": "Feature", "geometry": {"type": "LineString", "coordinates": [[-8.0669184, 41.2647067], [-8.0670653, 41.2647043], [-8.0672233, 41.264708], [-8.0673835, 41.2647262]]}, "properties": {"highway": "primary", "official_ref": "EM 15;EM 101", "ref": "EN 15;EN 101", "surface": "asphalt"}}, {"type": "Feature", "geometry": {"type": "LineString", "coordinates": [[-8.0577045, 41.2581382], [-8.057644, 41.2581108], [-8.057586, 41.2580863], [-8.0575178, 41.2580581], [-8.0558573, 41.25741], [-8.0557623, 41.2573926], [-8.0556684, 41.2573865], [-8.0555694, 41.2574005], [-8.0553412, 41.257447], [-8.0552554, 41.2574511], [-8.0551642, 41.257449], [-8.055081, 41.2574349], [-8.0549737, 41.2573865], [-8.0548879, 41.2573301], [-8.0548128, 41.2572898], [-8.0547263, 41.2572661], [-8.0546465, 41.2572615], [-8.0545312, 41.2572756], [-8.0541379, 41.2574005], [-8.054043, 41.2574027], [-8.0539545, 41.2573845], [-8.0538794, 41.2573523], [-8.0538097, 41.2573018], [-8.0537677, 41.2572499], [-8.0535248, 41.2569388], [-8.0533671, 41.2567369], [-8.0533161, 41.2566506], [-8.0533011, 41.2565664], [-8.0533215, 41.2561989], [-8.0532947, 41.2561182], [-8.0532652, 41.2560678], [-8.0531874, 41.2560114], [-8.0528116, 41.2558187], [-8.0524921, 41.2556619], [-8.052364, 41.2556202], [-8.0522808, 41.2556], [-8.052203, 41.2555885], [-8.0521118, 41.2555819], [-8.0520019, 41.2555859], [-8.0519051, 41.2556018], [-8.0517761, 41.2556274], [-8.0515995, 41.2556625], [-8.0515325, 41.2556686], [-8.0514386, 41.2556605], [-8.0513408, 41.2556209], [-8.0512777, 41.2555738], [-8.0512374, 41.2555375], [-8.0512106, 41.2554972], [-8.0511918, 41.2554165], [-8.0511773, 41.255129], [-8.051157, 41.2550778], [-8.0511167, 41.2550273], [-8.0510796, 41.2549851], [-8.0509612, 41.2549023], [-8.0500779, 41.2544303], [-8.0499929, 41.2544023], [-8.0499124, 41.2543902], [-8.0498239, 41.2543781], [-8.04973, 41.2543861], [-8.0496281, 41.2544063], [-8.0495492, 41.2544322], [-8.0491399, 41.2546019], [-8.0490232, 41.2546382], [-8.0489294, 41.2546593], [-8.0488442, 41.2546715], [-8.0487027, 41.2546825], [-8.0485874, 41.2546906], [-8.0484729, 41.2546909], [-8.0483661, 41.2546805], [-8.0482361, 41.2546573], [-8.0476606, 41.2545308], [-8.0475279, 41.2545131], [-8.0474127, 41.2545122], [-8.0472963, 41.2545226], [-8.0471203, 41.2545591], [-8.0470224, 41.2545586], [-8.0469446, 41.2545454], [-8.0468758, 41.2545151], [-8.0468091, 41.2544687], [-8.0467394, 41.2543962], [-8.0465275, 41.2540998], [-8.0464792, 41.2540494], [-8.0463819, 41.2539994], [-8.0462646, 41.2539707], [-8.0461181, 41.2539537], [-8.0459818, 41.2539457], [-8.045843, 41.2539375], [-8.0457909, 41.2539275], [-8.0457055, 41.2539038], [-8.0456559, 41.2538878], [-8.0456186, 41.2538707], [-8.0455412, 41.2538328], [-8.045474, 41.2537935], [-8.0454188, 41.253757], [-8.0453662, 41.2537125], [-8.0452772, 41.2536067], [-8.0451608, 41.2534685], [-8.0450049, 41.2532826], [-8.0449287, 41.2532238], [-8.0448643, 41.2531834], [-8.0447865, 41.2531512], [-8.0446846, 41.253127], [-8.044556, 41.2531158], [-8.0431549, 41.2530576], [-8.0430548, 41.2530633], [-8.0429663, 41.2530814], [-8.0429039, 41.2531024], [-8.0426256, 41.2532165], [-8.0424244, 41.2533274], [-8.0422978, 41.2534132], [-8.0421884, 41.253515], [-8.0420892, 41.2536158], [-8.0420355, 41.2536743], [-8.0419631, 41.2537106], [-8.04188, 41.2537307], [-8.0418007, 41.2537392], [-8.0417002, 41.2537327], [-8.041601, 41.2537126], [-8.0415179, 41.2536642], [-8.041306, 41.253521], [-8.0412255, 41.2534888], [-8.0411263, 41.2534585], [-8.0410243, 41.2534323], [-8.040903, 41.2534151], [-8.0405952, 41.2534041], [-8.0404584, 41.253398], [-8.0403645, 41.253392], [-8.0402599, 41.2533778], [-8.040166, 41.2533516], [-8.040099, 41.2533234], [-8.0400259, 41.2532803], [-8.0388732, 41.2522446], [-8.0388001, 41.2521946], [-8.0387302, 41.2521612], [-8.0386347, 41.2521314], [-8.0376061, 41.2518255], [-8.0371189, 41.2516806], [-8.0370378, 41.2516616], [-8.0369523, 41.2516546], [-8.0368672, 41.2516572], [-8.0367813, 41.2516753], [-8.0367028, 41.2517064], [-8.0366565, 41.2517315], [-8.036574, 41.2517971], [-8.0364307, 41.2519085], [-8.0363389, 41.251955], [-8.0362553, 41.2519841], [-8.0361422, 41.2520064]]}, "properties": {"highway": "primary", "lanes": "2", "lit": "yes", "note": "confirmado nas placas como N15", "official_ref": "EM 15", "ref": "EN 15", "sidewalk:both": "no", "surface": "asphalt"}}, {"type": "Feature", "geometry": {"type": "LineString", "coordinates": [[-7.5069599, 41.3821388], [-7.5065408, 41.3824297]]}, "properties": {"bridge": "yes", "highway": "primary", "layer": "1", "official_ref": "EM 15;IC 5", "ref": "EN 15;IC 5"}}, {"type": "Feature", "geometry": {"type": "LineString", "coordinates": [[-7.7227102, 41.3091033], [-7.7225524, 41.3090719], [-7.7224779, 41.3090572], [-7.7224182, 41.3090481], [-7.7223619, 41.3090421], [-7.7222954, 41.3090386], [-7.7222316, 41.3090394], [-7.7221699, 41.3090442], [-7.722121, 41.3090511], [-7.722072, 41.3090615], [-7.7220224, 41.3090751], [-7.7219715, 41.309092], [-7.7219287, 41.3091076], [-7.7218879, 41.3091245], [-7.7218482, 41.3091433], [-7.7216228, 41.3092509], [-7.7209386, 41.3095901]]}, "properties": {"highway": "primary", "lanes": "2", "lit": "yes", "maxspeed": "50", "name": "Rua do Boque", "official_ref": "EM 15", "oneway": "no", "ref": "EN 15", "source": "Dire\u00e7\u00e3o-Geral do Territ\u00f3rio", "surface": "asphalt"}}, {"type": "Feature", "geometry": {"type": "LineString", "coordinates": [[-7.7605159, 41.2848956], [-7.7604608, 41.2848582], [-7.7603867, 41.2848081], [-7.7603557, 41.284786], [-7.7603244, 41.2847635], [-7.7602501, 41.2847071], [-7.7602111, 41.2846777]]}, "properties": {"highway": "primary", "official_ref": "EM 15", "oneway": "yes", "ref": "EN 15", "source": "Bing", "surface": "asphalt"}}, {"type": "Feature", "geometry": {"type": "LineString", "coordinates": [[-7.7601311, 41.2848748], [-7.7602764, 41.2848636], [-7.7603148, 41.2848622], [-7.7603502, 41.2848626], [-7.7603862, 41.2848654], [-7.7604172, 41.2848707], [-7.7604468, 41.284877], [-7.7605159, 41.2848956]]}, "properties": {"highway": "primary", "official_ref": "EM 15", "oneway": "yes", "ref": "EN 15", "source": "Bing", "surface": "asphalt"}}, {"type": "Feature", "geometry": {"type": "LineString", "coordinates": [[-8.5580043, 41.1717485], [-8.5578403, 41.171847], [-8.5577087, 41.1719404], [-8.5576385, 41.1719913], [-8.5566203, 41.1727293], [-8.5565615, 41.172764], [-8.5557838, 41.1732229], [-8.5557252, 41.1732582], [-8.5556645, 41.1733002]]}, "properties": {"highway": "primary", "lanes": "2", "name": "Rua Pedro \u00c1lvares Cabral", "oneway": "no", "ref": "EN 15", "source": "Bing", "surface": "asphalt"}}, {"type": "Feature", "geometry": {"type": "LineString", "coordinates": [[-8.5272511, 41.1832497], [-8.5271646, 41.1833787], [-8.5270975, 41.1835035]]}, "properties": {"highway": "primary", "name": "Rua Vasco da Gama", "oneway": "no", "ref": "EN 15", "source": "Bing", "surface": "asphalt"}}, {"type": "Feature", "geometry": {"type": "LineString", "coordinates": [[-8.5176915, 41.1941173], [-8.5177447, 41.1940422], [-8.5177988, 41.1939919], [-8.517862, 41.1939494]]}, "properties": {"highway": "primary", "name": "Rua Vasco da Gama", "oneway": "yes", "ref": "EN 15", "surface": "asphalt"}}, {"type": "Feature", "geometry": {"type": "LineString", "coordinates": [[-8.5184691, 41.1910306], [-8.5184555, 41.1911813], [-8.5183895, 41.1913196], [-8.5183777, 41.1922341], [-8.5183556, 41.1924154], [-8.5182968, 41.1925644], [-8.5181851, 41.1928835], [-8.5181674, 41.1930374], [-8.5181262, 41.1934681], [-8.5181105, 41.1935462], [-8.5180841, 41.1936317], [-8.5180402, 41.1936969], [-8.5179991, 41.1937459], [-8.5179615, 41.1937835], [-8.5178516, 41.1938653]]}, "properties": {"highway": "primary", "name": "Rua Vasco da Gama", "oneway": "yes", "ref": "EN 15", "source": "bing"}}, {"type": "Feature", "geometry": {"type": "LineString", "coordinates": [[-8.3879493, 41.1926188], [-8.3878053, 41.1925724], [-8.3874479, 41.1924242], [-8.3871576, 41.1923026], [-8.3868499, 41.1921786], [-8.3867716, 41.1921473], [-8.3866794, 41.1921099]]}, "properties": {"highway": "primary", "maxspeed": "50", "name": "Avenida dos Bombeiros Volunt\u00e1rios", "ref": "EN 15", "source:ref": "survey", "surface": "asphalt"}}, {"type": "Feature", "geometry": {"type": "LineString", "coordinates": [[-8.5097087, 41.1912507], [-8.5096215, 41.1913548], [-8.5096106, 41.191365], [-8.5094333, 41.1915084]]}, "properties": {"highway": "primary", "lanes": "1", "name": "Rua do Conde Ferreira", "oneway": "yes", "ref": "EN 15", "source": "Bing"}}, {"type": "Feature", "geometry": {"type": "LineString", "coordinates": [[-8.5173981, 41.1940299], [-8.5172768, 41.1940071], [-8.5172287, 41.1939981], [-8.5171066, 41.1939478], [-8.5166009, 41.1935631], [-8.5164211, 41.1934836]]}, "properties": {"highway": "primary", "lanes": "3", "name": "Rua Ribeiro do Cambado", "oneway": "yes", "ref": "EN 15", "source": "Bing", "surface": "asphalt"}}, {"type": "Feature", "geometry": {"type": "LineString", "coordinates": [[-8.4938977, 41.1884651], [-8.4940042, 41.1884913], [-8.4944828, 41.188621], [-8.4947756, 41.1887226], [-8.4949285, 41.1887859], [-8.4953952, 41.1889836], [-8.4955832, 41.1890482], [-8.4957545, 41.1890935], [-8.4959769, 41.1891331], [-8.4960997, 41.1891485]]}, "properties": {"highway": "primary", "name": "Rua do Padr\u00e3o", "old_ref": "EN 15", "oneway": "yes", "ref": "EN 15", "surface": "asphalt"}}, {"type": "Feature", "geometry": {"type": "LineString", "coordinates": [[-8.3229071, 41.2034374], [-8.3229309, 41.2034928], [-8.3229548, 41.2035633], [-8.3229876, 41.2036929], [-8.3230666, 41.2040395], [-8.3230913, 41.2041272], [-8.3231172, 41.2042069], [-8.3231868, 41.2043098], [-8.3232526, 41.204369], [-8.323304, 41.2044045]]}, "properties": {"highway": "primary", "lanes": "2", "name": "Avenida Francisco S\u00e1 Carneiro", "oneway": "yes", "ref": "EN 15", "source": "Bing", "surface": "asphalt"}}, {"type": "Feature", "geometry": {"type": "LineString", "coordinates": [[-8.3354214, 41.2063304], [-8.3354756, 41.2063339], [-8.3355744, 41.2063426], [-8.3356417, 41.2063268]]}, "properties": {"highway": "primary", "junction": "roundabout", "lanes": "2", "name": "Rotunda 25 de Abril", "ref": "EN 15", "surface": "asphalt"}}, {"type": "Feature", "geometry": {"type": "LineString", "coordinates": [[-8.323304, 41.2044045], [-8.3235186, 41.2045345]]}, "properties": {"highway": "primary", "lanes": "2", "layer": "-1", "oneway": "yes", "ref": "EN 15", "source": "Bing", "surface": "asphalt", "tunnel": "yes"}}, {"type": "Feature", "geometry": {"type": "LineString", "coordinates": [[-8.3248627, 41.2046345], [-8.324877, 41.2045883], [-8.3248727, 41.204541], [-8.3248502, 41.2044967], [-8.3248115, 41.2044592]]}, "properties": {"highway": "primary", "junction": "roundabout", "lanes": "2", "name": "Rotunda Francisco S\u00e1 Carneiro", "ref": "EN 15", "surface": "asphalt"}}, {"type": "Feature", "geometry": {"type": "LineString", "coordinates": [[-8.3238658, 41.2046979], [-8.3240565, 41.2047013], [-8.3242542, 41.2046845], [-8.3242879, 41.2046817], [-8.3243552, 41.204676], [-8.3244944, 41.2046721]]}, "properties": {"highway": "primary", "lanes": "1", "oneway": "yes", "ref": "EN 15", "surface": "asphalt"}}, {"type": "Feature", "geometry": {"type": "LineString", "coordinates": [[-8.3077796, 41.1981282], [-8.3079208, 41.1983715], [-8.3080077, 41.198512], [-8.3081204, 41.1986207], [-8.3082001, 41.198668], [-8.3082687, 41.1987087], [-8.3083953, 41.1988256]]}, "properties": {"highway": "primary", "lanes": "1", "lit": "yes", "oneway": "yes", "ref": "EN 15", "surface": "asphalt"}}, {"type": "Feature", "geometry": {"type": "LineString", "coordinates": [[-8.3152981, 41.201374], [-8.3158704, 41.2018428]]}, "properties": {"bridge": "yes", "highway": "primary", "lanes": "2", "layer": "1", "lit": "yes", "name": "Avenida Central de Guilhufe", "oneway": "yes", "ref": "EN 15", "surface": "asphalt"}}, {"type": "Feature", "geometry": {"type": "LineString", "coordinates": [[-8.4532164, 41.1851954], [-8.4539193, 41.1850654], [-8.4541323, 41.1850248]]}, "properties": {"bridge": "yes", "highway": "primary", "lanes": "2", "layer": "1", "lit": "yes", "name": "Rua Central de Campo", "oneway": "yes", "ref": "EN 15", "surface": "asphalt"}}, {"type": "Feature", "geometry": {"type": "LineString", "coordinates": [[-8.4444667, 41.1827454], [-8.4450877, 41.1831729], [-8.4456662, 41.1834878], [-8.4458487, 41.1835872], [-8.4469409, 41.1841795], [-8.4480331, 41.1847717]]}, "properties": {"highway": "primary", "lanes": "2", "lit": "yes", "name": "Rua Central de Gandra", "ref": "EN 15", "source": "Bing", "surface": "asphalt"}}, {"type": "Feature", "geometry": {"type": "LineString", "coordinates": [[-7.7247931, 41.3097277], [-7.7248242, 41.3097742], [-7.7248694, 41.3098123], [-7.7249276, 41.3098388], [-7.7249936, 41.3098512]]}, "properties": {"highway": "primary", "junction": "roundabout", "lanes": "2", "lit": "yes", "maxspeed": "50", "official_ref": "EM 15", "ref": "EN 15", "source": "Bing", "surface": "asphalt"}}, {"type": "Feature", "geometry": {"type": "LineString", "coordinates": [[-7.7250264, 41.3098517], [-7.7250688, 41.3098852], [-7.7251011, 41.3099118], [-7.725128, 41.3099403], [-7.7251513, 41.3099674], [-7.7251689, 41.3099984], [-7.7252009, 41.3100567]]}, "properties": {"highway": "primary", "lane_markings": "no", "lanes": "1", "maxspeed": "50", "official_ref": "EM 15", "oneway": "yes", "ref": "EN 15", "surface": "asphalt"}}, {"type": "Feature", "geometry": {"type": "LineString", "coordinates": [[-7.7246234, 41.3094748], [-7.7246846, 41.3095029], [-7.7247144, 41.309522], [-7.7247388, 41.309544], [-7.7247588, 41.3095674], [-7.7247965, 41.3096233]]}, "properties": {"highway": "primary", "lanes": "1", "lit": "yes", "maxspeed": "50", "official_ref": "EM 15", "oneway": "yes", "ref": "EN 15", "surface": "asphalt"}}, {"type": "Feature", "geometry": {"type": "LineString", "coordinates": [[-7.7252009, 41.3100567], [-7.7252147, 41.3099754], [-7.7252296, 41.3098019], [-7.7252331, 41.3097336]]}, "properties": {"highway": "primary", "lane_markings": "no", "lanes": "1", "maxspeed": "50", "official_ref": "EM 15", "oneway": "yes", "ref": "EN 15", "surface": "asphalt"}}, {"type": "Feature", "geometry": {"type": "LineString", "coordinates": [[-7.7249331, 41.3095212], [-7.7246234, 41.3094748]]}, "properties": {"highway": "primary", "lanes": "1", "lit": "yes", "maxspeed": "50", "official_ref": "EM 15", "oneway": "yes", "ref": "EN 15", "surface": "asphalt"}}, {"type": "Feature", "geometry": {"type": "LineString", "coordinates": [[-7.7252009, 41.3100567], [-7.7251853, 41.3103565], [-7.7251782, 41.3104867], [-7.7251761, 41.310696], [-7.7251781, 41.3107491], [-7.7251828, 41.310797], [-7.7251882, 41.3108453], [-7.7251965, 41.310893], [-7.7252054, 41.3109403], [-7.7252182, 41.3109851], [-7.7252317, 41.3110278], [-7.7252547, 41.3110797], [-7.725272, 41.3111201], [-7.7252942, 41.3111594], [-7.7253169, 41.3111967], [-7.7253458, 41.3112386], [-7.7253783, 41.3112834], [-7.7254082, 41.311321], [-7.7254515, 41.3113684], [-7.7254985, 41.3114149], [-7.7255436, 41.3114521], [-7.7255902, 41.3114867], [-7.7256363, 41.3115192], [-7.7256786, 41.3115463], [-7.7257182, 41.3115701], [-7.725758, 41.311593], [-7.7257953, 41.3116131], [-7.7258318, 41.3116307], [-7.7258652, 41.3116453], [-7.7260858, 41.3117411], [-7.7261526, 41.3117692], [-7.726206, 41.3117906]]}, "properties": {"highway": "primary", "lanes": "2", "layer": "1", "maxspeed": "50", "name": "Rua Comiss\u00e3o Permanente do Circuito de Vila Real", "official_ref": "EM 15", "oneway": "no", "ref": "EN 15", "surface": "asphalt"}}, {"type": "Feature", "geometry": {"type": "LineString", "coordinates": [[-7.7332127, 41.309054], [-7.7334287, 41.3090371], [-7.7334829, 41.3090341], [-7.7335392, 41.3090312], [-7.7335954, 41.3090292], [-7.7336491, 41.3090286], [-7.7337013, 41.3090295], [-7.733748, 41.3090324], [-7.733802, 41.3090372], [-7.7338509, 41.3090432], [-7.7339023, 41.3090511], [-7.7339548, 41.3090611], [-7.7340082, 41.3090724], [-7.7340592, 41.3090839], [-7.7341037, 41.3090953], [-7.7341494, 41.309107], [-7.7341954, 41.3091193], [-7.7342433, 41.3091335], [-7.7342899, 41.3091475], [-7.7343333, 41.3091606], [-7.7343815, 41.3091774], [-7.7344224, 41.309192], [-7.7344625, 41.3092079], [-7.7344978, 41.3092229], [-7.7345785, 41.30926]]}, "properties": {"highway": "primary", "lane_markings": "yes", "lanes": "2", "lit": "yes", "maxspeed": "50", "name": "Rua Fundadores do Circuito de Vila Real", "official_ref": "EM 15", "oneway": "yes", "ref": "EN 15", "source": "Dire\u00e7\u00e3o-Geral do Territ\u00f3rio", "surface": "asphalt"}}, {"type": "Feature", "geometry": {"type": "LineString", "coordinates": [[-8.4441688, 41.1825403], [-8.4441148, 41.1825015], [-8.4439295, 41.1823614], [-8.4438756, 41.1823146], [-8.4438328, 41.1822691]]}, "properties": {"highway": "primary", "lit": "yes", "name": "Rua Central de Gandra", "oneway": "yes", "ref": "EN 15", "source": "Bing", "surface": "asphalt"}}, {"type": "Feature", "geometry": {"type": "LineString", "coordinates": [[-8.3866794, 41.1921099], [-8.3864906, 41.1920336], [-8.3862451, 41.1919343], [-8.3853505, 41.1915687], [-8.3852144, 41.1915142], [-8.3850132, 41.1914319], [-8.3843645, 41.1911742], [-8.3841623, 41.191085], [-8.3840305, 41.1909943], [-8.3839116, 41.1908841], [-8.3838297, 41.1907669], [-8.383794, 41.190706], [-8.3836425, 41.1903154], [-8.3835995, 41.1902369], [-8.3835387, 41.1901372], [-8.3834588, 41.1900498], [-8.3833342, 41.1899456], [-8.3832154, 41.1898729], [-8.3830066, 41.1897826], [-8.38241, 41.189522], [-8.382331, 41.1894875], [-8.3816263, 41.1891807], [-8.3800584, 41.1884932], [-8.3794146, 41.1882109], [-8.3783392, 41.1877409], [-8.3765643, 41.1869783]]}, "properties": {"highway": "primary", "maxspeed": "50", "name": "Avenida dos Bombeiros Volunt\u00e1rios", "ref": "EN 15", "source": "Bing", "source:ref": "survey", "surface": "asphalt"}}, {"type": "Feature", "geometry": {"type": "LineString", "coordinates": [[-8.3765643, 41.1869783], [-8.3763438, 41.1868836]]}, "properties": {"bridge": "yes", "highway": "primary", "layer": "1", "name": "Avenida dos Bombeiros Volunt\u00e1rios", "ref": "EN 15", "source": "Bing", "surface": "asphalt"}}, {"type": "Feature", "geometry": {"type": "LineString", "coordinates": [[-8.3353771, 41.2058933], [-8.3351165, 41.2058813], [-8.334996, 41.2058591], [-8.3349068, 41.2058258], [-8.3348224, 41.2057915], [-8.3347339, 41.2057411], [-8.3345794, 41.2056498]]}, "properties": {"highway": "primary", "lanes": "1", "name": "Avenida Comendador Ab\u00edlio Seabra", "oneway": "yes", "ref": "EN 15", "source": "Bing", "surface": "asphalt"}}, {"type": "Feature", "geometry": {"type": "LineString", "coordinates": [[-8.3345794, 41.2056498], [-8.3346652, 41.2057363], [-8.3348538, 41.2058795], [-8.3350848, 41.2060117], [-8.335155, 41.2060902], [-8.3352156, 41.2061406]]}, "properties": {"highway": "primary", "lanes": "1", "name": "Avenida Comendador Ab\u00edlio Seabra", "oneway": "yes", "ref": "EN 15", "source": "Bing", "surface": "asphalt"}}, {"type": "Feature", "geometry": {"type": "LineString", "coordinates": [[-8.3345794, 41.2056498], [-8.3342984, 41.2054392], [-8.333745, 41.2050351], [-8.3336989, 41.2050014], [-8.3336242, 41.2049513]]}, "properties": {"highway": "primary", "name": "Avenida Comendador Ab\u00edlio Seabra", "oneway": "no", "ref": "EN 15", "source": "Bing", "surface": "asphalt"}}, {"type": "Feature", "geometry": {"type": "LineString", "coordinates": [[-8.3248115, 41.2044592], [-8.3248283, 41.2044035], [-8.32488, 41.2041891], [-8.3249225, 41.2041147], [-8.3250657, 41.2039421], [-8.3251613, 41.2038453], [-8.3252396, 41.2038037], [-8.3253066, 41.2037977], [-8.3253775, 41.2038174]]}, "properties": {"highway": "primary", "lanes": "1", "name": "Avenida Francisco S\u00e1 Carneiro", "oneway": "yes", "ref": "EN 15", "source": "Bing", "surface": "asphalt"}}, {"type": "Feature", "geometry": {"type": "LineString", "coordinates": [[-8.3286152, 41.2028584], [-8.3285667, 41.2028773], [-8.3285171, 41.2028884], [-8.3283664, 41.202884], [-8.3273033, 41.2028573], [-8.32726, 41.2028562], [-8.3271653, 41.2028711], [-8.3270284, 41.2028926], [-8.3268249, 41.2029492], [-8.3266773, 41.2030011], [-8.3265485, 41.2030465], [-8.326441, 41.2030948], [-8.3264056, 41.2031141], [-8.3260017, 41.2033327], [-8.3257033, 41.2035111], [-8.3256285, 41.2035706], [-8.3255601, 41.2035969], [-8.3254669, 41.2036108]]}, "properties": {"highway": "primary", "lanes": "1", "name": "Avenida Francisco S\u00e1 Carneiro", "oneway": "yes", "ref": "EN 15", "source": "Bing", "surface": "asphalt"}}, {"type": "Feature", "geometry": {"type": "LineString", "coordinates": [[-8.4738585, 41.1833739], [-8.4738722, 41.1832984], [-8.4738764, 41.183277], [-8.4738853, 41.183248], [-8.4739163, 41.1831813]]}, "properties": {"highway": "primary", "lanes": "1", "lit": "yes", "name": "Rua Central de Campo", "oneway": "yes", "ref": "EN 15", "source": "Bing", "surface": "asphalt"}}, {"type": "Feature", "geometry": {"type": "LineString", "coordinates": [[-8.4735077, 41.1836436], [-8.4735662, 41.183653], [-8.4736259, 41.1836528], [-8.4736843, 41.183643], [-8.4737288, 41.1836283], [-8.4737694, 41.183608], [-8.4738046, 41.1835827], [-8.4738335, 41.1835532], [-8.4738551, 41.1835203], [-8.4738717, 41.1834722], [-8.4738728, 41.1834225], [-8.4738585, 41.1833739]]}, "properties": {"highway": "primary", "junction": "roundabout", "lanes": "2", "lit": "yes", "ref": "EN 15", "source": "Bing", "surface": "asphalt"}}, {"type": "Feature", "geometry": {"type": "LineString", "coordinates": [[-8.4739163, 41.1831813], [-8.4738089, 41.1832095], [-8.47363, 41.183235]]}, "properties": {"highway": "primary", "lanes": "1", "lit": "yes", "name": "Rua Central de Campo", "oneway": "yes", "ref": "EN 15", "source": "Bing", "surface": "asphalt"}}, {"type": "Feature", "geometry": {"type": "LineString", "coordinates": [[-8.4730038, 41.1835303], [-8.4731444, 41.1835072], [-8.4732055, 41.1835074], [-8.4733309, 41.1835131]]}, "properties": {"highway": "primary", "lanes": "1", "lit": "yes", "name": "Rua Central de Campo", "oneway": "yes", "ref": "EN 15", "surface": "asphalt"}}, {"type": "Feature", "geometry": {"type": "LineString", "coordinates": [[-8.4733292, 41.1833779], [-8.4731898, 41.1834443], [-8.4728893, 41.1835433]]}, "properties": {"highway": "primary", "lanes": "1", "lit": "yes", "name": "Rua Central de Campo", "oneway": "yes", "ref": "EN 15", "source": "Bing", "surface": "asphalt"}}, {"type": "Feature", "geometry": {"type": "LineString", "coordinates": [[-8.4754655, 41.1822693], [-8.4757882, 41.1821676], [-8.4758219, 41.182157], [-8.47623, 41.1820765], [-8.4765011, 41.1820526], [-8.4767663, 41.1820385], [-8.4771032, 41.1820605], [-8.4774351, 41.1820996], [-8.4784198, 41.1822923], [-8.478698, 41.1823473], [-8.478994, 41.1824039], [-8.479181, 41.1824182], [-8.4792991, 41.1824202], [-8.4799521, 41.1824224]]}, "properties": {"highway": "primary", "lanes": "2", "lit": "yes", "name": "Rua Central de Campo", "ref": "EN 15", "source": "Bing", "surface": "asphalt"}}, {"type": "Feature", "geometry": {"type": "LineString", "coordinates": [[-8.4799521, 41.1824224], [-8.4809329, 41.1824231], [-8.4814575, 41.1824353]]}, "properties": {"bridge": "yes", "highway": "primary", "lanes": "2", "layer": "1", "lit": "yes", "name": "Rua Central de Campo", "ref": "EN 15", "source": "Bing", "surface": "asphalt"}}, {"type": "Feature", "geometry": {"type": "LineString", "coordinates": [[-8.4820173, 41.1825577], [-8.4821516, 41.1826132], [-8.4822886, 41.1826762], [-8.4824244, 41.182755], [-8.4825428, 41.1828265], [-8.4826521, 41.1829034]]}, "properties": {"highway": "primary", "lit": "yes", "name": "Rua Fonseca Dias", "ref": "EN 15", "source": "Bing", "surface": "asphalt"}}, {"type": "Feature", "geometry": {"type": "LineString", "coordinates": [[-8.2601087, 41.2189611], [-8.2601611, 41.2189115], [-8.2605929, 41.218503], [-8.2615419, 41.2176051], [-8.2616177, 41.2175334], [-8.2619359, 41.2172323], [-8.2622449, 41.2169935], [-8.2625196, 41.2168256], [-8.2627026, 41.2167475], [-8.2627771, 41.2167158], [-8.2631204, 41.2166061], [-8.2634208, 41.2165544], [-8.2650945, 41.2165415], [-8.2656913, 41.2164652], [-8.2660416, 41.2163285], [-8.2661667, 41.2162455], [-8.2664584, 41.2160519], [-8.2666927, 41.2158555], [-8.2678979, 41.2148453], [-8.2682441, 41.2146224], [-8.2688826, 41.2143122], [-8.2691317, 41.2141507], [-8.2692515, 41.2140179], [-8.2693045, 41.2138903], [-8.2694717, 41.2135563], [-8.2695704, 41.2134174], [-8.2696907, 41.2132948], [-8.2699595, 41.2131221]]}, "properties": {"highway": "primary", "lit": "yes", "name": "Avenida de Santa Marta", "ref": "EN 15", "surface": "asphalt"}}, {"type": "Feature", "geometry": {"type": "LineString", "coordinates": [[-8.2590139, 41.219997], [-8.2595558, 41.2194842]]}, "properties": {"bridge": "yes", "highway": "primary", "layer": "1", "lit": "yes", "ref": "EN 15", "surface": "asphalt"}}, {"type": "Feature", "geometry": {"type": "LineString", "coordinates": [[-8.2159428, 41.2473831], [-8.2159349, 41.2463839], [-8.2159339, 41.2462475]]}, "properties": {"bridge": "yes", "highway": "primary", "layer": "1", "name": "Avenida das \u00c1rvores", "oneway": "yes", "ref": "EN 15", "surface": "asphalt"}}, {"type": "Feature", "geometry": {"type": "LineString", "coordinates": [[-8.2159339, 41.2462475], [-8.2159087, 41.2460757], [-8.2158909, 41.2458621], [-8.2158588, 41.2455617], [-8.2157418, 41.2452597]]}, "properties": {"highway": "primary", "name": "Avenida das \u00c1rvores", "oneway": "yes", "ref": "EN 15", "surface": "asphalt"}}, {"type": "Feature", "geometry": {"type": "LineString", "coordinates": [[-7.7271304, 41.3118744], [-7.7271931, 41.3118478], [-7.7272494, 41.3118201], [-7.7273128, 41.3117856], [-7.7273736, 41.3117502], [-7.7274233, 41.3117188], [-7.727472, 41.3116866], [-7.7281211, 41.3112482]]}, "properties": {"bridge": "yes", "bridge:name": "Ponte da Timpeira", "highway": "primary", "lanes": "2", "layer": "1", "lit": "no", "maxspeed": "50", "name": "Rua Promotores do Circuito de Vila Real", "official_ref": "EM 15", "oneway": "no", "ref": "EN 15", "surface": "asphalt"}}, {"type": "Feature", "geometry": {"type": "LineString", "coordinates": [[-8.2983102, 41.1930151], [-8.298508, 41.1929304], [-8.298693, 41.192891], [-8.2988272, 41.1928789]]}, "properties": {"highway": "primary", "oneway": "yes", "ref": "EN 15;EN 106", "surface": "asphalt"}}, {"type": "Feature", "geometry": {"type": "LineString", "coordinates": [[-8.2986736, 41.1927065], [-8.298567, 41.1927991], [-8.2983102, 41.1930151]]}, "properties": {"highway": "primary", "oneway": "yes", "ref": "EN 15;EN 106", "surface": "asphalt"}}, {"type": "Feature", "geometry": {"type": "LineString", "coordinates": [[-8.2989425, 41.1928789], [-8.2990337, 41.1928406], [-8.2991142, 41.192782], [-8.2991866, 41.1927154], [-8.2992268, 41.1926508]]}, "properties": {"highway": "primary", "junction": "roundabout", "ref": "EN 15;EN 106", "surface": "asphalt"}}, {"type": "Feature", "geometry": {"type": "LineString", "coordinates": [[-8.2989425, 41.1928789], [-8.2991603, 41.1928866], [-8.2992332, 41.192906], [-8.2992895, 41.192921], [-8.2994243, 41.1929647]]}, "properties": {"highway": "primary", "lanes": "2", "oneway": "yes", "ref": "EN 15", "surface": "asphalt"}}, {"type": "Feature", "geometry": {"type": "LineString", "coordinates": [[-8.299552, 41.1929327], [-8.299409, 41.1928526], [-8.2993206, 41.1927913], [-8.2992926, 41.1927719], [-8.2992268, 41.1926508]]}, "properties": {"highway": "primary", "lanes": "2", "oneway": "yes", "ref": "EN 15", "surface": "asphalt"}}, {"type": "Feature", "geometry": {"type": "LineString", "coordinates": [[-8.2705545, 41.2127131], [-8.2705068, 41.212701], [-8.2704309, 41.2126964], [-8.2703565, 41.2127087], [-8.2702902, 41.2127369], [-8.2702377, 41.2127784], [-8.2702067, 41.2128231], [-8.270192, 41.2128724], [-8.2701948, 41.2129228], [-8.2702163, 41.2129735], [-8.2702554, 41.2130179], [-8.2703091, 41.2130526], [-8.2703872, 41.2130779], [-8.2704719, 41.2130827], [-8.2705541, 41.2130664], [-8.2706248, 41.213031], [-8.2706763, 41.2129802], [-8.2707031, 41.2129195], [-8.2707021, 41.2128556], [-8.2706821, 41.212808], [-8.2706467, 41.2127659], [-8.2705981, 41.212732], [-8.2705545, 41.2127131]]}, "properties": {"highway": "primary", "junction": "roundabout", "lit": "yes", "ref": "EN 15", "surface": "asphalt"}}, {"type": "Feature", "geometry": {"type": "LineString", "coordinates": [[-8.270911, 41.2126705], [-8.2712846, 41.2124904], [-8.2713863, 41.212446], [-8.2714831, 41.212411], [-8.2716114, 41.2123695], [-8.2717293, 41.2123362], [-8.2719553, 41.2122806], [-8.272101, 41.2122485], [-8.2729138, 41.2120591], [-8.2730678, 41.2120194], [-8.2731811, 41.2119838], [-8.2732891, 41.2119408], [-8.2733899, 41.211887], [-8.2734706, 41.2118421], [-8.2735679, 41.2117753], [-8.2737834, 41.2116187], [-8.2739043, 41.2115264], [-8.2739812, 41.2114599], [-8.2740639, 41.2113771], [-8.274127, 41.2112983], [-8.2741679, 41.2112279], [-8.2742029, 41.2111612], [-8.2742323, 41.2110859], [-8.2742535, 41.2110054], [-8.2742679, 41.2109162], [-8.2742992, 41.2106957], [-8.2743191, 41.2105956], [-8.2743463, 41.21052], [-8.2743835, 41.2104458], [-8.2744423, 41.2103626], [-8.2745121, 41.2102796], [-8.2746003, 41.2101943], [-8.2747002, 41.2101132], [-8.2747931, 41.2100458], [-8.2749033, 41.2099773], [-8.2749702, 41.2099432], [-8.2750437, 41.2099154], [-8.27511, 41.209897], [-8.2752143, 41.209883], [-8.2753152, 41.2098835], [-8.2754174, 41.2098878], [-8.2756322, 41.2099087], [-8.2757326, 41.2099086], [-8.2758125, 41.2098979], [-8.2758915, 41.2098807], [-8.2759973, 41.2098496], [-8.2769711, 41.2095166], [-8.2771482, 41.2094525], [-8.277231, 41.2094163], [-8.2772911, 41.2093853], [-8.2773583, 41.2093473], [-8.2774091, 41.2093144], [-8.2774578, 41.2092759], [-8.2775415, 41.2091999], [-8.2776159, 41.2091128], [-8.277677, 41.2090315], [-8.2777977, 41.2088533], [-8.2778856, 41.2087445], [-8.277966, 41.2086563], [-8.2780558, 41.2085739], [-8.2781718, 41.2084833], [-8.2782736, 41.2084125], [-8.2783653, 41.2083509], [-8.2791411, 41.207831], [-8.2792627, 41.2077485], [-8.279366, 41.207682]]}, "properties": {"highway": "primary", "lanes": "2", "name": "Rua da Vista Alegre", "oneway": "no", "ref": "EN 15", "surface": "asphalt"}}, {"type": "Feature", "geometry": {"type": "LineString", "coordinates": [[-8.3356417, 41.2063268], [-8.3357383, 41.2063212], [-8.3358898, 41.206294], [-8.3365813, 41.2061325], [-8.3371828, 41.205992]]}, "properties": {"highway": "primary", "name": "Avenida dos Bombeiros Volunt\u00e1rios", "oneway": "yes", "ref": "EN 15", "source": "Bing", "surface": "asphalt"}}, {"type": "Feature", "geometry": {"type": "LineString", "coordinates": [[-8.3235186, 41.2045345], [-8.3236707, 41.2046324], [-8.3238658, 41.2046979]]}, "properties": {"highway": "primary", "lanes": "2", "oneway": "yes", "ref": "EN 15", "surface": "asphalt"}}, {"type": "Feature", "geometry": {"type": "LineString", "coordinates": [[-8.3244658, 41.2045174], [-8.3243806, 41.2045864], [-8.3242786, 41.2046268], [-8.3242344, 41.2046304], [-8.3240952, 41.2046606], [-8.3239087, 41.2046535]]}, "properties": {"highway": "primary", "lanes": "1", "oneway": "yes", "ref": "EN 15", "surface": "asphalt"}}, {"type": "Feature", "geometry": {"type": "LineString", "coordinates": [[-8.3390457, 41.2055403], [-8.3386743, 41.2056192], [-8.3379417, 41.205777], [-8.3377773, 41.2058124], [-8.3376247, 41.2058431], [-8.3375904, 41.2058502], [-8.3369896, 41.2059737], [-8.3369332, 41.2059867], [-8.3365506, 41.2060748], [-8.3362425, 41.2061457], [-8.3360927, 41.206158], [-8.336022, 41.2061532], [-8.3359421, 41.2061225], [-8.3358751, 41.2060796], [-8.3358136, 41.2060251]]}, "properties": {"highway": "primary", "name": "Avenida dos Bombeiros Volunt\u00e1rios", "oneway": "yes", "ref": "EN 15", "source": "Bing", "surface": "asphalt"}}, {"type": "Feature", "geometry": {"type": "LineString", "coordinates": [[-8.0858577, 41.2817284], [-8.0860755, 41.2819976], [-8.0861455, 41.2820841], [-8.0863008, 41.2823572], [-8.0863917, 41.2826452], [-8.0864174, 41.2827483], [-8.0864128, 41.2828667], [-8.0864319, 41.2833054], [-8.0864846, 41.2835631], [-8.086665, 41.2840204], [-8.0868686, 41.2843987], [-8.0870846, 41.2848], [-8.087319, 41.2852355], [-8.0874833, 41.2855407], [-8.0875194, 41.2856078], [-8.0876653, 41.2858207], [-8.0878627, 41.2859625], [-8.0881374, 41.286098], [-8.0885099, 41.2862108], [-8.0885662, 41.2862278], [-8.0887619, 41.2862871], [-8.0888168, 41.2863037], [-8.0898903, 41.2866288], [-8.0899703, 41.286653], [-8.090725, 41.2868815], [-8.0911808, 41.287011], [-8.0913825, 41.2871267], [-8.0915279, 41.2872652], [-8.0916564, 41.287433], [-8.0917766, 41.287691], [-8.0918538, 41.2878587], [-8.0919296, 41.2879618], [-8.0920219, 41.2880298], [-8.0921671, 41.288102], [-8.0922342, 41.2881224], [-8.0922895, 41.2881392], [-8.092556, 41.2881867], [-8.0928924, 41.2881425], [-8.0931413, 41.2880522], [-8.0932114, 41.2880036], [-8.0932814, 41.287955], [-8.0934422, 41.2878435], [-8.0937078, 41.2877168], [-8.093991, 41.2876845], [-8.0943429, 41.2877039], [-8.0944907, 41.2877629], [-8.0946176, 41.2878135], [-8.094731, 41.2878958], [-8.0948665, 41.2879941], [-8.0949961, 41.2881482], [-8.0953518, 41.2885713], [-8.0955765, 41.2888386], [-8.0958937, 41.289216], [-8.09613, 41.2894208], [-8.0964806, 41.2895649], [-8.0965924, 41.2896007], [-8.0969418, 41.2897126], [-8.0970904, 41.2897765], [-8.0972547, 41.2898544], [-8.09745, 41.2900137], [-8.0976216, 41.2902191], [-8.0977676, 41.2905287], [-8.0979221, 41.2909607], [-8.0979754, 41.291369], [-8.097965, 41.2917604], [-8.0979575, 41.2918262], [-8.0979332, 41.2920397], [-8.097859, 41.2927668], [-8.0978599, 41.292961], [-8.0979286, 41.2930655]]}, "properties": {"highway": "primary", "ref": "EN 15;EN 101"}}, {"type": "Feature", "geometry": {"type": "LineString", "coordinates": [[-8.3076769, 41.1979625], [-8.3077796, 41.1981282]]}, "properties": {"highway": "primary", "lanes": "2", "lit": "yes", "oneway": "yes", "ref": "EN 15", "surface": "asphalt"}}, {"type": "Feature", "geometry": {"type": "LineString", "coordinates": [[-8.462731, 41.182875], [-8.4629933, 41.1826374]]}, "properties": {"alt_name": "Ponte de S\u00e3o Martinho de Campo", "bridge": "yes", "bridge:name": "Ponte de S\u00e3o Martinho de Campo", "highway": "primary", "lanes": "2", "layer": "1", "lit": "yes", "name": "Rua Central de Campo", "oneway": "no", "ref": "EN 15", "surface": "asphalt"}}, {"type": "Feature", "geometry": {"type": "LineString", "coordinates": [[-7.5097935, 41.3808678], [-7.5097871, 41.3809001], [-7.509789, 41.3809327], [-7.509799, 41.3809645], [-7.5098169, 41.3809942], [-7.509842, 41.3810208], [-7.5098734, 41.3810434], [-7.5099099, 41.3810612], [-7.5099425, 41.3810716], [-7.5099768, 41.381078], [-7.5100239, 41.3810804], [-7.5100707, 41.3810754], [-7.510115, 41.3810633], [-7.5101551, 41.3810446], [-7.5101893, 41.3810202], [-7.510216, 41.380991], [-7.5102332, 41.3809606], [-7.5102424, 41.3809282], [-7.5102431, 41.3808951], [-7.5102353, 41.3808626], [-7.5102193, 41.3808318], [-7.5101957, 41.3808038], [-7.5101654, 41.3807798], [-7.5101294, 41.3807605], [-7.510089, 41.3807467], [-7.5100459, 41.3807391], [-7.5100016, 41.3807379], [-7.5099579, 41.3807431], [-7.5099163, 41.3807545], [-7.5098784, 41.3807717], [-7.5098568, 41.3807855], [-7.5098292, 41.3808096], [-7.5098079, 41.3808371], [-7.5097935, 41.3808678]]}, "properties": {"highway": "primary", "junction": "roundabout", "lanes": "2", "maxspeed": "50", "official_ref": "EM 15", "ref": "EN 15"}}, {"type": "Feature", "geometry": {"type": "LineString", "coordinates": [[-7.5117161, 41.3805611], [-7.511696, 41.3805038], [-7.5116511, 41.380455], [-7.5115974, 41.3804247], [-7.5115343, 41.3804074], [-7.511466, 41.3804047], [-7.5113996, 41.3804173], [-7.5113413, 41.3804441], [-7.5112961, 41.3804826], [-7.5112681, 41.3805295], [-7.5112598, 41.3805745], [-7.5112675, 41.3806195], [-7.5112907, 41.3806615], [-7.5113278, 41.3806974], [-7.5113928, 41.3807311], [-7.5114692, 41.3807462], [-7.511548, 41.3807409], [-7.5116195, 41.3807157], [-7.5116754, 41.3806738], [-7.5117089, 41.3806201], [-7.5117161, 41.3805611]]}, "properties": {"highway": "primary", "junction": "roundabout", "lanes": "2", "maxspeed": "50", "official_ref": "EM 15", "ref": "EN 15"}}, {"type": "Feature", "geometry": {"type": "LineString", "coordinates": [[-7.8578799, 41.2783556], [-7.8576457, 41.2783538], [-7.8575236, 41.2783565], [-7.8573907, 41.278364], [-7.8572528, 41.278378], [-7.8571347, 41.278393], [-7.8570372, 41.2784097], [-7.856938, 41.2784312], [-7.8568586, 41.2784534], [-7.8567886, 41.2784781], [-7.8567162, 41.2785069], [-7.8566399, 41.2785425], [-7.8560899, 41.2788229], [-7.8560153, 41.27886], [-7.8559314, 41.2788987], [-7.8558459, 41.2789333], [-7.8557577, 41.2789631], [-7.8556669, 41.2789893], [-7.8555639, 41.2790162], [-7.8554525, 41.2790412], [-7.8544797, 41.279251], [-7.8544125, 41.2792637], [-7.8543412, 41.2792751], [-7.8542651, 41.2792848], [-7.8541818, 41.2792932], [-7.8540941, 41.2792993], [-7.8540092, 41.2793031], [-7.8539154, 41.2793041], [-7.8538141, 41.2793029], [-7.8537107, 41.2793001], [-7.8533874, 41.2792875], [-7.8533083, 41.2792867], [-7.8532223, 41.279288], [-7.8531335, 41.2792926], [-7.8530417, 41.2793012], [-7.8529509, 41.2793124], [-7.8528636, 41.2793279], [-7.8527844, 41.2793461], [-7.8527062, 41.2793668], [-7.8526242, 41.2793915], [-7.8508697, 41.2799092], [-7.8503279, 41.2800691], [-7.8502469, 41.2800924], [-7.8501608, 41.2801165], [-7.8500828, 41.2801377], [-7.8500125, 41.2801546], [-7.8499484, 41.2801681], [-7.8498931, 41.2801775], [-7.8498394, 41.2801843], [-7.8497849, 41.2801885], [-7.8497296, 41.2801899], [-7.849675, 41.2801873], [-7.8496125, 41.2801798], [-7.8495516, 41.2801695], [-7.8494932, 41.2801563], [-7.8494344, 41.2801403], [-7.8493716, 41.2801209], [-7.8493065, 41.2800987], [-7.8489165, 41.2799625], [-7.8488694, 41.279948], [-7.8488152, 41.2799341], [-7.8487594, 41.2799241], [-7.8486987, 41.2799183], [-7.8486375, 41.2799164], [-7.848574, 41.2799178], [-7.8485111, 41.2799234], [-7.8484516, 41.2799325], [-7.848395, 41.2799442], [-7.8483348, 41.2799592], [-7.8475227, 41.2801624], [-7.8474505, 41.28018], [-7.8473742, 41.280198], [-7.8472972, 41.2802154], [-7.8472196, 41.2802327], [-7.8471357, 41.2802497], [-7.8470425, 41.2802662], [-7.8469528, 41.2802809], [-7.8468633, 41.280294], [-7.8467792, 41.2803049], [-7.8466991, 41.2803143], [-7.8466239, 41.2803214], [-7.846546, 41.280327], [-7.8464655, 41.2803311], [-7.8463173, 41.280338], [-7.8462412, 41.2803429], [-7.8461663, 41.2803485], [-7.8460892, 41.2803552], [-7.8460023, 41.2803637], [-7.8459001, 41.2803746], [-7.8446922, 41.2805087], [-7.8446048, 41.2805197], [-7.8445189, 41.2805307], [-7.8444321, 41.2805436], [-7.8443618, 41.2805577], [-7.8442794, 41.280579], [-7.8441756, 41.2806154]]}, "properties": {"highway": "primary", "lanes": "2", "maxspeed": "90", "official_ref": "EM 15", "oneway": "no", "ref": "EN 15", "source": "Servi\u00e7os Geogr\u00e1ficos Municipais", "surface": "asphalt"}}, {"type": "Feature", "geometry": {"type": "LineString", "coordinates": [[-7.8069215, 41.2846641], [-7.8069405, 41.2846402], [-7.8069557, 41.2846181], [-7.8069687, 41.2845963], [-7.80698, 41.2845739], [-7.8069903, 41.2845485], [-7.8070013, 41.2845191], [-7.807011, 41.2844919], [-7.8070225, 41.2844623], [-7.8070359, 41.2844355], [-7.8070497, 41.2844123], [-7.8070655, 41.2843905], [-7.8070805, 41.284372], [-7.8071338, 41.2843146]]}, "properties": {"highway": "primary", "lanes": "1", "lit": "yes", "maxspeed": "90", "official_ref": "EM 15", "oneway": "yes", "ref": "EN 15", "source": "Dire\u00e7\u00e3o-Geral do Territ\u00f3rio", "surface": "asphalt"}}, {"type": "Feature", "geometry": {"type": "LineString", "coordinates": [[-8.2110964, 41.2585229], [-8.2110707, 41.2585721], [-8.2110601, 41.2586244], [-8.2110653, 41.2586771], [-8.211086, 41.2587276], [-8.2111211, 41.2587735], [-8.2111689, 41.2588123], [-8.211227, 41.2588421], [-8.2112924, 41.2588614], [-8.211362, 41.2588694], [-8.2114321, 41.2588655], [-8.2114994, 41.2588499], [-8.2115603, 41.2588235], [-8.2116119, 41.2587876], [-8.2116516, 41.2587439], [-8.2116774, 41.2586947], [-8.2116879, 41.2586424], [-8.2116827, 41.2585897], [-8.2116621, 41.2585392], [-8.2116269, 41.2584933], [-8.2115792, 41.2584545], [-8.2115211, 41.2584247], [-8.2114556, 41.2584054], [-8.2113861, 41.2583974], [-8.2113159, 41.2584013], [-8.2112487, 41.2584169], [-8.2111877, 41.2584433], [-8.2111361, 41.2584792], [-8.2110964, 41.2585229]]}, "properties": {"highway": "primary", "junction": "roundabout", "lanes": "3", "lit": "yes", "ref": "EN 15", "surface": "asphalt"}}, {"type": "Feature", "geometry": {"type": "LineString", "coordinates": [[-7.5089661, 41.381126], [-7.5085411, 41.3812196], [-7.5081415, 41.3813256], [-7.5077265, 41.3815435], [-7.5074279, 41.3817655], [-7.5069599, 41.3821388]]}, "properties": {"highway": "primary", "official_ref": "EM 15;IC 5", "ref": "EN 15;IC 5"}}, {"type": "Feature", "geometry": {"type": "LineString", "coordinates": [[-8.4507358, 41.1852555], [-8.4508526, 41.1852133], [-8.4509612, 41.185196], [-8.4510771, 41.1851911], [-8.4512954, 41.185241], [-8.4515352, 41.185361], [-8.4517381, 41.1854146], [-8.4519575, 41.1854244], [-8.4525099, 41.1853162], [-8.4531122, 41.1852116], [-8.4532164, 41.1851954]]}, "properties": {"highway": "primary", "lit": "yes", "name": "Rua Central de Campo", "oneway": "yes", "ref": "EN 15", "source": "bing", "surface": "asphalt"}}, {"type": "Feature", "geometry": {"type": "LineString", "coordinates": [[-8.4573935, 41.1850311], [-8.4579976, 41.1848747], [-8.459894, 41.1841274], [-8.4602448, 41.1839872]]}, "properties": {"highway": "primary", "lit": "yes", "name": "Rua Central de Campo", "ref": "EN 15", "surface": "asphalt"}}, {"type": "Feature", "geometry": {"type": "LineString", "coordinates": [[-8.4541323, 41.1850248], [-8.4543938, 41.1849782], [-8.4545561, 41.1849635], [-8.4547418, 41.1849767]]}, "properties": {"highway": "primary", "lanes": "2", "lit": "yes", "name": "Rua Central de Campo", "oneway": "yes", "ref": "EN 15", "surface": "asphalt"}}, {"type": "Feature", "geometry": {"type": "LineString", "coordinates": [[-8.4519663, 41.1853367], [-8.4517634, 41.1853292], [-8.4515838, 41.1852885], [-8.4514358, 41.1852099], [-8.4512816, 41.1851464], [-8.451062, 41.1851162], [-8.4509206, 41.1851034], [-8.4508572, 41.1850812], [-8.4507537, 41.185012]]}, "properties": {"highway": "primary", "lit": "yes", "maxspeed": "40", "name": "Rua Central de Campo", "oneway": "yes", "ref": "EN 15", "source": "bing", "surface": "asphalt"}}, {"type": "Feature", "geometry": {"type": "LineString", "coordinates": [[-8.4541238, 41.1849541], [-8.4531504, 41.1851273]]}, "properties": {"bridge": "yes", "highway": "primary", "lanes": "2", "layer": "1", "lit": "yes", "name": "Rua Central de Campo", "oneway": "yes", "ref": "EN 15", "source": "BING", "surface": "asphalt"}}, {"type": "Feature", "geometry": {"type": "LineString", "coordinates": [[-8.4546927, 41.1847819], [-8.4545566, 41.184846], [-8.4543708, 41.1849064], [-8.4541238, 41.1849541]]}, "properties": {"highway": "primary", "lanes": "2", "lit": "yes", "name": "Rua Central de Campo", "oneway": "yes", "ref": "EN 15", "source": "BING", "surface": "asphalt"}}, {"type": "Feature", "geometry": {"type": "LineString", "coordinates": [[-8.4502211, 41.1850691], [-8.4501096, 41.1851743], [-8.4500438, 41.1852166], [-8.4499649, 41.185246], [-8.4498675, 41.185262], [-8.4493888, 41.1852176], [-8.4490831, 41.1851756], [-8.4489838, 41.1851553], [-8.4488491, 41.1851128], [-8.4487256, 41.1850667]]}, "properties": {"highway": "primary", "lanes": "1", "lit": "yes", "name": "Rua Central de Gandra", "oneway": "yes", "ref": "EN 15", "source": "BING", "surface": "asphalt"}}, {"type": "Feature", "geometry": {"type": "LineString", "coordinates": [[-8.4550001, 41.1850174], [-8.4552313, 41.185009], [-8.4553997, 41.1850256]]}, "properties": {"highway": "primary", "lit": "yes", "name": "Rua Central de Campo", "oneway": "yes", "ref": "EN 15", "source": "BING", "surface": "asphalt"}}, {"type": "Feature", "geometry": {"type": "LineString", "coordinates": [[-8.4550807, 41.1847263], [-8.455021, 41.1846931], [-8.4549506, 41.1846754], [-8.4548763, 41.1846749], [-8.4548055, 41.1846916], [-8.4547451, 41.1847241]]}, "properties": {"highway": "primary", "junction": "roundabout", "lanes": "2", "lit": "yes", "ref": "EN 15", "source": "bing", "surface": "asphalt"}}, {"type": "Feature", "geometry": {"type": "LineString", "coordinates": [[-8.4507537, 41.185012], [-8.4507069, 41.184967], [-8.4506722, 41.1849474], [-8.4506461, 41.1849327], [-8.4505757, 41.1849114], [-8.4504908, 41.1849047], [-8.4504069, 41.1849168], [-8.4503313, 41.1849467], [-8.4502705, 41.1849918], [-8.4502407, 41.1850286], [-8.4502211, 41.1850691]]}, "properties": {"highway": "primary", "junction": "roundabout", "lanes": "2", "lit": "yes", "ref": "EN 15", "source": "BING", "surface": "asphalt"}}, {"type": "Feature", "geometry": {"type": "LineString", "coordinates": [[-8.4432216, 41.1824152], [-8.4432713, 41.1824965], [-8.4433668, 41.1825634], [-8.4434719, 41.1825939], [-8.4435522, 41.1825979], [-8.4436432, 41.1825837], [-8.4437538, 41.1825323]]}, "properties": {"highway": "primary", "junction": "roundabout", "lit": "yes", "ref": "EN 15", "source": "BING;Bing", "surface": "asphalt"}}, {"type": "Feature", "geometry": {"type": "LineString", "coordinates": [[-8.4649893, 41.1824355], [-8.4655652, 41.1824198], [-8.4658262, 41.1823862], [-8.4664033, 41.1822159], [-8.4666299, 41.1821734], [-8.4670207, 41.1821462], [-8.4672196, 41.1821393], [-8.467388, 41.1821558], [-8.4675555, 41.1821723], [-8.4679458, 41.1823079], [-8.468121, 41.1824292], [-8.468166, 41.182465], [-8.4684957, 41.1827278], [-8.4687746, 41.1828811], [-8.4694661, 41.1832048], [-8.469691, 41.1833124], [-8.4697123, 41.1833214], [-8.469841, 41.1833811], [-8.4701293, 41.183515], [-8.4704619, 41.1836559], [-8.470743, 41.1837403], [-8.4709627, 41.1837827], [-8.4711823, 41.1838118], [-8.4713737, 41.1838213], [-8.471565, 41.1838208], [-8.4718967, 41.1837937], [-8.4722726, 41.1837154], [-8.4728893, 41.1835433]]}, "properties": {"highway": "primary", "lanes": "2", "lit": "yes", "name": "Rua Central de Campo", "oneway": "no", "ref": "EN 15", "surface": "asphalt"}}, {"type": "Feature", "geometry": {"type": "LineString", "coordinates": [[-7.9326216, 41.27572], [-7.9326745, 41.2756749], [-7.9327223, 41.2756006], [-7.9327335, 41.2755282], [-7.9327135, 41.2754658], [-7.9326744, 41.2754164], [-7.9326158, 41.2753713], [-7.9325375, 41.2753364], [-7.932451, 41.2753258], [-7.9323139, 41.2753417], [-7.9321945, 41.2753694], [-7.9316454, 41.2755561], [-7.9310928, 41.2757148], [-7.9307324, 41.2758035], [-7.9300515, 41.2759389], [-7.9296251, 41.2760397], [-7.9292148, 41.2761418], [-7.9289634, 41.2762171], [-7.9285425, 41.2763907], [-7.9284446, 41.2764337], [-7.9283531, 41.2764857], [-7.9281827, 41.2766209], [-7.9280997, 41.2766713], [-7.9280176, 41.276703], [-7.9278751, 41.2767385], [-7.9275781, 41.2767713], [-7.9273798, 41.2768066], [-7.927191, 41.2768641], [-7.9269201, 41.2769448], [-7.9268369, 41.2769538], [-7.9267664, 41.2769373], [-7.9266894, 41.2769034], [-7.9263997, 41.2767371], [-7.9263139, 41.2767089], [-7.9262031, 41.2766992], [-7.9260829, 41.2767092], [-7.9259499, 41.2767369], [-7.9255253, 41.2769085], [-7.925292, 41.2769887], [-7.9251031, 41.2770024]]}, "properties": {"highway": "primary", "lanes": "2", "maxspeed": "60", "official_ref": "EM 15", "oneway": "no", "ref": "EN 15", "surface": "asphalt"}}, {"type": "Feature", "geometry": {"type": "LineString", "coordinates": [[-8.4397047, 41.1841227], [-8.4397378, 41.1840833], [-8.4397852, 41.1840374], [-8.4398485, 41.18399], [-8.4398957, 41.1839614], [-8.4402051, 41.1837903], [-8.4402561, 41.1837621], [-8.4406321, 41.1835557], [-8.4408705, 41.1834249], [-8.4410517, 41.1833254], [-8.4413186, 41.1831782]]}, "properties": {"highway": "primary", "lit": "yes", "name": "Avenida Central de Gandra", "oneway": "yes", "ref": "EN 15", "source": "BING", "surface": "asphalt"}}, {"type": "Feature", "geometry": {"type": "LineString", "coordinates": [[-8.2334784, 41.2268544], [-8.2341956, 41.2263264], [-8.2348857, 41.2258184], [-8.2361014, 41.2249234], [-8.2362621, 41.2248051], [-8.2375516, 41.2238557], [-8.2387874, 41.2229459], [-8.2388457, 41.2229083], [-8.239024, 41.2227932], [-8.240047, 41.2221327], [-8.2401502, 41.2220662], [-8.2405202, 41.2218597], [-8.2408902, 41.2216951], [-8.2415356, 41.2214474], [-8.2421698, 41.2212332], [-8.2423018, 41.2211813], [-8.2432828, 41.2209144], [-8.2442161, 41.2207622], [-8.2455289, 41.2206389], [-8.2457356, 41.220638], [-8.2458903, 41.2206398], [-8.248265, 41.2206682], [-8.249676, 41.2206645], [-8.2501821, 41.2206278], [-8.2506779, 41.2205323], [-8.2512704, 41.2203035], [-8.2517409, 41.2201116], [-8.2519563, 41.2200381], [-8.252033, 41.2200119], [-8.2532803, 41.2199315], [-8.2537861, 41.2199493], [-8.2542734, 41.2200688], [-8.2548099, 41.2202341], [-8.2560588, 41.2207895], [-8.2564978, 41.2209115], [-8.2569784, 41.220971], [-8.2574371, 41.2209295], [-8.2579569, 41.2207759], [-8.2583524, 41.2205763], [-8.2588163, 41.22017], [-8.2590139, 41.219997]]}, "properties": {"highway": "primary", "lit": "yes", "ref": "EN 15", "surface": "asphalt"}}, {"type": "Feature", "geometry": {"type": "LineString", "coordinates": [[-8.2287435, 41.2322549], [-8.2288071, 41.2322802], [-8.2288769, 41.232293], [-8.228967, 41.2322903], [-8.2290516, 41.2322669], [-8.2291226, 41.2322251], [-8.2291743, 41.2321669], [-8.2291847, 41.2321386], [-8.229199, 41.2320994], [-8.2291939, 41.2320295], [-8.2291597, 41.2319644], [-8.2290999, 41.2319107], [-8.2290205, 41.2318741], [-8.2289476, 41.2318596], [-8.2288721, 41.2318596], [-8.2287993, 41.2318743], [-8.2287511, 41.2318935], [-8.2287085, 41.231919], [-8.2286622, 41.2319626], [-8.228632, 41.2320136], [-8.22862, 41.2320686], [-8.228627, 41.2321241], [-8.2286504, 41.2321736], [-8.2286902, 41.2322186], [-8.2287435, 41.2322549]]}, "properties": {"highway": "primary", "junction": "roundabout", "lanes": "2", "lit": "yes", "ref": "EN 15", "surface": "asphalt"}}, {"type": "Feature", "geometry": {"type": "LineString", "coordinates": [[-8.0342649, 41.2520342], [-8.033842, 41.2521898], [-8.033758, 41.252237], [-8.033699, 41.252292], [-8.0336215, 41.2523897], [-8.033566, 41.252511], [-8.0333167, 41.253105], [-8.0332297, 41.253374], [-8.033185, 41.253564], [-8.0331447, 41.2537488], [-8.0331487, 41.2538426], [-8.0331746, 41.253914], [-8.0332383, 41.253987], [-8.033455, 41.2541442], [-8.0335179, 41.2542092], [-8.0335509, 41.2542748], [-8.0335618, 41.2543919], [-8.0334341, 41.2549376], [-8.0333771, 41.2552964], [-8.0333323, 41.2553848], [-8.0332677, 41.2554627], [-8.0331807, 41.2555155], [-8.0330994, 41.2555474], [-8.0329987, 41.255561], [-8.0328694, 41.2555614], [-8.0325713, 41.2554887], [-8.0324757, 41.2554776], [-8.0323591, 41.2554801], [-8.0321256, 41.2554876], [-8.032011, 41.2554856], [-8.0319062, 41.2554661], [-8.0318065, 41.2554267], [-8.0316874, 41.2553726], [-8.0315936, 41.2553467], [-8.031502, 41.255332], [-8.0313757, 41.2553327], [-8.0312778, 41.255346], [-8.0310406, 41.2554174], [-8.0309449, 41.2554412], [-8.0308232, 41.2554522], [-8.030415, 41.255425], [-8.0296276, 41.2555088], [-8.0293683, 41.2555068], [-8.029023, 41.255468], [-8.0288517, 41.2554714], [-8.0286874, 41.255489], [-8.0285509, 41.2555221], [-8.0284474, 41.2555726], [-8.0283607, 41.2556533], [-8.0283192, 41.2557279], [-8.0283036, 41.2558126], [-8.028319, 41.2559224], [-8.028497, 41.25653], [-8.0285107, 41.2566528], [-8.0285004, 41.2567622], [-8.0284688, 41.2568628], [-8.0283953, 41.2569823], [-8.0279908, 41.2574937], [-8.027757, 41.257783], [-8.027714, 41.257865], [-8.027692, 41.257978], [-8.0277277, 41.2580944], [-8.0278375, 41.2583249], [-8.0279972, 41.2586882], [-8.0280247, 41.2587882], [-8.0280183, 41.2588794], [-8.0279881, 41.2589574], [-8.0278861, 41.2591736], [-8.0278033, 41.2592858], [-8.0276865, 41.2593792], [-8.0270147, 41.2597292], [-8.0268742, 41.259793], [-8.0266899, 41.2598332], [-8.0263613, 41.2598811], [-8.0262678, 41.2599132], [-8.0261844, 41.2599542], [-8.026123, 41.260009], [-8.02608, 41.260073], [-8.0260599, 41.2601672], [-8.0260301, 41.2603568], [-8.025982, 41.2604502], [-8.0258984, 41.260519], [-8.0258256, 41.2605536], [-8.0257252, 41.2605751], [-8.0256326, 41.2605726], [-8.0255192, 41.2605508], [-8.025179, 41.2603958], [-8.0250675, 41.2603683], [-8.0249405, 41.2603589], [-8.0247913, 41.2603692], [-8.0244794, 41.2604246], [-8.0244217, 41.2604348], [-8.023896, 41.260536], [-8.0237323, 41.260572], [-8.0236236, 41.2606135], [-8.0235161, 41.2606774], [-8.023278, 41.260898], [-8.0231058, 41.2610724], [-8.0230534, 41.2611654], [-8.0230253, 41.2612634], [-8.0230068, 41.261474], [-8.0229502, 41.2616092], [-8.0228518, 41.2617465], [-8.0227346, 41.2619518], [-8.0226034, 41.2622444], [-8.0225428, 41.2623213], [-8.0224805, 41.2623678], [-8.0223919, 41.2624143], [-8.0222818, 41.2624395], [-8.0221713, 41.2624443], [-8.0220452, 41.2624319], [-8.0218844, 41.2623805], [-8.0215188, 41.2622361], [-8.0213727, 41.2621982], [-8.0212223, 41.2621726], [-8.0209689, 41.2621461], [-8.020731, 41.2621399], [-8.0204755, 41.2621499], [-8.0201225, 41.2621806], [-8.0200019, 41.2621823], [-8.0199014, 41.2621662], [-8.0197986, 41.2621277], [-8.0197321, 41.262075], [-8.0196878, 41.2620087], [-8.0196219, 41.2618057], [-8.0195409, 41.2617228], [-8.0194718, 41.2616749], [-8.0193625, 41.2616442], [-8.0192315, 41.2616357], [-8.0191361, 41.2616423], [-8.0189975, 41.2616485], [-8.0189036, 41.2616446], [-8.0188247, 41.2616249], [-8.0187268, 41.2615629], [-8.0186533, 41.2614699], [-8.0183978, 41.2608584], [-8.0183268, 41.2607563], [-8.018259, 41.26071], [-8.01818, 41.260672], [-8.0180693, 41.2606506], [-8.0179714, 41.2606486], [-8.017872, 41.260661], [-8.017768, 41.260701], [-8.0176847, 41.2607615], [-8.0176359, 41.2608355], [-8.0176246, 41.2609144], [-8.017646, 41.2611426], [-8.0176349, 41.2613274], [-8.0175862, 41.2615707], [-8.0175388, 41.2617168], [-8.017489, 41.2617823], [-8.0174127, 41.2618416], [-8.0173074, 41.2618921], [-8.0170961, 41.2619404], [-8.0166225, 41.2620366], [-8.0164851, 41.2620806], [-8.0163895, 41.2621292], [-8.0162919, 41.2621995], [-8.0162223, 41.2622669], [-8.0160042, 41.2625815], [-8.015894, 41.2626985], [-8.0158164, 41.2627505], [-8.0157226, 41.2627868], [-8.0156305, 41.2628026], [-8.015521, 41.2627972], [-8.0153944, 41.2627733], [-8.0152678, 41.2627264], [-8.0151729, 41.2626547], [-8.0150972, 41.262564], [-8.014971, 41.2623096], [-8.0149162, 41.2622131], [-8.0148465, 41.262147], [-8.0147582, 41.262104], [-8.0146622, 41.2620787], [-8.0145472, 41.262074], [-8.0144396, 41.2620944], [-8.0142612, 41.262158], [-8.0139077, 41.262315], [-8.01378, 41.262396], [-8.0134523, 41.2626576], [-8.0132857, 41.2628094], [-8.0132149, 41.262898], [-8.0131159, 41.2630246], [-8.0130206, 41.263114], [-8.0129446, 41.2631584], [-8.0128136, 41.2632343], [-8.0127621, 41.2632827], [-8.0127182, 41.2633489], [-8.0126963, 41.2634306], [-8.0126827, 41.2635115], [-8.012691, 41.2638728], [-8.0126705, 41.2640037], [-8.0126177, 41.2640908], [-8.0125408, 41.2641554], [-8.0124246, 41.2642117], [-8.0123042, 41.2642723], [-8.012239, 41.2643377], [-8.0121927, 41.2644095], [-8.0121841, 41.264488], [-8.0121961, 41.2645618], [-8.012227, 41.264646], [-8.012361, 41.2648211], [-8.012567, 41.2650512], [-8.0126176, 41.2651433], [-8.0126312, 41.2652265], [-8.0126178, 41.2653251], [-8.0125632, 41.2654398], [-8.0124715, 41.26555], [-8.0123392, 41.2656787], [-8.0121859, 41.2657862], [-8.0120336, 41.2658741], [-8.0117337, 41.2660195], [-8.0115051, 41.2660989], [-8.0113394, 41.2661355], [-8.0111387, 41.2661677], [-8.0109248, 41.2661783], [-8.0108088, 41.2661647], [-8.0107021, 41.2661375], [-8.0105925, 41.2660834], [-8.0104918, 41.2660149], [-8.0104437, 41.2659471], [-8.0103949, 41.2658243], [-8.0103562, 41.2657561], [-8.0102895, 41.2656995], [-8.0102107, 41.2656503], [-8.0101011, 41.2656235], [-8.0100027, 41.265621], [-8.009682, 41.2656404], [-8.0094931, 41.2656596], [-8.0093354, 41.2656757], [-8.0091055, 41.2656812], [-8.0089186, 41.2656735], [-8.0087757, 41.2656496], [-8.00847, 41.265573], [-8.0079822, 41.2654146], [-8.0078417, 41.2653658], [-8.0075688, 41.2652506], [-8.0074801, 41.2652376], [-8.0073872, 41.2652337], [-8.0072858, 41.2652431], [-8.007105, 41.2652947], [-8.0069749, 41.2653176], [-8.006863, 41.26532], [-8.0064784, 41.2652933], [-8.0062508, 41.2652922], [-8.0060696, 41.2653077], [-8.0056886, 41.2653532], [-8.0055337, 41.265352], [-8.0054321, 41.2653262], [-8.004776, 41.264952], [-8.004682, 41.264862], [-8.0046184, 41.2647646], [-8.0046014, 41.2646682], [-8.0046412, 41.2645116], [-8.0048386, 41.2639698], [-8.0048905, 41.2638272], [-8.0049266, 41.2637048], [-8.0049192, 41.2635792], [-8.004876, 41.2634808], [-8.0047827, 41.2633346], [-8.0047054, 41.2632474], [-8.0046239, 41.2631906], [-8.0045383, 41.2631652], [-8.0044424, 41.2631516], [-8.0043218, 41.2631602], [-8.0039599, 41.2632546], [-8.0035001, 41.2633938], [-8.0033568, 41.2634248], [-8.0032238, 41.263431], [-8.0031, 41.2634014], [-8.0029934, 41.2633619], [-8.0028735, 41.2632938], [-8.002804, 41.2632174], [-8.0027645, 41.2631282], [-8.0027551, 41.2630274], [-8.0027661, 41.2629784], [-8.0027845, 41.2628968], [-8.0028763, 41.2626145], [-8.0028824, 41.2625224], [-8.0028619, 41.2624454], [-8.0028181, 41.262376], [-8.0027456, 41.26231], [-8.0026453, 41.2622518], [-8.0024642, 41.2621843], [-8.001546, 41.261904], [-8.0013974, 41.2618795], [-8.0012662, 41.2618699], [-8.0010847, 41.2618921], [-7.9998512, 41.2621467], [-7.9998029, 41.2621566], [-7.9997301, 41.2621716], [-7.9993671, 41.2622464], [-7.9992353, 41.2622592], [-7.999098, 41.2622555], [-7.998996, 41.2622343], [-7.9983765, 41.2619003], [-7.9981999, 41.2618193], [-7.9980702, 41.2617807], [-7.9979272, 41.2617602], [-7.9977913, 41.2617569], [-7.9976412, 41.2617824], [-7.9974821, 41.2618346], [-7.9973454, 41.2619111], [-7.9972578, 41.2619837], [-7.9971539, 41.2621158], [-7.99675, 41.262714], [-7.9966611, 41.2628265], [-7.9965969, 41.2628891], [-7.9965056, 41.2629539], [-7.9964343, 41.2629838], [-7.9963446, 41.2630044], [-7.9962597, 41.263013], [-7.9961617, 41.2630129], [-7.9960765, 41.2630009], [-7.995946, 41.262955], [-7.995173, 41.262593], [-7.994903, 41.262504], [-7.9943122, 41.262378], [-7.9940762, 41.2623449], [-7.9939066, 41.2623369], [-7.9936278, 41.262356], [-7.993479, 41.262351], [-7.9933076, 41.2623251], [-7.992412, 41.262021], [-7.99223, 41.261937], [-7.992074, 41.26184], [-7.991285, 41.261231], [-7.990906, 41.260889], [-7.9908333, 41.2607998], [-7.9907719, 41.2606818], [-7.9907596, 41.2606078], [-7.9907801, 41.2604782], [-7.9908574, 41.2602308], [-7.9909028, 41.260114], [-7.9909658, 41.2600127], [-7.9911062, 41.2598082], [-7.9911995, 41.2597212], [-7.9913324, 41.2596452], [-7.991395, 41.259625], [-7.9914647, 41.259616], [-7.9916346, 41.2596075], [-7.9917368, 41.2596005], [-7.9918203, 41.2595711], [-7.9918871, 41.2595292], [-7.9919546, 41.2594675], [-7.9919935, 41.2594043], [-7.9920106, 41.2593211], [-7.9919906, 41.259232], [-7.9919424, 41.2591419], [-7.9918462, 41.2590124], [-7.991819, 41.2589226], [-7.9917998, 41.2587658], [-7.9918064, 41.2578746], [-7.9916895, 41.2575459], [-7.9916748, 41.2574858], [-7.9916714, 41.2574096], [-7.9917238, 41.2571035], [-7.9917769, 41.2569641], [-7.9918235, 41.2568863], [-7.9920331, 41.2566639], [-7.9920685, 41.2565865], [-7.9920865, 41.2564826], [-7.992077, 41.256396], [-7.991984, 41.2560962], [-7.9919625, 41.2559769], [-7.9920094, 41.2552514], [-7.9920305, 41.2550182], [-7.9920702, 41.254925], [-7.9921523, 41.2548151], [-7.9922476, 41.254756], [-7.9922894, 41.2547367], [-7.9924356, 41.2546691], [-7.9926481, 41.2545947], [-7.9926968, 41.2545848], [-7.9927504, 41.2545739], [-7.9928593, 41.254568], [-7.9930989, 41.2545759], [-7.9931753, 41.2545642], [-7.9932597, 41.254535], [-7.9933593, 41.2544776], [-7.9934051, 41.2544334], [-7.9934473, 41.2543724], [-7.9934651, 41.2542902], [-7.9934292, 41.2540381], [-7.9934348, 41.2539678], [-7.9934625, 41.2538872], [-7.9935306, 41.2538125], [-7.9939456, 41.2534894], [-7.9940111, 41.2533889], [-7.99405, 41.2533004], [-7.9940585, 41.2532059], [-7.9940357, 41.2530927], [-7.9937914, 41.2526873], [-7.9935726, 41.2521845], [-7.9934238, 41.2520267], [-7.9932842, 41.2519511], [-7.9931719, 41.2519055], [-7.9930316, 41.2518763], [-7.9927428, 41.2518391], [-7.9925771, 41.2517886], [-7.992329, 41.2516884], [-7.9922155, 41.2516641], [-7.9920946, 41.2516522], [-7.992006, 41.2516666], [-7.991908, 41.2517094], [-7.991837, 41.2517594], [-7.9917779, 41.2518216], [-7.9916629, 41.2520497], [-7.9915932, 41.2521202], [-7.9915059, 41.2521697], [-7.9914047, 41.2521858], [-7.9913082, 41.2521837], [-7.9911781, 41.2521519], [-7.9909376, 41.2520602], [-7.9908486, 41.2520465], [-7.9907105, 41.2520485], [-7.9906086, 41.2520706], [-7.9905056, 41.2521189], [-7.9903344, 41.2522255], [-7.9902504, 41.2522485], [-7.990144, 41.2522485], [-7.9900706, 41.2522365], [-7.9899818, 41.2522053], [-7.9899004, 41.2521491], [-7.9898136, 41.2520664], [-7.989781, 41.2519972], [-7.9897731, 41.2518919], [-7.9897871, 41.2517341], [-7.9897688, 41.2516262], [-7.9896411, 41.2513297], [-7.9896241, 41.2512501], [-7.9896537, 41.2511656], [-7.989722, 41.2510964], [-7.9898242, 41.2510228], [-7.9900903, 41.250874], [-7.9901925, 41.2507959], [-7.9902372, 41.2507171], [-7.9902517, 41.2506314], [-7.9902202, 41.2505571], [-7.9901531, 41.2504894], [-7.9900456, 41.2504242], [-7.9897971, 41.2503122], [-7.9896837, 41.2502353], [-7.9896277, 41.2501805], [-7.9895993, 41.2501257], [-7.9895698, 41.250051], [-7.9895831, 41.2499978], [-7.9897133, 41.2498231], [-7.9897622, 41.2497379], [-7.989791, 41.2496406], [-7.9897985, 41.2495397], [-7.9897518, 41.2493118], [-7.9896694, 41.2490688], [-7.9896185, 41.2489874], [-7.9895433, 41.2489142], [-7.9894495, 41.2488731], [-7.9893447, 41.2488439], [-7.9891095, 41.2488222], [-7.9889916, 41.2487918], [-7.9888952, 41.2487453], [-7.9888125, 41.248661], [-7.9887688, 41.2485687], [-7.9887398, 41.2484691], [-7.9888013, 41.2481362], [-7.9888888, 41.2478792], [-7.9889676, 41.2477813], [-7.989091, 41.2476885], [-7.9891849, 41.2476179], [-7.9892396, 41.2475244], [-7.989268, 41.2474284], [-7.9892546, 41.2473255], [-7.9892143, 41.2471651], [-7.989209, 41.2470896], [-7.9892412, 41.247017], [-7.9893431, 41.2468879], [-7.9893731, 41.2468092], [-7.9893726, 41.2467124], [-7.9893243, 41.2466035], [-7.989201, 41.2464462], [-7.9891704, 41.2463791], [-7.9891527, 41.2462869], [-7.9891597, 41.2460751], [-7.9891393, 41.2459824], [-7.9890817, 41.2459059], [-7.9889998, 41.2458392], [-7.9889005, 41.2457989], [-7.9887885, 41.2457954], [-7.9886752, 41.245817], [-7.9885034, 41.2458878], [-7.9883507, 41.2459864], [-7.9882327, 41.2461069], [-7.9879923, 41.24651], [-7.9878572, 41.2466499], [-7.9875058, 41.2469203], [-7.9872992, 41.2470696], [-7.9871142, 41.2471622], [-7.9869756, 41.2471935], [-7.9868218, 41.2472025], [-7.9863659, 41.2471622], [-7.9859877, 41.24714], [-7.9858342, 41.2471058], [-7.9856873, 41.2470452], [-7.9854618, 41.2468925], [-7.9853321, 41.2468226], [-7.985232, 41.2467845], [-7.9851019, 41.2467693], [-7.9846551, 41.246774], [-7.9842334, 41.2467413], [-7.9839542, 41.2467063], [-7.9837637, 41.2466664], [-7.9832906, 41.2464974], [-7.9826604, 41.2462611], [-7.9824827, 41.2461674], [-7.9823258, 41.2460185], [-7.982124, 41.2457781], [-7.9819372, 41.245603], [-7.98181, 41.2455136], [-7.9817091, 41.2454734], [-7.9815621, 41.2454416], [-7.9813407, 41.2454226], [-7.9806132, 41.2453809], [-7.9805094, 41.2453553], [-7.9804266, 41.2453108], [-7.980373, 41.245266], [-7.9803235, 41.2451774], [-7.9802994, 41.245087], [-7.9802931, 41.2449792], [-7.9803267, 41.2447114], [-7.9803624, 41.2446527], [-7.9804046, 41.2445994], [-7.9805043, 41.2445435], [-7.9806778, 41.2444529], [-7.9807257, 41.2444037], [-7.9807595, 41.2443529], [-7.980778, 41.2442614], [-7.9807701, 41.244195], [-7.9807426, 41.244128], [-7.9806786, 41.24406], [-7.9804874, 41.243959], [-7.9801241, 41.2437926], [-7.9800059, 41.2437597], [-7.9798656, 41.2437532], [-7.9797292, 41.243763], [-7.9796409, 41.2437977], [-7.9795668, 41.2438536], [-7.9794837, 41.243959], [-7.9793193, 41.2442532], [-7.979259, 41.2443186], [-7.9791841, 41.2443616], [-7.9790748, 41.2444088], [-7.9789616, 41.2444253], [-7.9785508, 41.2444151], [-7.9779413, 41.2443426], [-7.9778549, 41.2443503], [-7.9777349, 41.2443872], [-7.9775167, 41.2445128], [-7.9773598, 41.2445651], [-7.9771435, 41.2445922], [-7.9769239, 41.2445816], [-7.9768063, 41.2445544], [-7.9764101, 41.2443589], [-7.9763257, 41.2443415], [-7.9761971, 41.244326], [-7.9759117, 41.2442474], [-7.9756041, 41.2441462], [-7.9754386, 41.2441191], [-7.9753206, 41.2441174], [-7.9751987, 41.2441471], [-7.975116, 41.2441823], [-7.9750382, 41.2442563], [-7.9749968, 41.2443179], [-7.9749282, 41.2446232], [-7.9748912, 41.2446819], [-7.9747746, 41.2447734], [-7.9744492, 41.2449704], [-7.9743505, 41.2450085], [-7.9742508, 41.2450351], [-7.9738098, 41.2451266], [-7.9731788, 41.2452528], [-7.9730629, 41.2453045], [-7.972991, 41.2453583], [-7.9726675, 41.2457021], [-7.9723723, 41.2459981], [-7.9722599, 41.2460706], [-7.9721729, 41.2461074], [-7.9720684, 41.246116], [-7.9718189, 41.2460873], [-7.9716727, 41.2460452], [-7.9715373, 41.2459733], [-7.9712851, 41.2457182], [-7.9712006, 41.2456809], [-7.9711066, 41.2456579], [-7.9710008, 41.2456537], [-7.9707527, 41.2456869], [-7.9700359, 41.245778], [-7.9699278, 41.2458112], [-7.9698469, 41.2458593], [-7.969777, 41.2459295], [-7.9697303, 41.2460086], [-7.9697042, 41.2462498], [-7.9696893, 41.2465427], [-7.9697019, 41.2466065], [-7.969734, 41.2466644], [-7.969779, 41.2467103], [-7.9698639, 41.2467668], [-7.9700129, 41.2468309], [-7.9701343, 41.2468741], [-7.9702045, 41.2469129], [-7.9702682, 41.246984], [-7.9703035, 41.2470522], [-7.9703155, 41.247125], [-7.9702986, 41.2472076], [-7.9702507, 41.2472679], [-7.9702046, 41.2472982], [-7.9699522, 41.2474642], [-7.9698405, 41.2475685], [-7.9698001, 41.2476408], [-7.9697799, 41.2477247], [-7.9697714, 41.2479267], [-7.9697323, 41.2480041], [-7.9696623, 41.2480847], [-7.9695805, 41.2481363], [-7.9694155, 41.2481904], [-7.9692932, 41.24821], [-7.9691657, 41.2482121], [-7.9690482, 41.2482011], [-7.9685109, 41.2480537], [-7.9681747, 41.2479648], [-7.968053, 41.247933], [-7.9679472, 41.247919], [-7.9678638, 41.2479152], [-7.9675647, 41.2479343], [-7.9673665, 41.2479536], [-7.9672403, 41.2479457], [-7.9671372, 41.2479317], [-7.966904, 41.2478758], [-7.9666394, 41.2477973], [-7.966485, 41.2477412], [-7.9662113, 41.2476027], [-7.965999, 41.2474926], [-7.9658286, 41.2474285], [-7.965636, 41.2473879], [-7.9654072, 41.2473179], [-7.9653124, 41.2472758], [-7.9651048, 41.2471278], [-7.9645213, 41.2466683], [-7.9644502, 41.2466308], [-7.9643012, 41.246586], [-7.9639587, 41.2464937], [-7.9638456, 41.2464547], [-7.9637588, 41.2464036], [-7.9637072, 41.2463571], [-7.9636732, 41.2462914], [-7.9636738, 41.2461989], [-7.9640556, 41.2453993], [-7.9640457, 41.2453198], [-7.9639769, 41.2452132], [-7.9637477, 41.2450045], [-7.9634816, 41.2448204], [-7.9633918, 41.2447842], [-7.9632751, 41.2447836], [-7.9631152, 41.2448015], [-7.9624867, 41.2448915], [-7.9623384, 41.244886], [-7.9622021, 41.2448732], [-7.9620811, 41.2448391], [-7.9619896, 41.2447725], [-7.9619516, 41.2446619], [-7.9620485, 41.2444003], [-7.9621511, 41.2442062], [-7.9624025, 41.2437308], [-7.9625192, 41.2435502], [-7.9626869, 41.2433919], [-7.9627182, 41.2433203], [-7.9627115, 41.2432409], [-7.9626712, 41.2431559]]}, "properties": {"highway": "primary", "lit": "yes", "maxspeed": "60", "official_ref": "EM 15", "oneway": "no", "ref": "EN 15", "source": "Servi\u00e7os Geogr\u00e1ficos Municipais;Bing", "surface": "asphalt"}}, {"type": "Feature", "geometry": {"type": "LineString", "coordinates": [[-8.0728724, 41.2677], [-8.0729614, 41.26775], [-8.0737633, 41.2682008], [-8.0740043, 41.2683722], [-8.0741257, 41.2684789], [-8.0743097, 41.2686962]]}, "properties": {"highway": "primary", "lanes": "2", "name": "Avenida 1\u00ba de Maio", "ref": "EN 15;EN 101;EM 210;EM 312", "surface": "asphalt"}}, {"type": "Feature", "geometry": {"type": "LineString", "coordinates": [[-8.0856334, 41.2812662], [-8.0855696, 41.2812455], [-8.0854431, 41.2811869], [-8.0853201, 41.2810416], [-8.0852358, 41.2808985], [-8.0850145, 41.2807154], [-8.0848295, 41.2806175], [-8.0846493, 41.2805808]]}, "properties": {"highway": "primary", "lanes": "1", "oneway": "yes", "ref": "EN 15;EN 101", "source": "Bing", "surface": "asphalt"}}, {"type": "Feature", "geometry": {"type": "LineString", "coordinates": [[-8.0855827, 41.2814126], [-8.0856069, 41.2814263], [-8.0856409, 41.2814359], [-8.0856772, 41.2814371], [-8.0857123, 41.2814299], [-8.0857426, 41.2814148], [-8.0857653, 41.2813935], [-8.0857744, 41.2813782], [-8.0857794, 41.2813618], [-8.0857784, 41.2813344], [-8.0857662, 41.2813086], [-8.085744, 41.2812869], [-8.085714, 41.2812715], [-8.085679, 41.2812638], [-8.085656, 41.2812633], [-8.0856334, 41.2812662], [-8.0856003, 41.2812775], [-8.0855734, 41.2812959], [-8.0855555, 41.2813197], [-8.0855482, 41.2813464], [-8.0855522, 41.2813736], [-8.085564, 41.2813946], [-8.0855827, 41.2814126]]}, "properties": {"highway": "primary", "junction": "roundabout", "ref": "EN 15;EN 101", "source": "Bing"}}, {"type": "Feature", "geometry": {"type": "LineString", "coordinates": [[-8.0854593, 41.281273], [-8.0855028, 41.2813152], [-8.0855522, 41.2813736]]}, "properties": {"highway": "primary", "lanes": "1", "oneway": "yes", "ref": "EN 15;EN 101", "source": "Bing", "surface": "asphalt"}}, {"type": "Feature", "geometry": {"type": "LineString", "coordinates": [[-8.0856069, 41.2814263], [-8.0857355, 41.2816089], [-8.0858577, 41.2817284]]}, "properties": {"highway": "primary", "lanes": "1", "oneway": "yes", "ref": "EN 15;EN 101", "source": "Bing", "surface": "asphalt"}}, {"type": "Feature", "geometry": {"type": "LineString", "coordinates": [[-8.0858577, 41.2817284], [-8.0857889, 41.2815772], [-8.0857608, 41.2814557], [-8.0857653, 41.2813935]]}, "properties": {"highway": "primary", "lanes": "1", "oneway": "yes", "ref": "EN 15;EN 101", "source": "Bing", "surface": "asphalt"}}, {"type": "Feature", "geometry": {"type": "LineString", "coordinates": [[-8.0846493, 41.2805808], [-8.084781, 41.2806545], [-8.085053, 41.2808304], [-8.085195, 41.2809725], [-8.0852696, 41.2810595], [-8.0854593, 41.281273]]}, "properties": {"highway": "primary", "lanes": "1", "oneway": "yes", "ref": "EN 15;EN 101", "source": "Bing", "surface": "asphalt"}}, {"type": "Feature", "geometry": {"type": "LineString", "coordinates": [[-8.3215681, 41.2027339], [-8.3212276, 41.2026929], [-8.32095, 41.2026962], [-8.3201795, 41.2027231], [-8.3199206, 41.2027321]]}, "properties": {"highway": "primary", "lanes": "2", "ref": "EN 15", "source": "Bing", "surface": "asphalt"}}, {"type": "Feature", "geometry": {"type": "LineString", "coordinates": [[-8.3222383, 41.2029589], [-8.3216584, 41.2027642], [-8.3215681, 41.2027339]]}, "properties": {"bridge": "yes", "highway": "primary", "lanes": "2", "layer": "1", "ref": "EN 15", "source": "Bing", "surface": "asphalt"}}, {"type": "Feature", "geometry": {"type": "LineString", "coordinates": [[-8.3417215, 41.2022066], [-8.3415182, 41.2023978], [-8.3414481, 41.2024642], [-8.3412046, 41.2026951], [-8.3410191, 41.2028709], [-8.3410015, 41.2028876], [-8.3409358, 41.202951], [-8.3406266, 41.2032497], [-8.3404641, 41.2034105], [-8.3403825, 41.2035289], [-8.3402872, 41.203667], [-8.340174, 41.2038798], [-8.3400944, 41.2040667], [-8.3400195, 41.2042428], [-8.339894, 41.2045795], [-8.3398533, 41.2046887], [-8.3397243, 41.2050417], [-8.339569, 41.205248], [-8.3393821, 41.2054005], [-8.3392179, 41.2054791], [-8.3390457, 41.2055403]]}, "properties": {"highway": "primary", "lanes": "2", "ref": "EN 15", "source": "Bing", "surface": "asphalt"}}, {"type": "Feature", "geometry": {"type": "LineString", "coordinates": [[-8.3464397, 41.1996445], [-8.3465479, 41.1995739], [-8.3465725, 41.1995455], [-8.3465904, 41.1995027], [-8.346585, 41.1994563]]}, "properties": {"highway": "primary", "junction": "roundabout", "lanes": "2", "ref": "EN 15", "source": "Bing", "surface": "asphalt"}}, {"type": "Feature", "geometry": {"type": "LineString", "coordinates": [[-8.3456672, 41.1999553], [-8.3458371, 41.1998795], [-8.3461186, 41.1997117], [-8.346165, 41.1996841], [-8.3462674, 41.1996561]]}, "properties": {"highway": "primary", "lanes": "1", "name": "Rua Central de Mouriz", "oneway": "yes", "ref": "EN 15", "source": "Bing", "surface": "asphalt"}}, {"type": "Feature", "geometry": {"type": "LineString", "coordinates": [[-8.3471689, 41.199018], [-8.3469059, 41.1991598], [-8.3466598, 41.1993106], [-8.3465907, 41.199353], [-8.3465099, 41.1993867]]}, "properties": {"highway": "primary", "lanes": "1", "name": "Rua Central de Mouriz", "oneway": "yes", "ref": "EN 15", "source": "Bing", "surface": "asphalt"}}, {"type": "Feature", "geometry": {"type": "LineString", "coordinates": [[-8.3461929, 41.1995864], [-8.3460974, 41.1996782], [-8.3460861, 41.1996849], [-8.3458971, 41.1997973], [-8.3458079, 41.1998547], [-8.3456672, 41.1999553]]}, "properties": {"highway": "primary", "lanes": "1", "name": "Rua Central de Mouriz", "oneway": "yes", "ref": "EN 15", "source": "Bing", "surface": "asphalt"}}, {"type": "Feature", "geometry": {"type": "LineString", "coordinates": [[-8.346585, 41.1994563], [-8.3466674, 41.1993723], [-8.3467036, 41.1993495], [-8.3468315, 41.1992691], [-8.3468849, 41.1992355], [-8.3469662, 41.1991844], [-8.3471689, 41.199018]]}, "properties": {"highway": "primary", "lanes": "1", "name": "Rua Central de Mouriz", "oneway": "yes", "ref": "EN 15", "source": "Bing", "surface": "asphalt"}}, {"type": "Feature", "geometry": {"type": "LineString", "coordinates": [[-7.8755888, 41.2806916], [-7.8761105, 41.2807636], [-7.8775759, 41.2809656], [-7.8781358, 41.2809943], [-7.879493, 41.2807655], [-7.8800385, 41.28081], [-7.8803091, 41.2809212], [-7.8815522, 41.2818713], [-7.8818947, 41.282081], [-7.8823767, 41.2822049], [-7.8827763, 41.282247], [-7.8832815, 41.2823002], [-7.8836832, 41.2822748], [-7.8843302, 41.2820555], [-7.8850743, 41.2815726], [-7.8852477, 41.2812802], [-7.8852942, 41.2807941], [-7.8852096, 41.2803715], [-7.8852223, 41.2798631], [-7.8853111, 41.2794913], [-7.8854718, 41.2792085], [-7.8858904, 41.2787827], [-7.8864105, 41.2784872], [-7.8867599, 41.2783235], [-7.8873534, 41.2780455], [-7.8894167, 41.2774577], [-7.8897346, 41.2773109], [-7.8898776, 41.2772448], [-7.8900594, 41.2770668], [-7.890174, 41.276859]]}, "properties": {"highway": "primary", "lanes": "2", "maxspeed": "60", "official_ref": "EM 15", "oneway": "no", "ref": "EN 15", "source": "Servi\u00e7os Geogr\u00e1ficos Municipais", "surface": "asphalt"}}, {"type": "Feature", "geometry": {"type": "LineString", "coordinates": [[-7.8663422, 41.2803411], [-7.8662916, 41.2803414], [-7.8662583, 41.2803432], [-7.8662272, 41.2803461], [-7.8661939, 41.2803506], [-7.8661666, 41.2803556], [-7.8661391, 41.2803613], [-7.8659613, 41.2804016]]}, "properties": {"bridge": "yes", "highway": "primary", "lanes": "2", "layer": "1", "maxspeed": "50", "name": "Rua da Boavista", "official_ref": "EM 15", "oneway": "no", "ref": "EN 15", "source": "Servi\u00e7os Geogr\u00e1ficos Municipais", "surface": "asphalt"}}, {"type": "Feature", "geometry": {"type": "LineString", "coordinates": [[-7.5989069, 41.3511786], [-7.5986201, 41.3510718], [-7.5984415, 41.3509677], [-7.5983119, 41.3508579], [-7.5982139, 41.350706], [-7.598164, 41.3505512], [-7.598181, 41.3503844], [-7.5982476, 41.3501916], [-7.598377, 41.3499207]]}, "properties": {"highway": "primary", "lanes": "2", "official_ref": "EM 15", "oneway": "no", "overtaking": "no", "ref": "EN 15", "surface": "asphalt"}}, {"type": "Feature", "geometry": {"type": "LineString", "coordinates": [[-7.5989069, 41.3511786], [-7.5995786, 41.3513656]]}, "properties": {"bridge": "yes", "highway": "primary", "lanes": "2", "layer": "1", "official_ref": "EM 15", "oneway": "no", "overtaking": "no", "ref": "EN 15", "surface": "asphalt"}}, {"type": "Feature", "geometry": {"type": "LineString", "coordinates": [[-8.546388, 41.1733784], [-8.546344, 41.1734448], [-8.5460891, 41.1738297], [-8.54598, 41.1740318]]}, "properties": {"highway": "primary", "lanes": "2", "name": "Rua Fern\u00e3o de Magalh\u00e3es", "ref": "EN 15", "source": "Bing", "surface": "asphalt"}}, {"type": "Feature", "geometry": {"type": "LineString", "coordinates": [[-8.5546462, 41.173568], [-8.5545221, 41.1735845], [-8.5543316, 41.1736106], [-8.5540351, 41.1736533], [-8.552741, 41.1738411], [-8.5526366, 41.1738485]]}, "properties": {"highway": "primary", "lanes": "2", "name": "Rua Pedro \u00c1lvares Cabral", "oneway": "no", "ref": "EN 15", "source": "Bing", "surface": "asphalt"}}, {"type": "Feature", "geometry": {"type": "LineString", "coordinates": [[-8.4881623, 41.1866072], [-8.4880486, 41.1865124], [-8.4873009, 41.185852], [-8.4871268, 41.1857012], [-8.4867809, 41.1853947], [-8.4866487, 41.1852748]]}, "properties": {"highway": "primary", "lit": "yes", "name": "Rua Fonseca Dias", "ref": "EN 15", "source": "Bing", "surface": "asphalt"}}, {"type": "Feature", "geometry": {"type": "LineString", "coordinates": [[-8.5094333, 41.1915084], [-8.5092002, 41.1916034], [-8.5088752, 41.1916757], [-8.5085641, 41.1916949], [-8.5082753, 41.1916809], [-8.5079997, 41.1916449], [-8.5077201, 41.1915742], [-8.5074102, 41.1914468], [-8.5070839, 41.1912427], [-8.5068625, 41.1910322], [-8.5064783, 41.1905825]]}, "properties": {"highway": "primary", "maxspeed": "50", "name": "Rua do Conde Ferreira", "ref": "EN 15", "source": "Bing", "surface": "asphalt"}}, {"type": "Feature", "geometry": {"type": "LineString", "coordinates": [[-8.5094333, 41.1915084], [-8.5095538, 41.1914773], [-8.50968, 41.1914308], [-8.509761, 41.1913993], [-8.5098285, 41.1913753]]}, "properties": {"highway": "primary", "lanes": "2", "name": "Rua do Conde Ferreira", "oneway": "yes", "ref": "EN 15", "source": "Bing", "surface": "asphalt"}}, {"type": "Feature", "geometry": {"type": "LineString", "coordinates": [[-8.5164211, 41.1934836], [-8.5162345, 41.1933806]]}, "properties": {"highway": "primary", "lanes": "3", "lanes:backward": "2", "lanes:forward": "1", "name": "Rua Ribeiro do Cambado", "oneway": "no", "ref": "EN 15", "source": "Bing", "surface": "asphalt"}}, {"type": "Feature", "geometry": {"type": "LineString", "coordinates": [[-8.5106624, 41.1910702], [-8.5103736, 41.1910979], [-8.5102853, 41.1910978], [-8.5101871, 41.191083]]}, "properties": {"highway": "primary", "lanes": "2", "name": "Rua do Ribeiro Cambado", "oneway": "yes", "ref": "EN 15", "surface": "asphalt"}}, {"type": "Feature", "geometry": {"type": "LineString", "coordinates": [[-8.5102231, 41.1912728], [-8.5104023, 41.1911752], [-8.5104127, 41.1911695], [-8.5106624, 41.1910702]]}, "properties": {"highway": "primary", "lanes": "2", "name": "Rua do Ribeiro Cambado", "oneway": "yes", "ref": "EN 15", "surface": "asphalt"}}, {"type": "Feature", "geometry": {"type": "LineString", "coordinates": [[-8.5164211, 41.1934836], [-8.516535, 41.1935996], [-8.5169448, 41.1939099], [-8.5171213, 41.1940575], [-8.5171756, 41.1942019]]}, "properties": {"highway": "primary", "lanes": "3", "name": "Rua Ribeiro do Cambado", "oneway": "yes", "ref": "EN 15", "source": "Bing", "surface": "asphalt"}}, {"type": "Feature", "geometry": {"type": "LineString", "coordinates": [[-7.6445896, 41.3565802], [-7.6434489, 41.3596005], [-7.6434117, 41.3597019], [-7.6433757, 41.3598012], [-7.6433419, 41.3598972], [-7.6433124, 41.359994], [-7.6432851, 41.3600939], [-7.6432576, 41.360202], [-7.6432347, 41.3603014], [-7.6432103, 41.3604318], [-7.6431099, 41.3610082], [-7.6430951, 41.3610849], [-7.643077, 41.3611547], [-7.6430504, 41.3612319], [-7.6430234, 41.3613053], [-7.6429927, 41.3613829], [-7.6429592, 41.3614593], [-7.6429196, 41.361536], [-7.6428716, 41.3616229], [-7.6428195, 41.3617035], [-7.6427602, 41.3617848], [-7.6426946, 41.3618709], [-7.6426217, 41.3619585], [-7.6422774, 41.3623688], [-7.642216, 41.3624345], [-7.6421465, 41.3625079], [-7.6420581, 41.362587], [-7.6419612, 41.3626522], [-7.6418556, 41.3627092], [-7.6417231, 41.3627549], [-7.6415525, 41.3627873], [-7.6413686, 41.3628099], [-7.6412007, 41.3628206], [-7.6410482, 41.3628153], [-7.640915, 41.3628002], [-7.6407732, 41.3627651], [-7.6406237, 41.3627138], [-7.6386357, 41.3620019], [-7.6367769, 41.3613415], [-7.636603, 41.3612771], [-7.6355929, 41.3609204], [-7.6354573, 41.3608685], [-7.6353466, 41.3608138], [-7.6352412, 41.3607481], [-7.6351586, 41.3606731], [-7.6350853, 41.3605887], [-7.6350194, 41.3605048], [-7.6347157, 41.3600652], [-7.6346374, 41.3599639], [-7.6345484, 41.3598649], [-7.6344303, 41.3597702], [-7.6343057, 41.3596742], [-7.631794, 41.3577858], [-7.6317148, 41.3577364], [-7.6316317, 41.357694], [-7.6315379, 41.3576614], [-7.6314453, 41.3576408], [-7.6313434, 41.3576291], [-7.6312426, 41.3576277], [-7.6311342, 41.3576399], [-7.6310043, 41.3576594], [-7.6305683, 41.3577287], [-7.6304202, 41.3577516], [-7.6302744, 41.3577689], [-7.6301439, 41.35778], [-7.6300257, 41.3577803], [-7.6299064, 41.3577719], [-7.6297979, 41.3577555], [-7.6296818, 41.3577314], [-7.6295432, 41.3576964], [-7.6276129, 41.3571808], [-7.6274613, 41.3571496], [-7.6273097, 41.3571315], [-7.6271761, 41.3571367], [-7.6270517, 41.3571609], [-7.6269438, 41.3571985], [-7.626837, 41.3572464], [-7.6262879, 41.3575483], [-7.6262091, 41.3575826], [-7.6261197, 41.3576128], [-7.6260251, 41.3576318], [-7.6259197, 41.3576424], [-7.6258141, 41.3576401], [-7.6257135, 41.3576295], [-7.6247746, 41.3574607]]}, "properties": {"highway": "primary", "lanes": "2", "official_ref": "EM 15", "oneway": "no", "ref": "EN 15", "surface": "asphalt"}}, {"type": "Feature", "geometry": {"type": "LineString", "coordinates": [[-7.6731876, 41.3284067], [-7.6730224, 41.3285706]]}, "properties": {"highway": "primary", "layer": "-1", "lit": "no", "official_ref": "EM 15", "oneway": "no", "ref": "EN 15", "surface": "asphalt", "tunnel": "yes"}}, {"type": "Feature", "geometry": {"type": "LineString", "coordinates": [[-7.6957983, 41.3203466], [-7.6954495, 41.3204009]]}, "properties": {"highway": "primary", "lanes": "2", "layer": "-1", "lit": "yes", "maxspeed": "50", "name": "Estrada Nacional 15", "official_ref": "EM 15", "old_name": "Rua Central", "oneway": "no", "ref": "EN 15", "surface": "asphalt", "tunnel": "yes"}}, {"type": "Feature", "geometry": {"type": "LineString", "coordinates": [[-7.6912452, 41.3227657], [-7.6899761, 41.3229497], [-7.6888952, 41.323163], [-7.6874012, 41.3234579], [-7.6862944, 41.3236741], [-7.6861915, 41.3236955], [-7.686097, 41.3237124], [-7.6859908, 41.3237308], [-7.6857945, 41.3237612], [-7.6856984, 41.3237741], [-7.6856146, 41.3237835], [-7.6855313, 41.3237916], [-7.6855021, 41.3237944], [-7.6854018, 41.3238021], [-7.6852892, 41.3238101], [-7.6848379, 41.3238306], [-7.6840211, 41.3238668], [-7.6839568, 41.3238696], [-7.681586, 41.3239687], [-7.6814625, 41.3239749], [-7.681367, 41.3239792], [-7.6812768, 41.3239808], [-7.6801715, 41.3239818], [-7.6800591, 41.3239812], [-7.6799432, 41.3239812], [-7.6795576, 41.3239805], [-7.6794267, 41.3239816], [-7.6792291, 41.3239832], [-7.6791322, 41.3239861], [-7.6790565, 41.3239916], [-7.6789933, 41.3239973], [-7.6789332, 41.3240053], [-7.6788764, 41.3240155], [-7.6788139, 41.3240299], [-7.678159, 41.3242265], [-7.6780845, 41.3242537], [-7.6780193, 41.3242809], [-7.6779608, 41.3243098], [-7.6779022, 41.3243456], [-7.6778413, 41.3243884], [-7.6762635, 41.3257174], [-7.6760615, 41.3258805], [-7.6760467, 41.3258934], [-7.6759989, 41.3259349], [-7.6759504, 41.3259746], [-7.6758993, 41.3260112], [-7.6758405, 41.3260526], [-7.675779, 41.3260928], [-7.6757122, 41.3261365], [-7.6756527, 41.326176], [-7.6755894, 41.3262135], [-7.6752729, 41.326412], [-7.6752279, 41.3264432], [-7.6751916, 41.326469], [-7.6751544, 41.3264975], [-7.6751146, 41.3265267], [-7.6750773, 41.3265573], [-7.6749832, 41.3266498], [-7.6740444, 41.3275533], [-7.673889, 41.3277146], [-7.6737346, 41.32786], [-7.6734837, 41.328107], [-7.6731876, 41.3284067]]}, "properties": {"highway": "primary", "lanes": "2", "lit": "no", "official_ref": "EM 15", "oneway": "no", "ref": "EN 15", "surface": "asphalt"}}, {"type": "Feature", "geometry": {"type": "LineString", "coordinates": [[-7.7812471, 41.2760577], [-7.7811957, 41.276233], [-7.7811892, 41.2762645], [-7.7811858, 41.2762971], [-7.7811871, 41.2763325], [-7.7811937, 41.2763671], [-7.7812056, 41.2764038], [-7.7812225, 41.276444], [-7.7812949, 41.2766028], [-7.7813083, 41.2766389], [-7.7813178, 41.2766766], [-7.7813184, 41.2767132], [-7.7813135, 41.2767504], [-7.7813021, 41.2767872], [-7.7812855, 41.2768228], [-7.7812626, 41.2768613], [-7.7812369, 41.2769007], [-7.7812069, 41.2769436], [-7.7810907, 41.2770958], [-7.7810667, 41.2771306], [-7.7810443, 41.2771671], [-7.7810243, 41.2772048], [-7.7810047, 41.2772466], [-7.7809883, 41.2772874], [-7.780976, 41.2773254], [-7.7809685, 41.2773648], [-7.7809598, 41.2774102], [-7.7809566, 41.277453], [-7.7809368, 41.2776533], [-7.7809332, 41.2776802], [-7.7809279, 41.2777084], [-7.7809214, 41.2777336], [-7.7809119, 41.2777593], [-7.7808975, 41.2777874], [-7.7808783, 41.2778171], [-7.780855, 41.277847], [-7.7808284, 41.2778758], [-7.7808005, 41.2779033], [-7.7807648, 41.277935], [-7.7805814, 41.2780894], [-7.7803603, 41.2782755], [-7.7802118, 41.2783923], [-7.7801765, 41.2784172], [-7.7801335, 41.2784467], [-7.7800949, 41.2784702], [-7.780049, 41.278495], [-7.780001, 41.2785154], [-7.7799471, 41.2785333], [-7.7798884, 41.27855], [-7.7798291, 41.2785607], [-7.7798216, 41.2785613], [-7.7797841, 41.2785641], [-7.7797313, 41.2785634], [-7.779684, 41.2785585], [-7.7796416, 41.2785479], [-7.7795947, 41.2785288], [-7.7795556, 41.2785065], [-7.7795193, 41.2784807], [-7.7794811, 41.2784468], [-7.7791749, 41.2781707], [-7.779072, 41.2780791], [-7.7788687, 41.2778946], [-7.7777715, 41.2768989], [-7.7777281, 41.2768613], [-7.7776822, 41.2768248], [-7.7776378, 41.276792], [-7.7775886, 41.2767632], [-7.7775328, 41.2767394], [-7.7774739, 41.2767228], [-7.7774086, 41.276714], [-7.7773375, 41.2767134], [-7.777265, 41.276717], [-7.7763966, 41.2767916], [-7.7763277, 41.2768021], [-7.77624, 41.2768226], [-7.7761754, 41.2768436], [-7.7761132, 41.2768722], [-7.7757465, 41.2770972], [-7.7756964, 41.2771186], [-7.7756433, 41.2771376], [-7.7755861, 41.277152], [-7.7755377, 41.2771596], [-7.7754792, 41.2771648], [-7.7751705, 41.2771903], [-7.7751306, 41.2771959], [-7.775096, 41.2772037], [-7.7750676, 41.2772128], [-7.775037, 41.2772265], [-7.7750065, 41.2772425], [-7.7749711, 41.277263], [-7.77357, 41.278073], [-7.7735284, 41.2780945], [-7.7734835, 41.2781143], [-7.7734332, 41.2781345], [-7.7733803, 41.2781534], [-7.7733249, 41.2781712], [-7.77328, 41.278185], [-7.772959, 41.2782809], [-7.7722172, 41.278497], [-7.7721651, 41.278512], [-7.7721108, 41.278526], [-7.7720526, 41.2785391], [-7.7719959, 41.2785499], [-7.7717164, 41.2786012], [-7.7716657, 41.2786115], [-7.7716102, 41.2786234], [-7.7715489, 41.2786398], [-7.7715052, 41.2786538], [-7.7714681, 41.2786707], [-7.7714297, 41.2786945], [-7.7713943, 41.2787237], [-7.7713661, 41.2787546], [-7.7713428, 41.2787914], [-7.7713172, 41.2788383], [-7.7712965, 41.2788925], [-7.771208, 41.2791026], [-7.7711874, 41.2791397], [-7.7711604, 41.2791769], [-7.7711244, 41.2792112], [-7.7710788, 41.2792406], [-7.7710279, 41.2792661], [-7.7709714, 41.2792887], [-7.770904, 41.279312], [-7.7708363, 41.2793354]]}, "properties": {"highway": "primary", "lane_markings": "yes", "lanes": "2", "maxspeed": "50", "name": "Rua da Estrada Nacional 15", "official_ref": "EM 15", "oneway": "no", "ref": "EN 15", "surface": "asphalt"}}, {"type": "Feature", "geometry": {"type": "LineString", "coordinates": [[-7.8065886, 41.2849302], [-7.8065698, 41.2849493], [-7.8065466, 41.2849689], [-7.8065223, 41.2849855], [-7.8064956, 41.2849999], [-7.8064677, 41.2850112], [-7.8064333, 41.285022], [-7.8063967, 41.2850293], [-7.8063591, 41.2850346], [-7.8063187, 41.2850368], [-7.8062792, 41.2850361], [-7.806236, 41.2850322], [-7.8061974, 41.2850255], [-7.8061658, 41.2850177], [-7.8061336, 41.2850064], [-7.8061042, 41.2849932], [-7.8060753, 41.2849774], [-7.8060437, 41.2849578], [-7.8060118, 41.2849349], [-7.8059837, 41.2849123], [-7.8059558, 41.2848871], [-7.8059278, 41.2848603], [-7.8059022, 41.2848348], [-7.8058751, 41.2848064], [-7.8056049, 41.2844937], [-7.8055765, 41.2844647], [-7.8055454, 41.2844374], [-7.8055107, 41.2844096], [-7.8054743, 41.284383], [-7.8054358, 41.2843587], [-7.8053923, 41.2843365], [-7.8053467, 41.2843167], [-7.8052988, 41.284299], [-7.8052478, 41.2842831], [-7.8051963, 41.284269], [-7.805141, 41.2842554], [-7.8050818, 41.2842426], [-7.8050262, 41.284232], [-7.8049593, 41.2842209], [-7.8041589, 41.2841], [-7.8040975, 41.2840907], [-7.8040406, 41.2840816], [-7.803987, 41.2840725], [-7.8039417, 41.2840641], [-7.8039033, 41.2840566], [-7.803863, 41.2840468], [-7.8038243, 41.2840358], [-7.8037878, 41.2840248], [-7.8037504, 41.2840127], [-7.8037088, 41.2839975], [-7.8036692, 41.2839814], [-7.8036288, 41.2839631], [-7.8035881, 41.2839435], [-7.8035503, 41.2839237], [-7.8035122, 41.2839], [-7.8034779, 41.283876], [-7.8034473, 41.2838521], [-7.8034113, 41.2838223], [-7.8033795, 41.283794], [-7.8033456, 41.2837624], [-7.8033156, 41.2837326], [-7.8032581, 41.2836726]]}, "properties": {"highway": "primary", "lanes": "1", "lit": "yes", "maxspeed": "90", "official_ref": "EM 15", "oneway": "yes", "ref": "EN 15", "source": "Dire\u00e7\u00e3o-Geral do Territ\u00f3rio", "surface": "asphalt"}}, {"type": "Feature", "geometry": {"type": "LineString", "coordinates": [[-7.8032581, 41.2836726], [-7.8032747, 41.2837588], [-7.8032834, 41.2837894], [-7.8032978, 41.2838178], [-7.8033162, 41.2838428], [-7.8033372, 41.2838659], [-7.8033611, 41.2838876], [-7.8033884, 41.2839081], [-7.8034188, 41.2839277], [-7.803451, 41.2839464], [-7.8034865, 41.2839651], [-7.803684, 41.2840601], [-7.8037512, 41.2840902], [-7.8037792, 41.2841019], [-7.8038063, 41.2841114], [-7.8038353, 41.2841202], [-7.8038661, 41.2841273], [-7.8039061, 41.2841346], [-7.8049694, 41.2842944], [-7.8050228, 41.2843029], [-7.8050737, 41.2843122], [-7.8051253, 41.2843236], [-7.8051831, 41.2843401], [-7.8052413, 41.2843588], [-7.8052991, 41.2843804], [-7.8053467, 41.2844017], [-7.8053916, 41.284425], [-7.8054304, 41.2844502], [-7.8054702, 41.2844797], [-7.8055061, 41.2845108], [-7.8055366, 41.2845419], [-7.8058399, 41.2848986], [-7.8058638, 41.2849239], [-7.8058893, 41.2849485], [-7.8059146, 41.2849711], [-7.8059438, 41.2849953], [-7.805974, 41.2850165], [-7.8060049, 41.2850353], [-7.8060403, 41.2850547], [-7.8060762, 41.2850703], [-7.8061118, 41.2850834], [-7.8061519, 41.2850939], [-7.8061979, 41.285102], [-7.8062433, 41.2851078], [-7.8062884, 41.2851099], [-7.8063358, 41.285108], [-7.8063846, 41.2851038], [-7.8064287, 41.2850964], [-7.8064697, 41.285087], [-7.8065087, 41.2850749], [-7.8065449, 41.2850606], [-7.8065793, 41.2850428], [-7.8066084, 41.2850229], [-7.8066368, 41.2849994], [-7.8066645, 41.2849722]]}, "properties": {"highway": "primary", "lanes": "1", "lit": "yes", "maxspeed": "90", "official_ref": "EM 15", "oneway": "yes", "ref": "EN 15", "source": "Dire\u00e7\u00e3o-Geral do Territ\u00f3rio", "surface": "asphalt"}}, {"type": "Feature", "geometry": {"type": "LineString", "coordinates": [[-7.8069016, 41.284274], [-7.8069364, 41.2843036], [-7.8069816, 41.2843239], [-7.8070328, 41.2843328], [-7.8070852, 41.2843296], [-7.8071338, 41.2843146]]}, "properties": {"highway": "primary", "junction": "roundabout", "lane_markings": "yes", "lanes": "2", "lit": "yes", "maxspeed": "90", "official_ref": "EM 15", "ref": "EN 15", "source": "Dire\u00e7\u00e3o-Geral do Territ\u00f3rio", "surface": "asphalt"}}, {"type": "Feature", "geometry": {"type": "LineString", "coordinates": [[-7.8066645, 41.2849722], [-7.8069215, 41.2846641]]}, "properties": {"bridge": "viaduct", "highway": "primary", "lanes": "1", "layer": "1", "lit": "yes", "maxspeed": "90", "official_ref": "EM 15", "oneway": "yes", "ref": "EN 15", "source": "Dire\u00e7\u00e3o-Geral do Territ\u00f3rio", "surface": "asphalt"}}, {"type": "Feature", "geometry": {"type": "LineString", "coordinates": [[-7.8068403, 41.2846244], [-7.8065886, 41.2849302]]}, "properties": {"bridge": "viaduct", "highway": "primary", "lanes": "1", "layer": "1", "lit": "yes", "maxspeed": "90", "official_ref": "EM 15", "oneway": "yes", "ref": "EN 15", "source": "Dire\u00e7\u00e3o-Geral do Territ\u00f3rio", "surface": "asphalt"}}, {"type": "Feature", "geometry": {"type": "LineString", "coordinates": [[-7.8071967, 41.2842641], [-7.8072487, 41.284254], [-7.807284, 41.2842482], [-7.8073195, 41.2842428], [-7.8073575, 41.284238], [-7.8073963, 41.284234], [-7.8074364, 41.2842315], [-7.8074962, 41.2842311]]}, "properties": {"highway": "primary", "lanes": "1", "lit": "yes", "maxspeed": "50", "official_ref": "EM 15", "oneway": "yes", "ref": "EN 15", "source": "Dire\u00e7\u00e3o-Geral do Territ\u00f3rio", "surface": "asphalt"}}, {"type": "Feature", "geometry": {"type": "LineString", "coordinates": [[-7.8074962, 41.2842311], [-7.8073664, 41.2841906], [-7.8073212, 41.2841769], [-7.8072896, 41.2841672], [-7.807262, 41.2841582], [-7.807235, 41.2841486], [-7.807183, 41.2841292]]}, "properties": {"highway": "primary", "lanes": "1", "lit": "yes", "maxspeed": "40", "official_ref": "EM 15", "oneway": "yes", "ref": "EN 15", "source": "Dire\u00e7\u00e3o-Geral do Territ\u00f3rio", "surface": "asphalt"}}, {"type": "Feature", "geometry": {"type": "LineString", "coordinates": [[-7.8069016, 41.284274], [-7.8069141, 41.2843608], [-7.8069176, 41.2843914], [-7.8069198, 41.2844224], [-7.8069194, 41.2844539], [-7.8069155, 41.2844799], [-7.8069087, 41.284507], [-7.8068978, 41.2845347], [-7.806883, 41.2845629], [-7.806865, 41.2845908], [-7.8068403, 41.2846244]]}, "properties": {"highway": "primary", "lanes": "1", "lit": "yes", "maxspeed": "90", "official_ref": "EM 15", "oneway": "yes", "ref": "EN 15", "source": "Dire\u00e7\u00e3o-Geral do Territ\u00f3rio", "surface": "asphalt"}}, {"type": "Feature", "geometry": {"type": "LineString", "coordinates": [[-8.5640755, 41.16729], [-8.5631855, 41.1676173]]}, "properties": {"bridge": "yes", "highway": "primary", "lanes": "2", "layer": "1", "name": "Rua de Afonso de Albuquerque", "oneway": "no", "ref": "EN 15", "source": "Bing", "surface": "asphalt"}}, {"type": "Feature", "geometry": {"type": "LineString", "coordinates": [[-8.5630172, 41.1676801], [-8.5629256, 41.1677172], [-8.562872, 41.1677389], [-8.562212, 41.168006], [-8.5621263, 41.1680446], [-8.5614743, 41.1683455], [-8.5610902, 41.1685278], [-8.5607829, 41.168735], [-8.5605432, 41.1689529], [-8.5604708, 41.1690188]]}, "properties": {"highway": "primary", "lanes": "2", "name": "Rua de Afonso de Albuquerque", "oneway": "no", "ref": "EN 15", "surface": "asphalt"}}, {"type": "Feature", "geometry": {"type": "LineString", "coordinates": [[-7.542838, 41.3725325], [-7.5426433, 41.3724368], [-7.5426009, 41.3724143], [-7.5425635, 41.3723923], [-7.5425298, 41.3723702], [-7.542497, 41.372346], [-7.5424603, 41.3723163], [-7.5424246, 41.3722829], [-7.542263, 41.3720794], [-7.5418465, 41.3705768], [-7.5417392, 41.3703514], [-7.5414603, 41.3700213], [-7.5409775, 41.3698602], [-7.5406878, 41.3698441], [-7.5384338, 41.3704541], [-7.5381129, 41.3705285], [-7.5378514, 41.3705397], [-7.5376131, 41.3704871], [-7.5363963, 41.3700696], [-7.5362395, 41.370044], [-7.5350981, 41.3701018], [-7.5348084, 41.370142], [-7.5336068, 41.3704802], [-7.532609, 41.3711324], [-7.5323944, 41.3711726], [-7.5311284, 41.3711243], [-7.5309246, 41.3711887], [-7.53071, 41.3712854], [-7.5296157, 41.3720341], [-7.5289076, 41.3722193], [-7.5277059, 41.3728715], [-7.5254851, 41.374844], [-7.5252378, 41.3751073], [-7.5250237, 41.3753351], [-7.5244444, 41.3763012], [-7.5241547, 41.3765105], [-7.5236933, 41.3766312], [-7.5223415, 41.3766715], [-7.5222574, 41.3766907], [-7.521988, 41.3767521], [-7.5216674, 41.3768575], [-7.5206678, 41.3773639], [-7.5204871, 41.3774428], [-7.5202923, 41.3774846], [-7.5191121, 41.3774766], [-7.5186186, 41.3776054], [-7.5161302, 41.379109], [-7.5159904, 41.3791935], [-7.5149815, 41.3798031], [-7.514488, 41.3799722], [-7.513585, 41.3801573], [-7.5133264, 41.3802104], [-7.5127519, 41.3803285]]}, "properties": {"highway": "primary", "official_ref": "EM 15", "ref": "EN 15", "surface": "asphalt"}}, {"type": "Feature", "geometry": {"type": "LineString", "coordinates": [[-7.5127519, 41.3803285], [-7.5121422, 41.3804247], [-7.5120119, 41.3804492], [-7.511849, 41.3804798], [-7.51174, 41.3804776], [-7.5116511, 41.380455]]}, "properties": {"highway": "primary", "official_ref": "EM 15", "oneway": "yes", "ref": "EN 15", "surface": "asphalt"}}, {"type": "Feature", "geometry": {"type": "LineString", "coordinates": [[-7.5098079, 41.3808371], [-7.5097071, 41.3808911], [-7.5096595, 41.3809136], [-7.509455, 41.3809835], [-7.5089661, 41.381126]]}, "properties": {"highway": "primary", "lanes": "1", "lit": "yes", "official_ref": "EM 15;IC 5", "oneway": "yes", "ref": "EN 15;IC 5", "turn:lanes": "through"}}, {"type": "Feature", "geometry": {"type": "LineString", "coordinates": [[-7.5116754, 41.3806738], [-7.5117724, 41.3806073], [-7.5121661, 41.3804765], [-7.5127519, 41.3803285]]}, "properties": {"destination": "P\u00f3pulo;Vila Verde", "highway": "primary", "official_ref": "EM 15", "oneway": "yes", "ref": "EN 15", "turn:lanes": "through"}}, {"type": "Feature", "geometry": {"type": "LineString", "coordinates": [[-7.5089661, 41.381126], [-7.509622, 41.3810317], [-7.5097453, 41.3810346], [-7.5099099, 41.3810612]]}, "properties": {"highway": "primary", "lanes": "1", "official_ref": "EM 15;IC 5", "oneway": "yes", "ref": "EN 15;IC 5"}}, {"type": "Feature", "geometry": {"type": "LineString", "coordinates": [[-7.5112681, 41.3805295], [-7.5111541, 41.3806073], [-7.5110491, 41.3806519], [-7.5104081, 41.3807951], [-7.5103117, 41.3808106], [-7.510215, 41.3808015], [-7.5101654, 41.3807798]]}, "properties": {"highway": "primary", "lanes": "1", "lit": "yes", "maxspeed": "50", "official_ref": "EM 15", "oneway": "yes", "ref": "EN 15"}}, {"type": "Feature", "geometry": {"type": "LineString", "coordinates": [[-7.510216, 41.380991], [-7.5102504, 41.3809374], [-7.5103419, 41.3808822], [-7.5104341, 41.3808524], [-7.5110767, 41.3807157], [-7.5112353, 41.3807025], [-7.5113278, 41.3806974]]}, "properties": {"highway": "primary", "lanes": "1", "lit": "yes", "maxspeed": "50", "official_ref": "EM 15", "oneway": "yes", "ref": "EN 15"}}, {"type": "Feature", "geometry": {"type": "LineString", "coordinates": [[-7.5065408, 41.3824297], [-7.5062985, 41.3825639], [-7.5061848, 41.3826106], [-7.5059662, 41.3826663], [-7.5054677, 41.3827197], [-7.5053752, 41.3827296], [-7.5046917, 41.3827706], [-7.5033846, 41.3829326], [-7.5029826, 41.3829789], [-7.5028546, 41.3829936], [-7.5015737, 41.3831411], [-7.5010162, 41.3832043]]}, "properties": {"highway": "primary", "official_ref": "EM 15;IC 5", "ref": "EN 15;IC 5", "surface": "asphalt"}}, {"type": "Feature", "geometry": {"type": "LineString", "coordinates": [[-8.3154204, 41.2013543], [-8.3151139, 41.2011294], [-8.3150137, 41.2010661], [-8.3148766, 41.2009903], [-8.3146468, 41.2008766], [-8.3142629, 41.2007065], [-8.3141051, 41.2006477], [-8.3138613, 41.2005569], [-8.3130747, 41.2003143], [-8.3115638, 41.1998566], [-8.3115098, 41.1998421], [-8.3114065, 41.1998143], [-8.3113311, 41.1997912], [-8.3095191, 41.1992399], [-8.3094114, 41.1991924], [-8.3093146, 41.1991068], [-8.309271, 41.1990387], [-8.3092409, 41.1989635]]}, "properties": {"highway": "primary", "lanes": "2", "lit": "yes", "name": "Avenida Central de Guilhufe", "oneway": "yes", "ref": "EN 15", "surface": "asphalt"}}, {"type": "Feature", "geometry": {"type": "LineString", "coordinates": [[-8.5182519, 41.1934168], [-8.5182927, 41.1929476], [-8.5183322, 41.1927583], [-8.5183913, 41.1925831], [-8.518405, 41.192549], [-8.5184567, 41.1924199], [-8.5184914, 41.1922775], [-8.5185067, 41.192114], [-8.5185067, 41.1917558], [-8.5185002, 41.1914628], [-8.5184987, 41.1913882], [-8.5185096, 41.1913114], [-8.518552, 41.1912135], [-8.5186011, 41.1911433], [-8.5186502, 41.1910939]]}, "properties": {"highway": "primary", "name": "Rua Vasco da Gama", "oneway": "yes", "ref": "EN 15", "source": "bing", "surface": "asphalt"}}, {"type": "Feature", "geometry": {"type": "LineString", "coordinates": [[-8.1430714, 41.3164323], [-8.1430914, 41.3164081], [-8.1431051, 41.3163766], [-8.1431075, 41.3163414], [-8.1430969, 41.3163064], [-8.1430768, 41.3162779], [-8.1430388, 41.3162484], [-8.1430016, 41.3162325], [-8.1429606, 41.316224], [-8.1429199, 41.3162232], [-8.1428805, 41.3162294], [-8.1428422, 41.3162432], [-8.1428094, 41.3162638], [-8.1427835, 41.3162908], [-8.1427661, 41.3163272], [-8.1427635, 41.3163643], [-8.1427736, 41.3163975], [-8.1427938, 41.3164265], [-8.1428245, 41.3164517], [-8.1428656, 41.316471], [-8.1429011, 41.3164795], [-8.142947, 41.3164818], [-8.1429859, 41.3164764], [-8.1430347, 41.3164585], [-8.1430714, 41.3164323]]}, "properties": {"highway": "primary", "junction": "roundabout", "ref": "EN 15;EN 101"}}, {"type": "Feature", "geometry": {"type": "LineString", "coordinates": [[-8.1428805, 41.3162294], [-8.1427686, 41.3162321], [-8.1427117, 41.3162293], [-8.142623, 41.3162171], [-8.1424837, 41.3161922]]}, "properties": {"highway": "primary", "oneway": "yes", "ref": "EN 15;EN 101"}}, {"type": "Feature", "geometry": {"type": "LineString", "coordinates": [[-8.1431051, 41.3163766], [-8.1431545, 41.3163109], [-8.143202, 41.3162516], [-8.1432928, 41.3161781], [-8.1434624, 41.3160805]]}, "properties": {"highway": "primary", "oneway": "yes", "ref": "EN 15"}}, {"type": "Feature", "geometry": {"type": "LineString", "coordinates": [[-8.1463974, 41.3140436], [-8.1464957, 41.313776], [-8.1466224, 41.3134898], [-8.1468198, 41.3132513], [-8.1472489, 41.3129934], [-8.1479785, 41.3128258], [-8.1485134, 41.3126706], [-8.148676, 41.3125807], [-8.1491575, 41.3123189], [-8.149397, 41.3121939], [-8.149851, 41.3119465], [-8.1501368, 41.3118062], [-8.1506822, 41.3117814], [-8.150948, 41.3118275], [-8.1512401, 41.3118781], [-8.1516717, 41.3120054], [-8.1523988, 41.3122198], [-8.1531713, 41.3123947], [-8.1539643, 41.3126001], [-8.1546172, 41.3127793], [-8.1551159, 41.3129818], [-8.1553771, 41.3131868], [-8.1557033, 41.3134447], [-8.1561153, 41.3135994], [-8.1564762, 41.3135853], [-8.1565784, 41.3135813], [-8.1567762, 41.3135736], [-8.157784, 41.3133876], [-8.1579325, 41.3133737], [-8.1581419, 41.313381], [-8.1582931, 41.3134122], [-8.1584584, 41.3134696], [-8.1599736, 41.3139508], [-8.1602719, 41.3140455], [-8.1606128, 41.3141538], [-8.1610286, 41.3142686], [-8.1617067, 41.3143885], [-8.1620252, 41.3143997], [-8.1624825, 41.3143819], [-8.1632392, 41.3142312], [-8.1639706, 41.3139848], [-8.1646995, 41.3137742], [-8.1662198, 41.3132268], [-8.1679859, 41.3126566], [-8.1683883, 41.3125216], [-8.1685116, 41.3124785], [-8.169041, 41.3123002], [-8.1692367, 41.312239], [-8.1694514, 41.3121807], [-8.1697197, 41.312122], [-8.1700282, 41.3120553], [-8.1711615, 41.3118185], [-8.1713177, 41.311786], [-8.171393, 41.3117703], [-8.1716126, 41.3117205], [-8.1718444, 41.3116588], [-8.1720627, 41.3115907], [-8.1722628, 41.3115113], [-8.1724556, 41.311418], [-8.1726256, 41.3113007], [-8.1727576, 41.3111895], [-8.1728809, 41.3110673], [-8.1729959, 41.3109395], [-8.1730875, 41.3108297], [-8.1734902, 41.3103279], [-8.1755726, 41.3077401], [-8.1759717, 41.3072555], [-8.1761767, 41.3070016], [-8.1764142, 41.3067074], [-8.1769454, 41.3061676], [-8.1783976, 41.3046858], [-8.1784826, 41.3046004], [-8.1789573, 41.3041231], [-8.1797959, 41.3032708], [-8.179911, 41.3031534], [-8.1800699, 41.3030117], [-8.1802619, 41.3028533], [-8.1804888, 41.302723], [-8.1807916, 41.3025809], [-8.1812484, 41.3024682], [-8.1817956, 41.3024178], [-8.1821111, 41.3023925], [-8.183293, 41.3023044], [-8.1837979, 41.3022638], [-8.184042, 41.3022356], [-8.184215, 41.3021963], [-8.1845508, 41.3020462], [-8.184797, 41.301879], [-8.1850451, 41.3016583], [-8.1853428, 41.3013591], [-8.1854568, 41.3011384], [-8.1855123, 41.3009302], [-8.1855294, 41.3004982], [-8.1858041, 41.3002596], [-8.1871323, 41.2994614], [-8.187346, 41.2993194], [-8.1874518, 41.2992148], [-8.1875368, 41.2990704], [-8.1875881, 41.298909], [-8.1876102, 41.298771], [-8.187476, 41.2973551], [-8.1874847, 41.2971774], [-8.1875335, 41.2969847], [-8.1876063, 41.2968076], [-8.1876754, 41.2966867], [-8.1877911, 41.296553], [-8.1879452, 41.2964193], [-8.1881702, 41.2962848], [-8.1884303, 41.2961767], [-8.18872, 41.2960978], [-8.1889196, 41.2960527], [-8.1890731, 41.2960295], [-8.1893646, 41.2959853], [-8.1900098, 41.2958876], [-8.1905248, 41.2957716], [-8.1909196, 41.2955523], [-8.1918122, 41.2945334], [-8.1919667, 41.2943271], [-8.1923272, 41.2941981], [-8.192722, 41.2942626], [-8.192928, 41.2944689], [-8.1930825, 41.2946946], [-8.193237, 41.2948688], [-8.1934945, 41.2949848], [-8.1937005, 41.2949719], [-8.1940267, 41.2948559], [-8.1943013, 41.2945334], [-8.1947482, 41.2936661], [-8.1948034, 41.2936063], [-8.1948877, 41.2935149], [-8.1950684, 41.2934021], [-8.1958739, 41.2930912], [-8.1960592, 41.2930186], [-8.1966874, 41.2927922], [-8.1972196, 41.2925343], [-8.1976487, 41.2921796], [-8.1977317, 41.2921135], [-8.1978937, 41.2919844], [-8.1984242, 41.291562], [-8.1986444, 41.2913864], [-8.1988953, 41.2911639], [-8.1990601, 41.2910048], [-8.1991852, 41.2908409], [-8.1992724, 41.2906688], [-8.1993237, 41.2904736], [-8.19934, 41.2903469], [-8.199331, 41.2902256], [-8.1992994, 41.2900863], [-8.1992387, 41.2899524], [-8.1990952, 41.2897312], [-8.1989023, 41.2895791], [-8.1986633, 41.2894235], [-8.198413, 41.2893197], [-8.1981409, 41.2892527], [-8.1977564, 41.289213], [-8.1974304, 41.2891838], [-8.1971768, 41.2891435], [-8.1971337, 41.2891248], [-8.1969622, 41.2890503], [-8.1968531, 41.288967], [-8.1968232, 41.2889442], [-8.1967862, 41.2888913], [-8.1966795, 41.2887388], [-8.196594, 41.28855], [-8.1965683, 41.2884933], [-8.1965163, 41.2883784], [-8.1964511, 41.2881621], [-8.1964871, 41.2879078], [-8.1965151, 41.28782], [-8.1967003, 41.287575], [-8.1972397, 41.2872376], [-8.1976588, 41.2870834], [-8.1990049, 41.2865881], [-8.19922, 41.2864872], [-8.1993946, 41.2863777], [-8.1995681, 41.2861669]]}, "properties": {"highway": "primary", "lane_markings": "yes", "ref": "EN 15", "surface": "asphalt"}}, {"type": "Feature", "geometry": {"type": "LineString", "coordinates": [[-8.5526366, 41.1738485], [-8.5525292, 41.1738544], [-8.5523447, 41.173846], [-8.552305, 41.1738442], [-8.5520392, 41.1738277], [-8.5519364, 41.1738093], [-8.5517502, 41.1737685], [-8.5508553, 41.1734811], [-8.5505214, 41.1733649], [-8.5501114, 41.1732234], [-8.549065, 41.1728863], [-8.5488664, 41.1728277], [-8.5487593, 41.1728007], [-8.5486508, 41.1727783], [-8.5482457, 41.1727421], [-8.5478596, 41.1727478], [-8.5476906, 41.1727641], [-8.5475354, 41.1727947], [-8.5470115, 41.1729336]]}, "properties": {"highway": "primary", "name": "Rua Fern\u00e3o de Magalh\u00e3es", "oneway": "no", "ref": "EN 15", "source": "Bing"}}, {"type": "Feature", "geometry": {"type": "LineString", "coordinates": [[-8.4480331, 41.1847717], [-8.4481636, 41.1848421], [-8.4484648, 41.1850047], [-8.4486365, 41.1851013], [-8.4487399, 41.1851433], [-8.4487772, 41.1851584], [-8.4489448, 41.1852066], [-8.448978, 41.1852138], [-8.4490865, 41.1852375], [-8.4498614, 41.1853268]]}, "properties": {"highway": "primary", "lanes": "1", "lit": "yes", "name": "Rua Central de Gandra", "oneway": "yes", "ref": "EN 15", "surface": "asphalt"}}, {"type": "Feature", "geometry": {"type": "LineString", "coordinates": [[-8.4553997, 41.1850256], [-8.4552598, 41.1849174], [-8.4551314, 41.1847844]]}, "properties": {"highway": "primary", "lit": "yes", "name": "Rua Central de Campo", "oneway": "yes", "ref": "EN 15"}}, {"type": "Feature", "geometry": {"type": "LineString", "coordinates": [[-7.7313898, 41.3092816], [-7.7316348, 41.3092507], [-7.7320466, 41.3091989]]}, "properties": {"highway": "primary", "lanes": "2", "lit": "yes", "maxspeed": "50", "name": "Rua Fundadores do Circuito de Vila Real", "official_ref": "EM 15", "oneway": "no", "ref": "EN 15", "sidewalk": "both", "surface": "asphalt"}}, {"type": "Feature", "geometry": {"type": "LineString", "coordinates": [[-8.2832317, 41.2070249], [-8.2832994, 41.2069922], [-8.2837324, 41.206766], [-8.2838683, 41.2066944], [-8.2842883, 41.2064776], [-8.2844347, 41.2063975], [-8.2845583, 41.2063337]]}, "properties": {"highway": "primary", "lanes": "2", "name": "Pra\u00e7a do Munic\u00edpio", "oneway": "no", "ref": "EN 15", "surface": "sett"}}, {"type": "Feature", "geometry": {"type": "LineString", "coordinates": [[-8.2822901, 41.2073815], [-8.2823095, 41.2074098], [-8.2823397, 41.2074321], [-8.2823778, 41.2074462], [-8.2824138, 41.2074505], [-8.2824501, 41.2074473], [-8.2824838, 41.2074368], [-8.2825125, 41.2074198], [-8.2825339, 41.2073976], [-8.2825466, 41.2073719]]}, "properties": {"highway": "primary", "junction": "roundabout", "lanes": "1", "name": "Rua \"O Penafidelense\"", "ref": "EN 15;EM 320", "surface": "asphalt"}}, {"type": "Feature", "geometry": {"type": "LineString", "coordinates": [[-8.5191903, 41.1910362], [-8.5190587, 41.19097], [-8.518988, 41.1909405], [-8.5188602, 41.1909293], [-8.5187022, 41.1909237]]}, "properties": {"highway": "primary", "name": "Rua Vasco da Gama", "oneway": "yes", "ref": "EN 15", "source": "Bing"}}, {"type": "Feature", "geometry": {"type": "LineString", "coordinates": [[-8.4433419, 41.1821623], [-8.4432197, 41.1822183], [-8.4431334, 41.1822394], [-8.4428928, 41.1822873], [-8.4427661, 41.1823289], [-8.4425888, 41.1824095], [-8.4425166, 41.182449], [-8.4419291, 41.1827708], [-8.4416695, 41.1829139], [-8.4412746, 41.1831315]]}, "properties": {"highway": "primary", "lit": "yes", "name": "Avenida Central de Gandra", "oneway": "yes", "ref": "EN 15", "source": "Bing", "surface": "asphalt"}}, {"type": "Feature", "geometry": {"type": "LineString", "coordinates": [[-8.291067, 41.1991354], [-8.2911244, 41.1989987]]}, "properties": {"highway": "primary", "oneway": "yes", "ref": "EN 15;EN 106"}}, {"type": "Feature", "geometry": {"type": "LineString", "coordinates": [[-8.2911244, 41.1989987], [-8.2909877, 41.1991002]]}, "properties": {"highway": "primary", "oneway": "yes", "ref": "EN 15;EN 106"}}, {"type": "Feature", "geometry": {"type": "LineString", "coordinates": [[-8.2908079, 41.1991976], [-8.2908089, 41.1992266], [-8.2908198, 41.1992545], [-8.2908399, 41.1992793]]}, "properties": {"highway": "primary", "junction": "roundabout", "ref": "EN 15;EN 106", "surface": "paved"}}, {"type": "Feature", "geometry": {"type": "LineString", "coordinates": [[-7.6004189, 41.3519198], [-7.6003919, 41.3518572], [-7.6003873, 41.3518421], [-7.6003844, 41.3518267], [-7.6003847, 41.3518109], [-7.6003876, 41.3517943], [-7.6003926, 41.3517738], [-7.6004032, 41.35174], [-7.6004185, 41.351695]]}, "properties": {"highway": "primary", "lanes": "1", "official_ref": "EM 15", "oneway": "yes", "ref": "EN 15", "surface": "asphalt"}}, {"type": "Feature", "geometry": {"type": "LineString", "coordinates": [[-7.5999426, 41.3514684], [-7.5995786, 41.3513656]]}, "properties": {"highway": "primary", "lanes": "2", "official_ref": "EM 15", "oneway": "no", "overtaking": "no", "ref": "EN 15", "surface": "asphalt"}}, {"type": "Feature", "geometry": {"type": "LineString", "coordinates": [[-7.6002003, 41.3514484], [-7.6001666, 41.351454], [-7.6001404, 41.3514579], [-7.6001161, 41.3514612], [-7.6000941, 41.3514637], [-7.6000712, 41.3514657], [-7.6000461, 41.3514673], [-7.6000213, 41.3514684], [-7.5999938, 41.3514689], [-7.5999694, 41.351469], [-7.5999426, 41.3514684]]}, "properties": {"highway": "primary", "lanes": "1", "official_ref": "EM 15", "oneway": "yes", "ref": "EN 15", "surface": "asphalt"}}, {"type": "Feature", "geometry": {"type": "LineString", "coordinates": [[-7.6003111, 41.3517189], [-7.6003671, 41.3517128], [-7.6004185, 41.351695], [-7.6004611, 41.351667], [-7.6004895, 41.3516342], [-7.6005054, 41.3515968], [-7.6005077, 41.3515577], [-7.6004962, 41.3515195], [-7.6004635, 41.3514768], [-7.600414, 41.3514445], [-7.6003531, 41.3514262], [-7.6003001, 41.351423], [-7.6002479, 41.3514306], [-7.6002003, 41.3514484], [-7.6001528, 41.3514826], [-7.600123, 41.3515267], [-7.6001141, 41.3515756], [-7.6001272, 41.3516241], [-7.6001481, 41.351654], [-7.6001774, 41.3516796], [-7.6002137, 41.3516995], [-7.6002624, 41.3517138], [-7.6003111, 41.3517189]]}, "properties": {"highway": "primary", "junction": "roundabout", "lanes": "2", "official_ref": "EM 15", "ref": "EN 15", "surface": "asphalt"}}, {"type": "Feature", "geometry": {"type": "LineString", "coordinates": [[-7.5999426, 41.3514684], [-7.5999729, 41.3514892], [-7.5999952, 41.3515053], [-7.6000176, 41.3515224], [-7.6000368, 41.3515381], [-7.6000597, 41.3515582], [-7.6001272, 41.3516241]]}, "properties": {"highway": "primary", "lanes": "1", "official_ref": "EM 15", "oneway": "yes", "ref": "EN 15", "surface": "asphalt"}}, {"type": "Feature", "geometry": {"type": "LineString", "coordinates": [[-7.6002137, 41.3516995], [-7.6002314, 41.3517174], [-7.6002467, 41.3517335], [-7.6002596, 41.3517479], [-7.6002724, 41.3517628], [-7.600286, 41.3517792], [-7.6002991, 41.3517957], [-7.6003117, 41.3518116], [-7.6003273, 41.3518301], [-7.6003431, 41.3518479], [-7.6003594, 41.3518647], [-7.6003768, 41.3518815], [-7.6004189, 41.3519198]]}, "properties": {"highway": "primary", "lanes": "1", "official_ref": "EM 15", "oneway": "yes", "ref": "EN 15", "surface": "asphalt"}}, {"type": "Feature", "geometry": {"type": "LineString", "coordinates": [[-8.1424837, 41.3161922], [-8.1426122, 41.3162569], [-8.142677, 41.3162956], [-8.1427364, 41.3163355], [-8.1427635, 41.3163643]]}, "properties": {"highway": "primary", "oneway": "yes", "ref": "EN 15;EN 101"}}, {"type": "Feature", "geometry": {"type": "LineString", "coordinates": [[-8.1434624, 41.3160805], [-8.1432696, 41.3161409], [-8.1431377, 41.3161986], [-8.143054, 41.3162203], [-8.1429606, 41.316224]]}, "properties": {"highway": "primary", "oneway": "yes", "ref": "EN 15"}}, {"type": "Feature", "geometry": {"type": "LineString", "coordinates": [[-7.8441756, 41.2806154], [-7.8440764, 41.2806576], [-7.8440318, 41.2806854], [-7.8439983, 41.2807149], [-7.8439669, 41.2807478], [-7.8439355, 41.28079], [-7.8438716, 41.2808956], [-7.8438375, 41.2809425]]}, "properties": {"highway": "primary", "lane_markings": "no", "lanes": "1", "lit": "no", "maxspeed": "50", "official_ref": "EM 15", "oneway": "yes", "ref": "EN 15", "surface": "asphalt"}}, {"type": "Feature", "geometry": {"type": "LineString", "coordinates": [[-7.841713, 41.2810641], [-7.8416825, 41.2810851], [-7.8416531, 41.2811075], [-7.8416225, 41.2811345], [-7.841597, 41.2811614], [-7.8415453, 41.2812194]]}, "properties": {"highway": "primary", "lanes": "1", "lit": "no", "maxspeed": "50", "official_ref": "EM 15", "oneway": "yes", "ref": "EN 15", "source": "Servi\u00e7os Geogr\u00e1ficos Municipais", "surface": "asphalt"}}, {"type": "Feature", "geometry": {"type": "LineString", "coordinates": [[-8.2113153, 41.2581535], [-8.2113224, 41.2580789], [-8.2113482, 41.2580084], [-8.2114476, 41.2578338], [-8.2123669, 41.2565564], [-8.2127675, 41.2559903], [-8.2128936, 41.2558173], [-8.2130861, 41.2555536], [-8.2132685, 41.2553035], [-8.2136819, 41.2546683], [-8.2138612, 41.2542813], [-8.21414, 41.2536794], [-8.214214, 41.2535197], [-8.2144054, 41.25327], [-8.2144665, 41.2531903], [-8.2148883, 41.2529021], [-8.2151839, 41.2527002], [-8.2155873, 41.2524228], [-8.215759, 41.2520098], [-8.2159135, 41.251087], [-8.216148, 41.2506823], [-8.2162726, 41.2504827], [-8.2163177, 41.250225], [-8.2161804, 41.2498481], [-8.2160732, 41.2496726]]}, "properties": {"highway": "primary", "lit": "yes", "name": "Avenida das \u00c1rvores", "ref": "EN 15", "surface": "asphalt"}}, {"type": "Feature", "geometry": {"type": "LineString", "coordinates": [[-7.8417509, 41.2811433], [-7.8417966, 41.2811408], [-7.8418388, 41.2811465], [-7.8418744, 41.2811546], [-7.8419288, 41.2811791]]}, "properties": {"highway": "primary", "lanes": "1", "lit": "no", "maxspeed": "50", "official_ref": "EM 15", "oneway": "yes", "ref": "EN 15", "source": "Servi\u00e7os Geogr\u00e1ficos Municipais", "surface": "asphalt"}}, {"type": "Feature", "geometry": {"type": "LineString", "coordinates": [[-7.8415453, 41.2812194], [-7.8414381, 41.2812891], [-7.8414045, 41.2813119], [-7.8413729, 41.2813366], [-7.8413375, 41.2813665], [-7.8413046, 41.2813977], [-7.8412665, 41.2814339], [-7.8412316, 41.2814666], [-7.8411945, 41.2815008], [-7.8411571, 41.2815344], [-7.8411216, 41.2815645], [-7.8410856, 41.2815955], [-7.8410231, 41.2816446], [-7.8409617, 41.2816902], [-7.8408972, 41.2817339], [-7.8408236, 41.2817805], [-7.8407477, 41.2818272], [-7.8404345, 41.2820137], [-7.8403744, 41.2820462], [-7.8403086, 41.2820807], [-7.8402403, 41.2821141], [-7.8401697, 41.2821466], [-7.8400974, 41.2821778], [-7.8400215, 41.2822081], [-7.8399324, 41.2822417], [-7.8398389, 41.2822745], [-7.8397528, 41.2823033], [-7.8396635, 41.2823312], [-7.839553, 41.2823633], [-7.838359, 41.2827], [-7.8382885, 41.2827187], [-7.8382257, 41.2827329], [-7.8381599, 41.2827449], [-7.8380849, 41.2827547], [-7.8380107, 41.2827619], [-7.8379397, 41.2827657]]}, "properties": {"highway": "primary", "lanes": "2", "lit": "no", "maxspeed": "50", "official_ref": "EM 15", "oneway": "no", "ref": "EN 15", "source": "Servi\u00e7os Geogr\u00e1ficos Municipais", "surface": "asphalt"}}, {"type": "Feature", "geometry": {"type": "LineString", "coordinates": [[-7.8419986, 41.2811075], [-7.8419506, 41.2810861], [-7.8419071, 41.2810748], [-7.8418582, 41.2810662], [-7.84181, 41.2810625], [-7.8417678, 41.2810613], [-7.841713, 41.2810641]]}, "properties": {"highway": "primary", "lanes": "1", "lit": "no", "maxspeed": "50", "official_ref": "EM 15", "oneway": "yes", "ref": "EN 15", "source": "Servi\u00e7os Geogr\u00e1ficos Municipais", "surface": "asphalt"}}, {"type": "Feature", "geometry": {"type": "LineString", "coordinates": [[-8.2158058, 41.2473781], [-8.2158133, 41.247721], [-8.215808, 41.2481021], [-8.2158099, 41.2487312], [-8.2158394, 41.2490599], [-8.2159467, 41.2494269], [-8.2160732, 41.2496726]]}, "properties": {"highway": "primary", "lit": "yes", "name": "Avenida das \u00c1rvores", "oneway": "yes", "ref": "EN 15", "surface": "asphalt"}}, {"type": "Feature", "geometry": {"type": "LineString", "coordinates": [[-7.8415453, 41.2812194], [-7.8416266, 41.2811747], [-7.8416665, 41.2811594], [-7.8417079, 41.2811498], [-7.8417509, 41.2811433]]}, "properties": {"highway": "primary", "lanes": "1", "lit": "no", "maxspeed": "50", "official_ref": "EM 15", "oneway": "yes", "ref": "EN 15", "source": "Servi\u00e7os Geogr\u00e1ficos Municipais", "surface": "asphalt"}}, {"type": "Feature", "geometry": {"type": "LineString", "coordinates": [[-8.2157418, 41.2452597], [-8.2154874, 41.2449637], [-8.2152097, 41.2446789], [-8.2147805, 41.2442465], [-8.2144973, 41.2438593], [-8.2144652, 41.2436909], [-8.2144715, 41.2435172], [-8.2146075, 41.2432397], [-8.2148395, 41.2427886], [-8.2149372, 41.2426152], [-8.2150981, 41.2423878], [-8.2152783, 41.2422093], [-8.2155365, 41.2420486], [-8.2159176, 41.2418844], [-8.2161564, 41.2417815], [-8.216816, 41.2414995], [-8.217225, 41.2414014], [-8.2177331, 41.24131], [-8.2181451, 41.2410325], [-8.2186172, 41.2405807], [-8.2189176, 41.2403096], [-8.21903, 41.239861], [-8.2189534, 41.2394748], [-8.2189136, 41.239178], [-8.2189486, 41.2389577], [-8.2190444, 41.2387887], [-8.2191669, 41.2386429], [-8.219295, 41.2385378], [-8.2195031, 41.2384358], [-8.2198876, 41.2383364], [-8.220676, 41.2381882], [-8.221076, 41.2380851], [-8.221405, 41.2379695], [-8.2216122, 41.2378705], [-8.2217868, 41.2377466], [-8.2221244, 41.2374592], [-8.2225676, 41.2370877], [-8.2230416, 41.2366722], [-8.2235659, 41.2362122], [-8.2240136, 41.2358235], [-8.2245166, 41.2353749], [-8.2247026, 41.2352062], [-8.2251446, 41.2348052], [-8.2253525, 41.2345929], [-8.2254816, 41.2344043], [-8.2256044, 41.2342156], [-8.2256727, 41.234123], [-8.2258104, 41.2339755], [-8.2259767, 41.2338548], [-8.2265986, 41.2335187], [-8.227434, 41.2330445], [-8.2277332, 41.2328781], [-8.2280042, 41.2327274], [-8.2282045, 41.232616], [-8.2284993, 41.2324241]]}, "properties": {"highway": "primary", "lit": "yes", "ref": "EN 15", "surface": "asphalt"}}, {"type": "Feature", "geometry": {"type": "LineString", "coordinates": [[-8.2157418, 41.2452597], [-8.2157928, 41.2456054], [-8.2157945, 41.2457245], [-8.2158015, 41.2461943], [-8.2158024, 41.2462528]]}, "properties": {"highway": "primary", "lit": "yes", "name": "Avenida das \u00c1rvores", "oneway": "yes", "ref": "EN 15", "surface": "asphalt"}}, {"type": "Feature", "geometry": {"type": "LineString", "coordinates": [[-7.8437699, 41.2811396], [-7.8437463, 41.2813059], [-7.8437406, 41.2813341], [-7.8437293, 41.281362], [-7.843712, 41.2813919], [-7.8436906, 41.2814186], [-7.8436394, 41.2814603]]}, "properties": {"highway": "primary", "lanes": "1", "lit": "no", "maxspeed": "50", "official_ref": "EM 15", "oneway": "yes", "ref": "EN 15", "source": "Servi\u00e7os Geogr\u00e1ficos Municipais", "surface": "asphalt"}}, {"type": "Feature", "geometry": {"type": "LineString", "coordinates": [[-8.2158024, 41.2462528], [-8.215802, 41.2468242], [-8.2158058, 41.2473781]]}, "properties": {"bridge": "yes", "highway": "primary", "lanes": "2", "layer": "1", "lit": "yes", "name": "Avenida das \u00c1rvores", "oneway": "yes", "ref": "EN 15", "surface": "asphalt"}}, {"type": "Feature", "geometry": {"type": "LineString", "coordinates": [[-8.2160732, 41.2496726], [-8.2159871, 41.2492861], [-8.2159316, 41.2489983], [-8.2159369, 41.2482392], [-8.2159414, 41.2475919], [-8.2159428, 41.2473831]]}, "properties": {"highway": "primary", "name": "Avenida das \u00c1rvores", "oneway": "yes", "ref": "EN 15", "surface": "asphalt"}}, {"type": "Feature", "geometry": {"type": "LineString", "coordinates": [[-8.5430601, 41.177035], [-8.5431229, 41.1770169], [-8.5431912, 41.1769947], [-8.5435433, 41.1768858], [-8.5436626, 41.1768359], [-8.5437428, 41.1767899], [-8.5438238, 41.1767368], [-8.5440006, 41.1765996], [-8.5444552, 41.1762462], [-8.5446984, 41.1760508], [-8.5447696, 41.1759296], [-8.5448594, 41.1757434], [-8.5449462, 41.175544], [-8.5449641, 41.1755154], [-8.545019, 41.1754281], [-8.5451174, 41.1753138], [-8.5453129, 41.1751005], [-8.5456889, 41.1746939], [-8.5457652, 41.1746031], [-8.5458207, 41.1744551]]}, "properties": {"highway": "primary", "lanes": "2", "name": "Rua Nossa Senhora do Amparo", "oneway": "no", "ref": "EN 15", "source": "Bing", "surface": "asphalt"}}, {"type": "Feature", "geometry": {"type": "LineString", "coordinates": [[-8.5428548, 41.1770971], [-8.5429214, 41.1770785]]}, "properties": {"highway": "primary", "lanes": "2", "name": "Rua Nossa Senhora do Amparo", "oneway": "no", "ref": "EN 15", "source": "Bing", "surface": "asphalt"}}, {"type": "Feature", "geometry": {"type": "LineString", "coordinates": [[-8.3967338, 41.190385], [-8.3965915, 41.1903816], [-8.3960198, 41.190368], [-8.3955661, 41.1903531], [-8.395287, 41.1903439], [-8.3950381, 41.1903357], [-8.394507, 41.1903175], [-8.3942388, 41.1903296], [-8.3940772, 41.1903709], [-8.3939321, 41.190437], [-8.3934663, 41.1907172], [-8.3926741, 41.1911997], [-8.392439, 41.1913429], [-8.3920313, 41.1915912], [-8.3918612, 41.1917425], [-8.3915817, 41.1920582], [-8.391436, 41.1921608], [-8.3912898, 41.1922163]]}, "properties": {"highway": "primary", "maxspeed": "50", "name": "Avenida da Rep\u00fablica", "ref": "EN 15", "source": "bing", "surface": "asphalt"}}, {"type": "Feature", "geometry": {"type": "LineString", "coordinates": [[-8.4602448, 41.1839872], [-8.4603015, 41.1839672], [-8.4605243, 41.1838885]]}, "properties": {"highway": "primary", "lit": "yes", "name": "Rua Central de Campo", "ref": "EN 15", "surface": "asphalt"}}, {"type": "Feature", "geometry": {"type": "LineString", "coordinates": [[-8.4606517, 41.1838389], [-8.4618322, 41.1833756], [-8.4620902, 41.1832744], [-8.4624509, 41.1830809], [-8.462731, 41.182875]]}, "properties": {"highway": "primary", "lit": "yes", "name": "Rua Central de Campo", "ref": "EN 15", "surface": "asphalt"}}, {"type": "Feature", "geometry": {"type": "LineString", "coordinates": [[-7.576699, 41.3558936], [-7.5766551, 41.3558225]]}, "properties": {"bridge": "yes", "highway": "primary", "layer": "1", "official_ref": "EM 15", "ref": "EN 15", "surface": "asphalt"}}, {"type": "Feature", "geometry": {"type": "LineString", "coordinates": [[-7.5766551, 41.3558225], [-7.576538, 41.3557164], [-7.5764161, 41.3556629], [-7.576251, 41.3556324], [-7.5757798, 41.3556532], [-7.5754276, 41.3556688], [-7.5751978, 41.3557338], [-7.5739921, 41.3562688], [-7.5738213, 41.3563862], [-7.5737062, 41.3565418], [-7.573651, 41.356709], [-7.573417, 41.3576889], [-7.5726276, 41.3609949], [-7.572531, 41.3612284], [-7.5714552, 41.3626486], [-7.571385, 41.3628169], [-7.571029, 41.364079], [-7.570911, 41.3642803], [-7.5701385, 41.3647795], [-7.569645, 41.3655928], [-7.5682781, 41.3669444], [-7.5679522, 41.3675306], [-7.5672095, 41.3683224], [-7.5667189, 41.3690862], [-7.5666165, 41.3692457], [-7.5664703, 41.3693938], [-7.5658883, 41.3697991], [-7.565259, 41.3700962], [-7.5644853, 41.3707049], [-7.5642131, 41.3708302], [-7.5634757, 41.3710395], [-7.5632116, 41.371177], [-7.5626722, 41.3716213], [-7.5607029, 41.3726483], [-7.5605966, 41.3727595], [-7.5601344, 41.3733559], [-7.5595159, 41.3737805], [-7.55829, 41.3752641], [-7.5580578, 41.3754192], [-7.55639, 41.3760713], [-7.556071, 41.3761182], [-7.5549191, 41.376083], [-7.5545183, 41.3761277], [-7.55424, 41.3762013], [-7.5539341, 41.3763092], [-7.5531229, 41.3768951], [-7.5522174, 41.3774473], [-7.5519638, 41.3775337], [-7.5507281, 41.3776351], [-7.5504406, 41.3776608], [-7.5473719, 41.3779354], [-7.5469749, 41.3779032], [-7.5463526, 41.3776295], [-7.5461917, 41.3773317], [-7.5444059, 41.3746593], [-7.5443249, 41.3745377], [-7.5442624, 41.3744542], [-7.5441275, 41.3743449], [-7.5439543, 41.3742485], [-7.5438201, 41.3742082], [-7.5435787, 41.3741519], [-7.5432837, 41.3740915], [-7.5430959, 41.374019], [-7.5429994, 41.3739748], [-7.5429463, 41.3739138], [-7.5429082, 41.3738017], [-7.5429128, 41.3736346], [-7.5429192, 41.3735905], [-7.54293, 41.3735485], [-7.5429457, 41.3735036], [-7.5430875, 41.3731228]]}, "properties": {"highway": "primary", "official_ref": "EM 15", "ref": "EN 15", "surface": "asphalt"}}, {"type": "Feature", "geometry": {"type": "LineString", "coordinates": [[-8.4374148, 41.1855522], [-8.4374256, 41.1857248]]}, "properties": {"bridge": "yes", "bridge:name": "Ponte da Pica", "highway": "primary", "layer": "1", "lit": "yes", "name": "Avenida Central de Gandra", "ref": "EN 15", "source": "Bing", "surface": "asphalt"}}, {"type": "Feature", "geometry": {"type": "LineString", "coordinates": [[-8.435787, 41.1908535], [-8.4357212, 41.1910005], [-8.4354495, 41.1914078], [-8.4354152, 41.19154], [-8.4354039, 41.1916722], [-8.435434, 41.1918367], [-8.4354871, 41.1919608], [-8.435874, 41.1927332], [-8.4360236, 41.1930373], [-8.4361993, 41.1933946], [-8.4362471, 41.1935898], [-8.4362656, 41.1937877], [-8.436261, 41.193946], [-8.4362181, 41.1941287], [-8.4361333, 41.1943644], [-8.4359753, 41.1946062], [-8.4357469, 41.1948415], [-8.4354426, 41.1950365], [-8.4348146, 41.1954504], [-8.4345637, 41.1956223], [-8.4345124, 41.1956566], [-8.4344502, 41.1956984], [-8.4342787, 41.1958122], [-8.4340539, 41.1959633]]}, "properties": {"highway": "primary", "lit": "yes", "maxspeed": "50", "name": "Avenida Central de Gandra", "ref": "EN 15", "source": "Bing", "surface": "asphalt"}}, {"type": "Feature", "geometry": {"type": "LineString", "coordinates": [[-8.3651032, 41.1946174], [-8.3649161, 41.194688], [-8.3640223, 41.1949699], [-8.3638029, 41.1950391], [-8.3636402, 41.1951115], [-8.3634868, 41.1952326], [-8.3634313, 41.1953047], [-8.3633949, 41.1953899], [-8.363369, 41.1954838], [-8.3633658, 41.195579], [-8.3633902, 41.1959292], [-8.3633743, 41.1961003], [-8.3633239, 41.1962474], [-8.363219, 41.196437], [-8.363058, 41.196614], [-8.3628776, 41.1967339], [-8.3626302, 41.1968568], [-8.3621301, 41.1970876], [-8.3614504, 41.197398], [-8.3612036, 41.1975263], [-8.3610035, 41.1976716], [-8.3608285, 41.1978589], [-8.3603674, 41.1984592], [-8.3603043, 41.1985352], [-8.3600592, 41.1988305], [-8.3599438, 41.198951], [-8.3597829, 41.1990629], [-8.3596189, 41.1991514], [-8.3591869, 41.1993511], [-8.3591266, 41.1993752], [-8.3589129, 41.1994315], [-8.3587717, 41.1994451], [-8.3585798, 41.1994403], [-8.3582771, 41.1993997], [-8.3580636, 41.1993581], [-8.357781, 41.1992676], [-8.3571976, 41.198971], [-8.357036, 41.198901], [-8.356887, 41.1988589], [-8.3566477, 41.1988464], [-8.3562253, 41.198855], [-8.3559085, 41.1988392], [-8.3557323, 41.1988254], [-8.3553598, 41.1987643], [-8.355093, 41.1986879], [-8.3548926, 41.198609], [-8.3547105, 41.1985072], [-8.3544514, 41.1983301], [-8.3543772, 41.1982732], [-8.353941, 41.1979667], [-8.3537689, 41.1978711], [-8.3536999, 41.1978327], [-8.3534537, 41.1977194], [-8.3532197, 41.1976337], [-8.3529432, 41.1975554], [-8.3528906, 41.1975449], [-8.3527831, 41.1975235], [-8.3526947, 41.1975059]]}, "properties": {"highway": "primary", "lanes": "2", "name": "Rua Central de Mouriz", "ref": "EN 15", "source": "bing", "surface": "asphalt"}}, {"type": "Feature", "geometry": {"type": "LineString", "coordinates": [[-8.4498614, 41.1853268], [-8.4499811, 41.1853231], [-8.4500821, 41.1852946], [-8.4501831, 41.1852882], [-8.4502415, 41.1852924], [-8.4503279, 41.1852987]]}, "properties": {"highway": "primary", "lanes": "2", "lit": "yes", "name": "Rua Central de Gandra", "oneway": "yes", "ref": "EN 15", "surface": "asphalt"}}, {"type": "Feature", "geometry": {"type": "LineString", "coordinates": [[-8.349482, 41.197979], [-8.3485274, 41.1983005]]}, "properties": {"bridge": "yes", "bridge:name": "Ponte do Forno", "highway": "primary", "lanes": "2", "layer": "1", "name": "Rua Central de Mouriz", "ref": "EN 15", "source": "bing", "surface": "asphalt"}}, {"type": "Feature", "geometry": {"type": "LineString", "coordinates": [[-8.3485274, 41.1983005], [-8.3480703, 41.1984692], [-8.3471689, 41.199018]]}, "properties": {"highway": "primary", "lanes": "2", "name": "Rua Central de Mouriz", "ref": "EN 15", "source": "bing", "surface": "asphalt"}}, {"type": "Feature", "geometry": {"type": "LineString", "coordinates": [[-8.5351925, 41.1810752], [-8.5349642, 41.1811348], [-8.5347918, 41.1811867], [-8.5332306, 41.1815799], [-8.5321838, 41.1818436], [-8.5320346, 41.1818812], [-8.531794, 41.1819432], [-8.5316793, 41.1819479], [-8.5315646, 41.1819526], [-8.5307619, 41.1818164], [-8.5306185, 41.181825], [-8.5305253, 41.1818455], [-8.5304321, 41.1818718], [-8.5302924, 41.1819435], [-8.5301805, 41.1820152], [-8.5301507, 41.1820402], [-8.5299711, 41.1821908], [-8.5298849, 41.1822519], [-8.5297864, 41.1823131], [-8.5297381, 41.1823322], [-8.5296313, 41.1823743], [-8.5292547, 41.1825031], [-8.5292149, 41.1825145], [-8.5291727, 41.1825267], [-8.5279893, 41.1828105], [-8.5278832, 41.1828404], [-8.5277947, 41.1828716], [-8.527694, 41.1829305], [-8.5274846, 41.1830615]]}, "properties": {"highway": "primary", "name": "Rua Dom Jo\u00e3o de Castro", "oneway": "no", "ref": "EN 15", "source": "Bing", "surface": "asphalt"}}, {"type": "Feature", "geometry": {"type": "LineString", "coordinates": [[-8.5358649, 41.1809102], [-8.5358878, 41.1809039], [-8.5360498, 41.1808607], [-8.5362105, 41.1807981], [-8.5363172, 41.1807519], [-8.5363688, 41.1807229], [-8.5364126, 41.1806928], [-8.5367237, 41.1804296], [-8.5370147, 41.1801664], [-8.5379057, 41.1794813], [-8.538036, 41.1793811], [-8.5381063, 41.1793272], [-8.539072, 41.1785867], [-8.5391195, 41.178554], [-8.5391732, 41.1785237], [-8.5393369, 41.1784606], [-8.5410885, 41.1777045], [-8.5411628, 41.1776778], [-8.5415532, 41.1775226], [-8.5421605, 41.1773184], [-8.5427401, 41.1771358], [-8.5427915, 41.177118], [-8.5428548, 41.1770971]]}, "properties": {"highway": "primary", "lanes": "2", "name": "Rua Nossa Senhora do Amparo", "oneway": "no", "ref": "EN 15", "source": "Bing", "surface": "asphalt"}}, {"type": "Feature", "geometry": {"type": "LineString", "coordinates": [[-8.3330146, 41.2044598], [-8.33288, 41.2043955], [-8.3328247, 41.204369]]}, "properties": {"highway": "primary", "name": "Avenida Comendador Ab\u00edlio Seabra", "oneway": "yes", "ref": "EN 15", "source": "Bing", "surface": "asphalt"}}, {"type": "Feature", "geometry": {"type": "LineString", "coordinates": [[-8.3328247, 41.204369], [-8.3324205, 41.2040877], [-8.3313528, 41.20332]]}, "properties": {"highway": "primary", "lanes": "1", "maxspeed": "50", "name": "Avenida Comendador Ab\u00edlio Seabra", "oneway": "no", "ref": "EN 15", "source": "Bing", "surface": "asphalt"}}, {"type": "Feature", "geometry": {"type": "LineString", "coordinates": [[-8.4027745, 41.1911038], [-8.4023471, 41.1911007], [-8.4018298, 41.191095], [-8.4016229, 41.1910886], [-8.4014425, 41.1910688], [-8.4012738, 41.191035], [-8.4011196, 41.1909921], [-8.4004892, 41.1907548], [-8.4003561, 41.1907032], [-8.4000495, 41.1905853], [-8.3999018, 41.1905404], [-8.3997333, 41.1905022], [-8.3995614, 41.1904774], [-8.399418, 41.1904633], [-8.3986679, 41.1904449], [-8.3982601, 41.1904336], [-8.3974796, 41.1904068]]}, "properties": {"highway": "primary", "name": "Rua Central de Vandoma", "ref": "EN 15", "source": "bing", "surface": "asphalt"}}, {"type": "Feature", "geometry": {"type": "LineString", "coordinates": [[-8.0361422, 41.2520064], [-8.0354174, 41.2520506]]}, "properties": {"bridge": "yes", "highway": "primary", "lane_markings": "yes", "lanes": "2", "layer": "1", "name": "Estrada Nacional 15", "note": "confirmado nas placas como N15", "official_ref": "EM 15", "ref": "EN 15", "surface": "asphalt"}}, {"type": "Feature", "geometry": {"type": "LineString", "coordinates": [[-8.0354174, 41.2520506], [-8.035169, 41.2520579], [-8.0350362, 41.2520557], [-8.0349126, 41.2520497], [-8.0346097, 41.2520211], [-8.0344678, 41.2520154], [-8.0343954, 41.2520221], [-8.0342649, 41.2520342]]}, "properties": {"highway": "primary", "lanes": "2", "name": "Estrada Nacional 15", "note": "confirmado nas placas como N15", "official_ref": "EM 15", "oneway": "no", "ref": "EN 15", "surface": "asphalt"}}, {"type": "Feature", "geometry": {"type": "LineString", "coordinates": [[-8.4531504, 41.1851273], [-8.4519663, 41.1853367]]}, "properties": {"highway": "primary", "lit": "yes", "name": "Rua Central de Campo", "oneway": "yes", "ref": "EN 15", "source": "bing", "surface": "asphalt"}}, {"type": "Feature", "geometry": {"type": "LineString", "coordinates": [[-7.8370535, 41.2826546], [-7.8370227, 41.2827096], [-7.8370045, 41.2827373], [-7.8369857, 41.2827616], [-7.8369629, 41.2827845], [-7.8369351, 41.2828053], [-7.8369026, 41.2828254], [-7.836865, 41.2828469], [-7.8367962, 41.2828804]]}, "properties": {"highway": "primary", "lane_markings": "no", "lanes": "1", "lit": "yes", "maxspeed": "50", "official_ref": "EM 15", "oneway": "yes", "ref": "EN 15", "source": "Servi\u00e7os Geogr\u00e1ficos Municipais", "surface": "asphalt"}}, {"type": "Feature", "geometry": {"type": "LineString", "coordinates": [[-7.8367962, 41.2828804], [-7.8370095, 41.2828405], [-7.8370388, 41.2828357], [-7.8370671, 41.2828327], [-7.837098, 41.2828314], [-7.8371793, 41.282828]]}, "properties": {"highway": "primary", "lane_markings": "no", "lanes": "1", "lit": "yes", "maxspeed": "50", "official_ref": "EM 15", "oneway": "yes", "ref": "EN 15", "source": "Servi\u00e7os Geogr\u00e1ficos Municipais", "surface": "asphalt"}}, {"type": "Feature", "geometry": {"type": "LineString", "coordinates": [[-7.8307049, 41.2818614], [-7.8306644, 41.2818925], [-7.8306099, 41.2819242], [-7.8305538, 41.2819505], [-7.8304966, 41.281972], [-7.8304385, 41.2819893], [-7.8303737, 41.2820057], [-7.8303016, 41.2820225], [-7.8291608, 41.2822528], [-7.8284422, 41.2823959], [-7.8282461, 41.2824333], [-7.8281726, 41.2824449], [-7.8280997, 41.2824507], [-7.8280307, 41.2824482], [-7.8279607, 41.2824394], [-7.8278882, 41.2824225], [-7.8278208, 41.2824021], [-7.8277531, 41.2823763], [-7.8276819, 41.282346], [-7.8276079, 41.2823125], [-7.8275279, 41.2822743], [-7.8274581, 41.2822387], [-7.8273934, 41.2822034], [-7.8273439, 41.2821717], [-7.827297, 41.2821362], [-7.827258, 41.2820996], [-7.8272231, 41.2820608], [-7.8271883, 41.2820161], [-7.8270308, 41.2818079], [-7.8270003, 41.2817707], [-7.8269657, 41.2817342], [-7.8269243, 41.2816981], [-7.8268693, 41.2816602], [-7.8268086, 41.2816256], [-7.8267352, 41.281595], [-7.8266591, 41.2815698], [-7.8265788, 41.2815529], [-7.8264959, 41.2815463], [-7.8264133, 41.2815455], [-7.8263481, 41.2815491], [-7.8262853, 41.2815556], [-7.8262255, 41.2815681], [-7.8261609, 41.2815867], [-7.826096, 41.2816124], [-7.8260333, 41.2816458], [-7.8259775, 41.2816831], [-7.8259227, 41.2817259], [-7.8257692, 41.2818578], [-7.8257517, 41.2818718], [-7.8257314, 41.2818854], [-7.8257102, 41.2818979], [-7.825686, 41.2819104], [-7.8256595, 41.2819221], [-7.825629, 41.281934], [-7.825595, 41.2819457], [-7.8255594, 41.2819566], [-7.8255189, 41.2819684], [-7.8239901, 41.2824037], [-7.8239347, 41.2824184], [-7.8238801, 41.2824308], [-7.8238252, 41.2824409], [-7.8237715, 41.2824488], [-7.8237235, 41.2824537], [-7.8236829, 41.2824556], [-7.8236359, 41.2824564], [-7.8235811, 41.2824555], [-7.8235233, 41.282453], [-7.823463, 41.2824489], [-7.823398, 41.2824425], [-7.8233328, 41.2824343], [-7.8232669, 41.2824241], [-7.8228386, 41.2823563], [-7.822805, 41.2823519], [-7.8227681, 41.2823485], [-7.8227295, 41.2823468], [-7.8226833, 41.282346], [-7.8226365, 41.2823462], [-7.8225829, 41.2823479], [-7.8225276, 41.2823512], [-7.8224752, 41.282357], [-7.8224237, 41.2823666], [-7.822372, 41.2823798], [-7.8223204, 41.2823952], [-7.822269, 41.2824128], [-7.8222154, 41.2824334], [-7.8221582, 41.2824563], [-7.8218836, 41.2825719], [-7.8218412, 41.2825884], [-7.8217968, 41.2826045], [-7.82175, 41.2826196], [-7.8216979, 41.2826347], [-7.8216447, 41.2826486], [-7.8215847, 41.2826626], [-7.8215236, 41.2826761], [-7.8213225, 41.2827196]]}, "properties": {"highway": "primary", "lanes": "2", "maxspeed": "50", "official_ref": "EM 15", "oneway": "no", "ref": "EN 15", "source": "Servi\u00e7os Geogr\u00e1ficos Municipais", "surface": "asphalt"}}, {"type": "Feature", "geometry": {"type": "LineString", "coordinates": [[-7.8371793, 41.282828], [-7.8372306, 41.2828517], [-7.837287, 41.2828678], [-7.8373464, 41.2828756], [-7.8374067, 41.2828748], [-7.8374657, 41.2828655], [-7.8375213, 41.282848], [-7.8375716, 41.2828229], [-7.8376146, 41.2827912]]}, "properties": {"highway": "primary", "lane_markings": "no", "lanes": "1", "lit": "yes", "maxspeed": "50", "official_ref": "EM 15", "oneway": "yes", "ref": "EN 15", "surface": "asphalt"}}, {"type": "Feature", "geometry": {"type": "LineString", "coordinates": [[-7.8376146, 41.2827912], [-7.8376556, 41.2827855], [-7.8376871, 41.282782], [-7.8377149, 41.2827796], [-7.8377415, 41.2827777], [-7.8379397, 41.2827657]]}, "properties": {"highway": "primary", "lane_markings": "no", "lanes": "1", "lit": "yes", "maxspeed": "50", "official_ref": "EM 15", "oneway": "yes", "ref": "EN 15", "source": "Servi\u00e7os Geogr\u00e1ficos Municipais", "surface": "asphalt"}}, {"type": "Feature", "geometry": {"type": "LineString", "coordinates": [[-7.8379397, 41.2827657], [-7.8378636, 41.2827435], [-7.837831, 41.2827333], [-7.8378001, 41.2827223], [-7.8377713, 41.2827102], [-7.8377416, 41.2826956], [-7.8377162, 41.2826805], [-7.8376881, 41.2826604]]}, "properties": {"highway": "primary", "lane_markings": "no", "lanes": "1", "lit": "yes", "maxspeed": "50", "official_ref": "EM 15", "oneway": "yes", "ref": "EN 15", "source": "Servi\u00e7os Geogr\u00e1ficos Municipais", "surface": "asphalt"}}, {"type": "Feature", "geometry": {"type": "LineString", "coordinates": [[-8.2002201, 41.2854615], [-8.2003044, 41.2853986], [-8.2007515, 41.2852061], [-8.2010954, 41.2850882], [-8.2014301, 41.284982], [-8.2016951, 41.2848778], [-8.2018909, 41.284775], [-8.2021484, 41.2845856], [-8.2026733, 41.2840482], [-8.2031934, 41.2835697], [-8.2034602, 41.2833818], [-8.203935, 41.2830404], [-8.2040858, 41.2829453], [-8.2046016, 41.2826203], [-8.2049443, 41.282312], [-8.2051675, 41.2820089], [-8.2052287, 41.2817451], [-8.2052035, 41.2814058], [-8.2050489, 41.2809446], [-8.2050318, 41.2807661], [-8.2050561, 41.2805661], [-8.2051192, 41.2803099], [-8.2051484, 41.2801761], [-8.205287, 41.2795421], [-8.2053633, 41.2792402], [-8.2054513, 41.2790205], [-8.205638, 41.2788519], [-8.206073, 41.2786131], [-8.2063863, 41.2784097], [-8.2066269, 41.2781369], [-8.2068143, 41.2778554], [-8.2070462, 41.2776417], [-8.2077719, 41.2772768], [-8.2079858, 41.2770876], [-8.208296, 41.2765867], [-8.2088888, 41.2760461], [-8.2090229, 41.2758457], [-8.2091018, 41.2755775], [-8.2090776, 41.2753647], [-8.2088555, 41.2747301], [-8.2087718, 41.2740649], [-8.2088915, 41.2736484], [-8.2089166, 41.273477], [-8.2088862, 41.2733638], [-8.2083523, 41.271797], [-8.2082842, 41.27157], [-8.2082827, 41.2713851], [-8.2083157, 41.2707708], [-8.2084114, 41.2696137], [-8.2084827, 41.2686303], [-8.2086014, 41.2674058], [-8.2086578, 41.2667513], [-8.2087132, 41.2665265], [-8.2087506, 41.2663889], [-8.2089183, 41.2660885], [-8.209023, 41.2659468], [-8.2097031, 41.2650456], [-8.2098085, 41.2648964], [-8.209974, 41.2646175], [-8.2100256, 41.2644087], [-8.2100341, 41.2642046], [-8.2100167, 41.2638845], [-8.21001, 41.2636864], [-8.2099705, 41.2630335], [-8.2099359, 41.2619793], [-8.2098892, 41.2605553], [-8.2099322, 41.2602698], [-8.210077, 41.2599722], [-8.2102837, 41.2596106], [-8.2106334, 41.2590535], [-8.2107674, 41.2589043]]}, "properties": {"highway": "primary", "ref": "EN 15", "surface": "asphalt"}}, {"type": "Feature", "geometry": {"type": "LineString", "coordinates": [[-8.3227194, 41.2032319], [-8.3228286, 41.2033436], [-8.3229071, 41.2034374]]}, "properties": {"highway": "primary", "lanes": "2", "oneway": "yes", "ref": "EN 15", "source": "Bing", "surface": "asphalt"}}, {"type": "Feature", "geometry": {"type": "LineString", "coordinates": [[-8.3222383, 41.2029589], [-8.3225578, 41.2031128], [-8.3226468, 41.2031751], [-8.3226818, 41.2031996], [-8.3227194, 41.2032319]]}, "properties": {"highway": "primary", "lanes": "2", "oneway": "yes", "ref": "EN 15", "source": "Bing", "surface": "asphalt"}}, {"type": "Feature", "geometry": {"type": "LineString", "coordinates": [[-8.3336242, 41.2049513], [-8.3335874, 41.2048984], [-8.3335372, 41.2048613], [-8.3334882, 41.2048012], [-8.3330146, 41.2044598]]}, "properties": {"highway": "primary", "name": "Avenida Comendador Ab\u00edlio Seabra", "oneway": "yes", "ref": "EN 15", "source": "Bing", "surface": "asphalt"}}, {"type": "Feature", "geometry": {"type": "LineString", "coordinates": [[-8.3160175, 41.201821], [-8.3154204, 41.2013543]]}, "properties": {"bridge": "yes", "highway": "primary", "lanes": "2", "layer": "1", "lit": "yes", "name": "Avenida Central de Guilhufe", "oneway": "yes", "ref": "EN 15", "surface": "asphalt"}}, {"type": "Feature", "geometry": {"type": "LineString", "coordinates": [[-8.4814575, 41.1824353], [-8.4817266, 41.1824724], [-8.4820173, 41.1825577]]}, "properties": {"bridge": "yes", "highway": "primary", "lanes": "2", "layer": "1", "lit": "yes", "name": "Rua Fonseca Dias", "ref": "EN 15", "source": "Bing", "surface": "asphalt"}}, {"type": "Feature", "geometry": {"type": "LineString", "coordinates": [[-7.5986238, 41.3494939], [-7.5985457, 41.3494283], [-7.5984988, 41.3493697], [-7.5984569, 41.3492861]]}, "properties": {"highway": "primary", "lanes": "1", "official_ref": "EM 15", "oneway": "yes", "ref": "EN 15", "surface": "asphalt"}}, {"type": "Feature", "geometry": {"type": "LineString", "coordinates": [[-7.5984569, 41.3492861], [-7.5984676, 41.3493762], [-7.5984445, 41.3494404], [-7.598428, 41.3494949]]}, "properties": {"highway": "primary", "lanes": "1", "official_ref": "EM 15", "oneway": "yes", "ref": "EN 15", "surface": "asphalt"}}, {"type": "Feature", "geometry": {"type": "LineString", "coordinates": [[-7.5986628, 41.3495181], [-7.5986238, 41.3494939], [-7.5985767, 41.3494784], [-7.5985257, 41.3494733], [-7.5984748, 41.3494789], [-7.598428, 41.3494949], [-7.5983834, 41.3495247], [-7.5983538, 41.3495637], [-7.5983425, 41.3496078], [-7.5983504, 41.3496522], [-7.598379, 41.3496946], [-7.5984249, 41.3497272], [-7.5984828, 41.3497463], [-7.5985459, 41.3497496], [-7.5985971, 41.3497399], [-7.5986426, 41.3497197], [-7.5986768, 41.3496926], [-7.5987001, 41.3496596], [-7.5987108, 41.3496232], [-7.598708, 41.3495852], [-7.5986916, 41.3495493], [-7.5986628, 41.3495181]]}, "properties": {"highway": "primary", "junction": "roundabout", "lanes": "2", "official_ref": "EM 15", "ref": "EN 15", "surface": "asphalt"}}, {"type": "Feature", "geometry": {"type": "LineString", "coordinates": [[-7.598377, 41.3499207], [-7.5984308, 41.3498449], [-7.5984887, 41.3497943], [-7.5985459, 41.3497496]]}, "properties": {"highway": "primary", "lanes": "1", "official_ref": "EM 15", "oneway": "yes", "ref": "EN 15", "surface": "asphalt"}}, {"type": "Feature", "geometry": {"type": "LineString", "coordinates": [[-7.5917183, 41.3522932], [-7.591553, 41.3522993], [-7.5914805, 41.3522946], [-7.5914138, 41.3522816], [-7.5905284, 41.3520367], [-7.5904458, 41.3520083], [-7.59036, 41.3519681], [-7.5902883, 41.3519279], [-7.5901487, 41.3518391], [-7.5900207, 41.3517578], [-7.5899653, 41.3517373], [-7.5898903, 41.3517095], [-7.5896466, 41.3516959], [-7.5894217, 41.3517559], [-7.5889508, 41.352053], [-7.5887736, 41.3522225], [-7.5884617, 41.3526383], [-7.5884085, 41.3526728], [-7.5883316, 41.3527228], [-7.5882439, 41.3527553], [-7.5876112, 41.3529894], [-7.5874977, 41.3530706], [-7.5873797, 41.3532075], [-7.5872188, 41.3536746], [-7.5871269, 41.3538239], [-7.5869948, 41.3539075], [-7.58677, 41.3539313], [-7.5863603, 41.3538764], [-7.5861631, 41.3538947], [-7.5860112, 41.353964], [-7.5848407, 41.3549632], [-7.5844554, 41.3552973], [-7.5842014, 41.3553875], [-7.5830262, 41.3556149], [-7.5827157, 41.3557171], [-7.5822093, 41.3559712], [-7.5810107, 41.3563313], [-7.580546, 41.3564547], [-7.5793921, 41.3566136], [-7.5791288, 41.3566228], [-7.5783604, 41.3565359], [-7.5768524, 41.3560375], [-7.5767321, 41.3559448], [-7.576699, 41.3558936]]}, "properties": {"highway": "primary", "lanes": "2", "official_ref": "EM 15", "oneway": "no", "ref": "EN 15", "surface": "asphalt"}}, {"type": "Feature", "geometry": {"type": "LineString", "coordinates": [[-7.5984569, 41.3492861], [-7.5983231, 41.3490678], [-7.5980996, 41.3488241], [-7.5978725, 41.3485765], [-7.5967519, 41.3475874], [-7.5952001, 41.3462032], [-7.5950777, 41.3460959], [-7.5949435, 41.3459911], [-7.5948224, 41.3459344], [-7.5946925, 41.3458968], [-7.5945253, 41.3458585], [-7.5943673, 41.3458361], [-7.5942324, 41.3458259], [-7.5941081, 41.345827], [-7.5939952, 41.3458447], [-7.5938863, 41.3458754], [-7.5937863, 41.3459212], [-7.5937097, 41.345975], [-7.5933649, 41.3462584], [-7.5932719, 41.3463524], [-7.5931995, 41.3464432], [-7.5931567, 41.3465329], [-7.593135, 41.3466356], [-7.5931148, 41.3467606], [-7.593027, 41.347207], [-7.592988, 41.3473179], [-7.5929332, 41.3474092], [-7.5927929, 41.3476012], [-7.5927363, 41.3476843], [-7.5927064, 41.3477575], [-7.5926954, 41.3478341], [-7.5926978, 41.3479073], [-7.5927129, 41.347982], [-7.5927599, 41.3480891], [-7.5927866, 41.3481642], [-7.5928007, 41.3482531], [-7.5927802, 41.3483488], [-7.5927379, 41.3484254], [-7.5926719, 41.3484945], [-7.5925776, 41.3485459], [-7.5924716, 41.3485862], [-7.5918509, 41.3487583], [-7.5917463, 41.3488042], [-7.5916647, 41.34886], [-7.5916034, 41.3489279], [-7.5915844, 41.3490005], [-7.5915875, 41.3490667], [-7.5916028, 41.3491357], [-7.5916544, 41.3492058], [-7.5917221, 41.3492695], [-7.5918053, 41.3493256], [-7.5918968, 41.3493717], [-7.5919921, 41.3494054], [-7.5920868, 41.3494281], [-7.5925594, 41.34952], [-7.5926739, 41.3495511], [-7.5927728, 41.3495956], [-7.5928503, 41.3496614], [-7.5928973, 41.3497334], [-7.5929149, 41.3498076], [-7.592906, 41.3498805], [-7.5927109, 41.3503613], [-7.5926788, 41.3504575], [-7.5926672, 41.350561], [-7.5926506, 41.3514385], [-7.5926438, 41.3519167], [-7.5926351, 41.3519855], [-7.5926217, 41.3520491], [-7.5925928, 41.3521088], [-7.59255, 41.3521584], [-7.5924784, 41.3522031], [-7.5924009, 41.3522362], [-7.5923105, 41.3522549], [-7.5920084, 41.3522746]]}, "properties": {"highway": "primary", "lanes": "2", "official_ref": "EM 15", "oneway": "no", "ref": "EN 15", "surface": "asphalt"}}, {"type": "Feature", "geometry": {"type": "LineString", "coordinates": [[-8.3085371, 41.1985912], [-8.3083415, 41.1985734], [-8.3082983, 41.1985506], [-8.3081253, 41.1984592], [-8.3080457, 41.1984014], [-8.3079733, 41.1982563], [-8.3079067, 41.198132], [-8.307695, 41.1977857]]}, "properties": {"highway": "primary", "lanes": "1", "lit": "yes", "oneway": "yes", "ref": "EN 15", "surface": "asphalt"}}, {"type": "Feature", "geometry": {"type": "LineString", "coordinates": [[-8.3089889, 41.19914], [-8.3091968, 41.1992178], [-8.30939, 41.1992858], [-8.3107714, 41.1997104], [-8.3111445, 41.1998193], [-8.311885, 41.2000454], [-8.3138526, 41.2006478], [-8.314023, 41.2007], [-8.3140609, 41.2007155], [-8.3143337, 41.2008282], [-8.3146158, 41.2009565], [-8.3149231, 41.2011277], [-8.3152981, 41.201374]]}, "properties": {"highway": "primary", "lanes": "2", "lit": "yes", "name": "Avenida Central de Guilhufe", "oneway": "yes", "ref": "EN 15", "surface": "asphalt"}}, {"type": "Feature", "geometry": {"type": "LineString", "coordinates": [[-8.3065119, 41.1960187], [-8.3074359, 41.1975577], [-8.3075572, 41.1977616], [-8.3076769, 41.1979625]]}, "properties": {"highway": "primary", "lanes": "2", "lit": "yes", "oneway": "yes", "ref": "EN 15", "surface": "asphalt"}}, {"type": "Feature", "geometry": {"type": "LineString", "coordinates": [[-8.3066561, 41.1960737], [-8.306505, 41.1958163], [-8.3063382, 41.1955241], [-8.3063304, 41.1954913], [-8.3063106, 41.1954076], [-8.3063106, 41.1953244]]}, "properties": {"highway": "primary", "lanes": "2", "lit": "yes", "oneway": "yes", "ref": "EN 15", "surface": "asphalt"}}, {"type": "Feature", "geometry": {"type": "LineString", "coordinates": [[-8.3062508, 41.1955847], [-8.3065119, 41.1960187]]}, "properties": {"highway": "primary", "lanes": "3", "lit": "yes", "oneway": "yes", "ref": "EN 15", "surface": "asphalt"}}, {"type": "Feature", "geometry": {"type": "LineString", "coordinates": [[-8.3060577, 41.1953693], [-8.3061249, 41.1953824], [-8.3061942, 41.1953788], [-8.3062583, 41.1953587], [-8.3063106, 41.1953244]]}, "properties": {"highway": "primary", "junction": "roundabout", "lanes": "2", "ref": "EN 15", "surface": "asphalt"}}, {"type": "Feature", "geometry": {"type": "LineString", "coordinates": [[-8.3199206, 41.2027321], [-8.3189993, 41.202767]]}, "properties": {"highway": "primary", "lanes": "2", "ref": "EN 15", "source": "Bing", "surface": "asphalt"}}, {"type": "Feature", "geometry": {"type": "LineString", "coordinates": [[-8.3375286, 41.2059248], [-8.3377512, 41.2058782]]}, "properties": {"highway": "primary", "name": "Avenida dos Bombeiros Volunt\u00e1rios", "oneway": "yes", "ref": "EN 15", "source": "Bing", "surface": "asphalt"}}, {"type": "Feature", "geometry": {"type": "LineString", "coordinates": [[-8.3377512, 41.2058782], [-8.337949, 41.2058321], [-8.3382632, 41.2057595], [-8.3383803, 41.2057324], [-8.3386233, 41.2056763], [-8.3390457, 41.2055403]]}, "properties": {"highway": "primary", "name": "Avenida dos Bombeiros Volunt\u00e1rios", "oneway": "yes", "ref": "EN 15", "source": "Bing", "surface": "asphalt"}}, {"type": "Feature", "geometry": {"type": "LineString", "coordinates": [[-8.318768, 41.2027758], [-8.3181752, 41.2027874], [-8.3180538, 41.2027905], [-8.3179227, 41.2027923], [-8.3175617, 41.2027842], [-8.3174147, 41.202768]]}, "properties": {"highway": "primary", "lanes": "2", "ref": "EN 15", "source": "Bing", "surface": "asphalt"}}, {"type": "Feature", "geometry": {"type": "LineString", "coordinates": [[-8.3526947, 41.1975059], [-8.3525081, 41.1974699], [-8.3521444, 41.1974365], [-8.3518495, 41.1974432], [-8.3512864, 41.1974754], [-8.3508878, 41.1975156], [-8.3505877, 41.1975919], [-8.3505076, 41.1976178], [-8.349482, 41.197979]]}, "properties": {"highway": "primary", "lanes": "2", "lit": "yes", "name": "Rua Central de Mouriz", "ref": "EN 15", "source": "bing", "surface": "asphalt"}}, {"type": "Feature", "geometry": {"type": "LineString", "coordinates": [[-8.2845583, 41.2063337], [-8.2848992, 41.2061551], [-8.2850222, 41.2060824], [-8.2851058, 41.2060225], [-8.2853223, 41.2058217], [-8.2855699, 41.2055592], [-8.285713, 41.2053818], [-8.2858258, 41.205259], [-8.2862427, 41.2047007], [-8.2862947, 41.2046387], [-8.2868222, 41.2040097], [-8.286855, 41.2039666], [-8.2869275, 41.2038841], [-8.2869772, 41.2038248]]}, "properties": {"highway": "primary", "lanes": "2", "name": "Avenida Sacadura Cabral", "oneway": "no", "ref": "EN 15", "surface": "sett"}}, {"type": "Feature", "geometry": {"type": "LineString", "coordinates": [[-7.952512, 41.2397393], [-7.9525828, 41.2396788], [-7.9526669, 41.2396367], [-7.9528991, 41.2395435]]}, "properties": {"bridge": "yes", "highway": "primary", "layer": "1", "official_ref": "EM 15", "oneway": "no", "ref": "EN 15", "source": "Bing"}}, {"type": "Feature", "geometry": {"type": "LineString", "coordinates": [[-7.8113173, 41.283956], [-7.8110838, 41.2842466], [-7.811062, 41.2842731], [-7.8110403, 41.2842985], [-7.8110184, 41.2843234], [-7.8110001, 41.2843443], [-7.810981, 41.2843652], [-7.81096, 41.2843868], [-7.8109368, 41.2844092], [-7.810914, 41.28443], [-7.8108896, 41.2844503], [-7.8108661, 41.2844693], [-7.8108426, 41.2844869], [-7.8108177, 41.2845057], [-7.8107915, 41.2845241], [-7.8107637, 41.2845418], [-7.8107323, 41.2845602], [-7.8106992, 41.2845767], [-7.8106652, 41.2845918], [-7.8106295, 41.2846056], [-7.8105954, 41.284618], [-7.8105568, 41.2846314], [-7.8105203, 41.2846431], [-7.8104862, 41.2846533], [-7.8104485, 41.2846628], [-7.8103422, 41.2846852], [-7.8102948, 41.2846945], [-7.8102539, 41.2847015], [-7.8102144, 41.284707], [-7.8101752, 41.2847118], [-7.8101341, 41.2847155], [-7.8100932, 41.284718], [-7.8100497, 41.2847191], [-7.8099166, 41.2847172], [-7.8098832, 41.2847158], [-7.8098499, 41.284713], [-7.8098115, 41.2847081], [-7.809769, 41.2847017], [-7.8097295, 41.284695], [-7.8096865, 41.2846871], [-7.8092633, 41.2846041], [-7.8079556, 41.2843289]]}, "properties": {"highway": "primary", "lane_markings": "yes", "lanes": "2", "lanes:backward": "1", "lanes:forward": "1", "lit": "yes", "maxspeed": "50", "name": "Rua da Lameira da Ponte", "official_ref": "EM 15", "oneway": "no", "ref": "EN 15", "source": "Dire\u00e7\u00e3o-Geral do Territ\u00f3rio", "surface": "asphalt"}}, {"type": "Feature", "geometry": {"type": "LineString", "coordinates": [[-7.8114214, 41.2838248], [-7.8113173, 41.283956]]}, "properties": {"bridge": "yes", "bridge:name": "Ponte de Arrab\u00e3es", "highway": "primary", "lane_markings": "yes", "lanes": "2", "lanes:backward": "1", "lanes:forward": "1", "layer": "1", "lit": "yes", "maxspeed": "50", "official_ref": "EM 15", "oneway": "no", "ref": "EN 15", "sidewalk": "both", "source": "Dire\u00e7\u00e3o-Geral do Territ\u00f3rio", "surface": "asphalt"}}, {"type": "Feature", "geometry": {"type": "LineString", "coordinates": [[-8.3912898, 41.1922163], [-8.3911167, 41.1922451], [-8.390483, 41.1922588], [-8.3903464, 41.1922645], [-8.3899863, 41.1922773], [-8.3899025, 41.1922795], [-8.3897707, 41.1922888], [-8.3896713, 41.1923085], [-8.3895828, 41.1923433], [-8.3894552, 41.1924047], [-8.3893189, 41.1924802], [-8.3892458, 41.1925269]]}, "properties": {"highway": "primary", "maxspeed": "50", "name": "Avenida da Rep\u00fablica", "ref": "EN 15", "source": "bing", "surface": "asphalt"}}, {"type": "Feature", "geometry": {"type": "LineString", "coordinates": [[-8.3970802, 41.1903938], [-8.3968407, 41.1903872], [-8.3967338, 41.190385]]}, "properties": {"highway": "primary", "name": "Rua Central de Vandoma", "ref": "EN 15", "source": "bing", "surface": "asphalt"}}, {"type": "Feature", "geometry": {"type": "LineString", "coordinates": [[-7.8419288, 41.2811791], [-7.8419679, 41.2812076], [-7.8420242, 41.2812377], [-7.8420703, 41.2812543], [-7.8430902, 41.2815551], [-7.8431901, 41.2815818], [-7.8432986, 41.2816024], [-7.8433759, 41.2816075], [-7.8434175, 41.2816075], [-7.8434595, 41.2816048], [-7.8435703, 41.2815891], [-7.8436307, 41.2815667], [-7.8436756, 41.2815435], [-7.843729, 41.2815052], [-7.8437754, 41.2814546], [-7.8438258, 41.2813665], [-7.8438691, 41.2812728], [-7.8438883, 41.2812349], [-7.8439307, 41.28117]]}, "properties": {"highway": "primary", "lanes": "1", "lit": "no", "maxspeed": "50", "official_ref": "EM 15", "oneway": "yes", "ref": "EN 15", "source": "Servi\u00e7os Geogr\u00e1ficos Municipais", "surface": "asphalt"}}, {"type": "Feature", "geometry": {"type": "LineString", "coordinates": [[-8.5429214, 41.1770785], [-8.5429473, 41.1770704], [-8.5429816, 41.1770596], [-8.543002, 41.1770532]]}, "properties": {"highway": "primary", "lanes": "2", "name": "Rua Nossa Senhora do Amparo", "oneway": "no", "ref": "EN 15", "source": "Bing", "surface": "paving_stones"}}, {"type": "Feature", "geometry": {"type": "LineString", "coordinates": [[-8.543002, 41.1770532], [-8.5430601, 41.177035]]}, "properties": {"highway": "primary", "lanes": "2", "name": "Rua Nossa Senhora do Amparo", "oneway": "no", "ref": "EN 15", "source": "Bing", "surface": "asphalt"}}, {"type": "Feature", "geometry": {"type": "LineString", "coordinates": [[-7.598379, 41.3496946], [-7.5983945, 41.3497747], [-7.5983939, 41.34984], [-7.598377, 41.3499207]]}, "properties": {"highway": "primary", "lanes": "1", "official_ref": "EM 15", "oneway": "yes", "ref": "EN 15", "surface": "asphalt"}}, {"type": "Feature", "geometry": {"type": "LineString", "coordinates": [[-7.843999, 41.2809753], [-7.8440079, 41.280909], [-7.844015, 41.2808677], [-7.8440258, 41.2808253], [-7.8440457, 41.280776]]}, "properties": {"highway": "primary", "lane_markings": "no", "lanes": "1", "lit": "no", "maxspeed": "50", "official_ref": "EM 15", "oneway": "yes", "ref": "EN 15", "surface": "asphalt"}}, {"type": "Feature", "geometry": {"type": "LineString", "coordinates": [[-7.8436394, 41.2814603], [-7.8435928, 41.2814896], [-7.8435447, 41.2815122], [-7.8434944, 41.2815265], [-7.8434366, 41.2815344], [-7.8433825, 41.2815368], [-7.8433167, 41.2815319], [-7.8432558, 41.2815223], [-7.8431953, 41.2815101], [-7.8422648, 41.2812545], [-7.8422029, 41.2812325], [-7.8421356, 41.2812047], [-7.8420934, 41.2811813], [-7.8420457, 41.2811461], [-7.8419986, 41.2811075]]}, "properties": {"highway": "primary", "lanes": "1", "lit": "no", "maxspeed": "50", "official_ref": "EM 15", "oneway": "yes", "ref": "EN 15", "source": "Servi\u00e7os Geogr\u00e1ficos Municipais", "surface": "asphalt"}}, {"type": "Feature", "geometry": {"type": "LineString", "coordinates": [[-7.8438375, 41.2809425], [-7.8437929, 41.2809586], [-7.8437571, 41.2809844], [-7.8437336, 41.2810172], [-7.843725, 41.2810495], [-7.8437285, 41.2810823], [-7.8437439, 41.2811131], [-7.8437699, 41.2811396]]}, "properties": {"highway": "primary", "lane_markings": "no", "lanes": "1", "lit": "no", "maxspeed": "50", "official_ref": "EM 15", "oneway": "yes", "ref": "EN 15", "surface": "asphalt"}}, {"type": "Feature", "geometry": {"type": "LineString", "coordinates": [[-8.0669184, 41.2647067], [-8.0668052, 41.2646979], [-8.0667195, 41.2646716], [-8.0666321, 41.2646274], [-8.06658, 41.264588], [-8.0665277, 41.2645124], [-8.0664767, 41.2643833], [-8.0664243, 41.2643159], [-8.0663881, 41.2642885], [-8.0663668, 41.2642724], [-8.0662136, 41.2641847], [-8.0660215, 41.2641034], [-8.0657173, 41.264001], [-8.0655056, 41.2639497], [-8.0652252, 41.2638849], [-8.0650574, 41.2638544], [-8.0648788, 41.2638481], [-8.0646878, 41.2638608], [-8.0644766, 41.26389], [-8.0640194, 41.2640044], [-8.0639241, 41.2640297], [-8.0638398, 41.2640432], [-8.063729, 41.2640471], [-8.0636504, 41.2640335], [-8.063569, 41.263995], [-8.0635118, 41.2639484], [-8.0634831, 41.2638959], [-8.063473, 41.2638176], [-8.0634966, 41.2636296], [-8.063494, 41.2635518], [-8.0634763, 41.2634645], [-8.063434, 41.2633858], [-8.0633564, 41.2633121], [-8.0631874, 41.2632003], [-8.0628288, 41.2629893], [-8.062638, 41.2629037], [-8.0625317, 41.2628731], [-8.0624677, 41.2628546], [-8.062405, 41.2628465], [-8.0622763, 41.2628298], [-8.062176, 41.2628034], [-8.0620419, 41.2627282], [-8.0614203, 41.2622913], [-8.0613011, 41.2622197], [-8.0612159, 41.2621889], [-8.0611286, 41.2621745], [-8.0610349, 41.2621729], [-8.060854, 41.2622097], [-8.0607337, 41.2622175], [-8.0606411, 41.2622097], [-8.0605538, 41.2621809], [-8.0604723, 41.2621307], [-8.0604228, 41.2620567], [-8.0604028, 41.2619873], [-8.0603859, 41.2618654], [-8.0603889, 41.2615814], [-8.0603724, 41.2614945], [-8.060342, 41.2614237], [-8.0602507, 41.2613281], [-8.0601544, 41.2612557], [-8.0597252, 41.2610081], [-8.0596171, 41.2609268], [-8.0595681, 41.2608722], [-8.059548, 41.2608335], [-8.0595427, 41.2607871], [-8.0595596, 41.2607324], [-8.0595901, 41.2606842], [-8.0596593, 41.2605876], [-8.0596908, 41.2605221], [-8.0597151, 41.2604251], [-8.0597218, 41.2603539], [-8.0597118, 41.2602305], [-8.0596796, 41.2600669], [-8.0596316, 41.2599346], [-8.0595647, 41.2598128], [-8.059487, 41.2597112], [-8.0593234, 41.2595328], [-8.0591034, 41.2592705], [-8.0589181, 41.2590362], [-8.058779, 41.2588665], [-8.0586759, 41.2587713], [-8.0585362, 41.258669], [-8.0581181, 41.258404], [-8.0580558, 41.2583631], [-8.0579835, 41.2583147], [-8.0579222, 41.258271], [-8.0578593, 41.2582243]]}, "properties": {"highway": "primary", "lanes": "2", "lit": "yes", "note": "confirmado nas placas como N15", "official_ref": "EM 15;EM 101", "oneway": "no", "ref": "EN 15;EN 101", "surface": "asphalt"}}, {"type": "Feature", "geometry": {"type": "LineString", "coordinates": [[-8.1460686, 41.3148776], [-8.1463974, 41.3140436]]}, "properties": {"highway": "primary", "ref": "EN 15"}}, {"type": "Feature", "geometry": {"type": "LineString", "coordinates": [[-8.1434624, 41.3160805], [-8.1454384, 41.3153775], [-8.145635, 41.3152875], [-8.1457985, 41.3151784], [-8.1459327, 41.3150649], [-8.1460686, 41.3148776]]}, "properties": {"highway": "primary", "ref": "EN 15"}}, {"type": "Feature", "geometry": {"type": "LineString", "coordinates": [[-8.0679212, 41.2649548], [-8.0679412, 41.2650154], [-8.0680125, 41.2650925], [-8.0680989, 41.2651551], [-8.0681722, 41.2651827], [-8.0682869, 41.2652113], [-8.0684693, 41.2652123]]}, "properties": {"highway": "primary", "junction": "roundabout", "lanes": "3", "ref": "EN 15;EN 101;EM 210;EM 312", "surface": "asphalt"}}, {"type": "Feature", "geometry": {"type": "LineString", "coordinates": [[-7.9301443, 41.2600084], [-7.9301521, 41.2599325], [-7.9301749, 41.2598751], [-7.9302266, 41.2598154], [-7.9307584, 41.2593485], [-7.9308562, 41.2592369], [-7.9310493, 41.2587913], [-7.9311322, 41.2586504], [-7.9311877, 41.258585], [-7.9319441, 41.2581367], [-7.9320686, 41.2580775], [-7.932668, 41.2578356], [-7.9334687, 41.2575079], [-7.9336021, 41.2574415], [-7.933702, 41.2573567], [-7.9338254, 41.2572095], [-7.934221, 41.2567155], [-7.934627, 41.2563085], [-7.9349108, 41.2560683], [-7.9358895, 41.255136], [-7.9359926, 41.2550852], [-7.9360631, 41.2550605], [-7.9361538, 41.2550347], [-7.9366645, 41.254939], [-7.9370897, 41.2548573], [-7.9372189, 41.2548062], [-7.9372962, 41.2547485], [-7.9373379, 41.2546829], [-7.9373528, 41.2545914], [-7.9373453, 41.2545218], [-7.9373075, 41.2543877], [-7.9371565, 41.2541013], [-7.9365285, 41.2529078], [-7.9364369, 41.2527521], [-7.9363588, 41.2526372], [-7.9362641, 41.2525597], [-7.9361495, 41.252489], [-7.935875, 41.2523583], [-7.9357566, 41.2523206], [-7.9356713, 41.2523059], [-7.9355514, 41.2523085], [-7.9352858, 41.2523547], [-7.9351504, 41.2523704], [-7.9350678, 41.2523629], [-7.9350029, 41.2523448], [-7.9349291, 41.2522914], [-7.9348683, 41.2521803], [-7.9347374, 41.2517086], [-7.9347345, 41.2516016], [-7.9347588, 41.2515402], [-7.9348005, 41.25149], [-7.9348768, 41.2514283], [-7.9349466, 41.251397], [-7.9351503, 41.2513753], [-7.9359873, 41.2513436], [-7.9361539, 41.2513303], [-7.9362695, 41.2513052], [-7.9363869, 41.2512408], [-7.9364629, 41.2511883], [-7.9365747, 41.2509715], [-7.9366377, 41.2509126], [-7.9366913, 41.2508576], [-7.9367619, 41.2508258], [-7.936855, 41.2508102], [-7.9370103, 41.250821], [-7.9372251, 41.2508455], [-7.9373467, 41.2508461], [-7.9374866, 41.2508183], [-7.9375617, 41.2508072], [-7.9376583, 41.2508032], [-7.9377557, 41.2508144], [-7.9380861, 41.2508788], [-7.9382001, 41.2509121], [-7.9383168, 41.2509655], [-7.938399, 41.2510229], [-7.9385729, 41.251267], [-7.9387399, 41.2514949], [-7.9388294, 41.2515777], [-7.9389247, 41.2516376], [-7.9397239, 41.2520007], [-7.9398228, 41.2520282], [-7.9399207, 41.2520373], [-7.9400197, 41.2520312], [-7.9402612, 41.2519664], [-7.9404717, 41.2518798], [-7.9405899, 41.2518014], [-7.9407696, 41.2516219], [-7.9409494, 41.2514333], [-7.9410413, 41.2513275], [-7.9410781, 41.2512367], [-7.9411048, 41.2511235], [-7.9411103, 41.2510089], [-7.9411009, 41.2507327], [-7.9410781, 41.2503646], [-7.9409748, 41.2498614], [-7.9409648, 41.2497751], [-7.9409896, 41.2497021], [-7.9410405, 41.2496406], [-7.9411181, 41.2495694], [-7.9411989, 41.2495236], [-7.9413141, 41.2494914], [-7.9414462, 41.2494895], [-7.9415582, 41.2495105], [-7.941636, 41.2495487], [-7.9417031, 41.2496164], [-7.9418103, 41.2497828], [-7.941931, 41.2499461], [-7.942041, 41.2500568], [-7.9425158, 41.2503404], [-7.9426566, 41.2504402], [-7.942794, 41.2505848], [-7.9434572, 41.2512892], [-7.9436338, 41.2515036], [-7.9438209, 41.2517788], [-7.9438984, 41.2518417], [-7.9440781, 41.2519224], [-7.9443383, 41.2520282], [-7.9446253, 41.2521694], [-7.9448142, 41.2522461], [-7.9449016, 41.2522581], [-7.945004, 41.2522524], [-7.9451108, 41.2522178], [-7.9452076, 41.2521562], [-7.9452789, 41.2520743], [-7.9453195, 41.2518515], [-7.9454134, 41.2513496], [-7.9454623, 41.2510883], [-7.9456257, 41.2508314], [-7.9457129, 41.2507721], [-7.9461032, 41.2505914], [-7.9462036, 41.2505202], [-7.9462829, 41.2504372], [-7.9464425, 41.2502315], [-7.9465518, 41.250113], [-7.9466459, 41.2500526], [-7.9467461, 41.2500177], [-7.9468502, 41.2500072], [-7.9469725, 41.250019], [-7.9470697, 41.2500515], [-7.9471617, 41.2501066], [-7.9474422, 41.2503607], [-7.9475388, 41.2504182], [-7.9476266, 41.2504314], [-7.9477092, 41.2504369], [-7.9477931, 41.2504209], [-7.9479091, 41.2503757], [-7.94801, 41.2503133], [-7.94813, 41.2501971], [-7.9484193, 41.2498322], [-7.9484755, 41.2497329], [-7.9484957, 41.2496114], [-7.9484998, 41.2492978], [-7.9485183, 41.2490875], [-7.9485427, 41.2490134], [-7.9485963, 41.2489378], [-7.9487412, 41.248834], [-7.9488321, 41.2487426], [-7.9489497, 41.2485508], [-7.9489972, 41.2484214], [-7.9490027, 41.2483469], [-7.9489879, 41.2482683], [-7.9489544, 41.2481987], [-7.948945, 41.2481312], [-7.9489647, 41.2480584], [-7.9490241, 41.2479819], [-7.9491012, 41.247924], [-7.9492173, 41.247872], [-7.9495498, 41.2477759], [-7.9496775, 41.247733], [-7.9498306, 41.2476387], [-7.9499778, 41.2475146], [-7.950019, 41.2474464], [-7.9500402, 41.2473426], [-7.9499549, 41.2470688], [-7.9499582, 41.2469586], [-7.9499807, 41.2468481], [-7.9501305, 41.2465076], [-7.9502048, 41.2464201], [-7.9502826, 41.2463653], [-7.9503672, 41.2463228], [-7.9504752, 41.2463132], [-7.9505744, 41.2463203], [-7.9506324, 41.2463424], [-7.9508655, 41.2464542], [-7.950989, 41.2464976], [-7.9511881, 41.2465123], [-7.9514704, 41.2465355], [-7.9516983, 41.2465701], [-7.9518388, 41.2466092], [-7.9519824, 41.2466702], [-7.9521277, 41.2467538], [-7.9523626, 41.2469357], [-7.9526569, 41.2471322], [-7.9527833, 41.2471708], [-7.9528772, 41.2471885], [-7.9530334, 41.2471987], [-7.9532429, 41.2471949], [-7.953498, 41.2471547], [-7.9536096, 41.2471098], [-7.9537025, 41.2470539], [-7.9537799, 41.2469696], [-7.9538309, 41.2468519], [-7.9538782, 41.2466448], [-7.9539508, 41.2465224], [-7.9542997, 41.2462785], [-7.9544223, 41.2461138], [-7.9544695, 41.2459901], [-7.9544743, 41.2458934], [-7.9544409, 41.2458241], [-7.9543883, 41.2457727], [-7.9542982, 41.2457016], [-7.9541199, 41.2455979], [-7.954081, 41.2455459], [-7.9540566, 41.2454731], [-7.9540523, 41.2453972], [-7.9540726, 41.2453248], [-7.954126, 41.2452369], [-7.9543074, 41.2450567], [-7.9543626, 41.2449504], [-7.9543649, 41.244856], [-7.9543223, 41.2447517], [-7.9541418, 41.2445244], [-7.9541096, 41.2444291], [-7.9541232, 41.2443402], [-7.9541826, 41.2442471], [-7.9543104, 41.2441237], [-7.9546102, 41.2438605], [-7.9548129, 41.2437155], [-7.9549003, 41.2436355], [-7.9549518, 41.2435421], [-7.9549558, 41.2434191], [-7.954944, 41.2433079], [-7.9549022, 41.2432366], [-7.9548364, 41.2431627], [-7.9540863, 41.2426768], [-7.9539698, 41.2425631], [-7.9539473, 41.2424974], [-7.953954, 41.2424268], [-7.9539785, 41.2423578], [-7.9540694, 41.2422665], [-7.9541244, 41.242205], [-7.9541405, 41.2421354], [-7.9541316, 41.2420632], [-7.9540798, 41.2419598], [-7.9538889, 41.2416213], [-7.9536536, 41.2412388], [-7.9536121, 41.2411367], [-7.9536015, 41.2409658], [-7.9536153, 41.2408466], [-7.9535896, 41.2407689], [-7.9535163, 41.2406681], [-7.9533002, 41.2404776], [-7.9531261, 41.2403206], [-7.9530001, 41.2402495], [-7.952654, 41.2400888], [-7.9525775, 41.2400294], [-7.9525074, 41.2399523], [-7.9524794, 41.2398567], [-7.9524849, 41.2397956], [-7.952512, 41.2397393]]}, "properties": {"highway": "primary", "lanes": "2", "official_ref": "EM 15", "oneway": "no", "ref": "EN 15", "source": "Bing", "surface": "asphalt"}}, {"type": "Feature", "geometry": {"type": "LineString", "coordinates": [[-7.9305393, 41.2603562], [-7.9304566, 41.2603307], [-7.9302862, 41.2602209], [-7.9301843, 41.260126], [-7.9301588, 41.2600706], [-7.9301443, 41.2600084]]}, "properties": {"bridge": "yes", "highway": "primary", "layer": "1", "name": "Ponte do Ramalhoso", "official_ref": "EM 15", "ref": "EN 15", "source": "Bing"}}, {"type": "Feature", "geometry": {"type": "LineString", "coordinates": [[-8.4392917, 41.1842473], [-8.4381371, 41.1848842], [-8.4376416, 41.1851508], [-8.4375409, 41.185227], [-8.4374751, 41.1852986], [-8.437442, 41.1853549], [-8.43742, 41.185416], [-8.4374145, 41.1854471], [-8.4374107, 41.1854684], [-8.4374121, 41.1854963], [-8.4374148, 41.1855522]]}, "properties": {"highway": "primary", "lit": "yes", "maxspeed": "50", "name": "Avenida Central de Gandra", "ref": "EN 15", "source": "Bing", "surface": "asphalt"}}, {"type": "Feature", "geometry": {"type": "LineString", "coordinates": [[-7.9251031, 41.2770024], [-7.9249593, 41.2769155]]}, "properties": {"bridge": "yes", "highway": "primary", "layer": "1", "official_ref": "EM 15", "oneway": "no", "ref": "EN 15", "source": "Bing"}}, {"type": "Feature", "geometry": {"type": "LineString", "coordinates": [[-7.9249593, 41.2769155], [-7.9249274, 41.2768666], [-7.9249045, 41.2768034], [-7.9249149, 41.2767281], [-7.9249508, 41.2766591], [-7.9256514, 41.2761326], [-7.926023, 41.2758991], [-7.9264737, 41.2757984], [-7.9267113, 41.2756748], [-7.9271256, 41.2753589], [-7.9272499, 41.2752498], [-7.9275771, 41.274913], [-7.9276204, 41.2748328], [-7.9276537, 41.2745938], [-7.927675, 41.2744986], [-7.9277297, 41.2744346], [-7.9278049, 41.2743898], [-7.927886, 41.274355], [-7.9279837, 41.2743348], [-7.9281359, 41.2743269], [-7.9282481, 41.2743159], [-7.9283995, 41.2742785], [-7.9290162, 41.2740742], [-7.9291262, 41.2740209], [-7.9292576, 41.2739213], [-7.9294418, 41.2737714], [-7.9296176, 41.2735847], [-7.929829, 41.2732921], [-7.9299438, 41.27309], [-7.9299977, 41.2729836], [-7.9300402, 41.2727788], [-7.9301358, 41.2726594], [-7.9301758, 41.2725948], [-7.9303199, 41.27243], [-7.9304326, 41.2723256], [-7.930561, 41.2722557], [-7.9307532, 41.2721528], [-7.9308756, 41.2720814], [-7.9309644, 41.2720131], [-7.9311537, 41.2718162], [-7.9312605, 41.2717181], [-7.9313564, 41.27166], [-7.9315321, 41.2715749], [-7.931738, 41.271447], [-7.9319444, 41.2713019], [-7.9320593, 41.2712066], [-7.932102, 41.271139], [-7.9321168, 41.2710746], [-7.9321116, 41.2709622], [-7.9320374, 41.2706047], [-7.9320036, 41.2703989], [-7.9319979, 41.2701599], [-7.9320069, 41.2700002], [-7.9320377, 41.2698799], [-7.932083, 41.2697627], [-7.9321844, 41.2695925], [-7.9324074, 41.2692763], [-7.9325155, 41.2690591], [-7.9325464, 41.268934], [-7.9325324, 41.2688242], [-7.9324919, 41.2687391], [-7.9324378, 41.2686777], [-7.932355, 41.2686324], [-7.9322722, 41.2686019], [-7.9321455, 41.2685727], [-7.9320627, 41.2685422], [-7.9320002, 41.2685105], [-7.9319548, 41.2684755], [-7.9319039, 41.2684216], [-7.931855, 41.2683222], [-7.9317417, 41.2679618], [-7.9317308, 41.2678595], [-7.9317535, 41.2677738], [-7.9318026, 41.2676864], [-7.9318937, 41.2675808], [-7.9319684, 41.2674657], [-7.9320509, 41.2673967], [-7.932141, 41.2673474], [-7.932355, 41.2672633], [-7.9325037, 41.2671706], [-7.9326486, 41.2670923], [-7.9327741, 41.2670487], [-7.9331726, 41.266941], [-7.933315, 41.2668911], [-7.9335505, 41.2667724], [-7.9337181, 41.266714], [-7.933844, 41.2666614], [-7.9339381, 41.266598], [-7.9340274, 41.2665087], [-7.934095, 41.2664136], [-7.9341449, 41.2662941], [-7.9341565, 41.2661862], [-7.9341406, 41.266099], [-7.9341048, 41.2660155], [-7.934031, 41.2659152], [-7.933534, 41.265364], [-7.9333424, 41.265098], [-7.9333093, 41.2649976], [-7.9332907, 41.2648947], [-7.9333061, 41.2648141], [-7.9333447, 41.264755], [-7.9334185, 41.2646956], [-7.9339361, 41.2643079], [-7.9342284, 41.2641003], [-7.9348879, 41.2635039], [-7.9350504, 41.2633472], [-7.9351329, 41.2632397], [-7.9351943, 41.2631379], [-7.9352326, 41.2630606], [-7.9353035, 41.2628523], [-7.9353631, 41.2627596], [-7.935437, 41.2626923], [-7.9355232, 41.2626389], [-7.9356465, 41.2625935], [-7.9362362, 41.2624611], [-7.9363832, 41.2624192], [-7.9365046, 41.2623638], [-7.9366316, 41.2622795], [-7.9367491, 41.2621595], [-7.9368682, 41.2619937], [-7.9372129, 41.2614755], [-7.9373145, 41.2613018], [-7.9373497, 41.2612113], [-7.9373734, 41.2610258], [-7.9373801, 41.260218], [-7.9373987, 41.2600897], [-7.9374407, 41.2600034], [-7.9375052, 41.2599195], [-7.9375982, 41.2598274], [-7.9379884, 41.2595829], [-7.938448, 41.2592857], [-7.9385801, 41.259167], [-7.9386151, 41.2590941], [-7.9386136, 41.2590126], [-7.9385817, 41.2589326], [-7.9384918, 41.2588569], [-7.9383956, 41.2588183], [-7.9382774, 41.2587979], [-7.9381843, 41.2588019], [-7.9380695, 41.258831], [-7.9377265, 41.2589682], [-7.9375901, 41.2590132], [-7.9374173, 41.2590507], [-7.9372906, 41.2590583], [-7.9368868, 41.2590431], [-7.9367659, 41.2590458], [-7.9366113, 41.2590647], [-7.9363313, 41.2591312], [-7.9360031, 41.2592311], [-7.9357665, 41.2593187], [-7.935312, 41.2595638], [-7.9351092, 41.2596223], [-7.9345898, 41.2597316], [-7.9343759, 41.2597569], [-7.9341986, 41.2597624], [-7.9340481, 41.2597506], [-7.9338065, 41.2597074], [-7.9331929, 41.2595794], [-7.9330495, 41.259569], [-7.9329075, 41.259569], [-7.9327707, 41.2595931], [-7.9326186, 41.259649], [-7.9324124, 41.259752], [-7.9320462, 41.2599496], [-7.9319309, 41.2600326], [-7.9318245, 41.2601596], [-7.9317503, 41.2602116], [-7.9316351, 41.2602496], [-7.9314662, 41.2602688], [-7.9311326, 41.2602464], [-7.9310134, 41.2602587], [-7.9307769, 41.2603374], [-7.93064, 41.2603615], [-7.9305393, 41.2603562]]}, "properties": {"highway": "primary", "lanes": "2", "maxspeed": "60", "official_ref": "EM 15", "oneway": "no", "ref": "EN 15", "source": "Bing", "surface": "asphalt"}}, {"type": "Feature", "geometry": {"type": "LineString", "coordinates": [[-7.7690446, 41.2799649], [-7.7689913, 41.2799915], [-7.7689429, 41.2800217], [-7.7689084, 41.2800549], [-7.7688827, 41.2800979], [-7.7688705, 41.2801417], [-7.7688608, 41.2801889], [-7.7688598, 41.2802371], [-7.7688664, 41.280281], [-7.7688796, 41.2803308], [-7.7691698, 41.2814013], [-7.7691751, 41.2814411], [-7.7691748, 41.2814795], [-7.7691693, 41.2815183], [-7.7691624, 41.281552], [-7.7691528, 41.2815876], [-7.7690369, 41.2818373], [-7.7690227, 41.2818734], [-7.7690131, 41.2819137], [-7.7689644, 41.2821773], [-7.7689572, 41.2822099], [-7.7689458, 41.2822408], [-7.7689307, 41.2822701], [-7.7689089, 41.2823028], [-7.7688829, 41.2823306], [-7.7686946, 41.2825242], [-7.7686571, 41.2825548], [-7.7686142, 41.2825839], [-7.7685711, 41.2826082], [-7.7685198, 41.2826306], [-7.7684363, 41.2826578], [-7.7681669, 41.2827212], [-7.7678018, 41.282807], [-7.7677483, 41.2828174], [-7.7677012, 41.2828226], [-7.7676502, 41.2828237], [-7.7675936, 41.2828214], [-7.7675419, 41.2828145], [-7.767487, 41.282802], [-7.7674334, 41.282786], [-7.7673824, 41.2827653], [-7.7671619, 41.2826625], [-7.7671161, 41.2826466], [-7.7670647, 41.2826366], [-7.7670072, 41.2826351], [-7.7669414, 41.2826381], [-7.7668895, 41.2826443], [-7.7668414, 41.2826543], [-7.766797, 41.2826785], [-7.7667612, 41.2827035], [-7.7667256, 41.282738], [-7.7665419, 41.2829356], [-7.7664976, 41.2829767], [-7.7664552, 41.2830126], [-7.7662298, 41.2831847], [-7.7661518, 41.28325], [-7.7660811, 41.2833168], [-7.7660145, 41.2833885], [-7.765945, 41.2834805], [-7.7655385, 41.2841999], [-7.7655025, 41.2842672], [-7.7654815, 41.2843184], [-7.7654669, 41.2843657], [-7.7654585, 41.2844113], [-7.7654589, 41.2844628], [-7.7654718, 41.2845449], [-7.7654773, 41.2845926], [-7.76548, 41.2846374], [-7.7654787, 41.2846756], [-7.7654677, 41.2847254], [-7.765451, 41.2847674], [-7.7654252, 41.2848059], [-7.7653889, 41.2848433], [-7.7653507, 41.2848754], [-7.7653044, 41.2849058], [-7.7652518, 41.2849347], [-7.7651989, 41.2849558], [-7.7651477, 41.2849696], [-7.7650815, 41.2849795], [-7.7650042, 41.2849872], [-7.764911, 41.284994], [-7.7648647, 41.2849957], [-7.7648321, 41.2849969], [-7.7647465, 41.284993], [-7.7647418, 41.2849923], [-7.76468, 41.2849835], [-7.7646242, 41.284969], [-7.7645729, 41.2849503], [-7.7645175, 41.2849183], [-7.7636723, 41.2843667], [-7.7635807, 41.2843121], [-7.7635, 41.2842716], [-7.7634493, 41.2842515], [-7.763386, 41.2842394], [-7.7633278, 41.2842375], [-7.7632747, 41.2842431], [-7.7632314, 41.2842512]]}, "properties": {"highway": "primary", "lane_markings": "yes", "lanes": "2", "maxspeed": "50", "name": "Rua Porf\u00edrio Augusto Catal\u00e3o", "official_ref": "EM 15", "oneway": "no", "ref": "EN 15", "surface": "asphalt"}}, {"type": "Feature", "geometry": {"type": "LineString", "coordinates": [[-8.3253187, 41.2036888], [-8.3252128, 41.2037411], [-8.3250829, 41.2038657], [-8.3250227, 41.2039209], [-8.3246604, 41.2043406], [-8.3246424, 41.2043615], [-8.3246182, 41.2043866], [-8.3245985, 41.204407], [-8.324577, 41.2044292]]}, "properties": {"highway": "primary", "lanes": "1", "name": "Avenida Francisco S\u00e1 Carneiro", "oneway": "yes", "ref": "EN 15", "source": "Bing", "surface": "asphalt"}}, {"type": "Feature", "geometry": {"type": "LineString", "coordinates": [[-8.32561, 41.20374], [-8.3256325, 41.2036834], [-8.3256729, 41.2036223], [-8.3257394, 41.2035541], [-8.3258661, 41.2034618], [-8.3260318, 41.2033687], [-8.3264462, 41.203158], [-8.3265841, 41.2030938], [-8.3268534, 41.2029982], [-8.3270583, 41.2029438], [-8.3272681, 41.2029116], [-8.3283641, 41.2029365], [-8.3285215, 41.2029391], [-8.3285777, 41.2029542], [-8.3286304, 41.2029853]]}, "properties": {"highway": "primary", "lanes": "1", "name": "Avenida Francisco S\u00e1 Carneiro", "oneway": "yes", "ref": "EN 15", "source": "Bing", "surface": "asphalt"}}, {"type": "Feature", "geometry": {"type": "LineString", "coordinates": [[-8.068004, 41.2646555], [-8.0679497, 41.264723], [-8.0679169, 41.264798], [-8.0679072, 41.2648766], [-8.0679212, 41.2649548]]}, "properties": {"highway": "primary", "junction": "roundabout", "lanes": "3", "ref": "EN 15;EN 101;EM 210;EM 312", "surface": "asphalt"}}, {"type": "Feature", "geometry": {"type": "LineString", "coordinates": [[-8.0686468, 41.2645855], [-8.0685193, 41.2645365], [-8.0683781, 41.2645189], [-8.0682365, 41.2645343], [-8.0681077, 41.2645814], [-8.068004, 41.2646555]]}, "properties": {"highway": "primary", "junction": "roundabout", "lanes": "3", "ref": "EN 15;EN 101;EM 210;EM 312", "surface": "asphalt"}}, {"type": "Feature", "geometry": {"type": "LineString", "coordinates": [[-8.0673835, 41.2647262], [-8.0675914, 41.2647757], [-8.0677484, 41.2648462], [-8.0679212, 41.2649548]]}, "properties": {"highway": "primary", "official_ref": "EM 15;EM 101", "oneway": "yes", "ref": "EN 15;EN 101", "surface": "asphalt"}}, {"type": "Feature", "geometry": {"type": "LineString", "coordinates": [[-7.890174, 41.276859], [-7.8902793, 41.2766664], [-7.8903977, 41.2762915], [-7.8904727, 41.2762169]]}, "properties": {"highway": "primary", "lanes": "2", "maxspeed": "60", "official_ref": "EM 15", "oneway": "no", "ref": "EN 15", "source": "Servi\u00e7os Geogr\u00e1ficos Municipais", "surface": "asphalt"}}, {"type": "Feature", "geometry": {"type": "LineString", "coordinates": [[-7.9146124, 41.2792927], [-7.9147474, 41.2792999], [-7.9149411, 41.2792945], [-7.9151764, 41.2792637], [-7.9154548, 41.2791891], [-7.9156694, 41.2791129], [-7.9158513, 41.2790375], [-7.916521, 41.2787218], [-7.9173016, 41.2783498], [-7.9174143, 41.2782854], [-7.9175973, 41.2781809], [-7.9178475, 41.2780176], [-7.918606, 41.2774406], [-7.9186905, 41.277358], [-7.9187499, 41.2772519], [-7.9187767, 41.2770634], [-7.9188156, 41.276958], [-7.9188793, 41.2768793], [-7.9189389, 41.2768285], [-7.9190382, 41.2767903], [-7.9191299, 41.2767765], [-7.9192132, 41.2767973], [-7.9192894, 41.2768457], [-7.9193461, 41.2769174], [-7.919358, 41.2769771], [-7.9193478, 41.2770604], [-7.9192887, 41.2771396], [-7.9191299, 41.2772958], [-7.9189507, 41.2774723], [-7.9188497, 41.2776007], [-7.9186044, 41.2780519], [-7.9182239, 41.2785571], [-7.9176657, 41.2794913], [-7.9176328, 41.2795967], [-7.9176379, 41.2797136], [-7.9176835, 41.2798078], [-7.9177629, 41.2798659], [-7.9178372, 41.2798951], [-7.9179447, 41.2799139], [-7.9182225, 41.2799256], [-7.91841, 41.2799434], [-7.9185673, 41.2799654], [-7.9187209, 41.2800031], [-7.9188865, 41.28005], [-7.9190809, 41.2800754], [-7.9194493, 41.2801269], [-7.9196165, 41.2801618], [-7.9197838, 41.2802151], [-7.9199219, 41.2802869], [-7.9200642, 41.2803726], [-7.9201301, 41.2804297], [-7.9201866, 41.2805068], [-7.920245, 41.2806113], [-7.9203261, 41.2808754], [-7.9203853, 41.2810062], [-7.920458, 41.2810692], [-7.9205475, 41.2811192], [-7.9206525, 41.2811531], [-7.9207397, 41.2811601], [-7.9208252, 41.281157], [-7.9209395, 41.2811167], [-7.9211997, 41.2809846], [-7.9222203, 41.2805821], [-7.9224115, 41.280517], [-7.9225329, 41.2804983], [-7.9226782, 41.2804919], [-7.9228303, 41.2805021], [-7.9229367, 41.2805037], [-7.9230499, 41.2804792], [-7.9231327, 41.2804323], [-7.9232073, 41.2803645], [-7.9232546, 41.2802756], [-7.9232932, 41.2800399], [-7.9233358, 41.2799235], [-7.9234115, 41.2798151], [-7.9235076, 41.2797125], [-7.9244125, 41.2791191], [-7.9247269, 41.2788812], [-7.9251182, 41.2785014], [-7.9254237, 41.2782408], [-7.9259353, 41.2779216], [-7.9260812, 41.2778672], [-7.9261961, 41.277852], [-7.9263344, 41.277851], [-7.9273012, 41.2779345], [-7.9274262, 41.277935], [-7.9275377, 41.2779066], [-7.9275901, 41.2778774], [-7.927652, 41.2778206], [-7.9277084, 41.2777199], [-7.9277557, 41.2775536], [-7.927803, 41.2774723], [-7.9278769, 41.2773998], [-7.9279855, 41.2773365], [-7.9281239, 41.2772874], [-7.928386, 41.2772234], [-7.9284789, 41.2771853], [-7.9285645, 41.2771227], [-7.928707, 41.277005], [-7.9290111, 41.2767866], [-7.9292578, 41.2766203], [-7.9294274, 41.2765323], [-7.9297512, 41.2764018], [-7.9302531, 41.2762266], [-7.9309931, 41.2759879], [-7.9312402, 41.2758938], [-7.9314036, 41.2758248], [-7.9315186, 41.2757593], [-7.9316244, 41.2757089], [-7.9317518, 41.2756653], [-7.9318644, 41.2756481], [-7.9319834, 41.2756485], [-7.9321117, 41.2756691], [-7.9323337, 41.275731], [-7.9324393, 41.2757443], [-7.9325324, 41.2757415], [-7.9326216, 41.27572]]}, "properties": {"highway": "primary", "lanes": "2", "maxspeed": "60", "official_ref": "EM 15", "oneway": "no", "ref": "EN 15", "source": "Servi\u00e7os Geogr\u00e1ficos Municipais", "surface": "asphalt"}}, {"type": "Feature", "geometry": {"type": "LineString", "coordinates": [[-7.8904727, 41.2762169], [-7.8905542, 41.2761358], [-7.8907952, 41.2760372], [-7.8910996, 41.2760118], [-7.8914548, 41.2760627], [-7.8921397, 41.2765997], [-7.892478, 41.2767522], [-7.8929051, 41.2768476], [-7.8935308, 41.2768062], [-7.895163, 41.2763391], [-7.8955224, 41.2763105], [-7.896609, 41.2765584], [-7.8970107, 41.2765743], [-7.8976407, 41.2764948], [-7.897969, 41.276381], [-7.8997675, 41.2757576], [-7.9001312, 41.2757417], [-7.900554, 41.2758116], [-7.9019076, 41.2762155], [-7.9025244, 41.2762787], [-7.9060803, 41.2760913], [-7.9069459, 41.2759559], [-7.9078689, 41.2758116], [-7.9081262, 41.2758209], [-7.9082198, 41.2758243], [-7.9084862, 41.2759228], [-7.9084966, 41.2759356], [-7.9094037, 41.2770541], [-7.90978, 41.277302], [-7.9102367, 41.2774005], [-7.9109978, 41.2773178], [-7.9123212, 41.2770922], [-7.9125737, 41.2770989], [-7.9128032, 41.2771049], [-7.9130781, 41.2772638], [-7.9132345, 41.2774863], [-7.9134037, 41.2782775], [-7.9135601, 41.2785857], [-7.9140083, 41.2790179], [-7.9143113, 41.2791979], [-7.9146124, 41.2792927]]}, "properties": {"highway": "primary", "lanes": "2", "maxspeed": "60", "official_ref": "EM 15", "oneway": "no", "ref": "EN 15", "source": "Servi\u00e7os Geogr\u00e1ficos Municipais", "surface": "asphalt"}}, {"type": "Feature", "geometry": {"type": "LineString", "coordinates": [[-8.5047597, 41.1899102], [-8.5047018, 41.1898888], [-8.5046575, 41.1898724], [-8.5045261, 41.1898284], [-8.5043702, 41.1897909], [-8.5042988, 41.1897781], [-8.5037001, 41.1896706], [-8.503313, 41.1895802], [-8.5029803, 41.1895026], [-8.5027341, 41.1894451]]}, "properties": {"highway": "primary", "maxspeed": "50", "name": "Rua do Conde Ferreira", "ref": "EN 15", "source": "Bing", "surface": "asphalt"}}, {"type": "Feature", "geometry": {"type": "LineString", "coordinates": [[-8.4637869, 41.1824642], [-8.4647766, 41.1824405], [-8.4649893, 41.1824355]]}, "properties": {"highway": "primary", "lanes": "2", "lit": "yes", "name": "Rua Central de Campo", "oneway": "no", "ref": "EN 15", "surface": "asphalt"}}, {"type": "Feature", "geometry": {"type": "LineString", "coordinates": [[-8.4631669, 41.182539], [-8.4632738, 41.1825084], [-8.4633646, 41.1824823], [-8.4636204, 41.1824682], [-8.4637869, 41.1824642]]}, "properties": {"highway": "primary", "lanes": "2", "lit": "yes", "name": "Rua Central de Campo", "oneway": "no", "ref": "EN 15", "surface": "asphalt"}}, {"type": "Feature", "geometry": {"type": "LineString", "coordinates": [[-8.47363, 41.183235], [-8.4735895, 41.1832334], [-8.4735491, 41.1832362], [-8.4735096, 41.1832433], [-8.473472, 41.1832547], [-8.4734203, 41.1832793], [-8.473377, 41.1833118], [-8.4733441, 41.1833506], [-8.4733292, 41.1833779]]}, "properties": {"highway": "primary", "junction": "roundabout", "lanes": "2", "lit": "yes", "ref": "EN 15", "source": "Bing", "surface": "asphalt"}}, {"type": "Feature", "geometry": {"type": "LineString", "coordinates": [[-8.4866487, 41.1852748], [-8.4861959, 41.1848892], [-8.4860504, 41.1847749], [-8.4859193, 41.1846942], [-8.4856353, 41.1845594], [-8.4853512, 41.1844287], [-8.4852572, 41.1843846], [-8.4849231, 41.1842279]]}, "properties": {"highway": "primary", "lit": "yes", "name": "Rua Fonseca Dias", "ref": "EN 15", "source": "Bing", "surface": "asphalt"}}, {"type": "Feature", "geometry": {"type": "LineString", "coordinates": [[-8.5187284, 41.1910381], [-8.5188585, 41.1910151], [-8.519002, 41.1910164], [-8.5191903, 41.1910362]]}, "properties": {"highway": "primary", "name": "Rua Vasco da Gama", "oneway": "yes", "ref": "EN 15", "source": "Bing", "surface": "asphalt"}}, {"type": "Feature", "geometry": {"type": "LineString", "coordinates": [[-8.4738585, 41.1833739], [-8.4738231, 41.1833224], [-8.4737704, 41.1832801], [-8.4737043, 41.1832502], [-8.47363, 41.183235]]}, "properties": {"highway": "primary", "junction": "roundabout", "lanes": "2", "lit": "yes", "ref": "EN 15", "source": "Bing", "surface": "asphalt"}}, {"type": "Feature", "geometry": {"type": "LineString", "coordinates": [[-8.4733292, 41.1833779], [-8.4733166, 41.1834227], [-8.4733172, 41.1834685], [-8.4733309, 41.1835131]]}, "properties": {"highway": "primary", "junction": "roundabout", "lanes": "2", "lit": "yes", "ref": "EN 15", "source": "Bing", "surface": "asphalt"}}, {"type": "Feature", "geometry": {"type": "LineString", "coordinates": [[-7.7281211, 41.3112482], [-7.7282776, 41.3111419], [-7.7285633, 41.3109479], [-7.7286154, 41.3109119], [-7.7287593, 41.3108056], [-7.7288164, 41.3107608], [-7.7288681, 41.3107188], [-7.7289214, 41.3106724], [-7.7289704, 41.310624], [-7.7290154, 41.3105746], [-7.7290503, 41.310532], [-7.7290846, 41.3104874], [-7.7291153, 41.310444], [-7.7291382, 41.3104064], [-7.7291619, 41.3103632], [-7.7291842, 41.3103193], [-7.7294139, 41.3098782], [-7.7294409, 41.3098313], [-7.729466, 41.3097893], [-7.729494, 41.3097469], [-7.7295267, 41.3097033], [-7.7295592, 41.3096661], [-7.7295943, 41.3096309], [-7.7296326, 41.3095982], [-7.7296774, 41.3095672], [-7.7297198, 41.3095403], [-7.7297629, 41.3095177], [-7.7298148, 41.3094958], [-7.7298696, 41.309477], [-7.7299207, 41.3094629], [-7.7299713, 41.3094515], [-7.7300244, 41.3094418], [-7.7300762, 41.3094338], [-7.7301283, 41.3094273], [-7.7303321, 41.3094041], [-7.7308274, 41.3093451], [-7.7308993, 41.3093367]]}, "properties": {"highway": "primary", "lanes": "2", "lit": "yes", "maxspeed": "50", "name": "Rua Promotores do Circuito de Vila Real", "official_ref": "EM 15", "oneway": "no", "ref": "EN 15", "surface": "asphalt"}}, {"type": "Feature", "geometry": {"type": "LineString", "coordinates": [[-7.7632314, 41.2842512], [-7.7631814, 41.2842677], [-7.7631346, 41.2842876], [-7.7630938, 41.2843134], [-7.7630495, 41.2843468], [-7.7630085, 41.2843896], [-7.7629322, 41.2844879], [-7.7628951, 41.2845361], [-7.762859, 41.2845752], [-7.7628064, 41.2846169], [-7.7627552, 41.2846511], [-7.7626831, 41.2846953], [-7.7624971, 41.2848086], [-7.7624926, 41.2848114], [-7.762061, 41.2850812], [-7.762007, 41.2851122], [-7.7619709, 41.285133], [-7.7619282, 41.2851522], [-7.7618879, 41.2851667], [-7.7618486, 41.2851771], [-7.7618091, 41.2851812], [-7.7617675, 41.2851796], [-7.7617258, 41.2851751], [-7.7616782, 41.2851679], [-7.7614496, 41.2851299], [-7.7614039, 41.2851223], [-7.7613579, 41.2851137], [-7.7613066, 41.2851023], [-7.7610681, 41.2850441], [-7.7606479, 41.2849316], [-7.7605159, 41.2848956]]}, "properties": {"highway": "primary", "lanes": "2", "maxspeed": "50", "name": "Rua Porf\u00edrio Augusto Catal\u00e3o", "official_ref": "EM 15", "oneway": "no", "ref": "EN 15", "surface": "asphalt"}}, {"type": "Feature", "geometry": {"type": "LineString", "coordinates": [[-7.7195331, 41.3119458], [-7.7193678, 41.3121155], [-7.7193453, 41.3121387], [-7.7193175, 41.3121664], [-7.7192883, 41.3121932], [-7.7192582, 41.3122182], [-7.7192267, 41.3122416], [-7.7191883, 41.3122664], [-7.7191465, 41.3122903], [-7.7191115, 41.3123087], [-7.7190731, 41.3123272], [-7.719034, 41.3123442], [-7.7189942, 41.3123599], [-7.7189523, 41.3123752], [-7.7189131, 41.3123881], [-7.7185793, 41.3124982], [-7.7183903, 41.3125605], [-7.7183599, 41.3125705], [-7.7182802, 41.3125946], [-7.718249, 41.3126034], [-7.7181982, 41.3126174], [-7.7181536, 41.3126297], [-7.7181054, 41.3126426], [-7.7180573, 41.312654], [-7.7180074, 41.3126651], [-7.7179488, 41.3126765], [-7.7178922, 41.3126852], [-7.717853, 41.3126906], [-7.717814, 41.3126953], [-7.7176838, 41.3127108], [-7.7175339, 41.3127288], [-7.7171047, 41.31278], [-7.7170509, 41.3127857], [-7.7169984, 41.3127903], [-7.7169484, 41.3127941], [-7.7168987, 41.3127966], [-7.716849, 41.3127978], [-7.7167947, 41.3127974], [-7.7167449, 41.3127953], [-7.7166991, 41.3127917], [-7.7166554, 41.3127862], [-7.7166138, 41.3127788], [-7.7165712, 41.3127696], [-7.7165303, 41.3127588], [-7.7164972, 41.3127485], [-7.7164651, 41.3127372], [-7.716384, 41.312707], [-7.71624, 41.3126551], [-7.7161963, 41.3126404], [-7.7161579, 41.31263], [-7.7161204, 41.312622], [-7.7160808, 41.312616], [-7.7160451, 41.3126123], [-7.7160053, 41.3126095], [-7.7159653, 41.3126088], [-7.7159295, 41.3126115], [-7.7158946, 41.3126159], [-7.7158598, 41.3126228], [-7.7158242, 41.3126325], [-7.7157831, 41.3126454], [-7.7157526, 41.3126557], [-7.7157199, 41.3126676], [-7.7156906, 41.3126808], [-7.7156675, 41.3126924], [-7.7156435, 41.3127056], [-7.7156208, 41.3127191], [-7.7156, 41.3127327], [-7.7155786, 41.312748], [-7.7155434, 41.3127753], [-7.7154979, 41.3128106], [-7.7144659, 41.3136112], [-7.714259, 41.3137736], [-7.7142084, 41.3138135], [-7.7141617, 41.313849], [-7.7141127, 41.313884], [-7.7140701, 41.3139108], [-7.7140273, 41.313935], [-7.713986, 41.3139548], [-7.7139441, 41.3139711], [-7.7138993, 41.3139868], [-7.7138582, 41.3140014], [-7.7137578, 41.3140409], [-7.7137099, 41.3140642], [-7.7136687, 41.314089], [-7.7136356, 41.3141119], [-7.7136085, 41.3141367], [-7.7135801, 41.3141671], [-7.7135559, 41.314198], [-7.713527, 41.3142425], [-7.7134074, 41.3144446], [-7.7133872, 41.3144788], [-7.7133734, 41.3145022], [-7.7133149, 41.3145668]]}, "properties": {"highway": "primary", "lanes": "2", "lit": "yes", "maxspeed": "50", "maxspeed:advisory": "40", "name": "Estrada Nacional 15", "official_ref": "EM 15", "oneway": "no", "ref": "EN 15", "source": "Dire\u00e7\u00e3o-Geral do Territ\u00f3rio", "surface": "asphalt"}}, {"type": "Feature", "geometry": {"type": "LineString", "coordinates": [[-7.7252446, 41.3097026], [-7.7252453, 41.3096719], [-7.7252329, 41.3096308], [-7.7252017, 41.3095827], [-7.7251521, 41.3095442], [-7.7250892, 41.3095191], [-7.725019, 41.3095098]]}, "properties": {"highway": "primary", "junction": "roundabout", "lanes": "2", "lit": "yes", "maxspeed": "50", "official_ref": "EM 15", "ref": "EN 15", "source": "Bing", "surface": "asphalt"}}, {"type": "Feature", "geometry": {"type": "LineString", "coordinates": [[-7.7249936, 41.3098512], [-7.7250264, 41.3098517]]}, "properties": {"highway": "primary", "junction": "roundabout", "lanes": "2", "lit": "yes", "maxspeed": "50", "official_ref": "EM 15", "ref": "EN 15", "source": "Bing", "surface": "asphalt"}}, {"type": "Feature", "geometry": {"type": "LineString", "coordinates": [[-7.725019, 41.3095098], [-7.7249753, 41.3095124], [-7.7249331, 41.3095212]]}, "properties": {"highway": "primary", "junction": "roundabout", "lanes": "2", "lit": "yes", "maxspeed": "50", "official_ref": "EM 15", "ref": "EN 15", "source": "Bing", "surface": "asphalt"}}, {"type": "Feature", "geometry": {"type": "LineString", "coordinates": [[-7.7249331, 41.3095212], [-7.7248802, 41.309543], [-7.7248367, 41.3095745], [-7.7248104, 41.3096], [-7.7247965, 41.3096233]]}, "properties": {"highway": "primary", "junction": "roundabout", "lanes": "2", "lit": "yes", "maxspeed": "50", "official_ref": "EM 15", "ref": "EN 15", "source": "Bing", "surface": "asphalt"}}, {"type": "Feature", "geometry": {"type": "LineString", "coordinates": [[-7.7247965, 41.3096233], [-7.724788, 41.3096761], [-7.7247931, 41.3097277]]}, "properties": {"highway": "primary", "junction": "roundabout", "lanes": "2", "lit": "yes", "maxspeed": "50", "official_ref": "EM 15", "ref": "EN 15", "source": "Bing", "surface": "asphalt"}}, {"type": "Feature", "geometry": {"type": "LineString", "coordinates": [[-7.7250264, 41.3098517], [-7.7250882, 41.3098429], [-7.7251444, 41.3098217], [-7.7251908, 41.3097897], [-7.7252162, 41.3097588], [-7.7252331, 41.3097336]]}, "properties": {"highway": "primary", "junction": "roundabout", "lanes": "2", "lit": "yes", "maxspeed": "50", "official_ref": "EM 15", "ref": "EN 15", "source": "Bing", "surface": "asphalt"}}, {"type": "Feature", "geometry": {"type": "LineString", "coordinates": [[-8.3028616, 41.1936292], [-8.3026232, 41.1936616], [-8.3023059, 41.1936444], [-8.3020607, 41.1936321], [-8.3018319, 41.1935934], [-8.3016171, 41.1935372], [-8.3011805, 41.1934195], [-8.3003844, 41.1932087], [-8.3001789, 41.1931542], [-8.2997026, 41.1930066], [-8.2996347, 41.1929792], [-8.299552, 41.1929327]]}, "properties": {"highway": "primary", "lanes": "2", "oneway": "yes", "ref": "EN 15", "surface": "asphalt"}}, {"type": "Feature", "geometry": {"type": "LineString", "coordinates": [[-8.3032357, 41.1938204], [-8.3034771, 41.1937775], [-8.3035495, 41.1937596], [-8.3042041, 41.1937704], [-8.3044023, 41.1937744], [-8.3045774, 41.1937904], [-8.3047544, 41.1938224], [-8.3049543, 41.1938889], [-8.3051737, 41.1939995], [-8.3053082, 41.1940953], [-8.3054338, 41.1942471], [-8.3056108, 41.1945147], [-8.3058677, 41.1949441]]}, "properties": {"highway": "primary", "lanes": "2", "oneway": "yes", "ref": "EN 15", "surface": "asphalt"}}, {"type": "Feature", "geometry": {"type": "LineString", "coordinates": [[-8.3058677, 41.1949441], [-8.3059293, 41.195053], [-8.3059371, 41.1950783], [-8.3059433, 41.1951645]]}, "properties": {"highway": "primary", "lanes": "2", "oneway": "yes", "ref": "EN 15", "surface": "asphalt"}}, {"type": "Feature", "geometry": {"type": "LineString", "coordinates": [[-8.3061514, 41.1950594], [-8.3060563, 41.194995], [-8.3059854, 41.1949234]]}, "properties": {"highway": "primary", "lanes": "2", "oneway": "yes", "ref": "EN 15", "surface": "asphalt"}}, {"type": "Feature", "geometry": {"type": "LineString", "coordinates": [[-7.7346407, 41.3089218], [-7.7345712, 41.3089145], [-7.7345367, 41.3089116], [-7.7345036, 41.3089101], [-7.7344731, 41.3089105], [-7.7344428, 41.3089122], [-7.734419, 41.3089141], [-7.7343932, 41.3089168], [-7.7343467, 41.3089229], [-7.7341204, 41.3089484], [-7.7338754, 41.3089758], [-7.7332127, 41.309054]]}, "properties": {"highway": "primary", "lane_markings": "yes", "lanes": "1", "lit": "yes", "maxspeed": "50", "name": "Rua Fundadores do Circuito de Vila Real", "official_ref": "EM 15", "oneway": "yes", "ref": "EN 15", "source": "Dire\u00e7\u00e3o-Geral do Territ\u00f3rio", "surface": "asphalt"}}, {"type": "Feature", "geometry": {"type": "LineString", "coordinates": [[-8.5645256, 41.1671192], [-8.5644131, 41.1671612], [-8.5640755, 41.16729]]}, "properties": {"highway": "primary", "name": "Rua de Afonso de Albuquerque", "oneway": "no", "ref": "EN 15", "surface": "asphalt"}}, {"type": "Feature", "geometry": {"type": "LineString", "coordinates": [[-8.0813257, 41.2730081], [-8.0815615, 41.2731158]]}, "properties": {"highway": "primary", "lanes": "1", "oneway": "yes", "ref": "EN 15;EN 101;EM 312", "surface": "asphalt"}}, {"type": "Feature", "geometry": {"type": "LineString", "coordinates": [[-8.0812093, 41.2725554], [-8.0812329, 41.2727249], [-8.0812287, 41.2728193]]}, "properties": {"highway": "primary", "lanes": "2", "oneway": "yes", "ref": "EN 15;EN 101;EM 210;EM 312", "surface": "asphalt"}}, {"type": "Feature", "geometry": {"type": "LineString", "coordinates": [[-8.0822796, 41.274257], [-8.0824004, 41.2745135], [-8.0824545, 41.2746927], [-8.0824815, 41.2749792], [-8.0824913, 41.2750838], [-8.0824675, 41.2752906], [-8.0824011, 41.2755047], [-8.0821316, 41.2761922], [-8.0820691, 41.2765004], [-8.0819902, 41.2773601], [-8.081949, 41.2778808], [-8.0819527, 41.2780605], [-8.0819568, 41.2782605], [-8.081962, 41.278759], [-8.0820005, 41.2790547], [-8.0820863, 41.2792353], [-8.0822408, 41.279403], [-8.0825864, 41.2796225], [-8.0827132, 41.2797031], [-8.0831724, 41.2799949], [-8.0835614, 41.280242], [-8.0837864, 41.2803303], [-8.0841014, 41.2804145], [-8.0846493, 41.2805808]]}, "properties": {"highway": "primary", "lanes": "2", "oneway": "no", "ref": "EN 15;EN 101", "surface": "asphalt"}}, {"type": "Feature", "geometry": {"type": "LineString", "coordinates": [[-8.0812076, 41.2728551], [-8.0812023, 41.272894], [-8.0812132, 41.2729323], [-8.0812393, 41.2729662], [-8.0812781, 41.2729923], [-8.0813257, 41.2730081], [-8.0813775, 41.2730121], [-8.0814285, 41.2730039], [-8.0814735, 41.2729843], [-8.0815083, 41.2729552], [-8.0815294, 41.2729194], [-8.0815347, 41.2728804], [-8.0815238, 41.2728422], [-8.0814976, 41.2728083], [-8.0814589, 41.2727822], [-8.0814112, 41.2727663], [-8.0813594, 41.2727623], [-8.0813085, 41.2727705], [-8.0812635, 41.2727902], [-8.0812287, 41.2728193], [-8.0812076, 41.2728551]]}, "properties": {"highway": "primary", "junction": "roundabout", "lanes": "2", "ref": "EN 15;EN 101;EM 210;EM 312", "surface": "asphalt"}}, {"type": "Feature", "geometry": {"type": "LineString", "coordinates": [[-8.0815615, 41.2731158], [-8.0815294, 41.2729194]]}, "properties": {"highway": "primary", "lanes": "1", "oneway": "yes", "ref": "EN 15;EN 101;EM 312", "surface": "asphalt"}}, {"type": "Feature", "geometry": {"type": "LineString", "coordinates": [[-8.0813594, 41.2727623], [-8.0813183, 41.2726952], [-8.0812093, 41.2725554]]}, "properties": {"highway": "primary", "lanes": "2", "oneway": "yes", "ref": "EN 15;EN 101;EM 210;EM 312", "surface": "asphalt"}}, {"type": "Feature", "geometry": {"type": "LineString", "coordinates": [[-8.0822843, 41.2738273], [-8.0822336, 41.273827], [-8.0821856, 41.2738391], [-8.0821454, 41.2738623], [-8.0821173, 41.273894], [-8.0821045, 41.2739309], [-8.0821083, 41.2739688], [-8.0821283, 41.2740038], [-8.0821624, 41.274032], [-8.0822068, 41.2740504], [-8.0822567, 41.274057], [-8.0823068, 41.274051], [-8.0823515, 41.2740331], [-8.0823861, 41.2740053], [-8.0824068, 41.2739705], [-8.0824114, 41.2739326], [-8.0823993, 41.2738956], [-8.0823719, 41.2738635], [-8.0823321, 41.2738399], [-8.0822843, 41.2738273]]}, "properties": {"highway": "primary", "junction": "roundabout", "lanes": "2", "ref": "EN 15;EN 101;EM 312", "surface": "asphalt"}}, {"type": "Feature", "geometry": {"type": "LineString", "coordinates": [[-8.0822336, 41.273827], [-8.0821661, 41.2738052], [-8.0819988, 41.2737269]]}, "properties": {"highway": "primary", "lanes": "1", "oneway": "yes", "ref": "EN 15;EN 101;EM 312", "surface": "asphalt"}}, {"type": "Feature", "geometry": {"type": "LineString", "coordinates": [[-8.0822796, 41.274257], [-8.0822943, 41.2741636], [-8.0823104, 41.2740963], [-8.0823515, 41.2740331]]}, "properties": {"highway": "primary", "lanes": "1", "oneway": "yes", "ref": "EN 15;EN 101", "surface": "asphalt"}}, {"type": "Feature", "geometry": {"type": "LineString", "coordinates": [[-8.0815615, 41.2731158], [-8.0819988, 41.2737269]]}, "properties": {"highway": "primary", "lanes": "2", "oneway": "no", "ref": "EN 15;EN 101;EM 312", "surface": "asphalt"}}, {"type": "Feature", "geometry": {"type": "LineString", "coordinates": [[-8.0819988, 41.2737269], [-8.0820683, 41.2738707], [-8.0821045, 41.2739309]]}, "properties": {"highway": "primary", "lanes": "1", "oneway": "yes", "ref": "EN 15;EN 101;EM 312", "surface": "asphalt"}}, {"type": "Feature", "geometry": {"type": "LineString", "coordinates": [[-8.0821624, 41.274032], [-8.082186, 41.2740937], [-8.0822796, 41.274257]]}, "properties": {"highway": "primary", "lanes": "1", "oneway": "yes", "ref": "EN 15;EN 101", "surface": "asphalt"}}, {"type": "Feature", "geometry": {"type": "LineString", "coordinates": [[-8.28828, 41.2016542], [-8.2883341, 41.2015472], [-8.2886341, 41.2009534], [-8.2887888, 41.2007298], [-8.2890043, 41.2004991], [-8.2892873, 41.2002515], [-8.2895306, 41.2000795], [-8.2896906, 41.1999735], [-8.2902294, 41.1996135]]}, "properties": {"highway": "primary", "lanes": "2", "name": "Avenida Jos\u00e9 J\u00falio", "old_ref": "EN 15", "oneway": "no", "ref": "EN 15", "surface": "cobblestone"}}, {"type": "Feature", "geometry": {"type": "LineString", "coordinates": [[-8.2869772, 41.2038248], [-8.2871098, 41.2036735], [-8.2872635, 41.2034716], [-8.2873122, 41.2034122], [-8.2875165, 41.2031374], [-8.2876169, 41.2029488], [-8.2876562, 41.2028751], [-8.2879027, 41.2023989], [-8.2879562, 41.2022956], [-8.2879935, 41.2022217], [-8.28828, 41.2016542]]}, "properties": {"highway": "primary", "lanes": "2", "name": "Avenida Egas Moniz", "oneway": "no", "ref": "EN 15", "surface": "cobblestone"}}, {"type": "Feature", "geometry": {"type": "LineString", "coordinates": [[-8.2827243, 41.2072945], [-8.2829969, 41.2071582], [-8.2832317, 41.2070249]]}, "properties": {"highway": "primary", "lanes": "2", "name": "Rua \"O Penafidelense\"", "oneway": "no", "ref": "EN 15", "surface": "asphalt"}}, {"type": "Feature", "geometry": {"type": "LineString", "coordinates": [[-8.2110601, 41.2586244], [-8.2109365, 41.2587621], [-8.2107674, 41.2589043]]}, "properties": {"destination": "Lixa;Amarante;Torre de Vilar;Mosteiro de Travanca", "highway": "primary", "oneway": "yes", "ref": "EN 15", "surface": "asphalt"}}, {"type": "Feature", "geometry": {"type": "LineString", "coordinates": [[-8.2107674, 41.2589043], [-8.2109337, 41.2588589], [-8.211227, 41.2588421]]}, "properties": {"highway": "primary", "oneway": "yes", "ref": "EN 15", "surface": "asphalt"}}, {"type": "Feature", "geometry": {"type": "LineString", "coordinates": [[-8.2113153, 41.2581535], [-8.2112677, 41.2582852], [-8.2111877, 41.2584433]]}, "properties": {"highway": "primary", "lanes": "1", "lit": "yes", "name": "Avenida das \u00c1rvores", "oneway": "yes", "ref": "EN 15", "surface": "asphalt"}}, {"type": "Feature", "geometry": {"type": "LineString", "coordinates": [[-8.2114556, 41.2584054], [-8.2113563, 41.2582711], [-8.2113153, 41.2581535]]}, "properties": {"destination": "Penafiel;Porto;Monsteiro de Mancelos;Igreja de Real", "highway": "primary", "lanes": "1", "lit": "yes", "name": "Avenida das \u00c1rvores", "oneway": "yes", "ref": "EN 15", "surface": "asphalt"}}, {"type": "Feature", "geometry": {"type": "LineString", "coordinates": [[-8.2001706, 41.2857129], [-8.2001741, 41.2855746], [-8.2002201, 41.2854615]]}, "properties": {"highway": "primary", "oneway": "yes", "ref": "EN 15"}}, {"type": "Feature", "geometry": {"type": "LineString", "coordinates": [[-8.2002201, 41.2854615], [-8.2000843, 41.2855555], [-8.2000454, 41.2856321], [-8.2000126, 41.2856704]]}, "properties": {"highway": "primary", "oneway": "yes", "ref": "EN 15"}}, {"type": "Feature", "geometry": {"type": "LineString", "coordinates": [[-8.1995681, 41.2861669], [-8.1997134, 41.2860271], [-8.1998628, 41.2859397], [-8.1999798, 41.285926]]}, "properties": {"highway": "primary", "oneway": "yes", "ref": "EN 15"}}, {"type": "Feature", "geometry": {"type": "LineString", "coordinates": [[-8.1998638, 41.2857886], [-8.1998026, 41.2858709], [-8.1996685, 41.2859808], [-8.1995681, 41.2861669]]}, "properties": {"highway": "primary", "oneway": "yes", "ref": "EN 15"}}, {"type": "Feature", "geometry": {"type": "LineString", "coordinates": [[-7.7073776, 41.3139716], [-7.7069301, 41.3140211], [-7.7067792, 41.3140381], [-7.7064239, 41.314078], [-7.7061524, 41.3141036], [-7.7060438, 41.3141104], [-7.7059386, 41.3141095], [-7.7058712, 41.3141024], [-7.7058307, 41.3140981], [-7.7057381, 41.3140729], [-7.7056387, 41.3140379], [-7.7055196, 41.3139973], [-7.7054225, 41.313973], [-7.7053387, 41.3139635], [-7.7052565, 41.3139622], [-7.7051784, 41.3139733], [-7.7050989, 41.3139979], [-7.7050312, 41.31403], [-7.7048229, 41.3141689], [-7.7045664, 41.31434], [-7.704301, 41.314517], [-7.704158, 41.314606], [-7.7041269, 41.3146228], [-7.7040278, 41.3146766], [-7.7039063, 41.3147357], [-7.7033083, 41.3150112], [-7.7031414, 41.3150881], [-7.703059, 41.3151354], [-7.7029726, 41.3151987], [-7.7028847, 41.3152696], [-7.7027943, 41.3153629], [-7.702527, 41.3157073], [-7.7022774, 41.3160288], [-7.7018209, 41.3166131], [-7.7014432, 41.3170965], [-7.7014004, 41.3171499], [-7.7013613, 41.3171979], [-7.7013216, 41.3172441], [-7.701277, 41.3172939], [-7.7012354, 41.3173378], [-7.7011977, 41.3173744], [-7.7011575, 41.3174117], [-7.7008707, 41.3176782], [-7.7007889, 41.3177631], [-7.7007217, 41.3178408], [-7.7006399, 41.3179491], [-7.7005394, 41.318112], [-7.7004915, 41.3181837], [-7.7004402, 41.3182366], [-7.7003942, 41.3182705], [-7.7003788, 41.3182785], [-7.7003301, 41.3183038], [-7.7002379, 41.3183369], [-7.7001278, 41.3183668], [-7.6998239, 41.3184368], [-7.6997827, 41.3184499], [-7.6997356, 41.3184649], [-7.6996527, 41.3185074], [-7.6995829, 41.3185532], [-7.6995128, 41.3186159], [-7.6994622, 41.3186861], [-7.6994165, 41.3187783], [-7.6990166, 41.3196293], [-7.6989711, 41.3197084], [-7.6989251, 41.3197752], [-7.6986873, 41.3200689], [-7.6986093, 41.3201577], [-7.6985423, 41.3202218], [-7.6984768, 41.320282], [-7.6984403, 41.3203062], [-7.698415, 41.3203231], [-7.6983366, 41.3203505], [-7.6982122, 41.3203795], [-7.6979412, 41.3204427]]}, "properties": {"highway": "primary", "lanes": "2", "lit": "yes", "maxspeed": "50", "name": "Estrada Nacional 15", "official_ref": "EM 15", "old_name": "Rua Central", "oneway": "no", "ref": "EN 15", "surface": "asphalt"}}, {"type": "Feature", "geometry": {"type": "LineString", "coordinates": [[-7.7129224, 41.3147883], [-7.712849, 41.3148042], [-7.7127815, 41.3148131], [-7.7127096, 41.3148182], [-7.7126346, 41.3148178], [-7.712557, 41.3148102], [-7.712488, 41.3147975], [-7.7124204, 41.3147803], [-7.7123538, 41.3147604], [-7.7122887, 41.3147395], [-7.7118826, 41.3145952], [-7.7118383, 41.3145802], [-7.7117894, 41.3145662], [-7.7117354, 41.3145539], [-7.7116834, 41.3145457], [-7.7116331, 41.3145403], [-7.7115852, 41.3145391], [-7.7115347, 41.3145423], [-7.7114863, 41.3145474], [-7.7114406, 41.3145555], [-7.7113954, 41.3145678], [-7.7113469, 41.3145869], [-7.7113008, 41.3146085], [-7.7112516, 41.3146349], [-7.7108762, 41.3148426], [-7.7108222, 41.3148728], [-7.7107695, 41.3149003], [-7.7107116, 41.3149254], [-7.710647, 41.3149485], [-7.7105779, 41.3149641], [-7.7104967, 41.3149674], [-7.7104163, 41.3149651], [-7.7102996, 41.314955], [-7.7101861, 41.3149406], [-7.7100715, 41.3149179], [-7.7099666, 41.3148914], [-7.7098601, 41.3148593], [-7.7097648, 41.3148242], [-7.7096746, 41.3147876]]}, "properties": {"highway": "primary", "lanes": "2", "lit": "yes", "maxspeed": "50", "name": "Estrada Nacional 15", "official_ref": "EM 15", "oneway": "no", "ref": "EN 15", "surface": "asphalt"}}, {"type": "Feature", "geometry": {"type": "LineString", "coordinates": [[-7.9626298, 41.2431128], [-7.9625957, 41.2430773], [-7.9625183, 41.2430419], [-7.9623856, 41.2430167], [-7.9622805, 41.2430359], [-7.9611161, 41.2437606], [-7.9607434, 41.2439565], [-7.9604036, 41.2440648], [-7.9601926, 41.2441064], [-7.9600114, 41.2441362], [-7.9598597, 41.2441318], [-7.9597533, 41.2441102], [-7.9596434, 41.2440734], [-7.9595295, 41.2440199], [-7.95927, 41.2437253], [-7.9590656, 41.2434851], [-7.9587481, 41.2431355], [-7.9586077, 41.243029], [-7.9584241, 41.242928], [-7.9576733, 41.2425412], [-7.9575915, 41.2425266], [-7.9574925, 41.2425196], [-7.9572265, 41.2425383], [-7.9571106, 41.2425297], [-7.9569771, 41.2425018], [-7.9568757, 41.2424637], [-7.956773, 41.242403], [-7.9563756, 41.2419821], [-7.9561238, 41.2416823], [-7.955982, 41.2415477], [-7.9557605, 41.2414218], [-7.955524, 41.2413329], [-7.9552994, 41.2412366], [-7.9552148, 41.2411741], [-7.9551269, 41.2410915], [-7.9549715, 41.2408107], [-7.9548662, 41.2406513], [-7.9547282, 41.2405032], [-7.954549, 41.2403634], [-7.9543616, 41.2402439], [-7.9542179, 41.2401792], [-7.9541265, 41.2401628], [-7.9539391, 41.2401678], [-7.9538208, 41.2401614], [-7.9537515, 41.2401551], [-7.9536907, 41.2401322], [-7.9536611, 41.2401076], [-7.9534178, 41.2398294], [-7.9531203, 41.2395523], [-7.953049, 41.2395307], [-7.9529919, 41.2395281], [-7.9528991, 41.2395435]]}, "properties": {"highway": "primary", "maxspeed": "60", "official_ref": "EM 15", "oneway": "no", "ref": "EN 15", "source": "Servi\u00e7os Geogr\u00e1ficos Municipais;Bing", "surface": "asphalt"}}, {"type": "Feature", "geometry": {"type": "LineString", "coordinates": [[-7.9626712, 41.2431559], [-7.9626298, 41.2431128]]}, "properties": {"bridge": "yes", "highway": "primary", "layer": "1", "maxspeed": "60", "official_ref": "EM 15", "oneway": "no", "ref": "EN 15", "source": "Servi\u00e7os Geogr\u00e1ficos Municipais;Bing", "surface": "asphalt"}}, {"type": "Feature", "geometry": {"type": "LineString", "coordinates": [[-8.4553997, 41.1850256], [-8.4557394, 41.185138], [-8.455957, 41.1851665], [-8.4560162, 41.1851663], [-8.4564705, 41.185133], [-8.4568325, 41.1851032]]}, "properties": {"highway": "primary", "lit": "yes", "name": "Rua Central de Campo", "ref": "EN 15", "surface": "asphalt"}}, {"type": "Feature", "geometry": {"type": "LineString", "coordinates": [[-8.4568325, 41.1851032], [-8.4572562, 41.1850487], [-8.4573935, 41.1850311]]}, "properties": {"highway": "primary", "lit": "yes", "name": "Rua Central de Campo", "ref": "EN 15", "surface": "asphalt"}}, {"type": "Feature", "geometry": {"type": "LineString", "coordinates": [[-7.7246234, 41.3094748], [-7.7231299, 41.3091851], [-7.7229575, 41.3091521]]}, "properties": {"highway": "primary", "lanes": "2", "lit": "yes", "maxspeed": "50", "name": "Rua do Boque", "official_ref": "EM 15", "oneway": "no", "ref": "EN 15", "source": "Dire\u00e7\u00e3o-Geral do Territ\u00f3rio", "surface": "asphalt"}}, {"type": "Feature", "geometry": {"type": "LineString", "coordinates": [[-7.7229575, 41.3091521], [-7.7227102, 41.3091033]]}, "properties": {"highway": "primary", "lanes": "2", "lit": "yes", "maxspeed": "50", "name": "Rua do Boque", "official_ref": "EM 15", "oneway": "no", "ref": "EN 15", "source": "Dire\u00e7\u00e3o-Geral do Territ\u00f3rio", "surface": "asphalt"}}, {"type": "Feature", "geometry": {"type": "LineString", "coordinates": [[-7.7199224, 41.3115539], [-7.7201498, 41.3113657], [-7.7201704, 41.3113478], [-7.7201911, 41.3113291], [-7.7202959, 41.3112314], [-7.7203135, 41.3112131], [-7.7203307, 41.3111958], [-7.7203496, 41.3111755], [-7.7203699, 41.3111541], [-7.720439, 41.3110729], [-7.7204495, 41.3110597], [-7.7204591, 41.3110472], [-7.7204694, 41.3110334], [-7.7204783, 41.3110199], [-7.7204864, 41.3110068], [-7.7204959, 41.3109893]]}, "properties": {"highway": "primary", "lanes": "1", "lit": "yes", "maxspeed": "50", "name": "Rua do Boque", "official_ref": "EM 15", "oneway": "yes", "ref": "EN 15", "source": "Dire\u00e7\u00e3o-Geral do Territ\u00f3rio", "surface": "asphalt"}}, {"type": "Feature", "geometry": {"type": "LineString", "coordinates": [[-7.7264097, 41.31187], [-7.7264549, 41.3118858], [-7.7264889, 41.3118971], [-7.7265299, 41.3119094], [-7.726578, 41.3119219], [-7.7266246, 41.3119317], [-7.7266722, 41.3119388], [-7.7267173, 41.3119425], [-7.726763, 41.3119444], [-7.7268057, 41.311945], [-7.7268482, 41.3119435], [-7.7268928, 41.3119387], [-7.7269299, 41.3119347], [-7.7269696, 41.3119269], [-7.7270125, 41.3119162], [-7.7270529, 41.3119036], [-7.7270913, 41.31189], [-7.7271304, 41.3118744]]}, "properties": {"highway": "primary", "lanes": "2", "layer": "1", "lit": "yes", "maxspeed": "50", "name": "Rua Comiss\u00e3o Permanente do Circuito de Vila Real", "official_ref": "EM 15", "oneway": "no", "ref": "EN 15", "surface": "asphalt"}}, {"type": "Feature", "geometry": {"type": "LineString", "coordinates": [[-7.726206, 41.3117906], [-7.7262715, 41.3118168], [-7.7263398, 41.3118433], [-7.7264097, 41.31187]]}, "properties": {"highway": "primary", "lanes": "2", "layer": "1", "maxspeed": "50", "name": "Rua Comiss\u00e3o Permanente do Circuito de Vila Real", "official_ref": "EM 15", "oneway": "no", "ref": "EN 15", "surface": "asphalt"}}, {"type": "Feature", "geometry": {"type": "LineString", "coordinates": [[-7.8129914, 41.282027], [-7.8129597, 41.2820602], [-7.8129382, 41.2820845], [-7.8129157, 41.2821105], [-7.8128919, 41.2821373], [-7.8127276, 41.2823182], [-7.812437, 41.2826383], [-7.8121761, 41.2829247], [-7.8121423, 41.2829621], [-7.8121038, 41.2830065], [-7.8118892, 41.2832539], [-7.8118092, 41.283346], [-7.811784, 41.2833745], [-7.8117567, 41.2834065], [-7.8117238, 41.283446], [-7.8114214, 41.2838248]]}, "properties": {"highway": "primary", "lane_markings": "yes", "lanes": "2", "lanes:backward": "1", "lanes:forward": "1", "lit": "yes", "maxspeed": "50", "name": "Rua Comandante Botelho da Costa", "official_ref": "EM 15", "oneway": "no", "ref": "EN 15", "source": "Dire\u00e7\u00e3o-Geral do Territ\u00f3rio", "surface": "asphalt"}}, {"type": "Feature", "geometry": {"type": "LineString", "coordinates": [[-7.8755888, 41.2806916], [-7.8753419, 41.2806579], [-7.8752317, 41.2806407], [-7.8751123, 41.28062], [-7.8750019, 41.2805971], [-7.8748938, 41.2805703], [-7.8747952, 41.2805383], [-7.8747046, 41.2805003], [-7.8746204, 41.2804553], [-7.8745441, 41.2804052], [-7.8744673, 41.2803475], [-7.8741452, 41.2800776], [-7.8740977, 41.2800399], [-7.8740547, 41.2800087], [-7.8740069, 41.2799792], [-7.8739579, 41.2799547], [-7.8739033, 41.2799311], [-7.8738428, 41.2799076], [-7.8737755, 41.279885], [-7.8737108, 41.279867], [-7.8736468, 41.2798526], [-7.8735809, 41.2798419], [-7.8735141, 41.2798358], [-7.873445, 41.2798327], [-7.8733782, 41.2798321], [-7.8733119, 41.2798344], [-7.8732462, 41.2798381], [-7.8731782, 41.2798443], [-7.8731124, 41.2798519], [-7.8730425, 41.2798614], [-7.8729687, 41.2798721], [-7.8704651, 41.2802408], [-7.8703759, 41.2802537], [-7.870273, 41.2802681], [-7.8701642, 41.2802822], [-7.8700462, 41.2802971], [-7.8699224, 41.2803127], [-7.8698321, 41.2803239], [-7.8697381, 41.2803344], [-7.8696369, 41.2803441], [-7.8695434, 41.2803515], [-7.8694477, 41.2803583], [-7.8693385, 41.2803651], [-7.8692348, 41.2803706], [-7.8691238, 41.2803764], [-7.8690006, 41.2803822], [-7.868862, 41.2803887], [-7.8687385, 41.2803937], [-7.8686406, 41.2803978], [-7.868538, 41.2804011], [-7.8684478, 41.2804033], [-7.8683585, 41.2804042], [-7.8682597, 41.280404], [-7.8681005, 41.2804035]]}, "properties": {"highway": "primary", "lanes": "2", "maxspeed": "60", "official_ref": "EM 15", "oneway": "no", "ref": "EN 15", "source": "Servi\u00e7os Geogr\u00e1ficos Municipais", "surface": "asphalt"}}, {"type": "Feature", "geometry": {"type": "LineString", "coordinates": [[-7.8440143, 41.2811231], [-7.8440346, 41.2810913], [-7.8440415, 41.2810564], [-7.8440345, 41.2810215], [-7.8440219, 41.2809957], [-7.843999, 41.2809753]]}, "properties": {"highway": "primary", "lane_markings": "no", "lanes": "1", "lit": "no", "maxspeed": "50", "official_ref": "EM 15", "oneway": "yes", "ref": "EN 15", "surface": "asphalt"}}, {"type": "Feature", "geometry": {"type": "LineString", "coordinates": [[-7.8367962, 41.2828804], [-7.8367481, 41.2828894], [-7.8367055, 41.2828961], [-7.8366615, 41.2829008], [-7.836615, 41.2829029], [-7.8365682, 41.2829031], [-7.8365186, 41.2829018], [-7.8364643, 41.2828983], [-7.8364051, 41.2828917], [-7.8363515, 41.2828829], [-7.8362965, 41.2828713], [-7.8362405, 41.2828575], [-7.8361755, 41.2828394], [-7.8361106, 41.282819], [-7.8360409, 41.2827942], [-7.8359839, 41.2827719], [-7.835925, 41.2827464], [-7.8358638, 41.2827178], [-7.8357968, 41.2826853], [-7.8357266, 41.2826495], [-7.8356572, 41.2826133], [-7.8352051, 41.2823724], [-7.8351678, 41.2823517], [-7.8351266, 41.2823279], [-7.8350853, 41.2823029], [-7.8350517, 41.2822817], [-7.8350207, 41.2822609], [-7.8349929, 41.2822403], [-7.8349673, 41.2822199], [-7.8349426, 41.2821989], [-7.834919, 41.2821766], [-7.8348985, 41.2821555], [-7.8348801, 41.2821349], [-7.8348633, 41.2821139], [-7.8348489, 41.2820944], [-7.8348364, 41.2820752], [-7.8348241, 41.2820535], [-7.8348117, 41.2820279], [-7.8347997, 41.2820012], [-7.8346996, 41.2817679], [-7.8346842, 41.2817366], [-7.8346649, 41.281703], [-7.834641, 41.2816674], [-7.8346135, 41.2816303], [-7.8345838, 41.2815952], [-7.8345558, 41.2815658], [-7.8345214, 41.2815355], [-7.8344837, 41.2815075], [-7.8344426, 41.2814838], [-7.8344018, 41.2814631], [-7.8343612, 41.2814467], [-7.8343146, 41.28143], [-7.8342645, 41.2814148], [-7.8342099, 41.2814003], [-7.8341492, 41.2813859], [-7.833291, 41.2811909], [-7.8329636, 41.2811165], [-7.832514, 41.2810174], [-7.8319035, 41.2808821], [-7.8318507, 41.2808725], [-7.8317956, 41.280865], [-7.8317312, 41.2808604], [-7.8316685, 41.2808594], [-7.8316029, 41.2808631], [-7.8315368, 41.2808729], [-7.8314717, 41.280889], [-7.8314094, 41.2809106], [-7.8313492, 41.2809376], [-7.8312937, 41.2809684], [-7.831247, 41.2810049], [-7.83121, 41.2810408], [-7.8311783, 41.2810789], [-7.8311501, 41.2811199], [-7.8311221, 41.2811663], [-7.8310952, 41.281215], [-7.831074, 41.2812563], [-7.8308827, 41.2816526]]}, "properties": {"highway": "primary", "lanes": "2", "lit": "yes", "maxspeed": "50", "official_ref": "EM 15", "oneway": "no", "ref": "EN 15", "source": "Servi\u00e7os Geogr\u00e1ficos Municipais", "surface": "asphalt"}}, {"type": "Feature", "geometry": {"type": "LineString", "coordinates": [[-7.8308827, 41.2816526], [-7.8308516, 41.2816971], [-7.830817, 41.2817438], [-7.8307809, 41.2817862], [-7.8307435, 41.2818258], [-7.8307049, 41.2818614]]}, "properties": {"highway": "primary", "lanes": "2", "maxspeed": "50", "official_ref": "EM 15", "oneway": "no", "ref": "EN 15", "source": "Servi\u00e7os Geogr\u00e1ficos Municipais", "surface": "asphalt"}}, {"type": "Feature", "geometry": {"type": "LineString", "coordinates": [[-7.843999, 41.2809753], [-7.8439649, 41.2809545], [-7.8439245, 41.2809416], [-7.8438809, 41.2809374], [-7.8438375, 41.2809425]]}, "properties": {"highway": "primary", "lane_markings": "no", "lanes": "1", "lit": "no", "maxspeed": "50", "official_ref": "EM 15", "oneway": "yes", "ref": "EN 15", "surface": "asphalt"}}, {"type": "Feature", "geometry": {"type": "LineString", "coordinates": [[-7.6131721, 41.3552028], [-7.6130109, 41.3550008], [-7.6129985, 41.3549844], [-7.6129864, 41.3549664], [-7.6129758, 41.3549473], [-7.6129678, 41.3549277], [-7.6129617, 41.3549071], [-7.6129563, 41.3548844], [-7.6129517, 41.3548601], [-7.612948, 41.3548353], [-7.6129449, 41.3548119], [-7.6128909, 41.3543191], [-7.612788, 41.3539262], [-7.6127124, 41.3537437], [-7.612611, 41.3535859], [-7.6124101, 41.353427], [-7.6114211, 41.3527542], [-7.6113211, 41.3527014], [-7.6112191, 41.3526635], [-7.6111129, 41.3526409], [-7.6109994, 41.3526376], [-7.6108896, 41.3526489], [-7.6107867, 41.3526844], [-7.6107003, 41.3527324], [-7.6097998, 41.3533372], [-7.6097055, 41.3533964], [-7.609599, 41.3534574], [-7.6094793, 41.3535159], [-7.6093741, 41.3535598], [-7.6092683, 41.3535967], [-7.6089847, 41.3536684], [-7.608792, 41.3536715], [-7.6086808, 41.3536499], [-7.6085966, 41.3536083], [-7.6085302, 41.3535534], [-7.6084883, 41.3534924], [-7.6084628, 41.3534235], [-7.6084505, 41.3533492], [-7.6084438, 41.3531015], [-7.6084326, 41.3530289], [-7.6084029, 41.3529573], [-7.6083546, 41.3528831], [-7.6082906, 41.3528177], [-7.6082205, 41.3527596], [-7.6081303, 41.3527016], [-7.6080284, 41.3526431], [-7.6079216, 41.352589], [-7.6070876, 41.3521797], [-7.6069897, 41.3521267], [-7.6068981, 41.352071], [-7.6067995, 41.3520002], [-7.6067276, 41.3519345], [-7.6066252, 41.3518316], [-7.6065548, 41.3517538], [-7.6061376, 41.3511853], [-7.6060852, 41.3511339], [-7.6060195, 41.3510856], [-7.605935, 41.3510425], [-7.6058377, 41.3510101], [-7.6057331, 41.3509886], [-7.6056158, 41.350976], [-7.6048423, 41.3509254], [-7.6047209, 41.3509309], [-7.6046093, 41.3509481], [-7.6045098, 41.350985], [-7.6044191, 41.3510352], [-7.6043388, 41.3510969], [-7.6029143, 41.3525175], [-7.6028185, 41.3526035], [-7.6026924, 41.352667], [-7.6025312, 41.3527112], [-7.6023998, 41.3527158], [-7.6022732, 41.3527012], [-7.6014364, 41.3525795], [-7.6013971, 41.3525735], [-7.6013605, 41.3525677], [-7.6013245, 41.3525611], [-7.6012896, 41.3525536], [-7.6012505, 41.3525442], [-7.6012093, 41.3525326], [-7.6011702, 41.3525202], [-7.6011335, 41.352507], [-7.6011009, 41.3524933], [-7.60107, 41.3524781], [-7.6010436, 41.3524639], [-7.6010209, 41.3524504], [-7.6010009, 41.3524366], [-7.6009829, 41.3524219], [-7.6009654, 41.3524057], [-7.600812, 41.3522557], [-7.6007846, 41.3522291], [-7.6007593, 41.3522053], [-7.6007361, 41.3521844], [-7.6007104, 41.3521616], [-7.6006839, 41.352139], [-7.6006574, 41.3521169], [-7.6004189, 41.3519198]]}, "properties": {"highway": "primary", "lanes": "2", "official_ref": "EM 15", "oneway": "no", "ref": "EN 15", "surface": "asphalt"}}, {"type": "Feature", "geometry": {"type": "LineString", "coordinates": [[-7.7133149, 41.3145668], [-7.7132698, 41.3146104], [-7.7132166, 41.31465], [-7.713152, 41.3146904], [-7.7130784, 41.3147306], [-7.7129945, 41.314766], [-7.7129224, 41.3147883]]}, "properties": {"highway": "primary", "lanes": "3", "lanes:backward": "1", "lanes:forward": "2", "lit": "yes", "maxspeed": "50", "name": "Estrada Nacional 15", "official_ref": "EM 15", "oneway": "no", "ref": "EN 15", "surface": "asphalt"}}, {"type": "Feature", "geometry": {"type": "LineString", "coordinates": [[-8.5604028, 41.1690944], [-8.5603516, 41.1691539], [-8.5602947, 41.16922], [-8.5602764, 41.1692468], [-8.5601597, 41.1694179], [-8.5601679, 41.1695993], [-8.5602374, 41.1700064], [-8.5603553, 41.1706198], [-8.5603667, 41.1707184], [-8.5603567, 41.1708171], [-8.5603365, 41.1708977], [-8.5603082, 41.1709762], [-8.5601862, 41.1711308], [-8.5600236, 41.1712334], [-8.5598118, 41.171314], [-8.5595456, 41.1713857], [-8.559482, 41.1714035]]}, "properties": {"highway": "primary", "name": "Rua Pedro \u00c1lvares Cabral", "oneway": "no", "ref": "EN 15", "source": "Bing"}}, {"type": "Feature", "geometry": {"type": "LineString", "coordinates": [[-8.559482, 41.1714035], [-8.5593782, 41.1714239], [-8.5584509, 41.1716058], [-8.5582338, 41.1716551], [-8.5580929, 41.1717006], [-8.5580043, 41.1717485]]}, "properties": {"highway": "primary", "lanes": "2", "name": "Rua Pedro \u00c1lvares Cabral", "oneway": "no", "ref": "EN 15", "source": "Bing", "surface": "asphalt"}}, {"type": "Feature", "geometry": {"type": "LineString", "coordinates": [[-8.3310272, 41.202939], [-8.3309789, 41.202947], [-8.3309289, 41.2029553], [-8.3307016, 41.2029489], [-8.3305781, 41.2029455], [-8.3292653, 41.20291], [-8.3291401, 41.202909], [-8.3290555, 41.2029038], [-8.3289992, 41.2028826], [-8.3289413, 41.2028541]]}, "properties": {"highway": "primary", "lanes": "1", "name": "Avenida Doutor Francisco S\u00e1 Carneiro", "oneway": "yes", "ref": "EN 15", "source": "Bing", "surface": "asphalt"}}, {"type": "Feature", "geometry": {"type": "LineString", "coordinates": [[-8.3289235, 41.2029937], [-8.3289952, 41.2029694], [-8.3290676, 41.2029593], [-8.3291438, 41.2029559], [-8.3296574, 41.2029673], [-8.330579, 41.2029921], [-8.3307145, 41.2029988], [-8.3307792, 41.2030159], [-8.3308438, 41.2030424], [-8.3309329, 41.2030974]]}, "properties": {"highway": "primary", "lanes": "1", "name": "Avenida Doutor Francisco S\u00e1 Carneiro", "oneway": "yes", "ref": "EN 15", "source": "Bing", "surface": "asphalt"}}, {"type": "Feature", "geometry": {"type": "LineString", "coordinates": [[-6.7806735, 41.7786715], [-6.7810316, 41.7785908], [-6.7811997, 41.778575], [-6.7812429, 41.7785702], [-6.7812868, 41.778569], [-6.7813307, 41.7785681], [-6.7813682, 41.7785676]]}, "properties": {"highway": "primary", "ref": "EN 15", "surface": "asphalt"}}, {"type": "Feature", "geometry": {"type": "LineString", "coordinates": [[-7.6690112, 41.3292836], [-7.6689786, 41.3292727], [-7.6689328, 41.329259], [-7.6688823, 41.329247], [-7.6688373, 41.3292389], [-7.6687901, 41.329233], [-7.6687461, 41.3292308], [-7.6686962, 41.3292317], [-7.6686496, 41.3292368], [-7.668607, 41.3292456], [-7.668558, 41.3292594], [-7.6685078, 41.3292777], [-7.6684631, 41.329299], [-7.6684255, 41.3293218], [-7.6683912, 41.3293471], [-7.6683485, 41.3293833], [-7.6683073, 41.3294209], [-7.6676567, 41.3300886], [-7.667414, 41.3303377], [-7.6673413, 41.3304145], [-7.6670917, 41.3306781], [-7.6670514, 41.3307221], [-7.6670155, 41.3307624], [-7.6669816, 41.3308027], [-7.6667112, 41.3311333], [-7.6665067, 41.3313817], [-7.6664356, 41.3314649], [-7.6663859, 41.3315216], [-7.6663332, 41.3315825], [-7.6662782, 41.3316414], [-7.6662239, 41.3316962], [-7.6661765, 41.3317434], [-7.6661238, 41.3317924], [-7.6660783, 41.3318324], [-7.666002, 41.3318954], [-7.6657335, 41.3321215], [-7.665141, 41.3326226], [-7.6650822, 41.3326724], [-7.6650321, 41.3327185], [-7.6649814, 41.3327705], [-7.6649348, 41.3328228], [-7.6648957, 41.3328765], [-7.6648582, 41.3329363], [-7.6648282, 41.3329947], [-7.6648024, 41.3330501], [-7.6647764, 41.3331156], [-7.6647496, 41.333198], [-7.6644271, 41.3342299], [-7.6644082, 41.3342904], [-7.6643943, 41.3343378], [-7.664381, 41.3343895], [-7.6643689, 41.3344435], [-7.6643618, 41.3344953], [-7.6643549, 41.3345527], [-7.6642611, 41.3354115], [-7.6642545, 41.3354552], [-7.6642464, 41.3354978], [-7.6642345, 41.3355402], [-7.6642212, 41.3355767], [-7.6642031, 41.3356161], [-7.6641815, 41.335652], [-7.6641558, 41.3356922], [-7.6641291, 41.3357322], [-7.6641, 41.3357723], [-7.6633208, 41.3368136], [-7.6630764, 41.3371374], [-7.6629716, 41.3372763]]}, "properties": {"highway": "primary", "lanes": "2", "lit": "yes", "maxspeed": "50", "name": "Rua Estrada Nacional 15", "official_ref": "EM 15", "oneway": "no", "ref": "EN 15", "source": "Dire\u00e7\u00e3o-Geral do Territ\u00f3rio", "surface": "asphalt"}}, {"type": "Feature", "geometry": {"type": "LineString", "coordinates": [[-7.6629716, 41.3372763], [-7.6628949, 41.3373711], [-7.662766, 41.3375304]]}, "properties": {"highway": "primary", "lanes": "2", "official_ref": "EM 15", "oneway": "no", "ref": "EN 15", "surface": "asphalt"}}, {"type": "Feature", "geometry": {"type": "LineString", "coordinates": [[-8.4963086, 41.1891763], [-8.4964134, 41.1891911], [-8.4967626, 41.189245], [-8.49705, 41.189286]]}, "properties": {"highway": "primary", "maxspeed": "50", "name": "Pra\u00e7a Machado dos Santos", "old_ref": "EN 15", "oneway": "no", "ref": "EN 15", "surface": "asphalt"}}, {"type": "Feature", "geometry": {"type": "LineString", "coordinates": [[-8.0724071, 41.2673694], [-8.072405, 41.2673968], [-8.0724489, 41.267545], [-8.072472, 41.2675676], [-8.0725035, 41.2675836], [-8.0725312, 41.2675894], [-8.0725615, 41.2675907], [-8.0725782, 41.2675899], [-8.0726136, 41.2675795], [-8.0726428, 41.2675612], [-8.0726628, 41.2675369], [-8.0726716, 41.2675091], [-8.0726701, 41.2674815]]}, "properties": {"highway": "primary", "lanes": "2", "oneway": "yes", "ref": "EN 15;EN 101;EM 210;EM 312", "surface": "asphalt"}}, {"type": "Feature", "geometry": {"type": "LineString", "coordinates": [[-8.0728724, 41.2677], [-8.0727575, 41.2675923], [-8.0727235, 41.2675528], [-8.0726701, 41.2674815]]}, "properties": {"highway": "primary", "lanes": "2", "oneway": "yes", "ref": "EN 15;EN 101;EM 210;EM 312", "surface": "asphalt"}}, {"type": "Feature", "geometry": {"type": "LineString", "coordinates": [[-8.0726382, 41.2673633], [-8.0727032, 41.2672415]]}, "properties": {"highway": "primary", "oneway": "yes", "ref": "EN 15;EN 101;EM 210;EM 312", "surface": "asphalt"}}, {"type": "Feature", "geometry": {"type": "LineString", "coordinates": [[-8.0726382, 41.2673633], [-8.0726226, 41.2673347], [-8.0725949, 41.2673129], [-8.0725591, 41.2672992], [-8.0725192, 41.2672953], [-8.0724799, 41.2673016], [-8.0724457, 41.2673174], [-8.0724205, 41.267341], [-8.0724071, 41.2673694]]}, "properties": {"highway": "primary", "lanes": "2", "oneway": "yes", "ref": "EN 15;EN 101;EM 210;EM 312", "surface": "asphalt"}}, {"type": "Feature", "geometry": {"type": "LineString", "coordinates": [[-8.0726701, 41.2674815], [-8.0726382, 41.2673633]]}, "properties": {"highway": "primary", "lanes": "2", "oneway": "yes", "ref": "EN 15;EN 101;EM 210;EM 312", "surface": "asphalt"}}, {"type": "Feature", "geometry": {"type": "LineString", "coordinates": [[-8.0727032, 41.2672415], [-8.0727487, 41.2671699], [-8.0727808, 41.2670928], [-8.0727963, 41.2670099], [-8.0727995, 41.2669323], [-8.0727972, 41.2668883], [-8.0727782, 41.2668182]]}, "properties": {"highway": "primary", "oneway": "yes", "ref": "EN 15;EN 101;EM 210", "surface": "asphalt"}}, {"type": "Feature", "geometry": {"type": "LineString", "coordinates": [[-8.5631855, 41.1676173], [-8.5630172, 41.1676801]]}, "properties": {"highway": "primary", "lanes": "2", "name": "Rua de Afonso de Albuquerque", "oneway": "no", "ref": "EN 15", "surface": "asphalt"}}, {"type": "Feature", "geometry": {"type": "LineString", "coordinates": [[-8.5162345, 41.1933806], [-8.5159224, 41.1931943], [-8.5150579, 41.1926567], [-8.5144475, 41.192271], [-8.5131225, 41.1914412], [-8.5129708, 41.191358], [-8.5127897, 41.1912708], [-8.5125697, 41.1911897], [-8.5124065, 41.191135], [-8.5122384, 41.1910887], [-8.5120637, 41.191053], [-8.5118126, 41.1910145], [-8.5115741, 41.1909969], [-8.5114359, 41.190996], [-8.5112849, 41.1909923], [-8.5111712, 41.1909976], [-8.5110828, 41.1910038], [-8.5110153, 41.1910126], [-8.5106624, 41.1910702]]}, "properties": {"highway": "primary", "lanes": "3", "lanes:backward": "2", "lanes:forward": "1", "name": "Rua Ribeiro do Cambado", "oneway": "no", "ref": "EN 15", "source": "Bing", "surface": "asphalt"}}, {"type": "Feature", "geometry": {"type": "LineString", "coordinates": [[-8.270911, 41.2126705], [-8.2707415, 41.2127057], [-8.2705981, 41.212732]]}, "properties": {"highway": "primary", "name": "Rua da Vista Alegre", "oneway": "yes", "ref": "EN 15"}}, {"type": "Feature", "geometry": {"type": "LineString", "coordinates": [[-8.2699595, 41.2131221], [-8.2701871, 41.2130672], [-8.2702385, 41.2130611], [-8.2703091, 41.2130526]]}, "properties": {"highway": "primary", "lit": "yes", "name": "Avenida de Santa Marta", "oneway": "yes", "ref": "EN 15", "surface": "asphalt"}}, {"type": "Feature", "geometry": {"type": "LineString", "coordinates": [[-8.2701948, 41.2129228], [-8.2701358, 41.2129997], [-8.2700773, 41.2130459], [-8.2699595, 41.2131221]]}, "properties": {"highway": "primary", "lit": "yes", "name": "Avenida de Santa Marta", "oneway": "yes", "ref": "EN 15", "surface": "asphalt"}}, {"type": "Feature", "geometry": {"type": "LineString", "coordinates": [[-8.2707021, 41.2128556], [-8.2707755, 41.2127808], [-8.270911, 41.2126705]]}, "properties": {"highway": "primary", "name": "Rua da Vista Alegre", "oneway": "yes", "ref": "EN 15", "surface": "asphalt"}}, {"type": "Feature", "geometry": {"type": "LineString", "coordinates": [[-7.7204959, 41.3109893], [-7.7205134, 41.3109479], [-7.7205189, 41.3109304], [-7.7205231, 41.3109136], [-7.7205251, 41.3108975], [-7.7205258, 41.310881], [-7.7205244, 41.3108646], [-7.7205107, 41.3107732]]}, "properties": {"highway": "primary", "lanes": "1", "lit": "yes", "maxspeed": "50", "name": "Rua do Boque", "official_ref": "EM 15", "oneway": "yes", "ref": "EN 15", "source": "Dire\u00e7\u00e3o-Geral do Territ\u00f3rio", "surface": "asphalt"}}, {"type": "Feature", "geometry": {"type": "LineString", "coordinates": [[-7.7204589, 41.3109244], [-7.7204512, 41.3109423], [-7.7204426, 41.3109603], [-7.720433, 41.3109782], [-7.7204216, 41.3109962], [-7.7204082, 41.3110156], [-7.7203939, 41.3110342], [-7.7203805, 41.3110508], [-7.720214, 41.3112246], [-7.7199934, 41.311455], [-7.7199765, 41.3114736], [-7.7199631, 41.3114901], [-7.7199503, 41.3115085], [-7.7199224, 41.3115539]]}, "properties": {"highway": "primary", "lanes": "1", "lit": "yes", "maxspeed": "50", "name": "Rua do Boque", "official_ref": "EM 15", "oneway": "yes", "ref": "EN 15", "source": "Dire\u00e7\u00e3o-Geral do Territ\u00f3rio", "surface": "asphalt"}}, {"type": "Feature", "geometry": {"type": "LineString", "coordinates": [[-7.7205107, 41.3107732], [-7.7204665, 41.310905], [-7.7204589, 41.3109244]]}, "properties": {"highway": "primary", "lanes": "1", "lit": "yes", "maxspeed": "50", "name": "Rua do Boque", "official_ref": "EM 15", "oneway": "yes", "ref": "EN 15", "source": "Dire\u00e7\u00e3o-Geral do Territ\u00f3rio", "surface": "asphalt"}}, {"type": "Feature", "geometry": {"type": "LineString", "coordinates": [[-7.7199224, 41.3115539], [-7.7195552, 41.3119226], [-7.7195331, 41.3119458]]}, "properties": {"highway": "primary", "lanes": "2", "lit": "yes", "maxspeed": "50", "maxspeed:advisory": "40", "name": "Rua do Boque", "official_ref": "EM 15", "oneway": "no", "ref": "EN 15", "source": "Dire\u00e7\u00e3o-Geral do Territ\u00f3rio", "surface": "asphalt"}}, {"type": "Feature", "geometry": {"type": "LineString", "coordinates": [[-7.7209386, 41.3095901], [-7.7209014, 41.3096083], [-7.7208718, 41.3096242], [-7.7208403, 41.3096421], [-7.7208059, 41.3096627], [-7.7207722, 41.3096841], [-7.7207401, 41.3097071], [-7.720712, 41.3097307], [-7.7206844, 41.309756], [-7.7206587, 41.3097843], [-7.7206381, 41.3098111], [-7.7206155, 41.3098429], [-7.7205951, 41.309879], [-7.7205787, 41.3099138], [-7.7205638, 41.3099527], [-7.7205534, 41.3099921], [-7.7205459, 41.3100325], [-7.7205397, 41.310079], [-7.7205366, 41.3101258], [-7.7205323, 41.3101898], [-7.7205261, 41.3103483], [-7.7205107, 41.3107732]]}, "properties": {"highway": "primary", "lanes": "2", "lit": "yes", "maxspeed": "50", "name": "Rua do Boque", "official_ref": "EM 15", "oneway": "no", "ref": "EN 15", "source": "Dire\u00e7\u00e3o-Geral do Territ\u00f3rio", "surface": "asphalt"}}, {"type": "Feature", "geometry": {"type": "LineString", "coordinates": [[-7.807183, 41.2841292], [-7.8071546, 41.2841065], [-7.8071136, 41.2840875], [-7.8070672, 41.2840779], [-7.8070191, 41.2840783], [-7.8069796, 41.2840868], [-7.8069438, 41.284102], [-7.8069112, 41.2841258], [-7.8068882, 41.2841553], [-7.8068763, 41.2841882], [-7.8068764, 41.2842224], [-7.8068853, 41.2842492], [-7.8069016, 41.284274]]}, "properties": {"highway": "primary", "junction": "roundabout", "lane_markings": "yes", "lanes": "2", "lit": "yes", "maxspeed": "90", "official_ref": "EM 15", "ref": "EN 15", "source": "Dire\u00e7\u00e3o-Geral do Territ\u00f3rio", "surface": "asphalt"}}, {"type": "Feature", "geometry": {"type": "LineString", "coordinates": [[-7.8079556, 41.2843289], [-7.8074962, 41.2842311]]}, "properties": {"highway": "primary", "lane_markings": "yes", "lanes": "2", "lanes:backward": "1", "lanes:forward": "1", "lit": "yes", "maxspeed:backward": "50", "maxspeed:forward": "40", "name": "Rua da Lameira da Ponte", "official_ref": "EM 15", "oneway": "no", "ref": "EN 15", "source": "Dire\u00e7\u00e3o-Geral do Territ\u00f3rio", "surface": "asphalt"}}, {"type": "Feature", "geometry": {"type": "LineString", "coordinates": [[-7.8149102, 41.2815677], [-7.814316, 41.2818446], [-7.8142716, 41.2818641], [-7.8142299, 41.2818809], [-7.8141896, 41.281894], [-7.8141508, 41.2819037], [-7.8141147, 41.28191], [-7.8140782, 41.2819127], [-7.8140417, 41.2819124], [-7.8140055, 41.28191], [-7.8139684, 41.2819064], [-7.8139267, 41.2819008], [-7.8138882, 41.2818951], [-7.8138477, 41.2818884], [-7.8138119, 41.2818817], [-7.8136087, 41.2818394], [-7.8135761, 41.2818336], [-7.8135448, 41.281829], [-7.8135099, 41.2818252], [-7.8134753, 41.2818226], [-7.8134412, 41.2818215], [-7.8134037, 41.2818215], [-7.8133675, 41.281823], [-7.8133311, 41.2818265], [-7.8132947, 41.2818326], [-7.813259, 41.2818415], [-7.8132266, 41.2818524], [-7.8131965, 41.281865], [-7.813169, 41.2818789], [-7.8131408, 41.2818955], [-7.8131156, 41.2819133], [-7.8130911, 41.2819332], [-7.8130659, 41.2819552], [-7.8130421, 41.2819774], [-7.8130173, 41.2820013], [-7.8129914, 41.282027]]}, "properties": {"highway": "primary", "lane_markings": "yes", "lanes": "2", "lanes:backward": "1", "lanes:forward": "1", "lit": "yes", "maxspeed": "50", "name": "Rua Principal", "official_ref": "EM 15", "oneway": "no", "ref": "EN 15", "source": "Dire\u00e7\u00e3o-Geral do Territ\u00f3rio", "surface": "asphalt"}}, {"type": "Feature", "geometry": {"type": "LineString", "coordinates": [[-7.6979412, 41.3204427], [-7.6977517, 41.3204827], [-7.6974708, 41.320542], [-7.6974148, 41.3205538], [-7.6972523, 41.320584], [-7.6972449, 41.320585], [-7.6971648, 41.3205963], [-7.6970622, 41.3205999], [-7.6969728, 41.3205922], [-7.6968814, 41.320575], [-7.6963351, 41.3203993], [-7.6962325, 41.320374], [-7.6961343, 41.3203554], [-7.6960396, 41.3203453], [-7.6959256, 41.3203399], [-7.6957983, 41.3203466]]}, "properties": {"highway": "primary", "lanes": "2", "lit": "yes", "maxspeed": "50", "name": "Estrada Nacional 15", "official_ref": "EM 15", "old_name": "Rua Central", "oneway": "no", "ref": "EN 15", "surface": "asphalt"}}, {"type": "Feature", "geometry": {"type": "LineString", "coordinates": [[-7.662766, 41.3375304], [-7.6626464, 41.3376616], [-7.6625828, 41.3377242], [-7.6625198, 41.3377803], [-7.6624623, 41.3378295], [-7.6610777, 41.338925], [-7.6608504, 41.339108], [-7.6599335, 41.3398373], [-7.6598899, 41.3398731], [-7.6598514, 41.339905], [-7.6598193, 41.3399331], [-7.6597907, 41.3399599], [-7.6597629, 41.3399875], [-7.6586907, 41.3411964], [-7.658649, 41.34124], [-7.6586134, 41.3412742], [-7.65857, 41.3413148], [-7.6585272, 41.3413527], [-7.6584856, 41.3413882], [-7.6572317, 41.3423879], [-7.6571046, 41.3424883], [-7.654816, 41.3442961], [-7.6547579, 41.3443388], [-7.6547034, 41.3443762], [-7.6546557, 41.344405], [-7.6546045, 41.3444304], [-7.6545501, 41.3444517], [-7.6544975, 41.344467], [-7.6544354, 41.3444794], [-7.6543699, 41.3444868], [-7.6543165, 41.34449], [-7.6540372, 41.3444939], [-7.6539684, 41.3444959], [-7.6539105, 41.3444988], [-7.6538551, 41.3445034], [-7.6537955, 41.3445119], [-7.6537398, 41.3445239], [-7.6536888, 41.3445388], [-7.6536381, 41.3445565], [-7.6535989, 41.3445733], [-7.6535573, 41.344594], [-7.6535142, 41.3446172], [-7.6534753, 41.3446406], [-7.653441, 41.3446628], [-7.65341, 41.3446865], [-7.6533658, 41.3447243], [-7.6530187, 41.3450463], [-7.6524254, 41.3455967], [-7.6523848, 41.345638], [-7.6523487, 41.3456795], [-7.6523156, 41.3457218], [-7.6522092, 41.3458694], [-7.6521768, 41.3459191], [-7.6521507, 41.3459658], [-7.6521251, 41.346018], [-7.6510268, 41.3483721], [-7.6501466, 41.3502657]]}, "properties": {"highway": "primary", "lanes": "2", "official_ref": "EM 15", "oneway": "no", "ref": "EN 15", "surface": "asphalt"}}, {"type": "Feature", "geometry": {"type": "LineString", "coordinates": [[-7.6461857, 41.3543173], [-7.6460779, 41.3544411]]}, "properties": {"highway": "primary", "lanes": "2", "maxspeed": "50", "name": "Rua da Estrada Nacional N\u00ba 15", "official_ref": "EM 15", "oneway": "no", "ref": "EN 15", "surface": "asphalt"}}, {"type": "Feature", "geometry": {"type": "LineString", "coordinates": [[-7.622356, 41.3564563], [-7.6219829, 41.3562698], [-7.621948, 41.3562533], [-7.6219106, 41.3562378], [-7.6218714, 41.3562255], [-7.6218269, 41.3562138], [-7.6217804, 41.3562053], [-7.6217302, 41.3562017], [-7.6216761, 41.3562016], [-7.6216233, 41.356204], [-7.6215722, 41.3562092], [-7.6215221, 41.3562163], [-7.6214734, 41.3562242], [-7.6210431, 41.3563028]]}, "properties": {"highway": "primary", "lanes": "2", "maxspeed": "50", "name": "Estrada Nacional 15", "official_ref": "EM 15", "oneway": "no", "ref": "EN 15", "source": "Dire\u00e7\u00e3o-Geral do Territ\u00f3rio", "surface": "asphalt"}}, {"type": "Feature", "geometry": {"type": "LineString", "coordinates": [[-8.4733463, 41.18354], [-8.4733757, 41.1835744], [-8.4734134, 41.1836038], [-8.473458, 41.1836272], [-8.4735077, 41.1836436]]}, "properties": {"highway": "primary", "junction": "roundabout", "lanes": "2", "lit": "yes", "ref": "EN 15", "source": "Bing", "surface": "asphalt"}}, {"type": "Feature", "geometry": {"type": "LineString", "coordinates": [[-7.8071967, 41.2842641], [-7.8072125, 41.2842307], [-7.8072155, 41.2841952], [-7.8072054, 41.2841605], [-7.807183, 41.2841292]]}, "properties": {"highway": "primary", "junction": "roundabout", "lane_markings": "yes", "lanes": "2", "lit": "yes", "maxspeed": "90", "official_ref": "EM 15", "ref": "EN 15", "source": "Dire\u00e7\u00e3o-Geral do Territ\u00f3rio", "surface": "asphalt"}}, {"type": "Feature", "geometry": {"type": "LineString", "coordinates": [[-7.8071338, 41.2843146], [-7.8071699, 41.2842926], [-7.8071967, 41.2842641]]}, "properties": {"highway": "primary", "junction": "roundabout", "lane_markings": "yes", "lanes": "2", "lit": "yes", "maxspeed": "90", "official_ref": "EM 15", "ref": "EN 15", "source": "Dire\u00e7\u00e3o-Geral do Territ\u00f3rio", "surface": "asphalt"}}, {"type": "Feature", "geometry": {"type": "LineString", "coordinates": [[-7.8151081, 41.281501], [-7.8150681, 41.281506], [-7.8150373, 41.2815133], [-7.8150094, 41.2815225], [-7.8149812, 41.2815348], [-7.8149102, 41.2815677]]}, "properties": {"highway": "primary", "lane_markings": "yes", "lanes": "2", "lanes:backward": "1", "lanes:forward": "1", "lit": "yes", "maxspeed": "50", "name": "Rua Principal", "official_ref": "EM 15", "oneway": "no", "ref": "EN 15", "source": "Dire\u00e7\u00e3o-Geral do Territ\u00f3rio", "surface": "asphalt"}}, {"type": "Feature", "geometry": {"type": "LineString", "coordinates": [[-7.8437699, 41.2811396], [-7.8438042, 41.2811597], [-7.8438446, 41.2811719], [-7.8438878, 41.2811754], [-7.8439307, 41.28117]]}, "properties": {"highway": "primary", "lane_markings": "no", "lanes": "1", "lit": "no", "maxspeed": "50", "official_ref": "EM 15", "oneway": "yes", "ref": "EN 15", "surface": "asphalt"}}, {"type": "Feature", "geometry": {"type": "LineString", "coordinates": [[-7.8439307, 41.28117], [-7.8439778, 41.2811519], [-7.8440143, 41.2811231]]}, "properties": {"highway": "primary", "lane_markings": "no", "lanes": "1", "lit": "no", "maxspeed": "50", "official_ref": "EM 15", "oneway": "yes", "ref": "EN 15", "surface": "asphalt"}}, {"type": "Feature", "geometry": {"type": "LineString", "coordinates": [[-7.8019136, 41.2825245], [-7.8018499, 41.2824664], [-7.801811, 41.2824359], [-7.8017674, 41.2824076], [-7.8017158, 41.2823784], [-7.8016598, 41.2823532], [-7.8015986, 41.2823316], [-7.8015362, 41.2823141], [-7.8014752, 41.2823019], [-7.8014133, 41.282295], [-7.8013564, 41.2822925], [-7.801298, 41.2822929], [-7.8012417, 41.2822968], [-7.8009959, 41.2823188], [-7.8009521, 41.2823202], [-7.8009044, 41.282317], [-7.8008606, 41.2823096], [-7.8008131, 41.2822955], [-7.8007713, 41.2822783], [-7.800727, 41.2822564], [-7.8006803, 41.28223], [-7.8006352, 41.2822009], [-7.8000636, 41.2818066], [-7.7997564, 41.2815892], [-7.7997108, 41.2815609], [-7.7996623, 41.2815359], [-7.7996121, 41.2815154], [-7.7995585, 41.2814983], [-7.7995037, 41.2814869], [-7.7994542, 41.281481], [-7.7994015, 41.2814777], [-7.799342, 41.2814767], [-7.7986053, 41.2814612], [-7.7985483, 41.2814585], [-7.7984949, 41.2814523], [-7.7984475, 41.2814426], [-7.7983945, 41.2814258], [-7.7983438, 41.2814019], [-7.7982995, 41.2813765], [-7.7982589, 41.2813443], [-7.7982249, 41.2813072], [-7.7981968, 41.2812688], [-7.7981754, 41.2812309], [-7.7981596, 41.2811881], [-7.7981459, 41.2811437], [-7.7980689, 41.2808817], [-7.7980526, 41.2808384], [-7.7980277, 41.2807969], [-7.797995, 41.2807589], [-7.7979545, 41.2807205], [-7.7979088, 41.2806868], [-7.7978546, 41.2806599], [-7.7977964, 41.2806401], [-7.7977252, 41.2806237], [-7.7976512, 41.2806126], [-7.7975727, 41.2806051], [-7.7974994, 41.2805997], [-7.7972318, 41.2805821], [-7.7971735, 41.280577], [-7.7971185, 41.2805667], [-7.7970692, 41.2805512], [-7.7970244, 41.2805289], [-7.7969736, 41.2804959], [-7.7969299, 41.2804617], [-7.7968883, 41.2804239], [-7.7968508, 41.2803839], [-7.7968122, 41.2803387], [-7.7967134, 41.2802074], [-7.796683, 41.2801629], [-7.7966585, 41.2801168], [-7.7966386, 41.2800658], [-7.7966273, 41.2800163], [-7.7966217, 41.2799662], [-7.7966218, 41.2799118], [-7.7966332, 41.2796581], [-7.7966362, 41.2796064], [-7.7966339, 41.2795514], [-7.7966295, 41.2795085], [-7.7966189, 41.2794692], [-7.7965998, 41.2794286], [-7.7965735, 41.279389], [-7.7965394, 41.2793505], [-7.7965013, 41.2793125], [-7.7963406, 41.2791717], [-7.796308, 41.2791412], [-7.7962807, 41.2791101], [-7.7962584, 41.2790775], [-7.7962406, 41.2790425], [-7.7956576, 41.2776486], [-7.7956331, 41.2775994], [-7.7956019, 41.2775559], [-7.7955611, 41.2775115], [-7.7955164, 41.2774724], [-7.7954673, 41.2774373], [-7.7954065, 41.277406], [-7.7953471, 41.2773839], [-7.7952853, 41.2773699], [-7.7952159, 41.2773597], [-7.7951412, 41.2773533], [-7.7950635, 41.2773516], [-7.7949946, 41.2773529], [-7.7944493, 41.2773669], [-7.7937084, 41.2773783], [-7.7936366, 41.2773769], [-7.793568, 41.2773713], [-7.7935002, 41.2773607], [-7.7934384, 41.2773448], [-7.7933785, 41.277323], [-7.7933185, 41.2772953], [-7.7932688, 41.2772639], [-7.7932238, 41.2772287], [-7.7931827, 41.2771864], [-7.7931483, 41.2771384], [-7.7931206, 41.2770925], [-7.7931002, 41.277044], [-7.793085, 41.2769949], [-7.7930734, 41.2769435], [-7.7930677, 41.2768913], [-7.7930697, 41.2768443], [-7.793076, 41.276799], [-7.7930882, 41.2767477], [-7.7931022, 41.276699], [-7.7931846, 41.2764512], [-7.7931935, 41.2764123], [-7.7931964, 41.2763718], [-7.7931887, 41.2763247], [-7.7931684, 41.2762734], [-7.7931347, 41.2762233], [-7.7931003, 41.2761812], [-7.7928667, 41.275935], [-7.7928283, 41.2758911], [-7.7927943, 41.2758476], [-7.7927615, 41.2758013], [-7.7924691, 41.2753666], [-7.7924431, 41.2753229], [-7.7924181, 41.2752746], [-7.7923933, 41.2752208], [-7.7923659, 41.2751568], [-7.7923431, 41.2750937], [-7.7923205, 41.2750296], [-7.7922976, 41.2749575], [-7.7922759, 41.2748773], [-7.7922619, 41.2748144], [-7.7922539, 41.2747662], [-7.7922502, 41.2747182], [-7.7922502, 41.2746823], [-7.7922565, 41.2746443], [-7.7922668, 41.2746052], [-7.7922811, 41.2745663], [-7.7923246, 41.2744614], [-7.7923351, 41.2744307], [-7.792342, 41.2743979], [-7.792343, 41.2743626], [-7.7923392, 41.274324], [-7.7923291, 41.2742826], [-7.7923102, 41.2742411], [-7.7922829, 41.2741985], [-7.7922481, 41.2741577], [-7.7922071, 41.2741174], [-7.7921634, 41.2740819], [-7.7921143, 41.2740488], [-7.792055, 41.2740154], [-7.7919942, 41.2739871], [-7.7919268, 41.2739624], [-7.7918627, 41.2739431], [-7.7917944, 41.2739262], [-7.7917318, 41.2739126], [-7.7915554, 41.2738749], [-7.791504, 41.2738632], [-7.7914524, 41.2738503], [-7.7914026, 41.2738356], [-7.7913513, 41.2738186], [-7.7913, 41.2737999], [-7.7909568, 41.2736743], [-7.7909083, 41.2736564], [-7.7908649, 41.2736374], [-7.7908185, 41.2736148], [-7.7907666, 41.2735853], [-7.790534, 41.27344], [-7.7904959, 41.273418], [-7.7904567, 41.2733983], [-7.7904113, 41.2733791], [-7.7903651, 41.2733646], [-7.7903187, 41.2733527], [-7.7902702, 41.2733435], [-7.7900946, 41.2733198], [-7.7900409, 41.2733147], [-7.7899848, 41.2733112], [-7.7899352, 41.2733108], [-7.7898804, 41.2733142], [-7.7898306, 41.2733204], [-7.7897876, 41.2733286], [-7.7897497, 41.2733383], [-7.789709, 41.2733516], [-7.7896638, 41.2733692], [-7.7896181, 41.2733915], [-7.7895728, 41.2734186], [-7.7895323, 41.2734461], [-7.7894969, 41.273473], [-7.7894648, 41.2735027], [-7.789361, 41.273601], [-7.7893387, 41.2736209], [-7.7893132, 41.2736409], [-7.7892864, 41.2736588], [-7.7892574, 41.2736756], [-7.7892258, 41.2736912], [-7.7891914, 41.2737064], [-7.7891539, 41.2737208], [-7.7891131, 41.2737343], [-7.7890685, 41.2737482], [-7.7890221, 41.2737618], [-7.7883133, 41.2739571], [-7.7882598, 41.2739728], [-7.7882033, 41.2739898], [-7.7881455, 41.2740082], [-7.7880897, 41.2740274], [-7.7880355, 41.2740479], [-7.78798, 41.2740716], [-7.7879246, 41.2740984], [-7.7878707, 41.2741264], [-7.7878219, 41.2741554], [-7.787776, 41.2741844], [-7.7877285, 41.274217], [-7.7870343, 41.2747137], [-7.7869861, 41.2747494], [-7.7869354, 41.2747897], [-7.7868834, 41.2748333], [-7.7868315, 41.2748796], [-7.7867813, 41.2749264], [-7.7865256, 41.2751714], [-7.7864917, 41.2752032], [-7.7864549, 41.2752358], [-7.7864159, 41.2752679], [-7.7863729, 41.2752986], [-7.7863271, 41.2753264], [-7.7862736, 41.2753562], [-7.7862199, 41.2753842], [-7.7852181, 41.2758738], [-7.7851701, 41.2758974], [-7.7851188, 41.2759209], [-7.785066, 41.2759407], [-7.7850079, 41.2759587], [-7.7849491, 41.2759718], [-7.784892, 41.2759801], [-7.784845, 41.275983], [-7.7848013, 41.2759821], [-7.7847581, 41.2759767], [-7.7847145, 41.2759652], [-7.7846754, 41.2759498], [-7.7846376, 41.2759297], [-7.7846051, 41.2759088], [-7.7845738, 41.2758865], [-7.7844543, 41.2757955], [-7.7844328, 41.27578], [-7.7844099, 41.2757657], [-7.7843833, 41.2757506], [-7.7843532, 41.275735], [-7.7843203, 41.2757202], [-7.7842868, 41.2757071], [-7.7842525, 41.2756967], [-7.7842158, 41.2756886], [-7.7841753, 41.2756827], [-7.7841359, 41.2756795], [-7.7840966, 41.2756788], [-7.784059, 41.2756802], [-7.7840192, 41.275684], [-7.7839793, 41.2756904], [-7.7839392, 41.2756995], [-7.7838966, 41.2757113], [-7.7838546, 41.2757247], [-7.7838099, 41.2757402], [-7.783765, 41.2757575], [-7.7837277, 41.2757741], [-7.7836947, 41.2757906], [-7.7836643, 41.2758082], [-7.7836356, 41.2758274], [-7.7836087, 41.2758472], [-7.7835841, 41.2758675], [-7.78356, 41.2758899], [-7.7835365, 41.275914], [-7.7834452, 41.2760074], [-7.7834242, 41.2760266], [-7.7834019, 41.2760452], [-7.7833774, 41.276063], [-7.7833497, 41.2760806], [-7.7833201, 41.2760964], [-7.783289, 41.2761105], [-7.7832567, 41.2761226], [-7.7832225, 41.2761325], [-7.783186, 41.2761399], [-7.783149, 41.2761452], [-7.7831153, 41.2761478], [-7.7830826, 41.276149], [-7.7830496, 41.2761484], [-7.7830137, 41.2761465], [-7.7829776, 41.2761439], [-7.7829389, 41.2761404], [-7.7828089, 41.2761275], [-7.7827821, 41.2761244], [-7.782757, 41.276121], [-7.7827306, 41.2761167], [-7.782704, 41.2761113], [-7.7826773, 41.276105], [-7.7826508, 41.2760979], [-7.7826245, 41.27609], [-7.7825983, 41.2760811], [-7.7825715, 41.2760713], [-7.7825429, 41.2760601], [-7.782515, 41.2760487], [-7.7824888, 41.2760369], [-7.7824609, 41.2760236], [-7.7824321, 41.2760091], [-7.7823993, 41.2759915], [-7.7819655, 41.2757521], [-7.7819339, 41.2757365], [-7.7819003, 41.2757228], [-7.7818619, 41.2757115], [-7.7818192, 41.2757023], [-7.7817742, 41.2756958], [-7.7817284, 41.275692], [-7.781682, 41.275691], [-7.7816343, 41.275693], [-7.7815907, 41.2756989], [-7.7815462, 41.2757086], [-7.7815014, 41.2757217], [-7.7814621, 41.2757369], [-7.781424, 41.275756], [-7.7813922, 41.2757775], [-7.7813628, 41.2758033], [-7.7813384, 41.2758319], [-7.7813205, 41.2758618], [-7.7813058, 41.2758918], [-7.7812935, 41.2759242], [-7.7812471, 41.2760577]]}, "properties": {"highway": "primary", "lane_markings": "yes", "lanes": "2", "lit": "no", "maxspeed": "90", "official_ref": "EM 15", "oneway": "no", "ref": "EN 15", "source": "Dire\u00e7\u00e3o-Geral do Territ\u00f3rio", "surface": "asphalt"}}, {"type": "Feature", "geometry": {"type": "LineString", "coordinates": [[-7.8032581, 41.2836726], [-7.8032263, 41.2835787], [-7.803211, 41.2835379], [-7.8031926, 41.2834947], [-7.8031702, 41.2834537], [-7.8031459, 41.283416], [-7.8031174, 41.2833813], [-7.8030864, 41.2833508], [-7.8030541, 41.2833248], [-7.8030167, 41.2832988], [-7.8026428, 41.2830561], [-7.8024951, 41.2829603], [-7.8023979, 41.2828972], [-7.8021991, 41.2827682], [-7.8021621, 41.2827419], [-7.8021242, 41.2827128], [-7.802085, 41.2826808], [-7.802047, 41.2826465], [-7.8019136, 41.2825245]]}, "properties": {"highway": "primary", "lane_markings": "yes", "lanes": "2", "lit": "yes", "maxspeed": "90", "official_ref": "EM 15", "oneway": "no", "ref": "EN 15", "source": "Dire\u00e7\u00e3o-Geral do Territ\u00f3rio", "surface": "asphalt"}}, {"type": "Feature", "geometry": {"type": "LineString", "coordinates": [[-7.7708363, 41.2793354], [-7.7692164, 41.2798948], [-7.7691582, 41.2799166], [-7.7690998, 41.2799393], [-7.7690446, 41.2799649]]}, "properties": {"highway": "primary", "lane_markings": "yes", "lanes": "2", "maxspeed": "90", "official_ref": "EM 15", "oneway": "no", "ref": "EN 15", "surface": "asphalt"}}, {"type": "Feature", "geometry": {"type": "LineString", "coordinates": [[-7.6730224, 41.3285706], [-7.6726553, 41.328891], [-7.6725941, 41.3289392], [-7.6725319, 41.3289898], [-7.6724856, 41.3290262], [-7.6724433, 41.3290557], [-7.6724046, 41.3290821], [-7.6723732, 41.3291022], [-7.6723272, 41.3291293], [-7.6722771, 41.3291586], [-7.6722347, 41.329182], [-7.6721855, 41.3292081], [-7.6721635, 41.3292185], [-7.6720979, 41.3292506], [-7.6720416, 41.3292771], [-7.6719857, 41.3293047], [-7.6719346, 41.3293267], [-7.6718789, 41.3293508], [-7.6718129, 41.3293756], [-7.6717483, 41.329399], [-7.6716747, 41.3294219], [-7.6715814, 41.3294479], [-7.6714222, 41.3294886], [-7.671323, 41.3295125], [-7.6712369, 41.3295305], [-7.6711467, 41.3295486], [-7.6707551, 41.3296194], [-7.6705901, 41.3296427], [-7.6705089, 41.3296524], [-7.670434, 41.329659], [-7.6703704, 41.3296615], [-7.6702991, 41.3296623], [-7.6702355, 41.3296594], [-7.6701709, 41.3296532], [-7.6701068, 41.329641], [-7.6700509, 41.3296272], [-7.6699907, 41.32961], [-7.6690112, 41.3292836]]}, "properties": {"highway": "primary", "lanes": "2", "lit": "no", "official_ref": "EM 15", "oneway": "no", "ref": "EN 15", "surface": "asphalt"}}, {"type": "Feature", "geometry": {"type": "LineString", "coordinates": [[-8.3060577, 41.1953693], [-8.306182, 41.1954821], [-8.3062096, 41.1955232], [-8.3062508, 41.1955847]]}, "properties": {"highway": "primary", "lanes": "2", "lit": "yes", "oneway": "yes", "ref": "EN 15", "surface": "asphalt"}}, {"type": "Feature", "geometry": {"type": "LineString", "coordinates": [[-8.2290205, 41.2318741], [-8.2290116, 41.2317723], [-8.2290066, 41.2317157], [-8.2290291, 41.231626]]}, "properties": {"highway": "primary", "lit": "yes", "name": "Avenida de Casais Novos", "oneway": "yes", "ref": "EN 15", "surface": "asphalt"}}, {"type": "Feature", "geometry": {"type": "LineString", "coordinates": [[-8.2290291, 41.231626], [-8.2289069, 41.2317648], [-8.2288586, 41.2318198], [-8.2287993, 41.2318743]]}, "properties": {"highway": "primary", "lit": "yes", "name": "Avenida de Casais Novos", "oneway": "yes", "ref": "EN 15", "surface": "asphalt"}}, {"type": "Feature", "geometry": {"type": "LineString", "coordinates": [[-8.3456672, 41.1999553], [-8.345471, 41.2000563], [-8.3452459, 41.2001636], [-8.3448789, 41.2002963], [-8.3442019, 41.2005099], [-8.343847, 41.2006581], [-8.3435932, 41.2008034], [-8.3431959, 41.2010647], [-8.3428409, 41.201299], [-8.3424897, 41.2015299], [-8.3422093, 41.2017465], [-8.3421456, 41.2018065], [-8.3417215, 41.2022066]]}, "properties": {"highway": "primary", "lanes": "2", "name": "Rua Central de Mouriz", "ref": "EN 15", "source": "Bing", "surface": "asphalt"}}, {"type": "Feature", "geometry": {"type": "LineString", "coordinates": [[-8.3974796, 41.1904068], [-8.3972986, 41.1904003]]}, "properties": {"highway": "primary", "name": "Rua Central de Vandoma", "ref": "EN 15", "source": "bing", "surface": "asphalt"}}, {"type": "Feature", "geometry": {"type": "LineString", "coordinates": [[-8.3972986, 41.1904003], [-8.3970802, 41.1903938]]}, "properties": {"highway": "primary", "name": "Rua Central de Vandoma", "ref": "EN 15", "source": "bing", "surface": "asphalt"}}, {"type": "Feature", "geometry": {"type": "LineString", "coordinates": [[-8.5269705, 41.1837245], [-8.5269163, 41.1838208]]}, "properties": {"highway": "primary", "name": "Rua Vasco da Gama", "oneway": "no", "ref": "EN 15", "source": "Bing", "surface": "asphalt"}}, {"type": "Feature", "geometry": {"type": "LineString", "coordinates": [[-8.5261016, 41.1849005], [-8.5257015, 41.1852931], [-8.5256635, 41.1853304], [-8.5254699, 41.1855071], [-8.5251821, 41.1858031], [-8.5251273, 41.1858555], [-8.52509, 41.1859132], [-8.525058, 41.185965], [-8.5250325, 41.1860485], [-8.5249928, 41.1862629], [-8.5249545, 41.1866296], [-8.5249163, 41.1869963], [-8.5249087, 41.1872724], [-8.5249525, 41.187516], [-8.5249942, 41.1876487], [-8.5250714, 41.1879075], [-8.5252611, 41.1883947], [-8.5252746, 41.1885475], [-8.5252767, 41.1886196], [-8.525265, 41.1887176], [-8.5252257, 41.1888186], [-8.5251732, 41.1889315], [-8.5250869, 41.189052], [-8.5249657, 41.1891664], [-8.5248941, 41.1892246], [-8.5248224, 41.1892736], [-8.5247276, 41.1893333], [-8.5245205, 41.189425], [-8.5242118, 41.1895442], [-8.5241446, 41.1895815], [-8.5240828, 41.1896267], [-8.5240311, 41.1896765], [-8.524005, 41.1897276], [-8.5239841, 41.1897801], [-8.5239667, 41.1898599], [-8.5239627, 41.189963], [-8.5239771, 41.1900359], [-8.5240098, 41.1901274], [-8.5240546, 41.1901949], [-8.5240963, 41.1902554], [-8.5241934, 41.1903678], [-8.5242336, 41.1904252], [-8.5242558, 41.1904623], [-8.5242867, 41.190549], [-8.5243062, 41.1905999], [-8.5243135, 41.1906945], [-8.5242987, 41.1907494], [-8.5242756, 41.1908195], [-8.5242343, 41.1908711], [-8.524205, 41.1909089], [-8.5241451, 41.190965], [-8.5240967, 41.1909991], [-8.5240853, 41.1910071], [-8.5240301, 41.1910434], [-8.5239779, 41.1910681], [-8.5238983, 41.1910907], [-8.5238279, 41.191104], [-8.5237467, 41.1911185], [-8.5236548, 41.1911213], [-8.5235921, 41.1911143], [-8.5231669, 41.1910671], [-8.5229207, 41.1910389], [-8.5228164, 41.1910269], [-8.5224692, 41.1910049], [-8.5222322, 41.1910091], [-8.5220535, 41.1910164], [-8.5219318, 41.19103], [-8.5218569, 41.1910375], [-8.5217478, 41.1910509], [-8.5215028, 41.191106], [-8.5206026, 41.1913225], [-8.5205637, 41.1913305], [-8.5203797, 41.1913685]]}, "properties": {"highway": "primary", "name": "Rua Vasco da Gama", "oneway": "no", "ref": "EN 15", "source": "Bing", "surface": "asphalt"}}, {"type": "Feature", "geometry": {"type": "LineString", "coordinates": [[-8.5270975, 41.1835035], [-8.5269705, 41.1837245]]}, "properties": {"highway": "primary", "name": "Rua Vasco da Gama", "oneway": "no", "ref": "EN 15", "source": "Bing", "surface": "asphalt"}}, {"type": "Feature", "geometry": {"type": "LineString", "coordinates": [[-8.5358649, 41.1809102], [-8.5357121, 41.1809117], [-8.5356159, 41.1808965]]}, "properties": {"highway": "primary", "lanes": "1", "name": "Rua Nossa Senhora do Amparo", "oneway": "yes", "ref": "EN 15", "source": "Bing", "surface": "asphalt"}}, {"type": "Feature", "geometry": {"type": "LineString", "coordinates": [[-8.5351925, 41.1810752], [-8.5353015, 41.1810695], [-8.5354121, 41.1810776]]}, "properties": {"highway": "primary", "name": "Rua Dom Jo\u00e3o de Castro", "oneway": "yes", "ref": "EN 15", "source": "Bing", "surface": "asphalt"}}, {"type": "Feature", "geometry": {"type": "LineString", "coordinates": [[-7.6247746, 41.3574607], [-7.6242662, 41.3573689], [-7.6242314, 41.3573627], [-7.6241995, 41.3573563], [-7.6241679, 41.3573493], [-7.6241389, 41.3573421], [-7.6241101, 41.3573344], [-7.6240824, 41.3573258], [-7.6240559, 41.3573165], [-7.6240287, 41.3573061], [-7.6240008, 41.3572944], [-7.6239732, 41.3572818], [-7.6239448, 41.3572679], [-7.622356, 41.3564563]]}, "properties": {"highway": "primary", "lanes": "2", "maxspeed": "50", "name": "Estrada Nacional 15", "official_ref": "EM 15", "oneway": "no", "ref": "EN 15", "source": "Dire\u00e7\u00e3o-Geral do Territ\u00f3rio", "surface": "asphalt"}}, {"type": "Feature", "geometry": {"type": "LineString", "coordinates": [[-7.6210431, 41.3563028], [-7.620066, 41.3564923], [-7.6200191, 41.3565018], [-7.6199708, 41.3565135], [-7.6199255, 41.3565266], [-7.6198771, 41.3565422], [-7.6198289, 41.3565591], [-7.6197822, 41.3565776], [-7.6197397, 41.356596], [-7.6196969, 41.3566155], [-7.6196474, 41.3566397], [-7.6195905, 41.3566685], [-7.6191051, 41.3569242], [-7.6188647, 41.3570508], [-7.6188279, 41.3570694], [-7.6187896, 41.3570878], [-7.6187494, 41.357106], [-7.6187072, 41.3571235], [-7.6186625, 41.3571407], [-7.6186175, 41.357157], [-7.6185764, 41.35717], [-7.6185329, 41.3571822], [-7.6184821, 41.3571941], [-7.618424, 41.3572055], [-7.6183643, 41.3572167], [-7.6173713, 41.3573854], [-7.616976, 41.3574514], [-7.6169214, 41.3574598], [-7.6168675, 41.3574667], [-7.6168089, 41.3574723], [-7.6167522, 41.3574754], [-7.6166926, 41.3574769], [-7.6166333, 41.3574767], [-7.6165781, 41.3574741], [-7.6165246, 41.3574695], [-7.6164734, 41.3574632], [-7.6164243, 41.3574547], [-7.6163734, 41.3574438], [-7.6163213, 41.3574307], [-7.6160096, 41.3573437], [-7.6159801, 41.3573351], [-7.6142599, 41.3568361], [-7.6142207, 41.3568244], [-7.6141934, 41.356816], [-7.6141688, 41.356808], [-7.6141441, 41.3567994], [-7.6141194, 41.3567898], [-7.6140957, 41.3567795], [-7.6140735, 41.356768], [-7.6140492, 41.3567537], [-7.6140265, 41.3567388], [-7.6140038, 41.3567225], [-7.6139827, 41.3567061], [-7.6133991, 41.3562258], [-7.6133805, 41.3562093], [-7.6133617, 41.3561916], [-7.6133457, 41.3561756], [-7.6133304, 41.3561592], [-7.6133167, 41.3561433], [-7.6133037, 41.3561272], [-7.6132901, 41.3561091], [-7.6132791, 41.3560921], [-7.6132695, 41.3560749], [-7.6132604, 41.3560558], [-7.6132534, 41.3560348], [-7.6132492, 41.3560129], [-7.6132474, 41.3559913], [-7.6132474, 41.3559658], [-7.6132486, 41.3559401], [-7.6132509, 41.3559164], [-7.613255, 41.3558917], [-7.6132612, 41.3558644], [-7.6133095, 41.3556931], [-7.6133149, 41.3556695], [-7.6133186, 41.3556462], [-7.6133205, 41.3556221], [-7.6133208, 41.3555975], [-7.6133193, 41.3555712], [-7.6133177, 41.3555444], [-7.6133147, 41.3555168], [-7.6133096, 41.355487], [-7.6133027, 41.3554577], [-7.6132946, 41.3554275], [-7.6132857, 41.355397], [-7.6132763, 41.3553696], [-7.6132635, 41.3553404], [-7.6132485, 41.3553111], [-7.6132316, 41.3552828], [-7.6132136, 41.3552566], [-7.6131933, 41.3552294], [-7.6131721, 41.3552028]]}, "properties": {"highway": "primary", "lanes": "2", "maxspeed": "50", "name": "Estrada Nacional 15", "official_ref": "EM 15", "oneway": "no", "ref": "EN 15", "source": "Dire\u00e7\u00e3o-Geral do Territ\u00f3rio", "surface": "asphalt"}}, {"type": "Feature", "geometry": {"type": "LineString", "coordinates": [[-7.7096746, 41.3147876], [-7.7095712, 41.3147402], [-7.7094602, 41.3146888], [-7.7092718, 41.3145974], [-7.7092087, 41.3145645], [-7.7091414, 41.3145274], [-7.7088101, 41.3143505], [-7.70874, 41.3143155], [-7.7086606, 41.314279], [-7.7085732, 41.3142413], [-7.7084823, 41.3142055], [-7.708141, 41.3140739], [-7.7080276, 41.3140353], [-7.7079161, 41.3140043], [-7.7078007, 41.3139818], [-7.7076847, 41.3139685], [-7.7075727, 41.3139624], [-7.7074709, 41.3139658], [-7.7073776, 41.3139716]]}, "properties": {"highway": "primary", "lanes": "2", "lit": "yes", "maxspeed": "50", "name": "Estrada Nacional 15", "official_ref": "EM 15", "oneway": "no", "ref": "EN 15", "surface": "asphalt"}}, {"type": "Feature", "geometry": {"type": "LineString", "coordinates": [[-8.2994243, 41.1929647], [-8.2995223, 41.1930142], [-8.299655, 41.1930728], [-8.299823, 41.193138], [-8.3000938, 41.1932192], [-8.3006069, 41.193355], [-8.3013819, 41.1935587], [-8.3016968, 41.1936426], [-8.3019145, 41.1936906], [-8.3020826, 41.1937145], [-8.3021972, 41.1937226], [-8.302233, 41.1937252], [-8.3025815, 41.1937358]]}, "properties": {"highway": "primary", "lanes": "2", "oneway": "yes", "ref": "EN 15", "surface": "asphalt"}}, {"type": "Feature", "geometry": {"type": "LineString", "coordinates": [[-7.8659613, 41.2804016], [-7.8658324, 41.2804363], [-7.8657895, 41.2804491], [-7.8657489, 41.2804618], [-7.8657073, 41.2804756], [-7.8653254, 41.2806038], [-7.8652658, 41.2806231], [-7.8651989, 41.2806434], [-7.8651258, 41.2806637], [-7.8650509, 41.2806829], [-7.8649791, 41.280699], [-7.8649024, 41.2807134], [-7.8648265, 41.2807244], [-7.8647567, 41.2807308], [-7.8646854, 41.2807341], [-7.864615, 41.280735], [-7.8645455, 41.2807338], [-7.8644699, 41.2807299], [-7.8643949, 41.2807234], [-7.8643237, 41.2807145], [-7.8642492, 41.2807027], [-7.864176, 41.2806883], [-7.8641089, 41.2806737], [-7.8640377, 41.2806571], [-7.8639606, 41.2806379], [-7.8638694, 41.2806141], [-7.8625928, 41.2802701], [-7.8625374, 41.2802557], [-7.8624805, 41.2802411], [-7.8624232, 41.2802267], [-7.862376, 41.2802142], [-7.8623324, 41.2802016], [-7.8622901, 41.2801873], [-7.8622513, 41.2801717], [-7.8622108, 41.2801522], [-7.8621687, 41.2801293], [-7.8621242, 41.2801033], [-7.8620748, 41.2800727], [-7.8620285, 41.2800415], [-7.8619883, 41.28001], [-7.8619495, 41.2799762], [-7.8619153, 41.2799433], [-7.8618819, 41.279908], [-7.861663, 41.2796743], [-7.8616385, 41.2796487], [-7.8616131, 41.2796237], [-7.861582, 41.2795949], [-7.8615495, 41.2795669], [-7.8615143, 41.2795385], [-7.8614663, 41.279501], [-7.861418, 41.2794668], [-7.8613662, 41.2794337], [-7.8613109, 41.279402], [-7.8612565, 41.2793744], [-7.8611962, 41.2793463], [-7.8611417, 41.279322], [-7.8592961, 41.2785175], [-7.8592071, 41.2784818], [-7.8591178, 41.2784526], [-7.8590301, 41.2784275], [-7.8589376, 41.2784046], [-7.8588485, 41.278388], [-7.8587595, 41.2783771], [-7.8586719, 41.27837], [-7.858578, 41.2783639], [-7.8584937, 41.2783604], [-7.8584065, 41.2783586], [-7.8583133, 41.278358], [-7.8578799, 41.2783556]]}, "properties": {"highway": "primary", "lanes": "2", "maxspeed": "50", "name": "Rua da Boavista", "official_ref": "EM 15", "oneway": "no", "ref": "EN 15", "source": "Servi\u00e7os Geogr\u00e1ficos Municipais", "surface": "asphalt"}}, {"type": "Feature", "geometry": {"type": "LineString", "coordinates": [[-7.8681005, 41.2804035], [-7.8679607, 41.2804011], [-7.8678927, 41.2803992], [-7.8678189, 41.2803961], [-7.8677407, 41.2803911], [-7.8675265, 41.2803771], [-7.8674545, 41.2803731], [-7.8673804, 41.2803691], [-7.8673047, 41.280366], [-7.8672191, 41.2803634], [-7.8664709, 41.2803443], [-7.8663422, 41.2803411]]}, "properties": {"highway": "primary", "lanes": "2", "maxspeed": "50", "name": "Rua da Boavista", "official_ref": "EM 15", "oneway": "no", "ref": "EN 15", "source": "Servi\u00e7os Geogr\u00e1ficos Municipais", "surface": "asphalt"}}, {"type": "Feature", "geometry": {"type": "LineString", "coordinates": [[-8.4629933, 41.1826374], [-8.4630635, 41.1825912], [-8.4631669, 41.182539]]}, "properties": {"highway": "primary", "lanes": "2", "lit": "yes", "name": "Rua Central de Campo", "oneway": "no", "ref": "EN 15", "surface": "asphalt"}}, {"type": "Feature", "geometry": {"type": "LineString", "coordinates": [[-8.3025815, 41.1937358], [-8.3027358, 41.1937685], [-8.3028594, 41.193811]]}, "properties": {"highway": "primary", "lanes": "2", "oneway": "yes", "ref": "EN 15", "surface": "asphalt"}}, {"type": "Feature", "geometry": {"type": "LineString", "coordinates": [[-8.3059854, 41.1949234], [-8.3059759, 41.1949091], [-8.3059247, 41.194832], [-8.3057753, 41.1945913], [-8.3055932, 41.1942874], [-8.3055092, 41.1941732], [-8.3054018, 41.1940643], [-8.305264, 41.1939536], [-8.3050982, 41.1938552], [-8.3048671, 41.1937639], [-8.3047722, 41.1937425], [-8.304664, 41.1937182], [-8.3044679, 41.1937006], [-8.3043196, 41.1936938], [-8.3041246, 41.1936848], [-8.3035506, 41.1936766], [-8.3034891, 41.1936639], [-8.3032368, 41.1936379]]}, "properties": {"highway": "primary", "lanes": "2", "oneway": "yes", "ref": "EN 15", "surface": "asphalt"}}, {"type": "Feature", "geometry": {"type": "LineString", "coordinates": [[-8.5181694, 41.1937036], [-8.5182047, 41.1936389], [-8.5182408, 41.1935411], [-8.5182519, 41.1934168]]}, "properties": {"highway": "primary", "name": "Rua Vasco da Gama", "oneway": "yes", "ref": "EN 15", "source": "bing", "surface": "asphalt"}}, {"type": "Feature", "geometry": {"type": "LineString", "coordinates": [[-8.5203797, 41.1913685], [-8.5202239, 41.1913862], [-8.520062, 41.1913912], [-8.5199475, 41.1913819], [-8.5198083, 41.1913576], [-8.5196933, 41.1913201], [-8.5195938, 41.1912757], [-8.5192873, 41.1910799], [-8.5192798, 41.1910765], [-8.5191903, 41.1910362]]}, "properties": {"highway": "primary", "name": "Rua Vasco da Gama", "oneway": "no", "ref": "EN 15", "source": "Bing", "surface": "asphalt"}}, {"type": "Feature", "geometry": {"type": "LineString", "coordinates": [[-8.5604708, 41.1690188], [-8.5604028, 41.1690944]]}, "properties": {"highway": "primary", "lanes": "2", "name": "Rua Pedro \u00c1lvares Cabral", "oneway": "no", "ref": "EN 15", "source": "Bing", "surface": "asphalt"}}, {"type": "Feature", "geometry": {"type": "LineString", "coordinates": [[-8.5179825, 41.1938688], [-8.5180792, 41.1937961], [-8.5181694, 41.1937036]]}, "properties": {"highway": "primary", "name": "Rua Vasco da Gama", "oneway": "yes", "ref": "EN 15", "source": "bing", "surface": "asphalt"}}, {"type": "Feature", "geometry": {"type": "LineString", "coordinates": [[-8.3028594, 41.193811], [-8.3029147, 41.1938512], [-8.3029644, 41.1938753], [-8.3030209, 41.1938883], [-8.3030801, 41.1938892], [-8.3031373, 41.193878], [-8.3031882, 41.1938554], [-8.3032357, 41.1938204]]}, "properties": {"highway": "primary", "junction": "roundabout", "lanes": "2", "ref": "EN 15", "surface": "asphalt"}}, {"type": "Feature", "geometry": {"type": "LineString", "coordinates": [[-8.2284993, 41.2324241], [-8.2286038, 41.2323795], [-8.2286766, 41.2323485], [-8.2287547, 41.2323269], [-8.2288769, 41.232293]]}, "properties": {"highway": "primary", "lit": "yes", "oneway": "yes", "ref": "EN 15", "surface": "asphalt"}}, {"type": "Feature", "geometry": {"type": "LineString", "coordinates": [[-8.2286504, 41.2321736], [-8.2285838, 41.2322619], [-8.2285447, 41.2323369], [-8.2284993, 41.2324241]]}, "properties": {"highway": "primary", "lit": "yes", "oneway": "yes", "ref": "EN 15", "surface": "asphalt"}}, {"type": "Feature", "geometry": {"type": "LineString", "coordinates": [[-8.1223044, 41.306569], [-8.1226842, 41.3065914], [-8.1232164, 41.3065591], [-8.1232865, 41.3065441], [-8.1235001, 41.3064983], [-8.123801, 41.3064338], [-8.1241983, 41.3063458], [-8.1244181, 41.3063347], [-8.1247034, 41.3063673], [-8.1249307, 41.306424], [-8.1251216, 41.3064873], [-8.1256816, 41.3066729], [-8.125859, 41.3067317], [-8.126402, 41.3069149], [-8.1265054, 41.3069665], [-8.1269807, 41.3073163], [-8.1272232, 41.3074925], [-8.1277274, 41.3078588], [-8.1277743, 41.3078929], [-8.1280124, 41.3080659], [-8.1285198, 41.3086031], [-8.1286915, 41.3087772], [-8.128767, 41.3088778], [-8.128823, 41.3089717], [-8.1288543, 41.309072], [-8.1289595, 41.3095918], [-8.1289826, 41.3096986], [-8.1290218, 41.3097973], [-8.1290809, 41.3099022], [-8.1291459, 41.3099812], [-8.1292109, 41.3100473], [-8.1293324, 41.3101407], [-8.1294705, 41.3102244], [-8.129606, 41.3102978], [-8.1297565, 41.310363], [-8.1299109, 41.3104133], [-8.1300974, 41.3104508], [-8.1302814, 41.3104594], [-8.1304753, 41.3104484], [-8.1306201, 41.3104223], [-8.1307434, 41.3103865], [-8.1309235, 41.3103263], [-8.1310405, 41.3102894], [-8.1311747, 41.3102636], [-8.1312966, 41.3102668], [-8.1314066, 41.3102846], [-8.1315054, 41.3103161], [-8.1315967, 41.3103622], [-8.1316704, 41.3104203], [-8.1317617, 41.3105121], [-8.1325398, 41.3114886], [-8.1330337, 41.3121021], [-8.1332397, 41.3123511], [-8.1333534, 41.3124755], [-8.1334178, 41.3125331], [-8.1336857, 41.3127516], [-8.1339116, 41.3129353], [-8.1350611, 41.3138699], [-8.1350977, 41.3139024], [-8.1352672, 41.3140352], [-8.135345, 41.3140925], [-8.1354483, 41.3141724], [-8.1355233, 41.3142162], [-8.1356162, 41.3142596], [-8.1357618, 41.3143113], [-8.1360209, 41.3143735], [-8.1384289, 41.3149349], [-8.1397988, 41.3152621], [-8.1404423, 41.3154869], [-8.1407449, 41.3155926], [-8.1408921, 41.315644], [-8.1416882, 41.3159393], [-8.1424837, 41.3161922]]}, "properties": {"highway": "primary", "ref": "EN 15;EN 101"}}, {"type": "Feature", "geometry": {"type": "LineString", "coordinates": [[-8.0988828, 41.2936632], [-8.0992953, 41.2938499], [-8.0995357, 41.2938821], [-8.0998275, 41.2938563], [-8.1001279, 41.2937918], [-8.1003854, 41.2937209], [-8.1005313, 41.2936306], [-8.1006086, 41.2935016], [-8.1006561, 41.2933402], [-8.1006147, 41.2930504], [-8.1006172, 41.2928867]]}, "properties": {"highway": "primary", "name": "Rua da Ponte de Pego", "ref": "EN 15;EN 101"}}, {"type": "Feature", "geometry": {"type": "LineString", "coordinates": [[-7.8376881, 41.2826604], [-7.8376867, 41.2826046], [-7.8376681, 41.2825505], [-7.8376385, 41.2825085], [-7.8375843, 41.2824592], [-7.8375442, 41.2824361], [-7.8374997, 41.282418], [-7.837452, 41.2824055], [-7.8374022, 41.2823988], [-7.8373517, 41.2823981], [-7.8373016, 41.2824034], [-7.8372533, 41.2824146], [-7.8371949, 41.2824376], [-7.8371441, 41.2824692], [-7.837103, 41.2825079], [-7.8370726, 41.2825537], [-7.8370558, 41.2826034], [-7.8370535, 41.2826546]]}, "properties": {"highway": "primary", "lane_markings": "no", "lanes": "1", "lit": "yes", "maxspeed": "50", "official_ref": "EM 15", "oneway": "yes", "ref": "EN 15", "surface": "asphalt"}}, {"type": "Feature", "geometry": {"type": "LineString", "coordinates": [[-7.8370535, 41.2826546], [-7.8370621, 41.2826948], [-7.8370796, 41.2827332], [-7.8371055, 41.2827689], [-7.837139, 41.2828008], [-7.8371793, 41.282828]]}, "properties": {"highway": "primary", "lane_markings": "no", "lanes": "1", "lit": "yes", "maxspeed": "50", "official_ref": "EM 15", "oneway": "yes", "ref": "EN 15", "surface": "asphalt"}}, {"type": "Feature", "geometry": {"type": "LineString", "coordinates": [[-7.8376146, 41.2827912], [-7.8376427, 41.282762], [-7.8376646, 41.28273], [-7.8376798, 41.2826959], [-7.8376881, 41.2826604]]}, "properties": {"highway": "primary", "lane_markings": "no", "lanes": "1", "lit": "yes", "maxspeed": "50", "official_ref": "EM 15", "oneway": "yes", "ref": "EN 15", "surface": "asphalt"}}, {"type": "Feature", "geometry": {"type": "LineString", "coordinates": [[-7.7252331, 41.3097336], [-7.7252446, 41.3097026]]}, "properties": {"highway": "primary", "junction": "roundabout", "lanes": "2", "lit": "yes", "maxspeed": "50", "official_ref": "EM 15", "ref": "EN 15", "source": "Bing", "surface": "asphalt"}}, {"type": "Feature", "geometry": {"type": "LineString", "coordinates": [[-7.8440457, 41.280776], [-7.8440661, 41.2807417], [-7.8440877, 41.2807118], [-7.8441122, 41.2806802], [-7.8441756, 41.2806154]]}, "properties": {"highway": "primary", "lane_markings": "no", "lanes": "1", "lit": "no", "maxspeed": "50", "official_ref": "EM 15", "oneway": "yes", "ref": "EN 15", "surface": "asphalt"}}, {"type": "Feature", "geometry": {"type": "LineString", "coordinates": [[-8.4739163, 41.1831813], [-8.4740296, 41.1831111], [-8.4750895, 41.1824454], [-8.4751951, 41.1823913]]}, "properties": {"highway": "primary", "lanes": "2", "lit": "yes", "name": "Rua Central de Campo", "ref": "EN 15", "source": "Bing", "surface": "asphalt"}}, {"type": "Feature", "geometry": {"type": "LineString", "coordinates": [[-8.4550001, 41.1850174], [-8.4550639, 41.1849886], [-8.4551127, 41.1849463], [-8.4551418, 41.1848948], [-8.4551482, 41.184839], [-8.4551314, 41.1847844]]}, "properties": {"highway": "primary", "junction": "roundabout", "lanes": "2", "lit": "yes", "ref": "EN 15", "source": "bing", "surface": "asphalt"}}, {"type": "Feature", "geometry": {"type": "LineString", "coordinates": [[-8.4546927, 41.1847819], [-8.4546753, 41.1848326], [-8.4546781, 41.1848849], [-8.4547009, 41.1849343]]}, "properties": {"highway": "primary", "junction": "roundabout", "lanes": "2", "lit": "yes", "ref": "EN 15", "source": "bing", "surface": "asphalt"}}, {"type": "Feature", "geometry": {"type": "LineString", "coordinates": [[-8.4547418, 41.1849767], [-8.4547974, 41.1850084], [-8.4548627, 41.1850265], [-8.4549323, 41.1850296], [-8.4550001, 41.1850174]]}, "properties": {"highway": "primary", "junction": "roundabout", "lanes": "2", "lit": "yes", "ref": "EN 15", "source": "bing", "surface": "asphalt"}}, {"type": "Feature", "geometry": {"type": "LineString", "coordinates": [[-8.4503279, 41.1852987], [-8.4503768, 41.1853211], [-8.4504305, 41.1853359], [-8.4505059, 41.1853428], [-8.4505811, 41.1853348], [-8.450651, 41.1853125], [-8.4506971, 41.1852871], [-8.4507358, 41.1852555]]}, "properties": {"highway": "primary", "junction": "roundabout", "lanes": "2", "lit": "yes", "ref": "EN 15", "source": "BING", "surface": "asphalt"}}, {"type": "Feature", "geometry": {"type": "LineString", "coordinates": [[-8.4502211, 41.1850691], [-8.4502122, 41.185133], [-8.4502283, 41.1851961], [-8.4502651, 41.1852547], [-8.4503279, 41.1852987]]}, "properties": {"highway": "primary", "junction": "roundabout", "lanes": "2", "lit": "yes", "ref": "EN 15", "source": "BING", "surface": "asphalt"}}, {"type": "Feature", "geometry": {"type": "LineString", "coordinates": [[-8.4507358, 41.1852555], [-8.4507767, 41.1851989], [-8.4507939, 41.1851358], [-8.4507861, 41.1850716], [-8.4507537, 41.185012]]}, "properties": {"highway": "primary", "junction": "roundabout", "lanes": "2", "lit": "yes", "ref": "EN 15", "source": "BING", "surface": "asphalt"}}, {"type": "Feature", "geometry": {"type": "LineString", "coordinates": [[-8.4487256, 41.1850667], [-8.4485016, 41.1849838], [-8.4481688, 41.1848331], [-8.4480331, 41.1847717]]}, "properties": {"highway": "primary", "lanes": "1", "lit": "yes", "name": "Rua Central de Gandra", "oneway": "yes", "ref": "EN 15", "source": "BING", "surface": "asphalt"}}, {"type": "Feature", "geometry": {"type": "LineString", "coordinates": [[-8.4441688, 41.1825403], [-8.4444667, 41.1827454]]}, "properties": {"highway": "primary", "lanes": "2", "lit": "yes", "name": "Rua Central de Gandra", "ref": "EN 15", "source": "Bing", "surface": "asphalt"}}, {"type": "Feature", "geometry": {"type": "LineString", "coordinates": [[-8.4438328, 41.1822691], [-8.4437813, 41.1822029], [-8.4437256, 41.1821629], [-8.4436426, 41.1821292], [-8.4435744, 41.1821168], [-8.4434897, 41.182117], [-8.4433964, 41.1821378], [-8.4433419, 41.1821623]]}, "properties": {"highway": "primary", "junction": "roundabout", "lit": "yes", "ref": "EN 15", "source": "BING;Bing", "surface": "asphalt"}}, {"type": "Feature", "geometry": {"type": "LineString", "coordinates": [[-8.4437538, 41.1825323], [-8.443834, 41.1824416], [-8.4438539, 41.1823415], [-8.4438328, 41.1822691]]}, "properties": {"highway": "primary", "junction": "roundabout", "lit": "yes", "ref": "EN 15", "source": "BING;Bing", "surface": "asphalt"}}, {"type": "Feature", "geometry": {"type": "LineString", "coordinates": [[-8.4433419, 41.1821623], [-8.4432685, 41.1822196], [-8.4432361, 41.1822648], [-8.443212, 41.1823524], [-8.4432216, 41.1824152]]}, "properties": {"highway": "primary", "junction": "roundabout", "lit": "yes", "ref": "EN 15", "source": "BING;Bing", "surface": "asphalt"}}, {"type": "Feature", "geometry": {"type": "LineString", "coordinates": [[-8.432869, 41.1966656], [-8.4326971, 41.1966928], [-8.4325052, 41.1966979], [-8.4323009, 41.1966659], [-8.4319204, 41.1965431], [-8.4317513, 41.1964832], [-8.4316475, 41.1964451], [-8.4315135, 41.1963967], [-8.4312246, 41.1963014], [-8.4309792, 41.1962344], [-8.4307859, 41.1962039], [-8.4306152, 41.1961975]]}, "properties": {"highway": "primary", "name": "Avenida Central de Gandra", "ref": "EN 15", "source": "bing", "surface": "asphalt"}}, {"type": "Feature", "geometry": {"type": "LineString", "coordinates": [[-8.4306152, 41.1961975], [-8.4304704, 41.196211], [-8.4303314, 41.1962354], [-8.4300665, 41.196311], [-8.4298961, 41.196362]]}, "properties": {"highway": "primary", "name": "Avenida Central de Gandra", "ref": "EN 15", "source": "bing", "surface": "asphalt"}}, {"type": "Feature", "geometry": {"type": "LineString", "coordinates": [[-8.3465099, 41.1993867], [-8.3464522, 41.1993733], [-8.3463918, 41.1993775], [-8.3463461, 41.1993945], [-8.3462439, 41.1994629], [-8.3462056, 41.1994976], [-8.3461875, 41.1995414], [-8.3461929, 41.1995864]]}, "properties": {"highway": "primary", "junction": "roundabout", "lanes": "2", "ref": "EN 15", "source": "Bing", "surface": "asphalt"}}, {"type": "Feature", "geometry": {"type": "LineString", "coordinates": [[-8.346585, 41.1994563], [-8.3465586, 41.1994177], [-8.3465099, 41.1993867]]}, "properties": {"highway": "primary", "junction": "roundabout", "lanes": "2", "ref": "EN 15", "source": "Bing", "surface": "asphalt"}}, {"type": "Feature", "geometry": {"type": "LineString", "coordinates": [[-8.3461929, 41.1995864], [-8.3462202, 41.1996261], [-8.3462674, 41.1996561]]}, "properties": {"highway": "primary", "junction": "roundabout", "lanes": "2", "ref": "EN 15", "source": "Bing", "surface": "asphalt"}}, {"type": "Feature", "geometry": {"type": "LineString", "coordinates": [[-8.3357817, 41.2059678], [-8.3357463, 41.2059387], [-8.3356813, 41.205905], [-8.3355998, 41.2058759], [-8.3355378, 41.2058662], [-8.3354816, 41.2058672]]}, "properties": {"highway": "primary", "junction": "roundabout", "lanes": "2", "name": "Rotunda 25 de Abril", "ref": "EN 15", "surface": "asphalt"}}, {"type": "Feature", "geometry": {"type": "LineString", "coordinates": [[-8.3356417, 41.2063268], [-8.3357129, 41.206294], [-8.3357618, 41.2062584], [-8.3357848, 41.2062294], [-8.3358017, 41.2061804], [-8.335818, 41.2061061], [-8.3358136, 41.2060251]]}, "properties": {"highway": "primary", "junction": "roundabout", "lanes": "2", "name": "Rotunda 25 de Abril", "ref": "EN 15", "surface": "asphalt"}}, {"type": "Feature", "geometry": {"type": "LineString", "coordinates": [[-8.3353771, 41.2058933], [-8.3353053, 41.2059334], [-8.3352649, 41.2059706], [-8.3352394, 41.2060054], [-8.335222, 41.2060362], [-8.335213, 41.2060684], [-8.3352086, 41.2061023], [-8.3352156, 41.2061406]]}, "properties": {"highway": "primary", "junction": "roundabout", "lanes": "2", "name": "Rotunda 25 de Abril", "ref": "EN 15", "surface": "asphalt"}}, {"type": "Feature", "geometry": {"type": "LineString", "coordinates": [[-8.3244658, 41.2045174], [-8.3244528, 41.2045569], [-8.3244534, 41.2045975], [-8.3244675, 41.2046368], [-8.3244944, 41.2046721]]}, "properties": {"highway": "primary", "junction": "roundabout", "lanes": "2", "name": "Rotunda Francisco S\u00e1 Carneiro", "ref": "EN 15", "surface": "asphalt"}}, {"type": "Feature", "geometry": {"type": "LineString", "coordinates": [[-8.3244944, 41.2046721], [-8.3245428, 41.2047071], [-8.3246033, 41.2047291], [-8.3246699, 41.2047358]]}, "properties": {"highway": "primary", "junction": "roundabout", "lanes": "2", "name": "Rotunda Francisco S\u00e1 Carneiro", "ref": "EN 15", "surface": "asphalt"}}, {"type": "Feature", "geometry": {"type": "LineString", "coordinates": [[-8.324577, 41.2044292], [-8.3245301, 41.204451], [-8.3244922, 41.204481], [-8.3244658, 41.2045174]]}, "properties": {"highway": "primary", "junction": "roundabout", "lanes": "2", "name": "Rotunda Francisco S\u00e1 Carneiro", "ref": "EN 15", "surface": "asphalt"}}, {"type": "Feature", "geometry": {"type": "LineString", "coordinates": [[-8.3248115, 41.2044592], [-8.32476, 41.204432], [-8.3247003, 41.2044173], [-8.3246374, 41.2044163], [-8.324577, 41.2044292]]}, "properties": {"highway": "primary", "junction": "roundabout", "lanes": "2", "name": "Rotunda Francisco S\u00e1 Carneiro", "ref": "EN 15", "surface": "asphalt"}}, {"type": "Feature", "geometry": {"type": "LineString", "coordinates": [[-8.3059433, 41.1951645], [-8.3059303, 41.1952082], [-8.3059365, 41.1952618], [-8.3059656, 41.1953108], [-8.3060144, 41.19535], [-8.3060577, 41.1953693]]}, "properties": {"highway": "primary", "junction": "roundabout", "lanes": "2", "ref": "EN 15", "surface": "asphalt"}}, {"type": "Feature", "geometry": {"type": "LineString", "coordinates": [[-8.306227, 41.1950717], [-8.30619, 41.195063], [-8.3061514, 41.1950594]]}, "properties": {"highway": "primary", "junction": "roundabout", "lanes": "2", "ref": "EN 15", "surface": "asphalt"}}, {"type": "Feature", "geometry": {"type": "LineString", "coordinates": [[-8.3061514, 41.1950594], [-8.3060853, 41.1950657], [-8.3060249, 41.1950868], [-8.305976, 41.1951208], [-8.3059433, 41.1951645]]}, "properties": {"highway": "primary", "junction": "roundabout", "lanes": "2", "ref": "EN 15", "surface": "asphalt"}}, {"type": "Feature", "geometry": {"type": "LineString", "coordinates": [[-8.3032368, 41.1936379], [-8.3031906, 41.193603], [-8.3031367, 41.1935789], [-8.3030802, 41.1935679], [-8.3030219, 41.1935686], [-8.3029647, 41.1935763], [-8.3029006, 41.1935974], [-8.3028616, 41.1936292]]}, "properties": {"highway": "primary", "junction": "roundabout", "lanes": "2", "ref": "EN 15", "surface": "asphalt"}}, {"type": "Feature", "geometry": {"type": "LineString", "coordinates": [[-8.3028616, 41.1936292], [-8.3028425, 41.1936743], [-8.30284, 41.1937218], [-8.3028477, 41.1937719], [-8.3028594, 41.193811]]}, "properties": {"highway": "primary", "junction": "roundabout", "lanes": "2", "ref": "EN 15", "surface": "asphalt"}}, {"type": "Feature", "geometry": {"type": "LineString", "coordinates": [[-8.3032357, 41.1938204], [-8.3032544, 41.1937888], [-8.3032678, 41.1937507], [-8.3032687, 41.1937113], [-8.3032568, 41.1936729], [-8.3032368, 41.1936379]]}, "properties": {"highway": "primary", "junction": "roundabout", "lanes": "2", "ref": "EN 15", "surface": "asphalt"}}, {"type": "Feature", "geometry": {"type": "LineString", "coordinates": [[-8.2992268, 41.1926508], [-8.2992402, 41.1925862], [-8.2992241, 41.1925176], [-8.299102, 41.1924328], [-8.2989814, 41.1924245], [-8.2989479, 41.1924268], [-8.2988513, 41.1924793], [-8.2987735, 41.1925499], [-8.298717, 41.1926143], [-8.2986904, 41.1926448]]}, "properties": {"highway": "primary", "junction": "roundabout", "ref": "EN 15;EN 106", "surface": "asphalt"}}, {"type": "Feature", "geometry": {"type": "LineString", "coordinates": [[-8.2986904, 41.1926448], [-8.2986736, 41.1927065]]}, "properties": {"highway": "primary", "junction": "roundabout", "ref": "EN 15;EN 106", "surface": "asphalt"}}, {"type": "Feature", "geometry": {"type": "LineString", "coordinates": [[-8.2986736, 41.1927065], [-8.2986635, 41.1927437], [-8.2987199, 41.1928325], [-8.2988272, 41.1928789]]}, "properties": {"highway": "primary", "junction": "roundabout", "ref": "EN 15;EN 106", "surface": "asphalt"}}, {"type": "Feature", "geometry": {"type": "LineString", "coordinates": [[-8.2988272, 41.1928789], [-8.2989425, 41.1928789]]}, "properties": {"highway": "primary", "junction": "roundabout", "ref": "EN 15;EN 106", "surface": "asphalt"}}, {"type": "Feature", "geometry": {"type": "LineString", "coordinates": [[-8.2909877, 41.1991002], [-8.2909463, 41.1990978], [-8.2909056, 41.1991041], [-8.2908728, 41.199117], [-8.2908689, 41.1991186], [-8.2908389, 41.1991402], [-8.290818, 41.1991673], [-8.2908079, 41.1991976]]}, "properties": {"highway": "primary", "junction": "roundabout", "ref": "EN 15;EN 106", "surface": "paved"}}, {"type": "Feature", "geometry": {"type": "LineString", "coordinates": [[-8.291067, 41.1991354], [-8.2910311, 41.1991131], [-8.2909877, 41.1991002]]}, "properties": {"highway": "primary", "junction": "roundabout", "ref": "EN 15;EN 106", "surface": "paved"}}, {"type": "Feature", "geometry": {"type": "LineString", "coordinates": [[-8.2825466, 41.2073719], [-8.2825488, 41.2073464], [-8.2825438, 41.2073209], [-8.2825271, 41.2072946]]}, "properties": {"highway": "primary", "junction": "roundabout", "lanes": "1", "name": "Rua \"O Penafidelense\"", "ref": "EN 15;EM 320", "surface": "asphalt"}}, {"type": "Feature", "geometry": {"type": "LineString", "coordinates": [[-8.2796321, 41.207499], [-8.2797227, 41.2074401], [-8.2798215, 41.2073935], [-8.2798989, 41.2073628], [-8.2799889, 41.2073383], [-8.2800868, 41.2073181], [-8.280179, 41.2073083], [-8.2802726, 41.2073065], [-8.2803425, 41.207308], [-8.2811538, 41.2073342], [-8.2818304, 41.2073564], [-8.2820546, 41.2073513]]}, "properties": {"highway": "primary", "lanes": "2", "name": "Avenida Soares de Moura", "oneway": "no", "ref": "EN 15;EM 320", "surface": "asphalt"}}, {"type": "Feature", "geometry": {"type": "LineString", "coordinates": [[-8.2795782, 41.2075333], [-8.2796321, 41.207499]]}, "properties": {"highway": "primary", "lanes": "2", "name": "Avenida Soares de Moura", "oneway": "no", "ref": "EN 15;EM 320", "surface": "asphalt"}}, {"type": "Feature", "geometry": {"type": "LineString", "coordinates": [[-8.3063513, 41.1952665], [-8.3063599, 41.1952198], [-8.3063502, 41.1951732], [-8.3063231, 41.1951307], [-8.3062808, 41.1950958], [-8.306227, 41.1950717]]}, "properties": {"highway": "primary", "junction": "roundabout", "lanes": "2", "ref": "EN 15", "surface": "asphalt"}}, {"type": "Feature", "geometry": {"type": "LineString", "coordinates": [[-8.4547009, 41.1849343], [-8.4547418, 41.1849767]]}, "properties": {"highway": "primary", "junction": "roundabout", "lanes": "2", "lit": "yes", "ref": "EN 15", "source": "bing", "surface": "asphalt"}}, {"type": "Feature", "geometry": {"type": "LineString", "coordinates": [[-8.3352156, 41.2061406], [-8.3352391, 41.2061966], [-8.3352965, 41.2062624], [-8.3353474, 41.2062985], [-8.3354214, 41.2063304]]}, "properties": {"highway": "primary", "junction": "roundabout", "lanes": "2", "name": "Rotunda 25 de Abril", "ref": "EN 15", "surface": "asphalt"}}, {"type": "Feature", "geometry": {"type": "LineString", "coordinates": [[-8.49705, 41.189286], [-8.4971376, 41.1892971]]}, "properties": {"highway": "primary", "maxspeed": "50", "name": "Pra\u00e7a Machado dos Santos", "oneway": "no", "ref": "EN 15", "surface": "asphalt"}}, {"type": "Feature", "geometry": {"type": "LineString", "coordinates": [[-8.4752652, 41.1823588], [-8.4753186, 41.1823359], [-8.4754655, 41.1822693]]}, "properties": {"highway": "primary", "lanes": "2", "lit": "yes", "name": "Rua Central de Campo", "ref": "EN 15", "source": "Bing", "surface": "asphalt"}}, {"type": "Feature", "geometry": {"type": "LineString", "coordinates": [[-8.5269163, 41.1838208], [-8.526735, 41.1841728], [-8.5266733, 41.1842864], [-8.5265893, 41.1844007], [-8.5263953, 41.1846155], [-8.5263526, 41.1846557], [-8.5262876, 41.1847219], [-8.5261814, 41.1848222], [-8.5261016, 41.1849005]]}, "properties": {"highway": "primary", "name": "Rua Vasco da Gama", "oneway": "no", "ref": "EN 15", "source": "Bing", "surface": "asphalt"}}, {"type": "Feature", "geometry": {"type": "LineString", "coordinates": [[-8.5274846, 41.1830615], [-8.5273662, 41.1831514], [-8.5272511, 41.1832497]]}, "properties": {"highway": "primary", "name": "Rua Vasco da Gama", "oneway": "no", "ref": "EN 15", "source": "Bing", "surface": "asphalt"}}, {"type": "Feature", "geometry": {"type": "LineString", "coordinates": [[-8.517862, 41.1939494], [-8.5179825, 41.1938688]]}, "properties": {"highway": "primary", "name": "Rua Vasco da Gama", "oneway": "yes", "ref": "EN 15", "surface": "asphalt"}}, {"type": "Feature", "geometry": {"type": "LineString", "coordinates": [[-8.5178516, 41.1938653], [-8.5177305, 41.1939485], [-8.5176544, 41.1939828], [-8.5175072, 41.1940286]]}, "properties": {"highway": "primary", "name": "Rua Vasco da Gama", "oneway": "yes", "ref": "EN 15", "source": "bing"}}, {"type": "Feature", "geometry": {"type": "LineString", "coordinates": [[-8.5554351, 41.1733819], [-8.5553804, 41.1733668], [-8.5553222, 41.1733652], [-8.5552662, 41.1733773]]}, "properties": {"highway": "primary", "junction": "roundabout", "lanes": "2", "maxspeed": "50", "ref": "EN 15", "surface": "asphalt"}}, {"type": "Feature", "geometry": {"type": "LineString", "coordinates": [[-8.5556645, 41.1733002], [-8.5556003, 41.173336], [-8.5555238, 41.1733669], [-8.5554351, 41.1733819]]}, "properties": {"highway": "primary", "lanes": "1", "maxspeed": "50", "name": "Rua Pedro \u00c1lvares Cabral", "oneway": "yes", "ref": "EN 15", "surface": "asphalt"}}, {"type": "Feature", "geometry": {"type": "LineString", "coordinates": [[-8.5555297, 41.1734968], [-8.5555453, 41.1734581], [-8.5555686, 41.1734111], [-8.5556059, 41.1733563], [-8.5556645, 41.1733002]]}, "properties": {"highway": "primary", "lanes": "1", "maxspeed": "50", "name": "Rua Pedro \u00c1lvares Cabral", "oneway": "yes", "ref": "EN 15", "surface": "asphalt"}}, {"type": "Feature", "geometry": {"type": "LineString", "coordinates": [[-8.5546462, 41.173568], [-8.5547636, 41.173555], [-8.5548531, 41.173556], [-8.5548988, 41.1735564], [-8.5550229, 41.1735705], [-8.5551339, 41.1735852], [-8.5552098, 41.1735997]]}, "properties": {"highway": "primary", "lanes": "1", "maxspeed": "50", "name": "Rua Pedro \u00c1lvares Cabral", "oneway": "yes", "ref": "EN 15", "surface": "asphalt"}}, {"type": "Feature", "geometry": {"type": "LineString", "coordinates": [[-8.5551822, 41.1734364], [-8.5551391, 41.1734637], [-8.5551236, 41.1734736], [-8.5550583, 41.1734933], [-8.5548474, 41.1735262], [-8.5548018, 41.1735333], [-8.5546462, 41.173568]]}, "properties": {"highway": "primary", "lanes": "1", "maxspeed": "50", "name": "Rua Pedro \u00c1lvares Cabral", "oneway": "yes", "ref": "EN 15", "surface": "asphalt"}}, {"type": "Feature", "geometry": {"type": "LineString", "coordinates": [[-8.5553228, 41.1736424], [-8.5553868, 41.1736397], [-8.5554458, 41.1736207], [-8.5554927, 41.1735877], [-8.5555218, 41.1735447]]}, "properties": {"highway": "primary", "junction": "roundabout", "lanes": "2", "maxspeed": "50", "ref": "EN 15", "surface": "asphalt"}}, {"type": "Feature", "geometry": {"type": "LineString", "coordinates": [[-8.5555297, 41.1734968], [-8.5555155, 41.1734497], [-8.5554824, 41.1734099], [-8.5554351, 41.1733819]]}, "properties": {"highway": "primary", "junction": "roundabout", "lanes": "2", "maxspeed": "50", "ref": "EN 15", "surface": "asphalt"}}, {"type": "Feature", "geometry": {"type": "LineString", "coordinates": [[-8.5551606, 41.1735214], [-8.5551639, 41.1735297], [-8.555177, 41.1735635], [-8.5552098, 41.1735997]]}, "properties": {"highway": "primary", "junction": "roundabout", "lanes": "2", "maxspeed": "50", "ref": "EN 15", "surface": "asphalt"}}, {"type": "Feature", "geometry": {"type": "LineString", "coordinates": [[-8.5551822, 41.1734364], [-8.5551624, 41.1734776], [-8.5551606, 41.1735214]]}, "properties": {"highway": "primary", "junction": "roundabout", "lanes": "2", "maxspeed": "50", "ref": "EN 15", "surface": "asphalt"}}, {"type": "Feature", "geometry": {"type": "LineString", "coordinates": [[-8.5552098, 41.1735997], [-8.5552613, 41.1736285], [-8.5553228, 41.1736424]]}, "properties": {"highway": "primary", "junction": "roundabout", "lanes": "2", "maxspeed": "50", "ref": "EN 15", "surface": "asphalt"}}, {"type": "Feature", "geometry": {"type": "LineString", "coordinates": [[-8.5555218, 41.1735447], [-8.5555297, 41.1734968]]}, "properties": {"highway": "primary", "junction": "roundabout", "lanes": "2", "maxspeed": "50", "ref": "EN 15", "surface": "asphalt"}}, {"type": "Feature", "geometry": {"type": "LineString", "coordinates": [[-8.5552662, 41.1733773], [-8.555218, 41.1734018], [-8.5551822, 41.1734364]]}, "properties": {"highway": "primary", "junction": "roundabout", "lanes": "2", "maxspeed": "50", "ref": "EN 15", "surface": "asphalt"}}, {"type": "Feature", "geometry": {"type": "LineString", "coordinates": [[-8.403071, 41.191105], [-8.4028448, 41.1911041], [-8.4027745, 41.1911038]]}, "properties": {"highway": "primary", "name": "Rua Central de Vandoma", "ref": "EN 15", "source": "bing", "surface": "asphalt"}}, {"type": "Feature", "geometry": {"type": "LineString", "coordinates": [[-8.3886565, 41.1924823], [-8.388584, 41.1924636], [-8.3885073, 41.1924618], [-8.3884334, 41.1924769], [-8.3883685, 41.1925078], [-8.3883186, 41.1925516]]}, "properties": {"highway": "primary", "junction": "roundabout", "lanes": "2", "maxspeed": "50", "name": "Rotunda da Fam\u00edlia", "ref": "EN 15", "surface": "asphalt"}}, {"type": "Feature", "geometry": {"type": "LineString", "coordinates": [[-8.3892458, 41.1925269], [-8.3891585, 41.192561], [-8.3890708, 41.1925744], [-8.3889716, 41.1925753], [-8.3888889, 41.1925658], [-8.3888275, 41.1925518], [-8.3887923, 41.1925438], [-8.3887262, 41.1925221]]}, "properties": {"highway": "primary", "lanes": "1", "maxspeed": "50", "name": "Avenida da Rep\u00fablica", "oneway": "yes", "ref": "EN 15", "surface": "asphalt"}}, {"type": "Feature", "geometry": {"type": "LineString", "coordinates": [[-8.3886874, 41.1928131], [-8.388805, 41.1927725], [-8.3889423, 41.192717], [-8.3890441, 41.1926653], [-8.3892458, 41.1925269]]}, "properties": {"highway": "primary", "lanes": "1", "maxspeed": "50", "name": "Avenida da Rep\u00fablica", "oneway": "yes", "ref": "EN 15", "surface": "asphalt"}}, {"type": "Feature", "geometry": {"type": "LineString", "coordinates": [[-8.3879493, 41.1926188], [-8.3881591, 41.1926816], [-8.3882235, 41.192709], [-8.3882468, 41.1927189], [-8.388312, 41.1927459]]}, "properties": {"highway": "primary", "lanes": "1", "maxspeed": "50", "name": "Avenida dos Bombeiros Volunt\u00e1rios", "oneway": "yes", "ref": "EN 15", "surface": "asphalt"}}, {"type": "Feature", "geometry": {"type": "LineString", "coordinates": [[-8.3886874, 41.1928131], [-8.3887491, 41.1927663], [-8.3887864, 41.1927067], [-8.3887952, 41.1926412], [-8.3887743, 41.1925772], [-8.3887262, 41.1925221]]}, "properties": {"highway": "primary", "junction": "roundabout", "lanes": "2", "maxspeed": "50", "name": "Rotunda da Fam\u00edlia", "ref": "EN 15", "surface": "asphalt"}}, {"type": "Feature", "geometry": {"type": "LineString", "coordinates": [[-8.3883186, 41.1925516], [-8.3882887, 41.1926026], [-8.3882792, 41.1926578], [-8.3882909, 41.1927129], [-8.388312, 41.1927459]]}, "properties": {"highway": "primary", "junction": "roundabout", "lanes": "2", "maxspeed": "50", "name": "Rotunda da Fam\u00edlia", "ref": "EN 15", "surface": "asphalt"}}, {"type": "Feature", "geometry": {"type": "LineString", "coordinates": [[-8.388323, 41.1927632], [-8.3883791, 41.1928084], [-8.3884513, 41.1928381], [-8.3885322, 41.1928492], [-8.3886137, 41.1928406], [-8.3886874, 41.1928131]]}, "properties": {"highway": "primary", "junction": "roundabout", "lanes": "2", "maxspeed": "50", "name": "Rotunda da Fam\u00edlia", "ref": "EN 15", "surface": "asphalt"}}, {"type": "Feature", "geometry": {"type": "LineString", "coordinates": [[-8.4397047, 41.1841227], [-8.4397077, 41.1840856], [-8.4396951, 41.1840496], [-8.4396659, 41.1840168], [-8.4396239, 41.1839932], [-8.4395738, 41.1839814]]}, "properties": {"highway": "primary", "name": "Avenida Central de Gandra", "oneway": "yes", "ref": "EN 15"}}, {"type": "Feature", "geometry": {"type": "LineString", "coordinates": [[-8.4395738, 41.1839814], [-8.4395213, 41.183983], [-8.4394726, 41.1839975], [-8.4394331, 41.1840235], [-8.4394074, 41.184058], [-8.4393984, 41.1840969]]}, "properties": {"highway": "primary", "name": "Avenida Central de Gandra", "oneway": "yes", "ref": "EN 15"}}, {"type": "Feature", "geometry": {"type": "LineString", "coordinates": [[-8.4393984, 41.1840969], [-8.4394072, 41.1841358], [-8.4394327, 41.1841703], [-8.4394694, 41.1841952], [-8.4395147, 41.1842101]]}, "properties": {"highway": "primary", "name": "Avenida Central de Gandra", "oneway": "yes", "ref": "EN 15"}}, {"type": "Feature", "geometry": {"type": "LineString", "coordinates": [[-8.4395147, 41.1842101], [-8.439564, 41.1842135], [-8.4396121, 41.1842051], [-8.4396543, 41.1841857], [-8.4396863, 41.1841573], [-8.4396892, 41.1841517], [-8.4397047, 41.1841227]]}, "properties": {"highway": "primary", "name": "Avenida Central de Gandra", "oneway": "yes", "ref": "EN 15"}}, {"type": "Feature", "geometry": {"type": "LineString", "coordinates": [[-8.4373039, 41.1859148], [-8.4372608, 41.1859479], [-8.4372323, 41.1859932], [-8.4372257, 41.186043], [-8.4372419, 41.1860916], [-8.4372789, 41.1861332], [-8.4373324, 41.186163]]}, "properties": {"highway": "primary", "name": "Avenida Central de Gandra", "oneway": "yes", "ref": "EN 15"}}, {"type": "Feature", "geometry": {"type": "LineString", "coordinates": [[-8.4374256, 41.1857248], [-8.4374143, 41.1857783], [-8.4373854, 41.1858396], [-8.4373535, 41.1858746], [-8.4373039, 41.1859148]]}, "properties": {"highway": "primary", "name": "Avenida Central de Gandra", "oneway": "yes", "ref": "EN 15"}}, {"type": "Feature", "geometry": {"type": "LineString", "coordinates": [[-8.4375349, 41.1859148], [-8.4374876, 41.1858792], [-8.4374587, 41.1858443], [-8.4374381, 41.1858008], [-8.4374256, 41.1857248]]}, "properties": {"highway": "primary", "name": "Avenida Central de Gandra", "oneway": "yes", "ref": "EN 15"}}, {"type": "Feature", "geometry": {"type": "LineString", "coordinates": [[-8.4374041, 41.1863826], [-8.4374215, 41.1863202], [-8.4374401, 41.1862736], [-8.4374628, 41.1862247], [-8.4374824, 41.1861968], [-8.4375239, 41.1861555]]}, "properties": {"highway": "primary", "name": "Avenida Central de Gandra", "oneway": "yes", "ref": "EN 15"}}, {"type": "Feature", "geometry": {"type": "LineString", "coordinates": [[-8.4373324, 41.186163], [-8.437372, 41.1862084], [-8.4373958, 41.1862589], [-8.437403, 41.1863047], [-8.4374041, 41.1863826]]}, "properties": {"highway": "primary", "name": "Avenida Central de Gandra", "oneway": "yes", "ref": "EN 15"}}, {"type": "Feature", "geometry": {"type": "LineString", "coordinates": [[-8.4375349, 41.1859148], [-8.4374802, 41.1858935], [-8.4374194, 41.1858861], [-8.4373586, 41.1858935], [-8.4373039, 41.1859148]]}, "properties": {"highway": "primary", "name": "Avenida Central de Gandra", "oneway": "yes", "ref": "EN 15"}}, {"type": "Feature", "geometry": {"type": "LineString", "coordinates": [[-8.4373324, 41.186163], [-8.4373961, 41.1861774], [-8.4374625, 41.1861748], [-8.4375239, 41.1861555]]}, "properties": {"highway": "primary", "name": "Avenida Central de Gandra", "oneway": "yes", "ref": "EN 15"}}, {"type": "Feature", "geometry": {"type": "LineString", "coordinates": [[-8.4375239, 41.1861555], [-8.437573, 41.1861217], [-8.4376025, 41.186081], [-8.4376136, 41.1860354]]}, "properties": {"highway": "primary", "name": "Avenida Central de Gandra", "oneway": "yes", "ref": "EN 15"}}, {"type": "Feature", "geometry": {"type": "LineString", "coordinates": [[-8.4376136, 41.1860354], [-8.4376051, 41.1859895], [-8.437578, 41.1859479], [-8.4375349, 41.1859148]]}, "properties": {"highway": "primary", "name": "Avenida Central de Gandra", "oneway": "yes", "ref": "EN 15"}}, {"type": "Feature", "geometry": {"type": "LineString", "coordinates": [[-8.4374041, 41.1863826], [-8.4373893, 41.1865007], [-8.4372753, 41.1869778], [-8.4372362, 41.1871309], [-8.4371879, 41.1872756], [-8.4370697, 41.1874984], [-8.4368708, 41.1877294], [-8.4365809, 41.1880314], [-8.4361562, 41.1884465], [-8.4355907, 41.189006], [-8.435463, 41.1891794], [-8.4354114, 41.1893288], [-8.4353964, 41.1895159], [-8.4354227, 41.1896303], [-8.4354698, 41.1897642], [-8.4355078, 41.1898325]]}, "properties": {"highway": "primary", "lit": "yes", "maxspeed": "50", "name": "Avenida Central de Gandra", "ref": "EN 15", "source": "Bing", "surface": "asphalt"}}, {"type": "Feature", "geometry": {"type": "LineString", "coordinates": [[-8.4355078, 41.1898325], [-8.4355825, 41.1899667], [-8.4357558, 41.1902672]]}, "properties": {"highway": "primary", "lit": "yes", "maxspeed": "50", "name": "Avenida Central de Gandra", "ref": "EN 15", "source": "Bing", "surface": "asphalt"}}, {"type": "Feature", "geometry": {"type": "LineString", "coordinates": [[-8.4357558, 41.1902672], [-8.4357994, 41.1903694], [-8.4358241, 41.1905207], [-8.4358253, 41.1906927], [-8.435787, 41.1908535]]}, "properties": {"highway": "primary", "lit": "yes", "maxspeed": "50", "name": "Avenida Central de Gandra", "ref": "EN 15", "source": "Bing", "surface": "asphalt"}}, {"type": "Feature", "geometry": {"type": "LineString", "coordinates": [[-8.4336676, 41.1961777], [-8.4336226, 41.1962246], [-8.4335558, 41.1962771], [-8.4334812, 41.1963321], [-8.4334032, 41.1963834], [-8.4332406, 41.1964904], [-8.4331673, 41.1965289], [-8.433095, 41.1965663], [-8.4330261, 41.1965961], [-8.432869, 41.1966656]]}, "properties": {"highway": "primary", "name": "Avenida Central de Gandra", "oneway": "yes", "ref": "EN 15", "source": "bing"}}, {"type": "Feature", "geometry": {"type": "LineString", "coordinates": [[-8.4334609, 41.1964036], [-8.4335231, 41.1963653], [-8.4335825, 41.1963352], [-8.4336538, 41.1963106], [-8.4337043, 41.1963039], [-8.4337836, 41.1962992]]}, "properties": {"highway": "primary", "name": "Avenida Central de Gandra", "oneway": "yes", "ref": "EN 15", "source": "bing", "surface": "asphalt"}}, {"type": "Feature", "geometry": {"type": "LineString", "coordinates": [[-8.4337986, 41.1960591], [-8.4337468, 41.1960745], [-8.4337048, 41.196102], [-8.4336774, 41.1961384]]}, "properties": {"highway": "primary", "name": "Avenida Central de Gandra", "oneway": "yes", "ref": "EN 15"}}, {"type": "Feature", "geometry": {"type": "LineString", "coordinates": [[-8.4340539, 41.1959633], [-8.43397, 41.1960134], [-8.4339166, 41.196038], [-8.4338542, 41.1960576]]}, "properties": {"highway": "primary", "name": "Avenida Central de Gandra", "oneway": "yes", "ref": "EN 15"}}, {"type": "Feature", "geometry": {"type": "LineString", "coordinates": [[-8.433983, 41.1961297], [-8.4339923, 41.1960827], [-8.4340101, 41.1960291], [-8.4340539, 41.1959633]]}, "properties": {"highway": "primary", "name": "Avenida Central de Gandra", "oneway": "yes", "ref": "EN 15"}}, {"type": "Feature", "geometry": {"type": "LineString", "coordinates": [[-8.4339707, 41.1962485], [-8.4339922, 41.1962119], [-8.433997, 41.1961702], [-8.433983, 41.1961297]]}, "properties": {"highway": "primary", "name": "Avenida Central de Gandra", "oneway": "yes", "ref": "EN 15"}}, {"type": "Feature", "geometry": {"type": "LineString", "coordinates": [[-8.4337836, 41.1962992], [-8.4338362, 41.1963048]]}, "properties": {"highway": "primary", "name": "Avenida Central de Gandra", "oneway": "yes", "ref": "EN 15"}}, {"type": "Feature", "geometry": {"type": "LineString", "coordinates": [[-8.433983, 41.1961297], [-8.4339519, 41.196095], [-8.4339073, 41.19607], [-8.4338542, 41.1960576]]}, "properties": {"highway": "primary", "name": "Avenida Central de Gandra", "oneway": "yes", "ref": "EN 15"}}, {"type": "Feature", "geometry": {"type": "LineString", "coordinates": [[-8.4336676, 41.1961777], [-8.4336749, 41.1962173], [-8.4336985, 41.1962531], [-8.4337361, 41.1962814], [-8.4337836, 41.1962992]]}, "properties": {"highway": "primary", "name": "Avenida Central de Gandra", "oneway": "yes", "ref": "EN 15"}}, {"type": "Feature", "geometry": {"type": "LineString", "coordinates": [[-8.4338362, 41.1963048], [-8.4338885, 41.1962975], [-8.4339349, 41.196278], [-8.4339707, 41.1962485]]}, "properties": {"highway": "primary", "name": "Avenida Central de Gandra", "oneway": "yes", "ref": "EN 15"}}, {"type": "Feature", "geometry": {"type": "LineString", "coordinates": [[-8.4298961, 41.196362], [-8.4298352, 41.1963786], [-8.4296866, 41.1964191]]}, "properties": {"highway": "primary", "name": "Avenida Central de Gandra", "ref": "EN 15", "source": "bing", "surface": "asphalt"}}, {"type": "Feature", "geometry": {"type": "LineString", "coordinates": [[-8.429279, 41.196438], [-8.4291334, 41.1964156], [-8.4290189, 41.1963772], [-8.4289406, 41.1963375], [-8.4288821, 41.1963079], [-8.428744, 41.1962133], [-8.4286618, 41.1961553]]}, "properties": {"highway": "primary", "name": "Avenida Central de Astromil", "oneway": "yes", "ref": "EN 15"}}, {"type": "Feature", "geometry": {"type": "LineString", "coordinates": [[-8.4286618, 41.1961553], [-8.4286992, 41.1962227], [-8.4287306, 41.1962547], [-8.4288024, 41.1963276], [-8.4288444, 41.1963569], [-8.4288895, 41.1963884], [-8.428967, 41.1964245], [-8.429004, 41.1964418], [-8.4291185, 41.1964764], [-8.4291713, 41.1964864]]}, "properties": {"highway": "primary", "name": "Avenida Central de Astromil", "oneway": "yes", "ref": "EN 15"}}, {"type": "Feature", "geometry": {"type": "LineString", "coordinates": [[-8.4286618, 41.1961553], [-8.4284893, 41.195974]]}, "properties": {"bridge": "yes", "highway": "primary", "layer": "1", "name": "Avenida Central de Astromil", "ref": "EN 15", "source": "bing", "surface": "asphalt"}}, {"type": "Feature", "geometry": {"type": "LineString", "coordinates": [[-8.4293586, 41.1965017], [-8.4294781, 41.1964905], [-8.4296, 41.1964671]]}, "properties": {"highway": "primary", "name": "Avenida Central de Gandra", "oneway": "yes", "ref": "EN 15"}}, {"type": "Feature", "geometry": {"type": "LineString", "coordinates": [[-8.4296, 41.1964671], [-8.4296866, 41.1964191]]}, "properties": {"highway": "primary", "name": "Avenida Central de Gandra", "oneway": "yes", "ref": "EN 15"}}, {"type": "Feature", "geometry": {"type": "LineString", "coordinates": [[-8.4296866, 41.1964191], [-8.4295739, 41.1964268], [-8.4294295, 41.1964399], [-8.429279, 41.196438]]}, "properties": {"highway": "primary", "name": "Avenida Central de Gandra", "oneway": "yes", "ref": "EN 15"}}, {"type": "Feature", "geometry": {"type": "LineString", "coordinates": [[-8.4291713, 41.1964864], [-8.429213, 41.1964942], [-8.4293586, 41.1965017]]}, "properties": {"highway": "primary", "name": "Avenida Central de Astromil", "oneway": "yes", "ref": "EN 15"}}, {"type": "Feature", "geometry": {"type": "LineString", "coordinates": [[-8.4284893, 41.195974], [-8.4284253, 41.1959088], [-8.4282533, 41.1957378], [-8.4280026, 41.1955498]]}, "properties": {"highway": "primary", "name": "Avenida Central de Astromil", "ref": "EN 15", "source": "bing", "surface": "asphalt"}}, {"type": "Feature", "geometry": {"type": "LineString", "coordinates": [[-8.4280026, 41.1955498], [-8.4278238, 41.1954486], [-8.4274574, 41.1953475], [-8.4271073, 41.1952724], [-8.4267917, 41.195228], [-8.4266615, 41.1952311], [-8.4265312, 41.1952341], [-8.4264248, 41.1952497], [-8.4263011, 41.1952678], [-8.4260813, 41.1953352], [-8.4258411, 41.1954532], [-8.425664, 41.195588], [-8.4255827, 41.1956718], [-8.4255541, 41.1957013], [-8.4255065, 41.1957798], [-8.4254258, 41.1959127], [-8.4253688, 41.1960751], [-8.425359, 41.1961289], [-8.4253404, 41.1962308], [-8.4253383, 41.196242], [-8.4252772, 41.1966801], [-8.4252039, 41.196867], [-8.4251001, 41.1970155], [-8.4249698, 41.1971304], [-8.4247887, 41.1972438], [-8.4245586, 41.1973249], [-8.424292, 41.1973648], [-8.4240355, 41.1973663], [-8.4238116, 41.1973249], [-8.4235327, 41.1972484], [-8.422411, 41.1969144], [-8.422088, 41.1968092], [-8.4220304, 41.1967904], [-8.421837, 41.1967061], [-8.4216497, 41.196605], [-8.4213708, 41.1963983], [-8.4212189, 41.1962689], [-8.4205199, 41.1956737], [-8.4198706, 41.1951453], [-8.4197118, 41.1950427], [-8.4194655, 41.1949033], [-8.419231, 41.1947762], [-8.4186573, 41.1944652], [-8.4186158, 41.1944425], [-8.4185663, 41.1944156], [-8.4183016, 41.1942712], [-8.4178736, 41.1940378], [-8.4175384, 41.1938581], [-8.4170977, 41.1936218], [-8.4164072, 41.1932492], [-8.4161783, 41.1931497], [-8.415983, 41.1930799], [-8.4157442, 41.193022], [-8.4143514, 41.1927325], [-8.4141907, 41.1926986], [-8.4140079, 41.1926599], [-8.4138524, 41.1926271], [-8.412783, 41.192401]]}, "properties": {"highway": "primary", "lanes": "1", "maxspeed": "50", "name": "Avenida Central de Astromil", "oneway": "yes", "ref": "EN 15", "surface": "asphalt"}}, {"type": "Feature", "geometry": {"type": "LineString", "coordinates": [[-8.4209968, 41.1961763], [-8.4211689, 41.1963209], [-8.4212792, 41.1964136], [-8.4215011, 41.1965928], [-8.4216884, 41.1967031], [-8.4219062, 41.1968088], [-8.4221891, 41.1969098], [-8.4229482, 41.1971387], [-8.4235612, 41.1973234], [-8.4238747, 41.1974077], [-8.4240904, 41.1974322], [-8.424166, 41.1974322], [-8.4242451, 41.1974322], [-8.4243836, 41.1974214], [-8.4245627, 41.1973862], [-8.424752, 41.1973249], [-8.4249169, 41.1972514], [-8.4249649, 41.1972188], [-8.4250451, 41.1971641], [-8.4251359, 41.1970776], [-8.4251673, 41.1970477], [-8.4252426, 41.1969543], [-8.4252965, 41.1968673], [-8.4253118, 41.1968425], [-8.4253668, 41.1966801], [-8.4254205, 41.1962385], [-8.4254238, 41.1962114], [-8.425437, 41.1961417], [-8.4254543, 41.1960505], [-8.4255113, 41.1959142], [-8.4255948, 41.1957779], [-8.4256207, 41.1957481], [-8.4257027, 41.1956538], [-8.4258472, 41.1955282], [-8.426006, 41.195444], [-8.4261648, 41.195375], [-8.4263276, 41.1953291], [-8.4264986, 41.1952985], [-8.4265633, 41.1952952], [-8.4266818, 41.1952893], [-8.426922, 41.1953107], [-8.4271011, 41.1953383], [-8.427494, 41.1954087], [-8.427777, 41.1954807], [-8.4280026, 41.1955498]]}, "properties": {"highway": "primary", "lanes": "1", "maxspeed": "50", "name": "Avenida Central de Atromil", "oneway": "yes", "ref": "EN 15", "surface": "asphalt"}}, {"type": "Feature", "geometry": {"type": "LineString", "coordinates": [[-8.4127899, 41.1924696], [-8.4137516, 41.1926676], [-8.4148026, 41.1928862], [-8.4156002, 41.1930521], [-8.4158902, 41.1931248], [-8.4160362, 41.1931724], [-8.4162848, 41.1932703], [-8.4168096, 41.1935435], [-8.4168667, 41.1935742], [-8.4177478, 41.1940488], [-8.417841, 41.1940991], [-8.4190171, 41.1947294], [-8.4190384, 41.1947409], [-8.4190621, 41.1947535], [-8.4191481, 41.1947997], [-8.4194471, 41.1949599], [-8.4196405, 41.1950687], [-8.4197505, 41.1951422], [-8.419881, 41.1952424], [-8.4199581, 41.1953015], [-8.4204996, 41.1957442], [-8.420658, 41.195883], [-8.420692, 41.1959129]]}, "properties": {"highway": "primary", "lanes": "1", "maxspeed": "50", "name": "Avenida Central de Astromil", "oneway": "yes", "ref": "EN 15", "surface": "asphalt"}}, {"type": "Feature", "geometry": {"type": "LineString", "coordinates": [[-8.420692, 41.1959129], [-8.4208945, 41.1960904], [-8.4209968, 41.1961763]]}, "properties": {"highway": "primary", "lanes": "1", "maxspeed": "50", "name": "Avenida Central de Atromil", "oneway": "yes", "ref": "EN 15", "surface": "asphalt"}}, {"type": "Feature", "geometry": {"type": "LineString", "coordinates": [[-8.4063857, 41.1917511], [-8.4067389, 41.1920034], [-8.4067738, 41.1920283], [-8.4068605, 41.1920985], [-8.4069603, 41.1921983], [-8.4070323, 41.1922869], [-8.4071027, 41.1923977], [-8.4071469, 41.1924938], [-8.4071698, 41.1925689], [-8.4071813, 41.1926846], [-8.4071813, 41.1928004], [-8.4071191, 41.1932867], [-8.407106, 41.1934025], [-8.407106, 41.1935182], [-8.4071289, 41.1936278], [-8.4071747, 41.193746], [-8.4072549, 41.1938852], [-8.4073318, 41.1939849], [-8.4074071, 41.1940625], [-8.4075134, 41.1941487], [-8.4076509, 41.194241], [-8.4076847, 41.1942593], [-8.407808, 41.194326], [-8.4080632, 41.1944072], [-8.4082187, 41.1944405], [-8.4084968, 41.1944639], [-8.408631, 41.1944614], [-8.4087848, 41.1944454], [-8.4089976, 41.194406], [-8.4091628, 41.1943494], [-8.4092227, 41.1943237], [-8.4092678, 41.1943044]]}, "properties": {"highway": "primary", "lanes": "1", "maxspeed": "50", "name": "Rua Central de Vandoma", "oneway": "yes", "ref": "EN 15", "surface": "asphalt"}}, {"type": "Feature", "geometry": {"type": "LineString", "coordinates": [[-8.412783, 41.192401], [-8.4127079, 41.1923851], [-8.412554, 41.1923614], [-8.4122995, 41.192345], [-8.4120766, 41.1923554], [-8.4118241, 41.1923851], [-8.4115597, 41.1924534], [-8.4112776, 41.1925484], [-8.4110763, 41.1926509], [-8.4108928, 41.1927682], [-8.4107646, 41.1928814], [-8.409988, 41.193628], [-8.4097979, 41.1938107], [-8.4095217, 41.194072], [-8.4094053, 41.1941581], [-8.4092659, 41.1942399], [-8.4090344, 41.1943321], [-8.408836, 41.1943834], [-8.4087685, 41.1943923]]}, "properties": {"highway": "primary", "lanes": "1", "maxspeed": "50", "name": "Rua Central de Vandoma", "oneway": "yes", "ref": "EN 15", "surface": "asphalt"}}, {"type": "Feature", "geometry": {"type": "LineString", "coordinates": [[-8.4063857, 41.1917511], [-8.4058958, 41.1914733], [-8.4057967, 41.1914196], [-8.4055917, 41.1913131], [-8.4054306, 41.191252], [-8.4052658, 41.1911992], [-8.4050584, 41.1911555], [-8.4048659, 41.1911332], [-8.4045832, 41.1911196], [-8.4033276, 41.1911067]]}, "properties": {"highway": "primary", "name": "Rua Central de Vandoma", "ref": "EN 15", "source": "bing", "surface": "asphalt"}}, {"type": "Feature", "geometry": {"type": "LineString", "coordinates": [[-8.4092678, 41.1943044], [-8.4093183, 41.1942829], [-8.4094557, 41.1942078], [-8.4094688, 41.1941979], [-8.4095804, 41.1941139], [-8.4096223, 41.1940824], [-8.4102516, 41.1934782], [-8.4108001, 41.1929452], [-8.4109619, 41.1928101], [-8.4110566, 41.1927463], [-8.4112085, 41.1926557], [-8.4114255, 41.1925607], [-8.4116662, 41.1924894], [-8.411903, 41.192439], [-8.4120805, 41.1924197], [-8.4123291, 41.1924107], [-8.4125146, 41.1924211], [-8.412706, 41.1924523], [-8.4127899, 41.1924696]]}, "properties": {"highway": "primary", "lanes": "1", "maxspeed": "50", "name": "Rua Central de Vandoma", "oneway": "yes", "ref": "EN 15", "surface": "asphalt"}}, {"type": "Feature", "geometry": {"type": "LineString", "coordinates": [[-8.4087685, 41.1943923], [-8.4086259, 41.1944112], [-8.4083672, 41.1944053], [-8.4081882, 41.1943804], [-8.4080229, 41.1943321], [-8.4078323, 41.1942604], [-8.4077039, 41.1941945], [-8.4075288, 41.1940804], [-8.4074179, 41.1939794], [-8.4073032, 41.1938447], [-8.407237, 41.1937086], [-8.4071864, 41.1935461], [-8.4071787, 41.1934436], [-8.4071903, 41.1933456], [-8.4072623, 41.1927952], [-8.4072643, 41.1926503], [-8.4072292, 41.1924936], [-8.4071728, 41.1923531], [-8.4071534, 41.1923216], [-8.4071125, 41.192255], [-8.4070308, 41.1921511], [-8.4069063, 41.192053], [-8.4067079, 41.1919301], [-8.4063857, 41.1917511]]}, "properties": {"highway": "primary", "lanes": "1", "maxspeed": "50", "name": "Rua Central de Vandoma", "oneway": "yes", "ref": "EN 15", "surface": "asphalt"}}, {"type": "Feature", "geometry": {"type": "LineString", "coordinates": [[-8.3763438, 41.1868836], [-8.3762317, 41.1868404], [-8.3761072, 41.1868136], [-8.3759974, 41.1867959], [-8.3758366, 41.1867921], [-8.3756044, 41.1868185], [-8.3752277, 41.186868]]}, "properties": {"highway": "primary", "maxspeed": "50", "name": "Avenida dos Bombeiros Volunt\u00e1rios", "ref": "EN 15", "source": "bing", "surface": "asphalt"}}, {"type": "Feature", "geometry": {"type": "LineString", "coordinates": [[-8.3702851, 41.1875107], [-8.3696686, 41.1876132], [-8.3691783, 41.1876981], [-8.3689561, 41.1877459], [-8.3687815, 41.1878149], [-8.3685981, 41.1879052], [-8.3683917, 41.1880366], [-8.3682559, 41.1881547], [-8.3681466, 41.1882927], [-8.3680655, 41.1884493], [-8.3680037, 41.1886126], [-8.3679445, 41.1888085], [-8.3678463, 41.1891333], [-8.3678115, 41.1892483], [-8.367711, 41.1895496], [-8.367621, 41.1897407], [-8.3675064, 41.1899146], [-8.367052, 41.1905763], [-8.366935, 41.1907467], [-8.36672, 41.191068], [-8.3664994, 41.1913977], [-8.3664323, 41.1914979], [-8.3657957, 41.1924189], [-8.3654729, 41.19291], [-8.36539, 41.1930666]]}, "properties": {"highway": "primary", "maxspeed": "50", "name": "Rua Central de Mouriz", "oneway": "yes", "ref": "EN 15", "surface": "asphalt"}}, {"type": "Feature", "geometry": {"type": "LineString", "coordinates": [[-8.3752277, 41.186868], [-8.3748202, 41.1868898], [-8.3744921, 41.186927], [-8.3729016, 41.1871408], [-8.3725768, 41.1871845], [-8.3721222, 41.1872478], [-8.3714278, 41.1873445], [-8.3711095, 41.1873889], [-8.3705154, 41.1874744], [-8.370427, 41.1874871], [-8.3702851, 41.1875107]]}, "properties": {"highway": "primary", "maxspeed": "50", "name": "Avenida dos Bombeiros Volunt\u00e1rios", "oneway": "yes", "ref": "EN 15", "surface": "asphalt"}}, {"type": "Feature", "geometry": {"type": "LineString", "coordinates": [[-7.5920084, 41.3522746], [-7.5917183, 41.3522932]]}, "properties": {"bridge": "yes", "highway": "primary", "lanes": "2", "layer": "1", "official_ref": "EM 15", "oneway": "no", "ref": "EN 15", "surface": "asphalt"}}, {"type": "Feature", "geometry": {"type": "LineString", "coordinates": [[-8.3371828, 41.205992], [-8.3375286, 41.2059248]]}, "properties": {"highway": "primary", "name": "Avenida dos Bombeiros Volunt\u00e1rios", "oneway": "yes", "ref": "EN 15", "source": "Bing", "surface": "asphalt"}}, {"type": "Feature", "geometry": {"type": "LineString", "coordinates": [[-8.3310272, 41.202939], [-8.3309766, 41.2029677], [-8.3309419, 41.2030075], [-8.3309272, 41.2030539], [-8.3309329, 41.2030974]]}, "properties": {"highway": "primary", "junction": "roundabout", "lanes": "2", "maxspeed": "50", "name": "Avenida Doutor Francisco S\u00e1 Carneiro", "ref": "EN 15", "surface": "asphalt"}}, {"type": "Feature", "geometry": {"type": "LineString", "coordinates": [[-8.3313528, 41.20332], [-8.3313205, 41.2032823], [-8.3312978, 41.2032413], [-8.3312875, 41.2031969], [-8.3312841, 41.2031097]]}, "properties": {"highway": "primary", "lanes": "1", "maxspeed": "50", "name": "Avenida Comendador Ab\u00edlio Seabra", "oneway": "yes", "ref": "EN 15", "surface": "asphalt"}}, {"type": "Feature", "geometry": {"type": "LineString", "coordinates": [[-8.3311025, 41.2032008], [-8.3312013, 41.203243], [-8.3312807, 41.2032806], [-8.3313528, 41.20332]]}, "properties": {"highway": "primary", "lanes": "1", "maxspeed": "50", "name": "Avenida Comendador Ab\u00edlio Seabra", "oneway": "yes", "ref": "EN 15", "surface": "asphalt"}}, {"type": "Feature", "geometry": {"type": "LineString", "coordinates": [[-8.3312841, 41.2031097], [-8.3312951, 41.2030667], [-8.3312861, 41.2030195], [-8.3312564, 41.2029774], [-8.3312096, 41.2029454], [-8.331151, 41.2029272]]}, "properties": {"highway": "primary", "junction": "roundabout", "lanes": "2", "maxspeed": "50", "name": "Avenida Doutor Francisco S\u00e1 Carneiro", "ref": "EN 15", "surface": "asphalt"}}, {"type": "Feature", "geometry": {"type": "LineString", "coordinates": [[-8.3312132, 41.2031776], [-8.3312559, 41.2031479], [-8.3312841, 41.2031097]]}, "properties": {"highway": "primary", "junction": "roundabout", "lanes": "2", "maxspeed": "50", "name": "Avenida Doutor Francisco S\u00e1 Carneiro", "ref": "EN 15", "surface": "asphalt"}}, {"type": "Feature", "geometry": {"type": "LineString", "coordinates": [[-8.3311025, 41.2032008], [-8.3311603, 41.2031959], [-8.3312132, 41.2031776]]}, "properties": {"highway": "primary", "junction": "roundabout", "lanes": "2", "maxspeed": "50", "name": "Avenida Doutor Francisco S\u00e1 Carneiro", "ref": "EN 15", "surface": "asphalt"}}, {"type": "Feature", "geometry": {"type": "LineString", "coordinates": [[-8.3309329, 41.2030974], [-8.3309563, 41.2031375], [-8.3309951, 41.20317], [-8.3310455, 41.2031919], [-8.3311025, 41.2032008]]}, "properties": {"highway": "primary", "junction": "roundabout", "lanes": "2", "maxspeed": "50", "name": "Avenida Doutor Francisco S\u00e1 Carneiro", "ref": "EN 15", "surface": "asphalt"}}, {"type": "Feature", "geometry": {"type": "LineString", "coordinates": [[-8.3063106, 41.1953244], [-8.3063349, 41.195297], [-8.3063513, 41.1952665]]}, "properties": {"highway": "primary", "junction": "roundabout", "lanes": "2", "ref": "EN 15", "surface": "asphalt"}}, {"type": "Feature", "geometry": {"type": "LineString", "coordinates": [[-8.4751951, 41.1823913], [-8.4752652, 41.1823588]]}, "properties": {"highway": "primary", "lanes": "2", "lit": "yes", "name": "Rua Central de Campo", "ref": "EN 15", "source": "Bing", "surface": "asphalt"}}, {"type": "Feature", "geometry": {"type": "LineString", "coordinates": [[-8.3246699, 41.2047358], [-8.3247295, 41.2047261], [-8.3247866, 41.204707], [-8.3248317, 41.204675], [-8.3248627, 41.2046345]]}, "properties": {"highway": "primary", "junction": "roundabout", "lanes": "2", "name": "Rotunda Francisco S\u00e1 Carneiro", "ref": "EN 15", "surface": "asphalt"}}, {"type": "Feature", "geometry": {"type": "LineString", "coordinates": [[-8.3462674, 41.1996561], [-8.3463257, 41.1996698], [-8.3463858, 41.1996657], [-8.3464397, 41.1996445]]}, "properties": {"highway": "primary", "junction": "roundabout", "lanes": "2", "ref": "EN 15", "source": "Bing", "surface": "asphalt"}}, {"type": "Feature", "geometry": {"type": "LineString", "coordinates": [[-8.331151, 41.2029272], [-8.3310878, 41.2029249], [-8.3310272, 41.202939]]}, "properties": {"highway": "primary", "junction": "roundabout", "lanes": "2", "maxspeed": "50", "name": "Avenida Doutor Francisco S\u00e1 Carneiro", "ref": "EN 15", "surface": "asphalt"}}, {"type": "Feature", "geometry": {"type": "LineString", "coordinates": [[-8.36539, 41.1930666], [-8.3653653, 41.1931542], [-8.3653477, 41.1933055], [-8.3653495, 41.193474], [-8.3653724, 41.1938464], [-8.3653763, 41.1939107], [-8.3653883, 41.1941044], [-8.3653706, 41.1942105], [-8.3653336, 41.1943273], [-8.365314, 41.1943655]]}, "properties": {"highway": "primary", "maxspeed": "50", "name": "Rua Central de Mouriz", "oneway": "yes", "ref": "EN 15", "surface": "asphalt"}}, {"type": "Feature", "geometry": {"type": "LineString", "coordinates": [[-8.3887262, 41.1925221], [-8.3886565, 41.1924823]]}, "properties": {"highway": "primary", "junction": "roundabout", "lanes": "2", "maxspeed": "50", "name": "Rotunda da Fam\u00edlia", "ref": "EN 15", "surface": "asphalt"}}, {"type": "Feature", "geometry": {"type": "LineString", "coordinates": [[-8.4849231, 41.1842279], [-8.4848813, 41.184186], [-8.4845775, 41.1840427], [-8.4843886, 41.1839536], [-8.4843243, 41.1839232], [-8.4842297, 41.1838797], [-8.4840832, 41.1838124], [-8.4840647, 41.1838038], [-8.4837436, 41.1836551], [-8.483727, 41.1836462], [-8.4837, 41.1836315], [-8.4836212, 41.183589], [-8.4835625, 41.1835522]]}, "properties": {"highway": "primary", "lanes": "1", "maxspeed": "50", "name": "Rua Fonseca Dias", "oneway": "yes", "ref": "EN 15", "surface": "asphalt"}}, {"type": "Feature", "geometry": {"type": "LineString", "coordinates": [[-8.4835856, 41.1836283], [-8.4836626, 41.1836695], [-8.4836904, 41.1836843], [-8.4837744, 41.1837293], [-8.483896, 41.1837865], [-8.483949, 41.1838115], [-8.484337, 41.1839857], [-8.4845719, 41.1840912], [-8.4846052, 41.1841061], [-8.4848469, 41.1842146], [-8.4849231, 41.1842279]]}, "properties": {"highway": "primary", "lanes": "1", "maxspeed": "50", "name": "Rua Fonseca Dias", "oneway": "yes", "ref": "EN 15", "surface": "asphalt"}}, {"type": "Feature", "geometry": {"type": "LineString", "coordinates": [[-8.4826521, 41.1829034], [-8.4827459, 41.1829946], [-8.4827982, 41.1830455], [-8.4830642, 41.1832797], [-8.4831158, 41.1833212]]}, "properties": {"highway": "primary", "lanes": "1", "maxspeed": "50", "name": "Rua Fonseca Dias", "oneway": "yes", "ref": "EN 15", "surface": "asphalt"}}, {"type": "Feature", "geometry": {"type": "LineString", "coordinates": [[-8.4831158, 41.1833212], [-8.4831676, 41.1833628], [-8.4833611, 41.1834906], [-8.4834447, 41.1835419], [-8.4835856, 41.1836283]]}, "properties": {"highway": "primary", "lanes": "1", "maxspeed": "50", "name": "Rua Fonseca Dias", "oneway": "yes", "ref": "EN 15", "surface": "asphalt"}}, {"type": "Feature", "geometry": {"type": "LineString", "coordinates": [[-8.4835625, 41.1835522], [-8.483474, 41.1834969], [-8.483107, 41.1832493], [-8.4829478, 41.183117], [-8.4828588, 41.1830366], [-8.4826521, 41.1829034]]}, "properties": {"highway": "primary", "lanes": "1", "maxspeed": "50", "name": "Rua Fonseca Dias", "oneway": "yes", "ref": "EN 15", "surface": "asphalt"}}, {"type": "Feature", "geometry": {"type": "LineString", "coordinates": [[-8.3358136, 41.2060251], [-8.3357817, 41.2059678]]}, "properties": {"highway": "primary", "junction": "roundabout", "lanes": "2", "name": "Rotunda 25 de Abril", "ref": "EN 15", "surface": "asphalt"}}, {"type": "Feature", "geometry": {"type": "LineString", "coordinates": [[-8.3354816, 41.2058672], [-8.3354272, 41.2058778], [-8.3353771, 41.2058933]]}, "properties": {"highway": "primary", "junction": "roundabout", "lanes": "2", "name": "Rotunda 25 de Abril", "ref": "EN 15", "surface": "asphalt"}}, {"type": "Feature", "geometry": {"type": "LineString", "coordinates": [[-8.4551314, 41.1847844], [-8.4551098, 41.1847535], [-8.4550807, 41.1847263]]}, "properties": {"highway": "primary", "junction": "roundabout", "lanes": "2", "lit": "yes", "ref": "EN 15", "source": "bing", "surface": "asphalt"}}, {"type": "Feature", "geometry": {"type": "LineString", "coordinates": [[-8.4547451, 41.1847241], [-8.4547151, 41.184751], [-8.4546927, 41.1847819]]}, "properties": {"highway": "primary", "junction": "roundabout", "lanes": "2", "lit": "yes", "ref": "EN 15", "source": "bing", "surface": "asphalt"}}, {"type": "Feature", "geometry": {"type": "LineString", "coordinates": [[-8.365314, 41.1943655], [-8.3652736, 41.1944441], [-8.3651661, 41.1945596], [-8.3651032, 41.1946174]]}, "properties": {"highway": "primary", "maxspeed": "50", "name": "Rua Central de Mouriz", "oneway": "yes", "ref": "EN 15", "surface": "asphalt"}}, {"type": "Feature", "geometry": {"type": "LineString", "coordinates": [[-8.432869, 41.1966656], [-8.433012, 41.1966373], [-8.4331054, 41.1966066], [-8.4332447, 41.1965367]]}, "properties": {"highway": "primary", "name": "Avenida Central de Gandra", "oneway": "yes", "ref": "EN 15", "source": "bing", "surface": "asphalt"}}, {"type": "Feature", "geometry": {"type": "LineString", "coordinates": [[-8.4332447, 41.1965367], [-8.4334609, 41.1964036]]}, "properties": {"highway": "primary", "name": "Avenida Central de Gandra", "oneway": "yes", "ref": "EN 15", "source": "bing", "surface": "asphalt"}}, {"type": "Feature", "geometry": {"type": "LineString", "coordinates": [[-8.4338542, 41.1960576], [-8.4337986, 41.1960591]]}, "properties": {"highway": "primary", "name": "Avenida Central de Gandra", "oneway": "yes", "ref": "EN 15"}}, {"type": "Feature", "geometry": {"type": "LineString", "coordinates": [[-8.4336774, 41.1961384], [-8.4336676, 41.1961777]]}, "properties": {"highway": "primary", "name": "Avenida Central de Gandra", "oneway": "yes", "ref": "EN 15"}}, {"type": "Feature", "geometry": {"type": "LineString", "coordinates": [[-8.4412746, 41.1831315], [-8.441069, 41.1832448], [-8.4398923, 41.1838921], [-8.4398209, 41.183925], [-8.4397242, 41.1839568], [-8.439647, 41.1839721], [-8.4395738, 41.1839814]]}, "properties": {"highway": "primary", "lit": "yes", "name": "Avenida Central de Gandra", "oneway": "yes", "ref": "EN 15", "source": "Bing", "surface": "asphalt"}}, {"type": "Feature", "geometry": {"type": "LineString", "coordinates": [[-8.4413186, 41.1831782], [-8.4416863, 41.1829755]]}, "properties": {"highway": "primary", "lit": "yes", "name": "Avenida Central de Gandra", "oneway": "yes", "ref": "EN 15", "source": "BING", "surface": "asphalt"}}, {"type": "Feature", "geometry": {"type": "LineString", "coordinates": [[-8.4033276, 41.1911067], [-8.403071, 41.191105]]}, "properties": {"highway": "primary", "name": "Rua Central de Vandoma", "ref": "EN 15", "source": "bing", "surface": "asphalt"}}, {"type": "Feature", "geometry": {"type": "LineString", "coordinates": [[-7.6460779, 41.3544411], [-7.644943, 41.3558705], [-7.6449051, 41.3559209], [-7.6448679, 41.3559738], [-7.6448305, 41.3560303], [-7.6447981, 41.3560832], [-7.644773, 41.356131], [-7.6447468, 41.356185], [-7.6447241, 41.3562338], [-7.6447023, 41.3562859], [-7.6445896, 41.3565802]]}, "properties": {"highway": "primary", "lanes": "2", "maxspeed": "50", "name": "Rua da Estrada Nacional N\u00ba 15", "official_ref": "EM 15", "oneway": "no", "ref": "EN 15", "surface": "asphalt"}}, {"type": "Feature", "geometry": {"type": "LineString", "coordinates": [[-7.6501466, 41.3502657], [-7.6499479, 41.350683], [-7.6499262, 41.350725], [-7.6498997, 41.3507682], [-7.6498705, 41.3508125], [-7.6498389, 41.3508522], [-7.649802, 41.3508932], [-7.6497642, 41.3509334], [-7.6497231, 41.3509749], [-7.6483187, 41.3523821], [-7.6482796, 41.3524192], [-7.6482429, 41.3524534], [-7.6482067, 41.3524869], [-7.6481117, 41.3525732], [-7.6467329, 41.3537943], [-7.6466757, 41.3538455], [-7.6466251, 41.3538902], [-7.6465701, 41.3539399], [-7.6465191, 41.3539858], [-7.6464709, 41.3540312], [-7.6464237, 41.3540765], [-7.6461857, 41.3543173]]}, "properties": {"highway": "primary", "lanes": "2", "maxspeed": "50", "name": "Rua da Estrada Nacional N\u00ba 15", "official_ref": "EM 15", "oneway": "no", "ref": "EN 15", "surface": "asphalt"}}, {"type": "Feature", "geometry": {"type": "LineString", "coordinates": [[-8.2820546, 41.2073513], [-8.2821092, 41.2073529], [-8.2821531, 41.2073529], [-8.2821896, 41.2073526], [-8.2822158, 41.2073534], [-8.2822391, 41.2073576], [-8.2822611, 41.2073654], [-8.2822901, 41.2073815]]}, "properties": {"highway": "primary", "lanes": "1", "name": "Avenida Soares de Moura", "oneway": "yes", "ref": "EN 15;EM 320", "surface": "asphalt"}}, {"type": "Feature", "geometry": {"type": "LineString", "coordinates": [[-8.2823489, 41.2072642], [-8.282245, 41.2073004], [-8.2822133, 41.207311], [-8.2821797, 41.2073212], [-8.282145, 41.2073305], [-8.2821089, 41.2073392], [-8.2820546, 41.2073513]]}, "properties": {"highway": "primary", "lanes": "1", "name": "Avenida Soares de Moura", "oneway": "yes", "ref": "EN 15;EM 320", "surface": "asphalt"}}, {"type": "Feature", "geometry": {"type": "LineString", "coordinates": [[-8.2825466, 41.2073719], [-8.2827243, 41.2072945]]}, "properties": {"highway": "primary", "lanes": "1", "name": "Rua \"O Penafidelense\"", "oneway": "yes", "ref": "EN 15", "surface": "asphalt"}}, {"type": "Feature", "geometry": {"type": "LineString", "coordinates": [[-8.2827243, 41.2072945], [-8.2826588, 41.2073019], [-8.2826251, 41.2073042], [-8.2825908, 41.2073037], [-8.2825609, 41.2073003], [-8.2825271, 41.2072946]]}, "properties": {"highway": "primary", "lanes": "1", "name": "Rua \"O Penafidelense\"", "oneway": "yes", "ref": "EN 15", "surface": "asphalt"}}, {"type": "Feature", "geometry": {"type": "LineString", "coordinates": [[-8.2908079, 41.1991976], [-8.2907391, 41.199245], [-8.2902294, 41.1996135]]}, "properties": {"highway": "primary", "lanes": "1", "name": "Avenida Jos\u00e9 J\u00falio", "oneway": "yes", "ref": "EN 15", "surface": "cobblestone"}}, {"type": "Feature", "geometry": {"type": "LineString", "coordinates": [[-8.2902294, 41.1996135], [-8.2906988, 41.1993202], [-8.2907244, 41.1993071], [-8.2907528, 41.1992966], [-8.2907824, 41.1992886], [-8.2908123, 41.1992831], [-8.2908399, 41.1992793]]}, "properties": {"highway": "primary", "lanes": "1", "name": "Avenida Jos\u00e9 J\u00falio", "oneway": "yes", "ref": "EN 15", "surface": "cobblestone"}}, {"type": "Feature", "geometry": {"type": "LineString", "coordinates": [[-8.279366, 41.207682], [-8.2795782, 41.2075333]]}, "properties": {"highway": "primary", "lanes": "2", "name": "Rua da Vista Alegre", "oneway": "no", "ref": "EN 15;EM 320", "surface": "asphalt"}}, {"type": "Feature", "geometry": {"type": "LineString", "coordinates": [[-8.0578593, 41.2582243], [-8.0578053, 41.2581912], [-8.0577588, 41.2581659], [-8.0577045, 41.2581382]]}, "properties": {"highway": "primary", "lanes": "2", "lit": "yes", "note": "confirmado nas placas como N15", "official_ref": "EM 15;EM 101", "oneway": "no", "ref": "EN 15;EN 101", "surface": "asphalt"}}, {"type": "Feature", "geometry": {"type": "LineString", "coordinates": [[-8.4605243, 41.1838885], [-8.4606517, 41.1838389]]}, "properties": {"highway": "primary", "lit": "yes", "name": "Rua Central de Campo", "ref": "EN 15", "surface": "asphalt"}}, {"type": "Feature", "geometry": {"type": "LineString", "coordinates": [[-8.388312, 41.1927459], [-8.388323, 41.1927632]]}, "properties": {"highway": "primary", "junction": "roundabout", "lanes": "2", "maxspeed": "50", "name": "Rotunda da Fam\u00edlia", "ref": "EN 15", "surface": "asphalt"}}, {"type": "Feature", "geometry": {"type": "LineString", "coordinates": [[-8.4733309, 41.1835131], [-8.4733463, 41.18354]]}, "properties": {"highway": "primary", "junction": "roundabout", "lanes": "2", "lit": "yes", "ref": "EN 15", "source": "Bing", "surface": "asphalt"}}, {"type": "Feature", "geometry": {"type": "LineString", "coordinates": [[-8.3189993, 41.202767], [-8.318768, 41.2027758]]}, "properties": {"highway": "primary", "lanes": "2", "ref": "EN 15", "source": "Bing", "surface": "asphalt"}}, {"type": "Feature", "geometry": {"type": "LineString", "coordinates": [[-8.2290291, 41.231626], [-8.229069, 41.2315575], [-8.2294048, 41.2310846], [-8.2295393, 41.2306827], [-8.2297147, 41.2303089], [-8.2298973, 41.2300274], [-8.2307487, 41.2290573], [-8.2312595, 41.228683], [-8.2317373, 41.2283255], [-8.2322443, 41.2277629], [-8.2334784, 41.2268544]]}, "properties": {"highway": "primary", "lit": "yes", "name": "Avenida de Casais Novos", "ref": "EN 15", "surface": "asphalt"}}, {"type": "Feature", "geometry": {"type": "LineString", "coordinates": [[-7.7310801, 41.3093068], [-7.7310608, 41.3093287], [-7.7310538, 41.3093508], [-7.7310566, 41.3093733]]}, "properties": {"highway": "primary", "junction": "roundabout", "lanes": "1", "lit": "yes", "maxspeed": "50", "official_ref": "EM 15", "ref": "EN 15", "surface": "asphalt"}}, {"type": "Feature", "geometry": {"type": "LineString", "coordinates": [[-7.6954495, 41.3204009], [-7.6953579, 41.3204283], [-7.6952489, 41.3204723], [-7.6951913, 41.3205005], [-7.695134, 41.3205331], [-7.6950723, 41.3205737], [-7.6949923, 41.3206318], [-7.6949667, 41.3206538], [-7.6949307, 41.3206849], [-7.6948806, 41.3207372], [-7.6940511, 41.3216755], [-7.6939974, 41.32173], [-7.6939437, 41.3217834], [-7.6938738, 41.3218502], [-7.6938146, 41.3219062], [-7.6937645, 41.32195], [-7.6937159, 41.3219907], [-7.6936629, 41.3220312], [-7.6936099, 41.3220676], [-7.6935577, 41.3221001], [-7.6935097, 41.3221272], [-7.6934482, 41.322156], [-7.6933938, 41.3221796], [-7.6923336, 41.3225558], [-7.6922589, 41.3225811], [-7.6922017, 41.3225992], [-7.6921426, 41.3226169], [-7.6920804, 41.3226329], [-7.6920008, 41.3226514]]}, "properties": {"highway": "primary", "lanes": "2", "lit": "yes", "maxspeed": "50", "name": "Estrada Nacional 15", "official_ref": "EM 15", "old_name": "Rua Central", "oneway": "no", "ref": "EN 15", "surface": "asphalt"}}, {"type": "Feature", "geometry": {"type": "LineString", "coordinates": [[-7.6920008, 41.3226514], [-7.6919267, 41.3226658], [-7.6918445, 41.3226789], [-7.6917603, 41.322691], [-7.6912452, 41.3227657]]}, "properties": {"highway": "primary", "lanes": "2", "lit": "no", "official_ref": "EM 15", "oneway": "no", "ref": "EN 15", "surface": "asphalt"}}, {"type": "Feature", "geometry": {"type": "LineString", "coordinates": [[-8.4728893, 41.1835433], [-8.4730038, 41.1835303]]}, "properties": {"highway": "primary", "lanes": "1", "lit": "yes", "oneway": "yes", "ref": "EN 15", "surface": "asphalt"}}, {"type": "Feature", "geometry": {"type": "LineString", "coordinates": [[-8.54598, 41.1740318], [-8.545928, 41.1741839], [-8.5458207, 41.1744551]]}, "properties": {"highway": "primary", "lanes": "2", "name": "Largo da Venda Nova", "ref": "EN 15", "source": "Bing", "surface": "asphalt"}}, {"type": "Feature", "geometry": {"type": "LineString", "coordinates": [[-7.8213225, 41.2827196], [-7.8206126, 41.2828732], [-7.8205686, 41.2828817], [-7.8205216, 41.2828891], [-7.8204716, 41.2828941], [-7.8204188, 41.282897], [-7.8203697, 41.2828979], [-7.8203208, 41.2828976], [-7.8202752, 41.2828954], [-7.8202303, 41.2828899], [-7.8201866, 41.2828809], [-7.8201449, 41.2828684], [-7.8201052, 41.2828542], [-7.8200668, 41.2828375], [-7.8200307, 41.2828202], [-7.8199964, 41.2828021], [-7.81996, 41.2827815], [-7.8199261, 41.2827607], [-7.8198907, 41.2827383], [-7.8192301, 41.2822954], [-7.8192092, 41.2822805], [-7.8191873, 41.2822639], [-7.8191648, 41.2822456], [-7.8191409, 41.2822241], [-7.8191171, 41.2821989], [-7.8190943, 41.2821699], [-7.8190762, 41.2821429], [-7.8190594, 41.2821143], [-7.8190451, 41.2820862], [-7.8190331, 41.2820612], [-7.8189848, 41.2819606], [-7.8189724, 41.2819375], [-7.8189557, 41.2819138], [-7.8189354, 41.2818899], [-7.8189106, 41.2818665], [-7.8188832, 41.2818459], [-7.8188524, 41.2818271], [-7.8188202, 41.2818119], [-7.8187879, 41.2818], [-7.8187513, 41.2817913], [-7.8187114, 41.2817849], [-7.818665, 41.2817797], [-7.8186167, 41.281776], [-7.8185676, 41.2817734], [-7.8185166, 41.2817716], [-7.8184613, 41.2817708], [-7.8179934, 41.2817734], [-7.8179509, 41.2817741], [-7.8179071, 41.2817757], [-7.8178627, 41.2817793], [-7.8178179, 41.2817851], [-7.8177755, 41.2817931], [-7.817732, 41.281803], [-7.8176872, 41.2818141], [-7.8174415, 41.2818771], [-7.8170055, 41.2819916], [-7.8169366, 41.2820091], [-7.8168691, 41.2820232], [-7.8168155, 41.2820316], [-7.8167664, 41.282037], [-7.8167119, 41.2820383], [-7.816652, 41.2820342], [-7.8165923, 41.2820233], [-7.8165384, 41.2820085], [-7.8164781, 41.2819888], [-7.8164146, 41.281966], [-7.8163477, 41.2819398], [-7.8162791, 41.2819116], [-7.8153997, 41.281541], [-7.815361, 41.2815268], [-7.8153239, 41.2815157], [-7.815282, 41.2815069], [-7.8152384, 41.2815014], [-7.8151972, 41.2814989], [-7.8151563, 41.2814988], [-7.8151081, 41.281501]]}, "properties": {"highway": "primary", "lane_markings": "yes", "lanes": "2", "lanes:backward": "1", "lanes:forward": "1", "lit": "yes", "maxspeed": "50", "name": "Rua Principal", "official_ref": "EM 15", "oneway": "no", "ref": "EN 15", "source": "Dire\u00e7\u00e3o-Geral do Territ\u00f3rio", "surface": "asphalt"}}, {"type": "Feature", "geometry": {"type": "LineString", "coordinates": [[-8.2595558, 41.2194842], [-8.2596059, 41.2194368], [-8.2601087, 41.2189611]]}, "properties": {"highway": "primary", "lit": "yes", "ref": "EN 15", "surface": "asphalt"}}, {"type": "Feature", "geometry": {"type": "LineString", "coordinates": [[-8.2825271, 41.2072946], [-8.282501, 41.207273], [-8.2824678, 41.207258], [-8.2824302, 41.2072508], [-8.2823915, 41.2072521], [-8.2823489, 41.2072642]]}, "properties": {"highway": "primary", "junction": "roundabout", "lanes": "1", "name": "Rua \"O Penafidelense\"", "ref": "EN 15;EM 320", "surface": "asphalt"}}, {"type": "Feature", "geometry": {"type": "LineString", "coordinates": [[-8.2823489, 41.2072642], [-8.2823142, 41.2072865], [-8.2822915, 41.2073162], [-8.2822865, 41.207347], [-8.2822901, 41.2073815]]}, "properties": {"highway": "primary", "junction": "roundabout", "lanes": "1", "name": "Rua \"O Penafidelense\"", "ref": "EN 15;EM 320", "surface": "asphalt"}}, {"type": "Feature", "geometry": {"type": "LineString", "coordinates": [[-8.2908399, 41.1992793], [-8.2908678, 41.1992994], [-8.2909016, 41.1993134], [-8.2909391, 41.1993203], [-8.2909777, 41.1993198], [-8.2910148, 41.1993117]]}, "properties": {"highway": "primary", "junction": "roundabout", "ref": "EN 15;EN 106", "surface": "paved"}}, {"type": "Feature", "geometry": {"type": "LineString", "coordinates": [[-8.2910148, 41.1993117], [-8.2910695, 41.1992766], [-8.2910877, 41.1992313], [-8.2910919, 41.1991825], [-8.291067, 41.1991354]]}, "properties": {"highway": "primary", "junction": "roundabout", "ref": "EN 15;EN 106", "surface": "paved"}}, {"type": "Feature", "geometry": {"type": "LineString", "coordinates": [[-7.7308993, 41.3093367], [-7.7310566, 41.3093733]]}, "properties": {"highway": "primary", "lanes": "1", "lit": "yes", "maxspeed": "50", "name": "Rua Fundadores do Circuito de Vila Real", "official_ref": "EM 15", "oneway": "yes", "ref": "EN 15", "surface": "asphalt"}}, {"type": "Feature", "geometry": {"type": "LineString", "coordinates": [[-7.7312401, 41.3093487], [-7.7313898, 41.3092816]]}, "properties": {"highway": "primary", "lanes": "1", "lit": "yes", "maxspeed": "50", "name": "Rua Fundadores do Circuito de Vila Real", "official_ref": "EM 15", "oneway": "yes", "ref": "EN 15", "surface": "asphalt"}}, {"type": "Feature", "geometry": {"type": "LineString", "coordinates": [[-7.7313898, 41.3092816], [-7.7311789, 41.3092897]]}, "properties": {"highway": "primary", "lanes": "1", "lit": "yes", "maxspeed": "50", "name": "Rua Fundadores do Circuito de Vila Real", "official_ref": "EM 15", "oneway": "yes", "ref": "EN 15", "surface": "asphalt"}}, {"type": "Feature", "geometry": {"type": "LineString", "coordinates": [[-7.7310801, 41.3093068], [-7.7308993, 41.3093367]]}, "properties": {"highway": "primary", "lanes": "1", "lit": "yes", "maxspeed": "50", "name": "Rua Fundadores do Circuito de Vila Real", "official_ref": "EM 15", "oneway": "yes", "ref": "EN 15", "surface": "asphalt"}}, {"type": "Feature", "geometry": {"type": "LineString", "coordinates": [[-7.7310566, 41.3093733], [-7.7310688, 41.3093941], [-7.7310891, 41.3094108], [-7.7311154, 41.3094218], [-7.7311451, 41.3094259], [-7.7311762, 41.3094225], [-7.7312041, 41.3094114], [-7.7312254, 41.309394], [-7.7312379, 41.3093723], [-7.7312401, 41.3093487]]}, "properties": {"highway": "primary", "junction": "roundabout", "lanes": "1", "lit": "yes", "maxspeed": "50", "official_ref": "EM 15", "ref": "EN 15", "surface": "asphalt"}}, {"type": "Feature", "geometry": {"type": "LineString", "coordinates": [[-7.7311789, 41.3092897], [-7.7311428, 41.3092856], [-7.7311088, 41.3092917], [-7.7310801, 41.3093068]]}, "properties": {"highway": "primary", "junction": "roundabout", "lanes": "1", "lit": "yes", "maxspeed": "50", "official_ref": "EM 15", "ref": "EN 15", "surface": "asphalt"}}, {"type": "Feature", "geometry": {"type": "LineString", "coordinates": [[-7.7312401, 41.3093487], [-7.7312317, 41.3093259], [-7.7312101, 41.3093039], [-7.7311789, 41.3092897]]}, "properties": {"highway": "primary", "junction": "roundabout", "lanes": "1", "lit": "yes", "maxspeed": "50", "official_ref": "EM 15", "ref": "EN 15", "surface": "asphalt"}}, {"type": "Feature", "geometry": {"type": "LineString", "coordinates": [[-7.7324703, 41.3091456], [-7.7332127, 41.309054]]}, "properties": {"highway": "primary", "lanes": "2", "lit": "yes", "maxspeed": "50", "name": "Rua Fundadores do Circuito de Vila Real", "official_ref": "EM 15", "oneway": "no", "ref": "EN 15", "sidewalk": "both", "surface": "asphalt"}}, {"type": "Feature", "geometry": {"type": "LineString", "coordinates": [[-7.7320466, 41.3091989], [-7.7324703, 41.3091456]]}, "properties": {"highway": "primary", "lanes": "2", "lit": "yes", "maxspeed": "50", "name": "Rua Fundadores do Circuito de Vila Real", "official_ref": "EM 15", "oneway": "no", "ref": "EN 15", "sidewalk": "both", "surface": "asphalt"}}, {"type": "Feature", "geometry": {"type": "MultiPolygon", "coordinates": [[[[-8.0986109, 41.2933649], [-8.0985997, 41.2933178], [-8.0985712, 41.2932751], [-8.0985279, 41.2932401], [-8.0984732, 41.2932156], [-8.0984115, 41.2932038], [-8.0983479, 41.2932055], [-8.0982875, 41.2932205], [-8.0982352, 41.2932478], [-8.0981953, 41.293285], [-8.0981709, 41.2933292], [-8.098164, 41.2933767], [-8.0981753, 41.2934238], [-8.0982038, 41.2934665], [-8.0982471, 41.2935015], [-8.0983018, 41.293526], [-8.0983635, 41.2935378], [-8.0984271, 41.2935361], [-8.0984875, 41.2935211], [-8.0985398, 41.2934938], [-8.0985797, 41.2934566], [-8.0986041, 41.2934124], [-8.0986109, 41.2933649]]]]}, "properties": {"highway": "primary", "junction": "roundabout", "name": "Variante \u00e0 EN 210", "ref": "EN 15;EN 101;EN 210"}}, {"type": "Feature", "geometry": {"type": "MultiPolygon", "coordinates": [[[[-8.2707031, 41.2129195], [-8.2707021, 41.2128556], [-8.2706821, 41.212808], [-8.2706467, 41.2127659], [-8.2705981, 41.212732], [-8.2705545, 41.2127131], [-8.2705068, 41.212701], [-8.2704309, 41.2126964], [-8.2703565, 41.2127087], [-8.2702902, 41.2127369], [-8.2702377, 41.2127784], [-8.2702067, 41.2128231], [-8.270192, 41.2128724], [-8.2701948, 41.2129228], [-8.2702163, 41.2129735], [-8.2702554, 41.2130179], [-8.2703091, 41.2130526], [-8.2703872, 41.2130779], [-8.2704719, 41.2130827], [-8.2705541, 41.2130664], [-8.2706248, 41.213031], [-8.2706763, 41.2129802], [-8.2707031, 41.2129195]]]]}, "properties": {"highway": "primary", "junction": "roundabout", "lit": "yes", "ref": "EN 15", "surface": "asphalt"}}, {"type": "Feature", "geometry": {"type": "MultiPolygon", "coordinates": [[[[-7.5102431, 41.3808951], [-7.5102353, 41.3808626], [-7.5102193, 41.3808318], [-7.5101957, 41.3808038], [-7.5101654, 41.3807798], [-7.5101294, 41.3807605], [-7.510089, 41.3807467], [-7.5100459, 41.3807391], [-7.5100016, 41.3807379], [-7.5099579, 41.3807431], [-7.5099163, 41.3807545], [-7.5098784, 41.3807717], [-7.5098568, 41.3807855], [-7.5098292, 41.3808096], [-7.5098079, 41.3808371], [-7.5097935, 41.3808678], [-7.5097871, 41.3809001], [-7.509789, 41.3809327], [-7.509799, 41.3809645], [-7.5098169, 41.3809942], [-7.509842, 41.3810208], [-7.5098734, 41.3810434], [-7.5099099, 41.3810612], [-7.5099425, 41.3810716], [-7.5099768, 41.381078], [-7.5100239, 41.3810804], [-7.5100707, 41.3810754], [-7.510115, 41.3810633], [-7.5101551, 41.3810446], [-7.5101893, 41.3810202], [-7.510216, 41.380991], [-7.5102332, 41.3809606], [-7.5102424, 41.3809282], [-7.5102431, 41.3808951]]]]}, "properties": {"highway": "primary", "junction": "roundabout", "lanes": "2", "maxspeed": "50", "official_ref": "EM 15", "ref": "EN 15"}}, {"type": "Feature", "geometry": {"type": "MultiPolygon", "coordinates": [[[[-7.5117161, 41.3805611], [-7.511696, 41.3805038], [-7.5116511, 41.380455], [-7.5115974, 41.3804247], [-7.5115343, 41.3804074], [-7.511466, 41.3804047], [-7.5113996, 41.3804173], [-7.5113413, 41.3804441], [-7.5112961, 41.3804826], [-7.5112681, 41.3805295], [-7.5112598, 41.3805745], [-7.5112675, 41.3806195], [-7.5112907, 41.3806615], [-7.5113278, 41.3806974], [-7.5113928, 41.3807311], [-7.5114692, 41.3807462], [-7.511548, 41.3807409], [-7.5116195, 41.3807157], [-7.5116754, 41.3806738], [-7.5117089, 41.3806201], [-7.5117161, 41.3805611]]]]}, "properties": {"highway": "primary", "junction": "roundabout", "lanes": "2", "maxspeed": "50", "official_ref": "EM 15", "ref": "EN 15"}}, {"type": "Feature", "geometry": {"type": "MultiPolygon", "coordinates": [[[[-8.2116879, 41.2586424], [-8.2116827, 41.2585897], [-8.2116621, 41.2585392], [-8.2116269, 41.2584933], [-8.2115792, 41.2584545], [-8.2115211, 41.2584247], [-8.2114556, 41.2584054], [-8.2113861, 41.2583974], [-8.2113159, 41.2584013], [-8.2112487, 41.2584169], [-8.2111877, 41.2584433], [-8.2111361, 41.2584792], [-8.2110964, 41.2585229], [-8.2110707, 41.2585721], [-8.2110601, 41.2586244], [-8.2110653, 41.2586771], [-8.211086, 41.2587276], [-8.2111211, 41.2587735], [-8.2111689, 41.2588123], [-8.211227, 41.2588421], [-8.2112924, 41.2588614], [-8.211362, 41.2588694], [-8.2114321, 41.2588655], [-8.2114994, 41.2588499], [-8.2115603, 41.2588235], [-8.2116119, 41.2587876], [-8.2116516, 41.2587439], [-8.2116774, 41.2586947], [-8.2116879, 41.2586424]]]]}, "properties": {"highway": "primary", "junction": "roundabout", "lanes": "3", "lit": "yes", "ref": "EN 15", "surface": "asphalt"}}, {"type": "Feature", "geometry": {"type": "MultiPolygon", "coordinates": [[[[-8.229199, 41.2320994], [-8.2291939, 41.2320295], [-8.2291597, 41.2319644], [-8.2290999, 41.2319107], [-8.2290205, 41.2318741], [-8.2289476, 41.2318596], [-8.2288721, 41.2318596], [-8.2287993, 41.2318743], [-8.2287511, 41.2318935], [-8.2287085, 41.231919], [-8.2286622, 41.2319626], [-8.228632, 41.2320136], [-8.22862, 41.2320686], [-8.228627, 41.2321241], [-8.2286504, 41.2321736], [-8.2286902, 41.2322186], [-8.2287435, 41.2322549], [-8.2288071, 41.2322802], [-8.2288769, 41.232293], [-8.228967, 41.2322903], [-8.2290516, 41.2322669], [-8.2291226, 41.2322251], [-8.2291743, 41.2321669], [-8.2291847, 41.2321386], [-8.229199, 41.2320994]]]]}, "properties": {"highway": "primary", "junction": "roundabout", "lanes": "2", "lit": "yes", "ref": "EN 15", "surface": "asphalt"}}, {"type": "Feature", "geometry": {"type": "MultiPolygon", "coordinates": [[[[-8.0857794, 41.2813618], [-8.0857784, 41.2813344], [-8.0857662, 41.2813086], [-8.085744, 41.2812869], [-8.085714, 41.2812715], [-8.085679, 41.2812638], [-8.085656, 41.2812633], [-8.0856334, 41.2812662], [-8.0856003, 41.2812775], [-8.0855734, 41.2812959], [-8.0855555, 41.2813197], [-8.0855482, 41.2813464], [-8.0855522, 41.2813736], [-8.085564, 41.2813946], [-8.0855827, 41.2814126], [-8.0856069, 41.2814263], [-8.0856409, 41.2814359], [-8.0856772, 41.2814371], [-8.0857123, 41.2814299], [-8.0857426, 41.2814148], [-8.0857653, 41.2813935], [-8.0857744, 41.2813782], [-8.0857794, 41.2813618]]]]}, "properties": {"highway": "primary", "junction": "roundabout", "ref": "EN 15;EN 101", "source": "Bing"}}, {"type": "Feature", "geometry": {"type": "MultiPolygon", "coordinates": [[[[-8.1431075, 41.3163414], [-8.1430969, 41.3163064], [-8.1430768, 41.3162779], [-8.1430388, 41.3162484], [-8.1430016, 41.3162325], [-8.1429606, 41.316224], [-8.1429199, 41.3162232], [-8.1428805, 41.3162294], [-8.1428422, 41.3162432], [-8.1428094, 41.3162638], [-8.1427835, 41.3162908], [-8.1427661, 41.3163272], [-8.1427635, 41.3163643], [-8.1427736, 41.3163975], [-8.1427938, 41.3164265], [-8.1428245, 41.3164517], [-8.1428656, 41.316471], [-8.1429011, 41.3164795], [-8.142947, 41.3164818], [-8.1429859, 41.3164764], [-8.1430347, 41.3164585], [-8.1430714, 41.3164323], [-8.1430914, 41.3164081], [-8.1431051, 41.3163766], [-8.1431075, 41.3163414]]]]}, "properties": {"highway": "primary", "junction": "roundabout", "ref": "EN 15;EN 101"}}, {"type": "Feature", "geometry": {"type": "MultiPolygon", "coordinates": [[[[-7.6005077, 41.3515577], [-7.6004962, 41.3515195], [-7.6004635, 41.3514768], [-7.600414, 41.3514445], [-7.6003531, 41.3514262], [-7.6003001, 41.351423], [-7.6002479, 41.3514306], [-7.6002003, 41.3514484], [-7.6001528, 41.3514826], [-7.600123, 41.3515267], [-7.6001141, 41.3515756], [-7.6001272, 41.3516241], [-7.6001481, 41.351654], [-7.6001774, 41.3516796], [-7.6002137, 41.3516995], [-7.6002624, 41.3517138], [-7.6003111, 41.3517189], [-7.6003671, 41.3517128], [-7.6004185, 41.351695], [-7.6004611, 41.351667], [-7.6004895, 41.3516342], [-7.6005054, 41.3515968], [-7.6005077, 41.3515577]]]]}, "properties": {"highway": "primary", "junction": "roundabout", "lanes": "2", "official_ref": "EM 15", "ref": "EN 15", "surface": "asphalt"}}, {"type": "Feature", "geometry": {"type": "MultiPolygon", "coordinates": [[[[-7.5987108, 41.3496232], [-7.598708, 41.3495852], [-7.5986916, 41.3495493], [-7.5986628, 41.3495181], [-7.5986238, 41.3494939], [-7.5985767, 41.3494784], [-7.5985257, 41.3494733], [-7.5984748, 41.3494789], [-7.598428, 41.3494949], [-7.5983834, 41.3495247], [-7.5983538, 41.3495637], [-7.5983425, 41.3496078], [-7.5983504, 41.3496522], [-7.598379, 41.3496946], [-7.5984249, 41.3497272], [-7.5984828, 41.3497463], [-7.5985459, 41.3497496], [-7.5985971, 41.3497399], [-7.5986426, 41.3497197], [-7.5986768, 41.3496926], [-7.5987001, 41.3496596], [-7.5987108, 41.3496232]]]]}, "properties": {"highway": "primary", "junction": "roundabout", "lanes": "2", "official_ref": "EM 15", "ref": "EN 15", "surface": "asphalt"}}, {"type": "Feature", "geometry": {"type": "MultiPolygon", "coordinates": [[[[-8.0815347, 41.2728804], [-8.0815238, 41.2728422], [-8.0814976, 41.2728083], [-8.0814589, 41.2727822], [-8.0814112, 41.2727663], [-8.0813594, 41.2727623], [-8.0813085, 41.2727705], [-8.0812635, 41.2727902], [-8.0812287, 41.2728193], [-8.0812076, 41.2728551], [-8.0812023, 41.272894], [-8.0812132, 41.2729323], [-8.0812393, 41.2729662], [-8.0812781, 41.2729923], [-8.0813257, 41.2730081], [-8.0813775, 41.2730121], [-8.0814285, 41.2730039], [-8.0814735, 41.2729843], [-8.0815083, 41.2729552], [-8.0815294, 41.2729194], [-8.0815347, 41.2728804]]]]}, "properties": {"highway": "primary", "junction": "roundabout", "lanes": "2", "ref": "EN 15;EN 101;EM 210;EM 312", "surface": "asphalt"}}, {"type": "Feature", "geometry": {"type": "MultiPolygon", "coordinates": [[[[-8.0824114, 41.2739326], [-8.0823993, 41.2738956], [-8.0823719, 41.2738635], [-8.0823321, 41.2738399], [-8.0822843, 41.2738273], [-8.0822336, 41.273827], [-8.0821856, 41.2738391], [-8.0821454, 41.2738623], [-8.0821173, 41.273894], [-8.0821045, 41.2739309], [-8.0821083, 41.2739688], [-8.0821283, 41.2740038], [-8.0821624, 41.274032], [-8.0822068, 41.2740504], [-8.0822567, 41.274057], [-8.0823068, 41.274051], [-8.0823515, 41.2740331], [-8.0823861, 41.2740053], [-8.0824068, 41.2739705], [-8.0824114, 41.2739326]]]]}, "properties": {"highway": "primary", "junction": "roundabout", "lanes": "2", "ref": "EN 15;EN 101;EM 312", "surface": "asphalt"}}]}