{"type": "FeatureCollection", "features": [{"type": "Feature", "geometry": {"type": "Point", "coordinates": [-8.525171, 40.9544392]}, "properties": {"distance": "281", "highway": "milestone", "ref": "EN 1"}}, {"type": "Feature", "geometry": {"type": "Point", "coordinates": [-8.5050898, 40.9346779]}, "properties": {"distance": "278", "highway": "milestone", "ref": "EN 1"}}, {"type": "Feature", "geometry": {"type": "Point", "coordinates": [-8.6035789, 41.1104473]}, "properties": {"distance": "301.0", "highway": "milestone", "ref": "EN 1"}}, {"type": "Feature", "geometry": {"type": "Point", "coordinates": [-8.5521292, 41.0057275]}, "properties": {"distance": "288", "highway": "milestone", "ref": "EN 1"}}, {"type": "Feature", "geometry": {"type": "Point", "coordinates": [-8.5087879, 40.9432106]}, "properties": {"distance": "279", "highway": "milestone", "ref": "EN 1"}}, {"type": "Feature", "geometry": {"type": "Point", "coordinates": [-8.6020565, 41.1021076]}, "properties": {"distance": "300.0", "highway": "milestone", "ref": "EN 1"}}, {"type": "Feature", "geometry": {"type": "Point", "coordinates": [-8.5901584, 41.0873306]}, "properties": {"check_date": "2023-11-13", "distance": "298.0", "highway": "milestone", "ref": "EN 1"}}, {"type": "Feature", "geometry": {"type": "Point", "coordinates": [-8.5826435, 41.0803532]}, "properties": {"distance": "297", "highway": "milestone", "ref": "EN 1"}}, {"type": "Feature", "geometry": {"type": "Point", "coordinates": [-8.4906812, 40.7417704]}, "properties": {"distance": "253", "highway": "milestone", "ref": "EN 1"}}, {"type": "Feature", "geometry": {"type": "Point", "coordinates": [-8.5610197, 41.04015]}, "properties": {"distance": "292", "highway": "milestone", "ref": "EN 1"}}, {"type": "Feature", "geometry": {"type": "Point", "coordinates": [-8.4706255, 40.6356631]}, "properties": {"direction": "forward", "distance": "240", "highway": "milestone", "ref": "EN 1"}}, {"type": "Feature", "geometry": {"type": "Point", "coordinates": [-8.5356879, 40.9752429]}, "properties": {"distance": "284", "highway": "milestone", "ref": "EN 1"}}, {"type": "Feature", "geometry": {"type": "Point", "coordinates": [-8.4703109, 40.6366414]}, "properties": {"distance": "241.1", "highway": "milestone", "ref": "EN 1"}}, {"type": "Feature", "geometry": {"type": "Point", "coordinates": [-8.5146288, 40.9507061]}, "properties": {"distance": "280", "highway": "milestone", "ref": "EN 1"}}, {"type": "Feature", "geometry": {"type": "Point", "coordinates": [-8.5658457, 41.0482488]}, "properties": {"distance": "293", "highway": "milestone", "ref": "EN 1"}}, {"type": "Feature", "geometry": {"type": "Point", "coordinates": [-8.523201, 40.9532734]}, "properties": {"distance": "280.8", "highway": "milestone", "ref": "EN 1"}}, {"type": "Feature", "geometry": {"type": "Point", "coordinates": [-8.5430346, 41.0003693]}, "properties": {"distance": "287", "highway": "milestone", "ref": "EN 1"}}, {"type": "Feature", "geometry": {"type": "Point", "coordinates": [-8.5387957, 40.9922234]}, "properties": {"distance": "286", "highway": "milestone", "ref": "EN 1"}}, {"type": "Feature", "geometry": {"type": "Point", "coordinates": [-8.5363904, 40.9835801]}, "properties": {"distance": "285", "highway": "milestone", "ref": "EN 1"}}, {"type": "Feature", "geometry": {"type": "Point", "coordinates": [-8.4864214, 40.7241014]}, "properties": {"distance": "251", "highway": "milestone", "ref": "EN 1"}}, {"type": "Feature", "geometry": {"type": "LineString", "coordinates": [[-8.4379858, 40.2304934], [-8.4380504, 40.2302791], [-8.4380815, 40.2301474], [-8.4382786, 40.2293623], [-8.4383061, 40.2292665], [-8.4383417, 40.2291344], [-8.4383939, 40.2289654], [-8.4384758, 40.2287254], [-8.4386042, 40.22839], [-8.4386903, 40.2282058], [-8.4387206, 40.2281474], [-8.4387931, 40.2280078], [-8.4388228, 40.2279506]]}, "properties": {"highway": "primary", "lanes": "2", "name": "Rua Manuel de Almeida e Sousa", "ref": "EN 1", "source": "bing"}}, {"type": "Feature", "geometry": {"type": "LineString", "coordinates": [[-8.4354898, 40.2029302], [-8.4355455, 40.2027267], [-8.4355539, 40.2026917], [-8.4356428, 40.2021686], [-8.4356572, 40.2020777], [-8.4356672, 40.202008], [-8.4357339, 40.2016407], [-8.4357377, 40.2016231], [-8.4358596, 40.2010795], [-8.4358697, 40.2010174], [-8.435876, 40.200964], [-8.4358822, 40.2008776], [-8.4358966, 40.2006628], [-8.4358975, 40.2006344], [-8.4359003, 40.200516], [-8.4358911, 40.2003413], [-8.4358433, 40.2001079], [-8.4358202, 40.2000112], [-8.4357796, 40.199858], [-8.4356478, 40.1993283], [-8.4356397, 40.1992301], [-8.4356358, 40.1991205], [-8.4356663, 40.1987858], [-8.4357415, 40.1985068], [-8.435836, 40.1982612], [-8.435979, 40.1979345], [-8.4360781, 40.1977064], [-8.4361928, 40.1974323], [-8.4362346, 40.1973555], [-8.4362579, 40.1973211], [-8.4362731, 40.1973053], [-8.4363053, 40.1972808]]}, "properties": {"highway": "primary", "lanes": "2", "name": "Rua Carlos Alberto Pinto de Abreu", "ref": "EN 1", "sidewalk": "both", "surface": "asphalt"}}, {"type": "Feature", "geometry": {"type": "LineString", "coordinates": [[-8.6289941, 39.9300196], [-8.6289424, 39.9301147], [-8.6287123, 39.9310482]]}, "properties": {"highway": "trunk", "lanes": "1", "maxspeed": "60", "oneway": "yes", "ref": "IC 2;EN 1", "smoothness": "good", "surface": "asphalt"}}, {"type": "Feature", "geometry": {"type": "LineString", "coordinates": [[-8.8297819, 39.6556899], [-8.8294271, 39.6558344], [-8.8292068, 39.6559263], [-8.8289085, 39.6560687]]}, "properties": {"highway": "primary", "lanes": "3", "lanes:backward": "2", "lanes:forward": "1", "ref": "EN 1", "surface": "asphalt"}}, {"type": "Feature", "geometry": {"type": "LineString", "coordinates": [[-8.8276972, 39.6570151], [-8.827586, 39.6571787], [-8.8275214, 39.6572907], [-8.8274523, 39.657436], [-8.8274052, 39.6575434], [-8.8273709, 39.65763], [-8.8273378, 39.6577337], [-8.8273046, 39.6578511], [-8.8272748, 39.6579793], [-8.8272599, 39.6580694], [-8.8272628, 39.6581349]]}, "properties": {"cycleway:both": "no", "highway": "primary", "lanes": "1", "oneway": "yes", "ref": "EN 1", "surface": "asphalt"}}, {"type": "Feature", "geometry": {"type": "LineString", "coordinates": [[-8.8279656, 39.6567143], [-8.8276972, 39.6570151]]}, "properties": {"bridge": "yes", "cycleway:both": "no", "highway": "primary", "lanes": "1", "layer": "2", "maxweight:signed": "no", "oneway": "yes", "ref": "EN 1", "surface": "asphalt"}}, {"type": "Feature", "geometry": {"type": "LineString", "coordinates": [[-8.8278183, 39.6570808], [-8.828097, 39.6567631]]}, "properties": {"bridge": "yes", "cycleway:both": "no", "highway": "primary", "lanes": "2", "layer": "2", "maxweight:signed": "no", "oneway": "yes", "ref": "EN 1", "surface": "asphalt"}}, {"type": "Feature", "geometry": {"type": "LineString", "coordinates": [[-8.828097, 39.6567631], [-8.8282787, 39.6565765], [-8.8283518, 39.656512], [-8.8284284, 39.6564474], [-8.828624, 39.6562977], [-8.8288267, 39.6561531], [-8.8289085, 39.6560687]]}, "properties": {"highway": "primary", "lanes": "2", "oneway": "yes", "ref": "EN 1", "surface": "asphalt"}}, {"type": "Feature", "geometry": {"type": "LineString", "coordinates": [[-8.4494309, 40.3809657], [-8.44946, 40.3809593], [-8.4494876, 40.3809496], [-8.4495129, 40.3809368], [-8.4495329, 40.3809234], [-8.4495503, 40.3809081], [-8.449565, 40.3808912], [-8.4495767, 40.380873], [-8.4495885, 40.3808418], [-8.4495915, 40.3808095], [-8.4495856, 40.3807774], [-8.449571, 40.3807469], [-8.4495483, 40.3807195], [-8.4495306, 40.3807044], [-8.4495104, 40.3806913], [-8.4494882, 40.3806802], [-8.4494643, 40.3806715], [-8.4494391, 40.3806653], [-8.4494131, 40.3806616], [-8.4493867, 40.3806605], [-8.4493604, 40.380662], [-8.4493345, 40.3806662], [-8.4493096, 40.3806729], [-8.449286, 40.380682], [-8.4492642, 40.3806933], [-8.4492483, 40.3807039], [-8.449234, 40.3807156], [-8.4492213, 40.3807284], [-8.4492104, 40.3807421], [-8.4492015, 40.3807566], [-8.4491931, 40.380776], [-8.4491881, 40.380796], [-8.4491866, 40.3808164], [-8.4491886, 40.3808368], [-8.4491942, 40.3808567], [-8.4492032, 40.3808759], [-8.4492154, 40.3808941], [-8.4492306, 40.3809109], [-8.4492478, 40.3809253], [-8.4492673, 40.380938], [-8.4492886, 40.3809487], [-8.4493116, 40.3809573], [-8.4493405, 40.3809645], [-8.4493704, 40.3809684], [-8.4494008, 40.3809688], [-8.4494309, 40.3809657]]}, "properties": {"highway": "primary", "junction": "roundabout", "lanes": "2", "maxspeed": "50", "ref": "IC 2;EN 1", "source": "Bing", "surface": "asphalt"}}, {"type": "Feature", "geometry": {"type": "LineString", "coordinates": [[-8.4493455, 40.3804091], [-8.4493061, 40.3800737], [-8.4493006, 40.3799645], [-8.4493098, 40.3798575], [-8.4495009, 40.3787293], [-8.4495724, 40.3784086]]}, "properties": {"alt_name": "EN 1 / EN 234", "highway": "primary", "lanes": "2", "maxspeed": "50", "oneway": "no", "ref": "IC 2;EN 1", "sidewalk:both": "no", "source": "Bing", "surface": "asphalt"}}, {"type": "Feature", "geometry": {"type": "LineString", "coordinates": [[-8.4498234, 40.3777526], [-8.4498136, 40.3777461], [-8.4498031, 40.3777401]]}, "properties": {"highway": "primary", "junction": "roundabout", "lane_markings": "no", "maxspeed": "50", "ref": "IC 2;EN 1", "surface": "asphalt"}}, {"type": "Feature", "geometry": {"type": "LineString", "coordinates": [[-8.4498031, 40.3777401], [-8.4497532, 40.3775455], [-8.4498774, 40.3767249], [-8.4500152, 40.3758143], [-8.450097, 40.3756274]]}, "properties": {"alt_name": "EN 1 / EN 234", "highway": "primary", "lanes": "1", "maxspeed": "50", "oneway": "yes", "ref": "IC 2;EN 1", "surface": "asphalt"}}, {"type": "Feature", "geometry": {"type": "LineString", "coordinates": [[-8.4500324, 40.3756391], [-8.450097, 40.3756274], [-8.4501398, 40.3756079], [-8.4501746, 40.3755806], [-8.4502043, 40.3755354], [-8.450212, 40.3754852], [-8.4501967, 40.3754361], [-8.4501711, 40.3754035], [-8.4501353, 40.375377], [-8.4500917, 40.3753585], [-8.4500434, 40.3753492], [-8.4499935, 40.3753498], [-8.4499455, 40.3753602], [-8.4499027, 40.3753797], [-8.449868, 40.3754069], [-8.4498437, 40.3754401], [-8.4498315, 40.3754769], [-8.4498323, 40.3755149], [-8.4498459, 40.3755515], [-8.4498715, 40.3755841], [-8.4499073, 40.3756105], [-8.4499666, 40.3756332], [-8.4500324, 40.3756391]]}, "properties": {"highway": "primary", "junction": "roundabout", "maxspeed": "50", "ref": "IC 2;EN 1", "surface": "asphalt"}}, {"type": "Feature", "geometry": {"type": "LineString", "coordinates": [[-8.4507527, 40.3726005], [-8.4505657, 40.3728732], [-8.4504952, 40.3730057], [-8.4504431, 40.3731397], [-8.4503977, 40.3732777], [-8.4503685, 40.3734091], [-8.4502529, 40.3740609]]}, "properties": {"alt_name": "EN1 / EN234", "highway": "primary", "lanes": "2", "lit": "yes", "maxspeed": "50", "name": "Alameda da Cidade", "oneway": "no", "ref": "IC 2;EN 1", "surface": "asphalt"}}, {"type": "Feature", "geometry": {"type": "LineString", "coordinates": [[-8.4544731, 40.3673167], [-8.4545402, 40.3673511], [-8.4546161, 40.3673706], [-8.4546911, 40.3673645], [-8.4547449, 40.3673476], [-8.4547614, 40.3673341], [-8.4548003, 40.3672958], [-8.4548332, 40.3672465], [-8.454863, 40.3671501], [-8.4548653, 40.3670704], [-8.4548603, 40.3669952], [-8.4548385, 40.3669215], [-8.454803, 40.3668574], [-8.4547605, 40.3668034]]}, "properties": {"highway": "primary", "junction": "roundabout", "lanes": "2", "maxspeed": "50", "ref": "IC 2;EN 1", "surface": "asphalt"}}, {"type": "Feature", "geometry": {"type": "LineString", "coordinates": [[-8.4541725, 40.3687626], [-8.4538085, 40.3692061]]}, "properties": {"alt_name": "EN1 / EN234", "highway": "primary", "lanes": "2", "maxspeed": "50", "oneway": "no", "ref": "IC 2;EN 1", "surface": "asphalt"}}, {"type": "Feature", "geometry": {"type": "LineString", "coordinates": [[-8.4541725, 40.3687626], [-8.4544232, 40.3684256], [-8.454511, 40.3682621], [-8.4545822, 40.3680771], [-8.4546205, 40.3679464], [-8.4546434, 40.3678203], [-8.454675, 40.3675369], [-8.4546934, 40.3674405], [-8.4547449, 40.3673476]]}, "properties": {"alt_name": "EN1 / EN234", "highway": "primary", "maxspeed": "50", "oneway": "yes", "ref": "IC 2;EN 1", "surface": "asphalt"}}, {"type": "Feature", "geometry": {"type": "LineString", "coordinates": [[-8.9826576, 38.9683742], [-8.9826574, 38.9682419], [-8.9826574, 38.9681351], [-8.9826746, 38.9680484], [-8.982747, 38.967853], [-8.982829, 38.9676461]]}, "properties": {"highway": "primary", "name": "Avenida Barranco de Cegos", "oneway": "yes", "ref": "EN 1"}}, {"type": "Feature", "geometry": {"type": "LineString", "coordinates": [[-8.4433392, 40.2501689], [-8.4433022, 40.2499502], [-8.4430982, 40.2492728], [-8.442836, 40.2484857], [-8.4426934, 40.2481649], [-8.4426298, 40.2480191], [-8.4425316, 40.2478236]]}, "properties": {"highway": "primary", "lanes": "2", "name": "Rua Manuel Madeira", "ref": "EN 1", "source": "bing", "surface": "asphalt"}}, {"type": "Feature", "geometry": {"type": "LineString", "coordinates": [[-8.9512979, 39.3442471], [-8.951277, 39.3441592], [-8.9512592, 39.3440409]]}, "properties": {"highway": "primary", "lanes": "1", "maxspeed": "50", "name": "Avenida dos Combatentes", "oneway": "yes", "ref": "EN 1", "surface": "asphalt"}}, {"type": "Feature", "geometry": {"type": "LineString", "coordinates": [[-8.4994657, 40.1203515], [-8.4995435, 40.120244], [-8.4998294, 40.1199724], [-8.5001108, 40.1196734], [-8.5009331, 40.1187602], [-8.5013249, 40.1182692], [-8.5016889, 40.117766], [-8.5020972, 40.117106], [-8.5024737, 40.1164183], [-8.5026187, 40.1160818], [-8.5029631, 40.1152273], [-8.5029915, 40.1151463], [-8.5031222, 40.1147732], [-8.5032587, 40.1141966], [-8.5032733, 40.1141228], [-8.5034381, 40.1132246], [-8.5035111, 40.1123694], [-8.503513, 40.1116771], [-8.5033991, 40.1105977], [-8.5032347, 40.1095702], [-8.5029959, 40.1085832], [-8.5027333, 40.107484], [-8.5026863, 40.1071275], [-8.50266, 40.1068237]]}, "properties": {"highway": "trunk", "lanes": "1", "lit": "yes", "maxheight": "5", "maxspeed": "50", "old_ref": "EN 1", "oneway": "yes", "ref": "EN 1;IC 2", "source": "bing", "surface": "asphalt"}}, {"type": "Feature", "geometry": {"type": "LineString", "coordinates": [[-8.4433392, 40.2501689], [-8.4433096, 40.2503474], [-8.4432471, 40.2505536]]}, "properties": {"highway": "primary", "lanes": "1", "name": "Rua Manuel Madeira", "oneway": "yes", "ref": "EN 1", "source": "bing", "surface": "asphalt"}}, {"type": "Feature", "geometry": {"type": "LineString", "coordinates": [[-8.4507367, 40.3939814], [-8.4507359, 40.3941251]]}, "properties": {"highway": "primary", "lanes": "2", "maxspeed": "50", "name": "Avenida da Restaura\u00e7\u00e3o", "oneway": "no", "ref": "IC 2;EN 1", "source": "Bing", "surface": "asphalt"}}, {"type": "Feature", "geometry": {"type": "LineString", "coordinates": [[-8.4496621, 40.3819453], [-8.4496461, 40.3817555]]}, "properties": {"highway": "primary", "lanes": "1", "maxspeed": "50", "name": "Avenida da Floresta", "oneway": "yes", "ref": "IC 2;EN 1", "source": "Bing", "surface": "asphalt"}}, {"type": "Feature", "geometry": {"type": "LineString", "coordinates": [[-8.4544731, 40.3673167], [-8.4545262, 40.3674064], [-8.4545466, 40.3675103], [-8.45455, 40.3676101], [-8.4545243, 40.3678035], [-8.4544987, 40.3679394], [-8.4544638, 40.3680707], [-8.4544049, 40.3682437], [-8.4543378, 40.3684136], [-8.4541725, 40.3687626]]}, "properties": {"alt_name": "EN1 / EN234", "highway": "primary", "maxspeed": "50", "oneway": "yes", "ref": "IC 2;EN 1", "surface": "asphalt"}}, {"type": "Feature", "geometry": {"type": "LineString", "coordinates": [[-8.4443738, 40.238657], [-8.4444398, 40.2385148], [-8.4444781, 40.2384277], [-8.444491, 40.2383982], [-8.4445217, 40.2383305], [-8.4447741, 40.2377731], [-8.4448817, 40.2373418], [-8.4449018, 40.23721], [-8.4449647, 40.2368564], [-8.4449823, 40.2367251], [-8.4449914, 40.2366574], [-8.4450284, 40.2363808], [-8.4450641, 40.2361469], [-8.4450393, 40.2358474], [-8.4449015, 40.2356034], [-8.4447675, 40.2354593], [-8.4445288, 40.2353012], [-8.4441705, 40.2351748], [-8.4431094, 40.2350091], [-8.4427132, 40.2349472], [-8.4424638, 40.2349074], [-8.4422593, 40.2348779], [-8.4415613, 40.2347667], [-8.441298, 40.2346877], [-8.4411116, 40.2346102]]}, "properties": {"highway": "primary", "lanes": "2", "name": "Rua Manuel Madeira", "ref": "EN 1", "source": "bing", "surface": "asphalt"}}, {"type": "Feature", "geometry": {"type": "LineString", "coordinates": [[-8.5223276, 40.0870549], [-8.5231544, 40.086504], [-8.5236943, 40.0859652], [-8.5239443, 40.0855084], [-8.5240394, 40.0853056], [-8.5240818, 40.0851258], [-8.5241354, 40.0847351], [-8.5241422, 40.0843293], [-8.5240844, 40.0839778], [-8.5239285, 40.0836427], [-8.5237491, 40.0832985], [-8.5234885, 40.0829194], [-8.5229854, 40.0823011], [-8.5227969, 40.0820323], [-8.5226365, 40.081786], [-8.5225193, 40.081471], [-8.5224445, 40.0811328], [-8.5224324, 40.0809971], [-8.5224147, 40.0807168], [-8.522457, 40.0804357], [-8.5226709, 40.0794239], [-8.5227671, 40.0788617], [-8.5231207, 40.0778045], [-8.523954, 40.0758676], [-8.5241353, 40.0754674], [-8.5247416, 40.0741292], [-8.5253226, 40.0728274], [-8.5256792, 40.0720282], [-8.5264374, 40.070342], [-8.5273325, 40.068411], [-8.5273891, 40.0683325], [-8.5274983, 40.0681812], [-8.5276985, 40.0679037], [-8.5278509, 40.0676902], [-8.5281815, 40.067227], [-8.5293007, 40.065659], [-8.5297709, 40.0650232], [-8.5303753, 40.0645208], [-8.5315442, 40.0636665], [-8.5321348, 40.0631761], [-8.53261, 40.0627084], [-8.5327006, 40.062631], [-8.5330865, 40.0623012], [-8.5335845, 40.0619967], [-8.5350812, 40.0614042], [-8.5359014, 40.0610101]]}, "properties": {"highway": "trunk", "lanes": "2", "lit": "no", "parking:both": "no", "ref": "IC 2;EN 1", "smoothness": "good", "surface": "asphalt"}}, {"type": "Feature", "geometry": {"type": "LineString", "coordinates": [[-8.50266, 40.1068237], [-8.5026292, 40.1071335], [-8.5026696, 40.1074918], [-8.5029413, 40.1087428], [-8.5031427, 40.1095306], [-8.5031824, 40.1097039], [-8.5033236, 40.1106041], [-8.5034413, 40.1116795], [-8.5034352, 40.1123673], [-8.5033689, 40.1132183], [-8.5032027, 40.1141246], [-8.5031961, 40.1141505], [-8.5031661, 40.1142688], [-8.503042, 40.1147591], [-8.5028665, 40.1152573], [-8.5025404, 40.1160627], [-8.5025296, 40.1160878], [-8.5023965, 40.1163966], [-8.5020303, 40.1170831], [-8.5016252, 40.1177373], [-8.5012632, 40.1182378], [-8.5008779, 40.1187275], [-8.5000433, 40.1196375], [-8.499774, 40.1199353], [-8.4994704, 40.1201996], [-8.4994052, 40.1202302], [-8.4993627, 40.1202501]]}, "properties": {"highway": "trunk", "lanes": "1", "lit": "yes", "maxheight:signed": "no", "maxspeed": "50", "old_ref": "EN 1", "oneway": "yes", "ref": "IC 2;EN 1", "surface": "asphalt"}}, {"type": "Feature", "geometry": {"type": "LineString", "coordinates": [[-8.8272628, 39.6581349], [-8.8273062, 39.6580703], [-8.8273345, 39.6579885]]}, "properties": {"cycleway:both": "no", "highway": "primary", "lanes": "1", "oneway": "yes", "parking:both": "no", "ref": "EN 1", "sidewalk": "no", "surface": "asphalt"}}, {"type": "Feature", "geometry": {"type": "LineString", "coordinates": [[-8.9823703, 38.96832], [-8.9823309, 38.9683358], [-8.9822688, 38.968379], [-8.9822283, 38.9684356], [-8.9822137, 38.9684993], [-8.9822178, 38.9685367], [-8.9822309, 38.9685727]]}, "properties": {"highway": "primary", "junction": "roundabout", "lanes": "2", "ref": "EN 1", "surface": "asphalt"}}, {"type": "Feature", "geometry": {"type": "LineString", "coordinates": [[-8.5809271, 41.0720173], [-8.5797502, 41.0717391], [-8.5796459, 41.0717155], [-8.5795831, 41.0717087], [-8.5794224, 41.0717011], [-8.5792014, 41.0717106], [-8.5790921, 41.0716847], [-8.5789474, 41.071647]]}, "properties": {"highway": "primary", "lanes": "1", "name": "Rua da Senhora do Monte", "oneway": "yes", "ref": "EN 1", "surface": "asphalt"}}, {"type": "Feature", "geometry": {"type": "LineString", "coordinates": [[-8.5754307, 41.0664176], [-8.5754565, 41.0664665], [-8.5755173, 41.0665345], [-8.5756331, 41.0666054], [-8.5757364, 41.0666744], [-8.5758169, 41.0667332], [-8.5759006, 41.0668007], [-8.5759256, 41.066832], [-8.575946, 41.0668575]]}, "properties": {"highway": "primary", "lanes": "1", "lit": "yes", "maxspeed": "50", "name": "Avenida Doutor Moreira de Sousa", "oneway": "yes", "ref": "EN 1", "surface": "asphalt"}}, {"type": "Feature", "geometry": {"type": "LineString", "coordinates": [[-8.982829, 38.9676461], [-8.9831112, 38.9669658], [-8.983153, 38.9668621], [-8.9838355, 38.9651669], [-8.9839582, 38.9648792], [-8.9840546, 38.9647371]]}, "properties": {"highway": "primary", "lanes": "2", "name": "Avenida Barranco de Cegos", "oneway": "yes", "ref": "EN 1", "surface": "asphalt"}}, {"type": "Feature", "geometry": {"type": "LineString", "coordinates": [[-8.5552999, 41.0103626], [-8.5554194, 41.0104379]]}, "properties": {"alt_name": "Rua da Estrada Nacional N.\u00ba 1;Estrada Nacional N\u00ba1;Rua da Estrada Nacional N\u00famero 1;Rua EN1;EN1;Estrada Nacional 1", "destination": "Porto;Carvalhos;Argoncilhe", "destination:ref": "EN 1", "highway": "primary", "lanes": "1", "lit": "yes", "name": "Rua Estrada Nacional N\u00ba 1", "note": "mesmo tendo oficialmente sido alterada para IC2, ainda \u00e9 referida nas placas no terreno como N1 por isso a ref principal deve levar ambas as refer\u00eancias", "old_ref": "EN 1", "oneway": "yes", "ref": "EN 1", "ref:official": "IC 2", "source": "BING", "surface": "asphalt"}}, {"type": "Feature", "geometry": {"type": "LineString", "coordinates": [[-8.5550655, 41.0095399], [-8.5550692, 41.0096974], [-8.5550208, 41.0098518]]}, "properties": {"alt_name": "Rua da Estrada Nacional N.\u00ba 1;Estrada Nacional N\u00ba1;Rua da Estrada Nacional N\u00famero 1;Rua EN1;EN1;Estrada Nacional 1", "highway": "primary", "lanes": "1", "lit": "yes", "maxspeed": "50", "name": "Rua Estrada Nacional N\u00ba 1", "note": "mesmo tendo oficialmente sido alterada para IC2, ainda \u00e9 referida nas placas no terreno como N1 por isso a ref principal deve levar ambas as refer\u00eancias", "old_ref": "EN 1", "oneway": "yes", "ref": "EN 1", "ref:official": "IC 2", "source": "BING", "surface": "asphalt"}}, {"type": "Feature", "geometry": {"type": "LineString", "coordinates": [[-8.5552854, 41.0097817], [-8.5551723, 41.0096756], [-8.5550655, 41.0095399]]}, "properties": {"alt_name": "Rua da Estrada Nacional N.\u00ba 1;Estrada Nacional N\u00ba1;Rua da Estrada Nacional N\u00famero 1;Rua EN1;EN1;Estrada Nacional 1", "destination": "Santa Maria da Feira;S\u00e3o Jo\u00e3o da Madeira", "destination:ref": "EN 1", "highway": "primary", "lanes": "1", "lit": "yes", "maxspeed": "50", "name": "Rua Estrada Nacional N\u00ba 1", "note": "mesmo tendo oficialmente sido alterada para IC2, ainda \u00e9 referida nas placas no terreno como N1 por isso a ref principal deve levar ambas as refer\u00eancias", "old_ref": "EN 1", "oneway": "yes", "ref": "EN 1", "ref:official": "IC 2", "source": "BING", "surface": "asphalt"}}, {"type": "Feature", "geometry": {"type": "LineString", "coordinates": [[-8.5555209, 41.0105241], [-8.5555056, 41.0104165], [-8.5555089, 41.0103594], [-8.5555109, 41.0103009]]}, "properties": {"alt_name": "Rua da Estrada Nacional N.\u00ba 1;Estrada Nacional N\u00ba1;Rua da Estrada Nacional N\u00famero 1;Rua EN1;EN1;Estrada Nacional 1", "highway": "primary", "lanes": "1", "lit": "yes", "name": "Rua Estrada Nacional N\u00ba 1", "note": "mesmo tendo oficialmente sido alterada para IC2, ainda \u00e9 referida nas placas no terreno como N1 por isso a ref principal deve levar ambas as refer\u00eancias", "old_ref": "EN 1", "oneway": "yes", "ref": "EN 1", "ref:official": "IC 2", "source": "BING", "surface": "asphalt"}}, {"type": "Feature", "geometry": {"type": "LineString", "coordinates": [[-9.0035227, 39.0511432], [-9.0036187, 39.0512387], [-9.0036613, 39.0512799]]}, "properties": {"highway": "primary", "lanes": "2", "ref": "EN 1", "surface": "asphalt"}}, {"type": "Feature", "geometry": {"type": "LineString", "coordinates": [[-8.5809086, 41.0720847], [-8.5811208, 41.0721356], [-8.5816393, 41.07226]]}, "properties": {"bridge": "yes", "highway": "primary", "lanes": "2", "layer": "1", "maxweight:signed": "no", "name": "Rua da Senhora do Monte", "oneway": "yes", "ref": "EN 1", "surface": "asphalt"}}, {"type": "Feature", "geometry": {"type": "LineString", "coordinates": [[-8.5809717, 41.0745756], [-8.5809352, 41.0747548], [-8.5809163, 41.0750679]]}, "properties": {"bridge": "yes", "highway": "primary", "lanes": "1", "layer": "1", "maxweight:signed": "no", "name": "Rua da Senhora do Monte", "oneway": "yes", "ref": "EN 1", "surface": "asphalt"}}, {"type": "Feature", "geometry": {"type": "LineString", "coordinates": [[-8.5809163, 41.0750679], [-8.5809042, 41.0756366], [-8.5809053, 41.0759762], [-8.5809425, 41.0762986], [-8.5809514, 41.0763396], [-8.5810525, 41.0768074], [-8.5811363, 41.0770502], [-8.5812056, 41.0771636]]}, "properties": {"highway": "primary", "lanes": "1", "name": "Rua da Senhora do Monte", "oneway": "yes", "ref": "EN 1", "surface": "asphalt"}}, {"type": "Feature", "geometry": {"type": "LineString", "coordinates": [[-8.7416676, 39.8052457], [-8.7418205, 39.8061737]]}, "properties": {"bridge": "yes", "highway": "trunk", "lanes": "1", "layer": "1", "lit": "no", "maxspeed": "70", "maxweight:signed": "no", "name": "Ponte da Madalena", "oneway": "yes", "ref": "IC 2;EN 1", "smoothness": "excellent", "surface": "asphalt"}}, {"type": "Feature", "geometry": {"type": "LineString", "coordinates": [[-8.4599277, 40.1650951], [-8.4599127, 40.1645867], [-8.4599038, 40.1645297]]}, "properties": {"highway": "primary", "lanes": "2", "name": "Estrada da Ponte", "ref": "EN 1", "surface": "asphalt"}}, {"type": "Feature", "geometry": {"type": "LineString", "coordinates": [[-8.4351501, 40.203401], [-8.4353409, 40.2031865], [-8.4354001, 40.2031001], [-8.435432, 40.2030255]]}, "properties": {"highway": "primary", "oneway": "yes", "ref": "EN 1", "sidewalk": "right", "surface": "asphalt"}}, {"type": "Feature", "geometry": {"type": "LineString", "coordinates": [[-8.4419157, 40.2656481], [-8.4421002, 40.2653905]]}, "properties": {"destination": "Vilela; Ad\u00e9mia; Torre de Vilela; Coimbra; Brasfemes", "destination:symbol": ";;;world_heritage_site;", "highway": "primary", "name": "Rua de Coimbra", "oneway": "yes", "ref": "EN 1"}}, {"type": "Feature", "geometry": {"type": "LineString", "coordinates": [[-8.4480379, 40.5745839], [-8.448071, 40.5747176]]}, "properties": {"highway": "primary", "name": "Rua Miseric\u00f3rdia de \u00c1gueda", "ref": "EN 1"}}, {"type": "Feature", "geometry": {"type": "LineString", "coordinates": [[-8.9956372, 39.2093708], [-8.9967774, 39.2081032], [-8.9970724, 39.207449], [-8.9971763, 39.2072185], [-8.9974758, 39.2065541], [-8.9987074, 39.2037572], [-8.998808, 39.2035711], [-8.9990115, 39.2031947], [-8.9992801, 39.2027241], [-9.0001115, 39.2012677], [-9.0010793, 39.1996212], [-9.0019568, 39.1981282], [-9.0021764, 39.1977307], [-9.0030198, 39.1962044], [-9.0033387, 39.1956272], [-9.0036734, 39.1949553], [-9.0042821, 39.1933356], [-9.0043258, 39.1932192], [-9.0044888, 39.1925872], [-9.0045403, 39.1917757], [-9.0045135, 39.1893336], [-9.004506, 39.1886557], [-9.0045088, 39.1881342], [-9.0045146, 39.1870259], [-9.0045832, 39.1866666], [-9.0047034, 39.1863672], [-9.0049891, 39.1858968], [-9.0051669, 39.1854159], [-9.0051841, 39.1849901], [-9.0051154, 39.1845111], [-9.005039, 39.1842838], [-9.0049004, 39.1840614], [-9.0043515, 39.183267], [-9.0024804, 39.1804927], [-9.0018385, 39.1795352], [-9.0010041, 39.1782904], [-9.00006, 39.1769065], [-8.9989785, 39.1752098], [-8.9981631, 39.1737326], [-8.9971074, 39.1714503], [-8.9969186, 39.1711708], [-8.9966182, 39.1709313], [-8.9956159, 39.1704119], [-8.9949874, 39.1700862], [-8.9946612, 39.1698932], [-8.9944209, 39.1696204], [-8.994275, 39.1692212], [-8.9941634, 39.1681365], [-8.9939488, 39.1665394], [-8.9939317, 39.1661135], [-8.9939574, 39.165315], [-8.9939832, 39.164736], [-8.9938887, 39.1643367], [-8.993554, 39.1637112], [-8.9932793, 39.1632453], [-8.9930047, 39.1628061], [-8.9928845, 39.1624601], [-8.992833, 39.162134], [-8.992936, 39.1614818], [-8.9931231, 39.1607151], [-8.9931553, 39.1605782], [-8.9936614, 39.1584252], [-8.9937562, 39.1580221], [-8.9938161, 39.1578062], [-8.9939004, 39.1575957], [-8.9939538, 39.1574952], [-8.994, 39.1574081], [-8.994115, 39.1572216], [-8.9942433, 39.1570228], [-8.9950115, 39.1558439], [-8.9951122, 39.1556883], [-8.9954761, 39.1551261], [-8.9955161, 39.1550722], [-8.9970789, 39.1525895], [-8.9971773, 39.1523574], [-8.9972325, 39.1520563], [-8.9972229, 39.1517012], [-8.9971173, 39.1513305], [-8.9969848, 39.1510654], [-8.9967936, 39.1507875], [-8.9958886, 39.1496548], [-8.9955624, 39.1492221], [-8.9952878, 39.1487562], [-8.9951391, 39.1484609], [-8.9950732, 39.1483302], [-8.9948758, 39.1474715], [-8.9944981, 39.1464597], [-8.9944381, 39.1461535], [-8.9944209, 39.145621], [-8.9944821, 39.1450465], [-8.9945778, 39.1441481], [-8.994603, 39.1439402], [-8.9946609, 39.1437035], [-8.9947419, 39.1434812], [-8.9948665, 39.1432394], [-8.9949757, 39.1430611], [-8.995104, 39.1428863], [-8.9966281, 39.1411155], [-8.9967543, 39.1409665], [-8.9968526, 39.1408313], [-8.9969519, 39.1406713], [-8.9970189, 39.1405137], [-8.997124, 39.1402081], [-8.9971691, 39.1400777], [-8.9975667, 39.138901], [-8.9976892, 39.1384205], [-8.9978541, 39.1377725], [-8.9978873, 39.1369971], [-8.9979056, 39.1365701], [-8.9979142, 39.1363678], [-8.9978198, 39.1358086], [-8.9976567, 39.1351561], [-8.9972876, 39.1343439], [-8.9970208, 39.1338222], [-8.9968756, 39.1335383], [-8.9965752, 39.1329458], [-8.9961289, 39.1322201], [-8.9955397, 39.1312777], [-8.9950217, 39.1304491], [-8.9947385, 39.1300629], [-8.9944896, 39.1298299], [-8.9940501, 39.1294976], [-8.9934682, 39.1290576], [-8.9928183, 39.128593], [-8.992155, 39.1281188], [-8.9918374, 39.1278458], [-8.9915627, 39.1275861], [-8.9914082, 39.1273065], [-8.9913052, 39.1270135], [-8.9912881, 39.1266806], [-8.9914157, 39.1259499], [-8.9914181, 39.1256017], [-8.9912537, 39.1251025], [-8.9912674, 39.1247445], [-8.9914535, 39.1242292], [-8.9916645, 39.1237371], [-8.991739, 39.1232772], [-8.9917684, 39.1230209], [-8.9918077, 39.1226788], [-8.9917086, 39.122266], [-8.9914511, 39.1217199], [-8.9911807, 39.121274], [-8.989904, 39.1195433], [-8.9898282, 39.1193863], [-8.98979, 39.1192505], [-8.9895748, 39.1180887], [-8.9895028, 39.117871], [-8.9893558, 39.1170002], [-8.9892446, 39.1164423], [-8.9891423, 39.1160198], [-8.9888411, 39.1151299]]}, "properties": {"highway": "primary", "lanes": "2", "ref": "IC 2;EN 1", "surface": "asphalt"}}, {"type": "Feature", "geometry": {"type": "LineString", "coordinates": [[-8.9870282, 39.1091337], [-8.9870738, 39.1086541], [-8.9871854, 39.1082346], [-8.9872642, 39.1080393]]}, "properties": {"highway": "primary", "lanes": "2", "ref": "IC 2;EN 1", "surface": "asphalt"}}, {"type": "Feature", "geometry": {"type": "LineString", "coordinates": [[-8.9870141, 39.1093301], [-8.9870282, 39.1091337]]}, "properties": {"bridge": "yes", "highway": "primary", "lanes": "2", "layer": "1", "ref": "IC 2;EN 1", "surface": "asphalt"}}, {"type": "Feature", "geometry": {"type": "LineString", "coordinates": [[-8.5046638, 40.9333289], [-8.5048599, 40.934091], [-8.504896, 40.9342315], [-8.504931, 40.9343425], [-8.5049725, 40.9344335], [-8.5050353, 40.9345644], [-8.5050495, 40.934594], [-8.5050898, 40.9346779], [-8.5051352, 40.934741], [-8.5052008, 40.9348321], [-8.5053334, 40.9349908], [-8.5063394, 40.9360644], [-8.5066723, 40.9364798], [-8.5069449, 40.9369039], [-8.5070577, 40.9371], [-8.5071543, 40.9372623], [-8.5072455, 40.9374262], [-8.5073907, 40.9376874], [-8.5074578, 40.9378298], [-8.5075078, 40.9379349], [-8.50757, 40.9380786], [-8.5076317, 40.938265], [-8.5077925, 40.9389185], [-8.507836, 40.9391167], [-8.5079605, 40.9396749], [-8.507988, 40.9397964], [-8.5079957, 40.9398313], [-8.5080206, 40.9399446], [-8.5080351, 40.9400088], [-8.5080471, 40.9400622]]}, "properties": {"highway": "primary", "lanes": "2", "maxspeed": "50", "name": "Rua da Meia L\u00e9gua", "oneway": "no", "ref": "EN 1", "surface": "asphalt"}}, {"type": "Feature", "geometry": {"type": "LineString", "coordinates": [[-8.5540739, 41.0079182], [-8.5536749, 41.007479], [-8.5535491, 41.0073326], [-8.5533191, 41.0070768], [-8.5530334, 41.0067544], [-8.5521292, 41.0057275], [-8.5515536, 41.005088], [-8.5513107, 41.0048162], [-8.5503804, 41.003764], [-8.5502609, 41.0036297], [-8.5497393, 41.0030438], [-8.5495632, 41.0028783], [-8.5493538, 41.0027237], [-8.549138, 41.0026058], [-8.5488498, 41.0024861], [-8.5485444, 41.0023641]]}, "properties": {"alt_name": "Rua da Estrada Nacional N.\u00ba 1;Estrada Nacional N\u00ba1;Rua da Estrada Nacional N\u00famero 1;Rua EN1;EN1;Estrada Nacional 1", "highway": "primary", "lanes": "2", "lit": "yes", "maxspeed": "50", "name": "Rua Estrada Nacional N\u00ba 1", "note": "mesmo tendo oficialmente sido alterada para IC2, ainda \u00e9 referida nas placas no terreno como N1 por isso a ref principal deve levar ambas as refer\u00eancias", "old_ref": "EN 1", "oneway": "no", "ref": "EN 1", "ref:official": "IC 2", "surface": "asphalt"}}, {"type": "Feature", "geometry": {"type": "LineString", "coordinates": [[-8.5379115, 40.9692631], [-8.5378955, 40.9692743], [-8.5378811, 40.9692868], [-8.5378612, 40.9693104], [-8.5378473, 40.9693363], [-8.53784, 40.9693638], [-8.5378395, 40.9693917], [-8.5378458, 40.9694193], [-8.5378587, 40.9694455], [-8.5378722, 40.9694635], [-8.537889, 40.96948]]}, "properties": {"highway": "primary", "junction": "roundabout", "lanes": "2", "maxspeed": "50", "name": "Avenida Principal", "ref": "EN 1", "surface": "asphalt"}}, {"type": "Feature", "geometry": {"type": "LineString", "coordinates": [[-9.003218, 39.0508711], [-9.0032766, 39.0509275], [-9.0033792, 39.0510262]]}, "properties": {"bridge": "yes", "highway": "primary", "lanes": "2", "layer": "1", "name": "Ponte de Santa Catarina", "oneway": "yes", "ref": "EN 1", "surface": "asphalt", "turn:lanes": "left|through;right"}}, {"type": "Feature", "geometry": {"type": "LineString", "coordinates": [[-8.9512592, 39.3440409], [-8.9511721, 39.3441314], [-8.9511485, 39.3441485], [-8.9510876, 39.3441924]]}, "properties": {"highway": "primary", "lanes": "1", "maxspeed": "50", "name": "Avenida dos Combatentes", "oneway": "yes", "ref": "EN 1", "surface": "asphalt"}}, {"type": "Feature", "geometry": {"type": "LineString", "coordinates": [[-8.9511333, 39.344466], [-8.9512597, 39.3445121], [-8.9513787, 39.3445693]]}, "properties": {"highway": "primary", "lanes": "1", "maxspeed": "50", "name": "Avenida dos Combatentes", "oneway": "yes", "ref": "EN 1", "surface": "asphalt"}}, {"type": "Feature", "geometry": {"type": "LineString", "coordinates": [[-8.9513787, 39.3445693], [-8.9513457, 39.3444137], [-8.9513403, 39.344388], [-8.9513276, 39.344342]]}, "properties": {"highway": "primary", "lanes": "1", "maxspeed": "50", "name": "Avenida dos Combatentes", "oneway": "yes", "ref": "EN 1", "surface": "asphalt"}}, {"type": "Feature", "geometry": {"type": "LineString", "coordinates": [[-8.8574389, 39.6009072], [-8.8574778, 39.6010835], [-8.8574804, 39.6011554], [-8.8574664, 39.6016312], [-8.8574639, 39.6017082], [-8.8574501, 39.602239], [-8.8574454, 39.6024341], [-8.8574683, 39.6026006]]}, "properties": {"highway": "trunk", "lanes": "1", "oneway": "yes", "ref": "IC 2;EN 1", "surface": "asphalt"}}, {"type": "Feature", "geometry": {"type": "LineString", "coordinates": [[-8.9631677, 39.3756967], [-8.9632763, 39.3754814], [-8.9634676, 39.3751621], [-8.9637215, 39.3747645]]}, "properties": {"highway": "trunk", "lanes": "2", "oneway": "yes", "ref": "IC 2;EN 1", "surface": "asphalt", "turn:lanes": "through|slight_right"}}, {"type": "Feature", "geometry": {"type": "LineString", "coordinates": [[-8.9562658, 39.4353112], [-8.9562928, 39.435135], [-8.956312, 39.4350669], [-8.9563907, 39.4348498], [-8.9564503, 39.4346795], [-8.9577559, 39.4316307], [-8.9586392, 39.4295643], [-8.9594379, 39.4276958], [-8.9597337, 39.4270039], [-8.9600233, 39.4263263], [-8.9608295, 39.4244432], [-8.9608735, 39.4243691], [-8.9609128, 39.4243175], [-8.9609541, 39.4242626]]}, "properties": {"highway": "trunk", "lanes": "1", "maxspeed": "50", "oneway": "yes", "ref": "IC 2;EN 1", "surface": "asphalt"}}, {"type": "Feature", "geometry": {"type": "LineString", "coordinates": [[-8.4763184, 40.8098979], [-8.4766985, 40.8074468], [-8.4767367, 40.8071856], [-8.476753, 40.8069592], [-8.4767788, 40.8062406], [-8.4767906, 40.8054801], [-8.4767964, 40.8050883], [-8.4768074, 40.8043488], [-8.4768327, 40.8041267], [-8.476889, 40.8038411]]}, "properties": {"highway": "primary", "lanes": "3", "maxspeed": "50", "name": "Estrada Nacional 1", "old_name": "Estrada Nacional 1", "oneway": "no", "ref": "IC 2;EN 1", "source": "Bing", "surface": "asphalt"}}, {"type": "Feature", "geometry": {"type": "LineString", "coordinates": [[-8.461036, 40.162283], [-8.4618357, 40.1617044], [-8.4620447, 40.1615273], [-8.4622218, 40.1612478], [-8.4622554, 40.1611746], [-8.4622895, 40.1611003], [-8.4624172, 40.1608221], [-8.4624585, 40.1607203], [-8.4625642, 40.160346], [-8.462747, 40.15915], [-8.4627886, 40.1590298], [-8.4629164, 40.1586604], [-8.4630194, 40.1584427]]}, "properties": {"highway": "primary", "name": "Estrada da Ponte", "ref": "EN 1"}}, {"type": "Feature", "geometry": {"type": "LineString", "coordinates": [[-8.4630194, 40.1584427], [-8.4631079, 40.1582699], [-8.4634802, 40.1574705], [-8.4636494, 40.1570633], [-8.463684, 40.1569919], [-8.4638037, 40.1567461], [-8.4638681, 40.1566138], [-8.4639922, 40.1562936], [-8.4640441, 40.156043], [-8.4640871, 40.1558356], [-8.4640889, 40.1553829], [-8.4640454, 40.1552391], [-8.4639749, 40.155089]]}, "properties": {"highway": "primary", "maxspeed": "50", "name": "Estrada da Ponte", "ref": "EN 1", "surface": "asphalt"}}, {"type": "Feature", "geometry": {"type": "LineString", "coordinates": [[-8.4529443, 40.1774005], [-8.4528896, 40.1774248], [-8.4528113, 40.1774552], [-8.4527099, 40.1774781]]}, "properties": {"highway": "primary", "lanes": "1", "lit": "yes", "oneway": "yes", "ref": "EN 1", "surface": "asphalt"}}, {"type": "Feature", "geometry": {"type": "LineString", "coordinates": [[-8.9554059, 39.228719], [-8.9555662, 39.2281116], [-8.9556819, 39.2277227], [-8.9557275, 39.2274995]]}, "properties": {"highway": "primary", "oneway": "yes", "ref": "EN 1"}}, {"type": "Feature", "geometry": {"type": "LineString", "coordinates": [[-8.7229607, 39.8274576], [-8.7230538, 39.8273846], [-8.7232361, 39.8271163]]}, "properties": {"highway": "trunk", "lanes": "2", "lit": "yes", "maxspeed": "50", "oneway": "yes", "ref": "IC 2;EN 1", "surface": "asphalt", "turn:lanes": "left;through|slight_right"}}, {"type": "Feature", "geometry": {"type": "LineString", "coordinates": [[-8.6306407, 39.9221263], [-8.6300905, 39.9224089]]}, "properties": {"bridge": "yes", "highway": "trunk", "lanes": "2", "layer": "1", "maxspeed": "50", "maxweight:signed": "no", "old_ref": "EN 1", "ref": "IC 2;EN 1", "smoothness": "good", "surface": "asphalt"}}, {"type": "Feature", "geometry": {"type": "LineString", "coordinates": [[-8.831203, 39.7156742], [-8.8312329, 39.7156373], [-8.8312526, 39.7155965], [-8.8312604, 39.7155618], [-8.8312608, 39.7155266], [-8.8312536, 39.7154918], [-8.8312392, 39.7154584], [-8.8312171, 39.7154265], [-8.8311884, 39.7153978], [-8.8311539, 39.7153732], [-8.8311144, 39.7153535], [-8.8310712, 39.7153391], [-8.8310255, 39.7153306]]}, "properties": {"cycleway:both": "no", "highway": "primary", "junction": "roundabout", "lanes": "2", "lit": "yes", "maxspeed": "50", "ref": "EN 1", "sidewalk": "no", "smoothness": "good", "surface": "asphalt"}}, {"type": "Feature", "geometry": {"type": "LineString", "coordinates": [[-8.8255262, 39.7317409], [-8.8256282, 39.7313967], [-8.8256723, 39.7312563], [-8.8257178, 39.7311043], [-8.825877, 39.7307643], [-8.8259781, 39.7305621], [-8.8260068, 39.730516], [-8.8260918, 39.7303793], [-8.8262053, 39.7302127], [-8.8262097, 39.7302062], [-8.8262373, 39.7301696]]}, "properties": {"cycleway:both": "no", "destination": "Lisboa;Leiria Este;Lisboa;Batalha;", "destination:ref": "A 8;;N 1;;", "destination:ref:to": "A 1;A 17", "destination:to": "Porto", "highway": "primary", "lanes": "1", "lit": "yes", "maxspeed": "80", "oneway": "yes", "ref": "EN 1", "smoothness": "excellent", "surface": "asphalt"}}, {"type": "Feature", "geometry": {"type": "LineString", "coordinates": [[-8.5379777, 40.9701613], [-8.5379915, 40.9700852], [-8.5380555, 40.9696975], [-8.5380647, 40.9696417], [-8.5381209, 40.9695582], [-8.5381536, 40.9695046]]}, "properties": {"highway": "primary", "lanes": "1", "maxspeed": "50", "name": "Avenida Principal", "oneway": "yes", "ref": "EN 1", "surface": "asphalt"}}, {"type": "Feature", "geometry": {"type": "LineString", "coordinates": [[-8.5381648, 40.9692613], [-8.5381199, 40.9691864], [-8.5381098, 40.9691217], [-8.5381559, 40.9685267], [-8.5381773, 40.9679834], [-8.5381246, 40.9676522]]}, "properties": {"highway": "primary", "lanes": "1", "lit": "yes", "maxspeed": "50", "name": "Rua do Areal", "oneway": "yes", "ref": "EN 1", "surface": "asphalt"}}, {"type": "Feature", "geometry": {"type": "LineString", "coordinates": [[-8.537889, 40.96948], [-8.5379036, 40.9695507], [-8.5379247, 40.9696353], [-8.5379292, 40.9696797], [-8.5379676, 40.9700611], [-8.5379777, 40.9701613]]}, "properties": {"highway": "primary", "lanes": "1", "maxspeed": "50", "name": "Avenida Principal", "oneway": "yes", "ref": "EN 1", "surface": "asphalt"}}, {"type": "Feature", "geometry": {"type": "LineString", "coordinates": [[-8.5381246, 40.9676522], [-8.5381099, 40.967997], [-8.5380705, 40.9685242], [-8.5379604, 40.9690998], [-8.5379405, 40.969194], [-8.5379115, 40.9692631]]}, "properties": {"highway": "primary", "lanes": "1", "lit": "yes", "maxspeed": "50", "name": "Rua do Areal", "oneway": "yes", "ref": "EN 1", "surface": "asphalt"}}, {"type": "Feature", "geometry": {"type": "LineString", "coordinates": [[-28.0062064, 39.0861677], [-28.006421, 39.0864429], [-28.0065544, 39.0865886], [-28.006716, 39.0867056], [-28.0068286, 39.0867539], [-28.0071515, 39.0868361], [-28.0080231, 39.0870935], [-28.0085553, 39.0872358], [-28.0086654, 39.0872615], [-28.0087363, 39.0872612]]}, "properties": {"highway": "primary", "name": "Rua Comandante Carlos Pereira Vidinha", "oneway": "yes", "ref": "EN 1", "surface": "asphalt"}}, {"type": "Feature", "geometry": {"type": "LineString", "coordinates": [[-28.0062064, 39.0861677], [-28.0060738, 39.0860112], [-28.0059953, 39.0859186]]}, "properties": {"highway": "primary", "name": "Rua Marquez de Pombal", "ref": "EN 1", "surface": "sett"}}, {"type": "Feature", "geometry": {"type": "LineString", "coordinates": [[-28.0087715, 39.0873049], [-28.008871, 39.0874159], [-28.0089667, 39.0875875], [-28.0089909, 39.0877592], [-28.0089857, 39.0880019], [-28.0090106, 39.0881063], [-28.0090782, 39.0882014], [-28.0092762, 39.0883263], [-28.0094755, 39.0884264], [-28.0100595, 39.0886679], [-28.0101991, 39.088727], [-28.0104766, 39.0888315], [-28.011393, 39.0892027], [-28.0118982, 39.0893926], [-28.0124132, 39.0896358], [-28.0127364, 39.0897876], [-28.0131191, 39.0899673], [-28.0133659, 39.0900659], [-28.0137098, 39.0901433], [-28.0142348, 39.0902465], [-28.0144681, 39.0902994], [-28.0145661, 39.0903216], [-28.014664, 39.0903438]]}, "properties": {"highway": "primary", "name": "Rua do Corpo Santo", "oneway": "no", "ref": "EN 1", "surface": "asphalt"}}, {"type": "Feature", "geometry": {"type": "LineString", "coordinates": [[-28.0087715, 39.0873049], [-28.0087363, 39.0872612], [-28.0086873, 39.0871975], [-28.0086721, 39.0871324]]}, "properties": {"highway": "primary", "name": "Rua 25 de Abril", "ref": "EN 1", "surface": "asphalt"}}, {"type": "Feature", "geometry": {"type": "LineString", "coordinates": [[-8.5656142, 40.0319899], [-8.5654791, 40.0320619], [-8.5649696, 40.0323998]]}, "properties": {"highway": "trunk", "lanes": "1", "lit": "yes", "maxspeed": "50", "old_ref": "EN 1", "oneway": "yes", "ref": "IC 2;EN 1", "surface": "asphalt"}}, {"type": "Feature", "geometry": {"type": "LineString", "coordinates": [[-8.5862057, 40.011245], [-8.5865356, 40.0109454]]}, "properties": {"bridge": "yes", "highway": "trunk", "lanes": "2", "layer": "1", "maxspeed": "70", "maxweight:signed": "no", "ref": "IC 2;EN 1", "surface": "asphalt"}}, {"type": "Feature", "geometry": {"type": "LineString", "coordinates": [[-8.5716915, 40.027783], [-8.5733449, 40.0266038]]}, "properties": {"highway": "trunk", "lanes": "3", "lanes:backward": "2", "lanes:forward": "1", "lit": "no", "maxspeed": "60", "ref": "IC 2;EN 1", "surface": "asphalt", "turn:lanes:backward": "|merge_to_left"}}, {"type": "Feature", "geometry": {"type": "LineString", "coordinates": [[-8.72374, 39.8264398], [-8.724099, 39.8260467], [-8.7242029, 39.8259483], [-8.7247551, 39.8254251], [-8.7247813, 39.8254003], [-8.7251966, 39.8249907], [-8.7262148, 39.8239663], [-8.7263657, 39.8237945], [-8.7265692, 39.82353], [-8.7267801, 39.8231764]]}, "properties": {"highway": "trunk", "lanes": "1", "lit": "yes", "maxspeed": "50", "oneway": "yes", "ref": "IC 2;EN 1", "surface": "asphalt"}}, {"type": "Feature", "geometry": {"type": "LineString", "coordinates": [[-8.556677, 40.0405984], [-8.5566989, 40.0402119], [-8.5567561, 40.0399667], [-8.557066, 40.0393489], [-8.5576314, 40.0385932], [-8.5578424, 40.0383112], [-8.5587624, 40.0370241], [-8.5594965, 40.036072], [-8.5595926, 40.0360006], [-8.5596383, 40.0359666], [-8.5598595, 40.0358022], [-8.5598842, 40.0357839], [-8.5609493, 40.0351506], [-8.561171, 40.035009], [-8.561624, 40.0347196]]}, "properties": {"highway": "trunk", "lanes": "2", "lit": "yes", "maxspeed": "50", "oneway": "no", "ref": "IC 2;EN 1", "smoothness": "good", "surface": "asphalt"}}, {"type": "Feature", "geometry": {"type": "LineString", "coordinates": [[-8.697361, 39.8637432], [-8.6970973, 39.8641745], [-8.6969158, 39.8644716], [-8.6965929, 39.8649831], [-8.6962582, 39.8655583]]}, "properties": {"highway": "trunk", "lanes": "2", "lit": "yes", "maxspeed": "60", "ref": "IC 2;EN 1", "sidewalk:both": "no", "smoothness": "good", "surface": "asphalt"}}, {"type": "Feature", "geometry": {"type": "LineString", "coordinates": [[-8.5409876, 40.0580016], [-8.5411532, 40.0579796], [-8.5412127, 40.0579717], [-8.5421432, 40.0578587], [-8.5429572, 40.0576261], [-8.5439038, 40.0572272], [-8.5450512, 40.0566684], [-8.5455177, 40.0563894], [-8.545733, 40.0562057], [-8.546606, 40.0554608], [-8.5471517, 40.0549952], [-8.5477828, 40.054424], [-8.5485091, 40.0536322]]}, "properties": {"highway": "trunk", "lanes": "2", "lit": "yes", "maxspeed": "60", "ref": "IC 2;EN 1", "smoothness": "good", "surface": "asphalt"}}, {"type": "Feature", "geometry": {"type": "LineString", "coordinates": [[-8.6544518, 39.8953986], [-8.6536988, 39.8956639]]}, "properties": {"highway": "trunk", "lanes": "2", "lit": "yes", "maxspeed": "80", "ref": "IC 2;EN 1", "sidewalk:both": "no", "smoothness": "intermediate", "surface": "asphalt"}}, {"type": "Feature", "geometry": {"type": "LineString", "coordinates": [[-8.8308535, 39.7157329], [-8.8309194, 39.7158035], [-8.8309456, 39.7158293], [-8.8309684, 39.7158579], [-8.8309937, 39.7158925], [-8.8312224, 39.7163464], [-8.8314233, 39.7167575], [-8.8314733, 39.7168875], [-8.8315021, 39.7169697]]}, "properties": {"cycleway:both": "no", "highway": "primary", "lanes": "2", "lit": "yes", "maxspeed": "90", "oneway": "yes", "ref": "EN 1", "sidewalk": "no", "surface": "asphalt"}}, {"type": "Feature", "geometry": {"type": "LineString", "coordinates": [[-8.8281207, 39.7034932], [-8.8280885, 39.7035463], [-8.8280238, 39.7038138]]}, "properties": {"cycleway:both": "no", "highway": "primary", "lanes": "1", "lit": "yes", "maxspeed": "50", "oneway": "yes", "ref": "EN 1", "sidewalk": "no", "surface": "asphalt", "traffic_calming": "rumble_strip"}}, {"type": "Feature", "geometry": {"type": "LineString", "coordinates": [[-8.6325687, 39.9106255], [-8.63256, 39.9108432], [-8.6327667, 39.9122604], [-8.6333168, 39.9158735], [-8.6334835, 39.9168933], [-8.6335082, 39.9170259], [-8.6335626, 39.9171082]]}, "properties": {"highway": "trunk", "lanes": "1", "lit": "yes", "maxheight": "5.45", "maxspeed": "50", "oneway": "yes", "ref": "IC 2;EN 1", "smoothness": "good", "surface": "asphalt"}}, {"type": "Feature", "geometry": {"type": "LineString", "coordinates": [[-8.746502, 39.7948239], [-8.7464148, 39.7949736], [-8.7459095, 39.7969159], [-8.745677, 39.7977994], [-8.7453451, 39.7990479], [-8.7453032, 39.7992026], [-8.7452495, 39.7993626], [-8.745186, 39.7994985], [-8.745119, 39.799634], [-8.7450304, 39.7997814], [-8.7449197, 39.7999507], [-8.7448309, 39.8000805], [-8.7447547, 39.8001808], [-8.7446618, 39.800288], [-8.7445031, 39.8004668], [-8.7443745, 39.8005898], [-8.7438241, 39.8011251], [-8.743391, 39.8015507], [-8.7432126, 39.8017219], [-8.7430616, 39.8018707], [-8.7428983, 39.8020261], [-8.7427026, 39.8022161], [-8.7425238, 39.8023966], [-8.742414, 39.8025192], [-8.7423413, 39.8026041], [-8.7422684, 39.8026976], [-8.7421958, 39.8027922], [-8.7421321, 39.8028912], [-8.7420391, 39.8030336], [-8.7419568, 39.803179], [-8.7418809, 39.8033274], [-8.7418303, 39.8034331], [-8.741786, 39.803544], [-8.7417394, 39.8036725], [-8.7417035, 39.8037904], [-8.7416719, 39.8039195], [-8.7416483, 39.8040315], [-8.7416314, 39.8041355], [-8.7416101, 39.8043011], [-8.7416023, 39.804433], [-8.7415994, 39.8045645], [-8.7416031, 39.8046687], [-8.7416132, 39.8047765], [-8.741623, 39.8049006], [-8.741636, 39.8050344], [-8.7416676, 39.8052457]]}, "properties": {"highway": "trunk", "lanes": "1", "lit": "no", "maxspeed": "70", "old_ref": "EN 1", "oneway": "yes", "ref": "IC 2;EN 1", "smoothness": "excellent", "surface": "asphalt"}}, {"type": "Feature", "geometry": {"type": "LineString", "coordinates": [[-8.7267801, 39.8231764], [-8.7269029, 39.8229383]]}, "properties": {"highway": "trunk", "lanes": "1", "lit": "yes", "maxspeed": "50", "oneway": "yes", "ref": "IC 2;EN 1", "surface": "asphalt"}}, {"type": "Feature", "geometry": {"type": "LineString", "coordinates": [[-8.5485091, 40.0536322], [-8.550726, 40.0511419], [-8.5511634, 40.0506505], [-8.5513021, 40.0504948], [-8.5517682, 40.0499908], [-8.552952, 40.0487109], [-8.5541879, 40.0473747], [-8.5551916, 40.0462329], [-8.5553158, 40.0460394]]}, "properties": {"highway": "trunk", "lanes": "2", "lit": "no", "maxspeed": "90", "old_ref": "EN 1", "oneway": "no", "ref": "IC 2;EN 1", "smoothness": "excellent", "surface": "asphalt"}}, {"type": "Feature", "geometry": {"type": "LineString", "coordinates": [[-8.4614615, 40.6230906], [-8.4616136, 40.6213187]]}, "properties": {"highway": "primary", "lanes": "3", "lanes:backward": "1", "lanes:forward": "2", "maxspeed": "70", "oneway": "no", "ref": "IC 2;EN 1", "surface": "asphalt"}}, {"type": "Feature", "geometry": {"type": "LineString", "coordinates": [[-8.4518676, 40.3508499], [-8.4518998, 40.3509529], [-8.4519212, 40.3510343], [-8.4519428, 40.3511277], [-8.4519611, 40.3512034]]}, "properties": {"bridge": "yes", "highway": "trunk", "lanes": "3", "layer": "1", "maxspeed": "70", "maxweight:signed": "no", "oneway": "no", "ref": "IC 2;EN 1", "surface": "asphalt"}}, {"type": "Feature", "geometry": {"type": "LineString", "coordinates": [[-8.4538085, 40.3692061], [-8.453331, 40.3697061]]}, "properties": {"alt_name": "EN1 / EN234", "bridge": "yes", "highway": "primary", "lanes": "2", "layer": "1", "maxspeed": "50", "maxweight:signed": "no", "oneway": "no", "ref": "IC 2;EN 1", "source": "Bing", "surface": "asphalt"}}, {"type": "Feature", "geometry": {"type": "LineString", "coordinates": [[-8.454877, 40.4239172], [-8.4548566, 40.423893], [-8.4548159, 40.4238427], [-8.4548031, 40.4238192], [-8.4547932, 40.4237938], [-8.4544706, 40.4228602], [-8.4540799, 40.4217098], [-8.4539968, 40.4214064], [-8.4539426, 40.4210999], [-8.4539277, 40.4208938], [-8.4539299, 40.4208537], [-8.4539331, 40.4207944], [-8.4539413, 40.4206427], [-8.454006, 40.4201182], [-8.4542028, 40.4187914]]}, "properties": {"highway": "primary", "lane_markings": "yes", "lanes": "2", "maxspeed": "70", "oneway": "no", "ref": "IC 2;EN 1", "source": "bing", "surface": "asphalt"}}, {"type": "Feature", "geometry": {"type": "LineString", "coordinates": [[-8.4668427, 40.6435922], [-8.4691187, 40.6391322], [-8.4692516, 40.6388718]]}, "properties": {"bridge": "yes", "highway": "primary", "lanes": "2", "layer": "1", "maxspeed": "70", "oneway": "no", "ref": "IC 2;EN 1", "surface": "asphalt"}}, {"type": "Feature", "geometry": {"type": "LineString", "coordinates": [[-8.4514737, 40.4492719], [-8.4514485, 40.4490244]]}, "properties": {"bridge": "yes", "highway": "primary", "lanes": "2", "layer": "1", "maxspeed": "70", "maxweight:signed": "no", "oneway": "no", "ref": "IC 2;EN 1", "surface": "asphalt"}}, {"type": "Feature", "geometry": {"type": "LineString", "coordinates": [[-8.4538131, 40.4760438], [-8.4538111, 40.4755721]]}, "properties": {"bridge": "yes", "highway": "primary", "lanes": "2", "layer": "1", "maxspeed": "50", "oneway": "no", "ref": "IC 2;EN 1", "surface": "asphalt"}}, {"type": "Feature", "geometry": {"type": "LineString", "coordinates": [[-8.4852295, 40.7575221], [-8.4854253, 40.7570973], [-8.4854497, 40.7570457], [-8.4854763, 40.7569897], [-8.4860683, 40.7557076], [-8.4862663, 40.7552935], [-8.4866907, 40.7544278], [-8.4867651, 40.7542709], [-8.4867919, 40.7542124], [-8.4870408, 40.7536686], [-8.4873503, 40.7529926], [-8.4878376, 40.7519281], [-8.4879992, 40.7516072], [-8.4881875, 40.7512305], [-8.4883157, 40.7509674], [-8.4883428, 40.7509117], [-8.4883903, 40.7508274], [-8.4884971, 40.7506376], [-8.4885705, 40.7505042], [-8.4886047, 40.7504449], [-8.4887954, 40.7502189], [-8.4900877, 40.7487018]]}, "properties": {"highway": "primary", "lanes": "2", "maxspeed": "50", "oneway": "no", "ref": "IC 2;EN 1", "surface": "asphalt"}}, {"type": "Feature", "geometry": {"type": "LineString", "coordinates": [[-8.4560058, 40.4601065], [-8.4558835, 40.4600061], [-8.4558189, 40.4599047], [-8.4557713, 40.4597943], [-8.4556021, 40.4593916], [-8.4554237, 40.4589402], [-8.4552099, 40.4584743]]}, "properties": {"highway": "primary", "lanes": "1", "maxspeed": "50", "oneway": "yes", "ref": "IC 2;EN 1", "source": "Bing", "surface": "asphalt"}}, {"type": "Feature", "geometry": {"type": "LineString", "coordinates": [[-8.4524891, 40.437111], [-8.4525132, 40.4370522], [-8.452522, 40.4370221], [-8.4525306, 40.4369899], [-8.4527937, 40.435825], [-8.4528442, 40.4356929], [-8.452914, 40.4355612], [-8.4529188, 40.4355522], [-8.4533154, 40.4349996], [-8.4533721, 40.4348975], [-8.4534134, 40.434795], [-8.4534559, 40.4346619], [-8.453615, 40.4340017], [-8.4538158, 40.4331689], [-8.4538571, 40.4329974]]}, "properties": {"highway": "primary", "lanes": "2", "maxspeed": "70", "oneway": "no", "ref": "IC 2;EN 1", "surface": "asphalt"}}, {"type": "Feature", "geometry": {"type": "LineString", "coordinates": [[-8.4548373, 40.4258407], [-8.4547548, 40.4259006], [-8.4546906, 40.425941], [-8.4546452, 40.4259893], [-8.4546265, 40.4260497], [-8.4546391, 40.4261086], [-8.4546818, 40.4261614], [-8.4547454, 40.4261964], [-8.4548232, 40.4262108], [-8.4549022, 40.4262015], [-8.4549709, 40.4261697], [-8.4550181, 40.4261205], [-8.455037, 40.4260622], [-8.4550247, 40.4260006], [-8.4550059, 40.425938], [-8.454997, 40.4258622]]}, "properties": {"highway": "primary", "lanes": "2", "maxspeed": "50", "oneway": "yes", "ref": "IC 2;EN 1", "source": "Bing", "surface": "asphalt"}}, {"type": "Feature", "geometry": {"type": "LineString", "coordinates": [[-8.4547715, 40.4694762], [-8.454806, 40.4693802], [-8.4552723, 40.4680831], [-8.4558095, 40.4662057], [-8.4561647, 40.4647716], [-8.4562188, 40.4645245], [-8.456264, 40.4642327], [-8.4562953, 40.4639043], [-8.4563104, 40.4635938], [-8.4563216, 40.4632661], [-8.4563233, 40.462957], [-8.4563235, 40.4629224], [-8.4563082, 40.4626634], [-8.456287, 40.462428], [-8.4562845, 40.4624006], [-8.4562095, 40.4616986]]}, "properties": {"highway": "primary", "lanes": "2", "maxspeed": "90", "oneway": "no", "ref": "IC 2;EN 1", "surface": "asphalt"}}, {"type": "Feature", "geometry": {"type": "LineString", "coordinates": [[-8.4546114, 40.3205196], [-8.4546909, 40.3206547], [-8.4547926, 40.3208678], [-8.4548432, 40.3210027], [-8.4548847, 40.3211375], [-8.4549303, 40.3213381], [-8.4549572, 40.3215429]]}, "properties": {"highway": "trunk", "lane_markings": "yes", "lanes": "2", "maxspeed": "70", "oneway": "no", "ref": "IC 2;EN 1", "surface": "asphalt"}}, {"type": "Feature", "geometry": {"type": "LineString", "coordinates": [[-8.4666324, 40.6440147], [-8.4668427, 40.6435922]]}, "properties": {"highway": "primary", "lanes": "2", "maxspeed": "70", "oneway": "no", "ref": "IC 2;EN 1", "surface": "asphalt"}}, {"type": "Feature", "geometry": {"type": "LineString", "coordinates": [[-8.4551247, 40.4244386], [-8.4551724, 40.42437], [-8.4552118, 40.424322], [-8.4552324, 40.4242714], [-8.4552258, 40.4242162], [-8.4551933, 40.424169], [-8.4551375, 40.4241335], [-8.4550707, 40.4241175], [-8.4549994, 40.424122], [-8.454936, 40.4241469], [-8.4548896, 40.4241886], [-8.4548678, 40.4242404], [-8.4548734, 40.4242938], [-8.4549067, 40.4243433], [-8.4549458, 40.4243924], [-8.4549815, 40.4244547]]}, "properties": {"highway": "primary", "lanes": "2", "maxspeed": "50", "oneway": "yes", "ref": "IC 2;EN 1", "source": "bing", "surface": "asphalt"}}, {"type": "Feature", "geometry": {"type": "LineString", "coordinates": [[-8.4538571, 40.4329974], [-8.4541622, 40.4317076], [-8.454186, 40.4315237], [-8.4541862, 40.4314748], [-8.4541866, 40.4313926], [-8.4541714, 40.4312675], [-8.4541107, 40.4310646], [-8.4540175, 40.4308599], [-8.4535442, 40.4298197]]}, "properties": {"highway": "primary", "lanes": "2", "maxspeed": "50", "oneway": "no", "ref": "IC 2;EN 1", "surface": "asphalt"}}, {"type": "Feature", "geometry": {"type": "LineString", "coordinates": [[-8.4434658, 40.5039248], [-8.442936, 40.5035702], [-8.4426466, 40.5033325], [-8.4424087, 40.5030792], [-8.442222, 40.5028259], [-8.4420879, 40.5026413], [-8.4419739, 40.5024264], [-8.4419102, 40.5021944], [-8.4418733, 40.501833]]}, "properties": {"highway": "primary", "lanes": "2", "maxspeed": "90", "oneway": "no", "ref": "IC 2;EN 1", "surface": "asphalt"}}, {"type": "Feature", "geometry": {"type": "LineString", "coordinates": [[-8.4556042, 40.4601287], [-8.4555719, 40.4601635], [-8.4555492, 40.4602024], [-8.4555368, 40.4602439], [-8.4555354, 40.4602865], [-8.4555449, 40.4603285], [-8.4555651, 40.4603682], [-8.4555953, 40.4604044], [-8.4556342, 40.4604354], [-8.4556805, 40.4604599], [-8.4557321, 40.4604771], [-8.4557864, 40.4604861], [-8.4558419, 40.4604869], [-8.4558966, 40.4604795], [-8.4559483, 40.4604642], [-8.4559952, 40.4604415], [-8.4560354, 40.4604124], [-8.4560675, 40.4603777], [-8.4560901, 40.460339], [-8.4561024, 40.4602976], [-8.4561039, 40.4602552], [-8.4560945, 40.4602134], [-8.4560746, 40.4601738], [-8.4560446, 40.4601376], [-8.4560058, 40.4601065], [-8.4559602, 40.4600821], [-8.4559092, 40.4600648], [-8.4558547, 40.4600555], [-8.455799, 40.4600544], [-8.455744, 40.4600616], [-8.4556919, 40.4600769], [-8.4556447, 40.4600995], [-8.4556042, 40.4601287]]}, "properties": {"highway": "primary", "junction": "roundabout", "lanes": "2", "maxspeed": "50", "ref": "IC2;EN 1;EN 235", "surface": "asphalt"}}, {"type": "Feature", "geometry": {"type": "LineString", "coordinates": [[-8.4480903, 40.3040981], [-8.4478363, 40.3035041], [-8.4476072, 40.3029904], [-8.4473403, 40.3023784], [-8.4472695, 40.3022044], [-8.4472165, 40.3020557], [-8.4471666, 40.3018936], [-8.4470812, 40.3015709]]}, "properties": {"highway": "trunk", "lanes": "1", "maxspeed": "70", "name": "Rua da Feira", "oneway": "yes", "ref": "IC 2;EN 1", "surface": "asphalt"}}, {"type": "Feature", "geometry": {"type": "LineString", "coordinates": [[-8.4496009, 40.514138], [-8.4497476, 40.5134438], [-8.4497777, 40.5133041], [-8.4498098, 40.5131594], [-8.4499185, 40.512635], [-8.4499374, 40.512521], [-8.4499511, 40.5124105], [-8.449966, 40.5122628], [-8.4499711, 40.5121748], [-8.4499743, 40.5121178], [-8.4499532, 40.5118981], [-8.449921, 40.5115895], [-8.4498981, 40.5114152], [-8.449886, 40.5113406], [-8.4498475, 40.5111812], [-8.4497964, 40.5109918], [-8.4497208, 40.5107191]]}, "properties": {"highway": "primary", "lanes": "2", "maxspeed": "70", "oneway": "no", "ref": "IC 2;EN 1", "surface": "asphalt"}}, {"type": "Feature", "geometry": {"type": "LineString", "coordinates": [[-8.4521139, 40.4432664], [-8.452076, 40.4432799], [-8.4520292, 40.4433082], [-8.4519943, 40.4433452], [-8.4519741, 40.4433881], [-8.4519699, 40.4434335], [-8.4519767, 40.4434592], [-8.4519812, 40.443476], [-8.4520067, 40.4435147], [-8.4520445, 40.4435471], [-8.4520978, 40.443573], [-8.4521586, 40.443586], [-8.4522217, 40.4435852], [-8.4522819, 40.4435707], [-8.4523179, 40.4435538], [-8.4523644, 40.4435171], [-8.452394, 40.4434712], [-8.4524038, 40.4434207], [-8.4523929, 40.4433704], [-8.4523699, 40.4433335], [-8.4523212, 40.4432924], [-8.4522573, 40.4432659], [-8.4521856, 40.4432568], [-8.4521139, 40.4432664]]}, "properties": {"highway": "primary", "junction": "roundabout", "lanes": "2", "maxspeed": "50", "ref": "IC 2;EN 1", "surface": "asphalt"}}, {"type": "Feature", "geometry": {"type": "LineString", "coordinates": [[-8.454997, 40.4258622], [-8.4549892, 40.425763], [-8.4550671, 40.4255343], [-8.4551383, 40.4252351], [-8.4551624, 40.4249151], [-8.4551191, 40.4245366], [-8.4551247, 40.4244386]]}, "properties": {"highway": "primary", "lanes": "2", "maxspeed": "70", "oneway": "yes", "ref": "IC 2;EN 1", "source": "Bing", "surface": "asphalt"}}, {"type": "Feature", "geometry": {"type": "LineString", "coordinates": [[-8.4487042, 40.306717], [-8.4486675, 40.3064057], [-8.4484923, 40.3056415], [-8.4484626, 40.3055053], [-8.4484513, 40.3054534], [-8.4484266, 40.30535]]}, "properties": {"highway": "trunk", "lanes": "1", "maxspeed": "50", "name": "Rua da Feira", "oneway": "yes", "ref": "IC 2;EN 1", "surface": "asphalt"}}, {"type": "Feature", "geometry": {"type": "LineString", "coordinates": [[-8.4519611, 40.3512034], [-8.4519968, 40.3514181], [-8.4520297, 40.3516417], [-8.452048, 40.3518867], [-8.4520519, 40.3520896], [-8.4520374, 40.3522846], [-8.4520077, 40.3525425], [-8.4519085, 40.3530805]]}, "properties": {"highway": "trunk", "lanes": "3", "lanes:backward": "2", "lanes:forward": "1", "lit": "no", "maxspeed": "70", "oneway": "no", "ref": "IC 2;EN 1", "surface": "asphalt"}}, {"type": "Feature", "geometry": {"type": "LineString", "coordinates": [[-8.4535442, 40.4298197], [-8.4534112, 40.4294371], [-8.4533268, 40.4290242], [-8.453299, 40.4286474], [-8.4533046, 40.4285681], [-8.4533314, 40.4281853], [-8.4534547, 40.4277513], [-8.4534627, 40.4277231], [-8.4536171, 40.4273303], [-8.4537887, 40.4270319], [-8.4540282, 40.4267276]]}, "properties": {"highway": "primary", "lanes": "2", "maxspeed": "70", "oneway": "no", "ref": "IC 2;EN 1", "surface": "asphalt"}}, {"type": "Feature", "geometry": {"type": "LineString", "coordinates": [[-8.488392, 40.7341654], [-8.4884028, 40.7329831], [-8.4884282, 40.731816], [-8.4884398, 40.731066]]}, "properties": {"highway": "primary", "lanes": "2", "maxspeed": "70", "oneway": "no", "ref": "IC 2;EN 1", "surface": "asphalt"}}, {"type": "Feature", "geometry": {"type": "LineString", "coordinates": [[-8.453331, 40.3697061], [-8.4533055, 40.3697319]]}, "properties": {"alt_name": "EN1 / EN234", "highway": "primary", "lanes": "2", "maxspeed": "50", "oneway": "no", "ref": "IC 2;EN 1", "surface": "asphalt"}}, {"type": "Feature", "geometry": {"type": "LineString", "coordinates": [[-8.4688302, 40.630796], [-8.4686105, 40.6306419], [-8.4666053, 40.6292671], [-8.4664529, 40.6291589], [-8.4652311, 40.6282854], [-8.4645763, 40.6278248], [-8.4625743, 40.6264165], [-8.4622894, 40.6262046], [-8.462224, 40.6261482], [-8.4620023, 40.625934], [-8.4618501, 40.6257481], [-8.4617784, 40.625639], [-8.4617159, 40.6255438], [-8.4616041, 40.6253301], [-8.4615135, 40.6251177], [-8.4614388, 40.6248976], [-8.4613815, 40.6246655], [-8.4613625, 40.6244607], [-8.4613602, 40.624436], [-8.4613665, 40.624086], [-8.4613923, 40.6237595], [-8.4614615, 40.6230906]]}, "properties": {"highway": "primary", "lanes": "3", "lanes:backward": "1", "lanes:forward": "2", "maxspeed": "70", "oneway": "no", "ref": "IC 2;EN 1", "surface": "asphalt"}}, {"type": "Feature", "geometry": {"type": "LineString", "coordinates": [[-8.4514485, 40.4490244], [-8.4513256, 40.4478609], [-8.4513215, 40.4477613], [-8.4513212, 40.4476438], [-8.4513277, 40.4475142], [-8.4513441, 40.4473737], [-8.4513921, 40.4471324], [-8.4514042, 40.4470714], [-8.4515381, 40.446439], [-8.4515529, 40.4463722], [-8.451637, 40.4459919], [-8.4517181, 40.4456251], [-8.4518673, 40.4449509]]}, "properties": {"highway": "primary", "lanes": "2", "maxspeed": "70", "oneway": "no", "ref": "IC 2;EN 1", "surface": "asphalt"}}, {"type": "Feature", "geometry": {"type": "LineString", "coordinates": [[-8.4538229, 40.4750915], [-8.4540349, 40.4736895], [-8.45413, 40.4730665], [-8.4545016, 40.470635], [-8.4545351, 40.4704118], [-8.4545758, 40.4701895], [-8.4546264, 40.4699436], [-8.4546895, 40.4697042]]}, "properties": {"highway": "primary", "lanes": "2", "maxspeed": "50", "oneway": "no", "ref": "IC 2;EN 1", "surface": "asphalt"}}, {"type": "Feature", "geometry": {"type": "LineString", "coordinates": [[-8.4523699, 40.4433335], [-8.4523541, 40.4432028], [-8.4525303, 40.4418651]]}, "properties": {"highway": "primary", "lanes": "1", "maxspeed": "70", "oneway": "yes", "ref": "IC 2;EN 1", "source": "Bing", "surface": "asphalt"}}, {"type": "Feature", "geometry": {"type": "LineString", "coordinates": [[-8.4856381, 40.8576672], [-8.4855187, 40.8574304], [-8.4855018, 40.8572894], [-8.4855382, 40.8571362], [-8.4856127, 40.8570291]]}, "properties": {"highway": "primary", "lanes": "2", "name": "Rua Manuel Jos\u00e9 de Pinho Junior", "ref": "EN 1", "source": "bing", "surface": "asphalt"}}, {"type": "Feature", "geometry": {"type": "LineString", "coordinates": [[-8.4808682, 40.8537372], [-8.4808527, 40.85371], [-8.4808244, 40.8536853], [-8.4807871, 40.8536688], [-8.4807448, 40.8536623], [-8.4807019, 40.8536663], [-8.4806735, 40.8536755], [-8.4806487, 40.8536895], [-8.4806288, 40.8537074]]}, "properties": {"highway": "primary", "junction": "roundabout", "lanes": "1", "ref": "EN 1", "surface": "asphalt"}}, {"type": "Feature", "geometry": {"type": "LineString", "coordinates": [[-8.4879255, 40.8754933], [-8.4880514, 40.875585], [-8.4881504, 40.875695]]}, "properties": {"highway": "primary", "lanes": "2", "maxspeed:type": "PT:urban", "name": "Rua Dom Egas Moniz \"O Gasc\u00e3o\"", "old_ref": "EN 1", "oneway": "yes", "ref": "EN 1", "source": "BING", "surface": "asphalt"}}, {"type": "Feature", "geometry": {"type": "LineString", "coordinates": [[-8.9580434, 39.2228209], [-8.9582394, 39.2226078], [-8.9585194, 39.2223721], [-8.9587251, 39.2222318], [-8.9588261, 39.2221629], [-8.9593519, 39.2219762], [-8.9597454, 39.2218715], [-8.960251, 39.2218137], [-8.9690978, 39.2210429], [-8.9708992, 39.2208859], [-8.9713033, 39.2208397]]}, "properties": {"highway": "primary", "lanes": "2", "maxspeed": "90", "ref": "IC 2;EN 1", "surface": "asphalt"}}, {"type": "Feature", "geometry": {"type": "LineString", "coordinates": [[-8.4478933, 40.571887], [-8.4478537, 40.5718817], [-8.4478139, 40.5718863], [-8.4477781, 40.5719003], [-8.4477508, 40.5719215], [-8.4477335, 40.5719481], [-8.447728, 40.5719775], [-8.4477347, 40.5720068], [-8.4477538, 40.5720338], [-8.4477833, 40.5720547], [-8.4478201, 40.5720673], [-8.4478603, 40.5720703], [-8.4478996, 40.5720634], [-8.4479204, 40.572055], [-8.4479387, 40.5720439], [-8.447954, 40.5720303], [-8.4479656, 40.5720147], [-8.4479732, 40.5719978], [-8.4479763, 40.5719703], [-8.4479688, 40.5719433], [-8.4479514, 40.5719191], [-8.4479255, 40.5718998], [-8.4478933, 40.571887]]}, "properties": {"highway": "primary", "junction": "roundabout", "ref": "EN 1;ER 230", "surface": "paving_stones"}}, {"type": "Feature", "geometry": {"type": "LineString", "coordinates": [[-8.4479525, 40.5722094], [-8.4481603, 40.5727596]]}, "properties": {"highway": "primary", "name": "Rua Doutor Ferraz de Macedo", "ref": "EN 1"}}, {"type": "Feature", "geometry": {"type": "LineString", "coordinates": [[-8.4490383, 40.5762533], [-8.4489617, 40.5761445], [-8.4489058, 40.5760627], [-8.4488129, 40.5759268], [-8.4486433, 40.5756789], [-8.4483959, 40.5752841], [-8.448308, 40.5751438], [-8.4481637, 40.5748911], [-8.448071, 40.5747176]]}, "properties": {"highway": "primary", "name": "Rua Miseric\u00f3rdia de \u00c1gueda", "oneway": "yes", "ref": "EN 1"}}, {"type": "Feature", "geometry": {"type": "LineString", "coordinates": [[-8.4491412, 40.5854899], [-8.4492334, 40.5851962], [-8.4492654, 40.5851124]]}, "properties": {"highway": "primary", "name": "Rua Doutor Mateus Barbas dos Anjos", "ref": "EN 1", "type": "EN 1"}}, {"type": "Feature", "geometry": {"type": "LineString", "coordinates": [[-8.4574632, 40.5952475], [-8.4574141, 40.595121], [-8.4573549, 40.5950506], [-8.4572828, 40.5949647], [-8.4572251, 40.5948674], [-8.4572009, 40.5947982], [-8.457171, 40.5947287]]}, "properties": {"highway": "primary", "name": "Rua da Famel", "oneway": "yes", "ref": "EN 1"}}, {"type": "Feature", "geometry": {"type": "LineString", "coordinates": [[-8.4623547, 40.6010895], [-8.4640175, 40.6030718], [-8.4640662, 40.6031274], [-8.4657632, 40.6051559], [-8.46607, 40.605639], [-8.4664068, 40.6065106], [-8.4664315, 40.6067768], [-8.4664315, 40.6070702], [-8.4663235, 40.6074768], [-8.4662257, 40.6077753], [-8.4660243, 40.6080187], [-8.4656041, 40.6083899]]}, "properties": {"highway": "primary", "lanes": "2", "name": "Rua da Estrada Nacional N\u00ba1", "oneway": "no", "ref": "EN 1", "surface": "asphalt"}}, {"type": "Feature", "geometry": {"type": "LineString", "coordinates": [[-8.4510678, 40.5681676], [-8.4511339, 40.5680143], [-8.4511378, 40.5679726], [-8.4511378, 40.5679339], [-8.4511207, 40.5678568]]}, "properties": {"highway": "primary", "name": "Rua Miguel Almeida e Silva", "oneway": "yes", "ref": "EN 1"}}, {"type": "Feature", "geometry": {"type": "LineString", "coordinates": [[-8.4484403, 40.570898], [-8.4479486, 40.5717597]]}, "properties": {"bridge": "yes", "highway": "primary", "layer": "1", "maxspeed": "50", "name": "Rua Cab\u00eado e Lencastre", "ref": "EN 1"}}, {"type": "Feature", "geometry": {"type": "LineString", "coordinates": [[-8.4479486, 40.5717597], [-8.4478139, 40.5718863]]}, "properties": {"highway": "primary", "name": "Rua Cab\u00eado e Lencastre", "oneway": "yes", "ref": "EN 1"}}, {"type": "Feature", "geometry": {"type": "LineString", "coordinates": [[-8.4486651, 40.5658333], [-8.4486609, 40.5658907], [-8.4486966, 40.5659718], [-8.448815, 40.5660611], [-8.4489858, 40.5661391], [-8.4492136, 40.5663104], [-8.4493284, 40.5664482], [-8.449431, 40.5666282], [-8.4494863, 40.5666715], [-8.4495763, 40.5667113]]}, "properties": {"highway": "primary", "junction": "roundabout", "lanes": "2", "maxspeed": "50", "name": "Rua Miguel Almeida e Silva", "ref": "EN 1", "surface": "asphalt"}}, {"type": "Feature", "geometry": {"type": "LineString", "coordinates": [[-8.4483621, 40.5655047], [-8.4478653, 40.5650831]]}, "properties": {"highway": "primary", "lanes": "2", "lanes:backward": "1", "lanes:forward": "1", "maxspeed": "70", "name": "Rua Miguel Almeida e Silva", "oneway": "no", "ref": "EN 1", "source": "Bing"}}, {"type": "Feature", "geometry": {"type": "LineString", "coordinates": [[-8.4495763, 40.5667113], [-8.4496568, 40.5667127]]}, "properties": {"highway": "primary", "junction": "roundabout", "lanes": "2", "maxspeed": "50", "name": "Rua Miguel Almeida e Silva", "ref": "EN 1", "surface": "asphalt"}}, {"type": "Feature", "geometry": {"type": "LineString", "coordinates": [[-8.4496568, 40.5667127], [-8.4497942, 40.5666723], [-8.4498791, 40.5665772]]}, "properties": {"highway": "primary", "junction": "roundabout", "lanes": "1", "maxspeed": "50", "ref": "EN 1"}}, {"type": "Feature", "geometry": {"type": "LineString", "coordinates": [[-8.4496568, 40.5667127], [-8.4498898, 40.5668343], [-8.450849, 40.5676218], [-8.4509576, 40.5678055], [-8.4510044, 40.5679627], [-8.4509685, 40.568175], [-8.4509337, 40.5683192]]}, "properties": {"highway": "primary", "lanes": "1", "name": "Rua Miguel Almeida e Silva", "oneway": "yes", "ref": "EN 1"}}, {"type": "Feature", "geometry": {"type": "LineString", "coordinates": [[-8.448594, 40.5315882], [-8.4487213, 40.5332559], [-8.4487269, 40.5336436], [-8.4486778, 40.5341025], [-8.4484458, 40.5359531], [-8.4483139, 40.5370467]]}, "properties": {"highway": "primary", "lanes": "2", "name": "Rua Nacional n\u00ba1", "oneway": "no", "ref": "EN 1", "source": "Bing", "surface": "paved"}}, {"type": "Feature", "geometry": {"type": "LineString", "coordinates": [[-8.4569286, 40.5945254], [-8.4568909, 40.5945432], [-8.4568596, 40.5945671], [-8.4568366, 40.5945959], [-8.4568232, 40.5946273], [-8.4568196, 40.5946602], [-8.456826, 40.5946928], [-8.456842, 40.5947234], [-8.4568668, 40.5947505], [-8.4568992, 40.5947725], [-8.4569331, 40.5947871], [-8.4569703, 40.594796], [-8.4570285, 40.5947982], [-8.4570848, 40.5947867], [-8.4571339, 40.5947628], [-8.457171, 40.5947287], [-8.4571873, 40.5947018], [-8.457196, 40.5946729], [-8.4571952, 40.5946335], [-8.4571803, 40.5945957], [-8.4571524, 40.5945625], [-8.4571136, 40.5945363], [-8.457067, 40.5945191], [-8.457015, 40.5945121], [-8.4569708, 40.5945149], [-8.4569286, 40.5945254]]}, "properties": {"highway": "primary", "junction": "roundabout", "name": "Rotunda da Famel", "ref": "EN 1"}}, {"type": "Feature", "geometry": {"type": "LineString", "coordinates": [[-8.4569703, 40.594796], [-8.4571142, 40.5948985], [-8.4572653, 40.5950609], [-8.4573384, 40.5951535], [-8.4574632, 40.5952475]]}, "properties": {"highway": "primary", "name": "Rua da Famel", "oneway": "yes", "ref": "EN 1"}}, {"type": "Feature", "geometry": {"type": "LineString", "coordinates": [[-8.4503162, 40.5689579], [-8.4498052, 40.5694662], [-8.4496149, 40.5696555]]}, "properties": {"bicycle": "yes", "highway": "primary", "name": "Rua Cabedo e Lencastre", "ref": "EN 1", "source": "GPS + Local K", "surface": "asphalt"}}, {"type": "Feature", "geometry": {"type": "LineString", "coordinates": [[-8.4507836, 40.5684889], [-8.4503162, 40.5689579]]}, "properties": {"bridge": "yes", "highway": "primary", "lanes": "2", "layer": "1", "name": "Ponte do Campo", "ref": "EN 1", "surface": "asphalt"}}, {"type": "Feature", "geometry": {"type": "LineString", "coordinates": [[-8.448594, 40.5315882], [-8.448583, 40.5312475], [-8.4485462, 40.5307652], [-8.4485087, 40.5302746]]}, "properties": {"highway": "primary", "lanes": "1", "name": "Rua Nacional n\u00ba1", "oneway": "yes", "ref": "EN 1", "source": "Bing", "surface": "paved"}}, {"type": "Feature", "geometry": {"type": "LineString", "coordinates": [[-8.457015, 40.5945121], [-8.4569361, 40.5944496], [-8.4567139, 40.5942641], [-8.4565821, 40.594136], [-8.4564581, 40.5940477]]}, "properties": {"highway": "primary", "name": "Rua Doutor Mateus Barbas dos Anjos", "oneway": "yes", "ref": "EN 1", "type": "EN 1"}}, {"type": "Feature", "geometry": {"type": "LineString", "coordinates": [[-8.9366611, 39.3210437], [-8.9366412, 39.3207233], [-8.9366368, 39.3206513], [-8.9366302, 39.3205417], [-8.9366231, 39.3204229], [-8.9366129, 39.3202534], [-8.9366059, 39.3201382], [-8.9365975, 39.3199984], [-8.936594, 39.3199515], [-8.9365856, 39.3198392], [-8.9365759, 39.3197093], [-8.9365325, 39.3191296]]}, "properties": {"highway": "primary", "lanes": "2", "maxspeed": "50", "overtaking": "no", "ref": "EN 1", "surface": "asphalt"}}, {"type": "Feature", "geometry": {"type": "LineString", "coordinates": [[-9.0001306, 39.0655117], [-9.0000637, 39.0655132], [-9.0000001, 39.0655292], [-8.9999554, 39.0655513], [-8.9999181, 39.0655806], [-8.9998902, 39.0656157], [-8.9998731, 39.0656546], [-8.9998676, 39.0656956], [-8.9998748, 39.0657389], [-8.9998949, 39.0657796], [-8.9999369, 39.0658239], [-8.999994, 39.0658565], [-9.0000609, 39.0658745], [-9.0001296, 39.0658765], [-9.0001962, 39.0658631], [-9.0002549, 39.0658353], [-9.0002915, 39.0658059], [-9.0003187, 39.0657708], [-9.0003353, 39.065732], [-9.0003404, 39.0656912], [-9.0003337, 39.0656506], [-9.0003242, 39.0656272], [-9.0003107, 39.0656049]]}, "properties": {"highway": "primary", "junction": "roundabout", "lanes": "2", "ref": "IC 2;EN 1", "surface": "asphalt"}}, {"type": "Feature", "geometry": {"type": "LineString", "coordinates": [[-8.9803767, 39.0294751], [-8.9804055, 39.0294737], [-8.9804661, 39.029454], [-8.980515, 39.0294198], [-8.9805468, 39.0293751], [-8.9805579, 39.0293248], [-8.9805472, 39.0292746], [-8.9805159, 39.0292298], [-8.9804675, 39.0291955], [-8.9804073, 39.0291753], [-8.9803728, 39.0291733]]}, "properties": {"highway": "primary", "junction": "roundabout", "ref": "EN 1", "surface": "asphalt"}}, {"type": "Feature", "geometry": {"type": "LineString", "coordinates": [[-8.9939468, 39.049449], [-8.993893, 39.0494848], [-8.9938492, 39.049528], [-8.99381, 39.0495917], [-8.9937922, 39.049661], [-8.9937969, 39.0497315], [-8.9938239, 39.049799], [-8.9938714, 39.0498592], [-8.9939197, 39.049898], [-8.9939766, 39.049929], [-8.9940655, 39.0499569], [-8.9941606, 39.049966], [-8.9942556, 39.0499557], [-8.9943438, 39.0499265], [-8.9944201, 39.0498799], [-8.994478, 39.0498193]]}, "properties": {"highway": "primary", "junction": "roundabout", "lanes": "3", "ref": "IC 2;EN 1", "surface": "asphalt"}}, {"type": "Feature", "geometry": {"type": "LineString", "coordinates": [[-8.9941471, 39.048827], [-8.9940881, 39.0484295], [-8.993933, 39.0479376], [-8.9936504, 39.0475277], [-8.9930853, 39.0470273], [-8.9929085, 39.0469134], [-8.9924741, 39.0466335], [-8.9920245, 39.0464287], [-8.9914067, 39.0461752], [-8.9906837, 39.0458271], [-8.9902123, 39.0456001], [-8.9896291, 39.0452925], [-8.9891641, 39.0449874], [-8.9889579, 39.0448026], [-8.9888559, 39.0446779], [-8.9887633, 39.0445347]]}, "properties": {"highway": "primary", "lanes": "2", "maxspeed": "50", "ref": "IC 2;EN 1", "surface": "asphalt"}}, {"type": "Feature", "geometry": {"type": "LineString", "coordinates": [[-8.9768006, 39.2199021], [-8.9766661, 39.2198949], [-8.9765328, 39.2198793], [-8.9764016, 39.2198553], [-8.9762734, 39.2198229], [-8.9762135, 39.2198174], [-8.9761542, 39.219826], [-8.976101, 39.2198482], [-8.976059, 39.2198817], [-8.9760345, 39.2199172], [-8.9760217, 39.2199561], [-8.9760213, 39.2199964]]}, "properties": {"highway": "primary", "junction": "roundabout", "lanes": "2", "ref": "IC 2;EN 1", "surface": "asphalt"}}, {"type": "Feature", "geometry": {"type": "LineString", "coordinates": [[-8.9802535, 39.0296803], [-8.9802662, 39.0297939], [-8.9803452, 39.0302211], [-8.9804334, 39.0310617], [-8.9805388, 39.0315521], [-8.9805469, 39.0315895], [-8.9806532, 39.0320841], [-8.9806673, 39.0321497], [-8.9807047, 39.0323237], [-8.9808945, 39.0329386]]}, "properties": {"highway": "primary", "lanes": "2", "ref": "EN 1", "surface": "asphalt"}}, {"type": "Feature", "geometry": {"type": "LineString", "coordinates": [[-8.9773024, 39.2198096], [-8.9787923, 39.2193701], [-8.9802951, 39.2189127], [-8.9815638, 39.2185266], [-8.9820309, 39.2183845], [-8.982628, 39.2181656], [-8.9835024, 39.21767], [-8.9856776, 39.2163234], [-8.9861521, 39.2159558], [-8.9864369, 39.2156938], [-8.9882268, 39.2140468], [-8.9885672, 39.2137336], [-8.9895161, 39.2128661], [-8.9899373, 39.2125604], [-8.9909343, 39.2120978], [-8.9926942, 39.2113805]]}, "properties": {"highway": "primary", "lanes": "2", "ref": "IC 2;EN 1", "surface": "asphalt"}}, {"type": "Feature", "geometry": {"type": "LineString", "coordinates": [[-9.0003107, 39.0656049], [-9.0003341, 39.065432], [-9.0004276, 39.0652648]]}, "properties": {"highway": "primary", "lanes": "1", "oneway": "yes", "ref": "EN 1", "surface": "asphalt"}}, {"type": "Feature", "geometry": {"type": "LineString", "coordinates": [[-8.5816704, 41.0721973], [-8.5809271, 41.0720173]]}, "properties": {"bridge": "yes", "highway": "primary", "lanes": "1", "layer": "1", "maxweight:signed": "no", "name": "Rua da Senhora do Monte", "oneway": "yes", "ref": "EN 1", "surface": "asphalt"}}, {"type": "Feature", "geometry": {"type": "LineString", "coordinates": [[-8.6328304, 39.9209529], [-8.632653, 39.9210777], [-8.6324851, 39.9211805], [-8.6321002, 39.921409]]}, "properties": {"bridge": "yes", "highway": "trunk", "lanes": "2", "layer": "1", "maxspeed": "50", "maxweight:signed": "no", "ref": "IC 2;EN 1", "smoothness": "good", "surface": "asphalt"}}, {"type": "Feature", "geometry": {"type": "LineString", "coordinates": [[-8.6296194, 39.9227924], [-8.6295962, 39.9227562], [-8.6295651, 39.9227237], [-8.629527, 39.9226959], [-8.6294832, 39.9226737], [-8.6294349, 39.9226577], [-8.6293913, 39.9226494], [-8.6293466, 39.9226462], [-8.6292946, 39.922649], [-8.629244, 39.9226587], [-8.6291964, 39.922675], [-8.6291533, 39.9226974], [-8.6291159, 39.9227253], [-8.6290854, 39.9227577], [-8.6290627, 39.9227937], [-8.6290479, 39.9228349], [-8.6290434, 39.9228774], [-8.6290493, 39.9229199], [-8.6290654, 39.9229608], [-8.6290911, 39.9229987], [-8.6291267, 39.9230331], [-8.6291704, 39.9230618], [-8.6292203, 39.9230834], [-8.6292748, 39.9230974], [-8.6293317, 39.923103], [-8.6293917, 39.9230998], [-8.6294497, 39.9230875], [-8.6295032, 39.9230665], [-8.6295502, 39.9230376], [-8.6295886, 39.9230022], [-8.629617, 39.9229615], [-8.6296341, 39.9229173], [-8.6296393, 39.9228713], [-8.6296339, 39.9228312], [-8.6296194, 39.9227924]]}, "properties": {"highway": "trunk", "junction": "roundabout", "lanes": "2", "lit": "yes", "maxspeed": "50", "name": "Rotunda do Alto do Caba\u00e7o", "ref": "IC 2;EN 1", "smoothness": "good", "surface": "asphalt"}}, {"type": "Feature", "geometry": {"type": "LineString", "coordinates": [[-8.6321002, 39.921409], [-8.6306407, 39.9221263]]}, "properties": {"highway": "trunk", "lanes": "2", "maxspeed": "50", "old_ref": "EN 1", "ref": "IC 2;EN 1", "smoothness": "good", "surface": "asphalt"}}, {"type": "Feature", "geometry": {"type": "LineString", "coordinates": [[-8.4774809, 40.6940976], [-8.4773235, 40.6939051]]}, "properties": {"bridge": "yes", "highway": "trunk", "lanes": "2", "layer": "1", "maxspeed": "70", "oneway": "yes", "ref": "IC 2;EN 1"}}, {"type": "Feature", "geometry": {"type": "LineString", "coordinates": [[-8.4704337, 40.6808848], [-8.470467, 40.6809683], [-8.4704896, 40.6810391], [-8.4704999, 40.6811145], [-8.4705025, 40.6811391], [-8.4704985, 40.6812074], [-8.4704787, 40.6812807], [-8.4703712, 40.6816105], [-8.4695976, 40.6840344], [-8.4692301, 40.6851943], [-8.4692099, 40.685262], [-8.4691934, 40.6853149], [-8.46916, 40.6854259], [-8.4690611, 40.6858232], [-8.4690233, 40.6860229], [-8.469, 40.686219], [-8.4689922, 40.6863976], [-8.4689973, 40.6866211], [-8.4690153, 40.6869327], [-8.4690534, 40.6871917], [-8.4690868, 40.6873485], [-8.4691362, 40.6875221], [-8.4691868, 40.687664], [-8.4692644, 40.6878581], [-8.4693181, 40.687963], [-8.4694392, 40.6881948], [-8.4696272, 40.6885127], [-8.4697591, 40.6887178], [-8.4699081, 40.6889137], [-8.4700912, 40.6891085], [-8.47027, 40.6892812], [-8.4706162, 40.6895892], [-8.4708623, 40.6897788], [-8.4710297, 40.6898952], [-8.4712695, 40.6900483], [-8.4716193, 40.6902689], [-8.4719463, 40.6904575], [-8.4728533, 40.690938], [-8.472891, 40.690961], [-8.4729043, 40.6909692], [-8.4729691, 40.6910115], [-8.4730289, 40.6910625], [-8.4730886, 40.6911135]]}, "properties": {"highway": "trunk", "lanes": "1", "lit": "yes", "maxspeed": "70", "oneway": "yes", "ref": "IC 2;EN 1", "surface": "asphalt"}}, {"type": "Feature", "geometry": {"type": "LineString", "coordinates": [[-8.4774428, 40.6941226], [-8.4775194, 40.6942222], [-8.4776578, 40.6944742], [-8.4778278, 40.6947939], [-8.4778886, 40.6949215]]}, "properties": {"highway": "trunk", "lane_markings": "no", "lanes": "1", "oneway": "yes", "ref": "IC 2;EN 1"}}, {"type": "Feature", "geometry": {"type": "LineString", "coordinates": [[-8.4763113, 40.6930606], [-8.4756017, 40.6926003], [-8.4738548, 40.6915337], [-8.4736927, 40.6914015], [-8.4736245, 40.6913288], [-8.4735956, 40.6912916], [-8.4735372, 40.6912165]]}, "properties": {"highway": "trunk", "lanes": "2", "maxspeed": "70", "oneway": "yes", "ref": "IC 2;EN 1"}}, {"type": "Feature", "geometry": {"type": "LineString", "coordinates": [[-8.480205, 40.6995265], [-8.4786057, 40.696306], [-8.4778879, 40.6947762], [-8.4778623, 40.6947277]]}, "properties": {"highway": "trunk", "lanes": "1", "maxspeed": "70", "oneway": "yes", "ref": "IC 2;EN 1"}}, {"type": "Feature", "geometry": {"type": "LineString", "coordinates": [[-8.4772789, 40.6939373], [-8.4774428, 40.6941226]]}, "properties": {"bridge": "yes", "highway": "trunk", "lanes": "1", "layer": "1", "oneway": "yes", "ref": "IC 2;EN 1"}}, {"type": "Feature", "geometry": {"type": "LineString", "coordinates": [[-8.4726572, 40.6748565], [-8.4728038, 40.6743904]]}, "properties": {"bridge": "yes", "highway": "trunk", "lanes": "2", "layer": "1", "maxspeed": "70", "oneway": "yes", "ref": "IC 2;EN 1", "surface": "asphalt"}}, {"type": "Feature", "geometry": {"type": "LineString", "coordinates": [[-8.4710223, 40.6804675], [-8.4709861, 40.6803947], [-8.4709621, 40.6803184], [-8.470961, 40.6802642], [-8.4709586, 40.6801533], [-8.4714779, 40.6785356], [-8.4715444, 40.6783283], [-8.4717068, 40.6777961], [-8.4717325, 40.677712], [-8.4718219, 40.6773652], [-8.4719178, 40.6770658], [-8.472003, 40.6768154]]}, "properties": {"highway": "trunk", "lanes": "1", "maxspeed": "70", "oneway": "yes", "ref": "IC 2;EN 1", "surface": "asphalt"}}, {"type": "Feature", "geometry": {"type": "LineString", "coordinates": [[-8.4728038, 40.6743904], [-8.4728368, 40.6741982], [-8.4734448, 40.6723858]]}, "properties": {"highway": "trunk", "lanes": "1", "maxspeed": "70", "oneway": "yes", "ref": "IC 2;EN 1", "source": "Bing", "surface": "asphalt"}}, {"type": "Feature", "geometry": {"type": "LineString", "coordinates": [[-8.465478, 40.6086524], [-8.4655095, 40.6085221], [-8.4656041, 40.6083899]]}, "properties": {"highway": "primary", "lanes": "1", "name": "Rua da Estrada Nacional N\u00ba1", "oneway": "yes", "ref": "EN 1", "surface": "asphalt"}}, {"type": "Feature", "geometry": {"type": "LineString", "coordinates": [[-8.4656041, 40.6083899], [-8.4654515, 40.6084804], [-8.4653553, 40.6085116], [-8.4652414, 40.6085214]]}, "properties": {"highway": "primary", "lanes": "1", "name": "Rua da Estrada Nacional N\u00ba1", "oneway": "yes", "ref": "EN 1", "surface": "asphalt"}}, {"type": "Feature", "geometry": {"type": "LineString", "coordinates": [[-8.4651334, 40.6115529], [-8.4652822, 40.6112582]]}, "properties": {"highway": "trunk", "lanes": "2", "maxspeed": "70", "oneway": "yes", "ref": "IC 2;EN 1"}}, {"type": "Feature", "geometry": {"type": "LineString", "coordinates": [[-8.4511642, 40.3569906], [-8.4509482, 40.357813], [-8.4509356, 40.3579658], [-8.4509378, 40.3580981], [-8.450955, 40.3582825], [-8.4509895, 40.3584456], [-8.4510512, 40.3586265], [-8.4511438, 40.3588175], [-8.4512616, 40.3589905], [-8.4514099, 40.3591707], [-8.4524203, 40.3603393], [-8.4525164, 40.3604669], [-8.4526258, 40.3606184], [-8.4527182, 40.3607639], [-8.4527998, 40.3609063], [-8.4529806, 40.361244], [-8.4530484, 40.3613813], [-8.4531104, 40.3615183], [-8.4531744, 40.3616697], [-8.4532414, 40.3618461], [-8.4533091, 40.3620547], [-8.4533701, 40.3622777], [-8.453582, 40.3631369], [-8.4537489, 40.3638353]]}, "properties": {"alt_name": "EN 1", "highway": "trunk", "lanes": "2", "maxspeed": "70", "oneway": "no", "ref": "IC 2;EN 1", "surface": "asphalt"}}, {"type": "Feature", "geometry": {"type": "LineString", "coordinates": [[-8.4512283, 40.3567406], [-8.4511935, 40.3568857]]}, "properties": {"bridge": "yes", "highway": "trunk", "lanes": "3", "layer": "1", "maxspeed": "70", "maxweight:signed": "no", "oneway": "no", "ref": "IC 2;EN 1", "surface": "asphalt"}}, {"type": "Feature", "geometry": {"type": "LineString", "coordinates": [[-8.4498537, 40.577512], [-8.4496639, 40.5772398]]}, "properties": {"bridge": "yes", "highway": "primary", "layer": "1", "name": "Rua Miseric\u00f3rdia de \u00c1gueda", "oneway": "no", "ref": "EN 1", "type": "EN 1"}}, {"type": "Feature", "geometry": {"type": "LineString", "coordinates": [[-8.4496639, 40.5772398], [-8.449629, 40.5771856], [-8.4492157, 40.5765432]]}, "properties": {"highway": "primary", "name": "Rua Miseric\u00f3rdia de \u00c1gueda", "ref": "EN 1", "type": "EN 1"}}, {"type": "Feature", "geometry": {"type": "LineString", "coordinates": [[-8.9550899, 39.2286831], [-8.9551858, 39.2286962], [-8.9552356, 39.2287013], [-8.9552999, 39.228693]]}, "properties": {"highway": "primary", "oneway": "yes", "ref": "EN 1"}}, {"type": "Feature", "geometry": {"type": "LineString", "coordinates": [[-8.9545832, 39.2285709], [-8.9550899, 39.2286831]]}, "properties": {"bridge": "yes", "highway": "primary", "layer": "1", "oneway": "yes", "ref": "EN 1"}}, {"type": "Feature", "geometry": {"type": "LineString", "coordinates": [[-8.4681791, 40.1403921], [-8.4682021, 40.1403254], [-8.4682293, 40.1402093], [-8.4682587, 40.1400837], [-8.4682984, 40.1399706], [-8.4683386, 40.1398804], [-8.4683981, 40.1397782], [-8.4684762, 40.1396762]]}, "properties": {"highway": "primary", "lanes": "2", "lit": "yes", "maxspeed": "50", "name": "Rua da Mesura", "ref": "EN 1", "smoothness": "good", "surface": "asphalt"}}, {"type": "Feature", "geometry": {"type": "LineString", "coordinates": [[-8.4420093, 40.2644572], [-8.4420037, 40.2644328], [-8.4415862, 40.2629912]]}, "properties": {"highway": "primary", "name": "Rua de Coimbra", "ref": "EN 1"}}, {"type": "Feature", "geometry": {"type": "LineString", "coordinates": [[-8.4484024, 40.5285202], [-8.4483669, 40.5287407], [-8.448344, 40.5291591], [-8.448347, 40.529565], [-8.4483777, 40.5299554], [-8.4483811, 40.5300224], [-8.4484025, 40.5302746]]}, "properties": {"highway": "primary", "lanes": "1", "name": "Estrada do Barriolo", "oneway": "yes", "ref": "EN 1", "source": "Bing", "surface": "paved"}}, {"type": "Feature", "geometry": {"type": "LineString", "coordinates": [[-8.6067924, 41.1153125], [-8.6067255, 41.1152646], [-8.6066651, 41.1152474], [-8.6065866, 41.1152444], [-8.6064653, 41.1152966]]}, "properties": {"highway": "primary", "junction": "roundabout", "lanes": "2", "lit": "yes", "maxspeed": "50", "maxspeed:type": "PT:urban", "name": "Rotunda de Santo Ov\u00eddio", "ref": "EN 1", "sidewalk": "right", "surface": "asphalt"}}, {"type": "Feature", "geometry": {"type": "LineString", "coordinates": [[-8.4506091, 40.3879739], [-8.4505932, 40.3880414], [-8.4505758, 40.3882488], [-8.4504996, 40.3886035], [-8.4504845, 40.3886756], [-8.4504674, 40.3887732], [-8.4504631, 40.3888269], [-8.4504604, 40.3888708], [-8.4504645, 40.3889362], [-8.4504712, 40.3889832], [-8.4504873, 40.3890363], [-8.4504987, 40.3890697]]}, "properties": {"highway": "primary", "lanes": "1", "maxspeed": "50", "name": "Avenida da Restaura\u00e7\u00e3o", "oneway": "yes", "ref": "IC 2;EN 1", "surface": "asphalt"}}, {"type": "Feature", "geometry": {"type": "LineString", "coordinates": [[-8.4506366, 40.3901064], [-8.4506527, 40.3905056], [-8.4506789, 40.3916934], [-8.4506913, 40.3924321], [-8.4506996, 40.3927028], [-8.450705, 40.3928803], [-8.4507152, 40.3929972], [-8.4507383, 40.393144]]}, "properties": {"highway": "primary", "lanes": "2", "maxspeed": "50", "name": "Avenida da Restaura\u00e7\u00e3o", "oneway": "no", "ref": "IC 2;EN 1", "sidewalk:both": "yes", "source": "Bing", "surface": "asphalt"}}, {"type": "Feature", "geometry": {"type": "LineString", "coordinates": [[-8.4506365, 40.3900791], [-8.4506603, 40.390019], [-8.4506636, 40.3900044]]}, "properties": {"highway": "primary", "lanes": "1", "maxspeed": "50", "name": "Avenida da Restaura\u00e7\u00e3o", "oneway": "yes", "ref": "IC 2;EN 1", "surface": "asphalt"}}, {"type": "Feature", "geometry": {"type": "LineString", "coordinates": [[-8.6062949, 41.1151974], [-8.6061253, 41.1150585], [-8.6060016, 41.1149259], [-8.6059327, 41.1148261], [-8.6057657, 41.1145219], [-8.6056102, 41.1142335], [-8.6052666, 41.1135107], [-8.6052433, 41.1134578], [-8.6051419, 41.1132343], [-8.6046392, 41.1121216], [-8.6045625, 41.1119641], [-8.6040874, 41.1109225]]}, "properties": {"access": "yes", "bicycle": "yes", "cycleway": "no", "highway": "primary", "lanes": "2", "lit": "yes", "maxspeed": "50", "name": "Rua Soares dos Reis", "name:etymology:wikidata": "Q611418", "oneway": "no", "ref": "EN 1", "sidewalk": "both", "surface": "asphalt"}}, {"type": "Feature", "geometry": {"type": "LineString", "coordinates": [[-8.9721849, 39.0151962], [-8.9726663, 39.0163941], [-8.9727087, 39.0164998], [-8.9728407, 39.0168284], [-8.973152, 39.017603], [-8.9738447, 39.0184511], [-8.974178, 39.0191162], [-8.974363, 39.01942], [-8.974652, 39.019672], [-8.975507, 39.0202067], [-8.975574, 39.0202486], [-8.9765006, 39.0210644], [-8.9766593, 39.0212719], [-8.97683, 39.0215519]]}, "properties": {"highway": "primary", "lanes": "2", "maxspeed": "50", "ref": "EN 1", "surface": "asphalt"}}, {"type": "Feature", "geometry": {"type": "LineString", "coordinates": [[-8.4455269, 40.5510211], [-8.4455035, 40.5511559], [-8.445219, 40.5516163], [-8.444695, 40.5524643], [-8.4443151, 40.5531612]]}, "properties": {"highway": "primary", "lanes": "1", "maxspeed": "70", "name": "Rua Recreio Desportivo de \u00c1gueda", "oneway": "yes", "ref": "EN 1", "source": "Bing"}}, {"type": "Feature", "geometry": {"type": "LineString", "coordinates": [[-8.4458652, 40.550866], [-8.4458794, 40.5507486], [-8.4459368, 40.5506205], [-8.4463422, 40.5499207], [-8.4465238, 40.5496013], [-8.4466118, 40.5494312], [-8.4467061, 40.5491496]]}, "properties": {"highway": "primary", "lanes": "1", "name": "Rua Ramiro Soares de Miranda", "oneway": "yes", "ref": "EN 1", "source": "Bing", "surface": "paved"}}, {"type": "Feature", "geometry": {"type": "LineString", "coordinates": [[-8.6034315, 41.1101033], [-8.6033912, 41.1098798], [-8.6033617, 41.1096999], [-8.6033453, 41.1095794], [-8.6033088, 41.109393], [-8.6032614, 41.1092379], [-8.6031801, 41.1091288], [-8.6028111, 41.1087027], [-8.6025564, 41.1084219], [-8.602494, 41.1083106], [-8.6024823, 41.108176], [-8.602508, 41.1080354], [-8.6025311, 41.1079102], [-8.6025694, 41.1076997], [-8.6025871, 41.1076198], [-8.6026223, 41.1074611], [-8.6026605, 41.1072683], [-8.6027016, 41.1070408], [-8.6027107, 41.10698], [-8.6027046, 41.1069077], [-8.6026575, 41.1065963], [-8.6026441, 41.1065426], [-8.6026302, 41.1064929], [-8.6026092, 41.106421], [-8.6025766, 41.1063494], [-8.6024891, 41.1062126]]}, "properties": {"access": "yes", "bicycle": "yes", "cycleway": "no", "highway": "primary", "lanes": "2", "lit": "yes", "maxheight": "none", "maxspeed": "50", "name": "Rua Fonte dos Arrependidos", "oneway": "no", "ref": "EN 1", "sidewalk": "both", "surface": "asphalt"}}, {"type": "Feature", "geometry": {"type": "LineString", "coordinates": [[-8.47065, 40.6346834], [-8.4705863, 40.6339749]]}, "properties": {"highway": "primary", "lanes": "2", "maxspeed": "70", "oneway": "no", "ref": "IC 2;EN 1", "surface": "asphalt"}}, {"type": "Feature", "geometry": {"type": "LineString", "coordinates": [[-8.4694731, 40.638437], [-8.469762, 40.6379573], [-8.4701583, 40.6371927]]}, "properties": {"highway": "primary", "lanes": "1", "maxspeed": "70", "oneway": "yes", "ref": "IC 2;EN 1", "surface": "asphalt"}}, {"type": "Feature", "geometry": {"type": "LineString", "coordinates": [[-8.6023859, 41.1058507], [-8.6023611, 41.1057513], [-8.6023137, 41.1054804], [-8.6023057, 41.1053592]]}, "properties": {"access": "yes", "bicycle": "yes", "cycleway": "no", "highway": "primary", "lanes": "2", "lit": "yes", "maxspeed": "50", "name": "Rua Fonte dos Arrependidos", "oneway": "no", "ref": "EN 1", "shoulder": "both", "sidewalk": "both", "surface": "asphalt"}}, {"type": "Feature", "geometry": {"type": "LineString", "coordinates": [[-8.7710516, 39.7692205], [-8.7705016, 39.7694673], [-8.7701879, 39.7696081], [-8.7697027, 39.7698316]]}, "properties": {"highway": "trunk", "lanes": "1", "lit": "no", "maxspeed": "60", "old_ref": "EN 1", "oneway": "yes", "ref": "IC 2;EN 1", "surface": "asphalt"}}, {"type": "Feature", "geometry": {"type": "LineString", "coordinates": [[-8.7690534, 39.7702549], [-8.7695522, 39.7699586], [-8.7696101, 39.7699317], [-8.7701155, 39.7696967], [-8.7708209, 39.7693834], [-8.7721459, 39.7687896], [-8.7731008, 39.7683567], [-8.7737982, 39.7680495], [-8.7744186, 39.7677649], [-8.7749246, 39.7675417], [-8.7757651, 39.7671649], [-8.7758751, 39.76711], [-8.7764329, 39.7668659], [-8.7766261, 39.7667794], [-8.7775354, 39.7663629], [-8.7777204, 39.7662784], [-8.7786136, 39.7658823]]}, "properties": {"highway": "trunk", "lanes": "1", "lit": "no", "maxheight": "default", "maxspeed": "80", "old_ref": "EN 1", "oneway": "yes", "ref": "IC 2;EN 1", "surface": "asphalt"}}, {"type": "Feature", "geometry": {"type": "LineString", "coordinates": [[-8.7673035, 39.7715329], [-8.7671682, 39.7716882], [-8.766995, 39.7718705]]}, "properties": {"highway": "trunk", "lanes": "2", "lit": "yes", "maxspeed": "60", "old_ref": "EN 1", "oneway": "yes", "ref": "IC 2;EN 1", "surface": "asphalt"}}, {"type": "Feature", "geometry": {"type": "LineString", "coordinates": [[-8.766995, 39.7718705], [-8.7666697, 39.7721991], [-8.7656436, 39.7732757]]}, "properties": {"highway": "trunk", "lanes": "2", "lit": "yes", "maxspeed": "60", "oneway": "yes", "ref": "IC 2;EN 1", "surface": "asphalt", "turn:lanes": "none|merge_to_left"}}, {"type": "Feature", "geometry": {"type": "LineString", "coordinates": [[-8.6325587, 39.9104644], [-8.6325687, 39.9106255]]}, "properties": {"highway": "trunk", "lanes": "2", "lit": "yes", "maxspeed": "60", "old_ref": "EN 1", "ref": "IC 2;EN 1", "smoothness": "good", "surface": "asphalt"}}, {"type": "Feature", "geometry": {"type": "LineString", "coordinates": [[-8.5943856, 41.0918688], [-8.594021, 41.0915921]]}, "properties": {"bridge": "yes", "highway": "primary", "lanes": "2", "layer": "1", "name": "Rua da Rechousa", "oneway": "no", "ref": "EN 1", "source": "BING", "surface": "asphalt"}}, {"type": "Feature", "geometry": {"type": "LineString", "coordinates": [[-8.5790617, 41.0718964], [-8.5791603, 41.0718198], [-8.5792675, 41.0717727], [-8.5794304, 41.0717556], [-8.5796233, 41.0717636], [-8.5804376, 41.0719543], [-8.5805395, 41.0719979]]}, "properties": {"highway": "primary", "lanes": "1", "name": "Rua da Senhora do Monte", "oneway": "yes", "ref": "EN 1", "source": "BING", "surface": "asphalt"}}, {"type": "Feature", "geometry": {"type": "LineString", "coordinates": [[-8.5812056, 41.0771636], [-8.5811732, 41.0770447], [-8.5810904, 41.0768018], [-8.5809948, 41.0763363], [-8.5809888, 41.0762943], [-8.5809653, 41.0759776], [-8.5809927, 41.075635], [-8.5810315, 41.07539], [-8.5810765, 41.0752231], [-8.5811568, 41.0749874], [-8.5812357, 41.0748082], [-8.5813355, 41.0746005], [-8.5816912, 41.0740362]]}, "properties": {"highway": "primary", "lanes": "1", "name": "Rua da Senhora do Monte", "oneway": "yes", "ref": "EN 1", "surface": "asphalt"}}, {"type": "Feature", "geometry": {"type": "LineString", "coordinates": [[-8.5835558, 41.0817585], [-8.5834271, 41.0815765], [-8.5834064, 41.0815449], [-8.583337, 41.0814374], [-8.5831661, 41.0811781], [-8.5826435, 41.0803532], [-8.5826132, 41.0803064], [-8.5824849, 41.0800899], [-8.5823428, 41.0798082], [-8.5812056, 41.0771636]]}, "properties": {"highway": "primary", "lanes": "2", "name": "Rua da Senhora do Monte", "oneway": "no", "ref": "EN 1", "source": "BING", "surface": "asphalt"}}, {"type": "Feature", "geometry": {"type": "LineString", "coordinates": [[-8.5937557, 41.091438], [-8.5938226, 41.0914649], [-8.5938812, 41.0915031], [-8.5939294, 41.0915434], [-8.594021, 41.0915921]]}, "properties": {"highway": "primary", "lanes": "2", "name": "Rua da Rechousa", "oneway": "yes", "ref": "EN 1", "source": "BING", "surface": "asphalt"}}, {"type": "Feature", "geometry": {"type": "LineString", "coordinates": [[-8.5989348, 41.0962596], [-8.5989737, 41.0963808], [-8.5990821, 41.0966767], [-8.599115, 41.0967664], [-8.5991339, 41.0968166]]}, "properties": {"cycleway:both": "no", "highway": "primary", "lanes": "2", "name": "Rua do Alto das Torres", "oneway": "no", "ref": "EN 1", "source": "BING", "surface": "asphalt"}}, {"type": "Feature", "geometry": {"type": "LineString", "coordinates": [[-8.5981062, 41.0943866], [-8.5983001, 41.0946407], [-8.5984116, 41.0948016], [-8.598509, 41.094958], [-8.5986069, 41.0951631], [-8.5986555, 41.0953047], [-8.598693, 41.0954327], [-8.5987642, 41.0956761], [-8.5989199, 41.0962088], [-8.5989348, 41.0962596]]}, "properties": {"cycleway:both": "no", "highway": "primary", "lanes": "2", "name": "Rua da Rechousa", "ref": "EN 1", "source": "BING", "surface": "asphalt"}}, {"type": "Feature", "geometry": {"type": "LineString", "coordinates": [[-8.5947504, 41.092163], [-8.5950466, 41.0924001], [-8.5951089, 41.0924523], [-8.5952543, 41.0925801], [-8.5954419, 41.0927365], [-8.5956104, 41.0928655], [-8.5957611, 41.092981], [-8.5960647, 41.0931878], [-8.596535, 41.0934535], [-8.596884, 41.0936466]]}, "properties": {"highway": "primary", "lanes": "2", "lit": "yes", "name": "Rua da Rechousa", "oneway": "no", "parking:left": "no", "parking:right": "street_side", "parking:right:orientation": "parallel", "ref": "EN 1", "sidewalk:both": "separate", "smoothness": "good", "source": "BING", "surface": "asphalt"}}, {"type": "Feature", "geometry": {"type": "LineString", "coordinates": [[-8.5992491, 41.0971228], [-8.5993117, 41.0972957], [-8.5993828, 41.0974922], [-8.5994738, 41.0977469], [-8.5995163, 41.097866], [-8.5999355, 41.0989884], [-8.6000185, 41.0992107], [-8.6000401, 41.0992793], [-8.6002443, 41.0998325], [-8.6002727, 41.0999072]]}, "properties": {"cycleway:both": "no", "highway": "primary", "lanes": "2", "name": "Rua do Alto das Torres", "oneway": "no", "ref": "EN 1", "source": "BING", "surface": "asphalt"}}, {"type": "Feature", "geometry": {"type": "LineString", "coordinates": [[-8.6002727, 41.0999072], [-8.6004391, 41.1003419], [-8.6006461, 41.1008826], [-8.6007165, 41.1010274], [-8.6007451, 41.1010892], [-8.6008009, 41.1011815], [-8.6008814, 41.1012765], [-8.6009726, 41.1013695], [-8.6010531, 41.1014473], [-8.6011152, 41.1014988], [-8.6013727, 41.1016656], [-8.6015847, 41.1018028], [-8.6020565, 41.1021076], [-8.6022173, 41.1022093], [-8.602303, 41.1022709], [-8.6024202, 41.1023594], [-8.6025229, 41.1024447], [-8.602598, 41.1025154], [-8.6026973, 41.1026205], [-8.6027938, 41.1027459], [-8.602885, 41.1028894], [-8.6029431, 41.1029994], [-8.6029881, 41.1030921]]}, "properties": {"access": "yes", "bicycle": "yes", "cycleway": "no", "foot": "yes", "highway": "primary", "lanes": "2", "lit": "yes", "maxspeed": "50", "name": "Rua do Alto das Torres", "oneway": "no", "ref": "EN 1", "sidewalk": "both", "smoothness": "intermediate", "source": "BING", "surface": "asphalt"}}, {"type": "Feature", "geometry": {"type": "LineString", "coordinates": [[-8.5657909, 41.0481373], [-8.5658457, 41.0482488], [-8.5658602, 41.04828], [-8.5659803, 41.0485607], [-8.5660757, 41.0489155], [-8.5660958, 41.0490856], [-8.5662133, 41.0500785], [-8.5662259, 41.0501846], [-8.5662516, 41.0503886], [-8.5662931, 41.0508263]]}, "properties": {"highway": "primary", "lanes": "2", "lit": "yes", "maxspeed": "50", "name": "Avenida Doutor Moreira de Sousa", "old_ref": "EN 1", "oneway": "no", "ref": "EN 1", "source": "BING", "surface": "asphalt"}}, {"type": "Feature", "geometry": {"type": "LineString", "coordinates": [[-8.5669485, 41.056586], [-8.566938, 41.0565063], [-8.5669265, 41.0563826], [-8.5669197, 41.0563205], [-8.5669144, 41.0562737], [-8.5669092, 41.056228], [-8.5669068, 41.0562073], [-8.5669034, 41.056177], [-8.5668979, 41.0561279], [-8.5668912, 41.0560695], [-8.5668814, 41.0559831], [-8.5668696, 41.0558788], [-8.5668566, 41.0557634], [-8.566841, 41.0556259], [-8.5668233, 41.05547], [-8.566694, 41.054367], [-8.5666565, 41.0540468], [-8.5666383, 41.0538831], [-8.5663636, 41.0514314]]}, "properties": {"highway": "primary", "lanes": "2", "lit": "yes", "name": "Avenida Doutor Moreira de Sousa", "oneway": "no", "ref": "EN 1", "source": "BING", "surface": "asphalt"}}, {"type": "Feature", "geometry": {"type": "LineString", "coordinates": [[-8.5545133, 41.0259229], [-8.5546444, 41.026093]]}, "properties": {"highway": "primary", "lanes": "2", "lit": "yes", "maxspeed": "50", "name": "Rua Vendas de Grij\u00f3", "name:left": "Avenida de S\u00e3o Salvador", "name:right": "Rua Vendas de Grij\u00f3", "old_ref": "EN 1", "oneway": "no", "ref": "EN 1", "source": "BING", "surface": "asphalt"}}, {"type": "Feature", "geometry": {"type": "LineString", "coordinates": [[-8.5572474, 41.01879], [-8.557444, 41.0184727], [-8.5575659, 41.0182314], [-8.5576348, 41.0180291], [-8.5576716, 41.0176752], [-8.557634, 41.0173092], [-8.5574008, 41.0163621], [-8.5573036, 41.0159923]]}, "properties": {"alt_name": "Rua da Estrada Nacional N.\u00ba 1;Estrada Nacional N\u00ba1;Rua da Estrada Nacional N\u00famero 1;Rua EN1;EN1;Estrada Nacional 1", "highway": "primary", "lanes": "2", "lit": "yes", "maxspeed": "50", "name": "Rua Estrada Nacional N\u00ba 1", "note": "mesmo tendo oficialmente sido alterada para IC2, ainda \u00e9 referida nas placas no terreno como N1 por isso a ref principal deve levar ambas as refer\u00eancias", "old_ref": "EN 1", "oneway": "no", "ref": "EN 1", "ref:official": "IC 2", "smoothness": "good", "source": "BING", "surface": "asphalt"}}, {"type": "Feature", "geometry": {"type": "LineString", "coordinates": [[-8.5566337, 41.0133987], [-8.5565644, 41.0131334], [-8.5565348, 41.0130203]]}, "properties": {"alt_name": "Rua da Estrada Nacional N.\u00ba 1;Estrada Nacional N\u00ba1;Rua da Estrada Nacional N\u00famero 1;Rua EN1;EN1;Estrada Nacional 1", "highway": "primary", "lanes": "2", "lit": "yes", "maxspeed": "50", "name": "Rua Estrada Nacional N\u00ba 1", "note": "mesmo tendo oficialmente sido alterada para IC2, ainda \u00e9 referida nas placas no terreno como N1 por isso a ref principal deve levar ambas as refer\u00eancias", "old_ref": "EN 1", "oneway": "no", "ref": "EN 1", "ref:official": "IC 2", "source": "BING", "surface": "asphalt"}}, {"type": "Feature", "geometry": {"type": "LineString", "coordinates": [[-8.5569921, 41.0147698], [-8.5569703, 41.0146865], [-8.5569396, 41.0145691]]}, "properties": {"alt_name": "Rua da Estrada Nacional N.\u00ba 1;Estrada Nacional N\u00ba1;Rua da Estrada Nacional N\u00famero 1;Rua EN1;EN1;Estrada Nacional 1", "highway": "primary", "lanes": "2", "lit": "yes", "name": "Rua Estrada Nacional N\u00ba 1", "note": "mesmo tendo oficialmente sido alterada para IC2, ainda \u00e9 referida nas placas no terreno como N1 por isso a ref principal deve levar ambas as refer\u00eancias", "old_ref": "EN 1", "oneway": "no", "ref": "EN 1", "ref:official": "IC 2", "source": "BING", "surface": "asphalt"}}, {"type": "Feature", "geometry": {"type": "LineString", "coordinates": [[-8.5564432, 41.01267], [-8.5564282, 41.0126124], [-8.5563807, 41.012457], [-8.5563191, 41.0122881], [-8.5561532, 41.0119214], [-8.5559266, 41.011429], [-8.5555548, 41.0106211], [-8.5555209, 41.0105241]]}, "properties": {"alt_name": "Rua da Estrada Nacional N.\u00ba 1;Estrada Nacional N\u00ba1;Rua da Estrada Nacional N\u00famero 1;Rua EN1;EN1;Estrada Nacional 1", "highway": "primary", "lanes": "2", "lit": "yes", "maxspeed": "50", "name": "Rua Estrada Nacional N\u00ba 1", "note": "mesmo tendo oficialmente sido alterada para IC2, ainda \u00e9 referida nas placas no terreno como N1 por isso a ref principal deve levar ambas as refer\u00eancias", "old_ref": "EN 1", "oneway": "no", "ref": "EN 1", "ref:official": "IC 2", "source": "BING", "surface": "asphalt"}}, {"type": "Feature", "geometry": {"type": "LineString", "coordinates": [[-8.5568766, 41.0143281], [-8.5568169, 41.0140999]]}, "properties": {"alt_name": "Rua da Estrada Nacional N.\u00ba 1;Estrada Nacional N\u00ba1;Rua da Estrada Nacional N\u00famero 1;Rua EN1;EN1;Estrada Nacional 1", "highway": "primary", "lanes": "2", "lit": "yes", "name": "Rua Estrada Nacional N\u00ba 1", "note": "mesmo tendo oficialmente sido alterada para IC2, ainda \u00e9 referida nas placas no terreno como N1 por isso a ref principal deve levar ambas as refer\u00eancias", "old_ref": "EN 1", "oneway": "no", "ref": "EN 1", "ref:official": "IC 2", "source": "BING", "surface": "asphalt"}}, {"type": "Feature", "geometry": {"type": "LineString", "coordinates": [[-8.4900877, 40.7487018], [-8.4902861, 40.7484633]]}, "properties": {"bridge": "yes", "highway": "primary", "lanes": "2", "layer": "1", "maxspeed": "50", "maxweight:signed": "no", "oneway": "no", "ref": "IC 2;EN 1", "surface": "asphalt"}}, {"type": "Feature", "geometry": {"type": "LineString", "coordinates": [[-8.4902861, 40.7484633], [-8.4904674, 40.7482267], [-8.4905662, 40.7480807], [-8.4906115, 40.7479571], [-8.490639, 40.7478519], [-8.4906559, 40.7476998], [-8.4906581, 40.7475802], [-8.4906597, 40.7474667], [-8.4905823, 40.7467459], [-8.4905122, 40.746141]]}, "properties": {"highway": "primary", "lanes": "2", "maxspeed": "50", "oneway": "no", "ref": "IC 2;EN 1", "surface": "asphalt"}}, {"type": "Feature", "geometry": {"type": "LineString", "coordinates": [[-8.4830018, 40.7065907], [-8.4830941, 40.7067624], [-8.4831308, 40.7069629], [-8.483147, 40.7071346], [-8.4831045, 40.7078931], [-8.4830825, 40.7080988], [-8.4830151, 40.7084676], [-8.4829561, 40.7087633], [-8.4827317, 40.7098755], [-8.4826052, 40.7105377]]}, "properties": {"highway": "primary", "lanes": "1", "oneway": "yes", "ref": "IC 2;EN 1", "surface": "asphalt"}}, {"type": "Feature", "geometry": {"type": "LineString", "coordinates": [[-8.4833102, 40.7060125], [-8.483214, 40.7059366], [-8.4831553, 40.7058521], [-8.4831053, 40.7057801], [-8.4830542, 40.7055701], [-8.4827871, 40.7048006], [-8.4825436, 40.7042676]]}, "properties": {"highway": "trunk", "lanes": "1", "maxspeed": "70", "oneway": "yes", "ref": "IC 2;EN 1"}}, {"type": "Feature", "geometry": {"type": "LineString", "coordinates": [[-8.4732795, 40.6913267], [-8.4735333, 40.691425], [-8.4747861, 40.6922076]]}, "properties": {"highway": "trunk", "lanes": "1", "oneway": "yes", "ref": "IC 2;EN 1"}}, {"type": "Feature", "geometry": {"type": "LineString", "coordinates": [[-8.4703872, 40.6808415], [-8.4704337, 40.6808848], [-8.470475, 40.6809232], [-8.4705941, 40.6809778], [-8.4707304, 40.6809987], [-8.4708522, 40.6809853], [-8.4708681, 40.6809835], [-8.4709909, 40.680934], [-8.4710465, 40.6808878], [-8.4710846, 40.6808561], [-8.4711381, 40.6807587], [-8.4711452, 40.6806533], [-8.471105, 40.6805523], [-8.4710223, 40.6804675], [-8.4709067, 40.6804088], [-8.4707719, 40.6803831], [-8.4706334, 40.6803934], [-8.4706122, 40.680401], [-8.4705076, 40.6804384], [-8.4704093, 40.680513], [-8.4703602, 40.6805839], [-8.4703369, 40.680662], [-8.4703408, 40.680742], [-8.4703872, 40.6808415]]}, "properties": {"highway": "trunk", "junction": "roundabout", "lanes": "2", "lit": "yes", "ref": "IC 2;EN 1", "source": "Bing", "surface": "asphalt"}}, {"type": "Feature", "geometry": {"type": "LineString", "coordinates": [[-8.4730886, 40.6911135], [-8.4730838, 40.6911629], [-8.4730972, 40.6912114], [-8.4731226, 40.6912497], [-8.4731594, 40.6912823], [-8.4732054, 40.6913073], [-8.4732795, 40.6913267]]}, "properties": {"highway": "trunk", "junction": "roundabout", "lanes": "2", "lit": "yes", "ref": "IC 2;EN 1"}}, {"type": "Feature", "geometry": {"type": "LineString", "coordinates": [[-8.4828402, 40.7097699], [-8.4830684, 40.7086972], [-8.4831668, 40.7081298], [-8.4831768, 40.7079802], [-8.4832407, 40.7073186], [-8.483245, 40.7069958], [-8.4833055, 40.7067621], [-8.4833355, 40.7066558], [-8.4833646, 40.706569]]}, "properties": {"highway": "primary", "lanes": "2", "maxspeed": "70", "oneway": "yes", "ref": "IC 2;EN 1", "surface": "asphalt"}}, {"type": "Feature", "geometry": {"type": "LineString", "coordinates": [[-8.5373966, 40.9877676], [-8.5373881, 40.9876647], [-8.5372088, 40.9860006], [-8.5371652, 40.9855898], [-8.5371631, 40.9855701], [-8.5371532, 40.9854765]]}, "properties": {"highway": "primary", "lanes": "2", "lit": "yes", "maxspeed": "50", "name": "Avenida Principal", "oneway": "no", "ref": "EN 1", "surface": "asphalt"}}, {"type": "Feature", "geometry": {"type": "LineString", "coordinates": [[-8.5365024, 40.9802796], [-8.5365162, 40.9802707], [-8.5366864, 40.9801609]]}, "properties": {"highway": "primary", "lanes": "2", "lit": "yes", "maxspeed": "50", "name": "Avenida Principal", "oneway": "no", "ref": "EN 1", "surface": "asphalt"}}, {"type": "Feature", "geometry": {"type": "LineString", "coordinates": [[-8.537412, 40.9881376], [-8.5373966, 40.9877676]]}, "properties": {"highway": "primary", "lanes": "2", "lit": "yes", "maxspeed": "50", "name": "Avenida Principal", "oneway": "no", "ref": "EN 1", "surface": "asphalt"}}, {"type": "Feature", "geometry": {"type": "LineString", "coordinates": [[-8.5371532, 40.9854765], [-8.5371419, 40.9853931], [-8.537115, 40.9852376], [-8.5371001, 40.9851512], [-8.5370574, 40.9850074], [-8.5370183, 40.9849036], [-8.5363904, 40.9835801], [-8.5362206, 40.9832222]]}, "properties": {"highway": "primary", "lanes": "2", "lit": "yes", "maxspeed": "50", "name": "Avenida Principal", "oneway": "no", "ref": "EN 1", "surface": "asphalt"}}, {"type": "Feature", "geometry": {"type": "LineString", "coordinates": [[-8.4411116, 40.2346102], [-8.4410181, 40.2344911], [-8.4409477, 40.2343415]]}, "properties": {"highway": "primary", "lanes": "1", "name": "Rua Manuel Madeira", "oneway": "yes", "ref": "EN 1", "source": "bing"}}, {"type": "Feature", "geometry": {"type": "LineString", "coordinates": [[-8.4407002, 40.2344955], [-8.4407538, 40.2344949], [-8.4408254, 40.2344779], [-8.4408857, 40.2344439], [-8.440928, 40.2343967], [-8.4409477, 40.2343415], [-8.4409392, 40.2342748], [-8.440898, 40.2342157], [-8.4408302, 40.2341731], [-8.4407463, 40.2341534], [-8.440659, 40.2341598], [-8.4405816, 40.2341911], [-8.4405256, 40.2342425], [-8.4404996, 40.2343064], [-8.4405076, 40.2343732], [-8.4405485, 40.2344327], [-8.4406162, 40.2344756], [-8.4407002, 40.2344955]]}, "properties": {"highway": "primary", "junction": "roundabout", "lanes": "1", "ref": "EN 1", "source": "bing"}}, {"type": "Feature", "geometry": {"type": "LineString", "coordinates": [[-8.4407538, 40.2344949], [-8.4409406, 40.2345551], [-8.4410487, 40.2345899], [-8.4411116, 40.2346102]]}, "properties": {"highway": "primary", "lanes": "1", "name": "Rua Manuel Madeira", "oneway": "yes", "ref": "EN 1", "source": "bing"}}, {"type": "Feature", "geometry": {"type": "LineString", "coordinates": [[-8.4403652, 40.234066], [-8.4404996, 40.2343064]]}, "properties": {"highway": "primary", "lanes": "1", "name": "Rua da Constitui\u00e7\u00e3o", "oneway": "yes", "ref": "EN 1", "source": "bing", "surface": "asphalt"}}, {"type": "Feature", "geometry": {"type": "LineString", "coordinates": [[-8.4407463, 40.2341534], [-8.4403652, 40.234066]]}, "properties": {"highway": "primary", "lanes": "1", "name": "Rua da Constitui\u00e7\u00e3o", "oneway": "yes", "ref": "EN 1", "source": "bing", "surface": "asphalt"}}, {"type": "Feature", "geometry": {"type": "LineString", "coordinates": [[-8.4692516, 40.6388718], [-8.4693418, 40.6386977], [-8.4694731, 40.638437]]}, "properties": {"highway": "primary", "maxspeed": "70", "oneway": "no", "ref": "IC 2;EN 1", "surface": "asphalt"}}, {"type": "Feature", "geometry": {"type": "LineString", "coordinates": [[-8.5357597, 40.9757132], [-8.5357179, 40.9754393]]}, "properties": {"highway": "primary", "lanes": "2", "lit": "yes", "maxspeed": "50", "name": "Avenida Principal", "oneway": "no", "ref": "EN 1", "surface": "asphalt"}}, {"type": "Feature", "geometry": {"type": "LineString", "coordinates": [[-8.5363678, 40.9736118], [-8.5364297, 40.9735376], [-8.5366291, 40.9732985], [-8.5368356, 40.9730509], [-8.5369077, 40.9729644], [-8.5370416, 40.9728039], [-8.5371365, 40.9726901], [-8.5372621, 40.9725395], [-8.5373514, 40.9724331], [-8.5374911, 40.972246], [-8.537612, 40.972046], [-8.5376839, 40.9719076], [-8.5377174, 40.9718286]]}, "properties": {"highway": "primary", "lanes": "2", "lit": "yes", "maxspeed": "50", "name": "Avenida Principal", "oneway": "no", "ref": "EN 1", "surface": "asphalt"}}, {"type": "Feature", "geometry": {"type": "LineString", "coordinates": [[-8.5357179, 40.9754393], [-8.5356879, 40.9752429], [-8.5356493, 40.9749271], [-8.5356405, 40.9747595], [-8.5356669, 40.9745954], [-8.5357333, 40.9744104], [-8.535847, 40.9742442], [-8.5361284, 40.9738989], [-8.5361567, 40.9738649], [-8.5362927, 40.9737018], [-8.5363678, 40.9736118]]}, "properties": {"highway": "primary", "lanes": "2", "lit": "yes", "maxspeed": "50", "name": "Avenida Principal", "oneway": "no", "ref": "EN 1", "surface": "asphalt"}}, {"type": "Feature", "geometry": {"type": "LineString", "coordinates": [[-8.5377174, 40.9718286], [-8.5377333, 40.9717742], [-8.5377806, 40.9715855], [-8.5378061, 40.9714841], [-8.537885, 40.971007], [-8.5379274, 40.97062], [-8.5379655, 40.9702725], [-8.5379777, 40.9701613]]}, "properties": {"highway": "primary", "lanes": "2", "lit": "yes", "maxspeed": "50", "name": "Avenida Principal", "oneway": "no", "ref": "EN 1", "surface": "asphalt"}}, {"type": "Feature", "geometry": {"type": "LineString", "coordinates": [[-8.4681014, 40.1404039], [-8.4680812, 40.1404176], [-8.4680664, 40.1404349], [-8.4680585, 40.1404526], [-8.4680563, 40.1404712], [-8.46806, 40.1404896], [-8.4680693, 40.1405069], [-8.4680837, 40.140522], [-8.4681019, 40.1405338], [-8.4681231, 40.1405421], [-8.4681463, 40.1405464], [-8.4681702, 40.1405464], [-8.4681934, 40.1405423], [-8.4682222, 40.14053], [-8.4682444, 40.1405113], [-8.4682577, 40.1404882], [-8.4682606, 40.1404631], [-8.468253, 40.1404385], [-8.4682355, 40.1404171], [-8.46821, 40.1404011], [-8.4681791, 40.1403921], [-8.4681522, 40.1403907], [-8.4681257, 40.1403947], [-8.4681014, 40.1404039]]}, "properties": {"highway": "primary", "junction": "roundabout", "name": "Rua da Mesura", "ref": "EN 1"}}, {"type": "Feature", "geometry": {"type": "LineString", "coordinates": [[-8.4686744, 40.1373557], [-8.4687208, 40.1372584]]}, "properties": {"bridge": "yes", "cycleway:both": "no", "highway": "trunk", "lanes": "1", "layer": "1", "lit": "yes", "maxspeed": "90", "maxweight:signed": "no", "old_ref": "EN 1", "oneway": "yes", "ref": "IC 2;EN 1", "smoothness": "excellent", "surface": "asphalt"}}, {"type": "Feature", "geometry": {"type": "LineString", "coordinates": [[-8.4687208, 40.1372584], [-8.4691907, 40.1363119], [-8.4692549, 40.1362094], [-8.4693328, 40.1361089], [-8.4694731, 40.1359461], [-8.469631, 40.1357924], [-8.4697569, 40.1357016], [-8.4700694, 40.1355009], [-8.4706617, 40.1352245], [-8.4711111, 40.1350077], [-8.471649, 40.1347762], [-8.4718569, 40.1346843], [-8.4720198, 40.1346105]]}, "properties": {"cycleway:both": "no", "highway": "trunk", "lanes": "1", "lit": "yes", "maxspeed": "90", "old_ref": "EN 1", "oneway": "yes", "ref": "IC 2;EN 1", "smoothness": "excellent", "surface": "asphalt"}}, {"type": "Feature", "geometry": {"type": "LineString", "coordinates": [[-8.4393078, 40.2237482], [-8.4393687, 40.2238044], [-8.4394251, 40.223869]]}, "properties": {"destination": "Pedrulha; Loreto", "highway": "primary", "lanes": "1", "name": "Rua Manuel de Almeida e Sousa", "oneway": "yes", "ref": "EN 1", "sidewalk": "right", "source": "bing", "surface": "asphalt"}}, {"type": "Feature", "geometry": {"type": "LineString", "coordinates": [[-8.4394333, 40.2238036], [-8.4394296, 40.2237662], [-8.4394198, 40.2237206]]}, "properties": {"highway": "primary", "lanes": "2", "name": "Rua Manuel de Almeida e Sousa", "oneway": "yes", "ref": "EN 1", "surface": "asphalt"}}, {"type": "Feature", "geometry": {"type": "LineString", "coordinates": [[-8.5194305, 40.9518534], [-8.519575, 40.9518746], [-8.5196891, 40.9518913]]}, "properties": {"highway": "primary", "lanes": "3", "lanes:backward": "1", "lanes:forward": "2", "name": "Rua Central", "oneway": "no", "ref": "EN 1", "surface": "asphalt"}}, {"type": "Feature", "geometry": {"type": "LineString", "coordinates": [[-8.5379295, 40.9612068], [-8.5379541, 40.9614194]]}, "properties": {"highway": "primary", "lanes": "2", "lit": "yes", "maxspeed": "50", "name": "Rua do Areal", "oneway": "no", "ref": "EN 1", "surface": "asphalt"}}, {"type": "Feature", "geometry": {"type": "LineString", "coordinates": [[-8.5348737, 40.9576121], [-8.5354964, 40.9578405], [-8.5360275, 40.9581274], [-8.5363864, 40.9583931], [-8.5367019, 40.9587008], [-8.536739, 40.9587492], [-8.5369618, 40.9590396], [-8.5371652, 40.9594252], [-8.537344, 40.9598323], [-8.5378508, 40.9609859], [-8.5379295, 40.9612068]]}, "properties": {"highway": "primary", "lanes": "2", "lit": "yes", "maxspeed": "50", "name": "Rua do Areal", "oneway": "no", "ref": "EN 1", "surface": "asphalt"}}, {"type": "Feature", "geometry": {"type": "LineString", "coordinates": [[-8.4484697, 40.1820804], [-8.4484378, 40.1821435], [-8.4483822, 40.182223]]}, "properties": {"highway": "primary", "lanes": "1", "name": "Estrada Antiga de Lisboa", "oneway": "yes", "ref": "EN 1", "surface": "asphalt"}}, {"type": "Feature", "geometry": {"type": "LineString", "coordinates": [[-8.4563869, 40.1698874], [-8.4562039, 40.170166], [-8.4561394, 40.1702486], [-8.4557238, 40.1707805], [-8.4556417, 40.170865], [-8.4550256, 40.1714992], [-8.4548016, 40.1717496], [-8.4543137, 40.1722949], [-8.454228, 40.1724679], [-8.4541733, 40.1726794], [-8.4541949, 40.1730929], [-8.4542061, 40.1732969], [-8.4542148, 40.1734025], [-8.4542378, 40.1736847], [-8.4541944, 40.1739972], [-8.4541116, 40.1741951], [-8.4538004, 40.1748243], [-8.4537582, 40.1751342], [-8.4537748, 40.1754019], [-8.4537888, 40.1756269], [-8.4537905, 40.1756565], [-8.4538234, 40.1762232], [-8.4538836, 40.1767022], [-8.4538465, 40.1769408], [-8.4536816, 40.17717], [-8.4535998, 40.1772339], [-8.4534958, 40.1772957]]}, "properties": {"highway": "primary", "lanes": "2", "name": "Ladeira da Paula", "ref": "EN 1", "surface": "asphalt"}}, {"type": "Feature", "geometry": {"type": "LineString", "coordinates": [[-8.4509337, 40.5683192], [-8.4510678, 40.5681676]]}, "properties": {"highway": "primary", "lanes": "1", "name": "Rua Miguel de Almeida e Silva", "oneway": "yes", "ref": "EN 1", "surface": "asphalt"}}, {"type": "Feature", "geometry": {"type": "LineString", "coordinates": [[-8.4422911, 40.2420562], [-8.4423271, 40.2420493], [-8.4423571, 40.2420324], [-8.4423762, 40.2420081], [-8.4423817, 40.24198], [-8.4423727, 40.2419524], [-8.4423505, 40.2419296], [-8.4423187, 40.241915], [-8.4422819, 40.2419108], [-8.4422458, 40.2419177], [-8.4422159, 40.2419346], [-8.4421968, 40.2419589], [-8.4421913, 40.241987], [-8.4422003, 40.2420145], [-8.4422111, 40.2420257], [-8.4422224, 40.2420374], [-8.4422543, 40.242052], [-8.4422911, 40.2420562]]}, "properties": {"highway": "primary", "junction": "roundabout", "ref": "EN 1", "source": "bing"}}, {"type": "Feature", "geometry": {"type": "LineString", "coordinates": [[-8.4423727, 40.2419524], [-8.4424084, 40.2418216], [-8.4424012, 40.2417022]]}, "properties": {"highway": "primary", "lanes": "1", "name": "Rua Manuel Madeira", "oneway": "yes", "ref": "EN 1", "source": "bing"}}, {"type": "Feature", "geometry": {"type": "LineString", "coordinates": [[-8.4424012, 40.2417022], [-8.4423303, 40.2418045], [-8.4423108, 40.2418473], [-8.4422819, 40.2419108]]}, "properties": {"highway": "primary", "lanes": "1", "name": "Rua Manuel Madeira", "oneway": "yes", "ref": "EN 1", "source": "bing"}}, {"type": "Feature", "geometry": {"type": "LineString", "coordinates": [[-8.4483822, 40.182223], [-8.4477448, 40.1826853]]}, "properties": {"bridge": "yes", "highway": "primary", "lanes": "2", "layer": "1", "name": "Estrada Antiga de Lisboa", "ref": "EN 1", "surface": "asphalt"}}, {"type": "Feature", "geometry": {"type": "LineString", "coordinates": [[-8.4510098, 40.1776893], [-8.450977, 40.177736], [-8.4509528, 40.1777916], [-8.4509363, 40.1778412]]}, "properties": {"highway": "primary", "oneway": "yes", "ref": "EN 1", "surface": "asphalt"}}, {"type": "Feature", "geometry": {"type": "LineString", "coordinates": [[-8.4425105, 40.2425562], [-8.4425422, 40.2426497], [-8.4425927, 40.2427361], [-8.4426546, 40.2428129]]}, "properties": {"highway": "primary", "lanes": "1", "name": "Rua Manuel Madeira", "oneway": "yes", "ref": "EN 1"}}, {"type": "Feature", "geometry": {"type": "LineString", "coordinates": [[-8.4426546, 40.2428129], [-8.4426612, 40.2425722]]}, "properties": {"highway": "primary", "lanes": "1", "name": "Rua Manuel Madeira", "oneway": "yes", "ref": "EN 1"}}, {"type": "Feature", "geometry": {"type": "LineString", "coordinates": [[-8.4422224, 40.2420374], [-8.4423531, 40.242246], [-8.4423967, 40.2423177]]}, "properties": {"highway": "primary", "lanes": "1", "name": "Rua Manuel Madeira", "oneway": "yes", "ref": "EN 1", "source": "bing"}}, {"type": "Feature", "geometry": {"type": "LineString", "coordinates": [[-8.9543082, 39.2288617], [-8.9543455, 39.2287796], [-8.9543717, 39.2286886], [-8.9543927, 39.2286327], [-8.9544182, 39.2285974], [-8.9544477, 39.2285766], [-8.9545067, 39.2285666], [-8.9545832, 39.2285709]]}, "properties": {"highway": "primary", "lanes": "1", "oneway": "yes", "ref": "EN 1", "surface": "asphalt"}}, {"type": "Feature", "geometry": {"type": "LineString", "coordinates": [[-8.9575437, 39.2236981], [-8.9578058, 39.2231981]]}, "properties": {"highway": "primary", "lanes": "2", "ref": "IC 2;EN 1", "surface": "asphalt"}}, {"type": "Feature", "geometry": {"type": "LineString", "coordinates": [[-8.9578058, 39.2231981], [-8.9580434, 39.2228209]]}, "properties": {"highway": "primary", "lanes": "3", "lanes:backward": "2", "lanes:forward": "1", "ref": "IC 2;EN 1", "surface": "asphalt", "turn:lanes:backward": "through|right", "turn:lanes:forward": "through"}}, {"type": "Feature", "geometry": {"type": "LineString", "coordinates": [[-8.9573209, 39.2241145], [-8.9575437, 39.2236981]]}, "properties": {"bridge": "yes", "highway": "primary", "lanes": "2", "layer": "1", "ref": "IC 2;EN 1", "surface": "asphalt"}}, {"type": "Feature", "geometry": {"type": "LineString", "coordinates": [[-8.9561779, 39.2262917], [-8.9565704, 39.2255512], [-8.9568851, 39.2249397], [-8.9571438, 39.2244518]]}, "properties": {"highway": "primary", "lanes": "2", "ref": "EN 1", "surface": "asphalt"}}, {"type": "Feature", "geometry": {"type": "LineString", "coordinates": [[-8.9946213, 39.210463], [-8.9949238, 39.2101926]]}, "properties": {"highway": "primary", "lanes": "1", "oneway": "yes", "ref": "IC 2;EN 1", "surface": "asphalt"}}, {"type": "Feature", "geometry": {"type": "LineString", "coordinates": [[-8.9943884, 39.210631], [-8.9944711, 39.210569], [-8.9946213, 39.210463]]}, "properties": {"highway": "primary", "lanes": "1", "oneway": "yes", "ref": "IC 2;EN 1", "surface": "asphalt"}}, {"type": "Feature", "geometry": {"type": "LineString", "coordinates": [[-8.9949238, 39.2101926], [-8.9950592, 39.2100608], [-8.9956372, 39.2093708]]}, "properties": {"highway": "primary", "lanes": "2", "oneway": "yes", "ref": "IC 2;EN 1", "surface": "asphalt"}}, {"type": "Feature", "geometry": {"type": "LineString", "coordinates": [[-8.9619076, 39.4061008], [-8.9618422, 39.4060249], [-8.9618005, 39.4059654], [-8.961754, 39.4058833], [-8.9616967, 39.4057568], [-8.9616437, 39.4056133], [-8.9616015, 39.4054546], [-8.9615496, 39.405202], [-8.9614489, 39.4046209], [-8.9613703, 39.4041656], [-8.9613092, 39.4038651], [-8.961249, 39.4036913]]}, "properties": {"highway": "trunk", "lanes": "1", "maxspeed": "70", "oneway": "yes", "ref": "IC 2;EN 1", "surface": "asphalt"}}, {"type": "Feature", "geometry": {"type": "LineString", "coordinates": [[-8.9514538, 39.3427341], [-8.9515656, 39.3426482], [-8.9517252, 39.3424252], [-8.9517761, 39.342308], [-8.9517815, 39.3422136], [-8.9517631, 39.3421486]]}, "properties": {"highway": "primary", "lanes": "1", "maxspeed": "50", "name": "Avenida dos Combatentes", "oneway": "yes", "overtaking": "no", "ref": "EN 1", "surface": "asphalt"}}, {"type": "Feature", "geometry": {"type": "LineString", "coordinates": [[-8.9721849, 39.0151962], [-8.9720116, 39.0147648]]}, "properties": {"bridge": "yes", "highway": "primary", "lanes": "2", "layer": "1", "ref": "EN 1", "surface": "asphalt"}}, {"type": "Feature", "geometry": {"type": "LineString", "coordinates": [[-8.9717833, 39.0142492], [-8.9712198, 39.0130363], [-8.971062, 39.0127], [-8.97091, 39.01223], [-8.9708965, 39.011927], [-8.970873, 39.011402], [-8.9710143, 39.009902], [-8.971023, 39.007843], [-8.970977, 39.0073221], [-8.9709535, 39.0071311], [-8.9709264, 39.0069462]]}, "properties": {"highway": "primary", "lanes": "2", "name": "Avenida Monte dos Castelinhos", "ref": "EN 1", "surface": "asphalt"}}, {"type": "Feature", "geometry": {"type": "LineString", "coordinates": [[-8.4434092, 40.2508158], [-8.4434871, 40.250801], [-8.4435516, 40.2507646], [-8.4435929, 40.2507121], [-8.4436048, 40.2506515], [-8.4435854, 40.2505921], [-8.4435376, 40.2505428], [-8.4434688, 40.2505113], [-8.4433894, 40.2505023], [-8.4433116, 40.2505171], [-8.4432471, 40.2505536], [-8.4432201, 40.2505823], [-8.443194, 40.2506535], [-8.4432135, 40.250726], [-8.4432613, 40.2507752], [-8.4433301, 40.2508067], [-8.4434092, 40.2508158]]}, "properties": {"highway": "primary", "junction": "roundabout", "ref": "EN 1", "source": "bing", "surface": "asphalt"}}, {"type": "Feature", "geometry": {"type": "LineString", "coordinates": [[-8.9941471, 39.048827], [-8.99407, 39.0492094], [-8.9940127, 39.0493688], [-8.9939468, 39.049449]]}, "properties": {"highway": "primary", "lanes": "1", "oneway": "yes", "ref": "IC 2;EN 1", "surface": "asphalt"}}, {"type": "Feature", "geometry": {"type": "LineString", "coordinates": [[-8.994822, 39.0496641], [-8.9949792, 39.0496282], [-8.9951852, 39.0495899], [-8.9954519, 39.0495487]]}, "properties": {"highway": "primary", "lanes": "3", "oneway": "yes", "ref": "EN 1", "surface": "asphalt", "turn:lanes": "left|through|slight_right"}}, {"type": "Feature", "geometry": {"type": "LineString", "coordinates": [[-8.9967691, 39.049402], [-8.9962843, 39.0493814], [-8.9960099, 39.0493936], [-8.9957492, 39.0494226]]}, "properties": {"highway": "primary", "lanes": "1", "oneway": "yes", "ref": "EN 1", "surface": "asphalt"}}, {"type": "Feature", "geometry": {"type": "LineString", "coordinates": [[-8.4625337, 40.6183353], [-8.462579, 40.6182099], [-8.4626525, 40.6180067], [-8.4638722, 40.6148416], [-8.4639702, 40.6145874]]}, "properties": {"highway": "primary", "lanes": "2", "maxspeed": "70", "oneway": "no", "ref": "IC 2;EN 1", "surface": "asphalt"}}, {"type": "Feature", "geometry": {"type": "LineString", "coordinates": [[-8.9514538, 39.3427341], [-8.9513737, 39.342894], [-8.9513168, 39.343133], [-8.9512926, 39.3434117], [-8.9512842, 39.3435808], [-8.9512713, 39.343839], [-8.9512613, 39.344006], [-8.9512592, 39.3440409]]}, "properties": {"highway": "primary", "lanes": "2", "maxspeed": "50", "name": "Avenida dos Combatentes", "ref": "EN 1", "surface": "asphalt"}}, {"type": "Feature", "geometry": {"type": "LineString", "coordinates": [[-8.4732386, 40.6909835], [-8.4730214, 40.690918], [-8.4729534, 40.6908905], [-8.4729286, 40.6908804], [-8.4728467, 40.6908411], [-8.4721878, 40.6904788], [-8.4718141, 40.6902657], [-8.4714225, 40.6900373], [-8.4711444, 40.6898563], [-8.4709173, 40.6896999], [-8.4706415, 40.6894838], [-8.4703982, 40.6892676], [-8.4702502, 40.6891339], [-8.4701105, 40.6889958], [-8.469992, 40.6888567], [-8.4698519, 40.6886666], [-8.4696837, 40.6884129], [-8.4695231, 40.6881267], [-8.469331, 40.6877193], [-8.4691932, 40.6873874], [-8.4691538, 40.6872293], [-8.4691167, 40.6869886], [-8.4690912, 40.6867742], [-8.4690819, 40.6865879], [-8.4690819, 40.6863612], [-8.4691208, 40.6860511], [-8.4691829, 40.6857512], [-8.4692882, 40.6853594], [-8.4692957, 40.6853315], [-8.4693168, 40.6852631], [-8.4693745, 40.685076], [-8.46965, 40.6841345], [-8.4700051, 40.6830195], [-8.4705457, 40.6814369], [-8.4706236, 40.6812686], [-8.4706682, 40.6811985], [-8.4707007, 40.6811592], [-8.4707854, 40.6810564], [-8.4708522, 40.6809853]]}, "properties": {"highway": "trunk", "lanes": "1", "lit": "yes", "oneway": "yes", "ref": "IC 2;EN 1", "source": "gps", "surface": "asphalt"}}, {"type": "Feature", "geometry": {"type": "LineString", "coordinates": [[-8.4775696, 40.8118118], [-8.477597, 40.8118201], [-8.477641, 40.8118251], [-8.4776851, 40.8118207], [-8.477726, 40.8118073], [-8.4777603, 40.8117859], [-8.4777855, 40.8117581], [-8.4778005, 40.8117217], [-8.4777999, 40.8116836], [-8.4777836, 40.8116476], [-8.4777532, 40.8116172], [-8.4777119, 40.8115954], [-8.4776651, 40.8115846], [-8.4776162, 40.811585], [-8.4775698, 40.8115967], [-8.4775302, 40.8116183], [-8.4775011, 40.8116481], [-8.4774843, 40.811688], [-8.4774865, 40.8117299], [-8.4775074, 40.8117687], [-8.4775446, 40.8117998], [-8.4775696, 40.8118118]]}, "properties": {"highway": "primary", "junction": "roundabout", "ref": "EN 1"}}, {"type": "Feature", "geometry": {"type": "LineString", "coordinates": [[-8.4799136, 40.8141686], [-8.4799465, 40.8141697], [-8.479978, 40.8141628], [-8.4800051, 40.8141486], [-8.4800235, 40.8141303], [-8.480034, 40.8141087], [-8.4800357, 40.8140857], [-8.4800283, 40.8140634], [-8.4800108, 40.8140423], [-8.4799854, 40.8140265], [-8.4799546, 40.8140176], [-8.4799217, 40.8140167], [-8.4798901, 40.8140237], [-8.4798632, 40.814038], [-8.4798452, 40.8140558], [-8.4798348, 40.8140767], [-8.4798327, 40.8140991], [-8.4798393, 40.8141209], [-8.4798471, 40.814133], [-8.4798575, 40.8141438], [-8.4798829, 40.8141597], [-8.4799136, 40.8141686]]}, "properties": {"highway": "primary", "junction": "roundabout", "name": "Avenida S\u00e1 Carneiro", "ref": "EN 1"}}, {"type": "Feature", "geometry": {"type": "LineString", "coordinates": [[-8.4798632, 40.814038], [-8.4797779, 40.8139529], [-8.4791071, 40.8133444], [-8.4787644, 40.8130335], [-8.478191, 40.8124451], [-8.4778922, 40.812059]]}, "properties": {"highway": "primary", "name": "Avenida S\u00e1 Carneiro", "oneway": "no", "ref": "EN 1"}}, {"type": "Feature", "geometry": {"type": "LineString", "coordinates": [[-8.4778922, 40.812059], [-8.4778056, 40.8118666], [-8.4777842, 40.8118057], [-8.4777846, 40.811792], [-8.4777855, 40.8117581]]}, "properties": {"highway": "primary", "name": "Avenida S\u00e1 Carneiro", "oneway": "yes", "ref": "EN 1"}}, {"type": "Feature", "geometry": {"type": "LineString", "coordinates": [[-8.8281543, 39.7043645], [-8.8281748, 39.7043406], [-8.8281899, 39.7043144], [-8.8281992, 39.7042867], [-8.8282023, 39.7042582], [-8.8281993, 39.7042296], [-8.8281902, 39.7042019], [-8.8281752, 39.7041756], [-8.8281553, 39.7041521], [-8.8281306, 39.7041314]]}, "properties": {"cycleway:both": "no", "highway": "primary", "junction": "roundabout", "lanes": "2", "lit": "yes", "maxspeed": "50", "ref": "EN 1", "sidewalk": "no", "smoothness": "good", "surface": "asphalt"}}, {"type": "Feature", "geometry": {"type": "LineString", "coordinates": [[-8.4828589, 40.8291748], [-8.4829021, 40.8291657], [-8.482951, 40.8291419], [-8.4829866, 40.8291071], [-8.4830048, 40.8290653], [-8.4830035, 40.8290213], [-8.4829829, 40.8289801], [-8.4829448, 40.8289476], [-8.482911, 40.8289295], [-8.4828638, 40.8289179], [-8.4828142, 40.828917], [-8.4827643, 40.8289275], [-8.4827208, 40.8289488], [-8.4826877, 40.8289789], [-8.4826712, 40.8290064], [-8.4826635, 40.829036], [-8.482665, 40.8290662], [-8.4826774, 40.8290982], [-8.4827, 40.8291267], [-8.4827314, 40.82915], [-8.4827705, 40.8291667], [-8.482814, 40.8291752], [-8.4828589, 40.8291748]]}, "properties": {"highway": "primary", "junction": "roundabout", "ref": "EN 1", "surface": "asphalt"}}, {"type": "Feature", "geometry": {"type": "LineString", "coordinates": [[-8.483243, 40.8274089], [-8.483253, 40.8274637], [-8.4832504, 40.8275185], [-8.4832501, 40.8275778], [-8.4832377, 40.8276514], [-8.4832042, 40.8278508], [-8.4831156, 40.8281188], [-8.4828904, 40.8287371], [-8.4828444, 40.8288634], [-8.4828142, 40.828917]]}, "properties": {"highway": "primary", "name": "Avenida Dona Maria I", "oneway": "yes", "ref": "EN 1"}}, {"type": "Feature", "geometry": {"type": "LineString", "coordinates": [[-8.4829448, 40.8289476], [-8.4829509, 40.8289169], [-8.4829641, 40.8288802], [-8.4832209, 40.8281398], [-8.4833114, 40.8278661], [-8.4833581, 40.8275881], [-8.4833764, 40.8274982], [-8.4833898, 40.8274414], [-8.4834315, 40.8273959]]}, "properties": {"highway": "primary", "name": "Avenida Dona Maria I", "oneway": "yes", "ref": "EN 1"}}, {"type": "Feature", "geometry": {"type": "LineString", "coordinates": [[-8.4794445, 40.821641], [-8.4792289, 40.8218521], [-8.4790979, 40.8220364], [-8.4790257, 40.822232]]}, "properties": {"highway": "primary", "name": "Rua de Santo Ant\u00f3nio", "oneway": "no", "ref": "EN 1"}}, {"type": "Feature", "geometry": {"type": "LineString", "coordinates": [[-8.4826877, 40.8289789], [-8.4825771, 40.8290102]]}, "properties": {"highway": "primary", "name": "Rua Ant\u00f3nio Bernardo", "oneway": "yes", "ref": "EN 1"}}, {"type": "Feature", "geometry": {"type": "LineString", "coordinates": [[-8.4832899, 40.8274225], [-8.4833399, 40.8274249], [-8.4833886, 40.8274157], [-8.4834315, 40.8273959], [-8.4834628, 40.8273694], [-8.4834829, 40.8273372], [-8.4834903, 40.827302], [-8.4834832, 40.8272641], [-8.4834614, 40.8272296], [-8.4834268, 40.8272017], [-8.4833783, 40.8271818], [-8.4833238, 40.8271751], [-8.4832694, 40.8271824], [-8.4832268, 40.8271995], [-8.4831925, 40.8272253], [-8.4831695, 40.8272574], [-8.48316, 40.8272916], [-8.4831632, 40.8273265], [-8.4831792, 40.8273593], [-8.4832065, 40.8273876], [-8.483243, 40.8274089], [-8.4832899, 40.8274225]]}, "properties": {"highway": "primary", "junction": "roundabout", "ref": "EN 1", "surface": "asphalt"}}, {"type": "Feature", "geometry": {"type": "LineString", "coordinates": [[-8.4798172, 40.8214303], [-8.4796127, 40.8215349], [-8.4794445, 40.821641]]}, "properties": {"bridge": "viaduct", "highway": "primary", "layer": "1", "name": "Rua de Santo Ant\u00f3nio", "ref": "EN 1"}}, {"type": "Feature", "geometry": {"type": "LineString", "coordinates": [[-8.4798172, 40.8214303], [-8.479934, 40.8213843], [-8.4800507, 40.8213382]]}, "properties": {"highway": "primary", "name": "Rua de Santo Ant\u00f3nio", "oneway": "no", "ref": "EN 1", "source": "Bing"}}, {"type": "Feature", "geometry": {"type": "LineString", "coordinates": [[-8.4791518, 40.8311259], [-8.4793676, 40.8311711], [-8.479538, 40.8312492], [-8.4799785, 40.8316062], [-8.4803898, 40.8319691], [-8.480561, 40.8321075], [-8.4806946, 40.8321709], [-8.4808247, 40.8322038], [-8.4809646, 40.8322005], [-8.4811134, 40.8321689], [-8.4812867, 40.8320885], [-8.4814678, 40.8318971], [-8.4816075, 40.8316613], [-8.4816631, 40.8314608], [-8.4817764, 40.8301165], [-8.4818451, 40.8298623], [-8.4819886, 40.8296011], [-8.48229, 40.8291312], [-8.4823365, 40.8290742], [-8.4823971, 40.8290279], [-8.482493, 40.8290077], [-8.4825771, 40.8290102]]}, "properties": {"highway": "primary", "name": "Rua Cipriano Nunes Martins", "oneway": "no", "ref": "EN 1", "surface": "asphalt"}}, {"type": "Feature", "geometry": {"type": "LineString", "coordinates": [[-8.4745908, 40.8416173], [-8.4744912, 40.8416771], [-8.4742255, 40.8418367], [-8.4738518, 40.8420834], [-8.473732, 40.8422024], [-8.4736705, 40.8422981], [-8.4735569, 40.8424603], [-8.4735332, 40.8425414]]}, "properties": {"highway": "primary", "maxweight": "3.5", "name": "Rua Frei Caetano Brand\u00e3o", "ref": "EN 1"}}, {"type": "Feature", "geometry": {"type": "LineString", "coordinates": [[-8.832891, 39.7193348], [-8.8322906, 39.718655]]}, "properties": {"bridge": "viaduct", "cycleway:both": "no", "destination": "Lisboa;Batalha;Azoia", "destination:ref": "EN 1", "highway": "primary", "lanes": "1", "layer": "1", "lit": "yes", "maxspeed": "90", "maxweight:signed": "no", "oneway": "yes", "ref": "EN 1", "sidewalk": "both", "smoothness": "excellent", "surface": "asphalt"}}, {"type": "Feature", "geometry": {"type": "LineString", "coordinates": [[-8.8322906, 39.718655], [-8.832249, 39.7186073], [-8.8321505, 39.7184991], [-8.8320713, 39.7183928], [-8.832011, 39.7183056], [-8.8319619, 39.7182168], [-8.8319204, 39.7181339], [-8.8318802, 39.7180485], [-8.8318476, 39.7179602], [-8.8318013, 39.7178099], [-8.8317273, 39.717425]]}, "properties": {"cycleway:both": "no", "destination": "Lisboa;Batalha;Azoia", "destination:ref": "EN 1", "highway": "primary", "lanes": "1", "lit": "yes", "oneway": "yes", "ref": "EN 1", "sidewalk": "no", "smoothness": "excellent", "surface": "asphalt"}}, {"type": "Feature", "geometry": {"type": "LineString", "coordinates": [[-8.8308826, 39.7153422], [-8.8308326, 39.7153202], [-8.8307929, 39.7152951], [-8.8307584, 39.7152686], [-8.8307376, 39.7152521], [-8.8307211, 39.7152304], [-8.8307012, 39.7152028], [-8.8306717, 39.7151581], [-8.8306149, 39.7150725], [-8.8303807, 39.7146918]]}, "properties": {"cycleway:both": "no", "highway": "primary", "lanes": "2", "lit": "yes", "maxspeed": "90", "oneway": "yes", "ref": "EN 1", "sidewalk": "right", "smoothness": "good", "surface": "asphalt"}}, {"type": "Feature", "geometry": {"type": "LineString", "coordinates": [[-8.8278043, 39.7043665], [-8.8278173, 39.7044044], [-8.8278233, 39.7044355], [-8.8278265, 39.7044833], [-8.8278278, 39.7045139], [-8.8278281, 39.7045459], [-8.8278178, 39.7045866], [-8.8278099, 39.7046142]]}, "properties": {"cycleway:both": "no", "highway": "primary", "lanes": "1", "lit": "yes", "maxspeed": "90", "oneway": "yes", "ref": "EN 1", "sidewalk": "right", "surface": "asphalt"}}, {"type": "Feature", "geometry": {"type": "LineString", "coordinates": [[-8.5826114, 41.0727892], [-8.5825464, 41.0726546], [-8.5824582, 41.072531], [-8.5823199, 41.0724157], [-8.5821589, 41.0723284], [-8.581966, 41.0722694], [-8.5816704, 41.0721973]]}, "properties": {"highway": "primary", "lanes": "1", "lit": "yes", "name": "Rua da Senhora do Monte", "oneway": "yes", "ref": "EN 1", "surface": "asphalt"}}, {"type": "Feature", "geometry": {"type": "LineString", "coordinates": [[-8.5824043, 41.07309], [-8.582322, 41.073234], [-8.5821553, 41.0733885], [-8.5819254, 41.073562], [-8.5816754, 41.073735], [-8.581455, 41.0739017], [-8.581236, 41.074099], [-8.5810888, 41.0742919], [-8.5809974, 41.0744823], [-8.5809717, 41.0745756]]}, "properties": {"highway": "primary", "lanes": "1", "name": "Rua da Senhora do Monte", "oneway": "yes", "ref": "EN 1", "surface": "asphalt"}}, {"type": "Feature", "geometry": {"type": "LineString", "coordinates": [[-8.5816393, 41.07226], [-8.58193, 41.0723308], [-8.5821128, 41.0723908], [-8.5822642, 41.0724676], [-8.5823838, 41.072567], [-8.5824385, 41.0726686], [-8.5824797, 41.0728428], [-8.582464, 41.0729674], [-8.5824043, 41.07309]]}, "properties": {"highway": "primary", "lanes": "2", "lit": "yes", "name": "Rua da Senhora do Monte", "oneway": "yes", "ref": "EN 1", "surface": "asphalt", "turn:lanes": "through|right"}}, {"type": "Feature", "geometry": {"type": "LineString", "coordinates": [[-8.9809739, 39.0336164], [-8.9810749, 39.0337062], [-8.981206, 39.0338307], [-8.981351, 39.0340836], [-8.9815073, 39.0343532], [-8.9816624, 39.0346164], [-8.9818259, 39.0348814], [-8.9819809, 39.0350769], [-8.9822615, 39.0354522]]}, "properties": {"highway": "primary", "lanes": "1", "oneway": "yes", "ref": "EN 1", "surface": "asphalt"}}, {"type": "Feature", "geometry": {"type": "LineString", "coordinates": [[-8.9835865, 39.0368965], [-8.983923, 39.0372684], [-8.984271, 39.0376232], [-8.9849609, 39.0383692], [-8.9856648, 39.0391039], [-8.9857688, 39.0392191], [-8.9860327, 39.0395113], [-8.9864838, 39.0399924], [-8.9866048, 39.040171], [-8.9866218, 39.0402589], [-8.9866211, 39.0403554]]}, "properties": {"highway": "primary", "lanes": "2", "maxspeed": "50", "oneway": "yes", "ref": "IC 2;EN 1", "surface": "asphalt"}}, {"type": "Feature", "geometry": {"type": "LineString", "coordinates": [[-8.9869992, 39.0409591], [-8.9870015, 39.0407801], [-8.9870169, 39.0407243], [-8.9870502, 39.0406379]]}, "properties": {"highway": "primary", "lanes": "1", "maxspeed": "50", "oneway": "yes", "ref": "IC 2;EN 1", "surface": "asphalt"}}, {"type": "Feature", "geometry": {"type": "LineString", "coordinates": [[-8.9867489, 39.0406756], [-8.9868808, 39.0407967], [-8.9869992, 39.0409591]]}, "properties": {"highway": "primary", "lanes": "1", "maxspeed": "50", "oneway": "yes", "ref": "IC 2;EN 1", "surface": "asphalt"}}, {"type": "Feature", "geometry": {"type": "LineString", "coordinates": [[-8.9869012, 39.0402545], [-8.9867646, 39.0401698], [-8.9864777, 39.0398556], [-8.9862719, 39.0396302], [-8.9858866, 39.0392059], [-8.9854297, 39.0387231], [-8.9848714, 39.0381394], [-8.9845406, 39.0378085], [-8.9843858, 39.0376535], [-8.9843198, 39.0375875]]}, "properties": {"highway": "primary", "lanes": "2", "maxspeed": "50", "oneway": "yes", "ref": "IC 2;EN 1", "surface": "asphalt"}}, {"type": "Feature", "geometry": {"type": "LineString", "coordinates": [[-8.9828927, 39.0360344], [-8.982695, 39.0358125], [-8.9821899, 39.0352475], [-8.9819559, 39.0349277], [-8.9817751, 39.0346711], [-8.9812747, 39.0337426], [-8.9812688, 39.0336283], [-8.9813025, 39.0335164]]}, "properties": {"highway": "primary", "lanes": "2", "maxspeed": "50", "oneway": "yes", "ref": "EN 1", "surface": "asphalt"}}, {"type": "Feature", "geometry": {"type": "LineString", "coordinates": [[-8.9808945, 39.0329386], [-8.9808779, 39.0332101], [-8.9808612, 39.0332745]]}, "properties": {"highway": "primary", "lanes": "1", "oneway": "yes", "ref": "EN 1", "surface": "asphalt"}}, {"type": "Feature", "geometry": {"type": "LineString", "coordinates": [[-8.9808016, 39.0334639], [-8.9808287, 39.0335203], [-8.9808666, 39.0335612], [-8.9809159, 39.0335938], [-8.9809739, 39.0336164]]}, "properties": {"highway": "primary", "junction": "roundabout", "maxspeed": "50", "ref": "EN 1", "surface": "asphalt"}}, {"type": "Feature", "geometry": {"type": "LineString", "coordinates": [[-8.9812002, 39.0332397], [-8.9810711, 39.0331361], [-8.9808945, 39.0329386]]}, "properties": {"highway": "primary", "lanes": "1", "oneway": "yes", "ref": "EN 1", "surface": "asphalt"}}, {"type": "Feature", "geometry": {"type": "LineString", "coordinates": [[-8.9870502, 39.0406379], [-8.9871057, 39.0405857], [-8.9871382, 39.0405229], [-8.9871451, 39.0404602], [-8.9871289, 39.0403987], [-8.9870911, 39.0403431], [-8.987052, 39.0403093], [-8.9870047, 39.0402825], [-8.9869514, 39.0402637], [-8.9869012, 39.0402545]]}, "properties": {"highway": "primary", "junction": "roundabout", "lanes": "2", "maxspeed": "50", "ref": "IC 2;EN 1", "surface": "asphalt"}}, {"type": "Feature", "geometry": {"type": "LineString", "coordinates": [[-8.4879802, 40.8826223], [-8.4880105, 40.8822352], [-8.4880185, 40.8821324], [-8.4880318, 40.881962], [-8.4880291, 40.8818612]]}, "properties": {"highway": "primary", "lanes": "2", "lit": "yes", "name": "Rua Visconde de S\u00e3o Jo\u00e3o da Madeira", "old_ref": "EN 1", "oneway": "yes", "ref": "EN 1", "source": "BING", "surface": "asphalt"}}, {"type": "Feature", "geometry": {"type": "LineString", "coordinates": [[-8.4881113, 40.8796686], [-8.4880234, 40.880123], [-8.487942, 40.8818572]]}, "properties": {"highway": "primary", "lanes": "2", "maxspeed:type": "PT:urban", "name": "Rua Visconde de S\u00e3o Jo\u00e3o da Madeira", "old_ref": "EN 1", "oneway": "yes", "ref": "EN 1", "surface": "asphalt"}}, {"type": "Feature", "geometry": {"type": "LineString", "coordinates": [[-8.4882354, 40.8756675], [-8.488106, 40.8754482], [-8.4880849, 40.8754124]]}, "properties": {"highway": "primary", "lanes": "2", "name": "Rua Dom Egas Moniz \"O Gasc\u00e3o\"", "old_ref": "EN 1", "oneway": "yes", "ref": "EN 1", "surface": "asphalt"}}, {"type": "Feature", "geometry": {"type": "LineString", "coordinates": [[-8.4880589, 40.8754453], [-8.4880849, 40.8754124], [-8.4880963, 40.8753802], [-8.4880966, 40.875347], [-8.4880858, 40.8753147], [-8.4880645, 40.8752856], [-8.4880342, 40.8752615], [-8.4879968, 40.8752439], [-8.4879594, 40.8752348], [-8.4879144, 40.8752324], [-8.4878701, 40.875239], [-8.4878296, 40.875254], [-8.4877956, 40.8752764], [-8.4877679, 40.8753089], [-8.487754, 40.8753461], [-8.4877561, 40.8753892], [-8.4877768, 40.8754294], [-8.4878136, 40.8754623], [-8.4878473, 40.8754792], [-8.4878853, 40.8754897], [-8.4879255, 40.8754933], [-8.4879757, 40.8754876], [-8.4880215, 40.8754711], [-8.4880589, 40.8754453]]}, "properties": {"highway": "primary", "junction": "roundabout", "lanes": "2", "maxspeed:type": "PT:urban", "old_ref": "EN 1", "ref": "EN 1", "source": "BING", "surface": "asphalt"}}, {"type": "Feature", "geometry": {"type": "LineString", "coordinates": [[-8.4883622, 40.8796574], [-8.4883786, 40.879624], [-8.4883814, 40.8795977], [-8.4883761, 40.8795716], [-8.4883629, 40.8795471], [-8.4883425, 40.8795256], [-8.4883161, 40.8795083], [-8.4882851, 40.8794961], [-8.4882422, 40.879489], [-8.4881984, 40.8794916], [-8.4881575, 40.8795037], [-8.4881231, 40.8795243], [-8.488098, 40.8795515], [-8.4880844, 40.8795831], [-8.4880836, 40.8796163], [-8.4880956, 40.8796482], [-8.4881113, 40.8796686], [-8.4881321, 40.879686], [-8.4881573, 40.8796998], [-8.4882013, 40.8797125], [-8.4882483, 40.8797142], [-8.4882936, 40.8797048], [-8.4883329, 40.8796852], [-8.4883622, 40.8796574]]}, "properties": {"highway": "primary", "junction": "roundabout", "maxspeed:type": "PT:urban", "old_ref": "EN 1", "ref": "EN 1", "source": "BING", "surface": "asphalt"}}, {"type": "Feature", "geometry": {"type": "LineString", "coordinates": [[-8.4737422, 40.843225], [-8.4737573, 40.8432762], [-8.4738511, 40.8435948], [-8.4739641, 40.84389], [-8.4740646, 40.8441294], [-8.4741338, 40.8443787], [-8.4741519, 40.84452], [-8.4741321, 40.8447081], [-8.4740647, 40.8449704], [-8.4739761, 40.8452011], [-8.4737552, 40.8457987], [-8.4737039, 40.8459429], [-8.4735363, 40.8464142], [-8.4734043, 40.8467706], [-8.4733709, 40.8469543], [-8.473371, 40.8471392], [-8.4738097, 40.8486364], [-8.4738976, 40.8489524], [-8.4739932, 40.8491151], [-8.4741006, 40.8492288], [-8.4745699, 40.8496744], [-8.4747872, 40.8498948], [-8.4750252, 40.8501197], [-8.4750888, 40.8502278], [-8.4751474, 40.8503433], [-8.4751863, 40.8504533], [-8.4752019, 40.8505598], [-8.4751868, 40.8506693], [-8.475067, 40.8509934], [-8.4750604, 40.8511683], [-8.4751579, 40.8513733], [-8.4752499, 40.8514821], [-8.4754267, 40.8516019], [-8.4769599, 40.8522426], [-8.4770136, 40.8522645]]}, "properties": {"highway": "primary", "lanes": "2", "name": "Rua Frei Caetano Brand\u00e3o", "oneway": "no", "ref": "EN 1", "source": "Bing", "surface": "asphalt"}}, {"type": "Feature", "geometry": {"type": "LineString", "coordinates": [[-8.4737982, 40.8428674], [-8.4735894, 40.8427389]]}, "properties": {"highway": "primary", "name": "Rua Frei Caetano Brand\u00e3o", "oneway": "yes", "ref": "EN 1"}}, {"type": "Feature", "geometry": {"type": "LineString", "coordinates": [[-8.4737464, 40.8430619], [-8.4737838, 40.8430616], [-8.4738196, 40.8430533], [-8.4738555, 40.8430345], [-8.4738806, 40.8430088], [-8.4738936, 40.8429785], [-8.4738933, 40.8429466], [-8.4738796, 40.8429164], [-8.473854, 40.8428911], [-8.4738281, 40.8428766], [-8.4737982, 40.8428674], [-8.4737555, 40.8428641], [-8.4737137, 40.8428714], [-8.4736772, 40.8428885], [-8.4736499, 40.8429136], [-8.4736363, 40.842939], [-8.4736323, 40.8429662], [-8.4736384, 40.8429932], [-8.4736539, 40.843018], [-8.4736787, 40.8430392], [-8.4737104, 40.8430542], [-8.4737464, 40.8430619]]}, "properties": {"highway": "primary", "junction": "roundabout", "ref": "EN 1"}}, {"type": "Feature", "geometry": {"type": "LineString", "coordinates": [[-8.4735894, 40.8427389], [-8.4736499, 40.8429136]]}, "properties": {"highway": "primary", "name": "Rua Frei Caetano Brand\u00e3o", "oneway": "yes", "ref": "EN 1"}}, {"type": "Feature", "geometry": {"type": "LineString", "coordinates": [[-8.4736539, 40.843018], [-8.4737422, 40.843225]]}, "properties": {"highway": "primary", "name": "Rua Frei Caetano Brand\u00e3o", "oneway": "yes", "ref": "EN 1"}}, {"type": "Feature", "geometry": {"type": "LineString", "coordinates": [[-8.477597, 40.8118201], [-8.4776554, 40.8118563], [-8.4777305, 40.8119233], [-8.4778922, 40.812059]]}, "properties": {"highway": "primary", "name": "Avenida S\u00e1 Carneiro", "oneway": "yes", "ref": "EN 1"}}, {"type": "Feature", "geometry": {"type": "LineString", "coordinates": [[-8.9513787, 39.3445693], [-8.9514461, 39.3446893], [-8.9514912, 39.3447697], [-8.9514956, 39.3447775], [-8.9515235, 39.3448196], [-8.9515724, 39.3448932], [-8.9516187, 39.344963], [-8.9516513, 39.3450078], [-8.9517609, 39.345158], [-8.9519097, 39.3452938]]}, "properties": {"highway": "primary", "lanes": "1", "maxspeed": "50", "ref": "EN 1", "surface": "asphalt"}}, {"type": "Feature", "geometry": {"type": "LineString", "coordinates": [[-8.9459159, 39.3391908], [-8.9459407, 39.3391723], [-8.9459595, 39.339141], [-8.945954, 39.3391061], [-8.9458939, 39.3390517], [-8.9458064, 39.3389858], [-8.9457562, 39.3389758], [-8.9457126, 39.3389902], [-8.9456864, 39.3390152], [-8.9456781, 39.3390546], [-8.9456941, 39.3390839], [-8.9457233, 39.3391086], [-8.9458174, 39.3391884], [-8.9458686, 39.3392009], [-8.9459159, 39.3391908]]}, "properties": {"highway": "primary", "lanes": "1", "maxspeed": "40", "name": "Avenida dos Combatentes", "oneway": "yes", "ref": "EN 1;EN 114", "surface": "asphalt"}}, {"type": "Feature", "geometry": {"type": "LineString", "coordinates": [[-8.9461163, 39.3392834], [-8.9461491, 39.3392998], [-8.9461953, 39.3393229], [-8.9462225, 39.3393365], [-8.9462963, 39.3393734], [-8.9463574, 39.3394039], [-8.9464189, 39.3394346], [-8.9464737, 39.339462], [-8.9465552, 39.3395027], [-8.9465906, 39.3395204], [-8.9466696, 39.3395537], [-8.9467725, 39.3395982], [-8.9468155, 39.3396168], [-8.9471629, 39.3397672], [-8.9478867, 39.3400788], [-8.9487544, 39.3404524], [-8.9489493, 39.3405377], [-8.9499386, 39.3409712], [-8.9503017, 39.3411485], [-8.9509359, 39.3414625], [-8.9510922, 39.3415344], [-8.9513174, 39.3416566], [-8.9514897, 39.3417802]]}, "properties": {"highway": "primary", "lanes": "2", "maxspeed": "50", "name": "Avenida dos Combatentes", "oneway": "no", "overtaking": "no", "ref": "EN 1;EN 114", "surface": "asphalt"}}, {"type": "Feature", "geometry": {"type": "LineString", "coordinates": [[-8.9461163, 39.3392834], [-8.946029, 39.3391922], [-8.9459824, 39.3391435], [-8.945954, 39.3391061]]}, "properties": {"highway": "primary", "lanes": "1", "maxspeed": "40", "name": "Avenida dos Combatentes", "oneway": "yes", "ref": "EN 1;EN 114", "surface": "asphalt"}}, {"type": "Feature", "geometry": {"type": "LineString", "coordinates": [[-8.9512827, 39.3444193], [-8.9513128, 39.3443833], [-8.9513276, 39.344342], [-8.9513276, 39.3443278], [-8.9513275, 39.3443088], [-8.9513175, 39.3442766], [-8.9512979, 39.3442471], [-8.9512572, 39.3442137], [-8.9512048, 39.3441921], [-8.9511462, 39.3441848], [-8.9510876, 39.3441924], [-8.95104, 39.3442116], [-8.9510016, 39.3442406], [-8.9509758, 39.3442771], [-8.9509651, 39.3443162], [-8.950969, 39.3443561], [-8.9509872, 39.3443935], [-8.9510245, 39.3444299], [-8.951075, 39.344455], [-8.9511333, 39.344466], [-8.9511885, 39.3444626], [-8.9512399, 39.3444465], [-8.9512827, 39.3444193]]}, "properties": {"highway": "primary", "junction": "roundabout", "lanes": "2", "maxspeed": "50", "name": "Avenida dos Combatentes", "ref": "EN 1", "surface": "asphalt"}}, {"type": "Feature", "geometry": {"type": "LineString", "coordinates": [[-8.9458064, 39.3389858], [-8.9457357, 39.3389319], [-8.9456151, 39.3388455]]}, "properties": {"highway": "primary", "lanes": "1", "maxspeed": "40", "name": "Avenida dos Combatentes", "oneway": "yes", "ref": "EN 1", "surface": "asphalt"}}, {"type": "Feature", "geometry": {"type": "LineString", "coordinates": [[-8.9456151, 39.3388455], [-8.9456606, 39.338934], [-8.9456655, 39.3389493], [-8.9456864, 39.3390152]]}, "properties": {"highway": "primary", "lanes": "1", "maxspeed": "40", "name": "Avenida dos Combatentes", "oneway": "yes", "ref": "EN 1", "surface": "asphalt"}}, {"type": "Feature", "geometry": {"type": "LineString", "coordinates": [[-8.9458686, 39.3392009], [-8.9461163, 39.3392834]]}, "properties": {"highway": "primary", "lanes": "1", "maxspeed": "40", "name": "Avenida dos Combatentes", "oneway": "yes", "ref": "EN 1;EN 114", "surface": "asphalt"}}, {"type": "Feature", "geometry": {"type": "LineString", "coordinates": [[-8.938783, 39.3315901], [-8.9389073, 39.33164], [-8.9390436, 39.3317228], [-8.9391348, 39.3318183], [-8.9392296, 39.3319227], [-8.9394318, 39.3321513], [-8.9397055, 39.3324359], [-8.9397871, 39.3325233], [-8.9399937, 39.3327304], [-8.9400226, 39.3327581], [-8.9401823, 39.3329113], [-8.9404249, 39.3331352]]}, "properties": {"highway": "primary", "lanes": "1", "maxspeed": "50", "name": "Avenida dos Combatentes", "oneway": "yes", "overtaking": "no", "ref": "EN 1", "surface": "asphalt"}}, {"type": "Feature", "geometry": {"type": "LineString", "coordinates": [[-8.9404249, 39.3331352], [-8.9409606, 39.3337215], [-8.9418739, 39.3347209], [-8.9420225, 39.3348836], [-8.9423866, 39.3352927], [-8.9425194, 39.3354419], [-8.9425868, 39.3355176], [-8.9426207, 39.3355556]]}, "properties": {"highway": "primary", "lanes": "2", "lit": "yes", "maxspeed": "50", "name": "Avenida dos Combatentes", "oneway": "no", "overtaking": "no", "ref": "EN 1", "surface": "asphalt"}}, {"type": "Feature", "geometry": {"type": "LineString", "coordinates": [[-8.9387564, 39.3313233], [-8.9385951, 39.3311078], [-8.9384186, 39.3308749], [-8.9381162, 39.3305106], [-8.938059, 39.3304417], [-8.9379956, 39.3303835], [-8.937983, 39.330372], [-8.9378331, 39.3302341]]}, "properties": {"highway": "primary", "lanes": "1", "maxspeed": "50", "name": "Avenida dos Combatentes", "oneway": "yes", "overtaking": "no", "ref": "EN 1", "surface": "asphalt"}}, {"type": "Feature", "geometry": {"type": "LineString", "coordinates": [[-8.9387427, 39.3316042], [-8.938783, 39.3315901], [-8.9388237, 39.3315648], [-8.9388542, 39.3315321], [-8.9388723, 39.3314942], [-8.9388766, 39.331454], [-8.9388661, 39.3314126], [-8.9388411, 39.3313751], [-8.9388035, 39.3313446], [-8.9387564, 39.3313233], [-8.9387015, 39.331313], [-8.9386451, 39.3313153], [-8.938592, 39.3313302], [-8.9385467, 39.3313563], [-8.9385131, 39.3313914], [-8.9384839, 39.3314371], [-8.9384924, 39.3314839], [-8.9385095, 39.3315267], [-8.9385421, 39.3315637], [-8.9385875, 39.3315915], [-8.9386414, 39.3316077], [-8.9386992, 39.3316109], [-8.9387427, 39.3316042]]}, "properties": {"highway": "primary", "junction": "roundabout", "lanes": "2", "lit": "yes", "maxspeed": "50", "name": "Avenida dos Combatentes", "ref": "EN 1", "surface": "asphalt"}}, {"type": "Feature", "geometry": {"type": "LineString", "coordinates": [[-8.9404249, 39.3331352], [-8.9402774, 39.332951], [-8.9400566, 39.3326946], [-8.9400185, 39.3326512], [-8.9397973, 39.332395], [-8.939715, 39.3323078], [-8.9394933, 39.332073], [-8.9393021, 39.3318823], [-8.9389602, 39.3315413], [-8.938932, 39.3315119], [-8.9388766, 39.331454]]}, "properties": {"highway": "primary", "lanes": "1", "maxspeed": "50", "name": "Avenida dos Combatentes", "oneway": "yes", "overtaking": "no", "ref": "EN 1", "surface": "asphalt"}}, {"type": "Feature", "geometry": {"type": "LineString", "coordinates": [[-8.9378331, 39.3302341], [-8.9379299, 39.3304077], [-8.9379884, 39.3304954], [-8.9380374, 39.3305515], [-8.9381907, 39.330727], [-8.9383811, 39.3309656], [-8.9384321, 39.3310569], [-8.9384652, 39.3311537], [-8.9384924, 39.3312471], [-8.938503, 39.3312835], [-8.9385131, 39.3313914]]}, "properties": {"highway": "primary", "lanes": "1", "maxspeed": "50", "name": "Avenida dos Combatentes", "oneway": "yes", "overtaking": "no", "ref": "EN 1", "surface": "asphalt"}}, {"type": "Feature", "geometry": {"type": "LineString", "coordinates": [[-8.4331516, 40.1893458], [-8.4329916, 40.1894599], [-8.4329106, 40.1895431], [-8.4328515, 40.1896267], [-8.432823, 40.1897207], [-8.4328118, 40.1898369], [-8.4328245, 40.1899592], [-8.4328704, 40.190065], [-8.4329583, 40.1901921], [-8.4331226, 40.1903473], [-8.433298, 40.1905027], [-8.4337428, 40.1908736], [-8.4339519, 40.1910592], [-8.4343481, 40.1914784], [-8.4346431, 40.1918216], [-8.4349268, 40.1922194], [-8.4351048, 40.1924909], [-8.4352247, 40.1926633], [-8.4353324, 40.1927986], [-8.4354768, 40.1929334], [-8.4356393, 40.1930518], [-8.4357802, 40.1931258], [-8.4359378, 40.1931946], [-8.4361519, 40.1932489], [-8.4363896, 40.1933073], [-8.4364469, 40.1933352], [-8.4365375, 40.1933792], [-8.4367152, 40.193572], [-8.4367496, 40.1937419], [-8.4367423, 40.1938746], [-8.4367097, 40.1939946], [-8.4365877, 40.1942232], [-8.4363578, 40.194563], [-8.4362422, 40.1947385], [-8.43618, 40.194878], [-8.4361522, 40.195025], [-8.4361581, 40.1951787], [-8.4361991, 40.195321], [-8.4362706, 40.1954475], [-8.4364085, 40.1956092], [-8.4365406, 40.1957262], [-8.4368263, 40.1959702], [-8.4369198, 40.1960923], [-8.4369593, 40.1961931], [-8.4369692, 40.1962952], [-8.4369477, 40.1964072], [-8.4368936, 40.1965216], [-8.4368009, 40.1966385], [-8.4365715, 40.1968599]]}, "properties": {"destination:backward": "Barreiros;Cruz dos Morou\u00e7os", "destination:forward": "Santa Clara", "highway": "primary", "lanes": "2", "name": "Ladeira do Vale do Inferno", "ref": "EN 1", "surface": "asphalt"}}, {"type": "Feature", "geometry": {"type": "LineString", "coordinates": [[-8.5934851, 41.0910624], [-8.5933876, 41.090969], [-8.5932273, 41.0907939], [-8.5923245, 41.0898076], [-8.5922612, 41.0897386]]}, "properties": {"highway": "primary", "lanes": "2", "name": "Rua da Rechousa", "oneway": "no", "ref": "EN 1", "source": "BING", "surface": "asphalt"}}, {"type": "Feature", "geometry": {"type": "LineString", "coordinates": [[-8.5936078, 41.0913179], [-8.5936079, 41.0913408], [-8.5936144, 41.0913632], [-8.5936269, 41.091384], [-8.5936449, 41.0914025], [-8.5936676, 41.0914177], [-8.593694, 41.091429], [-8.5937229, 41.0914359], [-8.5937557, 41.091438]]}, "properties": {"highway": "primary", "junction": "roundabout", "lanes": "2", "name": "Rotunda de Canelas", "ref": "EN 1", "source": "Bing", "surface": "asphalt"}}, {"type": "Feature", "geometry": {"type": "LineString", "coordinates": [[-8.4461205, 40.2891902], [-8.4461249, 40.2889228], [-8.4461289, 40.288756]]}, "properties": {"highway": "trunk", "lanes": "1", "maxspeed": "90", "oneway": "yes", "ref": "IC 2;EN 1", "surface": "asphalt", "turn:lanes": "left|through;right"}}, {"type": "Feature", "geometry": {"type": "LineString", "coordinates": [[-8.4460746, 40.296795], [-8.4460763, 40.2965784], [-8.446087, 40.296287], [-8.4461227, 40.2948686], [-8.4461219, 40.2922441], [-8.4461155, 40.28971]]}, "properties": {"highway": "trunk", "lanes": "1", "lit": "no", "maxspeed": "90", "oneway": "yes", "ref": "IC 2;EN 1", "surface": "asphalt"}}, {"type": "Feature", "geometry": {"type": "LineString", "coordinates": [[-8.4443309, 40.251383], [-8.4441545, 40.2512826], [-8.4440856, 40.2512295], [-8.4439515, 40.2511263], [-8.4437977, 40.2510009], [-8.4436822, 40.2509189]]}, "properties": {"highway": "primary", "oneway": "no", "ref": "EN 1"}}, {"type": "Feature", "geometry": {"type": "LineString", "coordinates": [[-8.8570862, 39.6200702], [-8.8570998, 39.6201344], [-8.8571, 39.6201724], [-8.8570999, 39.6202141], [-8.857096, 39.6202587], [-8.8570909, 39.6203175], [-8.8570875, 39.6203563], [-8.8570927, 39.6204057]]}, "properties": {"highway": "primary", "lanes": "2", "oneway": "yes", "ref": "EN 1", "surface": "asphalt"}}, {"type": "Feature", "geometry": {"type": "LineString", "coordinates": [[-8.8570862, 39.6200702], [-8.857145, 39.620104], [-8.8572691, 39.6201432], [-8.8574019, 39.6201581], [-8.8574991, 39.6201531], [-8.8575936, 39.6201349]]}, "properties": {"highway": "trunk", "junction": "roundabout", "lanes": "2", "maxspeed": "40", "ref": "IC 2;EN 1", "surface": "asphalt"}}, {"type": "Feature", "geometry": {"type": "LineString", "coordinates": [[-8.4806288, 40.8537074], [-8.4804152, 40.853691]]}, "properties": {"highway": "primary", "lanes": "1", "name": "Rua Tom\u00e1s Figueiredo de Ara\u00fajo Costa", "oneway": "yes", "ref": "EN 1", "surface": "asphalt"}}, {"type": "Feature", "geometry": {"type": "LineString", "coordinates": [[-8.4804152, 40.853691], [-8.4806139, 40.8537949]]}, "properties": {"highway": "primary", "lanes": "2", "name": "Rua Tom\u00e1s Figueiredo de Ara\u00fajo Costa", "oneway": "yes", "ref": "EN 1", "surface": "asphalt"}}, {"type": "Feature", "geometry": {"type": "LineString", "coordinates": [[-8.4810896, 40.8538205], [-8.4808682, 40.8537372]]}, "properties": {"highway": "primary", "lanes": "1", "name": "Rua Tom\u00e1s Figueiredo de Ara\u00fajo Costa", "oneway": "yes", "ref": "EN 1", "surface": "asphalt"}}, {"type": "Feature", "geometry": {"type": "LineString", "coordinates": [[-8.4808163, 40.8538447], [-8.4810896, 40.8538205]]}, "properties": {"highway": "primary", "lanes": "1", "name": "Rua Tom\u00e1s Figueiredo de Ara\u00fajo Costa", "oneway": "yes", "ref": "EN 1", "surface": "asphalt"}}, {"type": "Feature", "geometry": {"type": "LineString", "coordinates": [[-8.8543937, 39.6282935], [-8.8544108, 39.6282285], [-8.8544466, 39.6281459], [-8.8545148, 39.6280358], [-8.8555339, 39.6265759], [-8.8556107, 39.626438]]}, "properties": {"highway": "primary", "lanes": "1", "oneway": "yes", "ref": "EN 1", "smoothness": "excellent", "surface": "asphalt"}}, {"type": "Feature", "geometry": {"type": "LineString", "coordinates": [[-8.8571658, 39.6182173], [-8.8571481, 39.6182753]]}, "properties": {"highway": "trunk", "lanes": "1", "maxspeed": "40", "oneway": "yes", "ref": "IC 2;EN 1", "surface": "asphalt"}}, {"type": "Feature", "geometry": {"type": "LineString", "coordinates": [[-8.8576976, 39.6193753], [-8.8576347, 39.6192645], [-8.8576088, 39.6192083], [-8.8576024, 39.6191679], [-8.8576037, 39.6191188], [-8.857603, 39.6190713], [-8.8575983, 39.6190277], [-8.8575874, 39.6189856], [-8.8575657, 39.6189363], [-8.8575181, 39.6188503], [-8.8574166, 39.6187269], [-8.8573475, 39.6186304]]}, "properties": {"highway": "trunk", "lanes": "2", "oneway": "yes", "ref": "IC 2;EN 1", "surface": "asphalt"}}, {"type": "Feature", "geometry": {"type": "LineString", "coordinates": [[-8.4436632, 40.2581429], [-8.4437745, 40.2579143], [-8.4439997, 40.2570595], [-8.4440523, 40.2566184], [-8.4440033, 40.2558265], [-8.4439772, 40.2554939], [-8.4439519, 40.2551708], [-8.4439333, 40.2548985], [-8.4438358, 40.2536887], [-8.4438055, 40.2534685], [-8.4437308, 40.2532445], [-8.4436294, 40.2530395], [-8.4435433, 40.2528655], [-8.443453, 40.2526955], [-8.4433915, 40.2525799], [-8.443218, 40.2522534], [-8.4431797, 40.2521093], [-8.4431957, 40.2519488], [-8.4432998, 40.2518157], [-8.4434773, 40.251743], [-8.4442165, 40.2516206]]}, "properties": {"highway": "primary", "lanes": "2", "name": "Rua de Coimbra", "oneway": "no", "ref": "EN 1", "surface": "asphalt"}}, {"type": "Feature", "geometry": {"type": "LineString", "coordinates": [[-8.4415862, 40.2629912], [-8.441486, 40.2626947]]}, "properties": {"bridge": "yes", "highway": "primary", "layer": "1", "name": "Rua de Coimbra", "ref": "EN 1", "source": "Bing"}}, {"type": "Feature", "geometry": {"type": "LineString", "coordinates": [[-8.4432571, 40.2588272], [-8.4436632, 40.2581429]]}, "properties": {"highway": "primary", "layer": "-1", "name": "Rua de Coimbra", "ref": "EN 1", "source": "bing", "tunnel": "yes"}}, {"type": "Feature", "geometry": {"type": "LineString", "coordinates": [[-8.4414013, 40.262101], [-8.4414127, 40.2620535], [-8.4414935, 40.261718], [-8.4418478, 40.261122], [-8.4421972, 40.2605342], [-8.4425752, 40.2599529], [-8.4432571, 40.2588272]]}, "properties": {"highway": "primary", "lanes": "2", "name": "Rua de Coimbra", "ref": "EN 1", "surface": "asphalt"}}, {"type": "Feature", "geometry": {"type": "LineString", "coordinates": [[-8.4509388, 40.3724227], [-8.4509929, 40.3724239], [-8.4510552, 40.3724113], [-8.4511094, 40.3723847], [-8.4511502, 40.3723466], [-8.4511736, 40.3723008], [-8.4511773, 40.3722518], [-8.451163, 40.372208], [-8.4511331, 40.3721691], [-8.4510898, 40.3721383], [-8.4510369, 40.372118], [-8.4509786, 40.3721101], [-8.4509244, 40.3721142], [-8.4508735, 40.372129], [-8.4508336, 40.3721504], [-8.4508015, 40.3721784], [-8.4507788, 40.3722113], [-8.4507668, 40.3722478], [-8.4507666, 40.3722854], [-8.4507781, 40.372322], [-8.450804, 40.3723591], [-8.450841, 40.3723892], [-8.450887, 40.3724109], [-8.4509388, 40.3724227]]}, "properties": {"highway": "primary", "junction": "roundabout", "ref": "IC 2;EN 1", "surface": "asphalt"}}, {"type": "Feature", "geometry": {"type": "LineString", "coordinates": [[-8.4507527, 40.3726005], [-8.4508642, 40.3725091], [-8.450934, 40.3724671], [-8.4509929, 40.3724239]]}, "properties": {"highway": "primary", "lanes": "1", "oneway": "yes", "ref": "IC 2;EN 1", "source": "Bing", "surface": "asphalt"}}, {"type": "Feature", "geometry": {"type": "LineString", "coordinates": [[-8.450804, 40.3723591], [-8.4507858, 40.3724797], [-8.4507527, 40.3726005]]}, "properties": {"highway": "primary", "lanes": "1", "oneway": "yes", "ref": "IC 2;EN 1", "source": "Bing", "surface": "asphalt"}}, {"type": "Feature", "geometry": {"type": "LineString", "coordinates": [[-8.4511773, 40.3722518], [-8.4512245, 40.3720541], [-8.4512661, 40.3719238]]}, "properties": {"highway": "primary", "lanes": "1", "oneway": "yes", "ref": "IC 2;EN 1", "source": "Bing", "surface": "asphalt"}}, {"type": "Feature", "geometry": {"type": "LineString", "coordinates": [[-8.4512661, 40.3719238], [-8.4511432, 40.372029], [-8.4510467, 40.3720818], [-8.4509786, 40.3721101]]}, "properties": {"highway": "primary", "lanes": "1", "oneway": "yes", "ref": "IC 2;EN 1", "source": "Bing", "surface": "asphalt"}}, {"type": "Feature", "geometry": {"type": "LineString", "coordinates": [[-8.4489204, 40.5173676], [-8.4496009, 40.514138]]}, "properties": {"highway": "primary", "lanes": "2", "maxspeed": "90", "oneway": "no", "ref": "IC 2;EN 1", "surface": "asphalt"}}, {"type": "Feature", "geometry": {"type": "LineString", "coordinates": [[-8.4489204, 40.5173676], [-8.4487783, 40.5180422], [-8.448725, 40.5184665], [-8.44874, 40.5188342]]}, "properties": {"highway": "trunk", "lanes": "1", "maxspeed": "90", "old_ref": "EN 1", "oneway": "yes", "ref": "IC 2;EN 1"}}, {"type": "Feature", "geometry": {"type": "LineString", "coordinates": [[-8.4484503, 40.1820426], [-8.4484697, 40.1820804], [-8.4485002, 40.1821089], [-8.4485402, 40.1821293], [-8.4485862, 40.18214], [-8.4486072, 40.1821413], [-8.4486581, 40.1821357], [-8.4487042, 40.1821183], [-8.4487409, 40.1820908], [-8.4487573, 40.18207], [-8.448768, 40.1820471], [-8.4487729, 40.1820148], [-8.4487667, 40.1819826], [-8.4487498, 40.1819527], [-8.4487195, 40.1819245], [-8.4486799, 40.1819042], [-8.4486343, 40.1818935], [-8.4485866, 40.1818933], [-8.4485359, 40.1819056], [-8.4484931, 40.1819297], [-8.4484627, 40.181963], [-8.4484479, 40.182002], [-8.4484503, 40.1820426]]}, "properties": {"highway": "primary", "junction": "roundabout", "lanes": "2", "name": "Estrada Antiga de Lisboa", "ref": "EN 1", "surface": "asphalt"}}, {"type": "Feature", "geometry": {"type": "LineString", "coordinates": [[-8.4483822, 40.182223], [-8.4484695, 40.1821854], [-8.4485862, 40.18214]]}, "properties": {"highway": "primary", "lanes": "1", "name": "Estrada Antiga de Lisboa", "oneway": "yes", "ref": "EN 1", "surface": "asphalt"}}, {"type": "Feature", "geometry": {"type": "LineString", "coordinates": [[-8.4487994, 40.1817806], [-8.44873, 40.1818384], [-8.4486343, 40.1818935]]}, "properties": {"highway": "primary", "lanes": "1", "name": "Estrada Antiga de Lisboa", "oneway": "yes", "ref": "EN 1", "surface": "asphalt"}}, {"type": "Feature", "geometry": {"type": "LineString", "coordinates": [[-8.4487498, 40.1819527], [-8.4487609, 40.1818887], [-8.4487994, 40.1817806]]}, "properties": {"highway": "primary", "lanes": "1", "name": "Estrada Antiga de Lisboa", "oneway": "yes", "ref": "EN 1", "surface": "asphalt"}}, {"type": "Feature", "geometry": {"type": "LineString", "coordinates": [[-8.6289941, 39.9300196], [-8.6290696, 39.9295347], [-8.6291117, 39.9291997], [-8.6291329, 39.92893], [-8.6291434, 39.9286788], [-8.6290521, 39.9269496], [-8.6290445, 39.9268344], [-8.6290304, 39.926721], [-8.628996, 39.9264908]]}, "properties": {"highway": "trunk", "lanes": "2", "maxspeed": "60", "ref": "IC 2;EN 1", "smoothness": "excellent", "surface": "asphalt"}}, {"type": "Feature", "geometry": {"type": "LineString", "coordinates": [[-8.6335626, 39.9171082], [-8.6337505, 39.9185987]]}, "properties": {"highway": "trunk", "lanes": "2", "lit": "yes", "maxspeed": "50", "ref": "IC 2;EN 1", "sidewalk:both": "no", "smoothness": "good", "surface": "asphalt"}}, {"type": "Feature", "geometry": {"type": "LineString", "coordinates": [[-8.9368073, 39.3281641], [-8.9366805, 39.327644]]}, "properties": {"highway": "primary", "lanes": "1", "maxspeed": "50", "name": "Avenida dos Combatentes", "oneway": "yes", "ref": "EN 1", "surface": "asphalt"}}, {"type": "Feature", "geometry": {"type": "LineString", "coordinates": [[-8.9364171, 39.3256002], [-8.9363919, 39.3247767], [-8.9363731, 39.3243366], [-8.9363961, 39.3240208], [-8.9365034, 39.323567], [-8.9366161, 39.3230981], [-8.9366965, 39.3226541], [-8.9366993, 39.322618], [-8.9367076, 39.3225116], [-8.9367163, 39.3224004], [-8.9367232, 39.3223124], [-8.936729, 39.3222378], [-8.9367252, 39.3221525], [-8.9367139, 39.3218983], [-8.9367076, 39.3217551], [-8.9367043, 39.3216802]]}, "properties": {"highway": "primary", "lanes": "2", "maxspeed": "90", "name": "Avenida dos Combatentes", "oneway": "no", "overtaking": "no", "ref": "EN 1", "surface": "asphalt"}}, {"type": "Feature", "geometry": {"type": "LineString", "coordinates": [[-8.9364034, 39.3266841], [-8.9364155, 39.326929], [-8.9364262, 39.3270203], [-8.9364557, 39.3271214], [-8.9365126, 39.3274098]]}, "properties": {"highway": "primary", "lanes": "1", "maxspeed": "50", "name": "Avenida dos Combatentes", "oneway": "yes", "overtaking": "no", "ref": "EN 1", "surface": "asphalt"}}, {"type": "Feature", "geometry": {"type": "LineString", "coordinates": [[-8.9368073, 39.3281641], [-8.9368109, 39.3281741], [-8.9369172, 39.3284676], [-8.9370544, 39.3288733], [-8.9371154, 39.3290578], [-8.9371795, 39.3292685], [-8.9373511, 39.3296253], [-8.9374755, 39.3298012], [-8.9375389, 39.3298909], [-8.9375865, 39.3299464], [-8.9376453, 39.330015], [-8.9377063, 39.3300861], [-8.9377432, 39.3301291], [-8.9377542, 39.3301419], [-8.937761, 39.3301499], [-8.9378125, 39.33021], [-8.9378331, 39.3302341]]}, "properties": {"highway": "primary", "lanes": "2", "maxspeed": "50", "name": "Avenida dos Combatentes", "oneway": "no", "overtaking": "no", "ref": "EN 1", "surface": "asphalt"}}, {"type": "Feature", "geometry": {"type": "LineString", "coordinates": [[-8.9366611, 39.3210437], [-8.9366322, 39.3211538], [-8.9366052, 39.3211926], [-8.9365893, 39.3212155], [-8.9365558, 39.3212699]]}, "properties": {"highway": "primary", "lanes": "1", "maxspeed": "50", "oneway": "yes", "ref": "EN 1", "surface": "asphalt"}}, {"type": "Feature", "geometry": {"type": "LineString", "coordinates": [[-8.9368877, 39.3213024], [-8.936769, 39.3212223], [-8.9367153, 39.3211579], [-8.9366831, 39.3210687], [-8.9366611, 39.3210437]]}, "properties": {"highway": "primary", "lanes": "1", "maxspeed": "50", "oneway": "yes", "ref": "EN 1", "surface": "asphalt"}}, {"type": "Feature", "geometry": {"type": "LineString", "coordinates": [[-8.9366396, 39.3212464], [-8.9365558, 39.3212699], [-8.9364822, 39.3213153], [-8.9364319, 39.321377], [-8.9364105, 39.3214479], [-8.9364205, 39.3215204], [-8.9364606, 39.3215864], [-8.9365265, 39.3216385], [-8.9366109, 39.321671], [-8.9367043, 39.3216802], [-8.936782, 39.3216693], [-8.9368528, 39.3216422], [-8.9369111, 39.3216011], [-8.9369548, 39.3215448], [-8.936975, 39.3214811], [-8.936973, 39.3214558], [-8.9369699, 39.3214156], [-8.9369399, 39.3213541], [-8.9368877, 39.3213024], [-8.9368142, 39.3212635], [-8.9367286, 39.3212441], [-8.9366396, 39.3212464]]}, "properties": {"highway": "primary", "junction": "roundabout", "lanes": "2", "maxspeed": "50", "name": "Rotunda do Centen\u00e1rio da Rep\u00fablica", "ref": "EN 1", "surface": "asphalt"}}, {"type": "Feature", "geometry": {"type": "LineString", "coordinates": [[-8.9732508, 38.9880288], [-8.9732939, 38.9879095], [-8.9733169, 38.9878459], [-8.973399, 38.987663], [-8.9734784, 38.9875116], [-8.9735711, 38.9873636], [-8.9737627, 38.9870889], [-8.974153, 38.9865217], [-8.974336, 38.9861557], [-8.9744508, 38.9858482], [-8.9744905, 38.9857418], [-8.9745323, 38.98563], [-8.9748496, 38.9847805]]}, "properties": {"highway": "primary", "lanes": "2", "lanes:backward": "1", "lanes:forward": "1", "name": "Avenida das Areias", "oneway": "no", "ref": "EN 1", "surface": "asphalt"}}, {"type": "Feature", "geometry": {"type": "LineString", "coordinates": [[-8.9730316, 38.9887918], [-8.9730001, 38.9887445], [-8.9729462, 38.9887092], [-8.9728804, 38.9886929], [-8.9728105, 38.9886975]]}, "properties": {"highway": "primary", "junction": "roundabout", "lanes": "2", "ref": "EN 1", "surface": "asphalt"}}, {"type": "Feature", "geometry": {"type": "LineString", "coordinates": [[-8.972476, 38.9899265], [-8.9724549, 38.989969], [-8.9724365, 38.990012], [-8.9723487, 38.9901472], [-8.9722867, 38.990232], [-8.9722506, 38.9902886], [-8.9722211, 38.9903591]]}, "properties": {"highway": "primary", "lanes": "1", "name": "Avenida Combatentes da Grande Guerra", "oneway": "yes", "ref": "EN 1", "surface": "asphalt"}}, {"type": "Feature", "geometry": {"type": "LineString", "coordinates": [[-8.9730316, 38.9887918], [-8.9730536, 38.9887102], [-8.9730822, 38.9886038], [-8.9731476, 38.988423], [-8.9732508, 38.9880288]]}, "properties": {"highway": "primary", "lanes": "1", "name": "Avenida das Areias", "oneway": "yes", "ref": "EN 1", "surface": "asphalt"}}, {"type": "Feature", "geometry": {"type": "LineString", "coordinates": [[-8.9732508, 38.9880288], [-8.9730573, 38.9884337], [-8.9730074, 38.9885179], [-8.9729386, 38.9885867], [-8.9728105, 38.9886975]]}, "properties": {"highway": "primary", "lanes": "1", "name": "Avenida das Areias", "oneway": "yes", "ref": "EN 1", "surface": "asphalt"}}, {"type": "Feature", "geometry": {"type": "LineString", "coordinates": [[-8.4828675, 40.7127335], [-8.4829206, 40.7127752], [-8.4829536, 40.7128055], [-8.4829832, 40.7128371], [-8.483011, 40.7128741], [-8.4831271, 40.7130242]]}, "properties": {"highway": "primary", "lanes": "1", "maxspeed": "70", "oneway": "yes", "ref": "IC 2;EN 1", "surface": "asphalt"}}, {"type": "Feature", "geometry": {"type": "LineString", "coordinates": [[-8.4416138, 40.1856546], [-8.4414629, 40.1857289], [-8.4410251, 40.1858539], [-8.4408473, 40.1858939], [-8.4405313, 40.1859595], [-8.4403658, 40.1859882], [-8.439938, 40.1860527], [-8.439692, 40.1860813], [-8.4394499, 40.1860865], [-8.4391628, 40.1860476], [-8.43901, 40.1860025], [-8.4387808, 40.1858993], [-8.4386505, 40.1858407], [-8.4384118, 40.1857279], [-8.4381582, 40.1856033], [-8.4380249, 40.1855537], [-8.4375079, 40.1853632], [-8.4371433, 40.1852751], [-8.436816, 40.1852157], [-8.4366417, 40.1852136], [-8.4363579, 40.1852434], [-8.4361198, 40.1853098], [-8.4359148, 40.1853937], [-8.4357833, 40.1855077], [-8.4356599, 40.1856573], [-8.4355568, 40.1858069], [-8.4355192, 40.1859442], [-8.4355157, 40.1860891], [-8.4355392, 40.1862448], [-8.4355983, 40.1864093], [-8.4357276, 40.1866045], [-8.4359095, 40.1868365], [-8.4359871, 40.1869779], [-8.4360355, 40.1871265], [-8.436042, 40.1872914], [-8.4360261, 40.1874532], [-8.4359576, 40.1876357], [-8.4358208, 40.1878149], [-8.4356867, 40.1879461], [-8.4353756, 40.1882124], [-8.4348074, 40.1886869], [-8.4346823, 40.1887685], [-8.4344745, 40.1888855]]}, "properties": {"highway": "primary", "lanes": "2", "name": "Estrada Antiga de Lisboa", "oneway": "no", "ref": "EN 1", "surface": "asphalt"}}, {"type": "Feature", "geometry": {"type": "LineString", "coordinates": [[-8.4393287, 40.2095525], [-8.439024, 40.2090983], [-8.4389436, 40.2089898], [-8.4383595, 40.2081888], [-8.4380243, 40.207731], [-8.4378948, 40.2075507], [-8.4378608, 40.2074955], [-8.4378389, 40.2074555], [-8.4378091, 40.2073922]]}, "properties": {"highway": "primary", "lanes": "2", "maxheight:signed": "no", "name": "Avenida da Guarda Inglesa", "oneway": "yes", "ref": "EN 1", "sidewalk": "right", "surface": "asphalt"}}, {"type": "Feature", "geometry": {"type": "LineString", "coordinates": [[-8.4414052, 40.2132006], [-8.4410176, 40.2125839]]}, "properties": {"highway": "primary", "lanes": "2", "oneway": "yes", "ref": "EN 1", "source": "bing", "surface": "asphalt"}}, {"type": "Feature", "geometry": {"type": "LineString", "coordinates": [[-8.4409656, 40.2130145], [-8.4411869, 40.2133555]]}, "properties": {"highway": "primary", "lanes": "2", "oneway": "yes", "ref": "EN 1", "sidewalk": "no", "surface": "asphalt", "turn:lanes": "slight_left|slight_right"}}, {"type": "Feature", "geometry": {"type": "LineString", "coordinates": [[-8.4827598, 40.7063898], [-8.4828123, 40.7064745], [-8.4828954, 40.7065435], [-8.4830018, 40.7065907], [-8.4831238, 40.706612], [-8.4832486, 40.7066046], [-8.4833646, 40.706569], [-8.4834676, 40.706503], [-8.4835369, 40.7064154], [-8.4835651, 40.7063154], [-8.483556, 40.706234], [-8.4835192, 40.7061572], [-8.4834575, 40.7060903], [-8.4833895, 40.7060452], [-8.4833102, 40.7060125], [-8.4831986, 40.705991], [-8.4830835, 40.7059938], [-8.482974, 40.7060207], [-8.4828786, 40.7060695], [-8.4828104, 40.7061297], [-8.4827645, 40.706201], [-8.4827429, 40.7062951], [-8.4827598, 40.7063898]]}, "properties": {"highway": "primary", "junction": "roundabout", "lanes": "2", "ref": "IC 2;EN 1", "surface": "asphalt"}}, {"type": "Feature", "geometry": {"type": "LineString", "coordinates": [[-8.4826894, 40.712505], [-8.4826928, 40.7125761], [-8.4827266, 40.7126425], [-8.482787, 40.7126969], [-8.4828675, 40.7127335], [-8.4829471, 40.7127476], [-8.4830287, 40.712744], [-8.4831056, 40.7127229], [-8.4831714, 40.7126862], [-8.4832189, 40.7126391], [-8.4832483, 40.7125822], [-8.4832555, 40.7125214], [-8.4832399, 40.7124615], [-8.4832028, 40.7124073], [-8.4831485, 40.712364], [-8.4830807, 40.7123337], [-8.4830001, 40.7123183], [-8.4829171, 40.7123211], [-8.4828388, 40.7123421], [-8.4827717, 40.7123793], [-8.4827167, 40.7124369], [-8.4826894, 40.712505]]}, "properties": {"highway": "primary", "junction": "roundabout", "lanes": "2", "ref": "IC 2;EN 1", "surface": "asphalt"}}, {"type": "Feature", "geometry": {"type": "LineString", "coordinates": [[-8.4831271, 40.7130242], [-8.4831226, 40.7128528], [-8.4831185, 40.7128009], [-8.4831276, 40.7127586], [-8.4831446, 40.7127241], [-8.4831714, 40.7126862]]}, "properties": {"highway": "primary", "lanes": "1", "maxspeed": "70", "oneway": "yes", "ref": "IC 2;EN 1", "surface": "asphalt"}}, {"type": "Feature", "geometry": {"type": "LineString", "coordinates": [[-8.5668538, 41.0568663], [-8.5669772, 41.0571857], [-8.5669942, 41.05721], [-8.5670112, 41.0572342], [-8.5670675, 41.0572695], [-8.5671374, 41.0572857], [-8.5672099, 41.0572806]]}, "properties": {"highway": "primary", "junction": "roundabout", "lanes": "2", "lit": "yes", "name": "Avenida Doutor Moreira de Sousa", "ref": "EN 1", "source": "BING", "surface": "asphalt"}}, {"type": "Feature", "geometry": {"type": "LineString", "coordinates": [[-8.5672445, 41.0572697], [-8.567326, 41.0572855], [-8.5674286, 41.0573189]]}, "properties": {"highway": "primary", "lanes": "1", "lit": "yes", "name": "Avenida Doutor Moreira de Sousa", "oneway": "yes", "ref": "EN 1", "surface": "asphalt"}}, {"type": "Feature", "geometry": {"type": "LineString", "coordinates": [[-8.5670807, 41.0567303], [-8.5669996, 41.0566621], [-8.5669485, 41.056586]]}, "properties": {"highway": "primary", "lanes": "1", "lit": "yes", "maxspeed": "50", "name": "Avenida Doutor Moreira de Sousa", "oneway": "yes", "ref": "EN 1", "surface": "asphalt"}}, {"type": "Feature", "geometry": {"type": "LineString", "coordinates": [[-8.5674286, 41.0573189], [-8.5673625, 41.0572313], [-8.5673426, 41.0571599]]}, "properties": {"highway": "primary", "lanes": "1", "lit": "yes", "maxspeed": "50", "name": "Avenida Doutor Moreira de Sousa", "oneway": "yes", "ref": "EN 1", "surface": "asphalt"}}, {"type": "Feature", "geometry": {"type": "LineString", "coordinates": [[-8.7418407, 39.8081677], [-8.7417629, 39.8083626], [-8.7417241, 39.808443], [-8.7416867, 39.8085206], [-8.7416189, 39.8086525], [-8.741558, 39.808764], [-8.7414871, 39.8088674], [-8.7414148, 39.8089744], [-8.7413234, 39.8091073], [-8.7412279, 39.8092293], [-8.7404507, 39.8101585], [-8.7402939, 39.8103323], [-8.7401706, 39.8104569], [-8.74004, 39.8105729], [-8.7399015, 39.81069], [-8.7397301, 39.8108251], [-8.7395853, 39.8109306], [-8.7394412, 39.8110287], [-8.7392608, 39.8111454], [-8.7388494, 39.811403], [-8.7359222, 39.8131501], [-8.7335327, 39.8145663], [-8.7319881, 39.8154873], [-8.7310002, 39.8161107], [-8.7306454, 39.8163658], [-8.7304441, 39.8165237], [-8.7300939, 39.816806], [-8.7294843, 39.8173229], [-8.7292719, 39.8175023], [-8.7289451, 39.8177894], [-8.7287473, 39.8179667], [-8.7286096, 39.8180889], [-8.7284619, 39.8182401], [-8.7283549, 39.8183583], [-8.7282407, 39.8184899], [-8.7281311, 39.8186299], [-8.7280459, 39.8187404], [-8.7279623, 39.8188674], [-8.7278846, 39.8189974], [-8.7277992, 39.8191525], [-8.7277278, 39.8192692], [-8.7275742, 39.8195991], [-8.7275397, 39.8196836]]}, "properties": {"change:lanes": "yes|yes", "highway": "trunk", "lanes": "2", "lit": "no", "maxspeed": "80", "oneway": "yes", "ref": "IC 2;EN 1", "smoothness": "excellent", "surface": "asphalt"}}, {"type": "Feature", "geometry": {"type": "LineString", "coordinates": [[-8.7476409, 39.7904638], [-8.7477117, 39.7903402], [-8.7477856, 39.7901564], [-8.7480051, 39.7896932]]}, "properties": {"highway": "trunk", "lanes": "1", "lit": "yes", "maxspeed": "80", "oneway": "yes", "ref": "IC 2;EN 1", "surface": "asphalt"}}, {"type": "Feature", "geometry": {"type": "LineString", "coordinates": [[-8.4830718, 40.8207995], [-8.4834201, 40.8207099], [-8.4836433, 40.8205573], [-8.4837788, 40.8204325], [-8.4838859, 40.820297], [-8.483951, 40.8201328], [-8.4839879, 40.8199783], [-8.4839825, 40.8198373], [-8.4839288, 40.8193511], [-8.4838591, 40.8187381], [-8.483743, 40.8180643], [-8.4836559, 40.8177871], [-8.4836295, 40.817703], [-8.4834943, 40.8174503], [-8.4834366, 40.8173425]]}, "properties": {"highway": "primary", "name": "Rua do Pego", "oneway": "no", "ref": "EN 1", "source": "Bing"}}, {"type": "Feature", "geometry": {"type": "LineString", "coordinates": [[-8.4823944, 40.8209161], [-8.4830718, 40.8207995]]}, "properties": {"bridge": "yes", "highway": "primary", "layer": "1", "name": "Rua do Pego", "ref": "EN 1", "source": "Bing"}}, {"type": "Feature", "geometry": {"type": "LineString", "coordinates": [[-8.4819858, 40.8159296], [-8.4816257, 40.8155973]]}, "properties": {"bridge": "viaduct", "highway": "primary", "layer": "1", "name": "Avenida S\u00e1 Carneiro", "ref": "EN 1", "source": "Bing"}}, {"type": "Feature", "geometry": {"type": "LineString", "coordinates": [[-8.4816257, 40.8155973], [-8.4804827, 40.814617]]}, "properties": {"highway": "primary", "name": "Avenida S\u00e1 Carneiro", "oneway": "no", "ref": "EN 1", "source": "Bing"}}, {"type": "Feature", "geometry": {"type": "LineString", "coordinates": [[-8.4726851, 40.6743882], [-8.4725377, 40.6748605]]}, "properties": {"bridge": "yes", "highway": "trunk", "lanes": "2", "layer": "1", "maxspeed": "70", "oneway": "yes", "ref": "IC 2;EN 1", "surface": "asphalt"}}, {"type": "Feature", "geometry": {"type": "LineString", "coordinates": [[-8.4688476, 40.6554571], [-8.4682511, 40.6549296], [-8.4681552, 40.65485], [-8.4677709, 40.6545067], [-8.4672961, 40.6540182], [-8.4670822, 40.6537149], [-8.4669134, 40.6534163], [-8.4667763, 40.6530799], [-8.4666201, 40.6526158], [-8.4662208, 40.6511336], [-8.466112, 40.6508369], [-8.4659703, 40.650568], [-8.4657472, 40.6501596], [-8.4657158, 40.6501041], [-8.4654936, 40.6497108], [-8.46528, 40.6492824], [-8.4651803, 40.648997], [-8.4651187, 40.6487304], [-8.4650998, 40.6485588], [-8.4651013, 40.6483872]]}, "properties": {"highway": "primary", "lanes": "3", "maxspeed": "70", "oneway": "no", "ref": "IC 2;EN 1", "surface": "asphalt"}}, {"type": "Feature", "geometry": {"type": "LineString", "coordinates": [[-8.4736589, 40.6715071], [-8.4734948, 40.6719004], [-8.4732886, 40.672553], [-8.4727599, 40.6741838], [-8.4726851, 40.6743882]]}, "properties": {"highway": "trunk", "lanes": "1", "maxspeed": "70", "oneway": "yes", "ref": "IC 2;EN 1", "surface": "asphalt"}}, {"type": "Feature", "geometry": {"type": "LineString", "coordinates": [[-8.471882, 40.6769486], [-8.4717388, 40.6774178], [-8.4716606, 40.677707], [-8.4715115, 40.6781823], [-8.4714714, 40.6783099]]}, "properties": {"highway": "trunk", "lanes": "1", "maxspeed": "70", "oneway": "yes", "ref": "IC 2;EN 1", "surface": "asphalt"}}, {"type": "Feature", "geometry": {"type": "LineString", "coordinates": [[-8.8353211, 39.6811553], [-8.8352163, 39.681286], [-8.8351198, 39.681664], [-8.8350998, 39.6817453], [-8.8350795, 39.6818281], [-8.8349541, 39.6822662], [-8.8348132, 39.6827588], [-8.8344342, 39.6841148], [-8.8344509, 39.6842798]]}, "properties": {"cycleway:both": "no", "highway": "primary", "lanes": "2", "lit": "yes", "oneway": "yes", "ref": "EN 1", "sidewalk": "no", "surface": "asphalt"}}, {"type": "Feature", "geometry": {"type": "LineString", "coordinates": [[-8.8331493, 39.6867863], [-8.8333491, 39.6864407]]}, "properties": {"cycleway:both": "no", "highway": "primary", "lanes": "3", "lanes:backward": "2", "lanes:forward": "1", "lit": "yes", "ref": "EN 1", "sidewalk": "no", "smoothness": "good", "surface": "asphalt", "turn:lanes:backward": "through|merge_to_left"}}, {"type": "Feature", "geometry": {"type": "LineString", "coordinates": [[-8.4496621, 40.3819453], [-8.4497221, 40.382208]]}, "properties": {"highway": "primary", "lanes": "2", "maxspeed": "50", "name": "Avenida da Floresta", "oneway": "no", "ref": "IC 2;EN 1", "surface": "asphalt"}}, {"type": "Feature", "geometry": {"type": "LineString", "coordinates": [[-8.4493116, 40.3809573], [-8.4493847, 40.3810307], [-8.449416, 40.3810693], [-8.4494314, 40.3811084], [-8.4494469, 40.3811707], [-8.4494502, 40.3811844], [-8.4495345, 40.381534], [-8.4495399, 40.3815514], [-8.4495913, 40.38176], [-8.4496621, 40.3819453]]}, "properties": {"highway": "primary", "lanes": "1", "maxspeed": "50", "name": "Avenida da Floresta", "oneway": "yes", "ref": "IC 2;EN 1", "source": "Bing", "surface": "asphalt"}}, {"type": "Feature", "geometry": {"type": "LineString", "coordinates": [[-8.4493455, 40.3804091], [-8.4493195, 40.3805673], [-8.4492642, 40.3806933]]}, "properties": {"alt_name": "EN 1 / EN 234", "highway": "primary", "lanes": "1", "maxspeed": "50", "oneway": "yes", "ref": "IC 2;EN 1", "source": "Bing", "surface": "asphalt"}}, {"type": "Feature", "geometry": {"type": "LineString", "coordinates": [[-8.4494643, 40.3806715], [-8.449404, 40.3805696], [-8.4493455, 40.3804091]]}, "properties": {"alt_name": "EN 1 / EN 234", "highway": "primary", "lanes": "1", "maxspeed": "50", "oneway": "yes", "ref": "IC 2;EN 1", "source": "Bing", "surface": "asphalt"}}, {"type": "Feature", "geometry": {"type": "LineString", "coordinates": [[-8.4507367, 40.3939814], [-8.4507826, 40.3938675], [-8.4507873, 40.3938559], [-8.4508108, 40.3938146], [-8.4508857, 40.3937376]]}, "properties": {"highway": "primary", "lanes": "1", "maxspeed": "50", "name": "Avenida da Restaura\u00e7\u00e3o", "oneway": "yes", "ref": "IC 2;EN 1", "surface": "asphalt"}}, {"type": "Feature", "geometry": {"type": "LineString", "coordinates": [[-8.4507383, 40.393144], [-8.4507242, 40.3933405], [-8.4507225, 40.3933643], [-8.4507209, 40.393372], [-8.4507084, 40.3934343], [-8.4506959, 40.3934965]]}, "properties": {"highway": "primary", "lanes": "1", "maxspeed": "50", "name": "Avenida da Restaura\u00e7\u00e3o", "oneway": "yes", "ref": "IC 2;EN 1", "surface": "asphalt"}}, {"type": "Feature", "geometry": {"type": "LineString", "coordinates": [[-8.4506808, 40.3937303], [-8.450717, 40.3938593], [-8.4507367, 40.3939814]]}, "properties": {"highway": "primary", "lanes": "1", "maxspeed": "50", "name": "Avenida da Restaura\u00e7\u00e3o", "oneway": "yes", "ref": "IC 2;EN 1", "surface": "asphalt"}}, {"type": "Feature", "geometry": {"type": "LineString", "coordinates": [[-8.4508998, 40.393504], [-8.4508247, 40.3933648], [-8.450811, 40.3933298], [-8.4507383, 40.393144]]}, "properties": {"highway": "primary", "lanes": "1", "maxspeed": "50", "name": "Avenida da Restaura\u00e7\u00e3o", "oneway": "yes", "ref": "IC 2;EN 1", "surface": "asphalt"}}, {"type": "Feature", "geometry": {"type": "LineString", "coordinates": [[-8.4506665, 40.3935131], [-8.450642, 40.3935337], [-8.4506165, 40.3935703], [-8.4506061, 40.3936109], [-8.4506117, 40.3936521], [-8.4506328, 40.3936902], [-8.4506542, 40.393712], [-8.4506808, 40.3937303], [-8.4507286, 40.3937497], [-8.4507818, 40.3937576], [-8.4508357, 40.3937535], [-8.4508857, 40.3937376], [-8.4509148, 40.3937211], [-8.4509391, 40.3937005], [-8.4509645, 40.393664], [-8.4509748, 40.3936234], [-8.4509692, 40.3935823], [-8.4509482, 40.3935442], [-8.4509266, 40.3935223], [-8.4508998, 40.393504], [-8.4508522, 40.3934848], [-8.4507993, 40.3934768], [-8.4507457, 40.3934808], [-8.4506959, 40.3934965], [-8.4506665, 40.3935131]]}, "properties": {"highway": "primary", "junction": "roundabout", "maxspeed": "50", "name": "Avenida da Restaura\u00e7\u00e3o", "ref": "IC 2;EN 1", "surface": "asphalt"}}, {"type": "Feature", "geometry": {"type": "LineString", "coordinates": [[-8.4421002, 40.2653905], [-8.4419402, 40.2654921], [-8.4417539, 40.2655353]]}, "properties": {"highway": "primary", "name": "Rua de Coimbra", "oneway": "yes", "ref": "EN 1"}}, {"type": "Feature", "geometry": {"type": "LineString", "coordinates": [[-8.4551375, 40.4241335], [-8.4549975, 40.4240173], [-8.4549201, 40.423953], [-8.454877, 40.4239172]]}, "properties": {"highway": "primary", "lanes": "1", "oneway": "yes", "ref": "IC 2;EN 1", "source": "bing", "surface": "asphalt"}}, {"type": "Feature", "geometry": {"type": "LineString", "coordinates": [[-8.454877, 40.4239172], [-8.4548924, 40.4239595], [-8.4549176, 40.4240284], [-8.4549177, 40.4240373], [-8.4549185, 40.4241008], [-8.4548896, 40.4241886]]}, "properties": {"highway": "primary", "lanes": "1", "oneway": "yes", "ref": "IC 2;EN 1", "source": "bing", "surface": "asphalt"}}, {"type": "Feature", "geometry": {"type": "LineString", "coordinates": [[-8.4540282, 40.4267276], [-8.4544265, 40.426332], [-8.4545832, 40.426256], [-8.4548232, 40.4262108]]}, "properties": {"highway": "primary", "lanes": "1", "maxspeed": "70", "oneway": "yes", "ref": "IC 2;EN 1", "source": "Bing", "surface": "asphalt"}}, {"type": "Feature", "geometry": {"type": "LineString", "coordinates": [[-8.4546452, 40.4259893], [-8.4544641, 40.4261399], [-8.4543259, 40.4263065], [-8.4540282, 40.4267276]]}, "properties": {"highway": "primary", "lanes": "1", "maxspeed": "70", "oneway": "yes", "ref": "IC 2;EN 1", "source": "Bing", "surface": "asphalt"}}, {"type": "Feature", "geometry": {"type": "LineString", "coordinates": [[-8.4549815, 40.4244547], [-8.4550251, 40.4245475], [-8.4550634, 40.4249122], [-8.4550383, 40.4252398], [-8.4549644, 40.4255321], [-8.4548826, 40.4257582], [-8.4548373, 40.4258407]]}, "properties": {"highway": "primary", "lanes": "2", "maxspeed": "70", "oneway": "yes", "ref": "IC 2;EN 1", "source": "Bing", "surface": "asphalt"}}, {"type": "Feature", "geometry": {"type": "LineString", "coordinates": [[-8.4521639, 40.4375214], [-8.4521063, 40.4375484], [-8.4520627, 40.4375875], [-8.4520364, 40.4376367], [-8.4520322, 40.4376897], [-8.4520503, 40.437741], [-8.4520827, 40.4377798], [-8.452134, 40.4378133], [-8.4521964, 40.437833], [-8.4522637, 40.4378371], [-8.4523295, 40.4378252], [-8.4523871, 40.4377984], [-8.4524096, 40.4377815], [-8.4524405, 40.4377466], [-8.4524586, 40.4377069], [-8.452463, 40.4376649], [-8.4524532, 40.4376235], [-8.452436, 40.4375932], [-8.4524112, 40.4375661], [-8.4523596, 40.4375327], [-8.4522971, 40.4375131], [-8.4522296, 40.4375092], [-8.4521639, 40.4375214]]}, "properties": {"highway": "primary", "junction": "roundabout", "maxspeed": "50", "ref": "IC 2;EN 1", "surface": "asphalt"}}, {"type": "Feature", "geometry": {"type": "LineString", "coordinates": [[-8.4521575, 40.43806], [-8.4522062, 40.4379938], [-8.4522145, 40.4379826], [-8.4522914, 40.4378899], [-8.4523871, 40.4377984]]}, "properties": {"highway": "primary", "lanes": "1", "oneway": "yes", "ref": "IC 2;EN 1", "source": "Bing", "surface": "asphalt"}}, {"type": "Feature", "geometry": {"type": "LineString", "coordinates": [[-8.4524891, 40.437111], [-8.4523659, 40.4372767]]}, "properties": {"highway": "primary", "lanes": "1", "oneway": "yes", "ref": "IC 2;EN 1", "source": "Bing", "surface": "asphalt"}}, {"type": "Feature", "geometry": {"type": "LineString", "coordinates": [[-8.4524112, 40.4375661], [-8.4524405, 40.4373683], [-8.4524519, 40.4372923]]}, "properties": {"highway": "primary", "lanes": "1", "oneway": "yes", "ref": "IC 2;EN 1", "source": "Bing", "surface": "asphalt"}}, {"type": "Feature", "geometry": {"type": "LineString", "coordinates": [[-8.4520827, 40.4377798], [-8.4521267, 40.4378953], [-8.4521192, 40.4379711], [-8.4521074, 40.4380442]]}, "properties": {"highway": "primary", "lanes": "1", "oneway": "yes", "ref": "IC 2;EN 1", "source": "Bing", "surface": "asphalt"}}, {"type": "Feature", "geometry": {"type": "LineString", "coordinates": [[-8.4485688, 40.5240782], [-8.4485406, 40.5247089], [-8.448522, 40.5252805], [-8.4484949, 40.5261551], [-8.4484602, 40.5269968], [-8.4484302, 40.5278185], [-8.4484024, 40.5285202]]}, "properties": {"highway": "primary", "lanes": "2", "name": "Estrada de Barriolo", "ref": "EN 1", "surface": "paved"}}, {"type": "Feature", "geometry": {"type": "LineString", "coordinates": [[-8.4557321, 40.4604771], [-8.4557745, 40.460515], [-8.455815, 40.460553], [-8.4558536, 40.4605987], [-8.4558874, 40.4606631], [-8.4559096, 40.4607237], [-8.4561261, 40.4613869], [-8.4562095, 40.4616986]]}, "properties": {"highway": "primary", "lanes": "1", "maxspeed": "50", "oneway": "yes", "ref": "IC 2;EN 1", "source": "Bing", "surface": "asphalt"}}, {"type": "Feature", "geometry": {"type": "LineString", "coordinates": [[-8.4562095, 40.4616986], [-8.4561867, 40.4613807], [-8.4561484, 40.4612443], [-8.4560274, 40.4608136], [-8.4559936, 40.4606996], [-8.4559815, 40.4606376], [-8.4559845, 40.460572], [-8.4559957, 40.4604958], [-8.4560354, 40.4604124]]}, "properties": {"highway": "primary", "lanes": "1", "maxspeed": "50", "oneway": "yes", "ref": "IC 2;EN 1", "source": "Bing", "surface": "asphalt"}}, {"type": "Feature", "geometry": {"type": "LineString", "coordinates": [[-8.4525303, 40.4418651], [-8.4526336, 40.4412926], [-8.4526571, 40.4411553], [-8.4526666, 40.4410093], [-8.4526649, 40.440869], [-8.4526482, 40.4407193], [-8.4526122, 40.4405708], [-8.452561, 40.4404157], [-8.4524707, 40.4402291], [-8.4521083, 40.4396512], [-8.4520361, 40.4395029], [-8.4519837, 40.4393747], [-8.4519408, 40.4392386], [-8.4519116, 40.4391178], [-8.4518975, 40.438984], [-8.451905, 40.4388356], [-8.4519247, 40.4386986], [-8.4519552, 40.4385573], [-8.451981, 40.4384497], [-8.4520097, 40.4383593], [-8.452044, 40.4382658], [-8.4520782, 40.4381859]]}, "properties": {"highway": "primary", "lanes": "2", "maxspeed": "70", "oneway": "no", "ref": "IC 2;EN 1", "surface": "asphalt"}}, {"type": "Feature", "geometry": {"type": "LineString", "coordinates": [[-8.4552099, 40.4584743], [-8.4548852, 40.457689], [-8.4543243, 40.4564909], [-8.4542174, 40.4562218], [-8.4541925, 40.4561593]]}, "properties": {"highway": "primary", "lanes": "2", "maxspeed": "70", "oneway": "no", "ref": "IC 2;EN 1", "source": "Bing", "surface": "asphalt"}}, {"type": "Feature", "geometry": {"type": "LineString", "coordinates": [[-8.4525303, 40.4418651], [-8.4523691, 40.4425413], [-8.4522245, 40.4431454], [-8.4521848, 40.4432039], [-8.4521139, 40.4432664]]}, "properties": {"highway": "primary", "lanes": "1", "maxspeed": "70", "oneway": "yes", "ref": "IC 2;EN 1", "source": "Bing", "surface": "asphalt"}}, {"type": "Feature", "geometry": {"type": "LineString", "coordinates": [[-8.4520445, 40.4435471], [-8.4520582, 40.4436322], [-8.4520674, 40.4437137], [-8.4520556, 40.4437708], [-8.4520464, 40.4438155], [-8.4519319, 40.444366], [-8.4518905, 40.4446055], [-8.4518673, 40.4449509]]}, "properties": {"highway": "primary", "lanes": "1", "maxspeed": "70", "oneway": "yes", "ref": "IC 2;EN 1", "source": "Bing", "surface": "asphalt"}}, {"type": "Feature", "geometry": {"type": "LineString", "coordinates": [[-8.4552099, 40.4584743], [-8.4553661, 40.4589597], [-8.4556126, 40.45963], [-8.4556565, 40.459748], [-8.4556776, 40.4599217], [-8.4556579, 40.4600362], [-8.4556447, 40.4600995]]}, "properties": {"highway": "primary", "lanes": "1", "maxspeed": "50", "oneway": "yes", "ref": "IC 2;EN 1", "source": "Bing", "surface": "asphalt"}}, {"type": "Feature", "geometry": {"type": "LineString", "coordinates": [[-8.4518673, 40.4449509], [-8.4519868, 40.4446136], [-8.4520345, 40.4443812], [-8.4520517, 40.4442851], [-8.4520812, 40.44411], [-8.4521512, 40.4437837], [-8.4521538, 40.4437693], [-8.4521968, 40.4436749], [-8.4522819, 40.4435707]]}, "properties": {"highway": "primary", "lanes": "1", "maxspeed": "70", "oneway": "yes", "ref": "IC 2;EN 1", "source": "Bing", "surface": "asphalt"}}, {"type": "Feature", "geometry": {"type": "LineString", "coordinates": [[-8.4467061, 40.5491496], [-8.4465536, 40.5494207], [-8.4464748, 40.5495659], [-8.4462804, 40.549912], [-8.4458288, 40.5506366], [-8.4457525, 40.5507235], [-8.445667, 40.5507952]]}, "properties": {"highway": "primary", "lanes": "1", "name": "Rua Ramiro Soares de Miranda", "oneway": "yes", "ref": "EN 1", "source": "Bing", "surface": "paved"}}, {"type": "Feature", "geometry": {"type": "LineString", "coordinates": [[-8.4455269, 40.5510211], [-8.4455781, 40.551064], [-8.4456486, 40.5510894], [-8.4457264, 40.551092], [-8.4457565, 40.5510837], [-8.4457982, 40.5510722], [-8.4458547, 40.5510332], [-8.4458879, 40.5509796], [-8.4458916, 40.5509218], [-8.4458652, 40.550866], [-8.4458138, 40.5508231], [-8.4457435, 40.5507979], [-8.445667, 40.5507952]]}, "properties": {"highway": "primary", "junction": "roundabout", "lanes": "2", "name": "Rotunda da Bicicleta", "ref": "EN 1", "source": "Bing", "surface": "paved"}}, {"type": "Feature", "geometry": {"type": "LineString", "coordinates": [[-8.4443151, 40.5531612], [-8.4447686, 40.5524891], [-8.4449164, 40.552255], [-8.4449838, 40.5521482], [-8.4450526, 40.5520392], [-8.4451077, 40.5519519]]}, "properties": {"highway": "primary", "lanes": "1", "maxspeed": "90", "name": "Rua Recreio Desportivo de \u00c1gueda", "oneway": "yes", "ref": "EN 1", "source": "Bing"}}, {"type": "Feature", "geometry": {"type": "LineString", "coordinates": [[-8.4599109, 40.164181], [-8.4598981, 40.1641169], [-8.4598906, 40.1640552]]}, "properties": {"highway": "primary", "name": "Estrada da Ponte", "oneway": "yes", "ref": "EN 1", "surface": "asphalt"}}, {"type": "Feature", "geometry": {"type": "LineString", "coordinates": [[-8.4597803, 40.1643558], [-8.4598482, 40.1644243], [-8.4599038, 40.1645297]]}, "properties": {"highway": "primary", "lanes": "1", "name": "Estrada da Ponte", "oneway": "yes", "ref": "EN 1", "surface": "asphalt"}}, {"type": "Feature", "geometry": {"type": "LineString", "coordinates": [[-8.4599038, 40.1645297], [-8.4598965, 40.1644243], [-8.4599209, 40.1643304]]}, "properties": {"highway": "primary", "lanes": "1", "name": "Estrada da Ponte", "oneway": "yes", "ref": "EN 1", "surface": "asphalt"}}, {"type": "Feature", "geometry": {"type": "LineString", "coordinates": [[-8.4598906, 40.1640552], [-8.4598473, 40.1641142], [-8.4598092, 40.1641577]]}, "properties": {"highway": "primary", "name": "Estrada da Ponte", "oneway": "yes", "ref": "EN 1", "surface": "asphalt"}}, {"type": "Feature", "geometry": {"type": "LineString", "coordinates": [[-8.4598906, 40.1640552], [-8.4598983, 40.163986], [-8.45993, 40.1637823], [-8.4599776, 40.1636132], [-8.4600268, 40.1634816], [-8.4601213, 40.1633191], [-8.4601689, 40.1632557], [-8.4602459, 40.1631583], [-8.4604909, 40.1628801], [-8.4606181, 40.1627357], [-8.4607839, 40.1625564], [-8.461036, 40.162283]]}, "properties": {"highway": "primary", "lanes": "2", "maxspeed": "40", "name": "Estrada da Ponte", "ref": "EN 1", "surface": "asphalt"}}, {"type": "Feature", "geometry": {"type": "LineString", "coordinates": [[-8.8874982, 39.5573694], [-8.8876883, 39.5570761], [-8.8883696, 39.5561163], [-8.8890643, 39.5551166]]}, "properties": {"highway": "trunk", "lanes": "2", "maxheight": "default", "oneway": "yes", "ref": "IC 2;EN 1", "surface": "asphalt"}}, {"type": "Feature", "geometry": {"type": "LineString", "coordinates": [[-8.8918122, 39.5510787], [-8.8915265, 39.551391], [-8.8904953, 39.5528744], [-8.8897893, 39.553873]]}, "properties": {"highway": "trunk", "lanes": "2", "oneway": "yes", "ref": "IC 2;EN 1", "surface": "asphalt"}}, {"type": "Feature", "geometry": {"type": "LineString", "coordinates": [[-8.5648916, 41.0465815], [-8.5649635, 41.0466682], [-8.5651604, 41.0470211]]}, "properties": {"highway": "primary", "lanes": "1", "lit": "yes", "maxspeed": "50", "name": "Avenida Doutor Moreira de Sousa", "oneway": "yes", "ref": "EN 1", "source": "bing", "surface": "asphalt"}}, {"type": "Feature", "geometry": {"type": "LineString", "coordinates": [[-8.5650273, 41.0463547], [-8.5649446, 41.046269], [-8.564879, 41.0461729], [-8.5646597, 41.0457712], [-8.5645276, 41.0456252]]}, "properties": {"highway": "primary", "lanes": "1", "lit": "yes", "maxspeed": "50", "name": "Avenida Doutor Moreira de Sousa", "oneway": "yes", "ref": "EN 1", "source": "bing", "surface": "asphalt"}}, {"type": "Feature", "geometry": {"type": "LineString", "coordinates": [[-8.5654281, 41.0474059], [-8.56535, 41.0472057], [-8.5653211, 41.047147], [-8.5652461, 41.0470003], [-8.565213, 41.0469406]]}, "properties": {"highway": "primary", "lanes": "1", "lit": "yes", "maxspeed": "50", "name": "Avenida Doutor Moreira de Sousa", "oneway": "yes", "ref": "EN 1", "source": "bing", "surface": "asphalt"}}, {"type": "Feature", "geometry": {"type": "LineString", "coordinates": [[-8.5644706, 41.0455027], [-8.5644042, 41.0453606]]}, "properties": {"highway": "primary", "lanes": "2", "lit": "yes", "name": "Avenida Doutor Moreira de Sousa", "old_ref": "EN 1", "oneway": "no", "ref": "EN 1", "source": "BING", "surface": "asphalt"}}, {"type": "Feature", "geometry": {"type": "LineString", "coordinates": [[-8.5651259, 41.0465521], [-8.5651425, 41.0465305], [-8.5651531, 41.0465069]]}, "properties": {"highway": "primary", "junction": "roundabout", "lanes": "2", "lit": "yes", "name": "Avenida Doutor Moreira de Sousa", "ref": "EN 1", "surface": "asphalt"}}, {"type": "Feature", "geometry": {"type": "LineString", "coordinates": [[-8.5645276, 41.0456252], [-8.5645777, 41.0457971], [-8.5647226, 41.0460425]]}, "properties": {"highway": "primary", "lanes": "1", "lit": "yes", "maxspeed": "50", "name": "Avenida Doutor Moreira de Sousa", "oneway": "yes", "ref": "EN 1", "source": "bing", "surface": "asphalt"}}, {"type": "Feature", "geometry": {"type": "LineString", "coordinates": [[-8.9426207, 39.3355556], [-8.9429383, 39.3359152], [-8.9429689, 39.3359498]]}, "properties": {"bridge": "yes", "highway": "primary", "lanes": "2", "layer": "1", "maxspeed": "50", "name": "Avenida dos Combatentes", "oneway": "no", "overtaking": "no", "ref": "EN 1", "surface": "asphalt"}}, {"type": "Feature", "geometry": {"type": "LineString", "coordinates": [[-8.9429689, 39.3359498], [-8.9430213, 39.3360077], [-8.9431483, 39.3361523], [-8.9432523, 39.3362709], [-8.943294, 39.3363185], [-8.9437694, 39.3368607], [-8.9439003, 39.33701], [-8.9439803, 39.3371012], [-8.9439871, 39.3371073], [-8.9444149, 39.3375669], [-8.9444961, 39.3376542], [-8.9445227, 39.3376814], [-8.9446596, 39.3378213], [-8.9447531, 39.3379322], [-8.9448119, 39.3380018], [-8.9451206, 39.3383554], [-8.9451627, 39.3384041], [-8.9451765, 39.3384177], [-8.945229, 39.3384694], [-8.945285, 39.3385246], [-8.9453398, 39.3385786], [-8.9453898, 39.3386279], [-8.945516, 39.3387522], [-8.9455547, 39.3387903], [-8.9456151, 39.3388455]]}, "properties": {"highway": "primary", "lanes": "2", "maxspeed": "50", "name": "Avenida dos Combatentes", "oneway": "no", "overtaking": "no", "ref": "EN 1", "surface": "asphalt"}}, {"type": "Feature", "geometry": {"type": "LineString", "coordinates": [[-8.827019, 39.729269], [-8.8271299, 39.7291333]]}, "properties": {"cycleway:both": "no", "highway": "primary", "lanes": "1", "lit": "yes", "maxspeed": "80", "oneway": "yes", "ref": "EN 1", "smoothness": "excellent", "surface": "asphalt"}}, {"type": "Feature", "geometry": {"type": "LineString", "coordinates": [[-8.8267323, 39.7295815], [-8.827019, 39.729269]]}, "properties": {"bridge": "yes", "cycleway:both": "no", "highway": "primary", "lanes": "1", "layer": "1", "lit": "yes", "maxspeed": "80", "oneway": "yes", "ref": "EN 1", "smoothness": "excellent", "surface": "asphalt"}}, {"type": "Feature", "geometry": {"type": "LineString", "coordinates": [[-8.9709264, 39.0069462], [-8.9709317, 39.0066969], [-8.970933, 39.0065974], [-8.9709451, 39.0065307], [-8.9709625, 39.0064646]]}, "properties": {"highway": "primary", "lanes": "1", "name": "Avenida Monte dos Castelinhos", "oneway": "yes", "ref": "EN 1", "surface": "asphalt"}}, {"type": "Feature", "geometry": {"type": "LineString", "coordinates": [[-8.9709091, 39.0059812], [-8.9708351, 39.0059137], [-8.970805, 39.0058726], [-8.9707567, 39.0057892], [-8.9706473, 39.005569]]}, "properties": {"highway": "primary", "lanes": "1", "name": "Avenida do Marco da VI L\u00e9gua", "oneway": "yes", "ref": "EN 1", "surface": "asphalt"}}, {"type": "Feature", "geometry": {"type": "LineString", "coordinates": [[-8.9704374, 39.0062578], [-8.9704492, 39.0062985], [-8.9704572, 39.0063262], [-8.970499, 39.0063883], [-8.9705389, 39.006425], [-8.9705865, 39.0064556], [-8.9706432, 39.0064802], [-8.9707048, 39.0064962]]}, "properties": {"highway": "primary", "junction": "roundabout", "lanes": "2", "name": "Rotunda das Quintas", "ref": "EN 1", "surface": "asphalt"}}, {"type": "Feature", "geometry": {"type": "LineString", "coordinates": [[-8.9707048, 39.0064962], [-8.9707547, 39.0065525], [-8.9707969, 39.0066078], [-8.9708425, 39.0067005], [-8.9709264, 39.0069462]]}, "properties": {"highway": "primary", "lanes": "1", "name": "Avenida Monte dos Castelinhos", "oneway": "yes", "ref": "EN 1", "surface": "asphalt"}}, {"type": "Feature", "geometry": {"type": "LineString", "coordinates": [[-8.9711998, 38.9986962], [-8.9711722, 38.9985229], [-8.9710929, 38.9981304], [-8.9710796, 38.9980642], [-8.970946, 38.9973074], [-8.9709223, 38.9971355], [-8.9709139, 38.9970745], [-8.9709105, 38.99705], [-8.970908, 38.997032], [-8.9708684, 38.9968678], [-8.9708273, 38.9965588], [-8.97075, 38.99583], [-8.9707004, 38.9954031], [-8.9706236, 38.9947415], [-8.9705651, 38.9942371], [-8.9705607, 38.9941994], [-8.9705557, 38.9941563], [-8.9705214, 38.9938398], [-8.970487, 38.993565], [-8.9704829, 38.9934359], [-8.970481, 38.9934153], [-8.9704602, 38.9932651], [-8.9704525, 38.9931149], [-8.9704512, 38.9929635], [-8.970463, 38.992812], [-8.9705303, 38.9925017], [-8.97063, 38.992192], [-8.971005, 38.99154], [-8.9712425, 38.9912678], [-8.9714547, 38.991076], [-8.9716343, 38.9909184], [-8.9718586, 38.9907115], [-8.9718923, 38.9906811], [-8.972021, 38.9905551], [-8.9721293, 38.990449]]}, "properties": {"highway": "primary", "lanes": "2", "name": "Avenida Combatentes da Grande Guerra", "ref": "EN 1", "surface": "asphalt"}}, {"type": "Feature", "geometry": {"type": "LineString", "coordinates": [[-8.9706473, 39.005569], [-8.970636, 39.0058079], [-8.9706293, 39.0058723], [-8.9706232, 39.0059028], [-8.9706149, 39.0059273], [-8.9706014, 39.0059546], [-8.9705769, 39.0060158]]}, "properties": {"highway": "primary", "lanes": "1", "name": "Avenida do Marco da VI L\u00e9gua", "oneway": "yes", "ref": "EN 1", "surface": "asphalt"}}, {"type": "Feature", "geometry": {"type": "LineString", "coordinates": [[-8.8541055, 39.6281723], [-8.8540505, 39.6281941], [-8.8540054, 39.6282267], [-8.8539738, 39.6282677], [-8.8539582, 39.6283138], [-8.8539591, 39.6283584], [-8.853975, 39.6284014], [-8.8540027, 39.6284375], [-8.8540409, 39.6284674], [-8.8540874, 39.6284891], [-8.8541395, 39.6285015], [-8.8541938, 39.6285037], [-8.8542505, 39.6284948], [-8.8543023, 39.6284749], [-8.8543457, 39.6284453], [-8.8543776, 39.628408], [-8.8543959, 39.6283657], [-8.8543998, 39.6283295], [-8.8543937, 39.6282935], [-8.8543761, 39.6282565], [-8.8543479, 39.6282237], [-8.8543108, 39.6281967], [-8.8542665, 39.6281769], [-8.8542176, 39.6281655], [-8.8541666, 39.628163]]}, "properties": {"highway": "primary", "junction": "roundabout", "lanes": "2", "ref": "EN 1", "smoothness": "excellent", "surface": "asphalt"}}, {"type": "Feature", "geometry": {"type": "LineString", "coordinates": [[-8.8536186, 39.6290738], [-8.8533002, 39.6295347], [-8.8531891, 39.629751]]}, "properties": {"highway": "primary", "lanes": "1", "oneway": "yes", "ref": "EN 1", "smoothness": "excellent", "surface": "asphalt"}}, {"type": "Feature", "geometry": {"type": "LineString", "coordinates": [[-8.9990605, 39.0494652], [-9.000367, 39.0494979], [-9.0004956, 39.0494959], [-9.0006301, 39.0495041], [-9.0007452, 39.0495191], [-9.0008579, 39.0495479], [-9.0009705, 39.0495876], [-9.0010796, 39.0496374], [-9.0012098, 39.0497138], [-9.0015839, 39.0499662], [-9.001655, 39.0500206], [-9.0017126, 39.0500603], [-9.0021101, 39.0503119], [-9.002258, 39.050392], [-9.0024159, 39.0504655], [-9.0030805, 39.0507318]]}, "properties": {"highway": "primary", "name": "Rua Gago Coutinho", "ref": "EN 1", "surface": "asphalt"}}, {"type": "Feature", "geometry": {"type": "LineString", "coordinates": [[-8.5669485, 41.056586], [-8.566927, 41.0566752], [-8.5669105, 41.0567424]]}, "properties": {"highway": "primary", "lanes": "1", "lit": "yes", "name": "Avenida Doutor Moreira de Sousa", "oneway": "yes", "ref": "EN 1", "source": "BING", "surface": "asphalt"}}, {"type": "Feature", "geometry": {"type": "LineString", "coordinates": [[-8.9874106, 39.1077279], [-8.9880811, 39.106644]]}, "properties": {"highway": "primary", "lanes": "2", "ref": "IC 2;EN 1", "surface": "asphalt"}}, {"type": "Feature", "geometry": {"type": "LineString", "coordinates": [[-8.9872642, 39.1080393], [-8.9874106, 39.1077279]]}, "properties": {"bridge": "yes", "highway": "primary", "lanes": "2", "layer": "1", "ref": "IC 2;EN 1", "surface": "asphalt"}}, {"type": "Feature", "geometry": {"type": "LineString", "coordinates": [[-8.4549572, 40.3215429], [-8.454944, 40.3217578], [-8.4549522, 40.3220152], [-8.4549396, 40.3224028], [-8.4549045, 40.322603], [-8.4548803, 40.3227272], [-8.4548514, 40.3228497], [-8.4547894, 40.3230623], [-8.454669, 40.3234042], [-8.4545934, 40.3235729], [-8.4540309, 40.3248285], [-8.4540025, 40.3249522]]}, "properties": {"highway": "trunk", "lanes": "1", "maxspeed": "70", "oneway": "yes", "ref": "IC 2;EN 1", "source": "bing", "surface": "asphalt"}}, {"type": "Feature", "geometry": {"type": "LineString", "coordinates": [[-8.4540025, 40.3249522], [-8.4540842, 40.3248427], [-8.4544602, 40.3241092], [-8.4545391, 40.3239551], [-8.4546545, 40.3237361], [-8.4547277, 40.3235793], [-8.4548117, 40.3233866], [-8.4548972, 40.3231652], [-8.4549533, 40.322991], [-8.4549731, 40.3229212], [-8.4550016, 40.3227761], [-8.4550212, 40.3226095], [-8.4550236, 40.3225602], [-8.4550299, 40.3224266], [-8.4550343, 40.3223034], [-8.4550335, 40.3221293], [-8.4550156, 40.3217651], [-8.4549572, 40.3215429]]}, "properties": {"highway": "trunk", "lanes": "1", "maxspeed": "70", "oneway": "yes", "ref": "IC 2;EN 1", "source": "bing", "surface": "asphalt"}}, {"type": "Feature", "geometry": {"type": "LineString", "coordinates": [[-8.4522712, 40.3422303], [-8.4522481, 40.3423588], [-8.4521989, 40.3425524], [-8.4521404, 40.3427176], [-8.4519931, 40.3430139], [-8.4505019, 40.3454572], [-8.4503292, 40.3457478], [-8.4501566, 40.3460517], [-8.4500795, 40.3462124], [-8.4499931, 40.3464542], [-8.4499386, 40.3466965], [-8.449911, 40.3468931], [-8.4499016, 40.3470172], [-8.4498937, 40.3472949], [-8.4499075, 40.347512], [-8.4499453, 40.3477384]]}, "properties": {"highway": "trunk", "lanes": "3", "lit": "no", "maxspeed": "70", "oneway": "no", "ref": "IC 2;EN 1", "surface": "asphalt"}}, {"type": "Feature", "geometry": {"type": "LineString", "coordinates": [[-8.4407483, 40.2126898], [-8.4409656, 40.2130145]]}, "properties": {"highway": "primary", "lanes": "2", "oneway": "yes", "ref": "EN 1", "sidewalk": "no", "source": "bing", "surface": "asphalt"}}, {"type": "Feature", "geometry": {"type": "LineString", "coordinates": [[-8.4443309, 40.251383], [-8.4443122, 40.2514765], [-8.4442753, 40.2515639], [-8.4442165, 40.2516206]]}, "properties": {"highway": "primary", "oneway": "yes", "ref": "EN 1", "source": "bing", "surface": "asphalt"}}, {"type": "Feature", "geometry": {"type": "LineString", "coordinates": [[-8.4436822, 40.2509189], [-8.4435929, 40.2507121]]}, "properties": {"highway": "primary", "lanes": "1", "oneway": "yes", "ref": "EN 1", "source": "bing", "surface": "asphalt"}}, {"type": "Feature", "geometry": {"type": "LineString", "coordinates": [[-8.4434092, 40.2508158], [-8.4436822, 40.2509189]]}, "properties": {"destination": "Figueira da Foz; Ad\u00e9mia", "destination:ref:to": "EN 111", "highway": "primary", "lanes": "1", "oneway": "yes", "ref": "EN 1", "source": "bing", "surface": "asphalt"}}, {"type": "Feature", "geometry": {"type": "LineString", "coordinates": [[-8.4444068, 40.2515626], [-8.4446014, 40.2514768]]}, "properties": {"highway": "primary", "oneway": "yes", "ref": "EN 1", "source": "bing", "surface": "asphalt"}}, {"type": "Feature", "geometry": {"type": "LineString", "coordinates": [[-8.4434688, 40.2505113], [-8.4433926, 40.2503537], [-8.4433392, 40.2501689]]}, "properties": {"destination": "Lisboa; Coimbra; Pedrulha", "destination:ref:to": "A 1; IC 2", "highway": "primary", "lanes": "1", "name": "Rua Manuel Madeira", "oneway": "yes", "ref": "EN 1", "source": "bing", "surface": "asphalt"}}, {"type": "Feature", "geometry": {"type": "LineString", "coordinates": [[-8.4442165, 40.2516206], [-8.4443559, 40.2515928], [-8.4444068, 40.2515626], [-8.4444263, 40.2514301]]}, "properties": {"highway": "primary", "oneway": "yes", "ref": "EN 1", "source": "bing", "surface": "asphalt"}}, {"type": "Feature", "geometry": {"type": "LineString", "coordinates": [[-8.4418727, 40.2461931], [-8.4419177, 40.2458768], [-8.4419481, 40.2457954], [-8.4419556, 40.2456851]]}, "properties": {"highway": "primary", "lanes": "1", "name": "Rua Manuel Madeira", "oneway": "yes", "ref": "EN 1", "source": "bing"}}, {"type": "Feature", "geometry": {"type": "LineString", "coordinates": [[-8.4419556, 40.2456851], [-8.4418776, 40.2457768], [-8.4418333, 40.2458712], [-8.4417961, 40.2460972], [-8.4418035, 40.2464902], [-8.4419192, 40.24677]]}, "properties": {"highway": "primary", "lanes": "1", "name": "Rua Manuel Madeira", "oneway": "yes", "ref": "EN 1", "source": "bing", "surface": "asphalt"}}, {"type": "Feature", "geometry": {"type": "LineString", "coordinates": [[-8.4419556, 40.2456851], [-8.4424868, 40.2445418], [-8.4427777, 40.2438786], [-8.4428447, 40.2436389], [-8.4428626, 40.2434659], [-8.4428425, 40.2433193], [-8.4427236, 40.2429673], [-8.4426677, 40.242841], [-8.4426619, 40.2428286], [-8.4426546, 40.2428129]]}, "properties": {"highway": "primary", "lanes": "2", "name": "Rua Manuel Madeira", "ref": "EN 1", "source": "bing"}}, {"type": "Feature", "geometry": {"type": "LineString", "coordinates": [[-8.4599759, 40.1652127], [-8.4599178, 40.1652048], [-8.4598601, 40.1652141], [-8.4598111, 40.1652395], [-8.4597781, 40.1652773], [-8.4597664, 40.1653221], [-8.4597781, 40.1653672], [-8.4598118, 40.1654056], [-8.4598625, 40.1654312], [-8.4599225, 40.1654398], [-8.459982, 40.1654299], [-8.4600319, 40.1654031], [-8.460064, 40.165364], [-8.4600739, 40.1653185], [-8.4600604, 40.165274], [-8.460026, 40.1652369], [-8.4599759, 40.1652127]]}, "properties": {"highway": "primary", "junction": "roundabout", "lanes": "1", "ref": "EN 1", "surface": "asphalt"}}, {"type": "Feature", "geometry": {"type": "LineString", "coordinates": [[-8.4599277, 40.1650951], [-8.4598601, 40.1652141]]}, "properties": {"highway": "primary", "name": "Estrada da Ponte", "oneway": "yes", "ref": "EN 1"}}, {"type": "Feature", "geometry": {"type": "LineString", "coordinates": [[-8.4598349, 40.1655661], [-8.459982, 40.1654299]]}, "properties": {"highway": "primary", "lanes": "1", "oneway": "yes", "ref": "EN 1", "surface": "asphalt"}}, {"type": "Feature", "geometry": {"type": "LineString", "coordinates": [[-8.4598118, 40.1654056], [-8.4598349, 40.1655661]]}, "properties": {"highway": "primary", "lanes": "1", "oneway": "yes", "ref": "EN 1", "surface": "asphalt"}}, {"type": "Feature", "geometry": {"type": "LineString", "coordinates": [[-8.4599759, 40.1652127], [-8.4599277, 40.1650951]]}, "properties": {"highway": "primary", "name": "Estrada da Ponte", "oneway": "yes", "ref": "EN 1"}}, {"type": "Feature", "geometry": {"type": "LineString", "coordinates": [[-8.8918122, 39.5510787], [-8.8932275, 39.5490486]]}, "properties": {"highway": "trunk", "lanes": "2", "ref": "IC 2;EN 1", "surface": "asphalt"}}, {"type": "Feature", "geometry": {"type": "LineString", "coordinates": [[-8.8309663, 39.6658568], [-8.8314126, 39.6661193], [-8.8316099, 39.666246], [-8.8317285, 39.6663322], [-8.8318192, 39.6664032], [-8.8319556, 39.666512], [-8.8320919, 39.6666377], [-8.8322243, 39.6667709], [-8.8323369, 39.6669088], [-8.8325123, 39.6671431], [-8.8325423, 39.667185]]}, "properties": {"cycleway:both": "no", "highway": "primary", "lanes": "1", "lit": "yes", "maxspeed": "80", "oneway": "yes", "ref": "EN 1", "sidewalk": "no", "smoothness": "good", "surface": "asphalt"}}, {"type": "Feature", "geometry": {"type": "LineString", "coordinates": [[-8.834348, 39.6757637], [-8.8342841, 39.6755231]]}, "properties": {"cycleway:both": "no", "highway": "primary", "lanes": "2", "lit": "yes", "maxspeed": "50", "parking:both": "no", "ref": "EN 1", "sidewalk": "both", "smoothness": "good", "source": "bing", "surface": "asphalt"}}, {"type": "Feature", "geometry": {"type": "LineString", "coordinates": [[-8.8837117, 39.5627705], [-8.883798, 39.5626458]]}, "properties": {"highway": "trunk", "lanes": "2", "maxspeed": "60", "oneway": "yes", "ref": "IC 2;EN 1", "surface": "asphalt", "turn:lanes": "through|through;right"}}, {"type": "Feature", "geometry": {"type": "LineString", "coordinates": [[-8.8822302, 39.5648822], [-8.8825777, 39.5643919]]}, "properties": {"highway": "trunk", "lanes": "1", "maxspeed": "60", "oneway": "yes", "ref": "IC 2;EN 1", "surface": "asphalt"}}, {"type": "Feature", "geometry": {"type": "LineString", "coordinates": [[-8.88432, 39.5617355], [-8.8838243, 39.5624537]]}, "properties": {"highway": "trunk", "lanes": "2", "oneway": "yes", "ref": "IC 2;EN 1", "surface": "asphalt", "turn:lanes": "none|merge_to_left"}}, {"type": "Feature", "geometry": {"type": "LineString", "coordinates": [[-8.8810017, 39.5665727], [-8.8810939, 39.5664867], [-8.8813892, 39.5660833], [-8.8816688, 39.5656829], [-8.8822302, 39.5648822]]}, "properties": {"highway": "trunk", "lanes": "1", "oneway": "yes", "ref": "IC 2;EN 1", "surface": "asphalt"}}, {"type": "Feature", "geometry": {"type": "LineString", "coordinates": [[-8.6289955, 39.9260518], [-8.6289816, 39.9259868], [-8.6289651, 39.9259215], [-8.6289584, 39.9258537], [-8.6289606, 39.9257817], [-8.6289777, 39.9255691], [-8.6289795, 39.925496], [-8.6289669, 39.9250047], [-8.6289407, 39.9244653]]}, "properties": {"highway": "trunk", "lanes": "1", "maxspeed": "60", "oneway": "yes", "ref": "IC 2;EN 1", "surface": "asphalt"}}, {"type": "Feature", "geometry": {"type": "LineString", "coordinates": [[-8.6300905, 39.9224089], [-8.6298238, 39.9225076], [-8.6297291, 39.9225492], [-8.6296293, 39.922587], [-8.629534, 39.9226251], [-8.6294349, 39.9226577]]}, "properties": {"highway": "trunk", "lanes": "2", "maxspeed": "50", "oneway": "yes", "ref": "IC 2;EN 1", "smoothness": "good", "surface": "asphalt"}}, {"type": "Feature", "geometry": {"type": "LineString", "coordinates": [[-8.4480394, 40.5741371], [-8.4480181, 40.5743412]]}, "properties": {"highway": "primary", "name": "Rua Tenente Coronel Albano de Mello", "ref": "EN 1"}}, {"type": "Feature", "geometry": {"type": "LineString", "coordinates": [[-8.4847872, 40.8610396], [-8.4849138, 40.8611271], [-8.4849796, 40.861186], [-8.4850303, 40.8612548]]}, "properties": {"highway": "primary", "lanes": "1", "name": "Rua de Cavaleiros", "old_ref": "EN 1", "oneway": "yes", "ref": "EN 1", "source": "bing", "surface": "asphalt"}}, {"type": "Feature", "geometry": {"type": "LineString", "coordinates": [[-8.4855744, 40.8597407], [-8.4858433, 40.8594063], [-8.4859174, 40.8592697], [-8.4860119, 40.8590207], [-8.4860591, 40.8588074], [-8.4860566, 40.8587333], [-8.4860461, 40.8585702], [-8.4860227, 40.8583901], [-8.4859035, 40.8580704], [-8.4857698, 40.8578465], [-8.4856381, 40.8576672]]}, "properties": {"highway": "primary", "ref": "EN 1", "source": "bing", "surface": "asphalt"}}, {"type": "Feature", "geometry": {"type": "LineString", "coordinates": [[-8.4855744, 40.8597407], [-8.4854548, 40.8598429], [-8.4848234, 40.8606779], [-8.4846893, 40.8607619]]}, "properties": {"highway": "primary", "lanes": "2", "oneway": "yes", "ref": "EN 1", "source": "bing", "surface": "asphalt"}}, {"type": "Feature", "geometry": {"type": "LineString", "coordinates": [[-8.4851215, 40.864089], [-8.4851523, 40.8636839], [-8.4851367, 40.8632473], [-8.4851279, 40.8629796], [-8.4851045, 40.8622648], [-8.4850928, 40.8620569], [-8.4850753, 40.8617698], [-8.4850717, 40.8616391]]}, "properties": {"highway": "primary", "lanes": "2", "name": "Rua de Cavaleiros", "old_ref": "EN 1", "ref": "EN 1", "source": "bing", "surface": "asphalt"}}, {"type": "Feature", "geometry": {"type": "LineString", "coordinates": [[-8.8317253, 39.7178818], [-8.8317926, 39.7183117], [-8.8318274, 39.7185245], [-8.8318493, 39.7187077], [-8.8318622, 39.7188822], [-8.8318654, 39.7190559], [-8.8318596, 39.7192213], [-8.8318338, 39.7194918], [-8.8317984, 39.7197106], [-8.8317688, 39.7198495], [-8.831736, 39.7199706], [-8.8317061, 39.7200586], [-8.8316308, 39.7202707], [-8.8315647, 39.7204429], [-8.8315162, 39.7205657], [-8.8315077, 39.7205938], [-8.8314872, 39.7206669]]}, "properties": {"cycleway:both": "no", "highway": "primary", "lanes": "1", "lit": "yes", "maxspeed": "90", "oneway": "yes", "ref": "EN 1", "sidewalk": "no", "surface": "asphalt"}}, {"type": "Feature", "geometry": {"type": "LineString", "coordinates": [[-8.47065, 40.6346834], [-8.4706232, 40.6349755], [-8.4706283, 40.6350821], [-8.4706415, 40.6353526], [-8.470635, 40.6355922], [-8.4706255, 40.6356631], [-8.4706039, 40.6358248], [-8.4705235, 40.6361464], [-8.4703947, 40.6364639], [-8.4703109, 40.6366414], [-8.4702803, 40.6367063]]}, "properties": {"highway": "primary", "lanes": "1", "maxspeed": "70", "oneway": "yes", "ref": "IC 2;EN 1", "surface": "asphalt"}}, {"type": "Feature", "geometry": {"type": "LineString", "coordinates": [[-8.9943525, 39.0494409], [-8.9942892, 39.0493528], [-8.9942454, 39.0492853], [-8.9942067, 39.0492036], [-8.9941471, 39.048827]]}, "properties": {"highway": "primary", "lanes": "1", "oneway": "yes", "ref": "IC 2;EN 1", "surface": "asphalt"}}, {"type": "Feature", "geometry": {"type": "LineString", "coordinates": [[-8.9822615, 39.0354522], [-8.9828455, 39.0360888], [-8.9835865, 39.0368965]]}, "properties": {"highway": "primary", "lanes": "2", "maxspeed": "60", "oneway": "yes", "ref": "IC 2;EN 1", "surface": "asphalt"}}, {"type": "Feature", "geometry": {"type": "LineString", "coordinates": [[-8.9998949, 39.0657796], [-8.9998553, 39.065918], [-8.9997262, 39.0661456]]}, "properties": {"highway": "primary", "lanes": "1", "oneway": "yes", "ref": "IC 2;EN 1", "surface": "asphalt"}}, {"type": "Feature", "geometry": {"type": "LineString", "coordinates": [[-8.9997262, 39.0661456], [-8.9999345, 39.0659483], [-8.9999977, 39.0659114], [-9.0000609, 39.0658745]]}, "properties": {"highway": "primary", "lanes": "1", "oneway": "yes", "ref": "IC 2;EN 1", "surface": "asphalt"}}, {"type": "Feature", "geometry": {"type": "LineString", "coordinates": [[-9.0004276, 39.0652648], [-9.0002815, 39.0654176], [-9.000206, 39.0654647], [-9.0001306, 39.0655117]]}, "properties": {"highway": "primary", "lanes": "1", "oneway": "yes", "ref": "EN 1", "surface": "asphalt"}}, {"type": "Feature", "geometry": {"type": "LineString", "coordinates": [[-8.9715927, 39.220795], [-8.9729107, 39.2205914], [-8.9743209, 39.22037], [-8.9756891, 39.2201611]]}, "properties": {"highway": "primary", "lanes": "2", "maxspeed": "90", "ref": "IC 2;EN 1", "surface": "asphalt"}}, {"type": "Feature", "geometry": {"type": "LineString", "coordinates": [[-8.9713033, 39.2208397], [-8.9715927, 39.220795]]}, "properties": {"bridge": "yes", "highway": "primary", "lanes": "2", "maxspeed": "90", "ref": "IC 2;EN 1", "surface": "asphalt"}}, {"type": "Feature", "geometry": {"type": "LineString", "coordinates": [[-8.4834366, 40.8173425], [-8.4833566, 40.8172371], [-8.4831832, 40.8170086], [-8.4828761, 40.8167306], [-8.4826307, 40.816489], [-8.4819858, 40.8159296]]}, "properties": {"highway": "primary", "name": "Avenida S\u00e1 Carneiro", "oneway": "no", "ref": "EN 1", "source": "Bing"}}, {"type": "Feature", "geometry": {"type": "LineString", "coordinates": [[-8.4720198, 40.1346105], [-8.4729022, 40.1342094], [-8.4732955, 40.133977], [-8.4735783, 40.1337199], [-8.474526, 40.1327378], [-8.4748341, 40.1324497], [-8.4751778, 40.1321863], [-8.4754824, 40.1320235], [-8.4767553, 40.1315595]]}, "properties": {"cycleway:both": "no", "highway": "trunk", "lanes": "1", "lit": "no", "maxheight": "default", "maxspeed": "70", "old_ref": "EN 1", "oneway": "yes", "ref": "IC 2;EN 1", "smoothness": "excellent", "surface": "asphalt"}}, {"type": "Feature", "geometry": {"type": "LineString", "coordinates": [[-8.6064328, 41.1163198], [-8.6063692, 41.1170457], [-8.6063511, 41.1172289]]}, "properties": {"destination": "P.te do Infante;Gaia", "destination:symbol": "centre", "highway": "primary", "lanes": "2", "name": "Avenida da Rep\u00fablica", "oneway": "yes", "ref": "EN 1", "surface": "asphalt"}}, {"type": "Feature", "geometry": {"type": "LineString", "coordinates": [[-8.6065472, 41.1172944], [-8.6065695, 41.117056], [-8.6066321, 41.1163625]]}, "properties": {"highway": "primary", "lanes": "2", "name": "Avenida da Rep\u00fablica", "oneway": "yes", "ref": "EN 1", "surface": "asphalt"}}, {"type": "Feature", "geometry": {"type": "LineString", "coordinates": [[-8.4483621, 40.5655047], [-8.4484004, 40.5655494], [-8.4484563, 40.565609], [-8.4485892, 40.5657335], [-8.4486651, 40.5658333]]}, "properties": {"highway": "primary", "lanes": "2", "maxspeed": "90", "name": "Rua Miguel Almeida e Silva", "oneway": "yes", "ref": "EN 1", "source": "bing"}}, {"type": "Feature", "geometry": {"type": "LineString", "coordinates": [[-8.4488236, 40.5656978], [-8.448605, 40.5656514], [-8.4485058, 40.5656], [-8.4483621, 40.5655047]]}, "properties": {"highway": "primary", "lanes": "2", "maxspeed": "90", "name": "Rua Miguel Almeida e Silva", "oneway": "yes", "ref": "EN 1", "source": "bing"}}, {"type": "Feature", "geometry": {"type": "LineString", "coordinates": [[-8.4641629, 40.6140781], [-8.4646401, 40.6128404], [-8.4648129, 40.612404], [-8.464843, 40.6123314], [-8.4649819, 40.6119569], [-8.4650155, 40.6118647], [-8.4651334, 40.6115529]]}, "properties": {"highway": "primary", "lanes": "2", "maxspeed": "70", "oneway": "no", "overtaking": "no", "ref": "IC 2;EN 1", "surface": "asphalt"}}, {"type": "Feature", "geometry": {"type": "LineString", "coordinates": [[-28.0211461, 39.093316], [-28.0217864, 39.093669], [-28.022188, 39.0938888], [-28.0224387, 39.0940125], [-28.0226436, 39.0940916], [-28.0228365, 39.0941457], [-28.0230372, 39.0941733], [-28.0231717, 39.0941852], [-28.0233514, 39.0941798], [-28.0240149, 39.0940793], [-28.0241883, 39.0940705], [-28.0243279, 39.0940764], [-28.026011, 39.0942828], [-28.0262426, 39.0943132], [-28.0263883, 39.0943521], [-28.0266632, 39.0944601], [-28.0271347, 39.0946643], [-28.0273785, 39.0947667], [-28.0275006, 39.0948103], [-28.0277397, 39.0948865], [-28.0287224, 39.0951775], [-28.0288802, 39.0952242], [-28.0293941, 39.0953831]]}, "properties": {"highway": "primary", "ref": "EN 1", "surface": "asphalt"}}, {"type": "Feature", "geometry": {"type": "LineString", "coordinates": [[-8.8586538, 39.5965664], [-8.8585477, 39.5966941], [-8.8584928, 39.5967906], [-8.8583574, 39.5970376], [-8.8582342, 39.5972784]]}, "properties": {"highway": "trunk", "lanes": "1", "maxspeed": "60", "oneway": "yes", "ref": "IC 2;EN 1", "surface": "asphalt"}}, {"type": "Feature", "geometry": {"type": "LineString", "coordinates": [[-8.8574683, 39.6026006], [-8.8575088, 39.6024338], [-8.8575848, 39.6014621]]}, "properties": {"highway": "trunk", "lanes": "1", "maxspeed": "70", "oneway": "yes", "ref": "IC 2;EN 1", "surface": "asphalt"}}, {"type": "Feature", "geometry": {"type": "LineString", "coordinates": [[-8.6025603, 41.1046825], [-8.6028124, 41.1043495]]}, "properties": {"cycleway:both": "no", "highway": "primary", "lanes": "2", "layer": "-1", "lit": "yes", "maxheight": "4.5", "maxspeed": "40", "name": "Rua Fonte dos Arrependidos", "oneway": "no", "ref": "EN 1", "shoulder": "no", "sidewalk": "both", "surface": "asphalt", "tunnel": "yes"}}, {"type": "Feature", "geometry": {"type": "LineString", "coordinates": [[-8.5816912, 41.0740362], [-8.5821911, 41.073503], [-8.582376, 41.0733058], [-8.5824721, 41.0731893], [-8.5825331, 41.0731033], [-8.5826042, 41.0729208], [-8.5826114, 41.0727892]]}, "properties": {"highway": "primary", "lanes": "2", "name": "Rua da Senhora do Monte", "oneway": "yes", "ref": "EN 1", "surface": "asphalt"}}, {"type": "Feature", "geometry": {"type": "LineString", "coordinates": [[-8.4884398, 40.731066], [-8.4884304, 40.7307579], [-8.487965, 40.729212], [-8.4865659, 40.7245812], [-8.4864214, 40.7241014], [-8.4859778, 40.7226298], [-8.4857701, 40.7219449], [-8.4855462, 40.7211766], [-8.4851549, 40.719749], [-8.4841709, 40.7164081], [-8.4837416, 40.7149612], [-8.4837145, 40.7148579], [-8.4831271, 40.7130242]]}, "properties": {"highway": "primary", "lanes": "2", "maxspeed": "90", "oneway": "no", "ref": "IC 2;EN 1", "surface": "asphalt"}}, {"type": "Feature", "geometry": {"type": "LineString", "coordinates": [[-8.454698, 40.416303], [-8.4545816, 40.4166456], [-8.4545597, 40.4167223], [-8.4544531, 40.4171153], [-8.4544298, 40.4172082], [-8.4543977, 40.4173365], [-8.4543245, 40.4177384], [-8.4543022, 40.4178642], [-8.4542955, 40.4179021], [-8.4542731, 40.4180621], [-8.4542415, 40.4183511], [-8.4542028, 40.4187914]]}, "properties": {"highway": "primary", "lanes": "1", "maxspeed": "70", "oneway": "yes", "ref": "IC 2;EN 1", "surface": "asphalt"}}, {"type": "Feature", "geometry": {"type": "LineString", "coordinates": [[-8.4542028, 40.4187914], [-8.4543344, 40.4179311], [-8.4543463, 40.4178699], [-8.4543957, 40.4176165], [-8.4544629, 40.4173546], [-8.4544888, 40.4172674]]}, "properties": {"highway": "primary", "lanes": "1", "maxspeed": "70", "oneway": "yes", "ref": "IC 2;EN 1", "source": "bing", "surface": "asphalt"}}, {"type": "Feature", "geometry": {"type": "LineString", "coordinates": [[-8.4548405, 40.4157935], [-8.4552823, 40.4140762], [-8.4555951, 40.4128462], [-8.4557482, 40.4122342], [-8.4557969, 40.4120242], [-8.4558392, 40.411785], [-8.4558607, 40.4115543], [-8.4558656, 40.4113996], [-8.4558683, 40.4113147], [-8.455858, 40.4110772], [-8.4558329, 40.4108649], [-8.4557956, 40.410654], [-8.4557468, 40.4104292], [-8.4556841, 40.4102213], [-8.4556124, 40.410028], [-8.4555272, 40.4098396], [-8.455482, 40.4097395], [-8.4547836, 40.4085235], [-8.4540585, 40.4072611]]}, "properties": {"highway": "primary", "lane_markings": "yes", "lanes": "2", "maxspeed": "70", "oneway": "no", "ref": "IC 2;EN 1", "source": "bing", "surface": "asphalt"}}, {"type": "Feature", "geometry": {"type": "LineString", "coordinates": [[-8.4487042, 40.306717], [-8.448799, 40.3070906], [-8.4488961, 40.3074852], [-8.4490276, 40.3079288], [-8.4494369, 40.3093272], [-8.4495094, 40.3095694], [-8.4499988, 40.3112047]]}, "properties": {"highway": "trunk", "lanes": "2", "lit": "no", "maxspeed": "50", "oneway": "no", "ref": "IC 2;EN 1", "surface": "asphalt"}}, {"type": "Feature", "geometry": {"type": "LineString", "coordinates": [[-8.4460161, 40.2890332], [-8.4460309, 40.2897119], [-8.4460595, 40.2922446], [-8.4460634, 40.2948632], [-8.4460271, 40.2962821], [-8.4460104, 40.2966688], [-8.4460137, 40.2969341], [-8.4460189, 40.2970869], [-8.4460333, 40.2972993], [-8.4460589, 40.2975003], [-8.4461035, 40.2978046], [-8.4461586, 40.2981161], [-8.446284, 40.2987042], [-8.4465114, 40.2996019]]}, "properties": {"highway": "trunk", "lanes": "2", "lit": "no", "maxspeed": "90", "oneway": "yes", "ref": "IC 2;EN 1", "surface": "asphalt"}}, {"type": "Feature", "geometry": {"type": "LineString", "coordinates": [[-8.9519097, 39.3452938], [-8.9526641, 39.3459109], [-8.9527994, 39.3459855], [-8.9533749, 39.3462432], [-8.9538669, 39.3464636], [-8.9540713, 39.3465541]]}, "properties": {"highway": "primary", "lanes": "1", "maxspeed": "50", "oneway": "no", "overtaking": "no", "ref": "EN 1", "surface": "asphalt"}}, {"type": "Feature", "geometry": {"type": "LineString", "coordinates": [[-8.4737422, 40.843225], [-8.4738196, 40.8430533]]}, "properties": {"highway": "primary", "name": "Rua Frei Caetano Brand\u00e3o", "oneway": "yes", "ref": "EN 1"}}, {"type": "Feature", "geometry": {"type": "LineString", "coordinates": [[-8.4714714, 40.6783099], [-8.4712396, 40.6789514], [-8.470815, 40.6801264], [-8.4707599, 40.680226], [-8.470671, 40.6803376], [-8.4706559, 40.680357], [-8.4706122, 40.680401]]}, "properties": {"highway": "trunk", "lanes": "1", "maxspeed": "70", "oneway": "yes", "ref": "IC 2;EN 1", "surface": "asphalt"}}, {"type": "Feature", "geometry": {"type": "LineString", "coordinates": [[-8.484866, 40.8656766], [-8.4848521, 40.865778], [-8.4847425, 40.8667388], [-8.4847103, 40.8676151], [-8.4847176, 40.8678625], [-8.4847532, 40.86811], [-8.4849034, 40.8687266], [-8.4850446, 40.8693257], [-8.4853041, 40.8703176], [-8.4853336, 40.8704401], [-8.4856161, 40.8716015], [-8.4857422, 40.8720311], [-8.4858535, 40.8723952], [-8.485955, 40.8727859], [-8.4861935, 40.8733566], [-8.4864274, 40.873943], [-8.4866925, 40.8745995], [-8.4867823, 40.8747286], [-8.4868085, 40.8747465]]}, "properties": {"highway": "primary", "lanes": "2", "name": "Rua Jos\u00e9 Maria Castro Lopes Junior", "old_ref": "EN 1", "oneway": "no", "ref": "EN 1", "surface": "asphalt"}}, {"type": "Feature", "geometry": {"type": "LineString", "coordinates": [[-8.7784062, 39.7659363], [-8.7777061, 39.7662496], [-8.7775157, 39.7663383], [-8.7771268, 39.7665094], [-8.776424, 39.766829], [-8.776212, 39.7669167]]}, "properties": {"highway": "trunk", "lanes": "1", "lit": "no", "maxspeed": "60", "oneway": "yes", "ref": "IC 2;EN 1", "surface": "asphalt"}}, {"type": "Feature", "geometry": {"type": "LineString", "coordinates": [[-8.7628747, 39.7758449], [-8.763346, 39.7754834], [-8.7635563, 39.7753172], [-8.7637051, 39.7751978]]}, "properties": {"highway": "trunk", "lanes": "2", "lit": "yes", "maxspeed": "80", "ref": "IC 2;EN 1", "surface": "asphalt"}}, {"type": "Feature", "geometry": {"type": "LineString", "coordinates": [[-8.7628747, 39.7758449], [-8.762601, 39.776067], [-8.7623611, 39.7762563], [-8.7616155, 39.7768548]]}, "properties": {"highway": "trunk", "lanes": "3", "lanes:backward": "2", "lanes:forward": "1", "lit": "yes", "maxspeed": "80", "ref": "IC 2;EN 1", "surface": "asphalt", "turn:lanes:backward": "none|merge_to_left"}}, {"type": "Feature", "geometry": {"type": "LineString", "coordinates": [[-8.7583382, 39.7794794], [-8.7579573, 39.7798363], [-8.7577817, 39.7800168], [-8.7576238, 39.7801886], [-8.7575262, 39.7803053]]}, "properties": {"highway": "trunk", "lanes": "3", "lanes:backward": "1", "lanes:forward": "2", "lit": "yes", "maxspeed:backward": "60", "maxspeed:forward": "80", "minspeed:lanes:forward": "60|", "ref": "IC 2;EN 1", "surface": "asphalt"}}, {"type": "Feature", "geometry": {"type": "LineString", "coordinates": [[-8.561624, 40.0347196], [-8.5623811, 40.0342543], [-8.5627754, 40.0339812], [-8.5631387, 40.0337374]]}, "properties": {"highway": "trunk", "lanes": "1", "lit": "yes", "oneway": "yes", "ref": "IC 2;EN 1", "smoothness": "good", "surface": "asphalt"}}, {"type": "Feature", "geometry": {"type": "LineString", "coordinates": [[-8.5656142, 40.0319899], [-8.5693371, 40.0294149]]}, "properties": {"highway": "trunk", "lanes": "3", "lanes:backward": "1", "lanes:forward": "2", "lit": "yes", "maxspeed": "80", "minspeed:lanes:forward": "60|", "ref": "IC 2;EN 1", "surface": "asphalt"}}, {"type": "Feature", "geometry": {"type": "LineString", "coordinates": [[-8.4881504, 40.875695], [-8.4882275, 40.8758596], [-8.4882691, 40.8759879], [-8.4884458, 40.8766039], [-8.4885003, 40.8768292], [-8.488514, 40.8770277], [-8.4885194, 40.8771473], [-8.4885033, 40.8772723], [-8.4884419, 40.8775377], [-8.4883872, 40.8777739], [-8.4883432, 40.8779513], [-8.4883403, 40.8780716], [-8.4883802, 40.8782519], [-8.4885358, 40.8786469], [-8.4885427, 40.8788193], [-8.4885003, 40.8789911], [-8.4884197, 40.8791487], [-8.4882749, 40.879432], [-8.4882375, 40.8794612], [-8.4881984, 40.8794916]]}, "properties": {"highway": "primary", "lanes": "2", "maxspeed:type": "PT:urban", "name": "Rua Dom Egas Moniz \"O Gasc\u00e3o\"", "old_ref": "EN 1", "oneway": "yes", "ref": "EN 1", "surface": "asphalt"}}, {"type": "Feature", "geometry": {"type": "LineString", "coordinates": [[-8.4400128, 40.2259658], [-8.4399807, 40.2258797], [-8.4399145, 40.225785], [-8.4398296, 40.2256784], [-8.4397075, 40.225545], [-8.4396196, 40.2254489], [-8.4395412, 40.225319], [-8.4394853, 40.2251614], [-8.4394665, 40.2250145], [-8.4394436, 40.2244487]]}, "properties": {"highway": "primary", "lanes": "2", "name": "Rua Manuel de Almeida e Sousa", "ref": "EN 1", "sidewalk": "both", "source": "bing", "surface": "asphalt"}}, {"type": "Feature", "geometry": {"type": "LineString", "coordinates": [[-8.8290301, 39.7257746], [-8.8289738, 39.7259527], [-8.828798, 39.7263467], [-8.8286935, 39.7265858], [-8.8286669, 39.7266562], [-8.828634, 39.7268039]]}, "properties": {"cycleway:both": "no", "highway": "primary", "lanes": "1", "lit": "yes", "maxspeed": "90", "oneway": "yes", "ref": "EN 1", "surface": "asphalt"}}, {"type": "Feature", "geometry": {"type": "LineString", "coordinates": [[-8.8287336, 39.7271285], [-8.8288848, 39.7268476], [-8.8292996, 39.7259884], [-8.8298711, 39.724773], [-8.8298996, 39.7247124], [-8.8303349, 39.723787], [-8.8307665, 39.7229014], [-8.8309668, 39.7224818]]}, "properties": {"cycleway:both": "no", "highway": "primary", "lanes": "2", "lit": "yes", "maxspeed": "50", "oneway": "yes", "ref": "EN 1", "sidewalk": "right", "smoothness": "excellent", "surface": "asphalt"}}, {"type": "Feature", "geometry": {"type": "LineString", "coordinates": [[-8.8312458, 39.72191], [-8.8313901, 39.7216641], [-8.8315891, 39.7212885], [-8.8316473, 39.7211941], [-8.8317227, 39.7211033], [-8.8317898, 39.7210318], [-8.831841, 39.7209862], [-8.8319089, 39.7209277], [-8.8319678, 39.7208823], [-8.8320368, 39.7208368], [-8.8321125, 39.7207933], [-8.8322016, 39.7207472], [-8.8322848, 39.7207079], [-8.8323815, 39.7206724], [-8.8326054, 39.7206012], [-8.8328125, 39.72054], [-8.8329312, 39.7204987], [-8.8329843, 39.7204728], [-8.833034, 39.7204469], [-8.8330817, 39.7204216], [-8.8331177, 39.7203977], [-8.8331527, 39.7203677], [-8.8331855, 39.7203378], [-8.8332165, 39.7203091], [-8.8332468, 39.7202738], [-8.833272, 39.7202371], [-8.8332976, 39.7201992], [-8.8333164, 39.7201575], [-8.8333285, 39.7201191], [-8.8333353, 39.7200721], [-8.8333366, 39.7200199], [-8.833334, 39.7199571], [-8.8333179, 39.7198904], [-8.8332864, 39.7198241], [-8.8332524, 39.7197643], [-8.8331912, 39.7196768], [-8.8330606, 39.7195285], [-8.832891, 39.7193348]]}, "properties": {"cycleway:both": "no", "destination": "Lisboa;Batalha;Azoia", "destination:ref": "EN 1", "highway": "primary", "lanes": "1", "lit": "yes", "maxspeed": "80", "old_ref": "EN 1", "oneway": "yes", "ref": "EN 1", "sidewalk": "no", "smoothness": "excellent", "surface": "asphalt"}}, {"type": "Feature", "geometry": {"type": "LineString", "coordinates": [[-8.9507229, 39.2470006], [-8.9510947, 39.2465646], [-8.9515167, 39.2459525], [-8.9516678, 39.2456916], [-8.9520142, 39.2450088], [-8.9524173, 39.2442406], [-8.9525338, 39.2440187], [-8.9527983, 39.2434285], [-8.9530156, 39.2425286], [-8.9531085, 39.2419147], [-8.9531289, 39.2417799], [-8.9532927, 39.2408922], [-8.953339, 39.2405677], [-8.9533557, 39.2404507], [-8.9534659, 39.2397337], [-8.9536611, 39.238624], [-8.9537713, 39.2378509], [-8.9538485, 39.2374051], [-8.9538752, 39.2372509], [-8.9539508, 39.2367485], [-8.9540421, 39.2362217], [-8.9541303, 39.2354778], [-8.9541952, 39.2351196]]}, "properties": {"highway": "primary", "lanes": "2", "ref": "EN 1", "surface": "asphalt"}}, {"type": "Feature", "geometry": {"type": "LineString", "coordinates": [[-8.435432, 40.2030255], [-8.435242, 40.203108], [-8.4350325, 40.2031774], [-8.4349414, 40.2032075]]}, "properties": {"highway": "primary", "oneway": "yes", "ref": "EN 1", "sidewalk": "right", "surface": "asphalt"}}, {"type": "Feature", "geometry": {"type": "LineString", "coordinates": [[-8.5996382, 39.997791], [-8.6006321, 39.9971934], [-8.6008909, 39.9970448]]}, "properties": {"highway": "trunk", "lanes": "2", "lit": "yes", "maxspeed": "80", "ref": "IC 2;EN 1", "surface": "asphalt"}}, {"type": "Feature", "geometry": {"type": "LineString", "coordinates": [[-8.5894477, 40.0077043], [-8.5898288, 40.0070521], [-8.5899718, 40.0068034]]}, "properties": {"highway": "trunk", "lanes": "3", "lanes:backward": "1", "lanes:forward": "2", "lit": "no", "maxspeed": "80", "minspeed:lanes:forward": "60|", "ref": "IC 2;EN 1", "surface": "asphalt", "turn:lanes:backward": "through;right"}}, {"type": "Feature", "geometry": {"type": "LineString", "coordinates": [[-8.5865356, 40.0109454], [-8.5867507, 40.0107525], [-8.5873099, 40.0102299], [-8.5875792, 40.009986], [-8.5879322, 40.0096582], [-8.588205, 40.0093906], [-8.5883163, 40.0092776]]}, "properties": {"highway": "trunk", "lanes": "2", "lit": "no", "maxspeed": "70", "ref": "IC 2;EN 1", "surface": "asphalt"}}, {"type": "Feature", "geometry": {"type": "LineString", "coordinates": [[-8.4827576, 40.7812461], [-8.4827797, 40.7811888], [-8.4828925, 40.7809192], [-8.4835764, 40.7793932]]}, "properties": {"highway": "primary", "lanes": "2", "maxspeed": "50", "name": "Estrada Nacional 1", "old_name": "Estrada Nacional 1", "oneway": "no", "ref": "IC 2;EN 1", "source": "Bing", "surface": "asphalt"}}, {"type": "Feature", "geometry": {"type": "LineString", "coordinates": [[-8.4818229, 40.7833336], [-8.4817455, 40.7835671], [-8.4817304, 40.7836169], [-8.4817103, 40.7836801], [-8.4817009, 40.7837097], [-8.481663, 40.7838696], [-8.4816419, 40.7839431], [-8.4816062, 40.7840733], [-8.4815663, 40.7842894], [-8.4815299, 40.7844965], [-8.4814689, 40.7848307], [-8.4814537, 40.784936], [-8.4814431, 40.78506], [-8.4814149, 40.785476], [-8.4814115, 40.7856712], [-8.4814161, 40.7859454], [-8.4814255, 40.7861011], [-8.4814266, 40.7861187], [-8.4814364, 40.7862599], [-8.4814407, 40.7863149], [-8.4814497, 40.7864464], [-8.4814642, 40.7866476], [-8.4814708, 40.7867262], [-8.4814982, 40.7870547], [-8.4815182, 40.7872983], [-8.4815324, 40.7874679], [-8.4815531, 40.7877159], [-8.4815558, 40.7877471], [-8.4815752, 40.7879873], [-8.4815863, 40.7881249], [-8.4815885, 40.7881525], [-8.481599, 40.7882874], [-8.4816168, 40.7885142], [-8.4816591, 40.7891373], [-8.4816732, 40.789556], [-8.4816603, 40.7898626], [-8.4816133, 40.7903808], [-8.4815839, 40.7905986], [-8.4815451, 40.7907903], [-8.4815437, 40.7908915]]}, "properties": {"highway": "primary", "lanes": "1", "maxheight:signed": "no", "maxspeed": "50", "name": "Estrada Nacional 1", "old_name": "Estrada Nacional 1", "oneway": "yes", "ref": "IC 2;EN 1", "source": "Bing", "surface": "asphalt"}}, {"type": "Feature", "geometry": {"type": "LineString", "coordinates": [[-8.4850303, 40.8612548], [-8.4850271, 40.861188], [-8.4850117, 40.8611201], [-8.4849712, 40.8610216], [-8.4849125, 40.8609543]]}, "properties": {"highway": "primary", "lanes": "1", "name": "Rua de Cavaleiros", "old_ref": "EN 1", "oneway": "yes", "ref": "EN 1", "source": "bing", "surface": "asphalt"}}, {"type": "Feature", "geometry": {"type": "LineString", "coordinates": [[-8.6207616, 39.9788258], [-8.621134, 39.9785264]]}, "properties": {"highway": "trunk", "lanes": "3", "lanes:backward": "1", "lanes:forward": "2", "lit": "yes", "maxspeed": "50", "ref": "IC 2;EN 1", "surface": "asphalt", "turn:lanes:forward": "left|through;right"}}, {"type": "Feature", "geometry": {"type": "LineString", "coordinates": [[-8.6288143, 39.9437573], [-8.6287893, 39.9445055]]}, "properties": {"highway": "trunk", "lanes": "1", "maxspeed": "50", "oneway": "yes", "ref": "IC 2;EN 1", "surface": "asphalt"}}, {"type": "Feature", "geometry": {"type": "LineString", "coordinates": [[-8.5032939, 40.9263462], [-8.5034294, 40.9267603], [-8.5035843, 40.9274004], [-8.5037358, 40.9280014]]}, "properties": {"highway": "trunk", "lanes": "2", "maxspeed": "70", "name": "Rua da Meia L\u00e9gua", "oneway": "yes", "ref": "IC 2;EN 1", "surface": "asphalt", "toll": "no"}}, {"type": "Feature", "geometry": {"type": "LineString", "coordinates": [[-8.4868085, 40.8747465], [-8.4869131, 40.8748076], [-8.487033, 40.8748571], [-8.4873596, 40.8749592]]}, "properties": {"bridge": "yes", "highway": "primary", "layer": "1", "maxweight:signed": "no", "name": "Rua Jos\u00e9 Maria Castro Lopes Junior", "old_ref": "EN 1", "oneway": "no", "ref": "EN 1", "surface": "asphalt"}}, {"type": "Feature", "geometry": {"type": "LineString", "coordinates": [[-8.4873596, 40.8749592], [-8.4876557, 40.8750595], [-8.4877139, 40.8750812], [-8.4877736, 40.8751161]]}, "properties": {"highway": "primary", "name": "Rua Jos\u00e9 Maria Castro Lopes Junior", "old_ref": "EN 1", "oneway": "no", "ref": "EN 1", "surface": "asphalt"}}, {"type": "Feature", "geometry": {"type": "LineString", "coordinates": [[-8.9824189, 38.9690725], [-8.9824523, 38.9689163], [-8.9825218, 38.9687654], [-8.9826409, 38.9686424]]}, "properties": {"highway": "primary", "lanes": "2", "name": "Rua Fernando Palha", "oneway": "yes", "ref": "EN 1", "surface": "asphalt"}}, {"type": "Feature", "geometry": {"type": "LineString", "coordinates": [[-28.0062064, 39.0861677], [-28.0063123, 39.0861937], [-28.006642, 39.086312], [-28.0071974, 39.0865291], [-28.0076157, 39.086689], [-28.0080113, 39.0868458], [-28.0081745, 39.0869104], [-28.0085773, 39.0871174], [-28.0086721, 39.0871324]]}, "properties": {"highway": "primary", "name": "Rua Doctor Manuel Correia Lob\u00e3o", "oneway": "yes", "ref": "EN 1", "surface": "asphalt"}}, {"type": "Feature", "geometry": {"type": "LineString", "coordinates": [[-8.9514897, 39.3417802], [-8.9515695, 39.3419583]]}, "properties": {"highway": "primary", "maxspeed": "50", "name": "Avenida dos Combatentes", "oneway": "yes", "ref": "EN 1;EN 114", "surface": "asphalt"}}, {"type": "Feature", "geometry": {"type": "LineString", "coordinates": [[-8.4480181, 40.5743412], [-8.4480188, 40.5744124]]}, "properties": {"highway": "primary", "name": "Rua Miseric\u00f3rdia de \u00c1gueda", "ref": "EN 1"}}, {"type": "Feature", "geometry": {"type": "LineString", "coordinates": [[-8.4480188, 40.5744124], [-8.4480379, 40.5745839]]}, "properties": {"highway": "primary", "name": "Rua Miseric\u00f3rdia de \u00c1gueda", "ref": "EN 1"}}, {"type": "Feature", "geometry": {"type": "LineString", "coordinates": [[-8.5552999, 41.0103626], [-8.5554115, 41.0103437], [-8.5555109, 41.0103009]]}, "properties": {"alt_name": "Rua da Estrada Nacional N.\u00ba 1;Estrada Nacional N\u00ba1;Rua da Estrada Nacional N\u00famero 1;Rua EN1;EN1;Estrada Nacional 1", "highway": "primary", "junction": "roundabout", "lanes": "3", "name": "Rua Estrada Nacional N\u00ba 1", "note": "mesmo tendo oficialmente sido alterada para IC2, ainda \u00e9 referida nas placas no terreno como N1 por isso a ref principal deve levar ambas as refer\u00eancias", "old_ref": "EN 1", "ref": "EN 1", "ref:official": "IC 2", "source": "BING", "surface": "asphalt"}}, {"type": "Feature", "geometry": {"type": "LineString", "coordinates": [[-8.9320934, 39.3079969], [-8.9323737, 39.3085956], [-8.9327961, 39.3095052], [-8.9331421, 39.3102419], [-8.9336035, 39.3112546], [-8.9337699, 39.3116026], [-8.9339146, 39.3118938], [-8.9341801, 39.3124479], [-8.9343379, 39.3126837]]}, "properties": {"highway": "primary", "lanes": "1", "maxspeed": "50", "oneway": "yes", "ref": "EN 1", "surface": "asphalt"}}, {"type": "Feature", "geometry": {"type": "LineString", "coordinates": [[-8.9343379, 39.3126837], [-8.9342648, 39.3124602], [-8.9331291, 39.3100173], [-8.9328566, 39.3094121], [-8.9325817, 39.3088132]]}, "properties": {"highway": "primary", "lanes": "1", "maxspeed": "50", "oneway": "yes", "ref": "EN 1", "surface": "asphalt"}}, {"type": "Feature", "geometry": {"type": "LineString", "coordinates": [[-8.9313867, 39.3063694], [-8.9313559, 39.3062993], [-8.9309172, 39.3052998], [-8.9307641, 39.3049219], [-8.9306641, 39.3046463], [-8.9305611, 39.3043792], [-8.9304575, 39.3041122], [-8.930437, 39.3040325], [-8.9304031, 39.3038848], [-8.9303925, 39.3037552], [-8.9303967, 39.3036124], [-8.9304137, 39.3035026], [-8.9304371, 39.3033395], [-8.9304692, 39.3031324], [-8.9305406, 39.3028707], [-8.93056, 39.3026891], [-8.9305611, 39.3025398], [-8.9305557, 39.3024154]]}, "properties": {"highway": "primary", "lanes": "2", "maxspeed": "90", "oneway": "no", "ref": "EN 1", "surface": "asphalt"}}, {"type": "Feature", "geometry": {"type": "LineString", "coordinates": [[-8.9305557, 39.3024154], [-8.9305492, 39.3023212], [-8.9305318, 39.3021462], [-8.9304948, 39.3017422], [-8.9304378, 39.3011212], [-8.9303982, 39.3007125], [-8.930359, 39.3002167], [-8.9303512, 39.300084], [-8.9303605, 39.299971], [-8.9303839, 39.2998104], [-8.9304307, 39.2996627], [-8.9304496, 39.2995778], [-8.9304555, 39.2995611], [-8.9304603, 39.2995371], [-8.9304892, 39.2994685], [-8.9305231, 39.2993902], [-8.9305745, 39.2993203], [-8.930642, 39.2992179], [-8.9306571, 39.2991953], [-8.9306701, 39.2991766], [-8.9307023, 39.2991301], [-8.9308135, 39.2989681], [-8.930971, 39.2987322], [-8.931075, 39.2985837], [-8.9310795, 39.2985773], [-8.9312473, 39.298321], [-8.9313053, 39.2982298], [-8.9313363, 39.2981867], [-8.9314152, 39.2980718], [-8.9314524, 39.2980138], [-8.9314861, 39.2979611], [-8.9315143, 39.297917], [-8.9315714, 39.2978277], [-8.9316462, 39.2977088], [-8.9317093, 39.2976022], [-8.9317441, 39.2975387], [-8.9318454, 39.2973267], [-8.9319917, 39.2970235], [-8.9321031, 39.2967829], [-8.9321981, 39.29658], [-8.9322751, 39.2964181], [-8.9323818, 39.2961874], [-8.9324223, 39.2961014], [-8.9325023, 39.2959628], [-8.9325183, 39.2959369], [-8.9325578, 39.295873], [-8.9327646, 39.2955674], [-8.9329186, 39.295342], [-8.9330578, 39.2951245], [-8.9331114, 39.295044], [-8.9331277, 39.2950186], [-8.9331442, 39.2949936], [-8.9331606, 39.2949686], [-8.9331871, 39.2949293], [-8.9332053, 39.2949022], [-8.9333277, 39.294705], [-8.933413, 39.2945756], [-8.9334498, 39.2945201], [-8.933505, 39.2944405], [-8.9335282, 39.2944087], [-8.9335721, 39.294348], [-8.9336008, 39.2943084], [-8.9336432, 39.2942446], [-8.9337171, 39.2941335], [-8.9337504, 39.2940806], [-8.9338916, 39.293866], [-8.9340826, 39.2935689], [-8.9342073, 39.2933808], [-8.9342823, 39.2932782], [-8.9345399, 39.2928842], [-8.9346811, 39.2926675], [-8.9348391, 39.2924331], [-8.9349018, 39.2923703], [-8.9350525, 39.2922377], [-8.9351822, 39.2921252], [-8.9352435, 39.2920779], [-8.9353373, 39.2920057], [-8.9354529, 39.2919125], [-8.9356163, 39.2917436], [-8.9357405, 39.291621], [-8.9359235, 39.2914143], [-8.9360429, 39.2912644], [-8.9361101, 39.2911811], [-8.9361329, 39.2911518], [-8.9361556, 39.2911224], [-8.9361988, 39.2910611], [-8.9371561, 39.2897885], [-8.9381183, 39.2885056], [-8.9382841, 39.2882845], [-8.9385328, 39.2879532], [-8.9385445, 39.2879376], [-8.9386872, 39.2877471], [-8.9386966, 39.2877344], [-8.939005, 39.2873235], [-8.9391241, 39.2871647], [-8.9393132, 39.2869124], [-8.9394081, 39.2867862], [-8.9394793, 39.286691], [-8.9395622, 39.2865676], [-8.9396318, 39.2864391], [-8.939684, 39.286331], [-8.9398609, 39.2859644], [-8.9399852, 39.2857069], [-8.9400618, 39.2855541], [-8.9400861, 39.2855057], [-8.9401518, 39.2853626], [-8.9401857, 39.2852659], [-8.9402877, 39.2849499], [-8.9404843, 39.2843523], [-8.9405445, 39.2841689], [-8.9407023, 39.2837119], [-8.9408628, 39.2832553], [-8.941011, 39.2828534]]}, "properties": {"highway": "primary", "lanes": "2", "maxspeed": "50", "ref": "EN 1", "surface": "asphalt"}}, {"type": "Feature", "geometry": {"type": "LineString", "coordinates": [[-8.9370645, 39.2647592], [-8.9372324, 39.2642974], [-8.9374836, 39.2635916], [-8.9374978, 39.2634191], [-8.9374701, 39.2632182], [-8.9374068, 39.2630216], [-8.9372989, 39.2627929], [-8.937055, 39.2622844], [-8.9368951, 39.2619304], [-8.9368583, 39.2618181], [-8.9368221, 39.2616195], [-8.9368219, 39.2615354], [-8.9368668, 39.2612651], [-8.9369313, 39.2609643], [-8.9370111, 39.2606655], [-8.9370495, 39.26057], [-8.9371076, 39.2604813], [-8.9375315, 39.2599766], [-8.9376889, 39.2598365], [-8.937893, 39.2597024], [-8.939384, 39.2589945], [-8.9395585, 39.2589045], [-8.9397638, 39.2587853], [-8.9405267, 39.2582913], [-8.9419998, 39.2572944], [-8.9438699, 39.2559759], [-8.9458442, 39.254576], [-8.9459401, 39.2544848], [-8.9460027, 39.254411], [-8.9460568, 39.2543332], [-8.9461148, 39.2542244], [-8.9461702, 39.2540531], [-8.9462802, 39.2523364], [-8.9462829, 39.2522944], [-8.946322, 39.251876], [-8.9464055, 39.251587], [-8.9464618, 39.2514602], [-8.9465306, 39.2513374], [-8.9465905, 39.2512482], [-8.947377, 39.2502452], [-8.947489, 39.2501243], [-8.9476198, 39.2500154], [-8.9477671, 39.24992], [-8.9485132, 39.2495504], [-8.9487458, 39.2494217], [-8.9488994, 39.2493182], [-8.9489852, 39.2492407], [-8.94906, 39.2491572], [-8.949734, 39.2482857], [-8.9501948, 39.247685], [-8.9505166, 39.247268], [-8.9507229, 39.2470006]]}, "properties": {"highway": "primary", "lanes": "2", "maxspeed": "90", "ref": "EN 1", "surface": "asphalt"}}, {"type": "Feature", "geometry": {"type": "LineString", "coordinates": [[-8.9613538, 39.3615768], [-8.9616825, 39.3618938], [-8.9617575, 39.3619608], [-8.9618686, 39.3620601], [-8.9620058, 39.362207], [-8.9621034, 39.362329], [-8.9627267, 39.3631362], [-8.9627707, 39.3632075], [-8.9628303, 39.3633042], [-8.9629437, 39.3635264], [-8.9629673, 39.3636045], [-8.9630929, 39.3640451], [-8.9632684, 39.3646609]]}, "properties": {"highway": "primary", "lanes": "2", "maxspeed": "50", "name": "Rua dos Fundadores da Comiss\u00e3o de Melhoramentos", "ref": "EN 1", "surface": "asphalt"}}, {"type": "Feature", "geometry": {"type": "LineString", "coordinates": [[-8.9632684, 39.3646609], [-8.963499, 39.3654661], [-8.9635698, 39.3657384], [-8.9636223, 39.3659461], [-8.9636667, 39.3661321], [-8.9636967, 39.3662773], [-8.9637143, 39.3663793], [-8.9639924, 39.3679465], [-8.9640081, 39.3680348], [-8.9640314, 39.3682077], [-8.9640628, 39.3684416], [-8.9640854, 39.3686093], [-8.9641187, 39.3688776], [-8.9641111, 39.3690873], [-8.9641079, 39.3692012], [-8.9640926, 39.3693136], [-8.9640528, 39.3695483], [-8.9637078, 39.371365], [-8.9634541, 39.3727004], [-8.9634532, 39.3727474], [-8.9634626, 39.3727833], [-8.9634826, 39.3728148]]}, "properties": {"highway": "primary", "lanes": "2", "lit": "yes", "maxspeed": "50", "name": "Rua Cristina da Concei\u00e7\u00e3o Alexandre", "ref": "EN 1", "shoulder": "no", "sidewalk": "no", "surface": "asphalt"}}, {"type": "Feature", "geometry": {"type": "LineString", "coordinates": [[-8.4431681, 40.5585063], [-8.4431123, 40.5579021]]}, "properties": {"highway": "primary", "lanes": "3", "lanes:backward": "1", "lanes:forward": "2", "maxspeed": "70", "name": "Rua Recreio Desportivo de \u00c1gueda", "oneway": "no", "ref": "EN 1", "source": "Bing"}}, {"type": "Feature", "geometry": {"type": "LineString", "coordinates": [[-8.4431123, 40.5579021], [-8.4430906, 40.55763], [-8.4429849, 40.5566638], [-8.4429926, 40.5561722], [-8.4430405, 40.5557859], [-8.4431393, 40.5553565], [-8.4432982, 40.5549063]]}, "properties": {"highway": "primary", "lanes": "3", "lanes:backward": "1", "lanes:forward": "2", "maxspeed": "70", "name": "Rua Recreio Desportivo de \u00c1gueda", "oneway": "no", "ref": "EN 1", "source": "Bing"}}, {"type": "Feature", "geometry": {"type": "LineString", "coordinates": [[-8.4432982, 40.5549063], [-8.4433821, 40.554696], [-8.4435126, 40.5544483], [-8.443897, 40.5538319]]}, "properties": {"highway": "primary", "lanes": "3", "lanes:backward": "1", "lanes:forward": "2", "maxspeed": "70", "name": "Rua Recreio Desportivo de \u00c1gueda", "oneway": "no", "ref": "EN 1", "source": "Bing"}}, {"type": "Feature", "geometry": {"type": "LineString", "coordinates": [[-8.4457487, 40.5633792], [-8.445479, 40.5631548], [-8.4448607, 40.5626404], [-8.4446869, 40.5624897], [-8.4443266, 40.5621345], [-8.4440212, 40.561781], [-8.4437651, 40.5613855], [-8.4434884, 40.5607946], [-8.4433646, 40.5602626], [-8.4431681, 40.5585063]]}, "properties": {"alt_name": "Rua Estrada Nacional no. 1", "highway": "primary", "lanes": "3", "lanes:backward": "1", "lanes:forward": "2", "maxspeed": "70", "name": "Rua Recreio Desportivo de \u00c1gueda", "oneway": "no", "ref": "EN 1", "source": "Bing"}}, {"type": "Feature", "geometry": {"type": "LineString", "coordinates": [[-8.9882403, 39.1063826], [-8.9883899, 39.1061395]]}, "properties": {"highway": "primary", "lanes": "2", "ref": "IC 2;EN 1", "surface": "asphalt"}}, {"type": "Feature", "geometry": {"type": "LineString", "coordinates": [[-8.9926942, 39.2113805], [-8.9933171, 39.2111426], [-8.9937583, 39.2109586], [-8.9940143, 39.2108445]]}, "properties": {"highway": "primary", "lanes": "1", "oneway": "yes", "ref": "IC 2;EN 1", "surface": "asphalt"}}, {"type": "Feature", "geometry": {"type": "LineString", "coordinates": [[-8.9946347, 39.2103174], [-8.9944501, 39.2104733]]}, "properties": {"highway": "primary", "lanes": "1", "oneway": "yes", "ref": "IC 2;EN 1", "surface": "asphalt"}}, {"type": "Feature", "geometry": {"type": "LineString", "coordinates": [[-8.9557275, 39.2274995], [-8.956012, 39.2266511], [-8.9561779, 39.2262917]]}, "properties": {"highway": "primary", "ref": "EN 1"}}, {"type": "Feature", "geometry": {"type": "LineString", "coordinates": [[-8.9545433, 39.2284864], [-8.9544548, 39.2285051], [-8.9543913, 39.2285355], [-8.9543538, 39.2285646], [-8.9543216, 39.2286134], [-8.9542969, 39.22867], [-8.9542943, 39.2287798], [-8.9543082, 39.2288617]]}, "properties": {"highway": "primary", "lanes": "1", "oneway": "yes", "ref": "EN 1", "surface": "asphalt"}}, {"type": "Feature", "geometry": {"type": "LineString", "coordinates": [[-8.9551052, 39.2286079], [-8.9545433, 39.2284864]]}, "properties": {"bridge": "yes", "highway": "primary", "layer": "1", "oneway": "yes", "ref": "EN 1"}}, {"type": "Feature", "geometry": {"type": "LineString", "coordinates": [[-8.9552999, 39.228693], [-8.9553565, 39.2287069], [-8.9554059, 39.228719]]}, "properties": {"highway": "primary", "ref": "EN 1"}}, {"type": "Feature", "geometry": {"type": "LineString", "coordinates": [[-8.9552999, 39.228693], [-8.955219, 39.2286362]]}, "properties": {"highway": "primary", "oneway": "yes", "ref": "EN 1"}}, {"type": "Feature", "geometry": {"type": "LineString", "coordinates": [[-8.9620089, 39.4081846], [-8.96191, 39.4076152], [-8.9618349, 39.4071846]]}, "properties": {"highway": "trunk", "lanes": "1", "maxspeed": "70", "oneway": "yes", "ref": "IC 2;EN 1", "surface": "asphalt", "turn:lanes": "through;right"}}, {"type": "Feature", "geometry": {"type": "LineString", "coordinates": [[-8.961249, 39.4036913], [-8.9611721, 39.4031851], [-8.9610246, 39.4022445], [-8.9609884, 39.4020113], [-8.9609216, 39.4015805], [-8.9607963, 39.4007728], [-8.9605362, 39.3991284], [-8.9605185, 39.3990172], [-8.9604901, 39.3988381], [-8.9602505, 39.3973101], [-8.960168, 39.3967871], [-8.9599872, 39.3956593], [-8.9598401, 39.394711], [-8.9597438, 39.3941176], [-8.9597028, 39.3938775], [-8.959681, 39.3937275], [-8.9596636, 39.3935847], [-8.9596581, 39.3934567], [-8.9596666, 39.3933274], [-8.9596845, 39.3931968], [-8.9597469, 39.3928032], [-8.9597809, 39.3926531], [-8.9598261, 39.3924102], [-8.9598733, 39.3920916]]}, "properties": {"highway": "trunk", "lanes": "2", "maxspeed": "50", "ref": "IC 2;EN 1", "surface": "asphalt"}}, {"type": "Feature", "geometry": {"type": "LineString", "coordinates": [[-8.961249, 39.4036913], [-8.9612526, 39.4038778], [-8.9613738, 39.4045887], [-8.9614349, 39.4049018], [-8.9616219, 39.4058457], [-8.9616562, 39.4060033], [-8.9616511, 39.4060718], [-8.9616497, 39.4061264]]}, "properties": {"highway": "trunk", "lanes": "1", "maxspeed": "50", "oneway": "yes", "ref": "IC 2;EN 1", "surface": "asphalt"}}, {"type": "Feature", "geometry": {"type": "LineString", "coordinates": [[-8.8574683, 39.6026006], [-8.8574489, 39.6029356]]}, "properties": {"highway": "trunk", "lanes": "2", "maxspeed": "60", "ref": "IC 2;EN 1", "surface": "asphalt"}}, {"type": "Feature", "geometry": {"type": "LineString", "coordinates": [[-27.987478, 39.0522669], [-27.9874479, 39.0522535], [-27.9873136, 39.0522205], [-27.9871361, 39.0522133], [-27.9869283, 39.0522109], [-27.9866225, 39.0522133], [-27.9834377, 39.0522334]]}, "properties": {"highway": "primary", "ref": "EN 1", "surface": "asphalt"}}, {"type": "Feature", "geometry": {"type": "LineString", "coordinates": [[-8.9838957, 38.9647103], [-8.9838678, 38.9648561], [-8.9838075, 38.965004], [-8.9837807, 38.9650675], [-8.9837157, 38.9652217], [-8.983476, 38.9657914], [-8.9830971, 38.9667619], [-8.9830818, 38.9668009], [-8.9829813, 38.9670583], [-8.9826521, 38.9679025], [-8.9825815, 38.9680835], [-8.9825543, 38.9681425], [-8.9824675, 38.9682456], [-8.9823703, 38.96832]]}, "properties": {"highway": "primary", "lanes": "2", "name": "Avenida Barranco de Cegos", "oneway": "yes", "ref": "EN 1", "surface": "asphalt"}}, {"type": "Feature", "geometry": {"type": "LineString", "coordinates": [[-8.4501353, 40.375377], [-8.4500912, 40.3750587]]}, "properties": {"alt_name": "EN1 / EN234", "highway": "primary", "lanes": "1", "maxspeed": "50", "name": "Alameda da Cidade", "oneway": "yes", "ref": "IC 2;EN 1", "surface": "asphalt"}}, {"type": "Feature", "geometry": {"type": "LineString", "coordinates": [[-8.4500912, 40.3750587], [-8.4500288, 40.3752197], [-8.4499455, 40.3753602]]}, "properties": {"alt_name": "EN1 / EN234", "highway": "primary", "lanes": "1", "maxspeed": "50", "name": "Alameda da Cidade", "oneway": "yes", "ref": "IC 2;EN 1", "surface": "asphalt"}}, {"type": "Feature", "geometry": {"type": "LineString", "coordinates": [[-8.4540025, 40.3249522], [-8.4529557, 40.3270706], [-8.4527918, 40.3273971], [-8.4516937, 40.3295695], [-8.4509293, 40.331107], [-8.4508486, 40.3313057], [-8.4507748, 40.3315061], [-8.450703, 40.3317705], [-8.4506626, 40.3320064], [-8.4506478, 40.3322641], [-8.4506413, 40.3323772], [-8.4506597, 40.3333058], [-8.4506737, 40.334013], [-8.4506873, 40.3351128]]}, "properties": {"highway": "trunk", "lanes": "2", "lit": "no", "maxspeed": "70", "oneway": "no", "ref": "IC 2;EN 1", "surface": "asphalt"}}, {"type": "Feature", "geometry": {"type": "LineString", "coordinates": [[-8.4512395, 40.3566862], [-8.4512283, 40.3567406]]}, "properties": {"highway": "trunk", "lanes": "3", "maxspeed": "70", "oneway": "no", "ref": "IC 2;EN 1", "surface": "asphalt"}}, {"type": "Feature", "geometry": {"type": "LineString", "coordinates": [[-8.4495724, 40.3784086], [-8.4496577, 40.3781213], [-8.4497736, 40.3779911]]}, "properties": {"alt_name": "EN 1 / EN 234", "highway": "primary", "lanes": "1", "maxspeed": "50", "oneway": "yes", "ref": "IC 2;EN 1", "source": "Bing", "surface": "asphalt"}}, {"type": "Feature", "geometry": {"type": "LineString", "coordinates": [[-8.4512395, 40.3566862], [-8.4516402, 40.3547673], [-8.4518398, 40.3537107], [-8.4519085, 40.3530805]]}, "properties": {"highway": "trunk", "lanes": "2", "maxspeed": "70", "oneway": "yes", "ref": "IC 2;EN 1", "surface": "asphalt"}}, {"type": "Feature", "geometry": {"type": "LineString", "coordinates": [[-8.4519085, 40.3530805], [-8.4517489, 40.3537243], [-8.4515443, 40.3547596], [-8.4512395, 40.3566862]]}, "properties": {"highway": "trunk", "lanes": "1", "maxspeed": "70", "oneway": "yes", "ref": "IC 2;EN 1", "surface": "asphalt"}}, {"type": "Feature", "geometry": {"type": "LineString", "coordinates": [[-8.4495203, 40.3779204], [-8.4495706, 40.3781314], [-8.4495491, 40.3782954], [-8.4495724, 40.3784086]]}, "properties": {"alt_name": "EN 1 / EN 234", "highway": "primary", "lanes": "1", "maxspeed": "50", "oneway": "yes", "ref": "IC 2;EN 1", "source": "Bing", "surface": "asphalt"}}, {"type": "Feature", "geometry": {"type": "LineString", "coordinates": [[-8.4543196, 40.3662446], [-8.4544267, 40.366655], [-8.4544263, 40.366831]]}, "properties": {"alt_name": "EN 1", "highway": "trunk", "lanes": "1", "oneway": "yes", "ref": "IC 2;EN 1", "surface": "asphalt"}}, {"type": "Feature", "geometry": {"type": "LineString", "coordinates": [[-8.454673, 40.3667653], [-8.4545398, 40.3666061], [-8.4543997, 40.3662322], [-8.4543074, 40.3659694], [-8.4542189, 40.3657348]]}, "properties": {"alt_name": "EN 1", "highway": "trunk", "lanes": "1", "oneway": "yes", "ref": "IC 2;EN 1", "surface": "asphalt"}}, {"type": "Feature", "geometry": {"type": "LineString", "coordinates": [[-8.4499073, 40.3756105], [-8.449948, 40.3758094], [-8.4499008, 40.3761076]]}, "properties": {"alt_name": "EN 1 / EN 234", "highway": "primary", "lanes": "1", "maxspeed": "50", "oneway": "yes", "ref": "IC 2;EN 1", "surface": "asphalt"}}, {"type": "Feature", "geometry": {"type": "LineString", "coordinates": [[-8.4515078, 40.3376521], [-8.4514803, 40.3375322], [-8.4511898, 40.3368357], [-8.4510204, 40.3365708], [-8.4509434, 40.3363828], [-8.45087, 40.3361946], [-8.4508371, 40.3360868], [-8.4508035, 40.3359722], [-8.4507798, 40.3358718], [-8.4507631, 40.3357874], [-8.4507439, 40.3356443], [-8.450711, 40.3352595], [-8.4506873, 40.3351128]]}, "properties": {"highway": "trunk", "lanes": "1", "maxspeed": "70", "oneway": "yes", "ref": "IC 2;EN 1", "surface": "asphalt"}}, {"type": "Feature", "geometry": {"type": "LineString", "coordinates": [[-8.6942283, 39.8687711], [-8.6941501, 39.8688607], [-8.694022, 39.8689897], [-8.6937924, 39.8692046], [-8.6932483, 39.8696542], [-8.6915635, 39.8709649], [-8.690271, 39.8720036]]}, "properties": {"highway": "trunk", "lanes": "2", "lit": "yes", "maxspeed": "60", "ref": "IC 2;EN 1", "smoothness": "good", "surface": "asphalt"}}, {"type": "Feature", "geometry": {"type": "LineString", "coordinates": [[-8.6962582, 39.8655583], [-8.6961541, 39.8656572], [-8.6958415, 39.8661791]]}, "properties": {"highway": "trunk", "lanes": "1", "lit": "no", "maxspeed": "60", "oneway": "yes", "ref": "IC 2;EN 1", "smoothness": "good", "surface": "asphalt"}}, {"type": "Feature", "geometry": {"type": "LineString", "coordinates": [[-8.6942283, 39.8687711], [-8.6943669, 39.868659], [-8.6944443, 39.8685775], [-8.6945067, 39.8685096], [-8.6945898, 39.8683902], [-8.694681, 39.8682502], [-8.6948017, 39.8680629]]}, "properties": {"highway": "trunk", "lanes": "1", "lit": "yes", "maxspeed": "60", "oneway": "yes", "ref": "IC 2;EN 1", "surface": "asphalt"}}, {"type": "Feature", "geometry": {"type": "LineString", "coordinates": [[-8.5785502, 41.0714703], [-8.5783903, 41.0712957], [-8.5783066, 41.0711846], [-8.5782256, 41.0710604], [-8.5781566, 41.0709348]]}, "properties": {"highway": "primary", "lanes": "3", "lanes:backward": "2", "lanes:forward": "1", "lit": "yes", "maxspeed": "50", "name": "Avenida Doutor Moreira de Sousa", "oneway": "no", "ref": "EN 1", "surface": "asphalt"}}, {"type": "Feature", "geometry": {"type": "LineString", "coordinates": [[-8.5746308, 41.0658926], [-8.5745864, 41.0658677], [-8.5745188, 41.0658264], [-8.5744281, 41.0657772], [-8.5739272, 41.0654798], [-8.5734579, 41.0651715], [-8.5731061, 41.0649227], [-8.5723557, 41.0643567], [-8.5720978, 41.0641552], [-8.5720431, 41.064114], [-8.5707789, 41.0631547], [-8.5706577, 41.0630622], [-8.5705372, 41.0629702]]}, "properties": {"highway": "primary", "lanes": "2", "lit": "yes", "maxspeed": "50", "name": "Avenida Doutor Moreira de Sousa", "oneway": "no", "ref": "EN 1", "surface": "asphalt"}}, {"type": "Feature", "geometry": {"type": "LineString", "coordinates": [[-8.5544188, 41.0257146], [-8.5543564, 41.0255557], [-8.5543151, 41.025446], [-8.5542443, 41.0251539]]}, "properties": {"highway": "primary", "lanes": "1", "lit": "yes", "maxspeed": "50", "name": "Avenida de S\u00e3o Salvador", "name:left": "Rua Vendas de Grij\u00f3", "name:right": "Avenida de S\u00e3o Salvador", "oneway": "yes", "ref": "EN 1", "source": "BING", "surface": "asphalt"}}, {"type": "Feature", "geometry": {"type": "LineString", "coordinates": [[-8.5541868, 41.024716], [-8.5542096, 41.0245792], [-8.5542539, 41.024383], [-8.5543515, 41.0239363], [-8.5545046, 41.0232836], [-8.5547923, 41.022486], [-8.5551736, 41.0217153], [-8.5555358, 41.0211435], [-8.5556073, 41.0210457], [-8.5561157, 41.0203503], [-8.5564153, 41.0199359], [-8.5565702, 41.0197216], [-8.556696, 41.0195417], [-8.5568622, 41.0193106], [-8.5570307, 41.0190763], [-8.5572004, 41.0188519], [-8.5572474, 41.01879]]}, "properties": {"highway": "primary", "lanes": "2", "lit": "yes", "maxspeed": "50", "name": "Avenida de S\u00e3o Salvador", "old_ref": "EN 1", "oneway": "no", "ref": "EN 1", "source": "BING", "surface": "asphalt"}}, {"type": "Feature", "geometry": {"type": "LineString", "coordinates": [[-8.5541868, 41.024716], [-8.5541488, 41.0248521], [-8.5541407, 41.0249684], [-8.5541516, 41.0250687]]}, "properties": {"highway": "primary", "lanes": "1", "lit": "yes", "maxspeed": "50", "name": "Avenida de S\u00e3o Salvador", "oneway": "yes", "ref": "EN 1", "surface": "asphalt"}}, {"type": "Feature", "geometry": {"type": "LineString", "coordinates": [[-8.4481603, 40.5727596], [-8.4481804, 40.5730196], [-8.4481468, 40.5733115], [-8.4480594, 40.5739832], [-8.4480394, 40.5741371]]}, "properties": {"highway": "primary", "name": "Rua Tenente Coronel Albano de Mello", "ref": "EN 1"}}, {"type": "Feature", "geometry": {"type": "LineString", "coordinates": [[-8.4564581, 40.5940477], [-8.4565229, 40.5941703], [-8.4566361, 40.5943072], [-8.4566685, 40.5943546], [-8.4568366, 40.5945959]]}, "properties": {"highway": "primary", "lanes": "2", "name": "Rua Doutor Mateus Barbas dos Anjos", "oneway": "yes", "ref": "EN 1"}}, {"type": "Feature", "geometry": {"type": "LineString", "coordinates": [[-8.4518183, 40.5899038], [-8.4515025, 40.5896442], [-8.4510722, 40.5892961], [-8.4506804, 40.5889947], [-8.4502783, 40.5886271], [-8.449953, 40.5882867], [-8.4496482, 40.5878374], [-8.4495309, 40.5876454], [-8.449428, 40.5874582], [-8.4493076, 40.5871742], [-8.4492001, 40.5868553], [-8.4491463, 40.5865791], [-8.4491079, 40.5862426], [-8.4491053, 40.5858458], [-8.4491141, 40.5857585], [-8.449134, 40.5855607], [-8.4491412, 40.5854899]]}, "properties": {"highway": "primary", "name": "Rua Doutor Mateus Barbas dos Anjos", "oneway": "no", "ref": "EN 1", "type": "EN 1"}}, {"type": "Feature", "geometry": {"type": "LineString", "coordinates": [[-8.4496149, 40.5696555], [-8.4495041, 40.5697692], [-8.4487306, 40.5705629], [-8.4485761, 40.5707337], [-8.4484839, 40.5708281]]}, "properties": {"bicycle": "yes", "highway": "primary", "name": "Rua Cab\u00eado e Lencastre", "ref": "EN 1", "source": "GPS + Local K", "surface": "asphalt"}}, {"type": "Feature", "geometry": {"type": "LineString", "coordinates": [[-8.4474987, 40.5436829], [-8.4474825, 40.5437851], [-8.4473971, 40.5444711], [-8.447337, 40.5449712], [-8.4471083, 40.5466674], [-8.4470973, 40.5467492], [-8.4469098, 40.5482518], [-8.4468423, 40.5486691], [-8.4467061, 40.5491496]]}, "properties": {"highway": "primary", "lanes": "2", "name": "Rua Ramiro Soares de Miranda", "oneway": "no", "ref": "EN 1", "source": "Bing", "surface": "paved"}}, {"type": "Feature", "geometry": {"type": "LineString", "coordinates": [[-8.4484025, 40.5302746], [-8.4484303, 40.5305904], [-8.4484663, 40.5309395], [-8.4485147, 40.5312476], [-8.448594, 40.5315882]]}, "properties": {"highway": "primary", "lanes": "1", "name": "Rua Nacional n\u00ba1", "oneway": "yes", "ref": "EN 1", "source": "Bing", "surface": "paved"}}, {"type": "Feature", "geometry": {"type": "LineString", "coordinates": [[-8.4485087, 40.5302746], [-8.4484714, 40.5299535], [-8.4484596, 40.529776], [-8.4484505, 40.529574], [-8.4484368, 40.5287516], [-8.4484024, 40.5285202]]}, "properties": {"highway": "primary", "lanes": "1", "name": "Estrada do Barriolo", "oneway": "yes", "ref": "EN 1", "source": "Bing", "surface": "paved"}}, {"type": "Feature", "geometry": {"type": "LineString", "coordinates": [[-8.4441213, 40.5534721], [-8.4443151, 40.5531612]]}, "properties": {"highway": "primary", "lanes": "3", "lanes:backward": "1", "lanes:forward": "2", "maxspeed": "70", "name": "Rua Recreio Desportivo de \u00c1gueda", "oneway": "no", "ref": "EN 1", "source": "Bing", "turn:lanes:forward": "none|merge_to_left"}}, {"type": "Feature", "geometry": {"type": "LineString", "coordinates": [[-8.4492654, 40.5851124], [-8.4493204, 40.5849686], [-8.4494306, 40.5847391], [-8.4495893, 40.584424], [-8.4499402, 40.5838969], [-8.4503628, 40.5832628], [-8.4505241, 40.5829847], [-8.450663, 40.5826486], [-8.4507009, 40.5825568], [-8.4507444, 40.5823351], [-8.4507802, 40.5820452], [-8.4508289, 40.5812847], [-8.4508467, 40.5809269], [-8.4508622, 40.5805164], [-8.4508775, 40.5801543], [-8.4508981, 40.5797228], [-8.4508981, 40.5793474], [-8.4508545, 40.57911], [-8.4508212, 40.5790167], [-8.4507777, 40.5789272], [-8.4506701, 40.5787385], [-8.4505486, 40.5785619], [-8.4504554, 40.5784138]]}, "properties": {"highway": "primary", "lanes": "2", "name": "Rua Miseric\u00f3rdia de \u00c1gueda", "ref": "EN 1", "surface": "asphalt", "type": "EN 1"}}, {"type": "Feature", "geometry": {"type": "LineString", "coordinates": [[-8.9843198, 39.0375875], [-8.9837151, 39.0369308]]}, "properties": {"highway": "primary", "lanes": "2", "maxspeed": "50", "oneway": "yes", "ref": "IC 2;EN 1", "surface": "asphalt", "turn:lanes": "through|right"}}, {"type": "Feature", "geometry": {"type": "LineString", "coordinates": [[-8.9837151, 39.0369308], [-8.9828927, 39.0360344]]}, "properties": {"highway": "primary", "lanes": "1", "maxspeed": "50", "oneway": "yes", "ref": "EN 1", "surface": "asphalt"}}, {"type": "Feature", "geometry": {"type": "LineString", "coordinates": [[-8.9364171, 39.3256002], [-8.9364034, 39.3266841]]}, "properties": {"highway": "primary", "lanes": "1", "maxspeed": "50", "name": "Avenida dos Combatentes", "oneway": "yes", "overtaking": "no", "ref": "EN 1", "surface": "asphalt"}}, {"type": "Feature", "geometry": {"type": "LineString", "coordinates": [[-8.5760408, 41.0667963], [-8.5759555, 41.0667585], [-8.5757992, 41.0666269], [-8.5754973, 41.0664001]]}, "properties": {"highway": "primary", "lanes": "1", "lit": "yes", "maxspeed": "50", "name": "Avenida Doutor Moreira de Sousa", "oneway": "yes", "ref": "EN 1", "surface": "asphalt"}}, {"type": "Feature", "geometry": {"type": "LineString", "coordinates": [[-8.5753105, 41.0662542], [-8.5751772, 41.0661659], [-8.5751625, 41.0661563], [-8.574889, 41.0660074], [-8.5747133, 41.0659295], [-8.5746308, 41.0658926]]}, "properties": {"highway": "primary", "lanes": "1", "lit": "yes", "maxspeed": "50", "name": "Avenida Doutor Moreira de Sousa", "oneway": "yes", "ref": "EN 1", "surface": "asphalt"}}, {"type": "Feature", "geometry": {"type": "LineString", "coordinates": [[-8.5768013, 41.067875], [-8.5767837, 41.0678063], [-8.5766663, 41.067623], [-8.5765086, 41.0674802], [-8.5764644, 41.0674266], [-8.5764521, 41.0673781]]}, "properties": {"highway": "primary", "lanes": "1", "lit": "yes", "maxspeed": "50", "name": "Avenida Doutor Moreira de Sousa", "oneway": "yes", "ref": "EN 1", "surface": "asphalt"}}, {"type": "Feature", "geometry": {"type": "LineString", "coordinates": [[-8.5763282, 41.0674691], [-8.5764336, 41.0674989], [-8.5765754, 41.0676028], [-8.5767411, 41.0678223], [-8.5768013, 41.067875]]}, "properties": {"highway": "primary", "lanes": "1", "lit": "yes", "maxspeed": "50", "name": "Avenida Doutor Moreira de Sousa", "oneway": "yes", "ref": "EN 1", "surface": "asphalt"}}, {"type": "Feature", "geometry": {"type": "LineString", "coordinates": [[-8.5746308, 41.0658926], [-8.5748127, 41.0660181], [-8.5748994, 41.0660753], [-8.575036, 41.0661599], [-8.5751426, 41.0662282]]}, "properties": {"highway": "primary", "lanes": "1", "lit": "yes", "maxspeed": "50", "name": "Avenida Doutor Moreira de Sousa", "oneway": "yes", "ref": "EN 1", "surface": "asphalt"}}, {"type": "Feature", "geometry": {"type": "LineString", "coordinates": [[-8.8272486, 39.6583057], [-8.8272291, 39.6585949]]}, "properties": {"bridge": "yes", "cycleway:both": "no", "highway": "primary", "lanes": "2", "layer": "1", "lit": "no", "maxweight:signed": "no", "parking:both": "no", "ref": "EN 1", "sidewalk": "no", "surface": "asphalt"}}, {"type": "Feature", "geometry": {"type": "LineString", "coordinates": [[-8.8272291, 39.6585949], [-8.8272051, 39.6588325]]}, "properties": {"cycleway:both": "no", "highway": "primary", "lanes": "2", "lit": "no", "maxspeed": "80", "ref": "EN 1", "sidewalk": "no", "surface": "asphalt"}}, {"type": "Feature", "geometry": {"type": "LineString", "coordinates": [[-8.4392127, 40.2095809], [-8.4394222, 40.2098955]]}, "properties": {"change": "no", "highway": "primary", "lanes": "2", "name": "Avenida da Guarda Inglesa", "oneway": "yes", "ref": "EN 1", "sidewalk": "no", "surface": "asphalt"}}, {"type": "Feature", "geometry": {"type": "LineString", "coordinates": [[-8.6361883, 39.9020558], [-8.635979, 39.9022118]]}, "properties": {"highway": "trunk", "lanes": "2", "lit": "yes", "maxspeed": "80", "ref": "IC 2;EN 1", "surface": "asphalt"}}, {"type": "Feature", "geometry": {"type": "LineString", "coordinates": [[-8.635979, 39.9022118], [-8.6355165, 39.9025562], [-8.6353496, 39.902695], [-8.6351726, 39.9028494]]}, "properties": {"highway": "trunk", "lanes": "2", "lit": "yes", "maxspeed": "80", "ref": "IC 2;EN 1", "surface": "asphalt"}}, {"type": "Feature", "geometry": {"type": "LineString", "coordinates": [[-8.4827873, 40.7050717], [-8.4829327, 40.7055488], [-8.4829621, 40.7057845], [-8.4829484, 40.7058781], [-8.4829389, 40.7059312], [-8.4829179, 40.705998], [-8.4828786, 40.7060695]]}, "properties": {"highway": "trunk", "lanes": "2", "oneway": "yes", "ref": "IC 2;EN 1"}}, {"type": "Feature", "geometry": {"type": "LineString", "coordinates": [[-8.481886, 40.7029015], [-8.4816638, 40.7024613], [-8.4816051, 40.7023461]]}, "properties": {"highway": "trunk", "lanes": "1", "maxspeed": "70", "oneway": "yes", "ref": "IC 2;EN 1"}}, {"type": "Feature", "geometry": {"type": "LineString", "coordinates": [[-8.4803563, 40.6998571], [-8.480205, 40.6995265]]}, "properties": {"highway": "trunk", "lanes": "2", "maxspeed": "70", "oneway": "yes", "ref": "IC 2;EN 1"}}, {"type": "Feature", "geometry": {"type": "LineString", "coordinates": [[-8.4803656, 40.7000717], [-8.4814714, 40.702262]]}, "properties": {"highway": "trunk", "lanes": "2", "oneway": "yes", "ref": "IC 2;EN 1"}}, {"type": "Feature", "geometry": {"type": "LineString", "coordinates": [[-8.9727202, 38.9889173], [-8.9727743, 38.9889527], [-8.9728405, 38.988969], [-8.9729105, 38.9889642], [-8.9729722, 38.9889391]]}, "properties": {"highway": "primary", "junction": "roundabout", "lanes": "2", "ref": "EN 1", "surface": "asphalt"}}, {"type": "Feature", "geometry": {"type": "LineString", "coordinates": [[-8.9772274, 38.982168], [-8.9772921, 38.9820756], [-8.977567, 38.981677], [-8.9780471, 38.9801789], [-8.9781172, 38.9799579], [-8.9782085, 38.9796547], [-8.978922, 38.977389], [-8.9790414, 38.9769327], [-8.9791146, 38.9766882], [-8.9791582, 38.9765981]]}, "properties": {"highway": "primary", "lanes": "2", "name": "Avenida das Areias", "oneway": "no", "ref": "EN 1", "surface": "asphalt"}}, {"type": "Feature", "geometry": {"type": "LineString", "coordinates": [[-8.9748496, 38.9847805], [-8.9750118, 38.9844393], [-8.9751229, 38.9842607], [-8.9751702, 38.9841938], [-8.9752489, 38.984093], [-8.975362, 38.983948], [-8.9755209, 38.9837793], [-8.9757511, 38.983562], [-8.9759914, 38.9833526], [-8.976268, 38.9831453], [-8.9765003, 38.982957], [-8.976575, 38.9828981], [-8.9767326, 38.9827507], [-8.976882, 38.982597], [-8.977044, 38.9824165], [-8.9772274, 38.982168]]}, "properties": {"highway": "primary", "lanes": "1", "name": "Avenida das Areias", "oneway": "yes", "ref": "EN 1", "surface": "asphalt"}}, {"type": "Feature", "geometry": {"type": "LineString", "coordinates": [[-8.4837011, 40.7714934], [-8.4834532, 40.7705536], [-8.4829089, 40.768491], [-8.482338, 40.7663307], [-8.4823288, 40.7662931], [-8.4822954, 40.766144], [-8.4822444, 40.7658722], [-8.4822084, 40.7654686], [-8.4822377, 40.7651613], [-8.482291, 40.7648711], [-8.4824833, 40.7643523], [-8.4827861, 40.7635508]]}, "properties": {"highway": "primary", "lanes": "2", "maxspeed": "50", "old_name": "Estrada Nacional 1", "oneway": "no", "ref": "IC 2;EN 1", "source": "Bing", "surface": "asphalt"}}, {"type": "Feature", "geometry": {"type": "LineString", "coordinates": [[-8.4906632, 40.7420951], [-8.4906721, 40.7419603], [-8.4906786, 40.7418709], [-8.4906812, 40.7417704], [-8.4906843, 40.7417179], [-8.4906718, 40.7415679], [-8.490645, 40.7414614], [-8.4905755, 40.7411854], [-8.4905081, 40.7409174], [-8.4903945, 40.7404973], [-8.4903802, 40.7404445], [-8.4903702, 40.7404075], [-8.4898581, 40.738525]]}, "properties": {"highway": "primary", "lanes": "2", "maxspeed": "50", "oneway": "no", "ref": "IC 2;EN 1", "surface": "asphalt"}}, {"type": "Feature", "geometry": {"type": "LineString", "coordinates": [[-8.4534635, 40.4800986], [-8.4534873, 40.4800009], [-8.4535114, 40.4798663], [-8.4535423, 40.4796898], [-8.4536035, 40.4792436], [-8.4536513, 40.4789727], [-8.4537256, 40.4785295], [-8.4537359, 40.4784558], [-8.4537462, 40.4783821], [-8.4537884, 40.4778053], [-8.453796, 40.4776809], [-8.4538035, 40.4775565], [-8.4538108, 40.4770936], [-8.4538144, 40.4768585], [-8.4538136, 40.4767331], [-8.4538102, 40.4762]]}, "properties": {"highway": "primary", "lanes": "2", "maxspeed": "50", "oneway": "no", "ref": "IC 2;EN 1", "surface": "asphalt"}}, {"type": "Feature", "geometry": {"type": "LineString", "coordinates": [[-8.4705863, 40.6339749], [-8.4705618, 40.6336425]]}, "properties": {"bridge": "yes", "highway": "primary", "lanes": "2", "layer": "1", "maxspeed": "70", "oneway": "no", "ref": "IC 2;EN 1", "surface": "asphalt"}}, {"type": "Feature", "geometry": {"type": "LineString", "coordinates": [[-8.4658616, 40.6093819], [-8.4652117, 40.6112556], [-8.4651334, 40.6115529]]}, "properties": {"highway": "trunk", "lanes": "1", "maxspeed": "70", "oneway": "yes", "ref": "IC 2;EN 1"}}, {"type": "Feature", "geometry": {"type": "LineString", "coordinates": [[-8.4734448, 40.6723858], [-8.4734952, 40.6721937], [-8.4735516, 40.6719785], [-8.4736589, 40.6715071]]}, "properties": {"highway": "trunk", "lanes": "1", "maxspeed": "70", "oneway": "yes", "ref": "IC 2;EN 1", "source": "Bing", "surface": "asphalt"}}, {"type": "Feature", "geometry": {"type": "LineString", "coordinates": [[-8.4736589, 40.6715071], [-8.4737715, 40.6711551], [-8.4737982, 40.6710716], [-8.4739213, 40.6706868], [-8.4739835, 40.6704922], [-8.4740764, 40.670202], [-8.4742023, 40.6698082], [-8.474309, 40.6694714], [-8.4743811, 40.6692562], [-8.4745422, 40.6687528], [-8.4747247, 40.6681588]]}, "properties": {"highway": "primary", "maxspeed": "70", "oneway": "no", "ref": "IC 2;EN 1", "surface": "asphalt"}}, {"type": "Feature", "geometry": {"type": "LineString", "coordinates": [[-8.4747247, 40.6681588], [-8.475273, 40.6664277], [-8.47541, 40.6658744], [-8.4754975, 40.6653277], [-8.4755297, 40.6648569], [-8.475523, 40.6643401], [-8.4754919, 40.6639548], [-8.475451, 40.6636072], [-8.47539, 40.6631861], [-8.4753324, 40.6627899], [-8.4753227, 40.6627253], [-8.475241, 40.6621826], [-8.4751548, 40.6618228], [-8.4750294, 40.6614642], [-8.474859, 40.6611211], [-8.4746997, 40.6608338], [-8.4744638, 40.6605104], [-8.4741042, 40.6601043], [-8.4738668, 40.659889], [-8.4732864, 40.6593625]]}, "properties": {"highway": "primary", "lanes": "2", "maxspeed": "90", "note": "neste tro\u00e7o o limite de velocidade n\u00e3o \u00e9 70Kmh! confirmado no terreno", "oneway": "no", "ref": "IC 2;EN 1", "surface": "asphalt"}}, {"type": "Feature", "geometry": {"type": "LineString", "coordinates": [[-8.4662345, 40.6449845], [-8.4664397, 40.6444646], [-8.4666324, 40.6440147]]}, "properties": {"highway": "primary", "lanes": "2", "maxspeed": "70", "oneway": "no", "ref": "IC 2;EN 1", "surface": "asphalt"}}, {"type": "Feature", "geometry": {"type": "LineString", "coordinates": [[-8.4658905, 40.6461662], [-8.4660873, 40.6455306], [-8.4661903, 40.6451942], [-8.4662345, 40.6449845]]}, "properties": {"highway": "primary", "lanes": "1", "maxspeed": "70", "oneway": "yes", "ref": "IC 2;EN 1", "surface": "asphalt"}}, {"type": "Feature", "geometry": {"type": "LineString", "coordinates": [[-8.4652099, 40.6478224], [-8.4654436, 40.6473256], [-8.4655344, 40.6470899], [-8.4655764, 40.6469807], [-8.4657923, 40.6464002], [-8.4658905, 40.6461662]]}, "properties": {"highway": "primary", "lanes": "1", "maxspeed": "70", "oneway": "yes", "ref": "IC 2;EN 1", "surface": "asphalt"}}, {"type": "Feature", "geometry": {"type": "LineString", "coordinates": [[-8.4656178, 40.6465762], [-8.4653551, 40.6472818], [-8.4652099, 40.6478224]]}, "properties": {"highway": "primary", "lanes": "2", "maxspeed": "70", "oneway": "yes", "ref": "IC 2;EN 1", "surface": "asphalt"}}, {"type": "Feature", "geometry": {"type": "LineString", "coordinates": [[-8.4574632, 40.5952475], [-8.4578329, 40.595674]]}, "properties": {"highway": "primary", "name": "Rua da Famel", "oneway": "no", "ref": "EN 1"}}, {"type": "Feature", "geometry": {"type": "LineString", "coordinates": [[-8.4578329, 40.595674], [-8.4580996, 40.5959926], [-8.4611411, 40.5996485], [-8.4612399, 40.5997644], [-8.4613814, 40.5999244]]}, "properties": {"highway": "primary", "maxspeed": "70", "name": "Rua da Famel", "oneway": "no", "ref": "EN 1"}}, {"type": "Feature", "geometry": {"type": "LineString", "coordinates": [[-8.8531891, 39.629751], [-8.8533378, 39.6295903]]}, "properties": {"highway": "primary", "lanes": "1", "oneway": "yes", "ref": "EN 1", "surface": "asphalt"}}, {"type": "Feature", "geometry": {"type": "LineString", "coordinates": [[-8.8281306, 39.7041314], [-8.8281134, 39.7040867], [-8.8280968, 39.7040481], [-8.8280834, 39.7040088], [-8.828078, 39.7039696], [-8.828078, 39.7039304], [-8.8281298, 39.703545], [-8.8281207, 39.7034932]]}, "properties": {"cycleway:both": "no", "highway": "primary", "lanes": "1", "lit": "yes", "maxspeed": "50", "oneway": "yes", "ref": "EN 1", "sidewalk": "no", "smoothness": "good", "surface": "asphalt"}}, {"type": "Feature", "geometry": {"type": "LineString", "coordinates": [[-8.9729722, 38.9889391], [-8.973017, 38.9888974], [-8.9730378, 38.9888461], [-8.9730316, 38.9887918]]}, "properties": {"highway": "primary", "junction": "roundabout", "lanes": "2", "ref": "EN 1", "surface": "asphalt"}}, {"type": "Feature", "geometry": {"type": "LineString", "coordinates": [[-8.9770666, 39.2200523], [-8.9770959, 39.219977], [-8.977147, 39.2199091], [-8.9772172, 39.2198523], [-8.9773024, 39.2198096]]}, "properties": {"highway": "primary", "lanes": "1", "oneway": "yes", "ref": "IC 2;EN 1", "surface": "asphalt"}}, {"type": "Feature", "geometry": {"type": "LineString", "coordinates": [[-8.9773024, 39.2198096], [-8.9771792, 39.2198396], [-8.9770543, 39.2198651], [-8.976928, 39.2198859], [-8.9768006, 39.2199021]]}, "properties": {"highway": "primary", "lanes": "1", "oneway": "yes", "ref": "IC 2;EN 1", "surface": "asphalt"}}, {"type": "Feature", "geometry": {"type": "LineString", "coordinates": [[-8.9760213, 39.2199964], [-8.9759565, 39.2200566], [-8.9758773, 39.2201054], [-8.9757868, 39.2201407], [-8.9756891, 39.2201611]]}, "properties": {"highway": "primary", "lanes": "1", "maxspeed": "90", "oneway": "yes", "ref": "IC 2;EN 1", "surface": "asphalt"}}, {"type": "Feature", "geometry": {"type": "LineString", "coordinates": [[-8.9756891, 39.2201611], [-8.9758155, 39.2201549], [-8.9759421, 39.2201498], [-8.9760687, 39.2201459], [-8.9761954, 39.2201431]]}, "properties": {"highway": "primary", "lanes": "1", "maxspeed": "90", "oneway": "yes", "ref": "IC 2;EN 1", "surface": "asphalt"}}, {"type": "Feature", "geometry": {"type": "LineString", "coordinates": [[-8.9761954, 39.2201431], [-8.9763008, 39.2201484], [-8.9764058, 39.2201575], [-8.9765377, 39.2201744], [-8.976668, 39.2201972], [-8.9767964, 39.2202259], [-8.9768654, 39.2202309], [-8.9769331, 39.2202191], [-8.9769927, 39.2201916], [-8.9770383, 39.2201512], [-8.9770655, 39.2201018], [-8.9770666, 39.2200523]]}, "properties": {"highway": "primary", "junction": "roundabout", "lanes": "2", "ref": "IC 2;EN 1", "surface": "asphalt"}}, {"type": "Feature", "geometry": {"type": "LineString", "coordinates": [[-8.9760213, 39.2199964], [-8.9760339, 39.22005], [-8.9760711, 39.2200963], [-8.9761275, 39.2201288], [-8.9761954, 39.2201431]]}, "properties": {"highway": "primary", "junction": "roundabout", "lanes": "2", "ref": "IC 2;EN 1", "surface": "asphalt"}}, {"type": "Feature", "geometry": {"type": "LineString", "coordinates": [[-8.9770666, 39.2200523], [-8.9770444, 39.2199985], [-8.9770017, 39.2199527], [-8.9769428, 39.2199194], [-8.9768735, 39.219902], [-8.9768006, 39.2199021]]}, "properties": {"highway": "primary", "junction": "roundabout", "lanes": "2", "ref": "IC 2;EN 1", "surface": "asphalt"}}, {"type": "Feature", "geometry": {"type": "LineString", "coordinates": [[-8.7025228, 39.8550157], [-8.7025842, 39.8548883], [-8.7026828, 39.8545124]]}, "properties": {"highway": "trunk", "lanes": "2", "lit": "no", "maxspeed": "50", "old_ref": "EN 1", "oneway": "yes", "ref": "IC 2;EN 1", "surface": "asphalt", "turn:lanes": "through|slight_right"}}, {"type": "Feature", "geometry": {"type": "LineString", "coordinates": [[-8.7031497, 39.8520545], [-8.703115, 39.8520959], [-8.7030559, 39.8523205]]}, "properties": {"highway": "trunk", "lanes": "1", "lit": "yes", "maxspeed": "50", "old_ref": "EN 1", "oneway": "yes", "ref": "IC 2;EN 1", "smoothness": "good", "surface": "asphalt", "turn:lanes": "through;right"}}, {"type": "Feature", "geometry": {"type": "LineString", "coordinates": [[-8.6547279, 39.8952728], [-8.6544518, 39.8953986]]}, "properties": {"highway": "trunk", "lanes": "3", "lanes:backward": "1", "lanes:forward": "2", "lit": "yes", "maxspeed": "60", "ref": "IC 2;EN 1", "smoothness": "intermediate", "surface": "asphalt", "turn:lanes:backward": "through;right", "turn:lanes:forward": "left|through"}}, {"type": "Feature", "geometry": {"type": "LineString", "coordinates": [[-8.6465999, 39.8980274], [-8.6438747, 39.8989313]]}, "properties": {"highway": "trunk", "lanes": "2", "lit": "yes", "maxspeed": "80", "ref": "IC 2;EN 1", "surface": "asphalt"}}, {"type": "Feature", "geometry": {"type": "LineString", "coordinates": [[-8.6437721, 39.8989644], [-8.6408111, 39.8999086], [-8.6399735, 39.900174]]}, "properties": {"highway": "trunk", "lanes": "2", "lit": "yes", "maxspeed": "80", "ref": "IC 2;EN 1", "sidewalk:both": "no", "surface": "asphalt"}}, {"type": "Feature", "geometry": {"type": "LineString", "coordinates": [[-8.6399735, 39.900174], [-8.639542, 39.9003052]]}, "properties": {"highway": "trunk", "lanes": "2", "lit": "yes", "maxspeed": "80", "ref": "IC 2;EN 1", "surface": "asphalt"}}, {"type": "Feature", "geometry": {"type": "LineString", "coordinates": [[-8.6329623, 39.9078805], [-8.6327966, 39.9084101]]}, "properties": {"highway": "trunk", "lanes": "2", "lit": "yes", "maxspeed": "60", "ref": "IC 2;EN 1", "smoothness": "good", "surface": "asphalt"}}, {"type": "Feature", "geometry": {"type": "LineString", "coordinates": [[-8.6325985, 39.9090594], [-8.6325526, 39.9093105]]}, "properties": {"highway": "trunk", "lanes": "2", "lit": "yes", "maxspeed": "60", "ref": "IC 2;EN 1", "smoothness": "good", "surface": "asphalt"}}, {"type": "Feature", "geometry": {"type": "LineString", "coordinates": [[-8.6325526, 39.9093105], [-8.6325251, 39.9096], [-8.6325046, 39.9098696]]}, "properties": {"highway": "trunk", "lanes": "2", "lit": "yes", "maxspeed": "60", "ref": "IC 2;EN 1", "smoothness": "good", "surface": "asphalt", "turn:lanes:forward": "through;right"}}, {"type": "Feature", "geometry": {"type": "LineString", "coordinates": [[-8.6325046, 39.9098696], [-8.6325388, 39.91027]]}, "properties": {"highway": "trunk", "lanes": "2", "lit": "yes", "maxspeed": "60", "ref": "IC 2;EN 1", "smoothness": "good", "surface": "asphalt"}}, {"type": "Feature", "geometry": {"type": "LineString", "coordinates": [[-8.6325388, 39.91027], [-8.6325587, 39.9104644]]}, "properties": {"highway": "trunk", "lanes": "2", "lit": "yes", "maxspeed": "60", "ref": "IC 2;EN 1", "smoothness": "good", "surface": "asphalt"}}, {"type": "Feature", "geometry": {"type": "LineString", "coordinates": [[-8.8329227, 39.6673876], [-8.8329431, 39.6673625], [-8.8329578, 39.6673352], [-8.8329665, 39.6673064], [-8.8329689, 39.6672769], [-8.8329634, 39.6672418], [-8.832949, 39.6672082], [-8.8329262, 39.6671774], [-8.8328959, 39.6671507], [-8.8328594, 39.6671292]]}, "properties": {"cycleway:both": "no", "highway": "primary", "junction": "roundabout", "lanes": "1", "lit": "yes", "maxspeed": "50", "ref": "EN 1", "sidewalk": "no", "smoothness": "good", "surface": "asphalt"}}, {"type": "Feature", "geometry": {"type": "LineString", "coordinates": [[-8.8327193, 39.667103], [-8.8325547, 39.6669796], [-8.8324403, 39.6668743], [-8.8321445, 39.6665729], [-8.8320021, 39.6664491], [-8.8318637, 39.6663405], [-8.8316379, 39.6661879], [-8.8313864, 39.6660444], [-8.8311584, 39.6659255], [-8.8309663, 39.6658568]]}, "properties": {"cycleway:both": "no", "highway": "primary", "lanes": "1", "lit": "yes", "maxspeed": "80", "oneway": "yes", "ref": "EN 1", "sidewalk": "no", "surface": "asphalt"}}, {"type": "Feature", "geometry": {"type": "LineString", "coordinates": [[-8.45093, 40.1778738], [-8.450768, 40.1779883], [-8.4506577, 40.178077], [-8.4505545, 40.1781805], [-8.4504302, 40.1783051], [-8.4500914, 40.1786448], [-8.4498765, 40.1789987], [-8.449357, 40.1797465], [-8.4491101, 40.1803281], [-8.4490356, 40.180682], [-8.4489997, 40.1812196], [-8.4489727, 40.1813469], [-8.4489215, 40.1815192], [-8.4488338, 40.181706], [-8.4487994, 40.1817806]]}, "properties": {"highway": "primary", "lanes": "2", "name": "Estrada Antiga de Lisboa", "oneway": "no", "ref": "EN 1", "surface": "asphalt"}}, {"type": "Feature", "geometry": {"type": "LineString", "coordinates": [[-8.4512835, 40.1776007], [-8.4511404, 40.1776651], [-8.4510098, 40.1776893]]}, "properties": {"highway": "primary", "ref": "EN 1", "surface": "asphalt"}}, {"type": "Feature", "geometry": {"type": "LineString", "coordinates": [[-8.45093, 40.1778738], [-8.4510571, 40.1777887], [-8.4510949, 40.1777588], [-8.4511733, 40.1776972], [-8.4512835, 40.1776007]]}, "properties": {"highway": "primary", "name": "Estrada Antiga de Lisboa", "oneway": "yes", "ref": "EN 1", "surface": "asphalt"}}, {"type": "Feature", "geometry": {"type": "LineString", "coordinates": [[-8.4527099, 40.1774781], [-8.4528091, 40.1774986], [-8.4528837, 40.1775311], [-8.4529355, 40.1775568]]}, "properties": {"highway": "primary", "lanes": "1", "lit": "yes", "oneway": "yes", "ref": "EN 1", "surface": "asphalt"}}, {"type": "Feature", "geometry": {"type": "LineString", "coordinates": [[-8.4534958, 40.1772957], [-8.453404, 40.1773179], [-8.4533268, 40.1773244], [-8.4532426, 40.1773208]]}, "properties": {"highway": "primary", "lanes": "1", "lit": "yes", "oneway": "yes", "ref": "EN 1", "surface": "asphalt"}}, {"type": "Feature", "geometry": {"type": "LineString", "coordinates": [[-8.4533809, 40.1774517], [-8.4534067, 40.1774184], [-8.4534251, 40.177388], [-8.4534482, 40.177353], [-8.4534958, 40.1772957]]}, "properties": {"highway": "primary", "lanes": "1", "lit": "yes", "oneway": "yes", "ref": "EN 1", "surface": "asphalt"}}, {"type": "Feature", "geometry": {"type": "LineString", "coordinates": [[-8.4527099, 40.1774781], [-8.4521344, 40.1774778], [-8.4520549, 40.1774778], [-8.4517464, 40.1774942], [-8.4516209, 40.177515], [-8.4514702, 40.1775413], [-8.4512835, 40.1776007]]}, "properties": {"highway": "primary", "lanes": "2", "name": "Ladeira da Paula", "ref": "EN 1", "surface": "asphalt"}}, {"type": "Feature", "geometry": {"type": "LineString", "coordinates": [[-8.4657302, 40.149234], [-8.4657567, 40.1491816], [-8.465788, 40.1491198], [-8.4667694, 40.1471237], [-8.4669821, 40.1468409], [-8.4672664, 40.1466029], [-8.467364, 40.1465156], [-8.4674307, 40.1464003], [-8.4676575, 40.145964], [-8.4676707, 40.1458598], [-8.4676483, 40.1457518], [-8.4675002, 40.145087], [-8.4674869, 40.1448521], [-8.4675002, 40.1446274], [-8.4675666, 40.1443282], [-8.4676285, 40.1441498]]}, "properties": {"highway": "primary", "ref": "EN 1", "surface": "asphalt"}}, {"type": "Feature", "geometry": {"type": "LineString", "coordinates": [[-8.4676943, 40.1438955], [-8.4677359, 40.1437433], [-8.4678739, 40.1430057], [-8.4680948, 40.1421121], [-8.4681304, 40.1419351], [-8.4681752, 40.1417033], [-8.4681974, 40.1415947], [-8.4682216, 40.1413615], [-8.4682275, 40.1412104], [-8.4681934, 40.1405423]]}, "properties": {"highway": "primary", "maxspeed": "50", "name": "Rua da Mesura", "ref": "EN 1", "surface": "asphalt"}}, {"type": "Feature", "geometry": {"type": "LineString", "coordinates": [[-8.4676285, 40.1441498], [-8.4676413, 40.1441002], [-8.4676943, 40.1438955]]}, "properties": {"highway": "primary", "maxspeed": "50", "name": "Rua da Mesura", "ref": "EN 1", "surface": "asphalt"}}, {"type": "Feature", "geometry": {"type": "LineString", "coordinates": [[-8.4850717, 40.8616391], [-8.4850545, 40.8613928]]}, "properties": {"bridge": "yes", "highway": "primary", "lanes": "2", "layer": "1", "maxweight:signed": "no", "name": "Rua de Cavaleiros", "old_ref": "EN 1", "oneway": "no", "ref": "EN 1", "surface": "asphalt"}}, {"type": "Feature", "geometry": {"type": "LineString", "coordinates": [[-8.4850545, 40.8613928], [-8.4850303, 40.8612548]]}, "properties": {"highway": "primary", "lanes": "2", "name": "Rua de Cavaleiros", "old_ref": "EN 1", "ref": "EN 1", "source": "bing", "surface": "asphalt"}}, {"type": "Feature", "geometry": {"type": "LineString", "coordinates": [[-8.4763759, 40.8344409], [-8.476329, 40.8344092], [-8.4762899, 40.8343778], [-8.476223, 40.8343202], [-8.4760326, 40.8341597], [-8.4759504, 40.8340111], [-8.4759334, 40.8338443], [-8.476101, 40.8325627], [-8.4761339, 40.832466], [-8.4762305, 40.8323041], [-8.4763655, 40.8321512], [-8.4765297, 40.832029], [-8.476713, 40.8319311], [-8.4769149, 40.8318539], [-8.4782658, 40.8313217], [-8.4784957, 40.8312379], [-8.4787427, 40.8311497], [-8.478856, 40.8311298], [-8.4789792, 40.831119], [-8.4791518, 40.8311259]]}, "properties": {"highway": "primary", "name": "Rua Ant\u00f3nio Bernardo", "oneway": "no", "ref": "EN 1", "source": "Bing"}}, {"type": "Feature", "geometry": {"type": "LineString", "coordinates": [[-8.9722211, 38.9903591], [-8.9722772, 38.9903111], [-8.9723506, 38.9902223], [-8.9724186, 38.9901335], [-8.9724863, 38.9900419], [-8.9725428, 38.9899541]]}, "properties": {"highway": "primary", "lanes": "1", "name": "Avenida Combatentes da Grande Guerra", "oneway": "yes", "ref": "EN 1"}}, {"type": "Feature", "geometry": {"type": "LineString", "coordinates": [[-8.4774768, 40.8524524], [-8.4775279, 40.8524879], [-8.4780379, 40.852698], [-8.4784711, 40.8528785], [-8.4789424, 40.8530748], [-8.4795321, 40.8533205], [-8.4796328, 40.8533627]]}, "properties": {"highway": "primary", "lanes": "2", "name": "Rua Tom\u00e1s Figueiredo de Ara\u00fajo Costa", "oneway": "no", "ref": "EN 1", "source": "Bing", "surface": "asphalt"}}, {"type": "Feature", "geometry": {"type": "LineString", "coordinates": [[-8.4861046, 40.8543763], [-8.4859358, 40.854326], [-8.4857015, 40.8542582], [-8.4846942, 40.8540032], [-8.4841492, 40.8539468], [-8.4834384, 40.85388], [-8.4830917, 40.8538447], [-8.4830122, 40.8538368], [-8.4827967, 40.8538155], [-8.482346, 40.8537854], [-8.4816893, 40.8538037], [-8.4815035, 40.8538086], [-8.4810896, 40.8538205]]}, "properties": {"highway": "primary", "lanes": "2", "name": "Rua Tom\u00e1s Figueiredo de Ara\u00fajo Costa", "ref": "EN 1", "surface": "asphalt"}}, {"type": "Feature", "geometry": {"type": "LineString", "coordinates": [[-8.4533055, 40.3697319], [-8.4530403, 40.3699936]]}, "properties": {"alt_name": "EN1 / EN234", "highway": "primary", "lanes": "2", "maxspeed": "50", "oneway": "no", "ref": "IC 2;EN 1", "surface": "asphalt"}}, {"type": "Feature", "geometry": {"type": "LineString", "coordinates": [[-8.4530403, 40.3699936], [-8.4512661, 40.3719238]]}, "properties": {"alt_name": "EN1 / EN234", "highway": "primary", "lanes": "2", "maxspeed": "50", "oneway": "no", "ref": "IC 2;EN 1", "surface": "asphalt"}}, {"type": "Feature", "geometry": {"type": "LineString", "coordinates": [[-8.6290911, 39.9229987], [-8.6290742, 39.9230777], [-8.6290565, 39.923156], [-8.6290347, 39.9232178], [-8.6289605, 39.9233762], [-8.6289225, 39.9234568], [-8.6288922, 39.9235569], [-8.6288712, 39.9236362], [-8.6288572, 39.9237112], [-8.628846, 39.9237738], [-8.6288371, 39.9238597], [-8.6288319, 39.9239534], [-8.6288343, 39.9240603], [-8.6288512, 39.9243037]]}, "properties": {"highway": "trunk", "lanes": "1", "maxspeed": "60", "oneway": "yes", "ref": "IC 2;EN 1", "smoothness": "excellent", "surface": "asphalt"}}, {"type": "Feature", "geometry": {"type": "LineString", "coordinates": [[-8.6296393, 39.9228713], [-8.6296774, 39.9227624], [-8.6297086, 39.9227086], [-8.6297524, 39.9226577], [-8.6298194, 39.9225999], [-8.6298927, 39.9225496], [-8.6300905, 39.9224089]]}, "properties": {"highway": "trunk", "lanes": "1", "lit": "yes", "maxspeed": "50", "oneway": "yes", "ref": "IC 2;EN 1", "surface": "asphalt"}}, {"type": "Feature", "geometry": {"type": "LineString", "coordinates": [[-8.6064653, 41.1152966], [-8.6064394, 41.1155904]]}, "properties": {"highway": "primary", "junction": "roundabout", "lanes": "2", "lit": "yes", "maxspeed": "50", "maxspeed:type": "PT:urban", "name": "Rotunda de Santo Ov\u00eddio", "ref": "EN 1", "sidewalk": "right", "surface": "asphalt"}}, {"type": "Feature", "geometry": {"type": "LineString", "coordinates": [[-8.6064422, 41.1156018], [-8.6064865, 41.1156399], [-8.6065284, 41.1156569], [-8.6066638, 41.1156599], [-8.6067075, 41.1156503], [-8.6067566, 41.1156139]]}, "properties": {"highway": "primary", "junction": "roundabout", "lanes": "2", "lit": "yes", "maxspeed": "50", "maxspeed:type": "PT:urban", "name": "Rotunda de Santo Ov\u00eddio", "ref": "EN 1", "sidewalk": "right", "surface": "asphalt"}}, {"type": "Feature", "geometry": {"type": "LineString", "coordinates": [[-27.9860914, 39.0628991], [-27.9860846, 39.0628132], [-27.9860896, 39.0625693], [-27.9861071, 39.06241], [-27.9861353, 39.0622682], [-27.9862389, 39.0618235], [-27.9863782, 39.0613411], [-27.98644, 39.0610265], [-27.9864891, 39.060581], [-27.9865007, 39.0601708], [-27.9865089, 39.0597766], [-27.9865078, 39.0593403], [-27.9864517, 39.0589114], [-27.9864173, 39.0582313], [-27.9865253, 39.0576663], [-27.9867702, 39.0569083], [-27.9869231, 39.0565066], [-27.9869753, 39.0562051], [-27.987026, 39.0554971], [-27.9871314, 39.0550283], [-27.9872082, 39.0548299], [-27.9873, 39.0546833], [-27.9875222, 39.0544674], [-27.9877309, 39.0542019], [-27.9878073, 39.054013], [-27.9878643, 39.0537712], [-27.9879042, 39.0535405], [-27.9879329, 39.0532729], [-27.9879425, 39.0529472], [-27.9879389, 39.0528095], [-27.9879129, 39.052655], [-27.9878376, 39.0525219], [-27.9877325, 39.0524073], [-27.9875923, 39.0523177], [-27.987478, 39.0522669]]}, "properties": {"highway": "primary", "ref": "EN 1", "surface": "asphalt"}}, {"type": "Feature", "geometry": {"type": "LineString", "coordinates": [[-27.9928583, 39.0776483], [-27.9927833, 39.0774843], [-27.9926594, 39.0772719], [-27.9925051, 39.0770845], [-27.9924154, 39.0770038], [-27.9923115, 39.0769104], [-27.9921313, 39.0767626], [-27.9920639, 39.0767074], [-27.9919576, 39.0766231], [-27.9917694, 39.0764667], [-27.9914288, 39.076169], [-27.9911621, 39.075936]]}, "properties": {"highway": "primary", "oneway": "no", "ref": "EN 1", "surface": "asphalt"}}, {"type": "Feature", "geometry": {"type": "LineString", "coordinates": [[-27.9710871, 39.051529], [-27.9712236, 39.0515512], [-27.9713841, 39.051556], [-27.9716152, 39.0515455], [-27.9721091, 39.0515155], [-27.9721825, 39.0515151], [-27.972441, 39.0515135], [-27.9731236, 39.0515136], [-27.9735169, 39.0515268], [-27.9739318, 39.0515507], [-27.9743654, 39.0515843], [-27.9747909, 39.0516289], [-27.9750254, 39.051666], [-27.975275, 39.0517425], [-27.9756152, 39.0519104], [-27.9759818, 39.0520987]]}, "properties": {"highway": "primary", "ref": "EN 1", "surface": "asphalt"}}, {"type": "Feature", "geometry": {"type": "LineString", "coordinates": [[-27.9689343, 39.0485942], [-27.9690265, 39.0487268], [-27.9691326, 39.0488793], [-27.9692863, 39.0490937], [-27.9694029, 39.0492097], [-27.96967, 39.0494086], [-27.9698891, 39.0495594], [-27.970023, 39.0496599], [-27.9701383, 39.0497549], [-27.9702313, 39.0498424], [-27.9705351, 39.0501113], [-27.9706935, 39.0502525], [-27.9710135, 39.050567], [-27.9711023, 39.0506633], [-27.971161, 39.0507391], [-27.9712118, 39.0508591], [-27.9712327, 39.0510086], [-27.971222, 39.0511694], [-27.971179, 39.051318], [-27.9711363, 39.0514276], [-27.9710871, 39.051529]]}, "properties": {"highway": "primary", "ref": "EN 1", "surface": "asphalt"}}, {"type": "Feature", "geometry": {"type": "LineString", "coordinates": [[-27.9925285, 39.0222946], [-27.992437, 39.0222469], [-27.9923527, 39.0221945], [-27.9922728, 39.0221347], [-27.99197, 39.0218873], [-27.9919137, 39.0218471], [-27.9918625, 39.0218106], [-27.9917697, 39.021764], [-27.9916409, 39.0217146], [-27.9915314, 39.0216817], [-27.9913385, 39.0216384], [-27.9912333, 39.0216279], [-27.9911591, 39.0216279], [-27.9910702, 39.0216454], [-27.9909836, 39.0216859], [-27.9909771, 39.0216889], [-27.9908697, 39.0217939], [-27.9907183, 39.0219893], [-27.9906299, 39.0220298], [-27.9905405, 39.0220537], [-27.9904547, 39.0220625], [-27.9903687, 39.0220494], [-27.9902965, 39.022025], [-27.9902781, 39.0220188], [-27.9902621, 39.022013], [-27.9902369, 39.0220039], [-27.989945, 39.0218986]]}, "properties": {"highway": "primary", "ref": "EN 1", "surface": "asphalt"}}, {"type": "Feature", "geometry": {"type": "LineString", "coordinates": [[-27.9980132, 39.0237996], [-27.9979509, 39.0237292], [-27.997905, 39.0237002], [-27.9978604, 39.023672], [-27.9977187, 39.0235684], [-27.9975583, 39.0234802], [-27.9974577, 39.0234172], [-27.9973364, 39.0233413]]}, "properties": {"highway": "primary", "ref": "EN 1", "surface": "asphalt"}}, {"type": "Feature", "geometry": {"type": "LineString", "coordinates": [[-28.0164772, 39.02755], [-28.0164367, 39.0273997], [-28.0164081, 39.0272584], [-28.0163571, 39.0270771], [-28.0163223, 39.0269396], [-28.0162525, 39.0267416], [-28.0161311, 39.0265814], [-28.0160213, 39.0264737], [-28.0158709, 39.0263832], [-28.0157154, 39.0263254], [-28.0155329, 39.0262834], [-28.0152896, 39.0262467], [-28.0150733, 39.026248], [-28.0148452, 39.0262926], [-28.0146448, 39.0264096], [-28.0143791, 39.0266429], [-28.0142446, 39.0267423], [-28.0140764, 39.0268358], [-28.0138663, 39.0269154], [-28.0135735, 39.0270014], [-28.0132961, 39.0270698], [-28.0130714, 39.0271615], [-28.0128864, 39.027273], [-28.0127123, 39.0274098], [-28.0124644, 39.027634], [-28.0123159, 39.0277738], [-28.0122301, 39.0278394], [-28.0120943, 39.0279115], [-28.011983, 39.0279563], [-28.011844, 39.0279691], [-28.0116476, 39.0279691], [-28.0113007, 39.0279704], [-28.0110997, 39.0279822], [-28.0109121, 39.0280301], [-28.0107715, 39.0280796], [-28.0106128, 39.0281689], [-28.0103026, 39.0283594], [-28.0101959, 39.0284144], [-28.0101035, 39.0284587], [-28.0099908, 39.0284964], [-28.0098187, 39.0285207], [-28.0096484, 39.0285075], [-28.0094921, 39.0284807], [-28.0094447, 39.0284725], [-28.009204, 39.0284269], [-28.0090409, 39.0283946], [-28.0088988, 39.0283805], [-28.0087563, 39.0283922], [-28.0086132, 39.0284326], [-28.0085153, 39.0284854], [-28.0084257, 39.0285542], [-28.0083669, 39.0286194], [-28.0083112, 39.0286997], [-28.0081724, 39.0288965], [-28.0080943, 39.0289775], [-28.0080269, 39.029025], [-28.0079361, 39.0290619], [-28.0078544, 39.0290739], [-28.0077622, 39.0290712], [-28.0076646, 39.0290478], [-28.0075676, 39.0290059], [-28.0073927, 39.0289108], [-28.0071379, 39.0287682], [-28.0069056, 39.0286237], [-28.0068195, 39.0285591], [-28.0067551, 39.0284947], [-28.0065232, 39.0282578], [-28.0062899, 39.0280571], [-28.0060488, 39.0278761], [-28.0056936, 39.0276132], [-28.0055698, 39.0275313], [-28.0053225, 39.0274383], [-28.0052225, 39.0274084], [-28.005124, 39.0273881], [-28.0050186, 39.0273839], [-28.0049424, 39.0273832], [-28.0048662, 39.0273929], [-28.0048012, 39.0274064], [-28.004758, 39.0274151], [-28.0046032, 39.0274639], [-28.0043713, 39.0275514], [-28.0038951, 39.0277385], [-28.0037827, 39.027787], [-28.0036876, 39.027842], [-28.0035461, 39.0279352], [-28.0032566, 39.028156], [-28.0031803, 39.0281977], [-28.0031057, 39.0282154], [-28.0030126, 39.0282214]]}, "properties": {"highway": "primary", "ref": "EN 1", "surface": "asphalt"}}, {"type": "Feature", "geometry": {"type": "LineString", "coordinates": [[-28.0165884, 39.0278943], [-28.0165239, 39.0277065], [-28.0164772, 39.02755]]}, "properties": {"highway": "primary", "ref": "EN 1", "surface": "asphalt"}}, {"type": "Feature", "geometry": {"type": "LineString", "coordinates": [[-8.4491378, 40.520061], [-8.4490442, 40.5197466], [-8.4489677, 40.5194793], [-8.4489337, 40.5193177], [-8.4488656, 40.5188846], [-8.448857, 40.5187358]]}, "properties": {"highway": "trunk", "lanes": "2", "oneway": "yes", "ref": "IC 2;EN 1"}}, {"type": "Feature", "geometry": {"type": "LineString", "coordinates": [[-8.703545, 39.850101], [-8.7034557, 39.8505458]]}, "properties": {"highway": "trunk", "lanes": "3", "lanes:backward": "2", "lanes:forward": "1", "lit": "yes", "maxspeed": "50", "old_ref": "EN 1", "ref": "IC 2;EN 1", "smoothness": "good", "surface": "asphalt", "turn:lanes:backward": "left|through;right"}}, {"type": "Feature", "geometry": {"type": "LineString", "coordinates": [[-8.9637855, 39.3745611], [-8.9635746, 39.3748451], [-8.9634481, 39.3750341], [-8.9633341, 39.3752206], [-8.9632319, 39.3753999], [-8.9631374, 39.3755814], [-8.9630501, 39.3757701], [-8.9629758, 39.3759483], [-8.9629452, 39.3760841]]}, "properties": {"highway": "trunk", "lanes": "1", "oneway": "yes", "ref": "IC 2;EN 1", "surface": "asphalt"}}, {"type": "Feature", "geometry": {"type": "LineString", "coordinates": [[-8.4678048, 40.1392188], [-8.4679863, 40.1388049], [-8.4684391, 40.1378345], [-8.468556, 40.1376012], [-8.4686744, 40.1373557]]}, "properties": {"cycleway:both": "no", "highway": "trunk", "lanes": "1", "lit": "yes", "maxspeed": "90", "old_ref": "EN 1", "oneway": "yes", "ref": "IC 2;EN 1", "smoothness": "excellent", "surface": "asphalt"}}, {"type": "Feature", "geometry": {"type": "LineString", "coordinates": [[-8.4498791, 40.5665772], [-8.4498892, 40.5665142], [-8.4498655, 40.5664606], [-8.4497524, 40.5663704], [-8.4496186, 40.5662975], [-8.4493681, 40.566133], [-8.4492297, 40.5659548], [-8.4491012, 40.5657834], [-8.4490071, 40.5657162], [-8.4489026, 40.565682], [-8.4488236, 40.5656978], [-8.4487145, 40.565744], [-8.4486651, 40.5658333]]}, "properties": {"highway": "primary", "junction": "roundabout", "name": "Rua Miguel Almeida e Silva", "ref": "EN 1"}}, {"type": "Feature", "geometry": {"type": "LineString", "coordinates": [[-8.8275884, 39.728624], [-8.8277668, 39.7284296], [-8.8279886, 39.7281952], [-8.8281836, 39.727943], [-8.8284923, 39.7275219], [-8.8287336, 39.7271285]]}, "properties": {"cycleway:both": "no", "highway": "primary", "lanes": "2", "lit": "yes", "maxspeed": "80", "oneway": "yes", "ref": "EN 1", "smoothness": "excellent", "surface": "asphalt"}}, {"type": "Feature", "geometry": {"type": "LineString", "coordinates": [[-8.8271299, 39.7291333], [-8.8275884, 39.728624]]}, "properties": {"bridge": "yes", "cycleway:both": "no", "highway": "primary", "lanes": "1", "layer": "1", "lit": "yes", "maxspeed": "80", "oneway": "yes", "ref": "EN 1", "smoothness": "excellent", "surface": "asphalt"}}, {"type": "Feature", "geometry": {"type": "LineString", "coordinates": [[-8.443897, 40.5538319], [-8.4441213, 40.5534721]]}, "properties": {"highway": "primary", "lanes": "3", "lanes:backward": "1", "lanes:forward": "2", "maxspeed": "70", "name": "Rua Recreio Desportivo de \u00c1gueda", "oneway": "no", "ref": "EN 1", "source": "Bing", "turn:lanes:forward": "none|merge_to_left"}}, {"type": "Feature", "geometry": {"type": "LineString", "coordinates": [[-8.4478653, 40.5650831], [-8.4468555, 40.564258], [-8.4457487, 40.5633792]]}, "properties": {"highway": "primary", "lanes": "3", "lanes:backward": "1", "lanes:forward": "2", "maxspeed": "70", "name": "Rua Miguel Almeida e Silva", "oneway": "no", "ref": "EN 1", "source": "Bing"}}, {"type": "Feature", "geometry": {"type": "LineString", "coordinates": [[-8.4451077, 40.5519519], [-8.4451611, 40.5518674], [-8.4452129, 40.5517853], [-8.4452588, 40.5517126], [-8.4452982, 40.5516502], [-8.4453321, 40.5515964], [-8.4453596, 40.551553], [-8.4453935, 40.5514992], [-8.4454216, 40.5514548], [-8.4455941, 40.5511815], [-8.4457264, 40.551092]]}, "properties": {"highway": "primary", "lanes": "1", "maxspeed": "50", "name": "Rua Recreio Desportivo de \u00c1gueda", "oneway": "yes", "ref": "EN 1", "source": "Bing"}}, {"type": "Feature", "geometry": {"type": "LineString", "coordinates": [[-28.0516932, 39.0835245], [-28.051844, 39.0834651], [-28.0520076, 39.0834075], [-28.0523497, 39.083281], [-28.0526052, 39.0831672], [-28.0527114, 39.0831113], [-28.0529051, 39.0830094], [-28.053211, 39.0827993], [-28.0534231, 39.0826226], [-28.0541086, 39.0819553], [-28.05475, 39.0813298], [-28.0551656, 39.0809365], [-28.0553265, 39.0807494], [-28.0554891, 39.0805394], [-28.0556318, 39.0802541], [-28.0558576, 39.0798445], [-28.0560775, 39.0795617], [-28.0563511, 39.0793186], [-28.0567208, 39.0790831], [-28.0574806, 39.0786597], [-28.0579356, 39.0783795], [-28.0582554, 39.078156], [-28.0583247, 39.0781075], [-28.0586951, 39.0777727], [-28.0593956, 39.0770137], [-28.0599722, 39.0764456], [-28.0601278, 39.0762823], [-28.0602258, 39.0761795]]}, "properties": {"highway": "primary", "ref": "EN 1", "surface": "asphalt"}}, {"type": "Feature", "geometry": {"type": "LineString", "coordinates": [[-28.0352735, 39.0954678], [-28.035747, 39.0951905], [-28.0360872, 39.0949885], [-28.0362832, 39.0948572], [-28.03643, 39.0947336], [-28.0367758, 39.0944964], [-28.0369112, 39.0944012], [-28.0370137, 39.0943604], [-28.0371266, 39.0943424], [-28.0374714, 39.0943194], [-28.0378692, 39.0943037], [-28.0382119, 39.0942921], [-28.0384732, 39.0942872], [-28.0386361, 39.0942726], [-28.0388785, 39.0942244], [-28.0390961, 39.094173], [-28.0392682, 39.0941351], [-28.0394259, 39.0941251], [-28.0399482, 39.0941302], [-28.0401319, 39.0941269], [-28.0402909, 39.0940983], [-28.0410104, 39.0938988], [-28.0419792, 39.0936191], [-28.043448, 39.0932253], [-28.0443818, 39.0929666], [-28.0456201, 39.0926235], [-28.0463987, 39.0924122], [-28.0466251, 39.0923443], [-28.0468858, 39.0922505], [-28.0469654, 39.0922202]]}, "properties": {"highway": "primary", "ref": "EN 1", "surface": "asphalt"}}, {"type": "Feature", "geometry": {"type": "LineString", "coordinates": [[-8.4521074, 40.4380442], [-8.4520782, 40.4381859]]}, "properties": {"highway": "primary", "lanes": "1", "oneway": "yes", "ref": "IC 2;EN 1", "source": "Bing", "surface": "asphalt"}}, {"type": "Feature", "geometry": {"type": "LineString", "coordinates": [[-8.4520782, 40.4381859], [-8.4521575, 40.43806]]}, "properties": {"highway": "primary", "lanes": "1", "oneway": "yes", "ref": "IC 2;EN 1", "source": "Bing", "surface": "asphalt"}}, {"type": "Feature", "geometry": {"type": "LineString", "coordinates": [[-8.4524519, 40.4372923], [-8.4524891, 40.437111]]}, "properties": {"highway": "primary", "lanes": "1", "oneway": "yes", "ref": "IC 2;EN 1", "source": "Bing", "surface": "asphalt"}}, {"type": "Feature", "geometry": {"type": "LineString", "coordinates": [[-8.4523659, 40.4372767], [-8.4523111, 40.437334], [-8.4521967, 40.4374598], [-8.4521063, 40.4375484]]}, "properties": {"highway": "primary", "lanes": "1", "oneway": "yes", "ref": "IC 2;EN 1", "source": "Bing", "surface": "asphalt"}}, {"type": "Feature", "geometry": {"type": "LineString", "coordinates": [[-8.8810017, 39.5665727], [-8.8806522, 39.5670714], [-8.8801702, 39.5677685], [-8.8799891, 39.5680261], [-8.8795313, 39.5686831], [-8.8791091, 39.5692844]]}, "properties": {"highway": "trunk", "lanes": "2", "maxspeed": "60", "ref": "IC 2;EN 1", "surface": "asphalt"}}, {"type": "Feature", "geometry": {"type": "LineString", "coordinates": [[-8.4509337, 40.5683192], [-8.4507836, 40.5684889]]}, "properties": {"highway": "primary", "name": "Rua Miguel de Almeida e Silva", "ref": "EN 1"}}, {"type": "Feature", "geometry": {"type": "LineString", "coordinates": [[-8.445667, 40.5507952], [-8.4455941, 40.5508151], [-8.4455377, 40.550854], [-8.4455044, 40.5509076], [-8.4455007, 40.5509656], [-8.4455039, 40.5509725], [-8.4455269, 40.5510211]]}, "properties": {"highway": "primary", "junction": "roundabout", "lanes": "2", "name": "Rotunda da Bicicleta", "ref": "EN 1", "source": "Bing", "surface": "paved"}}, {"type": "Feature", "geometry": {"type": "LineString", "coordinates": [[-8.4483139, 40.5370467], [-8.4479984, 40.5393728], [-8.447875, 40.540283], [-8.4477359, 40.5414357], [-8.4477221, 40.54155], [-8.4477109, 40.541663], [-8.4476831, 40.5419421], [-8.4475516, 40.5432646], [-8.4474987, 40.5436829]]}, "properties": {"highway": "primary", "lanes": "2", "name": "Rua Nacional n\u00ba1", "oneway": "no", "ref": "EN 1", "source": "Bing", "surface": "paved"}}, {"type": "Feature", "geometry": {"type": "LineString", "coordinates": [[-8.980703, 38.9744906], [-8.9807499, 38.974428], [-8.9813845, 38.9735672], [-8.9814261, 38.9735127], [-8.9818101, 38.9729905], [-8.9819726, 38.9727652], [-8.982138, 38.9724835], [-8.9822097, 38.9723346], [-8.982271, 38.9721723], [-8.982315, 38.9720207], [-8.982356, 38.971838]]}, "properties": {"highway": "primary", "lanes": "2", "name": "Rua Fernando Palha", "oneway": "no", "ref": "EN 1", "surface": "asphalt"}}, {"type": "Feature", "geometry": {"type": "LineString", "coordinates": [[-8.4848996, 40.8608282], [-8.4849153, 40.860722], [-8.4855483, 40.8598725], [-8.4855744, 40.8597407]]}, "properties": {"highway": "primary", "lanes": "1", "oneway": "yes", "ref": "EN 1", "source": "bing", "surface": "asphalt"}}, {"type": "Feature", "geometry": {"type": "LineString", "coordinates": [[-8.4847469, 40.8610447], [-8.4847672, 40.8610429], [-8.4847872, 40.8610396], [-8.48484, 40.8610214], [-8.4848831, 40.8609921], [-8.4849125, 40.8609543]]}, "properties": {"highway": "primary", "junction": "roundabout", "lanes": "2", "ref": "EN 1", "surface": "asphalt"}}, {"type": "Feature", "geometry": {"type": "LineString", "coordinates": [[-8.4773923, 40.8523684], [-8.4774138, 40.8523467], [-8.4774255, 40.852321], [-8.4774261, 40.8522939], [-8.4774156, 40.8522679], [-8.477395, 40.8522457], [-8.4773663, 40.8522293], [-8.4773324, 40.8522205], [-8.4772965, 40.85222], [-8.4772622, 40.852228], [-8.4772328, 40.8522436], [-8.4772112, 40.8522653], [-8.4771995, 40.8522909], [-8.4771989, 40.8523181], [-8.4772094, 40.852344], [-8.47723, 40.8523663], [-8.4772587, 40.8523826], [-8.4772926, 40.8523914], [-8.4773285, 40.8523919], [-8.4773629, 40.8523839], [-8.4773923, 40.8523684]]}, "properties": {"highway": "primary", "junction": "roundabout", "lanes": "1", "ref": "EN 1", "surface": "asphalt"}}, {"type": "Feature", "geometry": {"type": "LineString", "coordinates": [[-8.8576801, 39.6004581], [-8.8576761, 39.6002956], [-8.8576916, 39.5998003], [-8.8577029, 39.5995479], [-8.8577093, 39.5994359], [-8.8577157, 39.5993522], [-8.857737, 39.5992048], [-8.8577954, 39.5988725], [-8.857837, 39.5987155]]}, "properties": {"highway": "trunk", "lanes": "1", "maxspeed": "60", "oneway": "yes", "ref": "IC 2;EN 1", "surface": "asphalt"}}, {"type": "Feature", "geometry": {"type": "LineString", "coordinates": [[-8.9517241, 39.3419733], [-8.9516431, 39.3418918], [-8.9514897, 39.3417802]]}, "properties": {"highway": "primary", "lanes": "1", "maxspeed": "50", "name": "Avenida dos Combatentes", "oneway": "yes", "overtaking": "no", "ref": "EN 1;EN 114", "surface": "asphalt"}}, {"type": "Feature", "geometry": {"type": "LineString", "coordinates": [[-8.9515695, 39.3419583], [-8.9516197, 39.3421342], [-8.9516305, 39.3422346], [-8.9516045, 39.3423559], [-8.9514538, 39.3427341]]}, "properties": {"highway": "primary", "lanes": "1", "maxspeed": "50", "name": "Avenida dos Combatentes", "oneway": "yes", "overtaking": "no", "ref": "EN 1", "surface": "asphalt"}}, {"type": "Feature", "geometry": {"type": "LineString", "coordinates": [[-8.9366805, 39.327644], [-8.9366027, 39.3273203], [-8.9365571, 39.3271087], [-8.9365088, 39.3268286], [-8.9365034, 39.3266854], [-8.9364843, 39.3263902], [-8.9364706, 39.326179], [-8.9364171, 39.3256002]]}, "properties": {"highway": "primary", "lanes": "1", "maxspeed": "50", "name": "Avenida dos Combatentes", "oneway": "yes", "overtaking": "no", "ref": "EN 1", "surface": "asphalt"}}, {"type": "Feature", "geometry": {"type": "LineString", "coordinates": [[-8.9365126, 39.3274098], [-8.9366411, 39.3277949], [-8.9368073, 39.3281641]]}, "properties": {"highway": "primary", "lanes": "1", "maxspeed": "50", "name": "Avenida dos Combatentes", "oneway": "yes", "overtaking": "no", "ref": "EN 1", "surface": "asphalt"}}, {"type": "Feature", "geometry": {"type": "LineString", "coordinates": [[-8.5189814, 40.9517931], [-8.5194305, 40.9518534]]}, "properties": {"highway": "primary", "lanes": "3", "lanes:backward": "1", "lanes:forward": "2", "maxspeed": "50", "name": "Rua Central", "oneway": "no", "ref": "EN 1", "surface": "asphalt"}}, {"type": "Feature", "geometry": {"type": "LineString", "coordinates": [[-8.5196891, 40.9518913], [-8.5199954, 40.9519343]]}, "properties": {"highway": "primary", "lanes": "3", "lanes:backward": "1", "lanes:forward": "1", "name": "Rua Central", "oneway": "no", "ref": "EN 1", "surface": "asphalt"}}, {"type": "Feature", "geometry": {"type": "LineString", "coordinates": [[-8.5199954, 40.9519343], [-8.5200773, 40.9519471]]}, "properties": {"highway": "primary", "lanes": "3", "lanes:backward": "2", "lanes:forward": "1", "name": "Rua Central", "oneway": "no", "ref": "EN 1", "surface": "asphalt"}}, {"type": "Feature", "geometry": {"type": "LineString", "coordinates": [[-8.5200773, 40.9519471], [-8.5202393, 40.9519703], [-8.5204013, 40.9519936]]}, "properties": {"highway": "primary", "lanes": "3", "lanes:backward": "2", "lanes:forward": "1", "name": "Rua Central", "oneway": "no", "ref": "EN 1", "surface": "asphalt"}}, {"type": "Feature", "geometry": {"type": "LineString", "coordinates": [[-8.5204013, 40.9519936], [-8.5206129, 40.952024]]}, "properties": {"highway": "primary", "lanes": "3", "lanes:backward": "2", "lanes:forward": "1", "name": "Rua Central", "oneway": "no", "ref": "EN 1", "surface": "asphalt"}}, {"type": "Feature", "geometry": {"type": "LineString", "coordinates": [[-8.5233913, 40.9533898], [-8.5239891, 40.9537556], [-8.5246284, 40.9541468], [-8.525171, 40.9544392], [-8.5262706, 40.9548048], [-8.5271176, 40.9550864], [-8.5283712, 40.9555032], [-8.5303199, 40.9561314], [-8.5304236, 40.9561648], [-8.5309747, 40.9563425], [-8.5310617, 40.9563705], [-8.5311178, 40.9563887], [-8.5325376, 40.9568498]]}, "properties": {"highway": "primary", "lanes": "2", "lit": "yes", "maxspeed": "50", "name": "Rua Central", "oneway": "no", "ref": "EN 1", "surface": "asphalt"}}, {"type": "Feature", "geometry": {"type": "LineString", "coordinates": [[-8.6063621, 41.1195796], [-8.6063746, 41.1194347], [-8.6063828, 41.11935], [-8.6063879, 41.1192896], [-8.6063909, 41.1192501]]}, "properties": {"highway": "primary", "lanes": "3", "lit": "yes", "name": "Avenida da Rep\u00fablica", "name:etymology:wikidata": "Q167360", "oneway": "yes", "ref": "EN 1", "sidewalk": "right", "smoothness": "good", "surface": "asphalt"}}, {"type": "Feature", "geometry": {"type": "LineString", "coordinates": [[-8.6063909, 41.1192501], [-8.6064067, 41.1192011], [-8.6064007, 41.1189695], [-8.6064445, 41.1184158], [-8.6064622, 41.1182017], [-8.6064928, 41.1178415], [-8.6064965, 41.1177962], [-8.6065105, 41.1176106], [-8.6065472, 41.1172944]]}, "properties": {"highway": "primary", "lanes": "1", "lit": "yes", "name": "Avenida da Rep\u00fablica", "name:etymology:wikidata": "Q167360", "oneway": "yes", "ref": "EN 1", "sidewalk": "right", "smoothness": "good", "surface": "asphalt"}}, {"type": "Feature", "geometry": {"type": "LineString", "coordinates": [[-8.5882891, 41.0863539], [-8.5880482, 41.0862332], [-8.5876628, 41.0860353], [-8.5871276, 41.0856924], [-8.5869617, 41.0855873], [-8.5863211, 41.0851425], [-8.5857063, 41.0847156], [-8.5856432, 41.0846724], [-8.5855276, 41.0845933], [-8.5852124, 41.084383], [-8.5850863, 41.0842709], [-8.584928, 41.0840643], [-8.5844764, 41.0833931], [-8.5840985, 41.0828172], [-8.5839939, 41.0826485], [-8.5838795, 41.0824187], [-8.5838651, 41.0823815], [-8.5837384, 41.0820363], [-8.5835558, 41.0817585]]}, "properties": {"highway": "primary", "lanes": "2", "name": "Rua da Senhora do Monte", "oneway": "no", "ref": "EN 1", "smoothness": "intermediate", "source": "BING", "surface": "asphalt"}}, {"type": "Feature", "geometry": {"type": "LineString", "coordinates": [[-8.5786021, 41.0716812], [-8.5785618, 41.0717231], [-8.5785328, 41.07178], [-8.5785269, 41.0718362], [-8.5785412, 41.0718916], [-8.5785748, 41.071942], [-8.5786251, 41.0719838], [-8.5786884, 41.0720139], [-8.5787601, 41.0720301], [-8.5788356, 41.0720311], [-8.5789087, 41.0720166]]}, "properties": {"alt_name": "Rotunda B. Volunt\u00e1rios dos Carvalhos; Rotunda B. V. dos Carvalhos", "highway": "primary", "junction": "roundabout", "lanes": "2", "name": "Rotunda Bombeiros Volunt\u00e1rios dos Carvalhos", "ref": "EN 1", "surface": "asphalt"}}, {"type": "Feature", "geometry": {"type": "LineString", "coordinates": [[-8.5805395, 41.0719979], [-8.5809086, 41.0720847]]}, "properties": {"highway": "primary", "lanes": "2", "name": "Rua da Senhora do Monte", "oneway": "yes", "ref": "EN 1", "source": "BING", "surface": "asphalt"}}, {"type": "Feature", "geometry": {"type": "LineString", "coordinates": [[-8.5781566, 41.0709348], [-8.5781019, 41.0708248], [-8.5780219, 41.0706437], [-8.5777676, 41.0700401], [-8.5776204, 41.0696521], [-8.5774835, 41.0692792], [-8.5773682, 41.0689479], [-8.5772569, 41.0686792], [-8.5772208, 41.0686027], [-8.5771686, 41.068492], [-8.5771418, 41.068442], [-8.5770391, 41.0682505], [-8.5768786, 41.0679878], [-8.5768514, 41.0679438], [-8.576816, 41.0678923], [-8.5768013, 41.067875]]}, "properties": {"highway": "primary", "lanes": "2", "lit": "yes", "maxspeed": "50", "name": "Avenida Doutor Moreira de Sousa", "oneway": "no", "ref": "EN 1", "surface": "asphalt"}}, {"type": "Feature", "geometry": {"type": "LineString", "coordinates": [[-8.5785502, 41.0714703], [-8.5785821, 41.071569], [-8.578593, 41.0716234], [-8.5786021, 41.0716812]]}, "properties": {"highway": "primary", "lanes": "2", "name": "Avenida Doutor Moreira de Sousa", "oneway": "yes", "ref": "EN 1", "surface": "asphalt"}}, {"type": "Feature", "geometry": {"type": "LineString", "coordinates": [[-8.5788034, 41.0716161], [-8.5786723, 41.0715418], [-8.5785502, 41.0714703]]}, "properties": {"highway": "primary", "lanes": "1", "name": "Avenida Doutor Moreira de Sousa", "oneway": "yes", "ref": "EN 1", "surface": "asphalt"}}, {"type": "Feature", "geometry": {"type": "LineString", "coordinates": [[-8.6579455, 39.8935046], [-8.6566699, 39.8942199]]}, "properties": {"highway": "trunk", "lanes": "2", "lit": "yes", "maxspeed": "60", "ref": "IC 2;EN 1", "sidewalk:both": "no", "smoothness": "intermediate", "surface": "asphalt"}}, {"type": "Feature", "geometry": {"type": "LineString", "coordinates": [[-8.5701149, 41.0626442], [-8.5698222, 41.062401], [-8.5695462, 41.062042], [-8.5693509, 41.0616827], [-8.5691494, 41.0609847], [-8.5691246, 41.0608989], [-8.5687407, 41.059657], [-8.5685262, 41.059178], [-8.568107, 41.0584273], [-8.5674995, 41.0574054], [-8.5674286, 41.0573189]]}, "properties": {"highway": "primary", "lanes": "2", "lit": "yes", "maxspeed": "50", "name": "Avenida Doutor Moreira de Sousa", "oneway": "no", "ref": "EN 1", "surface": "asphalt"}}, {"type": "Feature", "geometry": {"type": "LineString", "coordinates": [[-8.5703372, 41.0628181], [-8.570266, 41.0627638], [-8.5701149, 41.0626442]]}, "properties": {"highway": "primary", "lanes": "2", "lit": "yes", "maxspeed": "50", "name": "Avenida Doutor Moreira de Sousa", "oneway": "no", "ref": "EN 1", "surface": "asphalt"}}, {"type": "Feature", "geometry": {"type": "LineString", "coordinates": [[-8.5705372, 41.0629702], [-8.5703372, 41.0628181]]}, "properties": {"highway": "primary", "lanes": "2", "lit": "yes", "maxspeed": "50", "name": "Avenida Doutor Moreira de Sousa", "oneway": "no", "ref": "EN 1", "surface": "asphalt"}}, {"type": "Feature", "geometry": {"type": "LineString", "coordinates": [[-8.565213, 41.0469406], [-8.5651356, 41.0467975], [-8.5651071, 41.0467249], [-8.5651058, 41.0466395], [-8.5651259, 41.0465521]]}, "properties": {"highway": "primary", "lanes": "2", "lit": "yes", "name": "Avenida Doutor Moreira de Sousa", "oneway": "yes", "ref": "EN 1", "source": "bing", "surface": "asphalt"}}, {"type": "Feature", "geometry": {"type": "LineString", "coordinates": [[-8.5647226, 41.0460425], [-8.5648182, 41.0462237], [-8.564841, 41.0463432], [-8.5648526, 41.0464043]]}, "properties": {"highway": "primary", "lanes": "2", "lit": "yes", "maxspeed": "50", "name": "Avenida Doutor Moreira de Sousa", "oneway": "yes", "ref": "EN 1", "source": "bing", "surface": "asphalt"}}, {"type": "Feature", "geometry": {"type": "LineString", "coordinates": [[-8.5644042, 41.0453606], [-8.5642356, 41.0450211]]}, "properties": {"highway": "primary", "lanes": "2", "lit": "yes", "maxspeed": "50", "name": "Avenida Doutor Moreira de Sousa", "old_ref": "EN 1", "oneway": "no", "ref": "EN 1", "source": "BING", "surface": "asphalt"}}, {"type": "Feature", "geometry": {"type": "LineString", "coordinates": [[-8.5642356, 41.0450211], [-8.5640389, 41.044632]]}, "properties": {"highway": "primary", "lanes": "2", "lit": "yes", "name": "Avenida Doutor Moreira de Sousa", "old_ref": "EN 1", "oneway": "no", "ref": "EN 1", "source": "BING", "surface": "asphalt"}}, {"type": "Feature", "geometry": {"type": "LineString", "coordinates": [[-8.5640389, 41.044632], [-8.5635593, 41.0436832], [-8.5635095, 41.0435759], [-8.5634601, 41.0434792], [-8.5633025, 41.0431706], [-8.5632789, 41.0431222], [-8.5632293, 41.0430206], [-8.5631933, 41.0429498], [-8.5631116, 41.0427892], [-8.5630765, 41.0427187], [-8.5629551, 41.042475], [-8.5628987, 41.0423617], [-8.5624891, 41.0415531], [-8.5623165, 41.0412661], [-8.5621584, 41.041065], [-8.5619596, 41.0408618], [-8.5618311, 41.0407611]]}, "properties": {"highway": "primary", "lanes": "2", "lit": "yes", "maxspeed": "50", "name": "Avenida Doutor Moreira de Sousa", "old_ref": "EN 1", "oneway": "no", "ref": "EN 1", "source": "BING", "surface": "asphalt"}}, {"type": "Feature", "geometry": {"type": "LineString", "coordinates": [[-8.5565363, 41.0287663], [-8.5565606, 41.0288249]]}, "properties": {"highway": "primary", "lanes": "2", "lit": "yes", "maxspeed": "50", "name": "Rua de Ernesto Gon\u00e7alves", "old_ref": "EN 1", "oneway": "no", "ref": "EN 1", "source": "BING", "surface": "asphalt"}}, {"type": "Feature", "geometry": {"type": "LineString", "coordinates": [[-8.5542712, 41.0255404], [-8.5543607, 41.0257232], [-8.554467, 41.0258743], [-8.5545133, 41.0259229]]}, "properties": {"highway": "primary", "lanes": "1", "lit": "yes", "maxspeed": "50", "name": "Rua Vendas de Grij\u00f3", "name:left": "Avenida de S\u00e3o Salvador", "name:right": "Rua Vendas de Grij\u00f3", "oneway": "yes", "ref": "EN 1", "surface": "asphalt"}}, {"type": "Feature", "geometry": {"type": "LineString", "coordinates": [[-8.5560686, 41.0279766], [-8.5561288, 41.0280681], [-8.5561524, 41.0280994], [-8.5562081, 41.0281769]]}, "properties": {"highway": "primary", "lanes": "2", "lit": "yes", "maxspeed": "50", "name": "Avenida de S\u00e3o Salvador", "old_ref": "EN 1", "oneway": "no", "ref": "EN 1", "source": "BING", "surface": "asphalt"}}, {"type": "Feature", "geometry": {"type": "LineString", "coordinates": [[-8.5562081, 41.0281769], [-8.5563086, 41.0283364], [-8.5563774, 41.0284586]]}, "properties": {"highway": "primary", "lanes": "2", "lit": "yes", "maxspeed": "50", "name": "Avenida de S\u00e3o Salvador", "old_ref": "EN 1", "oneway": "no", "ref": "EN 1", "source": "BING", "surface": "asphalt"}}, {"type": "Feature", "geometry": {"type": "LineString", "coordinates": [[-8.5564406, 41.0285662], [-8.5565003, 41.0286863]]}, "properties": {"highway": "primary", "lanes": "2", "lit": "yes", "maxspeed": "50", "name": "Rua de Ernesto Gon\u00e7alves", "old_ref": "EN 1", "oneway": "no", "ref": "EN 1", "source": "BING", "surface": "asphalt"}}, {"type": "Feature", "geometry": {"type": "LineString", "coordinates": [[-8.5566547, 41.0290496], [-8.5568313, 41.0295244]]}, "properties": {"highway": "primary", "lanes": "2", "lit": "yes", "maxspeed": "50", "name": "Rua de Ernesto Gon\u00e7alves", "old_ref": "EN 1", "oneway": "no", "ref": "EN 1", "source": "BING", "surface": "asphalt"}}, {"type": "Feature", "geometry": {"type": "LineString", "coordinates": [[-8.556982, 41.0299157], [-8.5571048, 41.0302722], [-8.55718, 41.0305638], [-8.5572275, 41.0307425], [-8.5572453, 41.0308192]]}, "properties": {"highway": "primary", "lanes": "2", "lit": "yes", "name": "Rua de Ernesto Gon\u00e7alves", "old_ref": "EN 1", "oneway": "no", "ref": "EN 1", "source": "BING", "surface": "asphalt"}}, {"type": "Feature", "geometry": {"type": "LineString", "coordinates": [[-8.5572615, 41.0309237], [-8.5572751, 41.0310469], [-8.5572794, 41.0310853], [-8.5573136, 41.031522], [-8.5573429, 41.0320569], [-8.5573473, 41.0321369], [-8.5574061, 41.0332089], [-8.5574439, 41.0338992], [-8.5574679, 41.0343266], [-8.557475, 41.0344479], [-8.5575096, 41.0350754], [-8.5575315, 41.0354729], [-8.5575633, 41.0360505], [-8.5575657, 41.0360987], [-8.5575718, 41.0362234]]}, "properties": {"highway": "primary", "lanes": "2", "lit": "yes", "maxspeed": "50", "name": "Rua de Ernesto Gon\u00e7alves", "old_ref": "EN 1", "oneway": "no", "ref": "EN 1", "smoothness": "good", "source": "BING", "surface": "asphalt"}}, {"type": "Feature", "geometry": {"type": "LineString", "coordinates": [[-8.5568169, 41.0140999], [-8.5566716, 41.0135439], [-8.5566337, 41.0133987]]}, "properties": {"alt_name": "Rua da Estrada Nacional N.\u00ba 1;Estrada Nacional N\u00ba1;Rua da Estrada Nacional N\u00famero 1;Rua EN1;EN1;Estrada Nacional 1", "highway": "primary", "lanes": "2", "lit": "yes", "maxspeed": "50", "name": "Rua Estrada Nacional N\u00ba 1", "note": "mesmo tendo oficialmente sido alterada para IC2, ainda \u00e9 referida nas placas no terreno como N1 por isso a ref principal deve levar ambas as refer\u00eancias", "old_ref": "EN 1", "oneway": "no", "ref": "EN 1", "ref:official": "IC 2", "source": "BING", "surface": "asphalt"}}, {"type": "Feature", "geometry": {"type": "LineString", "coordinates": [[-8.5569396, 41.0145691], [-8.5568766, 41.0143281]]}, "properties": {"alt_name": "Rua da Estrada Nacional N.\u00ba 1;Estrada Nacional N\u00ba1;Rua da Estrada Nacional N\u00famero 1;Rua EN1;EN1;Estrada Nacional 1", "highway": "primary", "lanes": "2", "lit": "yes", "name": "Rua Estrada Nacional N\u00ba 1", "note": "mesmo tendo oficialmente sido alterada para IC2, ainda \u00e9 referida nas placas no terreno como N1 por isso a ref principal deve levar ambas as refer\u00eancias", "old_ref": "EN 1", "oneway": "no", "ref": "EN 1", "ref:official": "IC 2", "source": "BING", "surface": "asphalt"}}, {"type": "Feature", "geometry": {"type": "LineString", "coordinates": [[-8.5565348, 41.0130203], [-8.5564928, 41.0128596], [-8.5564807, 41.0128133], [-8.5564432, 41.01267]]}, "properties": {"alt_name": "Rua da Estrada Nacional N.\u00ba 1;Estrada Nacional N\u00ba1;Rua da Estrada Nacional N\u00famero 1;Rua EN1;EN1;Estrada Nacional 1", "highway": "primary", "lanes": "2", "lit": "yes", "maxspeed": "50", "name": "Rua Estrada Nacional N\u00ba 1", "note": "mesmo tendo oficialmente sido alterada para IC2, ainda \u00e9 referida nas placas no terreno como N1 por isso a ref principal deve levar ambas as refer\u00eancias", "old_ref": "EN 1", "oneway": "no", "ref": "EN 1", "ref:official": "IC 2", "source": "BING", "surface": "asphalt"}}, {"type": "Feature", "geometry": {"type": "LineString", "coordinates": [[-8.5396312, 40.9950989], [-8.5396402, 40.9950757], [-8.5396425, 40.9950516], [-8.5396382, 40.9950276], [-8.5396274, 40.9950049], [-8.5396105, 40.9949843], [-8.5395884, 40.9949669], [-8.5395619, 40.9949533]]}, "properties": {"highway": "primary", "junction": "roundabout", "lane_markings": "no", "lanes": "2", "lit": "yes", "maxspeed": "50", "name": "Avenida Principal", "ref": "EN 1", "sidewalk": "right", "surface": "asphalt"}}, {"type": "Feature", "geometry": {"type": "LineString", "coordinates": [[-8.5394993, 40.9948039], [-8.5394417, 40.9949049], [-8.5394088, 40.9949569]]}, "properties": {"highway": "primary", "lanes": "1", "lit": "yes", "maxspeed": "50", "name": "Avenida Principal", "oneway": "yes", "ref": "EN 1", "sidewalk": "right", "surface": "asphalt"}}, {"type": "Feature", "geometry": {"type": "LineString", "coordinates": [[-8.5395619, 40.9949533], [-8.5394993, 40.9948039]]}, "properties": {"highway": "primary", "lanes": "1", "lit": "yes", "maxspeed": "50", "name": "Avenida Principal", "oneway": "yes", "ref": "EN 1", "sidewalk": "right", "surface": "asphalt"}}, {"type": "Feature", "geometry": {"type": "LineString", "coordinates": [[-8.5394993, 40.9948039], [-8.5391529, 40.9935202], [-8.5390497, 40.9931468], [-8.5389911, 40.9929338], [-8.5387957, 40.9922234], [-8.538685, 40.9918212], [-8.5385866, 40.9915344], [-8.5384312, 40.9911204], [-8.5381155, 40.9902655], [-8.5380679, 40.9901324], [-8.5376741, 40.9890692], [-8.5375711, 40.9887911], [-8.5375263, 40.9886563], [-8.5374986, 40.9885728]]}, "properties": {"highway": "primary", "lanes": "2", "lit": "yes", "maxspeed": "50", "name": "Avenida Principal", "note": "mesmo tendo oficialmente sido alterada para IC2, ainda \u00e9 referida nas placas no terreno como N1 por isso a ref principal deve levar ambas as refer\u00eancias", "old_ref": "EN 1", "oneway": "no", "ref": "EN 1", "ref:official": "IC 2", "sidewalk": "both", "surface": "asphalt"}}, {"type": "Feature", "geometry": {"type": "LineString", "coordinates": [[-8.5394466, 40.9951662], [-8.5395524, 40.9952177], [-8.5396292, 40.9952695]]}, "properties": {"highway": "primary", "lanes": "1", "lit": "yes", "maxspeed": "50", "name": "Avenida Principal", "oneway": "yes", "ref": "EN 1", "sidewalk": "both", "surface": "asphalt"}}, {"type": "Feature", "geometry": {"type": "LineString", "coordinates": [[-8.5396292, 40.9952695], [-8.539627, 40.9951687], [-8.5396312, 40.9950989]]}, "properties": {"highway": "primary", "lanes": "1", "lit": "yes", "maxspeed": "50", "name": "Avenida Principal", "oneway": "yes", "ref": "EN 1", "sidewalk": "both", "surface": "asphalt"}}, {"type": "Feature", "geometry": {"type": "LineString", "coordinates": [[-8.540343, 40.9973806], [-8.5403025, 40.9972991], [-8.540131, 40.9969716], [-8.5400442, 40.9967515], [-8.5396437, 40.9953078], [-8.5396292, 40.9952695]]}, "properties": {"highway": "primary", "lanes": "2", "lit": "yes", "maxspeed": "50", "name": "Avenida Principal", "note": "mesmo tendo oficialmente sido alterada para IC2, ainda \u00e9 referida nas placas no terreno como N1 por isso a ref principal deve levar ambas as refer\u00eancias", "old_ref": "EN 1", "oneway": "no", "ref": "EN 1", "ref:official": "IC 2", "sidewalk": "both", "surface": "asphalt"}}, {"type": "Feature", "geometry": {"type": "LineString", "coordinates": [[-8.7229607, 39.8274576], [-8.722694, 39.8278383]]}, "properties": {"highway": "trunk", "lanes": "2", "lit": "yes", "maxspeed": "50", "old_ref": "EN 1", "ref": "IC 2;EN 1", "smoothness": "excellent", "surface": "asphalt"}}, {"type": "Feature", "geometry": {"type": "LineString", "coordinates": [[-8.6983815, 39.8620859], [-8.6982921, 39.8622312], [-8.697361, 39.8637432]]}, "properties": {"highway": "trunk", "lanes": "3", "lanes:backward": "1", "lanes:forward": "2", "lit": "yes", "maxspeed": "60", "ref": "IC 2;EN 1", "smoothness": "good", "surface": "asphalt", "turn:lanes:forward": "|merge_to_left"}}, {"type": "Feature", "geometry": {"type": "LineString", "coordinates": [[-8.7027963, 39.8540533], [-8.7028445, 39.8537872]]}, "properties": {"highway": "trunk", "lanes": "1", "lit": "no", "maxspeed": "50", "old_ref": "EN 1", "oneway": "yes", "ref": "IC 2;EN 1", "surface": "asphalt"}}, {"type": "Feature", "geometry": {"type": "LineString", "coordinates": [[-8.4511207, 40.5678568], [-8.4510948, 40.5677732], [-8.4510092, 40.5676395], [-8.450928, 40.5675718], [-8.4499559, 40.5667561], [-8.4498791, 40.5665772]]}, "properties": {"highway": "primary", "name": "Rua Miguel Almeida e Silva", "oneway": "yes", "ref": "EN 1"}}, {"type": "Feature", "geometry": {"type": "LineString", "coordinates": [[-8.856995, 39.6194624], [-8.8569612, 39.6194975], [-8.8569181, 39.619555], [-8.8568928, 39.6196067], [-8.856871, 39.6196753], [-8.8568649, 39.6197233], [-8.8568656, 39.6197623]]}, "properties": {"bridge": "yes", "highway": "trunk", "junction": "roundabout", "lanes": "2", "layer": "1", "maxspeed": "40", "ref": "IC 2;EN 1", "surface": "asphalt"}}, {"type": "Feature", "geometry": {"type": "LineString", "coordinates": [[-8.8576699, 39.6201102], [-8.857736, 39.6200776], [-8.8577972, 39.6200413], [-8.8578474, 39.6199973], [-8.857886, 39.6199525], [-8.8579133, 39.6199115], [-8.8579435, 39.6198499]]}, "properties": {"bridge": "yes", "highway": "trunk", "junction": "roundabout", "lanes": "2", "layer": "1", "maxspeed": "40", "ref": "IC 2;EN 1", "surface": "asphalt"}}, {"type": "Feature", "geometry": {"type": "LineString", "coordinates": [[-8.8576976, 39.6193753], [-8.8576867, 39.6193692], [-8.8575598, 39.6193285], [-8.8574237, 39.6193133], [-8.8573523, 39.6193184]]}, "properties": {"highway": "trunk", "junction": "roundabout", "lanes": "2", "maxspeed": "40", "ref": "IC 2;EN 1", "surface": "asphalt"}}, {"type": "Feature", "geometry": {"type": "LineString", "coordinates": [[-8.4492157, 40.5765432], [-8.4491361, 40.5764117], [-8.4490383, 40.5762533]]}, "properties": {"highway": "primary", "name": "Rua Miseric\u00f3rdia de \u00c1gueda", "ref": "EN 1", "type": "EN 1"}}, {"type": "Feature", "geometry": {"type": "LineString", "coordinates": [[-8.4484839, 40.5708281], [-8.4484403, 40.570898]]}, "properties": {"bicycle": "yes", "highway": "primary", "name": "Rua Cab\u00eado e Lencastre", "ref": "EN 1", "source": "GPS + Local K", "surface": "asphalt"}}, {"type": "Feature", "geometry": {"type": "LineString", "coordinates": [[-8.4883899, 40.7347835], [-8.488392, 40.7341654]]}, "properties": {"highway": "primary", "lanes": "2", "maxspeed": "50", "oneway": "no", "ref": "IC 2;EN 1", "surface": "asphalt"}}, {"type": "Feature", "geometry": {"type": "LineString", "coordinates": [[-8.4538111, 40.4755721], [-8.4538229, 40.4750915]]}, "properties": {"highway": "primary", "lanes": "2", "maxspeed": "50", "oneway": "no", "ref": "IC 2;EN 1", "surface": "asphalt"}}, {"type": "Feature", "geometry": {"type": "LineString", "coordinates": [[-8.4538102, 40.4762], [-8.4538131, 40.4760438]]}, "properties": {"highway": "primary", "lanes": "2", "maxspeed": "50", "oneway": "no", "ref": "IC 2;EN 1", "surface": "asphalt"}}, {"type": "Feature", "geometry": {"type": "LineString", "coordinates": [[-8.4897119, 40.7381923], [-8.4896904, 40.7381528], [-8.4896478, 40.7380863], [-8.4894183, 40.7377502], [-8.4892076, 40.7374327], [-8.4887705, 40.7367964], [-8.488694, 40.7366794]]}, "properties": {"highway": "primary", "lanes": "2", "maxspeed": "50", "oneway": "no", "ref": "IC 2;EN 1", "surface": "asphalt"}}, {"type": "Feature", "geometry": {"type": "LineString", "coordinates": [[-8.4905749, 40.7435434], [-8.4905821, 40.7434235], [-8.4906024, 40.7430576], [-8.4906367, 40.7425109], [-8.4906386, 40.7424807], [-8.490648, 40.7423454], [-8.4906632, 40.7420951]]}, "properties": {"highway": "primary", "lanes": "2", "maxspeed": "50", "oneway": "no", "ref": "IC 2;EN 1", "surface": "asphalt"}}, {"type": "Feature", "geometry": {"type": "LineString", "coordinates": [[-8.4905122, 40.746141], [-8.490487, 40.7458955], [-8.4904697, 40.7457335], [-8.490466, 40.7455743], [-8.4904627, 40.745506], [-8.490463, 40.7454453], [-8.4904649, 40.7453774], [-8.4904697, 40.7452607], [-8.4904757, 40.7451135], [-8.4904857, 40.7449404], [-8.4905045, 40.744663], [-8.4905206, 40.7444283], [-8.4905398, 40.7440632], [-8.4905554, 40.7438065], [-8.4905632, 40.7436892], [-8.4905749, 40.7435434]]}, "properties": {"highway": "primary", "lanes": "2", "maxspeed": "50", "oneway": "no", "ref": "IC 2;EN 1", "surface": "asphalt"}}, {"type": "Feature", "geometry": {"type": "LineString", "coordinates": [[-8.4470812, 40.3015709], [-8.44699, 40.3012447], [-8.4465703, 40.299592]]}, "properties": {"highway": "trunk", "lanes": "1", "lit": "no", "maxspeed": "90", "name": "Rua da Feira", "oneway": "yes", "ref": "IC 2;EN 1", "surface": "asphalt"}}, {"type": "Feature", "geometry": {"type": "LineString", "coordinates": [[-8.448348, 40.3049939], [-8.4483277, 40.3049065], [-8.4482477, 40.3045624], [-8.4482078, 40.304425], [-8.4481604, 40.3042901], [-8.4480903, 40.3040981]]}, "properties": {"highway": "trunk", "lanes": "1", "maxspeed": "50", "name": "Rua da Feira", "oneway": "yes", "ref": "IC 2;EN 1", "surface": "asphalt"}}, {"type": "Feature", "geometry": {"type": "LineString", "coordinates": [[-8.5038818, 40.9293001], [-8.5039254, 40.9298232], [-8.5039548, 40.9300878], [-8.5039678, 40.9302678]]}, "properties": {"highway": "primary", "lanes": "2", "maxspeed": "50", "name": "Rua da Meia L\u00e9gua", "oneway": "no", "ref": "EN 1", "surface": "asphalt"}}, {"type": "Feature", "geometry": {"type": "LineString", "coordinates": [[-8.516574, 40.9514627], [-8.5172245, 40.9515533], [-8.5180145, 40.9516633], [-8.5189814, 40.9517931]]}, "properties": {"alt_name": "Rua da Estrada Nacional N\u00ba 1", "highway": "primary", "lanes": "2", "lit": "yes", "maxspeed": "50", "name": "Rua Central", "oneway": "no", "ref": "EN 1", "surface": "asphalt"}}, {"type": "Feature", "geometry": {"type": "LineString", "coordinates": [[-8.4483284, 40.3052499], [-8.4483755, 40.3054652], [-8.4486, 40.3064233], [-8.4487042, 40.306717]]}, "properties": {"highway": "trunk", "lanes": "1", "maxspeed": "90", "name": "Rua da Feira", "oneway": "yes", "ref": "IC 2;EN 1", "surface": "asphalt"}}, {"type": "Feature", "geometry": {"type": "LineString", "coordinates": [[-8.4465114, 40.2996019], [-8.4470749, 40.3017645], [-8.4470871, 40.3018125], [-8.4471595, 40.302065], [-8.4472408, 40.3022976], [-8.4476108, 40.3031502], [-8.4478003, 40.3035999]]}, "properties": {"highway": "trunk", "lanes": "2", "lit": "no", "maxspeed": "90", "name": "Rua da Feira", "oneway": "yes", "ref": "IC 2;EN 1", "surface": "asphalt"}}, {"type": "Feature", "geometry": {"type": "LineString", "coordinates": [[-8.5415915, 40.9996435], [-8.5415294, 40.9995822], [-8.5414624, 40.9995003], [-8.5414088, 40.9994254], [-8.5413288, 40.9993006], [-8.5409043, 40.9984815], [-8.5407944, 40.9982695], [-8.5407478, 40.9981776], [-8.5405853, 40.997857], [-8.5404512, 40.9975962], [-8.5403919, 40.9974816], [-8.5403763, 40.9974492]]}, "properties": {"alt_name": "Rua da Estrada Nacional N.\u00ba 1;Estrada Nacional N\u00ba1;Rua da Estrada Nacional N\u00famero 1;Rua EN1;EN1;Estrada Nacional 1", "highway": "primary", "lanes": "2", "lit": "yes", "maxspeed": "50", "name": "Rua Estrada Nacional N\u00ba 1", "note": "mesmo tendo oficialmente sido alterada para IC2, ainda \u00e9 referida nas placas no terreno como N1 por isso a ref principal deve levar ambas as refer\u00eancias", "old_ref": "EN 1", "oneway": "no", "ref": "EN 1", "ref:official": "IC 2", "surface": "asphalt"}}, {"type": "Feature", "geometry": {"type": "LineString", "coordinates": [[-8.8629867, 39.5918961], [-8.8628939, 39.591984]]}, "properties": {"highway": "trunk", "lanes": "2", "ref": "IC 2;EN 1", "surface": "asphalt", "turn:lanes:backward": "through;right"}}, {"type": "Feature", "geometry": {"type": "LineString", "coordinates": [[-8.8294317, 39.695272], [-8.8292767, 39.6958382], [-8.8292364, 39.6960225], [-8.8291381, 39.6966724], [-8.8290328, 39.6974154], [-8.8290015, 39.6976179]]}, "properties": {"cycleway:both": "no", "highway": "primary", "lanes": "1", "lit": "yes", "maxspeed": "60", "oneway": "yes", "ref": "EN 1", "sidewalk": "no", "surface": "asphalt"}}, {"type": "Feature", "geometry": {"type": "LineString", "coordinates": [[-8.8281207, 39.7034932], [-8.8281411, 39.7033617]]}, "properties": {"cycleway:both": "no", "highway": "primary", "lanes": "2", "lit": "yes", "maxspeed": "50", "ref": "EN 1", "sidewalk": "no", "smoothness": "good", "surface": "asphalt", "traffic_calming:backward": "rumble_strip"}}, {"type": "Feature", "geometry": {"type": "LineString", "coordinates": [[-8.9725428, 38.9899541], [-8.9726545, 38.9897545], [-8.9727036, 38.9896561], [-8.972746, 38.9895556], [-8.9727851, 38.9894515], [-8.9728147, 38.9893442], [-8.972823, 38.9892908], [-8.9728326, 38.9892374], [-8.9728429, 38.9891825], [-8.9728599, 38.9891265], [-8.972883, 38.9890797], [-8.9729154, 38.9890328], [-8.9729291, 38.9890102], [-8.9729722, 38.9889391]]}, "properties": {"highway": "primary", "lanes": "1", "name": "Avenida Combatentes da Grande Guerra", "oneway": "yes", "ref": "EN 1", "surface": "asphalt"}}, {"type": "Feature", "geometry": {"type": "LineString", "coordinates": [[-8.9800356, 39.0265606], [-8.9800336, 39.0266339], [-8.9800571, 39.0269491], [-8.9801459, 39.0273321], [-8.9802147, 39.0276378], [-8.9802503, 39.0278061], [-8.9802646, 39.0279448], [-8.980264, 39.0280595]]}, "properties": {"highway": "primary", "lanes": "2", "maxspeed": "50", "ref": "EN 1", "surface": "asphalt"}}, {"type": "Feature", "geometry": {"type": "LineString", "coordinates": [[-8.7236183, 39.8265716], [-8.72374, 39.8264398]]}, "properties": {"highway": "trunk", "lanes": "1", "lit": "yes", "maxspeed": "50", "oneway": "yes", "ref": "IC 2;EN 1"}}, {"type": "Feature", "geometry": {"type": "LineString", "coordinates": [[-8.7235613, 39.8265137], [-8.7234398, 39.8266603]]}, "properties": {"highway": "trunk", "lanes": "1", "lit": "yes", "maxspeed": "50", "oneway": "yes", "ref": "IC 2;EN 1", "smoothness": "excellent", "surface": "asphalt"}}, {"type": "Feature", "geometry": {"type": "LineString", "coordinates": [[-8.6560744, 39.8945526], [-8.6555482, 39.8948492]]}, "properties": {"highway": "trunk", "lanes": "2", "lit": "yes", "maxspeed": "60", "ref": "IC 2;EN 1", "smoothness": "intermediate", "surface": "asphalt"}}, {"type": "Feature", "geometry": {"type": "LineString", "coordinates": [[-8.6566699, 39.8942199], [-8.6560744, 39.8945526]]}, "properties": {"highway": "trunk", "lanes": "2", "lit": "yes", "maxspeed": "60", "ref": "IC 2;EN 1", "smoothness": "intermediate", "surface": "asphalt"}}, {"type": "Feature", "geometry": {"type": "LineString", "coordinates": [[-8.8295206, 39.6949611], [-8.8294317, 39.695272]]}, "properties": {"cycleway:both": "no", "highway": "primary", "lanes": "1", "lit": "yes", "maxspeed": "60", "oneway": "yes", "ref": "EN 1", "sidewalk": "no", "surface": "asphalt"}}, {"type": "Feature", "geometry": {"type": "LineString", "coordinates": [[-8.8297357, 39.6944621], [-8.8296776, 39.6945353], [-8.8295638, 39.6948415], [-8.829537, 39.6949094], [-8.8295206, 39.6949611]]}, "properties": {"cycleway:both": "no", "highway": "primary", "lanes": "1", "lit": "yes", "maxspeed": "60", "oneway": "yes", "ref": "EN 1", "sidewalk": "no", "surface": "asphalt"}}, {"type": "Feature", "geometry": {"type": "LineString", "coordinates": [[-8.8297357, 39.6944621], [-8.8299028, 39.6940375]]}, "properties": {"cycleway:both": "no", "highway": "primary", "lanes": "2", "lit": "no", "maxspeed:backward": "60", "ref": "EN 1", "sidewalk": "no", "smoothness": "good", "surface": "asphalt"}}, {"type": "Feature", "geometry": {"type": "LineString", "coordinates": [[-8.828956, 39.6985196], [-8.8289765, 39.6983709], [-8.8290261, 39.6979819], [-8.8291231, 39.6973768], [-8.8293566, 39.6960098]]}, "properties": {"cycleway:both": "no", "highway": "primary", "lanes": "1", "lit": "yes", "maxspeed": "50", "oneway": "yes", "ref": "EN 1", "sidewalk": "no", "smoothness": "good", "surface": "asphalt"}}, {"type": "Feature", "geometry": {"type": "LineString", "coordinates": [[-8.8350647, 39.6784388], [-8.8350076, 39.6782334], [-8.8348225, 39.6775323], [-8.8346221, 39.6767472], [-8.8345672, 39.6765517]]}, "properties": {"cycleway:both": "no", "highway": "primary", "lanes": "2", "lit": "yes", "maxspeed": "50", "ref": "EN 1", "sidewalk": "both", "sidewalk:both:surface": "paving_stones", "smoothness": "good", "source": "bing", "surface": "asphalt"}}, {"type": "Feature", "geometry": {"type": "LineString", "coordinates": [[-8.8326821, 39.6674536], [-8.8327508, 39.6675342], [-8.8328063, 39.6676035], [-8.8328544, 39.667692], [-8.8329419, 39.6679703], [-8.8330091, 39.668203], [-8.8330803, 39.6683042]]}, "properties": {"cycleway:both": "no", "highway": "primary", "lanes": "1", "lit": "yes", "maxspeed": "50", "oneway": "yes", "parking:both": "no", "ref": "EN 1", "sidewalk": "no", "surface": "asphalt"}}, {"type": "Feature", "geometry": {"type": "LineString", "coordinates": [[-8.8531891, 39.629751], [-8.8526943, 39.6304339], [-8.8523497, 39.6309028], [-8.851102, 39.6326229], [-8.8492388, 39.6351852], [-8.8478142, 39.6371442], [-8.847671, 39.637341], [-8.8454948, 39.6403335]]}, "properties": {"highway": "primary", "lanes": "2", "ref": "EN 1", "smoothness": "excellent", "surface": "asphalt"}}, {"type": "Feature", "geometry": {"type": "LineString", "coordinates": [[-8.9517631, 39.3421486], [-8.9517499, 39.3420555], [-8.9517241, 39.3419733]]}, "properties": {"highway": "primary", "lanes": "1", "maxspeed": "50", "name": "Avenida dos Combatentes", "oneway": "yes", "ref": "EN 1", "surface": "asphalt"}}, {"type": "Feature", "geometry": {"type": "LineString", "coordinates": [[-8.9540713, 39.3465541], [-8.9546719, 39.3468201], [-8.9556412, 39.3472493], [-8.9557578, 39.347301], [-8.9560775, 39.3474423], [-8.9562727, 39.3475682], [-8.9564023, 39.3477067], [-8.9565294, 39.347921], [-8.9567487, 39.3486386], [-8.9567541, 39.348654], [-8.956759, 39.3486666], [-8.9568563, 39.3489168], [-8.9569312, 39.3492403], [-8.9569361, 39.3493592], [-8.9569378, 39.3494726], [-8.9569407, 39.3495269], [-8.9569397, 39.349581], [-8.9569281, 39.3496667]]}, "properties": {"highway": "primary", "lanes": "1", "maxspeed": "50", "oneway": "no", "ref": "EN 1", "surface": "asphalt"}}, {"type": "Feature", "geometry": {"type": "LineString", "coordinates": [[-8.9558845, 39.352969], [-8.9559774, 39.3531743], [-8.9561238, 39.3533114], [-8.9563449, 39.3534187], [-8.9566351, 39.3534631], [-8.9568292, 39.3534316], [-8.9573798, 39.3532944], [-8.9574961, 39.3532854], [-8.9575956, 39.3532899], [-8.9577923, 39.3533202], [-8.9579442, 39.3533918], [-8.9580251, 39.3534578], [-8.9581523, 39.3536123], [-8.9586984, 39.3542746], [-8.9588341, 39.3544157], [-8.9589377, 39.3544867], [-8.9590385, 39.3545371], [-8.9600497, 39.354971], [-8.9601255, 39.355016], [-8.9602566, 39.3551106], [-8.9603323, 39.355192], [-8.9603949, 39.3552852], [-8.9604561, 39.3554587], [-8.9604925, 39.3559398], [-8.9604889, 39.3560815], [-8.96047, 39.356154], [-8.9604198, 39.3562612], [-8.9603675, 39.3563443], [-8.960178, 39.356605], [-8.9600805, 39.3567908], [-8.9600479, 39.3568944], [-8.9600417, 39.3569617], [-8.960053, 39.3570562], [-8.9600787, 39.3571219], [-8.9603657, 39.3576231], [-8.9604555, 39.3578026], [-8.9604935, 39.3579168], [-8.9605203, 39.3580487], [-8.9605243, 39.3581086], [-8.9605385, 39.3587654], [-8.9605485, 39.3588421]]}, "properties": {"highway": "primary", "lanes": "1", "maxspeed": "70", "name": "Rua da Malaposta", "oneway": "no", "ref": "EN 1", "surface": "asphalt"}}, {"type": "Feature", "geometry": {"type": "LineString", "coordinates": [[-8.9606369, 39.359152], [-8.9606784, 39.3592349], [-8.960687, 39.3592619], [-8.9608366, 39.3595828], [-8.9608591, 39.3596927], [-8.9608781, 39.3598635], [-8.9608693, 39.3602086], [-8.9608734, 39.3606071], [-8.9608698, 39.3608121], [-8.9608766, 39.3608743], [-8.9608859, 39.3609594], [-8.9609061, 39.3610147], [-8.9609286, 39.3610765], [-8.9609421, 39.3611032], [-8.9609734, 39.3611652], [-8.9610025, 39.3612079], [-8.9610468, 39.3612729], [-8.9610876, 39.3613152], [-8.9611557, 39.3613858], [-8.9611996, 39.3614281], [-8.9613076, 39.3615323], [-8.9613538, 39.3615768]]}, "properties": {"highway": "primary", "lanes": "1", "maxspeed": "50", "name": "Rua dos Fundadores da Comiss\u00e3o de Melhoramentos", "oneway": "no", "overtaking": "no", "ref": "EN 1", "surface": "asphalt"}}, {"type": "Feature", "geometry": {"type": "LineString", "coordinates": [[-8.9365325, 39.3191296], [-8.9362216, 39.3184775], [-8.9358224, 39.3176389], [-8.9358014, 39.3175948], [-8.9357056, 39.3173936], [-8.9356001, 39.3171719], [-8.935379, 39.3167076], [-8.9352673, 39.3164729], [-8.9352223, 39.3163803], [-8.9351713, 39.3161966], [-8.934958, 39.3141012], [-8.9348567, 39.3137465]]}, "properties": {"highway": "primary", "lanes": "2", "maxspeed": "90", "ref": "EN 1", "surface": "asphalt"}}, {"type": "Feature", "geometry": {"type": "LineString", "coordinates": [[-8.9348567, 39.3137465], [-8.9343379, 39.3126837]]}, "properties": {"highway": "primary", "lanes": "2", "maxspeed": "90", "ref": "EN 1", "surface": "asphalt"}}, {"type": "Feature", "geometry": {"type": "LineString", "coordinates": [[-8.4800507, 40.8213382], [-8.4804691, 40.8212699], [-8.4823944, 40.8209161]]}, "properties": {"highway": "primary", "name": "Rua de Santo Ant\u00f3nio", "oneway": "no", "ref": "EN 1", "source": "Bing"}}, {"type": "Feature", "geometry": {"type": "LineString", "coordinates": [[-8.4790257, 40.822232], [-8.4789934, 40.822477], [-8.4790042, 40.8226071], [-8.4790133, 40.8227165], [-8.4790907, 40.8228424], [-8.4792024, 40.8229749], [-8.4793829, 40.8231432], [-8.479531, 40.8232239], [-8.4797403, 40.8232605], [-8.479938, 40.8232958], [-8.4801465, 40.8233763], [-8.4804316, 40.8236534], [-8.4805033, 40.8237231], [-8.481094, 40.8243679], [-8.481141, 40.8244191], [-8.4813909, 40.8246709], [-8.4815576, 40.8248117], [-8.4819757, 40.8250375], [-8.4822566, 40.8252338], [-8.4828003, 40.8257375], [-8.4829127, 40.8258417], [-8.4830662, 40.8260193], [-8.483155, 40.8262103], [-8.4832552, 40.8265833], [-8.4833215, 40.8269116], [-8.483336, 40.8270047]]}, "properties": {"highway": "primary", "name": "Rua de Santo Ant\u00f3nio", "oneway": "no", "ref": "EN 1", "surface": "asphalt"}}, {"type": "Feature", "geometry": {"type": "LineString", "coordinates": [[-8.6023057, 41.1053592], [-8.6023083, 41.1052843], [-8.6023217, 41.1052096], [-8.6023432, 41.1051186], [-8.6023754, 41.1050297], [-8.6024209, 41.1049281], [-8.6024944, 41.104782], [-8.6025603, 41.1046825]]}, "properties": {"access": "yes", "bicycle": "yes", "cycleway": "no", "highway": "primary", "lanes": "2", "lit": "yes", "maxspeed": "40", "name": "Rua Fonte dos Arrependidos", "oneway": "no", "ref": "EN 1", "sidewalk": "both", "surface": "asphalt"}}, {"type": "Feature", "geometry": {"type": "LineString", "coordinates": [[-8.6029881, 41.1030921], [-8.6030245, 41.1031824], [-8.603062, 41.1033118], [-8.6030792, 41.1034085], [-8.6030937, 41.1035161], [-8.6030916, 41.1036401], [-8.6030889, 41.1037099], [-8.6030781, 41.1037847], [-8.603041, 41.1039299]]}, "properties": {"access": "yes", "bicycle": "yes", "cycleway": "no", "foot": "yes", "highway": "primary", "lanes": "2", "lit": "yes", "maxspeed": "40", "name": "Rua do Alto das Torres", "oneway": "no", "ref": "EN 1", "sidewalk": "both", "source": "BING", "surface": "asphalt"}}, {"type": "Feature", "geometry": {"type": "LineString", "coordinates": [[-8.470405, 40.6366799], [-8.470592, 40.6363095], [-8.4706906, 40.6359945], [-8.4707322, 40.6357388], [-8.4707525, 40.6354878], [-8.4707466, 40.6352308], [-8.47065, 40.6346834]]}, "properties": {"highway": "primary", "lanes": "1", "maxspeed": "70", "oneway": "yes", "ref": "IC 2;EN 1", "surface": "asphalt"}}, {"type": "Feature", "geometry": {"type": "LineString", "coordinates": [[-8.4702803, 40.6367063], [-8.4702391, 40.6367936], [-8.4696732, 40.637966], [-8.4694731, 40.638437]]}, "properties": {"highway": "primary", "lanes": "1", "maxspeed": "70", "oneway": "yes", "ref": "IC 2;EN 1", "surface": "asphalt"}}, {"type": "Feature", "geometry": {"type": "LineString", "coordinates": [[-8.4639884, 40.6145395], [-8.4640534, 40.6143689]]}, "properties": {"highway": "primary", "lanes": "2", "maxspeed": "70", "oneway": "no", "ref": "IC 2;EN 1", "surface": "asphalt"}}, {"type": "Feature", "geometry": {"type": "LineString", "coordinates": [[-8.4640534, 40.6143689], [-8.4641629, 40.6140781]]}, "properties": {"highway": "primary", "lanes": "2", "maxspeed": "70", "oneway": "no", "ref": "IC 2;EN 1", "surface": "asphalt"}}, {"type": "Feature", "geometry": {"type": "LineString", "coordinates": [[-8.4639702, 40.6145874], [-8.4639884, 40.6145395]]}, "properties": {"highway": "primary", "lanes": "2", "maxspeed": "70", "oneway": "no", "ref": "IC 2;EN 1", "surface": "asphalt"}}, {"type": "Feature", "geometry": {"type": "LineString", "coordinates": [[-8.461679, 40.6207854], [-8.4617183, 40.6205411], [-8.4617489, 40.6204008], [-8.4617848, 40.6202819], [-8.4623904, 40.6187041], [-8.4625337, 40.6183353]]}, "properties": {"highway": "primary", "lanes": "2", "maxspeed": "70", "oneway": "no", "ref": "IC 2;EN 1", "surface": "asphalt"}}, {"type": "Feature", "geometry": {"type": "LineString", "coordinates": [[-8.4616136, 40.6213187], [-8.4616282, 40.6211873]]}, "properties": {"highway": "primary", "lanes": "3", "lanes:backward": "1", "lanes:forward": "2", "maxspeed": "70", "oneway": "no", "ref": "IC 2;EN 1", "surface": "asphalt"}}, {"type": "Feature", "geometry": {"type": "LineString", "coordinates": [[-8.4350636, 40.2032307], [-8.4350049, 40.2032116], [-8.4349414, 40.2032075], [-8.4348973, 40.203214], [-8.4348457, 40.2032327], [-8.4347987, 40.2032659], [-8.4347677, 40.2033088], [-8.4347561, 40.2033569], [-8.4347649, 40.2034054], [-8.4347778, 40.2034297], [-8.4347959, 40.203452], [-8.4348387, 40.2034843], [-8.4348922, 40.2035054], [-8.4349515, 40.2035135], [-8.4350112, 40.2035078], [-8.435066, 40.2034888], [-8.4351031, 40.203465], [-8.4351317, 40.2034352], [-8.4351501, 40.203401], [-8.435157, 40.2033526], [-8.4351437, 40.2033049], [-8.4351115, 40.2032629], [-8.4350636, 40.2032307]]}, "properties": {"highway": "primary", "junction": "roundabout", "lanes": "2", "maxspeed:type": "PT:urban", "ref": "EN 1", "sidewalk": "right", "surface": "asphalt"}}, {"type": "Feature", "geometry": {"type": "LineString", "coordinates": [[-8.4363056, 40.1971617], [-8.4362865, 40.1971801], [-8.4362749, 40.1972019], [-8.4362716, 40.1972252], [-8.4362771, 40.1972484], [-8.4362947, 40.1972734], [-8.4363053, 40.1972808], [-8.4363223, 40.1972926], [-8.4363568, 40.1973034], [-8.436392, 40.197305], [-8.436426, 40.1972978], [-8.4364554, 40.1972828], [-8.4364767, 40.1972613], [-8.4364872, 40.1972394], [-8.4364892, 40.1972161], [-8.4364827, 40.1971933], [-8.4364682, 40.1971729], [-8.4364469, 40.1971562], [-8.4364203, 40.1971448], [-8.4363988, 40.1971399], [-8.4363598, 40.1971405], [-8.4363308, 40.1971482], [-8.4363056, 40.1971617]]}, "properties": {"highway": "primary", "junction": "roundabout", "lanes": "1", "ref": "EN 1", "surface": "asphalt"}}, {"type": "Feature", "geometry": {"type": "LineString", "coordinates": [[-8.4509363, 40.1778412], [-8.45093, 40.1778738]]}, "properties": {"highway": "primary", "oneway": "yes", "ref": "EN 1", "surface": "asphalt"}}, {"type": "Feature", "geometry": {"type": "LineString", "coordinates": [[-8.4599209, 40.1643304], [-8.4599517, 40.1642916], [-8.4599578, 40.1642487], [-8.4599403, 40.1642077], [-8.4599109, 40.164181], [-8.4598632, 40.1641613], [-8.4598092, 40.1641577], [-8.4597587, 40.1641703], [-8.459714, 40.1642018], [-8.4596921, 40.1642451], [-8.4596975, 40.1642913], [-8.4597291, 40.1643309], [-8.4597803, 40.1643558], [-8.4598555, 40.1643588], [-8.4599209, 40.1643304]]}, "properties": {"highway": "primary", "junction": "roundabout", "lanes": "1", "name": "Estrada da Ponte", "ref": "EN 1", "surface": "asphalt"}}, {"type": "Feature", "geometry": {"type": "LineString", "coordinates": [[-8.76772, 39.7713493], [-8.7678521, 39.771215], [-8.7679828, 39.7710976], [-8.768043, 39.7710387], [-8.7682609, 39.7708499], [-8.7684243, 39.7707113], [-8.7686412, 39.7705316], [-8.7687431, 39.7704574], [-8.7690534, 39.7702549]]}, "properties": {"highway": "trunk", "lanes": "2", "lit": "yes", "maxspeed": "60", "oneway": "yes", "ref": "IC 2;EN 1", "surface": "asphalt", "turn:lanes": "none|merge_to_left"}}, {"type": "Feature", "geometry": {"type": "LineString", "coordinates": [[-8.6063511, 41.1172289], [-8.6063181, 41.1177452], [-8.6063173, 41.117789], [-8.6062961, 41.118041], [-8.6062634, 41.118407], [-8.6062401, 41.1186863], [-8.606223, 41.11882], [-8.6062123, 41.1188826], [-8.6061924, 41.1189562], [-8.6061716, 41.1190062], [-8.6061466, 41.1190493], [-8.606109, 41.1190847], [-8.6060675, 41.1191119], [-8.6059375, 41.1191567]]}, "properties": {"highway": "primary", "lanes": "1", "lit": "yes", "maxspeed:type": "PT:urban", "name": "Avenida da Rep\u00fablica", "name:etymology:wikidata": "Q167360", "oneway": "yes", "ref": "EN 1", "sidewalk": "right", "surface": "asphalt"}}, {"type": "Feature", "geometry": {"type": "LineString", "coordinates": [[-8.5362511, 40.9804379], [-8.5362149, 40.9804431], [-8.5361808, 40.9804538], [-8.5361505, 40.9804696], [-8.5361251, 40.9804899], [-8.5361059, 40.9805137], [-8.5360914, 40.9805482], [-8.5360897, 40.9805843], [-8.536101, 40.9806195], [-8.5361244, 40.9806511], [-8.5361608, 40.9806783], [-8.5362061, 40.9806965]]}, "properties": {"highway": "primary", "junction": "roundabout", "lanes": "2", "lit": "yes", "maxspeed": "50", "name": "Avenida Principal", "ref": "EN 1", "surface": "asphalt"}}, {"type": "Feature", "geometry": {"type": "LineString", "coordinates": [[-8.5362206, 40.9832222], [-8.5361636, 40.9831006], [-8.5361173, 40.9830011], [-8.5360151, 40.9827784], [-8.5359611, 40.9826214], [-8.5359255, 40.9824727], [-8.5358965, 40.9821279], [-8.5358934, 40.9819959], [-8.5358925, 40.981958], [-8.5358927, 40.9818701], [-8.5358946, 40.9818528], [-8.5359038, 40.9817692], [-8.5359276, 40.9816546], [-8.5359503, 40.9815449], [-8.5360765, 40.9812425], [-8.5361914, 40.9810453], [-8.5362324, 40.9809749], [-8.5362825, 40.9808888]]}, "properties": {"highway": "primary", "lanes": "2", "lit": "yes", "maxspeed": "50", "name": "Avenida Principal", "oneway": "no", "ref": "EN 1", "surface": "asphalt"}}, {"type": "Feature", "geometry": {"type": "LineString", "coordinates": [[-8.8272628, 39.6581349], [-8.8272486, 39.6583057]]}, "properties": {"cycleway:both": "no", "highway": "primary", "lanes": "2", "parking:both": "no", "ref": "EN 1", "sidewalk": "no", "surface": "asphalt"}}, {"type": "Feature", "geometry": {"type": "LineString", "coordinates": [[-8.8272051, 39.6588325], [-8.8271529, 39.660078], [-8.8271322, 39.6608042], [-8.8271074, 39.6614514], [-8.8270968, 39.6618524], [-8.8271074, 39.6620742], [-8.8271547, 39.662393], [-8.8271939, 39.6625553], [-8.8272974, 39.6628936], [-8.8273584, 39.6630423], [-8.8274235, 39.6631816], [-8.8275926, 39.6635]]}, "properties": {"cycleway:both": "no", "highway": "primary", "lanes": "3", "lanes:backward": "1", "lanes:forward": "2", "lit": "no", "maxspeed": "80", "ref": "EN 1", "sidewalk": "no", "smoothness": "good", "surface": "asphalt"}}, {"type": "Feature", "geometry": {"type": "LineString", "coordinates": [[-8.8292097, 39.6650102], [-8.8294203, 39.6651218], [-8.829907, 39.6653695], [-8.8305545, 39.6656636], [-8.8309663, 39.6658568]]}, "properties": {"cycleway:both": "no", "highway": "primary", "lanes": "2", "lit": "no", "maxspeed": "80", "ref": "EN 1", "sidewalk": "no", "smoothness": "excellent", "surface": "asphalt"}}, {"type": "Feature", "geometry": {"type": "LineString", "coordinates": [[-8.8275926, 39.6635], [-8.8277026, 39.6636774], [-8.8278548, 39.663884]]}, "properties": {"cycleway:both": "no", "highway": "primary", "lanes": "3", "lanes:backward": "1", "lanes:forward": "2", "lit": "no", "maxspeed": "80", "ref": "EN 1", "sidewalk": "no", "smoothness": "excellent", "surface": "asphalt"}}, {"type": "Feature", "geometry": {"type": "LineString", "coordinates": [[-8.8289085, 39.6560687], [-8.8286105, 39.656214], [-8.8284716, 39.6563059], [-8.8283428, 39.6563944], [-8.8281933, 39.656512], [-8.8279656, 39.6567143]]}, "properties": {"highway": "primary", "lanes": "1", "oneway": "yes", "ref": "EN 1", "surface": "asphalt"}}, {"type": "Feature", "geometry": {"type": "LineString", "coordinates": [[-8.8371538, 39.6508181], [-8.8364227, 39.6513545], [-8.8359011, 39.6517371]]}, "properties": {"highway": "primary", "lanes": "3", "lanes:backward": "2", "lanes:forward": "1", "ref": "EN 1", "smoothness": "excellent", "surface": "asphalt", "turn:lanes:backward": "through|merge_to_left"}}, {"type": "Feature", "geometry": {"type": "LineString", "coordinates": [[-8.8393197, 39.6490777], [-8.839189, 39.6492186], [-8.8390133, 39.6494067]]}, "properties": {"highway": "primary", "lanes": "3", "lanes:backward": "1", "lanes:forward": "2", "ref": "EN 1", "smoothness": "excellent", "surface": "asphalt", "turn:lanes:forward": "left|through"}}, {"type": "Feature", "geometry": {"type": "LineString", "coordinates": [[-8.8385115, 39.6498219], [-8.8384635, 39.6498605], [-8.8371538, 39.6508181]]}, "properties": {"highway": "primary", "lanes": "2", "ref": "EN 1", "smoothness": "excellent", "surface": "asphalt"}}, {"type": "Feature", "geometry": {"type": "LineString", "coordinates": [[-8.8791091, 39.5692844], [-8.878687, 39.5698858]]}, "properties": {"highway": "trunk", "lanes": "3", "lanes:backward": "2", "lanes:forward": "1", "maxspeed": "60", "ref": "IC 2;EN 1", "surface": "asphalt", "turn:lanes:backward": "through|merge_to_left"}}, {"type": "Feature", "geometry": {"type": "LineString", "coordinates": [[-8.9615938, 39.3828199], [-8.9616277, 39.3826241], [-8.9616993, 39.3822107], [-8.9617208, 39.3820866], [-8.9620944, 39.3800187], [-8.9621511, 39.379723], [-8.962382, 39.3784618], [-8.9625881, 39.3773759], [-8.9626218, 39.3771898], [-8.9626628, 39.3770097], [-8.9626989, 39.3768485], [-8.962754, 39.3766361], [-8.9627981, 39.3764881], [-8.9628583, 39.3763115], [-8.9629452, 39.3760841]]}, "properties": {"highway": "trunk", "lanes": "2", "ref": "IC 2;EN 1", "surface": "asphalt"}}, {"type": "Feature", "geometry": {"type": "LineString", "coordinates": [[-8.8454948, 39.6403335], [-8.8452668, 39.6406471]]}, "properties": {"highway": "primary", "lanes": "2", "ref": "EN 1", "smoothness": "excellent", "surface": "asphalt"}}, {"type": "Feature", "geometry": {"type": "LineString", "coordinates": [[-8.8452668, 39.6406471], [-8.845248, 39.6406729], [-8.8448979, 39.6411543]]}, "properties": {"highway": "primary", "lanes": "3", "lanes:backward": "2", "lanes:forward": "1", "ref": "EN 1", "smoothness": "excellent", "surface": "asphalt", "turn:lanes:backward": "left|through"}}, {"type": "Feature", "geometry": {"type": "LineString", "coordinates": [[-8.843606, 39.6429962], [-8.8431657, 39.6436228]]}, "properties": {"highway": "primary", "lanes": "2", "ref": "EN 1", "smoothness": "excellent", "surface": "asphalt"}}, {"type": "Feature", "geometry": {"type": "LineString", "coordinates": [[-8.8429813, 39.6438851], [-8.8428678, 39.6440466]]}, "properties": {"highway": "primary", "lanes": "2", "ref": "EN 1", "smoothness": "excellent", "surface": "asphalt"}}, {"type": "Feature", "geometry": {"type": "LineString", "coordinates": [[-8.8431657, 39.6436228], [-8.8429813, 39.6438851]]}, "properties": {"highway": "primary", "lanes": "2", "ref": "EN 1", "smoothness": "excellent", "surface": "asphalt"}}, {"type": "Feature", "geometry": {"type": "LineString", "coordinates": [[-8.8425542, 39.6444929], [-8.8424491, 39.6446419]]}, "properties": {"highway": "primary", "lanes": "3", "lanes:backward": "1", "lanes:forward": "2", "ref": "EN 1", "smoothness": "excellent", "surface": "asphalt", "turn:lanes:forward": "left|through", "wait:lanes:forward": "stop|none"}}, {"type": "Feature", "geometry": {"type": "LineString", "coordinates": [[-8.8422502, 39.644933], [-8.8413135, 39.6462586], [-8.8412592, 39.6463354]]}, "properties": {"highway": "primary", "lanes": "2", "ref": "EN 1", "smoothness": "excellent", "surface": "asphalt"}}, {"type": "Feature", "geometry": {"type": "LineString", "coordinates": [[-8.8330803, 39.6683042], [-8.8330865, 39.6682146], [-8.8330767, 39.6681585], [-8.8330392, 39.6679433], [-8.8330135, 39.6678166], [-8.8329281, 39.6674702], [-8.8329199, 39.6674419], [-8.8329227, 39.6673876]]}, "properties": {"cycleway:both": "no", "highway": "primary", "lanes": "1", "lit": "yes", "maxspeed": "50", "oneway": "yes", "parking:both": "no", "ref": "EN 1", "sidewalk": "no", "surface": "asphalt"}}, {"type": "Feature", "geometry": {"type": "LineString", "coordinates": [[-8.8332092, 39.6690855], [-8.8330803, 39.6683042]]}, "properties": {"cycleway:both": "no", "highway": "primary", "lanes": "3", "lanes:backward": "2", "lanes:forward": "1", "lit": "yes", "maxspeed": "50", "parking:both": "no", "ref": "EN 1", "sidewalk": "left", "surface": "asphalt", "turn:lanes:backward": "left|through"}}, {"type": "Feature", "geometry": {"type": "LineString", "coordinates": [[-8.8333901, 39.6702382], [-8.8333413, 39.669921], [-8.8333355, 39.6698833]]}, "properties": {"cycleway:both": "no", "highway": "primary", "lanes": "2", "lit": "yes", "maxspeed": "50", "parking:both": "no", "ref": "EN 1", "sidewalk": "left", "source": "bing", "surface": "asphalt"}}, {"type": "Feature", "geometry": {"type": "LineString", "coordinates": [[-8.833411, 39.6703891], [-8.8333901, 39.6702382]]}, "properties": {"cycleway:both": "no", "highway": "primary", "lanes": "2", "lit": "yes", "maxspeed": "50", "parking:both": "no", "ref": "EN 1", "sidewalk": "left", "source": "bing", "surface": "asphalt"}}, {"type": "Feature", "geometry": {"type": "LineString", "coordinates": [[-8.8333355, 39.6698833], [-8.8333145, 39.6697525], [-8.8332593, 39.6694075]]}, "properties": {"cycleway:both": "no", "highway": "primary", "lanes": "3", "lanes:backward": "2", "lanes:forward": "1", "lit": "yes", "maxspeed": "50", "parking:both": "no", "ref": "EN 1", "sidewalk": "left", "source": "bing", "surface": "asphalt", "turn:lanes:backward": "left|through"}}, {"type": "Feature", "geometry": {"type": "LineString", "coordinates": [[-8.8332593, 39.6694075], [-8.8332092, 39.6690855]]}, "properties": {"cycleway:both": "no", "highway": "primary", "lanes": "2", "lit": "yes", "maxspeed": "50", "parking:both": "no", "ref": "EN 1", "sidewalk": "left", "source": "bing", "surface": "asphalt"}}, {"type": "Feature", "geometry": {"type": "LineString", "coordinates": [[-8.833512, 39.6709785], [-8.8334547, 39.6706636], [-8.8334431, 39.6705912], [-8.833411, 39.6703891]]}, "properties": {"cycleway:both": "no", "highway": "primary", "lanes": "3", "lanes:backward": "1", "lanes:forward": "2", "lit": "yes", "maxspeed": "50", "parking:both": "no", "ref": "EN 1", "sidewalk": "both", "source": "bing", "surface": "asphalt", "turn:lanes:forward": "left|through"}}, {"type": "Feature", "geometry": {"type": "LineString", "coordinates": [[-8.8337616, 39.6727773], [-8.8336108, 39.6717103], [-8.8335673, 39.6713808], [-8.8335466, 39.67123]]}, "properties": {"cycleway:both": "no", "highway": "primary", "lanes": "2", "lit": "yes", "maxspeed": "50", "parking:both": "no", "ref": "EN 1", "sidewalk": "both", "smoothness": "good", "source": "bing", "surface": "asphalt"}}, {"type": "Feature", "geometry": {"type": "LineString", "coordinates": [[-8.8340961, 39.6747919], [-8.8340719, 39.6746819], [-8.8340032, 39.6742541], [-8.833919, 39.6737046], [-8.8337616, 39.6727773]]}, "properties": {"cycleway:both": "no", "highway": "primary", "lanes": "2", "lit": "yes", "maxspeed": "50", "parking:left": "no", "parking:right": "lane", "parking:right:orientation": "parallel", "ref": "EN 1", "sidewalk": "both", "smoothness": "good", "source": "bing", "surface": "asphalt"}}, {"type": "Feature", "geometry": {"type": "LineString", "coordinates": [[-8.8345672, 39.6765517], [-8.8344216, 39.6760342], [-8.834348, 39.6757637]]}, "properties": {"cycleway:both": "no", "highway": "primary", "lanes": "3", "lanes:backward": "1", "lanes:forward": "2", "lit": "yes", "maxspeed": "50", "ref": "EN 1", "sidewalk": "both", "sidewalk:both:surface": "paving_stones", "smoothness": "good", "source": "bing", "surface": "asphalt", "turn:lanes:forward": "left|through"}}, {"type": "Feature", "geometry": {"type": "LineString", "coordinates": [[-8.8342841, 39.6755231], [-8.8341727, 39.6750898]]}, "properties": {"cycleway:both": "no", "highway": "primary", "lanes": "3", "lanes:backward": "2", "lanes:forward": "1", "lit": "yes", "maxspeed": "50", "parking:both": "no", "ref": "EN 1", "sidewalk": "both", "smoothness": "good", "surface": "asphalt", "turn:lanes:backward": "left|through"}}, {"type": "Feature", "geometry": {"type": "LineString", "coordinates": [[-8.8353405, 39.679483], [-8.8352142, 39.6790111]]}, "properties": {"cycleway:both": "no", "highway": "primary", "lanes": "3", "lanes:backward": "1", "lanes:forward": "2", "lit": "yes", "ref": "EN 1", "sidewalk": "both", "smoothness": "good", "surface": "asphalt", "turn:lanes:forward": "left|through"}}, {"type": "Feature", "geometry": {"type": "LineString", "coordinates": [[-8.8353211, 39.6811553], [-8.8353718, 39.680933], [-8.8354201, 39.6806774], [-8.8354382, 39.6804829]]}, "properties": {"cycleway:both": "no", "highway": "primary", "lanes": "3", "lanes:backward": "2", "lanes:forward": "1", "lit": "yes", "ref": "EN 1", "sidewalk": "both", "smoothness": "good", "surface": "asphalt"}}, {"type": "Feature", "geometry": {"type": "LineString", "coordinates": [[-8.8354382, 39.6804829], [-8.8354492, 39.6802383], [-8.8354477, 39.6801607], [-8.835446, 39.6800675], [-8.8354253, 39.6798881], [-8.8354044, 39.679775]]}, "properties": {"cycleway:both": "no", "highway": "primary", "lanes": "3", "lanes:backward": "2", "lanes:forward": "1", "lit": "yes", "ref": "EN 1", "sidewalk": "both", "smoothness": "good", "surface": "asphalt"}}, {"type": "Feature", "geometry": {"type": "LineString", "coordinates": [[-8.8344509, 39.6842798], [-8.8345578, 39.684146], [-8.8346477, 39.6838455], [-8.8347937, 39.6833489], [-8.8350095, 39.6826086], [-8.8350996, 39.6822489]]}, "properties": {"cycleway:both": "no", "foot": "yes", "highway": "primary", "lanes": "2", "lit": "yes", "oneway": "yes", "ref": "EN 1", "sidewalk": "no", "smoothness": "good", "surface": "asphalt", "turn:lanes": "through|merge_to_left"}}, {"type": "Feature", "geometry": {"type": "LineString", "coordinates": [[-8.8343475, 39.6846177], [-8.8344509, 39.6842798]]}, "properties": {"cycleway:both": "no", "highway": "primary", "lanes": "5", "lanes:backward": "3", "lanes:forward": "2", "lit": "yes", "ref": "EN 1", "sidewalk": "no", "smoothness": "good", "surface": "asphalt", "turn:lanes:backward": "left|through|through"}}, {"type": "Feature", "geometry": {"type": "LineString", "coordinates": [[-8.8341537, 39.6850675], [-8.8342215, 39.6849094], [-8.8343161, 39.6846891], [-8.8343475, 39.6846177]]}, "properties": {"cycleway:both": "no", "highway": "primary", "lanes": "4", "lanes:backward": "3", "lanes:forward": "1", "lit": "yes", "ref": "EN 1", "sidewalk": "no", "smoothness": "good", "surface": "asphalt", "turn:lanes:backward": "left|through|through"}}, {"type": "Feature", "geometry": {"type": "LineString", "coordinates": [[-8.8322235, 39.6884168], [-8.8323332, 39.6881961], [-8.8326105, 39.6876786]]}, "properties": {"cycleway:both": "no", "highway": "primary", "lanes": "3", "lanes:backward": "1", "lanes:forward": "2", "lit": "yes", "ref": "EN 1", "sidewalk": "no", "smoothness": "good", "surface": "asphalt", "turn:lanes:forward": "through|merge_to_left"}}, {"type": "Feature", "geometry": {"type": "LineString", "coordinates": [[-8.8326105, 39.6876786], [-8.8331493, 39.6867863]]}, "properties": {"cycleway:both": "no", "highway": "primary", "lanes": "4", "lanes:backward": "2", "lanes:forward": "2", "lit": "yes", "ref": "EN 1", "sidewalk": "no", "smoothness": "good", "surface": "asphalt", "turn:lanes:backward": "through|merge_to_left", "turn:lanes:forward": "through|merge_to_left"}}, {"type": "Feature", "geometry": {"type": "LineString", "coordinates": [[-8.8296004, 39.6950561], [-8.829736, 39.6945534], [-8.8297357, 39.6944621]]}, "properties": {"cycleway:both": "no", "highway": "primary", "lanes": "1", "lit": "yes", "maxspeed": "50", "oneway": "yes", "ref": "EN 1", "sidewalk": "no", "smoothness": "good", "surface": "asphalt"}}, {"type": "Feature", "geometry": {"type": "LineString", "coordinates": [[-8.8288819, 39.6984391], [-8.8288242, 39.6987682], [-8.8286795, 39.6996203], [-8.8286854, 39.6996463], [-8.8286987, 39.6997049]]}, "properties": {"cycleway:both": "no", "highway": "primary", "lanes": "1", "lit": "yes", "maxspeed": "60", "oneway": "yes", "ref": "EN 1", "sidewalk": "no", "surface": "asphalt"}}, {"type": "Feature", "geometry": {"type": "LineString", "coordinates": [[-8.8286369, 39.7001372], [-8.8286987, 39.6997049]]}, "properties": {"cycleway:both": "no", "highway": "primary", "lanes": "2", "lit": "yes", "maxspeed": "50", "ref": "EN 1", "sidewalk": "no", "smoothness": "good", "surface": "asphalt"}}, {"type": "Feature", "geometry": {"type": "LineString", "coordinates": [[-8.8271713, 39.7065099], [-8.8271508, 39.7066028], [-8.8271285, 39.7066852], [-8.8270936, 39.7068049], [-8.8270641, 39.7069122], [-8.8270319, 39.707034], [-8.8270105, 39.7071206]]}, "properties": {"cycleway:both": "no", "highway": "primary", "lanes": "1", "lit": "yes", "maxspeed": "90", "oneway": "yes", "ref": "EN 1", "surface": "asphalt"}}, {"type": "Feature", "geometry": {"type": "LineString", "coordinates": [[-8.829286, 39.7129729], [-8.8286387, 39.7118295], [-8.828416, 39.7114553], [-8.8280984, 39.7109043], [-8.8278985, 39.7105564], [-8.8276366, 39.710092], [-8.8275224, 39.709897], [-8.8274453, 39.709759], [-8.827388, 39.7096538], [-8.8273397, 39.7095538], [-8.8272914, 39.7094525], [-8.8272511, 39.7093667], [-8.8272123, 39.7092747], [-8.8271785, 39.7091854], [-8.827141, 39.7090858], [-8.8271012, 39.7089633], [-8.8270722, 39.7088809], [-8.8270435, 39.7087857], [-8.8270323, 39.7087436], [-8.8270203, 39.70868], [-8.8270024, 39.7085878], [-8.8269917, 39.7085197], [-8.8269837, 39.7084557], [-8.8269756, 39.7083855], [-8.8269717, 39.7083181], [-8.8269702, 39.7082514], [-8.8269676, 39.7080162], [-8.8269676, 39.7079275], [-8.8269702, 39.7078614], [-8.8269756, 39.7077851], [-8.8269837, 39.7077143], [-8.8270105, 39.7075065], [-8.8270212, 39.7074302], [-8.8270346, 39.7073538], [-8.827048, 39.7072816], [-8.8270641, 39.7072032], [-8.8270837, 39.7071127], [-8.827107, 39.7070113], [-8.8271339, 39.7069081], [-8.8271634, 39.7067967], [-8.8271929, 39.7066935], [-8.8272331, 39.7065656], [-8.8274879, 39.705833], [-8.8275335, 39.705703], [-8.8275791, 39.705573], [-8.8276274, 39.7054306], [-8.8276703, 39.7052986], [-8.8277454, 39.7050716], [-8.8278151, 39.7048714], [-8.8278705, 39.7047194], [-8.8278922, 39.7046641], [-8.827912, 39.7046149], [-8.8279388, 39.7045633], [-8.827967, 39.7045206], [-8.8280039, 39.7044745], [-8.8280345, 39.7044425], [-8.8280677, 39.7044159]]}, "properties": {"cycleway:both": "no", "highway": "primary", "lanes": "1", "lit": "yes", "maxheight": "default", "maxspeed": "90", "oneway": "yes", "ref": "EN 1", "sidewalk": "no", "smoothness": "good", "surface": "asphalt"}}, {"type": "Feature", "geometry": {"type": "LineString", "coordinates": [[-8.9612215, 39.4235502], [-8.9612897, 39.4233612], [-8.9615092, 39.4228145], [-8.9625405, 39.4203902], [-8.9626872, 39.42006], [-8.9628012, 39.4197742], [-8.9628727, 39.4195856], [-8.962944, 39.4193813], [-8.9630093, 39.4191645], [-8.9630662, 39.4189493], [-8.963112, 39.4187614], [-8.9631532, 39.4185787], [-8.9632021, 39.4183326], [-8.9632315, 39.4181238], [-8.9632604, 39.4178731], [-8.9632873, 39.4175923], [-8.9632926, 39.4174701], [-8.9632985, 39.4173027], [-8.9633021, 39.4170363], [-8.9632962, 39.4168194], [-8.9632774, 39.4165715], [-8.963249, 39.4162899], [-8.963034, 39.4148187], [-8.9624627, 39.4111294], [-8.962382, 39.4106083], [-8.9622601, 39.4098187], [-8.9620089, 39.4081846]]}, "properties": {"highway": "trunk", "lanes": "1", "maxspeed": "70", "oneway": "yes", "ref": "IC 2;EN 1", "surface": "asphalt"}}, {"type": "Feature", "geometry": {"type": "LineString", "coordinates": [[-28.0437377, 39.0492065], [-28.0433902, 39.0489874], [-28.0415034, 39.0477027], [-28.0411434, 39.0474678], [-28.0409551, 39.0473401], [-28.0408799, 39.0472683], [-28.040819, 39.0471856], [-28.0407822, 39.0471204], [-28.0407504, 39.0470372], [-28.0407358, 39.0469481], [-28.0407335, 39.0468603], [-28.0407433, 39.0467553], [-28.0407773, 39.0466545], [-28.0409692, 39.0462936], [-28.0410992, 39.0460715], [-28.0411714, 39.0459494], [-28.0412823, 39.0458162], [-28.0414249, 39.0456577], [-28.0415179, 39.0455552], [-28.0416227, 39.0454233], [-28.0416652, 39.0453256], [-28.0416889, 39.0452083], [-28.0416918, 39.0450888], [-28.041661, 39.0449643], [-28.0415809, 39.0448385], [-28.0414239, 39.0446503], [-28.0411588, 39.0443661], [-28.0410532, 39.0442319], [-28.0409796, 39.044114], [-28.0409283, 39.0439897], [-28.040803, 39.0436061], [-28.0407489, 39.043486], [-28.0406767, 39.0433612], [-28.0406163, 39.0432904], [-28.0405324, 39.0432142], [-28.0404598, 39.0431619], [-28.040382, 39.043118], [-28.0402914, 39.0430786], [-28.0401746, 39.0430382], [-28.040032, 39.043001], [-28.0398893, 39.0429778], [-28.0397727, 39.0429732], [-28.0396521, 39.0429786], [-28.0394033, 39.0430185], [-28.0390985, 39.0430838], [-28.0379175, 39.0433411], [-28.0376352, 39.0433934], [-28.0374627, 39.0434526], [-28.0372967, 39.0435423], [-28.0371668, 39.043634], [-28.0367129, 39.0439572], [-28.0364641, 39.0441374], [-28.0363509, 39.0441928], [-28.0362583, 39.044206], [-28.0361591, 39.0441962], [-28.0360649, 39.0441674], [-28.0359834, 39.0441129], [-28.0359319, 39.0440486], [-28.0359078, 39.0439664], [-28.0359139, 39.0438734], [-28.035947, 39.0438036], [-28.0362251, 39.0433997], [-28.0363422, 39.0432435], [-28.0364123, 39.0430964], [-28.0364898, 39.0428824], [-28.0367874, 39.0420306], [-28.0368601, 39.0417726], [-28.0368788, 39.0416351], [-28.0368722, 39.0414457], [-28.0368157, 39.0412091], [-28.036702, 39.0408435], [-28.0364406, 39.0400163], [-28.0363714, 39.0397809], [-28.0363651, 39.0396389], [-28.0363996, 39.039496], [-28.0364882, 39.0393002], [-28.0367155, 39.038949], [-28.0375379, 39.0375564], [-28.0376972, 39.037295], [-28.0377706, 39.0371773], [-28.0378221, 39.0370739], [-28.0378457, 39.0369657], [-28.0378374, 39.0368467], [-28.0377896, 39.0366948], [-28.0370619, 39.0348653], [-28.0369888, 39.034663], [-28.0369494, 39.0344724], [-28.036966, 39.03433], [-28.0370198, 39.0341755]]}, "properties": {"highway": "primary", "ref": "EN 1", "surface": "asphalt"}}, {"type": "Feature", "geometry": {"type": "LineString", "coordinates": [[-28.0370198, 39.0341755], [-28.0373342, 39.0335239], [-28.0374245, 39.0333177], [-28.0374532, 39.0331137], [-28.0374328, 39.0329212], [-28.0371199, 39.0322185], [-28.0366807, 39.0312679], [-28.0365062, 39.0310506], [-28.0363605, 39.0309291], [-28.0361915, 39.0308365], [-28.0360106, 39.0307739], [-28.0345409, 39.0303877], [-28.0339837, 39.0302462], [-28.0337906, 39.0302144], [-28.033627, 39.030209], [-28.0334555, 39.0302259], [-28.0333258, 39.0302603], [-28.0330647, 39.0303434], [-28.0328207, 39.0304268], [-28.0326512, 39.0304563], [-28.032427, 39.0304817], [-28.0319634, 39.030503], [-28.0317044, 39.0305249], [-28.0315152, 39.0305624], [-28.031344, 39.0306238], [-28.0308352, 39.0308691], [-28.0306241, 39.0309664], [-28.0304707, 39.0310048], [-28.0302933, 39.0310045], [-28.0301219, 39.0309696], [-28.0299407, 39.0309037], [-28.0295841, 39.0307565], [-28.0293889, 39.0306857], [-28.0292371, 39.0306523], [-28.0290487, 39.0306441], [-28.0288777, 39.0306703], [-28.0284709, 39.0308071], [-28.0283191, 39.0308438], [-28.0281759, 39.0308566], [-28.0279902, 39.0308422], [-28.0278005, 39.0307965], [-28.0276024, 39.0307305], [-28.0272692, 39.030623], [-28.0270445, 39.0305687], [-28.0268783, 39.0305374], [-28.0266751, 39.0305289], [-28.0263844, 39.0305457], [-28.026015, 39.0305758], [-28.0254817, 39.0306128], [-28.0249237, 39.0306482], [-28.0247794, 39.0306533], [-28.0246809, 39.0306568], [-28.0244983, 39.0306507], [-28.0242892, 39.0306109], [-28.024153, 39.0305556], [-28.0237603, 39.0303496], [-28.0234312, 39.0301689], [-28.0232433, 39.0300507], [-28.0231017, 39.0299388], [-28.0229359, 39.0297727], [-28.0227878, 39.0296298], [-28.0226881, 39.0295444], [-28.0225676, 39.0294697], [-28.0224684, 39.0294313], [-28.0223359, 39.0294], [-28.022147, 39.0293774], [-28.021813, 39.0293424], [-28.0216177, 39.0293356], [-28.0215155, 39.0293391], [-28.0213654, 39.0293639], [-28.0212415, 39.0293892], [-28.0210662, 39.0294468], [-28.0208973, 39.0295071], [-28.0206312, 39.0296218], [-28.0198756, 39.0299327], [-28.0196818, 39.0300095], [-28.0195257, 39.0300669], [-28.0193078, 39.030107], [-28.0190885, 39.0301146], [-28.0188682, 39.0300887], [-28.018601, 39.0300126], [-28.0181769, 39.0298902], [-28.017874, 39.0297892], [-28.0177375, 39.0297205], [-28.0176133, 39.0296454], [-28.0174406, 39.0294849], [-28.0172277, 39.0292379], [-28.0170259, 39.0289927], [-28.0169351, 39.0288516], [-28.0168704, 39.0287098], [-28.0167501, 39.0283465], [-28.0166762, 39.0280977], [-28.0165884, 39.0278943]]}, "properties": {"highway": "primary", "ref": "EN 1", "surface": "asphalt"}}, {"type": "Feature", "geometry": {"type": "LineString", "coordinates": [[-28.0653778, 39.0672609], [-28.0649274, 39.0667628], [-28.0647951, 39.0666037], [-28.0646872, 39.0664539], [-28.064612, 39.0662992], [-28.0645701, 39.0661669], [-28.0645473, 39.0660549], [-28.0645248, 39.0655294], [-28.0645035, 39.0652458], [-28.0644737, 39.0651041], [-28.0644399, 39.0650039], [-28.0643312, 39.0648204], [-28.0638904, 39.0641562], [-28.0633362, 39.0633148], [-28.0631805, 39.0630807], [-28.063022, 39.0629141], [-28.0627461, 39.062682], [-28.0624232, 39.0623863], [-28.0623299, 39.0622697], [-28.0622257, 39.0621159], [-28.0619808, 39.0616765], [-28.0617205, 39.0612209], [-28.0615992, 39.0610087], [-28.0614762, 39.0608128], [-28.0613159, 39.0606291], [-28.0610272, 39.0603539], [-28.0604844, 39.0598533], [-28.0595505, 39.0589721], [-28.0590205, 39.0584527], [-28.0587042, 39.0581765], [-28.0585021, 39.0580603], [-28.0582359, 39.0579249], [-28.0581522, 39.0578811], [-28.0579489, 39.0577746], [-28.0572448, 39.0574012], [-28.0571408, 39.0573514], [-28.055799, 39.056651], [-28.0553317, 39.0564038], [-28.0550409, 39.0562577], [-28.0547991, 39.0561274], [-28.0545867, 39.0560169], [-28.0544105, 39.0558873], [-28.0542714, 39.055726], [-28.0541173, 39.0555347], [-28.0535729, 39.0548147], [-28.0531514, 39.0542776], [-28.0526468, 39.0536465], [-28.0514752, 39.0521809], [-28.0514221, 39.0521145], [-28.0509172, 39.0514875], [-28.0507892, 39.0513337], [-28.0505967, 39.0511715], [-28.0505075, 39.0511161], [-28.0501496, 39.0509256], [-28.0497536, 39.0507043], [-28.0494628, 39.0505431], [-28.049158, 39.0503755], [-28.0489811, 39.0502794], [-28.048791, 39.050197], [-28.0485987, 39.0501441]]}, "properties": {"highway": "primary", "ref": "EN 1", "surface": "asphalt"}}, {"type": "Feature", "geometry": {"type": "LineString", "coordinates": [[-28.0664216, 39.0701462], [-28.0666669, 39.0699082], [-28.0667999, 39.0697446], [-28.066868, 39.0696108], [-28.0669127, 39.0694775], [-28.0669259, 39.0693441], [-28.0669214, 39.0692046], [-28.066886, 39.069079], [-28.0668301, 39.0689638], [-28.0667456, 39.0688121], [-28.0666012, 39.0686372], [-28.0660821, 39.0680624], [-28.0656975, 39.0676247], [-28.0653778, 39.0672609]]}, "properties": {"highway": "primary", "ref": "EN 1", "surface": "asphalt"}}, {"type": "Feature", "geometry": {"type": "LineString", "coordinates": [[-28.052436, 39.0864815], [-28.0520623, 39.0856715], [-28.0519956, 39.0855269], [-28.051595, 39.0846585], [-28.0515345, 39.0845268]]}, "properties": {"highway": "primary", "ref": "EN 1", "surface": "asphalt"}}, {"type": "Feature", "geometry": {"type": "LineString", "coordinates": [[-28.0519362, 39.0889531], [-28.0523852, 39.0885538], [-28.0525441, 39.0883886], [-28.0526546, 39.0882496], [-28.0527458, 39.0880683], [-28.0528035, 39.0878871], [-28.0528352, 39.0877082], [-28.0528328, 39.0875483], [-28.0528203, 39.0873972], [-28.0527745, 39.0872294], [-28.0525346, 39.0866988], [-28.0524772, 39.0865723], [-28.052436, 39.0864815]]}, "properties": {"highway": "primary", "ref": "EN 1", "surface": "asphalt"}}, {"type": "Feature", "geometry": {"type": "LineString", "coordinates": [[-8.9569281, 39.3496667], [-8.9568708, 39.3500906], [-8.9567809, 39.3507487], [-8.9567816, 39.3508403], [-8.9567919, 39.3509321], [-8.9568545, 39.3512237], [-8.9568809, 39.3514606], [-8.9569095, 39.3517173], [-8.9568792, 39.3519259], [-8.956846, 39.352007], [-8.9567946, 39.3520974], [-8.9567115, 39.3521973], [-8.9562546, 39.3524498], [-8.9560609, 39.3525582], [-8.9559042, 39.3527711], [-8.9558986, 39.3528273], [-8.9558845, 39.352969]]}, "properties": {"highway": "primary", "lanes": "1", "maxspeed": "70", "oneway": "no", "ref": "EN 1", "surface": "asphalt"}}, {"type": "Feature", "geometry": {"type": "LineString", "coordinates": [[-8.8568856, 39.6124594], [-8.8568711, 39.6127984]]}, "properties": {"highway": "trunk", "lanes": "2", "maxspeed": "70", "ref": "IC 2;EN 1", "surface": "asphalt"}}, {"type": "Feature", "geometry": {"type": "LineString", "coordinates": [[-8.7088305, 39.8439373], [-8.7081237, 39.8444097], [-8.70801, 39.8444857], [-8.7078705, 39.8445789], [-8.7074878, 39.8448347]]}, "properties": {"highway": "trunk", "lanes": "2", "lit": "yes", "maxspeed": "50", "old_ref": "EN 1", "ref": "IC 2;EN 1", "smoothness": "good", "surface": "asphalt"}}, {"type": "Feature", "geometry": {"type": "LineString", "coordinates": [[-8.7093419, 39.8435724], [-8.7088305, 39.8439373]]}, "properties": {"highway": "trunk", "lanes": "2", "lit": "yes", "maxspeed": "50", "old_ref": "EN 1", "ref": "IC 2;EN 1", "smoothness": "good", "surface": "asphalt"}}, {"type": "Feature", "geometry": {"type": "LineString", "coordinates": [[-8.7030084, 39.8525227], [-8.7029728, 39.8526887]]}, "properties": {"highway": "trunk", "lanes": "2", "lit": "yes", "maxspeed": "50", "old_ref": "EN 1", "oneway": "yes", "ref": "IC 2;EN 1", "smoothness": "good", "surface": "asphalt"}}, {"type": "Feature", "geometry": {"type": "LineString", "coordinates": [[-8.7029728, 39.8526887], [-8.7029398, 39.8528567], [-8.702918, 39.8529629]]}, "properties": {"highway": "trunk", "lanes": "1", "lit": "yes", "maxspeed": "50", "old_ref": "EN 1", "oneway": "yes", "ref": "IC 2;EN 1", "smoothness": "good", "surface": "asphalt"}}, {"type": "Feature", "geometry": {"type": "LineString", "coordinates": [[-8.7153686, 39.8384169], [-8.7157246, 39.8379037], [-8.7157507, 39.8378661], [-8.7158097, 39.837781]]}, "properties": {"highway": "trunk", "lanes": "3", "lanes:backward": "1", "lanes:forward": "2", "lit": "yes", "maxspeed": "50", "old_ref": "EN 1", "ref": "IC 2;EN 1", "smoothness": "good", "surface": "asphalt", "turn:lanes:forward": "left|through"}}, {"type": "Feature", "geometry": {"type": "LineString", "coordinates": [[-8.7107239, 39.842589], [-8.7103143, 39.8428884]]}, "properties": {"highway": "trunk", "lanes": "3", "lanes:backward": "2", "lanes:forward": "1", "lit": "yes", "maxspeed": "50", "old_ref": "EN 1", "ref": "IC 2;EN 1", "smoothness": "good", "surface": "asphalt", "turn:lanes:backward": "left|through"}}, {"type": "Feature", "geometry": {"type": "LineString", "coordinates": [[-8.8296721, 39.7137405], [-8.8297564, 39.7138782], [-8.8298226, 39.7139912], [-8.8298836, 39.7140916], [-8.8299376, 39.7141753], [-8.8300295, 39.7143248], [-8.8302616, 39.7146999], [-8.8303501, 39.7148443], [-8.8304553, 39.7150181], [-8.8305105, 39.7151063], [-8.8305572, 39.7151813], [-8.8305894, 39.7152365], [-8.8306129, 39.715277], [-8.8306282, 39.7153152], [-8.8306427, 39.71536], [-8.8306636, 39.7154236], [-8.8307037, 39.7155488]]}, "properties": {"cycleway:both": "no", "highway": "primary", "lanes": "2", "lit": "yes", "maxspeed": "50", "oneway": "yes", "ref": "EN 1", "sidewalk": "no", "surface": "asphalt"}}, {"type": "Feature", "geometry": {"type": "LineString", "coordinates": [[-8.8317273, 39.717425], [-8.831686, 39.7172574], [-8.8316442, 39.717113], [-8.8315663, 39.716859], [-8.8315363, 39.7167757], [-8.8315098, 39.7167079], [-8.8314496, 39.7165634]]}, "properties": {"cycleway:both": "no", "highway": "primary", "lanes": "2", "lit": "yes", "maxspeed": "90", "oneway": "yes", "ref": "EN 1", "sidewalk": "no", "smoothness": "good", "surface": "asphalt"}}, {"type": "Feature", "geometry": {"type": "LineString", "coordinates": [[-8.8314872, 39.7206669], [-8.8313634, 39.7209335], [-8.8311787, 39.7213145], [-8.831058, 39.7215623], [-8.8310353, 39.7216086], [-8.8307881, 39.7221121], [-8.8305114, 39.7226864], [-8.8302339, 39.7232509], [-8.8298085, 39.7241161], [-8.8295342, 39.7246924]]}, "properties": {"cycleway:both": "no", "highway": "primary", "lanes": "2", "lit": "yes", "maxspeed": "50", "oneway": "yes", "ref": "EN 1", "sidewalk": "right", "sidewalk:right:surface": "paving_stones", "surface": "asphalt"}}, {"type": "Feature", "geometry": {"type": "LineString", "coordinates": [[-8.8281411, 39.7033617], [-8.8282141, 39.7029056]]}, "properties": {"cycleway:both": "no", "highway": "primary", "lanes": "2", "lit": "yes", "maxspeed": "50", "ref": "EN 1", "sidewalk": "no", "smoothness": "good", "surface": "asphalt", "traffic_calming:backward": "rumble_strip"}}, {"type": "Feature", "geometry": {"type": "LineString", "coordinates": [[-8.8286987, 39.6997049], [-8.8287368, 39.6996598], [-8.8287563, 39.6996368], [-8.8288018, 39.6993753], [-8.8288791, 39.6989309], [-8.8289054, 39.6988043], [-8.8289323, 39.6986466], [-8.828956, 39.6985196]]}, "properties": {"cycleway:both": "no", "highway": "primary", "lanes": "1", "lit": "yes", "maxspeed": "50", "oneway": "yes", "ref": "EN 1", "sidewalk": "no", "smoothness": "good", "surface": "asphalt"}}, {"type": "Feature", "geometry": {"type": "LineString", "coordinates": [[-8.8299028, 39.6940375], [-8.8300699, 39.6936128], [-8.8301311, 39.6934629]]}, "properties": {"cycleway:both": "no", "highway": "primary", "lanes": "3", "lanes:backward": "1", "lanes:forward": "2", "lit": "no", "maxspeed:backward": "60", "ref": "EN 1", "sidewalk": "no", "smoothness": "good", "surface": "asphalt"}}, {"type": "Feature", "geometry": {"type": "LineString", "coordinates": [[-8.8354044, 39.679775], [-8.8353667, 39.6796058], [-8.8353405, 39.679483]]}, "properties": {"cycleway:both": "no", "highway": "primary", "lanes": "2", "lit": "yes", "ref": "EN 1", "sidewalk": "both", "smoothness": "good", "surface": "asphalt"}}, {"type": "Feature", "geometry": {"type": "LineString", "coordinates": [[-8.8325627, 39.6541726], [-8.8320651, 39.6545295], [-8.8317657, 39.6547321], [-8.8316334, 39.6548153], [-8.8315125, 39.654888], [-8.8313541, 39.6549713], [-8.8311751, 39.6550616], [-8.8308612, 39.6552012], [-8.8305542, 39.6553355], [-8.8297819, 39.6556899]]}, "properties": {"highway": "primary", "lanes": "3", "lanes:backward": "2", "lanes:forward": "1", "maxspeed": "80", "maxspeed:type": "sign", "ref": "EN 1", "smoothness": "excellent", "surface": "asphalt"}}, {"type": "Feature", "geometry": {"type": "LineString", "coordinates": [[-8.8536843, 39.6291296], [-8.8539584, 39.6287481]]}, "properties": {"highway": "primary", "lanes": "2", "oneway": "yes", "ref": "EN 1", "surface": "asphalt", "traffic_calming": "rumble_strip"}}, {"type": "Feature", "geometry": {"type": "LineString", "coordinates": [[-8.8556107, 39.626438], [-8.8554774, 39.6265614], [-8.8550496, 39.6271109]]}, "properties": {"highway": "primary", "lanes": "1", "oneway": "yes", "ref": "EN 1", "surface": "asphalt"}}, {"type": "Feature", "geometry": {"type": "LineString", "coordinates": [[-8.8572809, 39.6222461], [-8.8572663, 39.6223773], [-8.8572543, 39.6224503], [-8.8572428, 39.6225165], [-8.8572199, 39.6228019], [-8.8571669, 39.6233089]]}, "properties": {"highway": "primary", "lanes": "1", "oneway": "yes", "ref": "EN 1", "surface": "asphalt"}}, {"type": "Feature", "geometry": {"type": "LineString", "coordinates": [[-8.8573914, 39.6223473], [-8.8574232, 39.6220649], [-8.8574334, 39.6218669], [-8.8574404, 39.6216802], [-8.8574356, 39.6214767], [-8.8574218, 39.621341], [-8.8573999, 39.6212053], [-8.8573812, 39.6210949]]}, "properties": {"highway": "primary", "lanes": "2", "oneway": "yes", "ref": "EN 1", "surface": "asphalt"}}, {"type": "Feature", "geometry": {"type": "LineString", "coordinates": [[-8.8571378, 39.6178223], [-8.8571658, 39.6182173]]}, "properties": {"highway": "trunk", "lanes": "2", "maxspeed": "70", "ref": "IC 2;EN 1", "surface": "asphalt"}}, {"type": "Feature", "geometry": {"type": "LineString", "coordinates": [[-8.7272326, 39.8212393], [-8.7271373, 39.821797], [-8.7271009, 39.8219986]]}, "properties": {"highway": "trunk", "lanes": "1", "lit": "no", "maxspeed": "80", "oneway": "yes", "ref": "IC 2;EN 1", "smoothness": "excellent", "surface": "asphalt"}}, {"type": "Feature", "geometry": {"type": "LineString", "coordinates": [[-8.7269029, 39.8229383], [-8.726999, 39.8227167]]}, "properties": {"highway": "trunk", "lanes": "1", "lit": "yes", "maxspeed": "50", "oneway": "yes", "ref": "IC 2;EN 1", "surface": "asphalt"}}, {"type": "Feature", "geometry": {"type": "LineString", "coordinates": [[-8.726999, 39.8227167], [-8.7270666, 39.8225094], [-8.7271306, 39.8222805], [-8.7271676, 39.8221036], [-8.7271993, 39.8219131], [-8.7272398, 39.8216779], [-8.7272726, 39.8215036]]}, "properties": {"highway": "trunk", "lanes": "1", "lit": "no", "maxspeed": "50", "oneway": "yes", "ref": "IC 2;EN 1", "surface": "asphalt"}}, {"type": "Feature", "geometry": {"type": "LineString", "coordinates": [[-8.72684, 39.8229211], [-8.7267829, 39.823041], [-8.7266233, 39.8233147], [-8.7265318, 39.8234578], [-8.7263973, 39.8236503], [-8.7262263, 39.8238691], [-8.7260471, 39.8240729], [-8.7258677, 39.8242481]]}, "properties": {"highway": "trunk", "lanes": "1", "lit": "yes", "maxspeed": "60", "oneway": "yes", "ref": "IC 2;EN 1", "smoothness": "excellent", "surface": "asphalt"}}, {"type": "Feature", "geometry": {"type": "LineString", "coordinates": [[-8.7473543, 39.7915039], [-8.7475177, 39.7908781], [-8.7475518, 39.7907474], [-8.7475979, 39.7905959], [-8.7476409, 39.7904638]]}, "properties": {"highway": "trunk", "lanes": "2", "lit": "yes", "maxspeed": "80", "ref": "IC 2;EN 1", "surface": "asphalt"}}, {"type": "Feature", "geometry": {"type": "LineString", "coordinates": [[-8.7541508, 39.7840764], [-8.7537194, 39.7844361]]}, "properties": {"highway": "trunk", "lanes": "3", "lanes:backward": "1", "lanes:forward": "2", "lit": "no", "maxspeed:backward": "60", "maxspeed:forward": "80", "minspeed:lanes:forward": "60|", "ref": "IC 2;EN 1", "surface": "asphalt"}}, {"type": "Feature", "geometry": {"type": "LineString", "coordinates": [[-8.7541508, 39.7840764], [-8.754233, 39.7840382], [-8.7543805, 39.7839084], [-8.7547265, 39.7835889], [-8.755009, 39.783312], [-8.7553783, 39.7829041], [-8.7554669, 39.7827973], [-8.7555014, 39.7827291]]}, "properties": {"highway": "trunk", "lanes": "1", "lit": "no", "maxspeed": "60", "oneway": "yes", "ref": "IC 2;EN 1", "surface": "asphalt"}}, {"type": "Feature", "geometry": {"type": "LineString", "coordinates": [[-8.7494317, 39.7880567], [-8.7505343, 39.7871051]]}, "properties": {"highway": "trunk", "lanes": "2", "lit": "no", "maxspeed": "60", "oneway": "yes", "ref": "IC 2;EN 1", "surface": "asphalt", "turn:lanes": "none|merge_to_left"}}, {"type": "Feature", "geometry": {"type": "LineString", "coordinates": [[-8.7512085, 39.7864812], [-8.7510985, 39.7865146], [-8.7508157, 39.7867466]]}, "properties": {"highway": "trunk", "lanes": "2", "lit": "no", "maxspeed": "80", "oneway": "yes", "ref": "IC 2;EN 1", "surface": "asphalt"}}, {"type": "Feature", "geometry": {"type": "LineString", "coordinates": [[-8.7537194, 39.7844361], [-8.7529906, 39.7850133], [-8.7527154, 39.7852366], [-8.7524191, 39.7854813]]}, "properties": {"highway": "trunk", "lanes": "3", "lanes:backward": "1", "lanes:forward": "2", "lit": "no", "maxspeed:backward": "60", "maxspeed:forward": "80", "minspeed:lanes:forward": "60|", "ref": "IC 2;EN 1", "surface": "asphalt"}}, {"type": "Feature", "geometry": {"type": "LineString", "coordinates": [[-8.7555014, 39.7827291], [-8.7554182, 39.7827604], [-8.7553729, 39.7828159], [-8.755212, 39.7830056], [-8.7550189, 39.7832179], [-8.7547534, 39.7834755], [-8.7544798, 39.7837352], [-8.7541928, 39.7839846], [-8.7541508, 39.7840764]]}, "properties": {"highway": "trunk", "lanes": "2", "lit": "no", "maxspeed": "80", "minspeed:lanes": "60|", "oneway": "yes", "ref": "IC 2;EN 1", "surface": "asphalt"}}, {"type": "Feature", "geometry": {"type": "LineString", "coordinates": [[-8.7575262, 39.7803053], [-8.7572184, 39.780661], [-8.7570154, 39.7808991], [-8.756833, 39.7811293], [-8.7565204, 39.7815065]]}, "properties": {"highway": "trunk", "lanes": "3", "lanes:backward": "1", "lanes:forward": "2", "lit": "yes", "maxspeed:backward": "60", "maxspeed:forward": "80", "minspeed:lanes:forward": "60|", "ref": "IC 2;EN 1", "surface": "asphalt"}}, {"type": "Feature", "geometry": {"type": "LineString", "coordinates": [[-8.7565204, 39.7815065], [-8.756298, 39.7817758], [-8.7561179, 39.7819958], [-8.7559527, 39.7821947], [-8.7555014, 39.7827291]]}, "properties": {"highway": "trunk", "lanes": "3", "lanes:backward": "1", "lanes:forward": "2", "lit": "yes", "maxspeed:backward": "60", "maxspeed:forward": "80", "minspeed:lanes:forward": "60|", "ref": "IC 2;EN 1", "surface": "asphalt"}}, {"type": "Feature", "geometry": {"type": "LineString", "coordinates": [[-8.7654199, 39.7735328], [-8.7657235, 39.7733019]]}, "properties": {"highway": "trunk", "lanes": "1", "lit": "yes", "maxspeed": "60", "oneway": "yes", "ref": "IC 2;EN 1", "surface": "asphalt"}}, {"type": "Feature", "geometry": {"type": "LineString", "coordinates": [[-8.7657235, 39.7733019], [-8.7658678, 39.7731677]]}, "properties": {"highway": "trunk", "lanes": "2", "lit": "yes", "maxspeed": "60", "oneway": "yes", "ref": "IC 2;EN 1", "surface": "asphalt", "turn:lanes": "through|slight_right"}}, {"type": "Feature", "geometry": {"type": "LineString", "coordinates": [[-8.7596636, 39.7783937], [-8.7593377, 39.7786643], [-8.7586828, 39.7792], [-8.7583382, 39.7794794]]}, "properties": {"highway": "trunk", "lanes": "3", "lanes:backward": "2", "lanes:forward": "1", "lit": "yes", "maxspeed": "80", "minspeed:lanes:backward": "60|", "ref": "IC 2;EN 1", "surface": "asphalt"}}, {"type": "Feature", "geometry": {"type": "LineString", "coordinates": [[-8.7234398, 39.8266603], [-8.7229852, 39.8273256], [-8.7229607, 39.8274576]]}, "properties": {"highway": "trunk", "lanes": "1", "lit": "yes", "maxspeed": "50", "oneway": "yes", "ref": "IC 2;EN 1", "smoothness": "excellent", "surface": "asphalt"}}, {"type": "Feature", "geometry": {"type": "LineString", "coordinates": [[-8.7030559, 39.8523205], [-8.7030084, 39.8525227]]}, "properties": {"highway": "trunk", "lanes": "1", "lit": "yes", "maxspeed": "50", "old_ref": "EN 1", "oneway": "yes", "ref": "IC 2;EN 1", "smoothness": "good", "surface": "asphalt", "turn:lanes": "through;right"}}, {"type": "Feature", "geometry": {"type": "LineString", "coordinates": [[-8.7031369, 39.8523546], [-8.7031701, 39.8521138], [-8.7031497, 39.8520545]]}, "properties": {"highway": "trunk", "lanes": "1", "lit": "no", "maxspeed": "50", "old_ref": "EN 1", "oneway": "yes", "ref": "IC 2;EN 1", "surface": "asphalt"}}, {"type": "Feature", "geometry": {"type": "LineString", "coordinates": [[-8.7025228, 39.8550157], [-8.7024104, 39.8553218], [-8.7023263, 39.8555066], [-8.70213, 39.855859], [-8.7012664, 39.8572868], [-8.6997277, 39.8598351]]}, "properties": {"highway": "trunk", "lanes": "3", "lanes:backward": "1", "lanes:forward": "2", "lit": "no", "maxspeed": "80", "minspeed:lanes:forward": "60|", "ref": "IC 2;EN 1", "smoothness": "good", "surface": "asphalt"}}, {"type": "Feature", "geometry": {"type": "LineString", "coordinates": [[-8.7027304, 39.853934], [-8.7026884, 39.8541191], [-8.7025905, 39.8546548], [-8.702545, 39.8548844], [-8.7025228, 39.8550157]]}, "properties": {"highway": "trunk", "lanes": "1", "lit": "yes", "maxspeed": "50", "old_ref": "EN 1", "oneway": "yes", "ref": "IC 2;EN 1", "smoothness": "good", "surface": "asphalt"}}, {"type": "Feature", "geometry": {"type": "LineString", "coordinates": [[-8.6953463, 39.8671561], [-8.6954219, 39.8670376], [-8.6955454, 39.8668304], [-8.6957539, 39.866488], [-8.6962342, 39.8656726], [-8.6962582, 39.8655583]]}, "properties": {"highway": "trunk", "lanes": "1", "lit": "yes", "maxspeed": "60", "oneway": "yes", "ref": "IC 2;EN 1", "surface": "asphalt"}}, {"type": "Feature", "geometry": {"type": "LineString", "coordinates": [[-8.6952861, 39.8670772], [-8.6951895, 39.8672235], [-8.6943389, 39.8685984], [-8.6942283, 39.8687711]]}, "properties": {"highway": "trunk", "lanes": "1", "lit": "no", "maxspeed": "60", "oneway": "yes", "ref": "IC 2;EN 1", "smoothness": "good", "surface": "asphalt"}}, {"type": "Feature", "geometry": {"type": "LineString", "coordinates": [[-8.6536988, 39.8956639], [-8.6517808, 39.8962977]]}, "properties": {"highway": "trunk", "lanes": "2", "lit": "yes", "maxspeed": "80", "ref": "IC 2;EN 1", "smoothness": "intermediate", "surface": "asphalt", "turn:lanes:backward": "none|merge_to_left"}}, {"type": "Feature", "geometry": {"type": "LineString", "coordinates": [[-8.639542, 39.9003052], [-8.6387692, 39.9005445], [-8.638646, 39.9005885], [-8.6385221, 39.9006371], [-8.6383541, 39.900702], [-8.6382126, 39.9007639], [-8.6380401, 39.900842], [-8.6378696, 39.9009294], [-8.6376411, 39.9010492], [-8.6375207, 39.9011174], [-8.637321, 39.9012404], [-8.6371313, 39.9013703], [-8.6361883, 39.9020558]]}, "properties": {"highway": "trunk", "lanes": "2", "lit": "yes", "maxspeed": "80", "ref": "IC 2;EN 1", "surface": "asphalt"}}, {"type": "Feature", "geometry": {"type": "LineString", "coordinates": [[-8.6334612, 39.9062974], [-8.6329623, 39.9078805]]}, "properties": {"highway": "trunk", "lanes": "2", "lit": "yes", "maxspeed": "60", "ref": "IC 2;EN 1", "smoothness": "good", "surface": "asphalt"}}, {"type": "Feature", "geometry": {"type": "LineString", "coordinates": [[-8.6343283, 39.9038849], [-8.6342182, 39.9039839], [-8.6341415, 39.9041183]]}, "properties": {"highway": "trunk", "lanes": "1", "maxspeed": "60", "oneway": "yes", "ref": "IC 2;EN 1", "smoothness": "intermediate", "surface": "asphalt", "turn:lanes": "through;right"}}, {"type": "Feature", "geometry": {"type": "LineString", "coordinates": [[-8.6334612, 39.9062974], [-8.6335196, 39.9062014], [-8.6337897, 39.9052836]]}, "properties": {"highway": "trunk", "lanes": "1", "lit": "yes", "maxspeed": "60", "oneway": "yes", "ref": "IC 2;EN 1", "surface": "asphalt"}}, {"type": "Feature", "geometry": {"type": "LineString", "coordinates": [[-8.6340521, 39.9045192], [-8.6340635, 39.9044894], [-8.6341966, 39.9042054], [-8.6342913, 39.9040108], [-8.6343283, 39.9038849]]}, "properties": {"highway": "trunk", "lanes": "1", "lit": "yes", "maxspeed": "60", "oneway": "yes", "ref": "IC 2;EN 1", "surface": "asphalt"}}, {"type": "Feature", "geometry": {"type": "LineString", "coordinates": [[-8.6339804, 39.9045004], [-8.6339237, 39.9046237], [-8.6338497, 39.9048369], [-8.6337521, 39.9051565], [-8.6334582, 39.9062042], [-8.6334612, 39.9062974]]}, "properties": {"highway": "trunk", "lanes": "1", "lit": "yes", "maxspeed": "60", "oneway": "no", "ref": "IC 2;EN 1", "smoothness": "good", "surface": "asphalt"}}, {"type": "Feature", "geometry": {"type": "LineString", "coordinates": [[-8.6335626, 39.9171082], [-8.6335881, 39.9170052], [-8.6334088, 39.9158672], [-8.6328489, 39.9122406], [-8.6328229, 39.9120598]]}, "properties": {"highway": "trunk", "lanes": "1", "lit": "yes", "maxheight": "default", "maxspeed": "50", "oneway": "yes", "ref": "IC 2;EN 1", "surface": "asphalt"}}, {"type": "Feature", "geometry": {"type": "LineString", "coordinates": [[-8.4423967, 40.2423177], [-8.4425105, 40.2425562]]}, "properties": {"highway": "primary", "lanes": "2", "name": "Rua Manuel Madeira", "oneway": "yes", "ref": "EN 1", "source": "bing", "turn:lanes": "left|through"}}, {"type": "Feature", "geometry": {"type": "LineString", "coordinates": [[-8.4419192, 40.24677], [-8.4418963, 40.246485], [-8.4418727, 40.2461931]]}, "properties": {"highway": "primary", "lanes": "2", "name": "Rua Manuel Madeira", "oneway": "yes", "ref": "EN 1", "source": "bing", "surface": "asphalt", "turn:lanes": "left|through"}}, {"type": "Feature", "geometry": {"type": "LineString", "coordinates": [[-8.4424303, 40.247645], [-8.4423447, 40.2474994], [-8.4423369, 40.2474862], [-8.4422941, 40.2474134]]}, "properties": {"bus_bay": "right", "highway": "primary", "lanes": "2", "name": "Rua Manuel Madeira", "ref": "EN 1", "source": "bing", "surface": "asphalt"}}, {"type": "Feature", "geometry": {"type": "LineString", "coordinates": [[-8.4421775, 40.2472149], [-8.4420383, 40.2469947], [-8.4419192, 40.24677]]}, "properties": {"highway": "primary", "lanes": "2", "name": "Rua Manuel Madeira", "ref": "EN 1", "source": "bing", "surface": "asphalt"}}, {"type": "Feature", "geometry": {"type": "LineString", "coordinates": [[-8.4426612, 40.2425722], [-8.4426565, 40.2425175], [-8.4426253, 40.24247], [-8.4425167, 40.2423696], [-8.4424314, 40.2422504], [-8.4423877, 40.2421288], [-8.4423762, 40.2420081]]}, "properties": {"highway": "primary", "lanes": "1", "name": "Rua Manuel Madeira", "oneway": "yes", "ref": "EN 1", "source": "bing"}}, {"type": "Feature", "geometry": {"type": "LineString", "coordinates": [[-8.4403652, 40.234066], [-8.4393569, 40.2331737]]}, "properties": {"highway": "primary", "lanes": "2", "name": "Rua da Constitui\u00e7\u00e3o", "ref": "EN 1", "source": "bing", "surface": "asphalt"}}, {"type": "Feature", "geometry": {"type": "LineString", "coordinates": [[-8.4388307, 40.2090271], [-8.4389097, 40.2091422]]}, "properties": {"highway": "primary", "lanes": "2", "lit": "yes", "maxspeed:type": "PT:urban", "name": "Avenida da Guarda Inglesa", "oneway": "yes", "ref": "EN 1", "sidewalk": "right", "surface": "asphalt", "turn:lanes": "through|through;right"}}, {"type": "Feature", "geometry": {"type": "LineString", "coordinates": [[-8.4380439, 40.2079554], [-8.4382485, 40.2082341], [-8.4388307, 40.2090271]]}, "properties": {"highway": "primary", "lanes": "3", "lit": "yes", "maxspeed:type": "PT:urban", "name": "Avenida da Guarda Inglesa", "oneway": "yes", "ref": "EN 1", "sidewalk": "right", "surface": "asphalt"}}, {"type": "Feature", "geometry": {"type": "LineString", "coordinates": [[-8.4376749, 40.2074647], [-8.4377177, 40.2075041], [-8.4377743, 40.2075816], [-8.4380439, 40.2079554]]}, "properties": {"destination": "Porto;Figueira da Foz;Viseu;Hospitais;Zona Comercial", "destination:ref:to": "A 1;A 14;IP 3", "destination:symbol": "hospital", "highway": "primary", "lanes": "3", "lit": "yes", "maxheight": "default", "maxspeed:type": "PT:urban", "name": "Avenida da Guarda Inglesa", "oneway": "yes", "ref": "EN 1", "sidewalk": "right", "surface": "asphalt"}}, {"type": "Feature", "geometry": {"type": "LineString", "coordinates": [[-8.8285137, 39.7009503], [-8.8286369, 39.7001372]]}, "properties": {"cycleway:both": "no", "highway": "primary", "lanes": "2", "lit": "yes", "maxspeed": "50", "ref": "EN 1", "sidewalk": "no", "smoothness": "good", "surface": "asphalt"}}, {"type": "Feature", "geometry": {"type": "LineString", "coordinates": [[-8.8283929, 39.701748], [-8.8285137, 39.7009503]]}, "properties": {"cycleway:both": "no", "highway": "primary", "lanes": "2", "lit": "yes", "maxspeed": "50", "ref": "EN 1", "sidewalk": "no", "smoothness": "good", "surface": "asphalt"}}, {"type": "Feature", "geometry": {"type": "LineString", "coordinates": [[-8.9605485, 39.3588421], [-8.9605713, 39.3589718], [-8.9606369, 39.359152]]}, "properties": {"highway": "primary", "lanes": "1", "maxspeed": "50", "name": "Rua dos Fundadores da Comiss\u00e3o de Melhoramentos", "oneway": "no", "overtaking": "no", "ref": "EN 1", "surface": "asphalt"}}, {"type": "Feature", "geometry": {"type": "LineString", "coordinates": [[-8.7486046, 39.7885439], [-8.7484724, 39.788762], [-8.7484212, 39.788833], [-8.7483641, 39.7889169], [-8.74824, 39.7890907]]}, "properties": {"highway": "trunk", "lanes": "2", "lit": "no", "maxspeed": "50", "oneway": "yes", "ref": "IC 2;EN 1", "surface": "asphalt"}}, {"type": "Feature", "geometry": {"type": "LineString", "coordinates": [[-8.749071, 39.7884665], [-8.7491185, 39.7883708], [-8.7491958, 39.7882834], [-8.7494317, 39.7880567]]}, "properties": {"highway": "trunk", "lanes": "2", "lit": "no", "maxspeed": "60", "oneway": "yes", "ref": "IC 2;EN 1", "surface": "asphalt"}}, {"type": "Feature", "geometry": {"type": "LineString", "coordinates": [[-8.8262373, 39.7301696], [-8.8267323, 39.7295815]]}, "properties": {"cycleway:both": "no", "destination": "Lisboa;Batalha;Azoia", "destination:ref": "N 1", "highway": "primary", "lanes": "1", "lit": "yes", "maxspeed": "80", "old_ref": "EN 1", "oneway": "yes", "ref": "EN 1", "smoothness": "excellent", "surface": "asphalt"}}, {"type": "Feature", "geometry": {"type": "LineString", "coordinates": [[-8.8573475, 39.6186304], [-8.8573212, 39.6185892], [-8.8572948, 39.6185412], [-8.8572666, 39.6184776], [-8.857242, 39.6184081], [-8.8572217, 39.6183492], [-8.857204, 39.6182869], [-8.8571658, 39.6182173]]}, "properties": {"highway": "trunk", "lanes": "1", "maxspeed": "70", "oneway": "yes", "ref": "IC 2;EN 1", "surface": "asphalt"}}, {"type": "Feature", "geometry": {"type": "LineString", "coordinates": [[-8.8573596, 39.6187685], [-8.8574136, 39.6188506], [-8.8574469, 39.6189121], [-8.8574737, 39.6189727], [-8.857486, 39.6190169], [-8.8574959, 39.6190837], [-8.857491, 39.619147], [-8.8574743, 39.6191969], [-8.8574425, 39.6192406], [-8.8574076, 39.6192775], [-8.8573523, 39.6193184]]}, "properties": {"highway": "trunk", "lanes": "2", "maxspeed": "40", "oneway": "yes", "ref": "IC 2;EN 1", "surface": "asphalt"}}, {"type": "Feature", "geometry": {"type": "LineString", "coordinates": [[-8.8570927, 39.6204057], [-8.8570992, 39.62044], [-8.8571097, 39.620486], [-8.8571621, 39.6206688], [-8.8572253, 39.6209047]]}, "properties": {"highway": "primary", "lanes": "2", "oneway": "yes", "ref": "EN 1", "surface": "asphalt", "turn:lanes": "through|through;right", "wait:lanes": "give_way|none"}}, {"type": "Feature", "geometry": {"type": "LineString", "coordinates": [[-8.8572798, 39.6214457], [-8.8572908, 39.6216064], [-8.8572809, 39.6222461]]}, "properties": {"highway": "primary", "lanes": "2", "oneway": "yes", "ref": "EN 1", "surface": "asphalt", "turn:lanes": "merge_to_right|through", "wait:lanes": "give_way|none"}}, {"type": "Feature", "geometry": {"type": "LineString", "coordinates": [[-8.8572253, 39.6209047], [-8.857235, 39.6209625], [-8.8572475, 39.6210431], [-8.8572599, 39.6211554], [-8.8572798, 39.6214457]]}, "properties": {"highway": "primary", "lanes": "3", "oneway": "yes", "ref": "EN 1", "surface": "asphalt", "turn:lanes": "merge_to_right|through|right", "wait:lanes": "give_way|none|none"}}, {"type": "Feature", "geometry": {"type": "LineString", "coordinates": [[-8.8563727, 39.6252619], [-8.8565489, 39.6249504]]}, "properties": {"highway": "primary", "lanes": "2", "ref": "EN 1", "surface": "asphalt", "turn:lanes:forward": "left|through"}}, {"type": "Feature", "geometry": {"type": "LineString", "coordinates": [[-8.8571669, 39.6233089], [-8.8572556, 39.6230226], [-8.8573612, 39.6225483], [-8.8573914, 39.6223473]]}, "properties": {"highway": "primary", "lanes": "1", "oneway": "yes", "ref": "EN 1", "surface": "asphalt"}}, {"type": "Feature", "geometry": {"type": "LineString", "coordinates": [[-8.8571669, 39.6233089], [-8.8570586, 39.6236909]]}, "properties": {"highway": "primary", "lanes": "2", "ref": "EN 1", "surface": "asphalt"}}, {"type": "Feature", "geometry": {"type": "LineString", "coordinates": [[-8.8570586, 39.6236909], [-8.8569479, 39.6240266], [-8.8568591, 39.6242707]]}, "properties": {"highway": "primary", "lanes": "2", "ref": "EN 1", "surface": "asphalt"}}, {"type": "Feature", "geometry": {"type": "LineString", "coordinates": [[-8.8568591, 39.6242707], [-8.8568212, 39.6243781]]}, "properties": {"highway": "primary", "lanes": "2", "ref": "EN 1", "surface": "asphalt"}}, {"type": "Feature", "geometry": {"type": "LineString", "coordinates": [[-8.8568212, 39.6243781], [-8.8567217, 39.6246193]]}, "properties": {"highway": "primary", "lanes": "2", "ref": "EN 1", "surface": "asphalt"}}, {"type": "Feature", "geometry": {"type": "LineString", "coordinates": [[-8.8565489, 39.6249504], [-8.8567217, 39.6246193]]}, "properties": {"highway": "primary", "lanes": "2", "ref": "EN 1", "surface": "asphalt", "turn:lanes:forward": "left|through"}}, {"type": "Feature", "geometry": {"type": "LineString", "coordinates": [[-8.8559774, 39.6259048], [-8.8563727, 39.6252619]]}, "properties": {"highway": "primary", "lanes": "2", "ref": "EN 1", "surface": "asphalt"}}, {"type": "Feature", "geometry": {"type": "LineString", "coordinates": [[-8.8556107, 39.626438], [-8.8557223, 39.6262766], [-8.8559774, 39.6259048]]}, "properties": {"highway": "primary", "lanes": "2", "ref": "EN 1", "surface": "asphalt"}}, {"type": "Feature", "geometry": {"type": "LineString", "coordinates": [[-8.8550496, 39.6271109], [-8.854755, 39.6275068], [-8.85447, 39.6279034]]}, "properties": {"highway": "primary", "lanes": "2", "oneway": "yes", "ref": "EN 1", "surface": "asphalt", "traffic_calming": "rumble_strip"}}, {"type": "Feature", "geometry": {"type": "LineString", "coordinates": [[-8.85447, 39.6279034], [-8.8544089, 39.6279885], [-8.8543647, 39.6280385], [-8.8543257, 39.6280758], [-8.8542925, 39.6280989], [-8.854262, 39.6281186], [-8.8541666, 39.628163]]}, "properties": {"highway": "primary", "lanes": "2", "oneway": "yes", "ref": "EN 1", "smoothness": "excellent", "surface": "asphalt"}}, {"type": "Feature", "geometry": {"type": "LineString", "coordinates": [[-8.8539584, 39.6287481], [-8.8539863, 39.6287092], [-8.8540449, 39.628627], [-8.8540723, 39.6285968], [-8.8541169, 39.6285564], [-8.8541938, 39.6285037]]}, "properties": {"highway": "primary", "lanes": "2", "oneway": "yes", "ref": "EN 1", "smoothness": "excellent", "surface": "asphalt"}}, {"type": "Feature", "geometry": {"type": "LineString", "coordinates": [[-8.8533378, 39.6295903], [-8.8533621, 39.6295641], [-8.8536843, 39.6291296]]}, "properties": {"highway": "primary", "lanes": "1", "oneway": "yes", "ref": "EN 1", "surface": "asphalt", "traffic_calming": "rumble_strip"}}, {"type": "Feature", "geometry": {"type": "LineString", "coordinates": [[-8.8447486, 39.6413677], [-8.84439, 39.6418806], [-8.8443646, 39.6419168], [-8.84416, 39.6422079]]}, "properties": {"highway": "primary", "lanes": "2", "ref": "EN 1", "surface": "asphalt"}}, {"type": "Feature", "geometry": {"type": "LineString", "coordinates": [[-8.8448979, 39.6411543], [-8.8447486, 39.6413677]]}, "properties": {"highway": "primary", "lanes": "3", "lanes:backward": "2", "lanes:forward": "1", "ref": "EN 1", "smoothness": "excellent", "surface": "asphalt", "turn:lanes:backward": "left|through"}}, {"type": "Feature", "geometry": {"type": "LineString", "coordinates": [[-8.8428678, 39.6440466], [-8.8426927, 39.6442957], [-8.8425542, 39.6444929]]}, "properties": {"highway": "primary", "lanes": "3", "lanes:backward": "2", "lanes:forward": "1", "ref": "EN 1", "smoothness": "excellent", "surface": "asphalt", "turn:lanes:backward": "left|through", "turn:lanes:forward": "left;through", "wait:lanes:backward": "stop|none"}}, {"type": "Feature", "geometry": {"type": "LineString", "coordinates": [[-8.8424491, 39.6446419], [-8.8422502, 39.644933]]}, "properties": {"highway": "primary", "lanes": "3", "lanes:backward": "1", "lanes:forward": "2", "ref": "EN 1", "surface": "asphalt", "turn:lanes:forward": "left|through", "wait:lanes:forward": "stop|none"}}, {"type": "Feature", "geometry": {"type": "LineString", "coordinates": [[-8.840537, 39.6473675], [-8.8395617, 39.6487606], [-8.8394273, 39.6489476], [-8.8393197, 39.6490777]]}, "properties": {"highway": "primary", "lanes": "2", "ref": "EN 1", "smoothness": "excellent", "surface": "asphalt"}}, {"type": "Feature", "geometry": {"type": "LineString", "coordinates": [[-8.8412592, 39.6463354], [-8.8411774, 39.6464525], [-8.8410295, 39.6466615]]}, "properties": {"highway": "primary", "lanes": "3", "lanes:backward": "2", "lanes:forward": "1", "ref": "EN 1", "smoothness": "excellent", "surface": "asphalt", "turn:lanes:backward": "left|through"}}, {"type": "Feature", "geometry": {"type": "LineString", "coordinates": [[-8.8410295, 39.6466615], [-8.840537, 39.6473675]]}, "properties": {"highway": "primary", "lanes": "3", "lanes:backward": "2", "lanes:forward": "1", "ref": "EN 1", "smoothness": "excellent", "surface": "asphalt", "turn:lanes:backward": "left|through"}}, {"type": "Feature", "geometry": {"type": "LineString", "coordinates": [[-8.8390133, 39.6494067], [-8.8389108, 39.6494982]]}, "properties": {"highway": "primary", "lanes": "3", "lanes:backward": "1", "lanes:forward": "2", "ref": "EN 1", "smoothness": "excellent", "surface": "asphalt", "turn:lanes:forward": "left|through"}}, {"type": "Feature", "geometry": {"type": "LineString", "coordinates": [[-8.8389108, 39.6494982], [-8.8387415, 39.649637], [-8.8386265, 39.6497294], [-8.8385115, 39.6498219]]}, "properties": {"highway": "primary", "lanes": "3", "lanes:backward": "1", "lanes:forward": "2", "ref": "EN 1", "smoothness": "excellent", "surface": "asphalt", "turn:lanes:forward": "left|through"}}, {"type": "Feature", "geometry": {"type": "LineString", "coordinates": [[-8.8359011, 39.6517371], [-8.8351026, 39.652323], [-8.8344711, 39.6527806], [-8.8338562, 39.6532328], [-8.8325627, 39.6541726]]}, "properties": {"highway": "primary", "lanes": "3", "lanes:backward": "2", "lanes:forward": "1", "ref": "EN 1", "smoothness": "excellent", "surface": "asphalt"}}, {"type": "Feature", "geometry": {"type": "LineString", "coordinates": [[-8.8273345, 39.6579885], [-8.8274588, 39.6576579], [-8.8275465, 39.6574701], [-8.8276428, 39.6573029], [-8.8276947, 39.6572296], [-8.8277465, 39.6571617], [-8.8278183, 39.6570808]]}, "properties": {"cycleway:both": "no", "highway": "primary", "lanes": "1", "oneway": "yes", "ref": "EN 1", "surface": "asphalt"}}, {"type": "Feature", "geometry": {"type": "LineString", "coordinates": [[-8.8278548, 39.663884], [-8.8279021, 39.6639482], [-8.8281653, 39.6642446], [-8.8283675, 39.6644344], [-8.8285975, 39.6646136], [-8.8288951, 39.6648173], [-8.8292097, 39.6650102]]}, "properties": {"cycleway:both": "no", "highway": "primary", "lanes": "3", "lanes:backward": "1", "lanes:forward": "2", "lit": "no", "maxspeed": "80", "ref": "EN 1", "sidewalk": "no", "smoothness": "excellent", "surface": "asphalt", "turn:lanes:forward": "through|merge_to_left"}}, {"type": "Feature", "geometry": {"type": "LineString", "coordinates": [[-8.8335466, 39.67123], [-8.833512, 39.6709785]]}, "properties": {"cycleway:both": "no", "highway": "primary", "lanes": "3", "lanes:backward": "1", "lanes:forward": "2", "lit": "yes", "maxspeed": "50", "parking:both": "no", "ref": "EN 1", "sidewalk": "both", "smoothness": "good", "source": "bing", "surface": "asphalt", "turn:lanes:forward": "left|through"}}, {"type": "Feature", "geometry": {"type": "LineString", "coordinates": [[-8.8341727, 39.6750898], [-8.8341233, 39.6748978]]}, "properties": {"cycleway:both": "no", "highway": "primary", "lanes": "2", "lit": "yes", "maxspeed": "50", "parking:both": "no", "ref": "EN 1", "sidewalk": "both", "smoothness": "good", "source": "bing", "surface": "asphalt"}}, {"type": "Feature", "geometry": {"type": "LineString", "coordinates": [[-8.8351289, 39.6786936], [-8.8351049, 39.6785983]]}, "properties": {"cycleway:both": "no", "highway": "primary", "lanes": "3", "lanes:backward": "1", "lanes:forward": "2", "lit": "yes", "ref": "EN 1", "sidewalk": "both", "smoothness": "good", "surface": "asphalt", "turn:lanes:forward": "left|through"}}, {"type": "Feature", "geometry": {"type": "LineString", "coordinates": [[-8.8351049, 39.6785983], [-8.8350647, 39.6784388]]}, "properties": {"cycleway:both": "no", "highway": "primary", "lanes": "3", "lanes:backward": "1", "lanes:forward": "2", "lit": "yes", "ref": "EN 1", "sidewalk": "both", "smoothness": "good", "surface": "asphalt", "turn:lanes:forward": "left|through"}}, {"type": "Feature", "geometry": {"type": "LineString", "coordinates": [[-8.8352142, 39.6790111], [-8.8351454, 39.6787591], [-8.8351289, 39.6786936]]}, "properties": {"cycleway:both": "no", "highway": "primary", "lanes": "3", "lanes:backward": "1", "lanes:forward": "2", "lit": "yes", "ref": "EN 1", "sidewalk": "both", "smoothness": "good", "surface": "asphalt", "turn:lanes:forward": "left|through"}}, {"type": "Feature", "geometry": {"type": "LineString", "coordinates": [[-8.8350996, 39.6822489], [-8.8353273, 39.6813394], [-8.8353211, 39.6811553]]}, "properties": {"cycleway:both": "no", "highway": "primary", "lanes": "1", "lit": "yes", "oneway": "yes", "ref": "EN 1", "sidewalk": "no", "smoothness": "good", "surface": "asphalt"}}, {"type": "Feature", "geometry": {"type": "LineString", "coordinates": [[-8.8333491, 39.6864407], [-8.8339203, 39.685471], [-8.8341537, 39.6850675]]}, "properties": {"cycleway:both": "no", "highway": "primary", "lanes": "3", "lanes:backward": "2", "lanes:forward": "1", "lit": "yes", "maxspeed": "70", "maxspeed:type": "sign", "ref": "EN 1", "sidewalk": "no", "smoothness": "good", "surface": "asphalt"}}, {"type": "Feature", "geometry": {"type": "LineString", "coordinates": [[-8.8293566, 39.6960098], [-8.8293916, 39.6958339], [-8.8294942, 39.695453], [-8.8295843, 39.6951181], [-8.8296004, 39.6950561]]}, "properties": {"cycleway:both": "no", "highway": "primary", "lanes": "2", "lit": "yes", "maxspeed": "50", "oneway": "yes", "ref": "EN 1", "sidewalk": "no", "smoothness": "good", "surface": "asphalt", "turn:lanes": "left|through"}}, {"type": "Feature", "geometry": {"type": "LineString", "coordinates": [[-8.8290015, 39.6976179], [-8.8289537, 39.6979277], [-8.8288879, 39.6983965], [-8.8288819, 39.6984391]]}, "properties": {"cycleway:both": "no", "highway": "primary", "lanes": "2", "lit": "yes", "maxspeed": "60", "oneway": "yes", "ref": "EN 1", "sidewalk": "no", "surface": "asphalt", "turn:lanes": "left|through"}}, {"type": "Feature", "geometry": {"type": "LineString", "coordinates": [[-8.8282483, 39.702692], [-8.8283929, 39.701748]]}, "properties": {"cycleway:both": "no", "highway": "primary", "lanes": "2", "lit": "yes", "maxspeed": "50", "ref": "EN 1", "sidewalk": "no", "smoothness": "good", "surface": "asphalt"}}, {"type": "Feature", "geometry": {"type": "LineString", "coordinates": [[-8.8282141, 39.7029056], [-8.8282483, 39.702692]]}, "properties": {"cycleway:both": "no", "highway": "primary", "lanes": "2", "lit": "yes", "maxspeed": "50", "ref": "EN 1", "sidewalk": "no", "smoothness": "good", "surface": "asphalt"}}, {"type": "Feature", "geometry": {"type": "LineString", "coordinates": [[-8.8280238, 39.7038138], [-8.8280083, 39.7038747], [-8.8279935, 39.7039172], [-8.8279774, 39.7039585], [-8.8279546, 39.7040006], [-8.8279291, 39.704041], [-8.827885, 39.704101]]}, "properties": {"cycleway:both": "no", "highway": "primary", "lanes": "1", "lit": "yes", "maxspeed": "50", "oneway": "yes", "ref": "EN 1", "sidewalk": "no", "surface": "asphalt"}}, {"type": "Feature", "geometry": {"type": "LineString", "coordinates": [[-8.8273428, 39.7060151], [-8.8271713, 39.7065099]]}, "properties": {"cycleway:both": "no", "highway": "primary", "lanes": "2", "lit": "yes", "maxspeed": "90", "oneway": "yes", "ref": "EN 1", "surface": "asphalt", "turn:lanes": "through|slight_right"}}, {"type": "Feature", "geometry": {"type": "LineString", "coordinates": [[-8.8270105, 39.7071206], [-8.8269592, 39.7073894], [-8.8269434, 39.7074859], [-8.82693, 39.7075849], [-8.8269211, 39.7076704]]}, "properties": {"cycleway:both": "no", "highway": "primary", "lanes": "2", "lit": "yes", "maxspeed": "90", "oneway": "yes", "ref": "EN 1", "surface": "asphalt", "turn:lanes": "through|merge_to_left"}}, {"type": "Feature", "geometry": {"type": "LineString", "coordinates": [[-8.8269211, 39.7076704], [-8.8269139, 39.7077397], [-8.8269086, 39.7078098], [-8.8269059, 39.7078697], [-8.8269032, 39.7079398], [-8.8269032, 39.7080286], [-8.8269032, 39.7082989], [-8.826908, 39.7083813], [-8.8269157, 39.7084577], [-8.8269246, 39.7085341], [-8.8269356, 39.7086125], [-8.8269415, 39.7086563], [-8.8269454, 39.708687], [-8.8269598, 39.7087703], [-8.8269782, 39.7088487], [-8.8269971, 39.7089175], [-8.8270228, 39.7089992], [-8.8270562, 39.7090896], [-8.8271261, 39.7092613], [-8.8271863, 39.7093937], [-8.827237, 39.7095009], [-8.8272891, 39.7096059], [-8.8273428, 39.7097142], [-8.8273951, 39.7098086], [-8.8274446, 39.7098997], [-8.8275083, 39.7100152], [-8.827567, 39.7101205], [-8.8285048, 39.7117511]]}, "properties": {"cycleway:both": "no", "highway": "primary", "lanes": "1", "lit": "yes", "maxheight": "default", "maxspeed": "90", "oneway": "yes", "ref": "EN 1", "surface": "asphalt"}}, {"type": "Feature", "geometry": {"type": "LineString", "coordinates": [[-8.8303807, 39.7146918], [-8.8303261, 39.7146031], [-8.8302635, 39.714505], [-8.8301974, 39.7144044], [-8.8300027, 39.7141134]]}, "properties": {"cycleway:both": "no", "highway": "primary", "lanes": "2", "lit": "yes", "maxspeed": "90", "oneway": "yes", "ref": "EN 1", "sidewalk": "right", "smoothness": "good", "surface": "asphalt", "turn:lanes": "merge_to_right|through"}}, {"type": "Feature", "geometry": {"type": "LineString", "coordinates": [[-8.8314496, 39.7165634], [-8.8314039, 39.7164614], [-8.8312591, 39.7161663], [-8.8312189, 39.7160838], [-8.8311895, 39.7160259]]}, "properties": {"cycleway:both": "no", "highway": "primary", "lanes": "2", "lit": "yes", "maxspeed": "50", "oneway": "yes", "ref": "EN 1", "sidewalk": "no", "smoothness": "good", "surface": "asphalt", "traffic_calming": "rumble_strip"}}, {"type": "Feature", "geometry": {"type": "LineString", "coordinates": [[-8.8311895, 39.7160259], [-8.8311682, 39.7159748], [-8.8311581, 39.7159364], [-8.8311518, 39.7159006], [-8.8311502, 39.7158575], [-8.8311565, 39.7158187], [-8.8311733, 39.715764], [-8.8311878, 39.7157231], [-8.831203, 39.7156742]]}, "properties": {"cycleway:both": "no", "highway": "primary", "lanes": "2", "lit": "yes", "maxspeed": "50", "oneway": "yes", "ref": "EN 1", "sidewalk": "no", "smoothness": "good", "surface": "asphalt"}}, {"type": "Feature", "geometry": {"type": "LineString", "coordinates": [[-8.8315021, 39.7169697], [-8.8315158, 39.7170088], [-8.8315778, 39.7172601], [-8.8316064, 39.7173857], [-8.8316673, 39.7176384], [-8.8317253, 39.7178818]]}, "properties": {"cycleway:both": "no", "highway": "primary", "lanes": "2", "lit": "yes", "maxspeed": "90", "oneway": "yes", "ref": "EN 1", "sidewalk": "no", "smoothness": "excellent", "surface": "asphalt", "turn:lanes": "through|slight_right"}}, {"type": "Feature", "geometry": {"type": "LineString", "coordinates": [[-8.8295342, 39.7246924], [-8.829094, 39.7256375], [-8.8290301, 39.7257746]]}, "properties": {"cycleway:both": "no", "highway": "primary", "lanes": "2", "lit": "yes", "maxspeed": "50", "oneway": "yes", "ref": "EN 1", "sidewalk": "right", "sidewalk:right:surface": "paving_stones", "surface": "asphalt", "turn:lanes": "through|slight_right"}}, {"type": "Feature", "geometry": {"type": "LineString", "coordinates": [[-8.8309668, 39.7224818], [-8.8311922, 39.7220214], [-8.8312458, 39.72191]]}, "properties": {"cycleway:both": "no", "foot": "no", "highway": "primary", "lanes": "2", "lit": "yes", "maxspeed": "50", "oneway": "yes", "ref": "EN 1", "sidewalk": "no", "smoothness": "excellent", "surface": "asphalt", "turn:lanes": "through|slight_right"}}, {"type": "Feature", "geometry": {"type": "LineString", "coordinates": [[-8.84416, 39.6422079], [-8.843606, 39.6429962]]}, "properties": {"highway": "primary", "lanes": "2", "ref": "EN 1", "smoothness": "excellent", "surface": "asphalt"}}, {"type": "Feature", "geometry": {"type": "LineString", "coordinates": [[-8.4393569, 40.2331737], [-8.4391938, 40.2330364], [-8.439129, 40.2329842], [-8.4389836, 40.2328671], [-8.4388751, 40.2327797], [-8.4388472, 40.2327572], [-8.4386824, 40.2326244]]}, "properties": {"highway": "primary", "lanes": "2", "name": "Rua Manuel de Almeida e Sousa", "ref": "EN 1", "source": "bing"}}, {"type": "Feature", "geometry": {"type": "LineString", "coordinates": [[-8.4424012, 40.2417022], [-8.4424715, 40.2414986], [-8.4425993, 40.241292], [-8.4430889, 40.240669], [-8.4432944, 40.2404075], [-8.4437295, 40.239854], [-8.4440119, 40.2393823], [-8.444215, 40.2389736], [-8.4442298, 40.2389437], [-8.4442717, 40.2388594], [-8.4443014, 40.2387996], [-8.4443363, 40.2387307], [-8.4443738, 40.238657]]}, "properties": {"highway": "primary", "lanes": "2", "name": "Rua Manuel Madeira", "ref": "EN 1", "source": "bing", "surface": "asphalt"}}, {"type": "Feature", "geometry": {"type": "LineString", "coordinates": [[-8.7281036, 39.8187664], [-8.7281988, 39.8186309], [-8.7283139, 39.8184863], [-8.7284298, 39.818359], [-8.7286289, 39.818151], [-8.7289264, 39.8178857], [-8.7292438, 39.8176143], [-8.7295443, 39.8173486], [-8.7299838, 39.8169777], [-8.7302168, 39.816784], [-8.7304835, 39.8165737], [-8.7307676, 39.8163556], [-8.7308714, 39.8162801], [-8.7310035, 39.8161908], [-8.7311459, 39.8160951], [-8.7321758, 39.8154536], [-8.7363272, 39.8129712], [-8.7374386, 39.8123098]]}, "properties": {"highway": "trunk", "lanes": "1", "lit": "no", "maxspeed": "80", "oneway": "yes", "ref": "IC 2;EN 1", "surface": "asphalt"}}, {"type": "Feature", "geometry": {"type": "LineString", "coordinates": [[-8.7272726, 39.8215036], [-8.7273534, 39.8209043], [-8.7274259, 39.8204352], [-8.7274646, 39.8202147], [-8.727508, 39.8200425], [-8.7275591, 39.8198477], [-8.7276162, 39.8196682], [-8.7276709, 39.8195329], [-8.7277438, 39.8193831], [-8.7278524, 39.8191724], [-8.7279396, 39.819028], [-8.7280216, 39.818894], [-8.7281036, 39.8187664]]}, "properties": {"highway": "trunk", "lanes": "1", "lit": "no", "maxspeed": "60", "oneway": "yes", "ref": "IC 2;EN 1", "surface": "asphalt"}}, {"type": "Feature", "geometry": {"type": "LineString", "coordinates": [[-8.7271009, 39.8219986], [-8.7270297, 39.8223663], [-8.7269786, 39.8225548], [-8.7269231, 39.8227295], [-8.72684, 39.8229211]]}, "properties": {"highway": "trunk", "lanes": "2", "lit": "yes", "maxspeed": "80", "oneway": "yes", "ref": "IC 2;EN 1", "smoothness": "excellent", "surface": "asphalt", "turn:lanes": "left|through"}}, {"type": "Feature", "geometry": {"type": "LineString", "coordinates": [[-8.7258677, 39.8242481], [-8.725153, 39.8249293], [-8.724729, 39.8253166], [-8.724493, 39.8255301]]}, "properties": {"highway": "trunk", "lanes": "1", "lit": "yes", "maxspeed": "50", "oneway": "yes", "ref": "IC 2;EN 1", "smoothness": "excellent", "surface": "asphalt"}}, {"type": "Feature", "geometry": {"type": "LineString", "coordinates": [[-8.4444263, 40.2514301], [-8.4443309, 40.251383]]}, "properties": {"destination:forward": "Coimbra;Lisboa;Porto", "highway": "primary", "lanes": "2", "oneway": "no", "ref": "EN 1", "surface": "asphalt"}}, {"type": "Feature", "geometry": {"type": "LineString", "coordinates": [[-8.4446014, 40.2514768], [-8.4444999, 40.2514559], [-8.4444263, 40.2514301]]}, "properties": {"highway": "primary", "lanes": "2", "oneway": "no", "ref": "EN 1", "surface": "asphalt"}}, {"type": "Feature", "geometry": {"type": "LineString", "coordinates": [[-8.4344745, 40.1888855], [-8.4339035, 40.1890802], [-8.4337196, 40.1891368]]}, "properties": {"destination:backward": "Barreiros;Cruz dos Morou\u00e7os", "highway": "primary", "lanes": "2", "name": "Estrada Antiga de Lisboa", "oneway": "no", "ref": "EN 1", "surface": "asphalt"}}, {"type": "Feature", "geometry": {"type": "LineString", "coordinates": [[-8.4337196, 40.1891368], [-8.433281, 40.1892847], [-8.4331516, 40.1893458]]}, "properties": {"destination:forward": "Santa Clara", "highway": "primary", "lanes": "2", "name": "Ladeira do Vale do Inferno", "ref": "EN 1", "surface": "asphalt"}}, {"type": "Feature", "geometry": {"type": "LineString", "coordinates": [[-8.4310454, 40.1909325], [-8.4309081, 40.1909324]]}, "properties": {"cycleway:both": "no", "highway": "trunk", "junction": "roundabout", "lanes": "2", "ref": "EN 1", "source": "bing", "surface": "asphalt"}}, {"type": "Feature", "geometry": {"type": "LineString", "coordinates": [[-8.4314526, 40.1917379], [-8.4315468, 40.1916007]]}, "properties": {"cycleway:both": "no", "highway": "trunk", "junction": "roundabout", "lanes": "2", "lit": "yes", "ref": "EN 1", "source": "bing", "surface": "asphalt"}}, {"type": "Feature", "geometry": {"type": "LineString", "coordinates": [[-8.4598349, 40.1655661], [-8.4597883, 40.165687], [-8.4597534, 40.1658192], [-8.4597037, 40.1660069], [-8.4595553, 40.1665347], [-8.4594208, 40.1668613], [-8.4593187, 40.1670037], [-8.4589176, 40.1673668], [-8.4575335, 40.1686197], [-8.4573227, 40.1688105], [-8.4568793, 40.1692119], [-8.4566298, 40.1694709], [-8.4565462, 40.169602], [-8.4564508, 40.1697515], [-8.4563869, 40.1698874]]}, "properties": {"highway": "primary", "lanes": "2", "ref": "EN 1", "source": "Bing", "surface": "asphalt"}}, {"type": "Feature", "geometry": {"type": "LineString", "coordinates": [[-8.441486, 40.2626947], [-8.4414362, 40.262513], [-8.4414079, 40.2623857], [-8.4414013, 40.262101]]}, "properties": {"highway": "primary", "lanes": "2", "name": "Rua de Coimbra", "ref": "EN 1", "surface": "asphalt"}}, {"type": "Feature", "geometry": {"type": "LineString", "coordinates": [[-8.830422, 39.6927504], [-8.8317988, 39.6893785], [-8.831831, 39.6893056]]}, "properties": {"cycleway:both": "no", "highway": "primary", "lanes": "3", "lanes:backward": "1", "lanes:forward": "2", "lit": "yes", "ref": "EN 1", "sidewalk": "no", "smoothness": "good", "surface": "asphalt"}}, {"type": "Feature", "geometry": {"type": "LineString", "coordinates": [[-8.8301311, 39.6934629], [-8.830422, 39.6927504]]}, "properties": {"cycleway:both": "no", "highway": "primary", "lanes": "3", "lanes:backward": "1", "lanes:forward": "2", "lit": "no", "maxspeed:backward": "80", "ref": "EN 1", "sidewalk": "no", "smoothness": "good", "surface": "asphalt"}}, {"type": "Feature", "geometry": {"type": "LineString", "coordinates": [[-8.8341233, 39.6748978], [-8.8340961, 39.6747919]]}, "properties": {"cycleway:both": "no", "highway": "primary", "lanes": "2", "lit": "yes", "maxspeed": "50", "parking:both": "no", "ref": "EN 1", "sidewalk": "both", "smoothness": "good", "source": "bing", "surface": "asphalt"}}, {"type": "Feature", "geometry": {"type": "LineString", "coordinates": [[-8.8868678, 39.5580724], [-8.8861917, 39.559043]]}, "properties": {"highway": "trunk", "lanes": "3", "oneway": "yes", "ref": "IC 2;EN 1", "surface": "asphalt", "turn:lanes": "none|none|left;through"}}, {"type": "Feature", "geometry": {"type": "LineString", "coordinates": [[-8.8683772, 39.5865677], [-8.8676009, 39.5873411], [-8.8667391, 39.5881976], [-8.8656679, 39.5892606], [-8.8654564, 39.5894576], [-8.8649996, 39.5899032]]}, "properties": {"highway": "trunk", "lanes": "2", "maxspeed": "60", "ref": "IC 2;EN 1", "surface": "asphalt"}}, {"type": "Feature", "geometry": {"type": "LineString", "coordinates": [[-8.8649996, 39.5899032], [-8.8643457, 39.5905473], [-8.8641703, 39.5907202]]}, "properties": {"highway": "trunk", "lanes": "2", "maxspeed": "60", "ref": "IC 2;EN 1", "surface": "asphalt", "turn:lanes:forward": "through;right"}}, {"type": "Feature", "geometry": {"type": "LineString", "coordinates": [[-8.9616763, 39.4063955], [-8.9616978, 39.4064565], [-8.9617208, 39.4065221], [-8.9617372, 39.4066121], [-8.9617437, 39.4067234], [-8.9617581, 39.4068703], [-8.9617682, 39.4070575], [-8.961779, 39.4071894], [-8.962579, 39.4123703], [-8.9629672, 39.4147943]]}, "properties": {"highway": "trunk", "lanes": "1", "maxspeed": "50", "oneway": "yes", "ref": "IC 2;EN 1", "surface": "asphalt"}}, {"type": "Feature", "geometry": {"type": "LineString", "coordinates": [[-8.9618349, 39.4071846], [-8.9618245, 39.4070534], [-8.9618177, 39.4069607], [-8.9618205, 39.4068852], [-8.9618276, 39.4067658], [-8.9618414, 39.4066396], [-8.9618467, 39.4065564], [-8.9618584, 39.4065016], [-8.9618814, 39.4064508], [-8.9619056, 39.4064056]]}, "properties": {"highway": "trunk", "lanes": "1", "maxspeed": "50", "oneway": "yes", "ref": "IC 2;EN 1", "surface": "asphalt"}}, {"type": "Feature", "geometry": {"type": "LineString", "coordinates": [[-8.5899718, 40.0068034], [-8.5900108, 40.0067356], [-8.5901626, 40.0064718], [-8.5903167, 40.0062081], [-8.5904801, 40.0059112], [-8.5907699, 40.0054154], [-8.5910222, 40.004968], [-8.5914832, 40.0041788], [-8.5918768, 40.0035115], [-8.5920965, 40.0031616], [-8.5921984, 40.0029989], [-8.5922932, 40.0028538], [-8.5924106, 40.0026967], [-8.5925245, 40.0025572], [-8.5927345, 40.0023136], [-8.5928458, 40.0021841], [-8.5930376, 40.0019944], [-8.5932046, 40.0018441], [-8.5934295, 40.0016473], [-8.5936545, 40.0014613], [-8.5938278, 40.0013201]]}, "properties": {"highway": "trunk", "lanes": "3", "lanes:backward": "1", "lanes:forward": "2", "lit": "no", "maxspeed": "80", "minspeed:lanes:forward": "60|", "ref": "IC 2;EN 1", "surface": "asphalt"}}, {"type": "Feature", "geometry": {"type": "LineString", "coordinates": [[-8.5938278, 40.0013201], [-8.594039, 40.0011671], [-8.5942742, 40.0010033], [-8.5944581, 40.0008869], [-8.5946524, 40.0007691], [-8.5951326, 40.0004875]]}, "properties": {"highway": "trunk", "lanes": "3", "lanes:backward": "1", "lanes:forward": "2", "lit": "no", "maxspeed:lanes:backward": "60", "maxspeed:lanes:forward": "80", "minspeed:lanes:forward": "60|", "ref": "IC 2;EN 1", "surface": "asphalt"}}, {"type": "Feature", "geometry": {"type": "LineString", "coordinates": [[-8.6285587, 39.9644291], [-8.6285659, 39.9646413], [-8.6285692, 39.9648005]]}, "properties": {"highway": "trunk", "lanes": "1", "lit": "yes", "maxspeed": "50", "oneway": "yes", "ref": "IC 2;EN 1", "surface": "asphalt"}}, {"type": "Feature", "geometry": {"type": "LineString", "coordinates": [[-8.6286498, 39.9644282], [-8.6286362, 39.9639121], [-8.6286229, 39.963626], [-8.6286163, 39.9634495]]}, "properties": {"highway": "trunk", "lanes": "1", "lit": "yes", "maxspeed": "80", "oneway": "yes", "ref": "IC 2;EN 1", "surface": "asphalt"}}, {"type": "Feature", "geometry": {"type": "LineString", "coordinates": [[-8.6285709, 39.9552167], [-8.6286043, 39.9551122], [-8.6286126, 39.9549525], [-8.6286314, 39.9545217]]}, "properties": {"highway": "trunk", "lanes": "1", "lit": "yes", "maxspeed": "50", "oneway": "yes", "ref": "IC 2;EN 1", "surface": "asphalt"}}, {"type": "Feature", "geometry": {"type": "LineString", "coordinates": [[-8.6285709, 39.9552167], [-8.628568, 39.9556777], [-8.628567, 39.9558397], [-8.6285571, 39.9562888], [-8.6285351, 39.957359], [-8.6285236, 39.9584451], [-8.6285147, 39.9590725], [-8.6285223, 39.9595002], [-8.6285324, 39.9602783], [-8.6285349, 39.9604325], [-8.6285698, 39.9625177], [-8.6285835, 39.9633243]]}, "properties": {"highway": "trunk", "lanes": "2", "lit": "yes", "maxspeed": "50", "ref": "IC 2;EN 1", "surface": "asphalt"}}, {"type": "Feature", "geometry": {"type": "LineString", "coordinates": [[-8.6285835, 39.9633243], [-8.6285574, 39.9634096], [-8.6285584, 39.9634494]]}, "properties": {"highway": "trunk", "lanes": "1", "lit": "yes", "maxspeed": "50", "oneway": "yes", "ref": "IC 2;EN 1", "surface": "asphalt"}}, {"type": "Feature", "geometry": {"type": "LineString", "coordinates": [[-8.6286409, 39.9657871], [-8.6286509, 39.9662817], [-8.6286511, 39.9669368], [-8.6286734, 39.9676683], [-8.628679, 39.9682064], [-8.6286908, 39.9687838]]}, "properties": {"highway": "trunk", "lanes": "2", "lit": "no", "maxspeed": "80", "ref": "IC 2;EN 1", "surface": "asphalt"}}, {"type": "Feature", "geometry": {"type": "LineString", "coordinates": [[-8.6287136, 39.9715608], [-8.6286949, 39.971721], [-8.6286697, 39.9718785], [-8.6286321, 39.972067]]}, "properties": {"highway": "trunk", "lanes": "2", "maxspeed": "60", "ref": "IC 2;EN 1", "surface": "asphalt", "turn:lanes:backward": "through;right"}}, {"type": "Feature", "geometry": {"type": "LineString", "coordinates": [[-8.6958415, 39.8661791], [-8.69542, 39.8668709]]}, "properties": {"highway": "trunk", "lanes": "2", "lit": "no", "maxspeed": "60", "oneway": "yes", "ref": "IC 2;EN 1", "smoothness": "good", "surface": "asphalt", "turn:lanes": "left|through;right"}}, {"type": "Feature", "geometry": {"type": "LineString", "coordinates": [[-8.5883163, 40.0092776], [-8.5884318, 40.0091465], [-8.5888233, 40.0086373]]}, "properties": {"highway": "trunk", "lanes": "3", "lanes:backward": "2", "lanes:forward": "1", "lit": "no", "maxspeed": "60", "ref": "IC 2;EN 1", "sidewalk:both": "no", "surface": "asphalt", "turn:lanes:backward": "left|through"}}, {"type": "Feature", "geometry": {"type": "LineString", "coordinates": [[-8.8325423, 39.667185], [-8.8325126, 39.6672387], [-8.8325071, 39.6672969], [-8.8325249, 39.6673508], [-8.8325633, 39.6673979], [-8.8326188, 39.6674335], [-8.8326495, 39.6674454], [-8.8326821, 39.6674536]]}, "properties": {"cycleway:both": "no", "highway": "primary", "junction": "roundabout", "lanes": "1", "lit": "yes", "maxspeed": "50", "ref": "EN 1", "sidewalk": "no", "surface": "asphalt"}}, {"type": "Feature", "geometry": {"type": "LineString", "coordinates": [[-8.8326821, 39.6674536], [-8.8327267, 39.6674586], [-8.8327716, 39.6674568], [-8.8328153, 39.6674484], [-8.832856, 39.6674337], [-8.8328923, 39.6674131], [-8.8329227, 39.6673876]]}, "properties": {"cycleway:both": "no", "highway": "primary", "junction": "roundabout", "lanes": "1", "lit": "yes", "maxspeed": "50", "ref": "EN 1", "sidewalk": "no", "smoothness": "good", "surface": "asphalt"}}, {"type": "Feature", "geometry": {"type": "LineString", "coordinates": [[-8.8327193, 39.667103], [-8.8326502, 39.6671157], [-8.8325893, 39.6671439], [-8.8325423, 39.667185]]}, "properties": {"cycleway:both": "no", "highway": "primary", "junction": "roundabout", "lanes": "1", "lit": "yes", "maxspeed": "50", "ref": "EN 1", "sidewalk": "no", "smoothness": "good", "surface": "asphalt"}}, {"type": "Feature", "geometry": {"type": "LineString", "coordinates": [[-8.827885, 39.704101], [-8.8278534, 39.7041147], [-8.827825, 39.704132], [-8.8278007, 39.7041526], [-8.8277836, 39.7041724], [-8.8277701, 39.7041938], [-8.8277607, 39.7042164], [-8.8277554, 39.7042399], [-8.8277551, 39.7042737], [-8.8277634, 39.7043069], [-8.82778, 39.7043383], [-8.8278043, 39.7043665]]}, "properties": {"cycleway:both": "no", "highway": "primary", "junction": "roundabout", "lanes": "2", "lit": "yes", "maxspeed": "50", "ref": "EN 1", "sidewalk": "no", "surface": "asphalt"}}, {"type": "Feature", "geometry": {"type": "LineString", "coordinates": [[-8.8278043, 39.7043665], [-8.8278333, 39.7043893], [-8.8278674, 39.7044077], [-8.8279052, 39.7044208], [-8.8279456, 39.7044284], [-8.8279871, 39.7044301], [-8.8280282, 39.7044259], [-8.8280677, 39.7044159]]}, "properties": {"cycleway:both": "no", "highway": "primary", "junction": "roundabout", "lanes": "2", "lit": "yes", "maxspeed": "50", "ref": "EN 1", "sidewalk": "no", "smoothness": "good", "surface": "asphalt"}}, {"type": "Feature", "geometry": {"type": "LineString", "coordinates": [[-8.8281306, 39.7041314], [-8.8280957, 39.704111], [-8.8280562, 39.7040962], [-8.8280138, 39.7040876], [-8.82797, 39.7040855], [-8.8279265, 39.7040901], [-8.827885, 39.704101]]}, "properties": {"cycleway:both": "no", "highway": "primary", "junction": "roundabout", "lanes": "2", "lit": "yes", "maxspeed": "50", "ref": "EN 1", "sidewalk": "no", "surface": "asphalt"}}, {"type": "Feature", "geometry": {"type": "LineString", "coordinates": [[-8.8308535, 39.7157329], [-8.8309049, 39.7157487], [-8.8309594, 39.7157565], [-8.8310148, 39.7157558], [-8.8310688, 39.7157467], [-8.8311195, 39.7157296], [-8.8311648, 39.7157051], [-8.831203, 39.7156742]]}, "properties": {"cycleway:both": "no", "highway": "primary", "junction": "roundabout", "lanes": "2", "lit": "yes", "maxspeed": "50", "ref": "EN 1", "sidewalk": "no", "surface": "asphalt"}}, {"type": "Feature", "geometry": {"type": "LineString", "coordinates": [[-8.8308826, 39.7153422], [-8.8308385, 39.7153588], [-8.8307989, 39.7153811], [-8.8307649, 39.7154083], [-8.8307377, 39.7154398], [-8.830718, 39.7154744], [-8.8307066, 39.7155111], [-8.8307037, 39.7155488]]}, "properties": {"cycleway:both": "no", "highway": "primary", "junction": "roundabout", "lanes": "2", "lit": "yes", "maxspeed": "50", "ref": "EN 1", "sidewalk": "no", "surface": "asphalt"}}, {"type": "Feature", "geometry": {"type": "LineString", "coordinates": [[-8.8307037, 39.7155488], [-8.8307167, 39.7156077], [-8.8307503, 39.7156616], [-8.8307794, 39.7156897], [-8.8308141, 39.7157137], [-8.8308535, 39.7157329]]}, "properties": {"cycleway:both": "no", "highway": "primary", "junction": "roundabout", "lanes": "2", "lit": "yes", "maxspeed": "50", "ref": "EN 1", "sidewalk": "no", "surface": "asphalt"}}, {"type": "Feature", "geometry": {"type": "LineString", "coordinates": [[-8.8285048, 39.7117511], [-8.8292194, 39.7129934], [-8.8293226, 39.7131701], [-8.8293824, 39.7132623], [-8.8295432, 39.7135197], [-8.829597, 39.7136083], [-8.8296721, 39.7137405]]}, "properties": {"cycleway:both": "no", "highway": "primary", "lanes": "1", "lit": "yes", "maxspeed": "50", "oneway": "yes", "ref": "EN 1", "surface": "asphalt"}}, {"type": "Feature", "geometry": {"type": "LineString", "coordinates": [[-8.5774684, 40.0212866], [-8.5778102, 40.0207834]]}, "properties": {"highway": "trunk", "lanes": "3", "lanes:backward": "2", "lanes:forward": "1", "maxspeed": "50", "ref": "IC 2;EN 1", "surface": "asphalt", "turn:lanes:backward": "left|through"}}, {"type": "Feature", "geometry": {"type": "LineString", "coordinates": [[-8.6230604, 39.9773275], [-8.6232119, 39.9772384], [-8.6234463, 39.9771006]]}, "properties": {"highway": "trunk", "lanes": "2", "lit": "yes", "maxspeed": "50", "ref": "IC 2;EN 1", "surface": "asphalt"}}, {"type": "Feature", "geometry": {"type": "LineString", "coordinates": [[-8.6234463, 39.9771006], [-8.6241412, 39.9767014], [-8.6250685, 39.9761636], [-8.62561, 39.9758495], [-8.6257238, 39.9757745], [-8.6261556, 39.9755071], [-8.6264552, 39.9752879], [-8.6265851, 39.9751852], [-8.6267021, 39.9750886], [-8.6268562, 39.9749591], [-8.6270142, 39.9748129], [-8.6271571, 39.9746759], [-8.627308, 39.9745187], [-8.6274004, 39.9744217], [-8.6274944, 39.9743125], [-8.6275832, 39.9742044], [-8.6276803, 39.9740769], [-8.6278429, 39.9738533], [-8.6280206, 39.9735749], [-8.6282049, 39.9732387], [-8.6282689, 39.9731085], [-8.6283299, 39.9729771], [-8.6283908, 39.9728268], [-8.628481, 39.9725878], [-8.6285463, 39.9723937], [-8.6285902, 39.9722344], [-8.6286321, 39.972067]]}, "properties": {"highway": "trunk", "lanes": "2", "lit": "yes", "maxspeed": "60", "ref": "IC 2;EN 1", "surface": "asphalt"}}, {"type": "Feature", "geometry": {"type": "LineString", "coordinates": [[-8.629087, 39.9233307], [-8.629139, 39.9232619], [-8.6292015, 39.9232012], [-8.6292621, 39.9231587], [-8.6293317, 39.923103]]}, "properties": {"highway": "trunk", "lanes": "2", "lit": "yes", "maxspeed": "50", "oneway": "yes", "ref": "IC 2;EN 1", "surface": "asphalt"}}, {"type": "Feature", "geometry": {"type": "LineString", "coordinates": [[-8.6288634, 39.9245203], [-8.6288865, 39.9249203], [-8.6288923, 39.9250486], [-8.6289124, 39.9254918], [-8.6289107, 39.9255545], [-8.6288999, 39.9256291], [-8.6288608, 39.9258331], [-8.6288523, 39.9258774], [-8.6288291, 39.9259885], [-8.6288121, 39.9260498]]}, "properties": {"highway": "trunk", "lanes": "1", "maxspeed": "60", "oneway": "yes", "ref": "IC 2;EN 1", "smoothness": "excellent", "surface": "asphalt"}}, {"type": "Feature", "geometry": {"type": "LineString", "coordinates": [[-8.6288512, 39.9243037], [-8.6288634, 39.9245203]]}, "properties": {"highway": "trunk", "lanes": "1", "maxspeed": "60", "oneway": "yes", "ref": "IC 2;EN 1", "smoothness": "excellent", "surface": "asphalt"}}, {"type": "Feature", "geometry": {"type": "LineString", "coordinates": [[-8.6289407, 39.9244653], [-8.6289383, 39.924415], [-8.6289273, 39.9241836], [-8.6289213, 39.9240108]]}, "properties": {"highway": "trunk", "lanes": "1", "maxspeed": "60", "oneway": "yes", "ref": "IC 2;EN 1", "surface": "asphalt"}}, {"type": "Feature", "geometry": {"type": "LineString", "coordinates": [[-8.7656436, 39.7732757], [-8.7654199, 39.7735328]]}, "properties": {"highway": "trunk", "lanes": "1", "lit": "yes", "maxspeed": "80", "oneway": "yes", "ref": "IC 2;EN 1", "surface": "asphalt"}}, {"type": "Feature", "geometry": {"type": "LineString", "coordinates": [[-8.7524191, 39.7854813], [-8.7512085, 39.7864812]]}, "properties": {"highway": "trunk", "lanes": "3", "lanes:backward": "1", "lanes:forward": "2", "lit": "no", "maxspeed": "80", "ref": "IC 2;EN 1", "surface": "asphalt"}}, {"type": "Feature", "geometry": {"type": "LineString", "coordinates": [[-8.7508157, 39.7867466], [-8.750015, 39.7874025]]}, "properties": {"highway": "trunk", "lanes": "2", "lit": "no", "maxspeed": "60", "oneway": "yes", "ref": "IC 2;EN 1", "surface": "asphalt"}}, {"type": "Feature", "geometry": {"type": "LineString", "coordinates": [[-8.750015, 39.7874025], [-8.7493491, 39.7879599], [-8.7492001, 39.788075]]}, "properties": {"highway": "trunk", "lanes": "2", "lit": "no", "maxspeed": "50", "oneway": "yes", "ref": "IC 2;EN 1", "surface": "asphalt", "traffic_calming": "rumble_strip"}}, {"type": "Feature", "geometry": {"type": "LineString", "coordinates": [[-8.7480051, 39.7896932], [-8.748059, 39.7895918], [-8.7481173, 39.7894906], [-8.7483999, 39.7890855]]}, "properties": {"highway": "trunk", "lanes": "2", "lit": "no", "maxspeed": "60", "oneway": "yes", "ref": "IC 2;EN 1", "surface": "asphalt", "traffic_calming": "rumble_strip"}}, {"type": "Feature", "geometry": {"type": "LineString", "coordinates": [[-8.7485326, 39.7889244], [-8.7486112, 39.7888426], [-8.7487681, 39.7887115], [-8.7488373, 39.7886696]]}, "properties": {"highway": "trunk", "lanes": "2", "lit": "no", "maxspeed": "50", "oneway": "yes", "ref": "IC 2;EN 1", "surface": "asphalt"}}, {"type": "Feature", "geometry": {"type": "LineString", "coordinates": [[-8.7686804, 39.7703983], [-8.7681521, 39.7707763], [-8.7680997, 39.7708177], [-8.7679499, 39.7709335], [-8.7678243, 39.7710342], [-8.7676997, 39.7711319], [-8.7675799, 39.7712188], [-8.7674957, 39.771253]]}, "properties": {"highway": "trunk", "lanes": "2", "lit": "yes", "maxspeed": "50", "old_ref": "EN 1", "oneway": "yes", "ref": "IC 2;EN 1", "surface": "asphalt", "traffic_calming": "rumble_strip"}}, {"type": "Feature", "geometry": {"type": "LineString", "coordinates": [[-8.7470133, 39.7928825], [-8.7471201, 39.7924582]]}, "properties": {"highway": "trunk", "lanes": "3", "lanes:backward": "1", "lanes:forward": "2", "lit": "no", "maxspeed": "80", "ref": "IC 2;EN 1", "surface": "asphalt", "turn:lanes:forward": "none|merge_to_left"}}, {"type": "Feature", "geometry": {"type": "LineString", "coordinates": [[-8.7471201, 39.7924582], [-8.7472028, 39.7921297], [-8.7473543, 39.7915039]]}, "properties": {"highway": "trunk", "lanes": "3", "lanes:backward": "1", "lanes:forward": "2", "lit": "yes", "maxspeed": "80", "ref": "IC 2;EN 1", "surface": "asphalt", "turn:lanes:forward": "none|merge_to_left"}}, {"type": "Feature", "geometry": {"type": "LineString", "coordinates": [[-8.724153, 39.8258693], [-8.7239749, 39.826047], [-8.7238373, 39.8261927]]}, "properties": {"highway": "trunk", "lanes": "2", "lit": "yes", "maxspeed": "50", "oneway": "yes", "ref": "IC 2;EN 1", "smoothness": "excellent", "surface": "asphalt", "turn:lanes": "left|through;slight_right"}}, {"type": "Feature", "geometry": {"type": "LineString", "coordinates": [[-8.7232361, 39.8271163], [-8.7234896, 39.8267467], [-8.7236183, 39.8265716]]}, "properties": {"highway": "trunk", "lanes": "2", "lit": "yes", "maxspeed": "50", "oneway": "yes", "ref": "IC 2;EN 1", "surface": "asphalt", "turn:lanes": "left|through"}}, {"type": "Feature", "geometry": {"type": "LineString", "coordinates": [[-8.7215659, 39.829456], [-8.7209628, 39.830318], [-8.7206717, 39.8307385]]}, "properties": {"highway": "trunk", "lanes": "2", "lit": "yes", "maxspeed": "50", "old_ref": "EN 1", "ref": "IC 2;EN 1", "smoothness": "good", "surface": "asphalt"}}, {"type": "Feature", "geometry": {"type": "LineString", "coordinates": [[-8.7220381, 39.8287944], [-8.7215659, 39.829456]]}, "properties": {"highway": "trunk", "lanes": "2", "lit": "yes", "maxspeed": "50", "old_ref": "EN 1", "ref": "IC 2;EN 1", "smoothness": "good", "surface": "asphalt"}}, {"type": "Feature", "geometry": {"type": "LineString", "coordinates": [[-8.7206717, 39.8307385], [-8.720338, 39.831222]]}, "properties": {"highway": "trunk", "lanes": "2", "lit": "yes", "maxspeed": "50", "old_ref": "EN 1", "ref": "IC 2;EN 1", "smoothness": "good", "surface": "asphalt"}}, {"type": "Feature", "geometry": {"type": "LineString", "coordinates": [[-8.720338, 39.831222], [-8.7177816, 39.8349222], [-8.7173009, 39.835618], [-8.7171675, 39.8358111], [-8.7168573, 39.83626], [-8.7164212, 39.8368912]]}, "properties": {"highway": "trunk", "lanes": "2", "lit": "yes", "maxheight": "default", "maxspeed": "50", "ref": "IC 2;EN 1", "smoothness": "good", "surface": "asphalt"}}, {"type": "Feature", "geometry": {"type": "LineString", "coordinates": [[-8.7153686, 39.8384169], [-8.7151023, 39.8388063]]}, "properties": {"highway": "trunk", "lanes": "2", "lit": "yes", "maxspeed": "50", "old_ref": "EN 1", "ref": "IC 2;EN 1", "smoothness": "excellent", "surface": "asphalt", "turn:backward": "left;through"}}, {"type": "Feature", "geometry": {"type": "LineString", "coordinates": [[-8.7028592, 39.8532494], [-8.7028335, 39.8534059], [-8.7028077, 39.8535414], [-8.7027304, 39.853934]]}, "properties": {"highway": "trunk", "lanes": "2", "lit": "yes", "maxspeed": "50", "old_ref": "EN 1", "oneway": "yes", "ref": "IC 2;EN 1", "smoothness": "good", "surface": "asphalt", "turn:lanes": "left|through"}}, {"type": "Feature", "geometry": {"type": "LineString", "coordinates": [[-8.7028445, 39.8537872], [-8.7029449, 39.8533067]]}, "properties": {"highway": "trunk", "lanes": "1", "lit": "no", "maxspeed": "50", "old_ref": "EN 1", "oneway": "yes", "ref": "IC 2;EN 1", "surface": "asphalt", "turn:lanes": "left;through"}}, {"type": "Feature", "geometry": {"type": "LineString", "coordinates": [[-8.4497208, 40.5107191], [-8.449616, 40.5104696], [-8.4494944, 40.5102397], [-8.4493377, 40.5099832]]}, "properties": {"highway": "primary", "lanes": "2", "maxspeed": "70", "oneway": "no", "ref": "IC 2;EN 1", "surface": "asphalt"}}, {"type": "Feature", "geometry": {"type": "LineString", "coordinates": [[-8.4493377, 40.5099832], [-8.4486491, 40.5091237], [-8.4483268, 40.5087631], [-8.4471884, 40.5074893], [-8.446919, 40.5071615], [-8.4467435, 40.506974], [-8.4466382, 40.5068568], [-8.4464666, 40.5066659], [-8.4457506, 40.5058693], [-8.4454453, 40.5055297], [-8.4450532, 40.5050934], [-8.4448166, 40.5048619], [-8.4445767, 40.5046494], [-8.4434658, 40.5039248]]}, "properties": {"highway": "primary", "lanes": "2", "maxspeed": "70", "oneway": "no", "ref": "IC 2;EN 1", "surface": "asphalt"}}, {"type": "Feature", "geometry": {"type": "LineString", "coordinates": [[-8.6289213, 39.9240108], [-8.6289189, 39.9239425], [-8.6289296, 39.9237806], [-8.6289628, 39.9236255], [-8.6290069, 39.9234942], [-8.6290571, 39.9233896], [-8.629087, 39.9233307]]}, "properties": {"highway": "trunk", "lanes": "1", "maxspeed": "50", "oneway": "yes", "ref": "IC 2;EN 1", "surface": "asphalt"}}, {"type": "Feature", "geometry": {"type": "LineString", "coordinates": [[-8.8825777, 39.5643919], [-8.8828316, 39.5640336]]}, "properties": {"highway": "trunk", "lanes": "2", "maxspeed": "60", "oneway": "yes", "ref": "IC 2;EN 1", "surface": "asphalt", "turn:lanes": "left|through;right"}}, {"type": "Feature", "geometry": {"type": "LineString", "coordinates": [[-8.8570471, 39.6161945], [-8.8570729, 39.6166574]]}, "properties": {"highway": "trunk", "lanes": "3", "lanes:backward": "1", "lanes:forward": "2", "maxspeed:backward": "70", "maxspeed:forward": "80", "ref": "IC 2;EN 1", "surface": "asphalt", "turn:lanes:forward": "|merge_to_left"}}, {"type": "Feature", "geometry": {"type": "LineString", "coordinates": [[-8.6287052, 39.9473522], [-8.6287033, 39.9474169]]}, "properties": {"highway": "trunk", "lanes": "1", "lit": "yes", "maxspeed": "50", "oneway": "yes", "ref": "IC 2;EN 1", "surface": "asphalt"}}, {"type": "Feature", "geometry": {"type": "LineString", "coordinates": [[-8.6285577, 39.9539718], [-8.6285514, 39.9543001]]}, "properties": {"highway": "trunk", "lanes": "1", "lit": "yes", "maxspeed": "50", "oneway": "yes", "ref": "IC 2;EN 1", "surface": "asphalt"}}, {"type": "Feature", "geometry": {"type": "LineString", "coordinates": [[-8.7158097, 39.837781], [-8.7164212, 39.8368912]]}, "properties": {"highway": "trunk", "lanes": "2", "lit": "yes", "maxspeed": "50", "ref": "IC 2;EN 1", "smoothness": "good", "surface": "asphalt", "turn:lanes:backward": "through;right"}}, {"type": "Feature", "geometry": {"type": "LineString", "coordinates": [[-8.7151023, 39.8388063], [-8.7149065, 39.8390897], [-8.7145482, 39.8395811], [-8.7144578, 39.8396859]]}, "properties": {"highway": "trunk", "lanes": "2", "lit": "yes", "maxspeed": "50", "old_ref": "EN 1", "ref": "IC 2;EN 1", "smoothness": "excellent", "surface": "asphalt"}}, {"type": "Feature", "geometry": {"type": "LineString", "coordinates": [[-8.7144578, 39.8396859], [-8.7142967, 39.8398717], [-8.7141572, 39.8400231], [-8.7140311, 39.8401434]]}, "properties": {"highway": "trunk", "lanes": "3", "lanes:backward": "1", "lanes:forward": "2", "lit": "yes", "maxspeed": "50", "old_ref": "EN 1", "ref": "IC 2;EN 1", "smoothness": "good", "surface": "asphalt", "turn:lanes:forward": "left|through"}}, {"type": "Feature", "geometry": {"type": "LineString", "coordinates": [[-8.7135189, 39.8405616], [-8.7133549, 39.8406848]]}, "properties": {"highway": "trunk", "lanes": "2", "lit": "yes", "maxspeed": "50", "old_ref": "EN 1", "ref": "IC 2;EN 1", "smoothness": "good", "surface": "asphalt", "turn:lanes:backward": "through;right"}}, {"type": "Feature", "geometry": {"type": "LineString", "coordinates": [[-8.7140311, 39.8401434], [-8.7135516, 39.8405355], [-8.7135189, 39.8405616]]}, "properties": {"highway": "trunk", "lanes": "3", "lanes:backward": "1", "lanes:forward": "2", "lit": "yes", "maxspeed": "50", "old_ref": "EN 1", "ref": "IC 2;EN 1", "smoothness": "good", "surface": "asphalt", "turn:lanes:backward": "through;right", "turn:lanes:forward": "left|through"}}, {"type": "Feature", "geometry": {"type": "LineString", "coordinates": [[-8.7133549, 39.8406848], [-8.71309, 39.8408838]]}, "properties": {"highway": "trunk", "lanes": "3", "lanes:backward": "1", "lanes:forward": "2", "lit": "yes", "maxspeed": "50", "old_ref": "EN 1", "ref": "IC 2;EN 1", "smoothness": "good", "surface": "asphalt", "turn:lanes:backward": "through;right", "turn:lanes:forward": "left|through"}}, {"type": "Feature", "geometry": {"type": "LineString", "coordinates": [[-8.71309, 39.8408838], [-8.7125537, 39.8412703]]}, "properties": {"highway": "trunk", "lanes": "2", "lit": "yes", "maxspeed": "50", "old_ref": "EN 1", "ref": "IC 2;EN 1", "smoothness": "good", "surface": "asphalt", "turn:lanes:backward": "through;right"}}, {"type": "Feature", "geometry": {"type": "LineString", "coordinates": [[-8.7125537, 39.8412703], [-8.7116768, 39.8419022]]}, "properties": {"highway": "trunk", "lanes": "2", "lit": "yes", "maxspeed": "50", "old_ref": "EN 1", "ref": "IC 2;EN 1", "smoothness": "good", "surface": "asphalt"}}, {"type": "Feature", "geometry": {"type": "LineString", "coordinates": [[-8.7116768, 39.8419022], [-8.7114797, 39.8420443], [-8.7107239, 39.842589]]}, "properties": {"highway": "trunk", "lanes": "2", "lit": "yes", "maxspeed": "50", "old_ref": "EN 1", "ref": "IC 2;EN 1", "smoothness": "good", "surface": "asphalt", "turn:lanes:forward": "through;right"}}, {"type": "Feature", "geometry": {"type": "LineString", "coordinates": [[-8.7103143, 39.8428884], [-8.7098024, 39.8432626]]}, "properties": {"highway": "trunk", "lanes": "2", "lit": "yes", "maxspeed": "50", "old_ref": "EN 1", "ref": "IC 2;EN 1", "smoothness": "good", "surface": "asphalt", "turn:lanes:backward": "left;through"}}, {"type": "Feature", "geometry": {"type": "LineString", "coordinates": [[-8.7098024, 39.8432626], [-8.7093419, 39.8435724]]}, "properties": {"highway": "trunk", "lanes": "2", "lit": "yes", "maxspeed": "50", "old_ref": "EN 1", "ref": "IC 2;EN 1", "smoothness": "good", "surface": "asphalt"}}, {"type": "Feature", "geometry": {"type": "LineString", "coordinates": [[-8.7046079, 39.8474094], [-8.7047202, 39.8473305], [-8.7048125, 39.8472335]]}, "properties": {"highway": "trunk", "lanes": "1", "lit": "yes", "maxspeed": "50", "old_ref": "EN 1", "oneway": "yes", "ref": "IC 2;EN 1", "surface": "asphalt"}}, {"type": "Feature", "geometry": {"type": "LineString", "coordinates": [[-8.7046079, 39.8474094], [-8.7044526, 39.8476056], [-8.7043715, 39.8477118], [-8.7043079, 39.8477991], [-8.7042371, 39.8479071], [-8.7041729, 39.8480141], [-8.7041193, 39.848105], [-8.7040684, 39.8481993], [-8.7040106, 39.8483198]]}, "properties": {"highway": "trunk", "lanes": "2", "lit": "yes", "maxspeed": "50", "old_ref": "EN 1", "ref": "IC 2;EN 1", "smoothness": "good", "surface": "asphalt"}}, {"type": "Feature", "geometry": {"type": "LineString", "coordinates": [[-8.7074878, 39.8448347], [-8.707396, 39.8448592], [-8.7069965, 39.8451271], [-8.7067799, 39.8452892], [-8.7066466, 39.8454005]]}, "properties": {"highway": "trunk", "lanes": "1", "lit": "yes", "maxspeed": "50", "old_ref": "EN 1", "oneway": "yes", "ref": "IC 2;EN 1", "smoothness": "good", "surface": "asphalt"}}, {"type": "Feature", "geometry": {"type": "LineString", "coordinates": [[-8.7051314, 39.8468955], [-8.7054513, 39.8465964], [-8.7057711, 39.8462972]]}, "properties": {"highway": "trunk", "lanes": "2", "lit": "yes", "maxspeed": "50", "old_ref": "EN 1", "oneway": "yes", "ref": "IC 2;EN 1", "surface": "asphalt", "turn:lanes": "left|through;right"}}, {"type": "Feature", "geometry": {"type": "LineString", "coordinates": [[-8.7057711, 39.8462972], [-8.7059144, 39.8461639], [-8.7061271, 39.8459578], [-8.7061946, 39.8458961], [-8.7063796, 39.845727], [-8.7064638, 39.8456534], [-8.706746, 39.845407], [-8.706839, 39.8453253], [-8.7069942, 39.8452076], [-8.707434, 39.8448845], [-8.7074878, 39.8448347]]}, "properties": {"highway": "trunk", "lanes": "1", "lit": "yes", "maxspeed": "50", "old_ref": "EN 1", "oneway": "yes", "ref": "IC 2;EN 1", "surface": "asphalt"}}, {"type": "Feature", "geometry": {"type": "LineString", "coordinates": [[-8.7063573, 39.8456371], [-8.706047, 39.8459284], [-8.7056805, 39.8462696]]}, "properties": {"highway": "trunk", "lanes": "2", "lit": "yes", "maxspeed": "50", "old_ref": "EN 1", "oneway": "yes", "ref": "IC 2;EN 1", "smoothness": "excellent", "surface": "asphalt", "turn:lanes": "left|through;right"}}, {"type": "Feature", "geometry": {"type": "LineString", "coordinates": [[-8.7056805, 39.8462696], [-8.7053571, 39.8465654], [-8.7050322, 39.8468986], [-8.7047277, 39.8472176], [-8.7046631, 39.8472989], [-8.7046079, 39.8474094]]}, "properties": {"highway": "trunk", "lanes": "1", "lit": "yes", "maxspeed": "50", "old_ref": "EN 1", "oneway": "yes", "ref": "IC 2;EN 1", "smoothness": "excellent", "surface": "asphalt"}}, {"type": "Feature", "geometry": {"type": "LineString", "coordinates": [[-8.7066466, 39.8454005], [-8.7064354, 39.8455706], [-8.7063573, 39.8456371]]}, "properties": {"highway": "trunk", "lanes": "1", "lit": "yes", "maxspeed": "50", "old_ref": "EN 1", "oneway": "yes", "ref": "IC 2;EN 1", "smoothness": "good", "surface": "asphalt", "turn:lanes": "left;through;right"}}, {"type": "Feature", "geometry": {"type": "LineString", "coordinates": [[-8.7048125, 39.8472335], [-8.7051314, 39.8468955]]}, "properties": {"highway": "trunk", "lanes": "1", "lit": "yes", "maxspeed": "50", "old_ref": "EN 1", "oneway": "yes", "ref": "IC 2;EN 1", "surface": "asphalt", "turn:lanes": "left;through;right"}}, {"type": "Feature", "geometry": {"type": "LineString", "coordinates": [[-8.7036394, 39.8496114], [-8.703545, 39.850101]]}, "properties": {"highway": "trunk", "lanes": "3", "lanes:backward": "1", "lanes:forward": "2", "lit": "yes", "maxspeed": "50", "old_ref": "EN 1", "ref": "IC 2;EN 1", "smoothness": "good", "surface": "asphalt", "turn:lanes:forward": "left|through;right"}}, {"type": "Feature", "geometry": {"type": "LineString", "coordinates": [[-8.7034557, 39.8505458], [-8.7032838, 39.8513877], [-8.7031497, 39.8520545]]}, "properties": {"highway": "trunk", "lanes": "2", "lit": "yes", "maxspeed": "50", "old_ref": "EN 1", "ref": "IC 2;EN 1", "smoothness": "good", "surface": "asphalt"}}, {"type": "Feature", "geometry": {"type": "LineString", "coordinates": [[-8.703083, 39.8526461], [-8.7031078, 39.8525061], [-8.7031369, 39.8523546]]}, "properties": {"highway": "trunk", "lanes": "1", "lit": "no", "maxspeed": "50", "old_ref": "EN 1", "oneway": "yes", "ref": "IC 2;EN 1", "surface": "asphalt"}}, {"type": "Feature", "geometry": {"type": "LineString", "coordinates": [[-8.7029449, 39.8533067], [-8.703083, 39.8526461]]}, "properties": {"highway": "trunk", "lanes": "2", "lit": "no", "maxspeed": "50", "old_ref": "EN 1", "oneway": "yes", "ref": "IC 2;EN 1", "surface": "asphalt", "turn:lanes": "left|through"}}, {"type": "Feature", "geometry": {"type": "LineString", "coordinates": [[-8.702918, 39.8529629], [-8.7028592, 39.8532494]]}, "properties": {"highway": "trunk", "lanes": "2", "lit": "yes", "maxspeed": "50", "old_ref": "EN 1", "oneway": "yes", "ref": "IC 2;EN 1", "smoothness": "good", "surface": "asphalt", "turn:lanes": "through|slight_right"}}, {"type": "Feature", "geometry": {"type": "LineString", "coordinates": [[-8.6988822, 39.8612353], [-8.6983815, 39.8620859]]}, "properties": {"highway": "trunk", "lanes": "3", "lanes:backward": "1", "lanes:forward": "2", "lit": "yes", "maxspeed": "80", "minspeed:lanes:forward": "60|", "ref": "IC 2;EN 1", "smoothness": "good", "surface": "asphalt", "turn:lanes:forward": "|merge_to_left"}}, {"type": "Feature", "geometry": {"type": "LineString", "coordinates": [[-8.69542, 39.8668709], [-8.6952861, 39.8670772]]}, "properties": {"highway": "trunk", "lanes": "2", "lit": "no", "maxspeed": "60", "oneway": "yes", "ref": "IC 2;EN 1", "smoothness": "good", "surface": "asphalt", "turn:lanes": "left|through"}}, {"type": "Feature", "geometry": {"type": "LineString", "coordinates": [[-8.6948017, 39.8680629], [-8.6948776, 39.8679349], [-8.6948941, 39.867907], [-8.6949653, 39.867787], [-8.695112, 39.8675471], [-8.6951412, 39.8674994]]}, "properties": {"highway": "trunk", "lanes": "2", "lit": "yes", "maxspeed": "60", "oneway": "yes", "ref": "IC 2;EN 1", "surface": "asphalt", "turn:lanes": "left|through;right"}}, {"type": "Feature", "geometry": {"type": "LineString", "coordinates": [[-8.6951412, 39.8674994], [-8.6953463, 39.8671561]]}, "properties": {"highway": "trunk", "lanes": "2", "lit": "yes", "maxspeed": "60", "oneway": "yes", "ref": "IC 2;EN 1", "surface": "asphalt", "turn:lanes": "left|through"}}, {"type": "Feature", "geometry": {"type": "LineString", "coordinates": [[-8.690271, 39.8720036], [-8.6897271, 39.8724345]]}, "properties": {"highway": "trunk", "lanes": "3", "lanes:backward": "2", "lanes:forward": "1", "lit": "yes", "maxspeed": "60", "ref": "IC 2;EN 1", "smoothness": "good", "surface": "asphalt", "turn:lanes:backward": "left|through"}}, {"type": "Feature", "geometry": {"type": "LineString", "coordinates": [[-8.6897271, 39.8724345], [-8.6895218, 39.8725956], [-8.6892082, 39.8728417]]}, "properties": {"highway": "trunk", "lanes": "2", "lit": "yes", "maxspeed": "60", "ref": "IC 2;EN 1", "sidewalk:both": "no", "smoothness": "good", "surface": "asphalt"}}, {"type": "Feature", "geometry": {"type": "LineString", "coordinates": [[-8.6892082, 39.8728417], [-8.6888818, 39.8730979]]}, "properties": {"highway": "trunk", "lanes": "2", "lit": "yes", "maxspeed": "60", "ref": "IC 2;EN 1", "smoothness": "good", "surface": "asphalt", "turn:lanes:forward": "left;through;right"}}, {"type": "Feature", "geometry": {"type": "LineString", "coordinates": [[-8.6888818, 39.8730979], [-8.6886146, 39.8733076], [-8.6883162, 39.873543]]}, "properties": {"highway": "trunk", "lanes": "4", "lanes:backward": "1", "lanes:forward": "3", "lit": "yes", "maxspeed": "60", "ref": "IC 2;EN 1", "sidewalk:both": "no", "smoothness": "good", "surface": "asphalt", "turn:lanes:forward": "left|through|right"}}, {"type": "Feature", "geometry": {"type": "LineString", "coordinates": [[-8.6883162, 39.873543], [-8.6878559, 39.8738966]]}, "properties": {"highway": "trunk", "lanes": "3", "lanes:backward": "2", "lanes:forward": "1", "lit": "yes", "maxspeed": "50", "ref": "IC 2;EN 1", "smoothness": "good", "surface": "asphalt", "turn:lanes:backward": "left|through;right"}}, {"type": "Feature", "geometry": {"type": "LineString", "coordinates": [[-8.6878559, 39.8738966], [-8.6870513, 39.8745382], [-8.6866242, 39.874869], [-8.6863987, 39.875037], [-8.68618, 39.8751892], [-8.6859797, 39.8753195], [-8.6858538, 39.8753952], [-8.685728, 39.875463], [-8.6855027, 39.8755717], [-8.6848358, 39.8758647], [-8.6839726, 39.8762406]]}, "properties": {"highway": "trunk", "lanes": "2", "lit": "yes", "maxspeed": "50", "ref": "IC 2;EN 1", "smoothness": "intermediate", "surface": "asphalt"}}, {"type": "Feature", "geometry": {"type": "LineString", "coordinates": [[-8.6784841, 39.8799133], [-8.6780798, 39.880228], [-8.6776005, 39.8806325]]}, "properties": {"highway": "trunk", "lanes": "2", "lit": "yes", "maxspeed": "60", "ref": "IC 2;EN 1", "sidewalk:both": "no", "smoothness": "good", "surface": "asphalt"}}, {"type": "Feature", "geometry": {"type": "LineString", "coordinates": [[-8.6839726, 39.8762406], [-8.6835727, 39.8764211]]}, "properties": {"highway": "trunk", "lanes": "2", "lit": "yes", "maxspeed": "50", "ref": "IC 2;EN 1", "sidewalk:both": "no", "smoothness": "good", "surface": "asphalt", "turn:lanes:forward": "left;through;right"}}, {"type": "Feature", "geometry": {"type": "LineString", "coordinates": [[-8.6835727, 39.8764211], [-8.6827763, 39.8767623]]}, "properties": {"highway": "trunk", "lanes": "3", "lanes:backward": "1", "lanes:forward": "2", "lit": "yes", "maxspeed": "50", "ref": "IC 2;EN 1", "smoothness": "good", "surface": "asphalt", "turn:lanes:forward": "left|through;right"}}, {"type": "Feature", "geometry": {"type": "LineString", "coordinates": [[-8.6827763, 39.8767623], [-8.6822122, 39.8770369]]}, "properties": {"highway": "trunk", "lanes": "3", "lanes:backward": "2", "lanes:forward": "1", "lit": "yes", "maxspeed": "50", "ref": "IC 2;EN 1", "smoothness": "good", "surface": "asphalt", "turn:lanes:backward": "left|through;right"}}, {"type": "Feature", "geometry": {"type": "LineString", "coordinates": [[-8.6822122, 39.8770369], [-8.6821347, 39.8770781], [-8.681995, 39.8771581], [-8.6818656, 39.8772381], [-8.6817392, 39.8773196], [-8.6814331, 39.8775418], [-8.680639, 39.878163], [-8.6803635, 39.8783912], [-8.6799972, 39.8786897], [-8.6796422, 39.8789747], [-8.6792188, 39.8793175], [-8.6784841, 39.8799133]]}, "properties": {"highway": "trunk", "lanes": "2", "lit": "yes", "maxspeed": "50", "ref": "IC 2;EN 1", "smoothness": "intermediate", "surface": "asphalt"}}, {"type": "Feature", "geometry": {"type": "LineString", "coordinates": [[-8.6776005, 39.8806325], [-8.6771473, 39.8810079]]}, "properties": {"highway": "trunk", "lanes": "3", "lanes:backward": "1", "lanes:forward": "2", "lit": "yes", "maxspeed": "60", "ref": "IC 2;EN 1", "smoothness": "good", "surface": "asphalt", "turn:lanes:forward": "left|through;right"}}, {"type": "Feature", "geometry": {"type": "LineString", "coordinates": [[-8.6769543, 39.881162], [-8.6765311, 39.8815037]]}, "properties": {"highway": "trunk", "lanes": "3", "lanes:backward": "2", "lanes:forward": "1", "lit": "yes", "maxspeed": "60", "ref": "IC 2;EN 1", "smoothness": "good", "surface": "asphalt", "turn:lanes:backward": "left|through;right"}}, {"type": "Feature", "geometry": {"type": "LineString", "coordinates": [[-8.6765311, 39.8815037], [-8.6753181, 39.88248]]}, "properties": {"highway": "trunk", "lanes": "2", "lit": "yes", "maxspeed": "60", "ref": "IC 2;EN 1", "smoothness": "intermediate", "surface": "asphalt"}}, {"type": "Feature", "geometry": {"type": "LineString", "coordinates": [[-8.6696648, 39.8868545], [-8.6691156, 39.887174]]}, "properties": {"highway": "trunk", "lanes": "3", "lanes:backward": "2", "lanes:forward": "1", "lit": "no", "maxspeed": "60", "ref": "IC 2;EN 1", "smoothness": "intermediate", "surface": "asphalt", "turn:lanes:backward": "left|through;right"}}, {"type": "Feature", "geometry": {"type": "LineString", "coordinates": [[-8.6701436, 39.8865429], [-8.6696648, 39.8868545]]}, "properties": {"highway": "trunk", "lanes": "3", "lanes:backward": "1", "lanes:forward": "2", "lit": "yes", "maxspeed": "60", "ref": "IC 2;EN 1", "smoothness": "intermediate", "surface": "asphalt", "turn:lanes:forward": "left|through;right"}}, {"type": "Feature", "geometry": {"type": "LineString", "coordinates": [[-8.6691156, 39.887174], [-8.6687418, 39.8873885]]}, "properties": {"highway": "trunk", "lanes": "2", "lit": "yes", "maxspeed": "60", "ref": "IC 2;EN 1", "smoothness": "intermediate", "surface": "asphalt"}}, {"type": "Feature", "geometry": {"type": "LineString", "coordinates": [[-8.6683452, 39.8876162], [-8.6677385, 39.8879798]]}, "properties": {"highway": "trunk", "lanes": "3", "lanes:backward": "1", "lanes:forward": "2", "lit": "yes", "maxspeed": "60", "ref": "IC 2;EN 1", "smoothness": "bad", "surface": "asphalt", "turn:lanes:forward": "left|through"}}, {"type": "Feature", "geometry": {"type": "LineString", "coordinates": [[-8.6687418, 39.8873885], [-8.6683452, 39.8876162]]}, "properties": {"highway": "trunk", "lanes": "3", "lanes:backward": "2", "lanes:forward": "1", "lit": "yes", "maxspeed": "60", "ref": "IC 2;EN 1", "smoothness": "bad", "surface": "asphalt", "turn:lanes:backward": "left|through"}}, {"type": "Feature", "geometry": {"type": "LineString", "coordinates": [[-8.6677385, 39.8879798], [-8.6670812, 39.8883352]]}, "properties": {"highway": "trunk", "lanes": "2", "lit": "yes", "maxspeed": "60", "ref": "IC 2;EN 1", "smoothness": "bad", "surface": "asphalt", "turn:lanes:backward": "through;right"}}, {"type": "Feature", "geometry": {"type": "LineString", "coordinates": [[-8.6670812, 39.8883352], [-8.6662955, 39.888789], [-8.6659388, 39.8889951], [-8.6637729, 39.8902401], [-8.6618111, 39.8913506], [-8.6613334, 39.8916238], [-8.6601315, 39.8922928], [-8.6596067, 39.8925834]]}, "properties": {"highway": "trunk", "lanes": "2", "lit": "yes", "maxspeed": "60", "ref": "IC 2;EN 1", "shoulder": "both", "smoothness": "intermediate", "surface": "asphalt"}}, {"type": "Feature", "geometry": {"type": "LineString", "coordinates": [[-8.6596067, 39.8925834], [-8.658536, 39.8931725]]}, "properties": {"highway": "trunk", "lanes": "2", "lit": "yes", "maxspeed": "60", "ref": "IC 2;EN 1", "smoothness": "intermediate", "surface": "asphalt", "turn:lanes:forward": "through|right"}}, {"type": "Feature", "geometry": {"type": "LineString", "coordinates": [[-8.658536, 39.8931725], [-8.6579455, 39.8935046]]}, "properties": {"highway": "trunk", "lanes": "3", "lanes:backward": "2", "lanes:forward": "1", "lit": "yes", "maxspeed": "60", "ref": "IC 2;EN 1", "smoothness": "intermediate", "surface": "asphalt", "turn:lanes:backward": "left|through"}}, {"type": "Feature", "geometry": {"type": "LineString", "coordinates": [[-8.6555482, 39.8948492], [-8.6550698, 39.8951039]]}, "properties": {"highway": "trunk", "lanes": "3", "lanes:backward": "1", "lanes:forward": "2", "lit": "yes", "maxspeed": "60", "ref": "IC 2;EN 1", "smoothness": "intermediate", "surface": "asphalt", "turn:lanes:forward": "left|through"}}, {"type": "Feature", "geometry": {"type": "LineString", "coordinates": [[-8.6550698, 39.8951039], [-8.6547279, 39.8952728]]}, "properties": {"highway": "trunk", "lanes": "2", "lit": "yes", "maxspeed": "60", "ref": "IC 2;EN 1", "smoothness": "intermediate", "surface": "asphalt", "turn:lanes:backward": "through;right"}}, {"type": "Feature", "geometry": {"type": "LineString", "coordinates": [[-8.6517808, 39.8962977], [-8.64999, 39.8968916], [-8.6485856, 39.8973645], [-8.6470598, 39.8978656], [-8.6469641, 39.8978993]]}, "properties": {"highway": "trunk", "lanes": "2", "lit": "no", "maxspeed": "80", "ref": "IC 2;EN 1", "surface": "asphalt"}}, {"type": "Feature", "geometry": {"type": "LineString", "coordinates": [[-8.6469641, 39.8978993], [-8.6465999, 39.8980274]]}, "properties": {"highway": "trunk", "lanes": "2", "maxspeed": "80", "ref": "IC 2;EN 1", "surface": "asphalt"}}, {"type": "Feature", "geometry": {"type": "LineString", "coordinates": [[-8.6351726, 39.9028494], [-8.6350114, 39.9030067], [-8.6349022, 39.9031213], [-8.6348134, 39.9032187], [-8.6346539, 39.9034113], [-8.6345935, 39.9034918]]}, "properties": {"highway": "trunk", "lanes": "2", "lit": "yes", "maxspeed": "60", "ref": "IC 2;EN 1", "surface": "asphalt"}}, {"type": "Feature", "geometry": {"type": "LineString", "coordinates": [[-8.6345935, 39.9034918], [-8.6344904, 39.903629], [-8.6343283, 39.9038849]]}, "properties": {"highway": "trunk", "lanes": "3", "lanes:backward": "2", "lanes:forward": "1", "lit": "yes", "maxspeed": "60", "ref": "IC 2;EN 1", "surface": "asphalt", "turn:lanes:forward": "through;right"}}, {"type": "Feature", "geometry": {"type": "LineString", "coordinates": [[-8.6341415, 39.9041183], [-8.6339804, 39.9045004]]}, "properties": {"highway": "trunk", "lanes": "1", "lit": "yes", "maxspeed": "60", "oneway": "yes", "ref": "IC 2;EN 1", "smoothness": "intermediate", "surface": "asphalt"}}, {"type": "Feature", "geometry": {"type": "LineString", "coordinates": [[-8.6337897, 39.9052836], [-8.6339498, 39.9047865], [-8.6340521, 39.9045192]]}, "properties": {"highway": "trunk", "lanes": "2", "lit": "yes", "maxspeed": "60", "oneway": "yes", "ref": "IC 2;EN 1", "surface": "asphalt", "turn:lanes": "left|through"}}, {"type": "Feature", "geometry": {"type": "LineString", "coordinates": [[-8.6337505, 39.9185987], [-8.6338004, 39.9190231]]}, "properties": {"highway": "trunk", "lanes": "3", "lanes:backward": "2", "lanes:forward": "1", "lit": "yes", "maxspeed": "50", "ref": "IC 2;EN 1", "smoothness": "excellent", "surface": "asphalt", "turn:lanes:backward": "left|through"}}, {"type": "Feature", "geometry": {"type": "LineString", "coordinates": [[-8.6338004, 39.9190231], [-8.6338041, 39.9191222], [-8.6338026, 39.9191879], [-8.6338005, 39.9193062], [-8.6337904, 39.9194306], [-8.6337691, 39.9195513], [-8.6337339, 39.9196721], [-8.6337038, 39.9197757], [-8.6336562, 39.9199147], [-8.6335944, 39.9200513], [-8.6335262, 39.9201737], [-8.6334344, 39.9203107], [-8.6333489, 39.9204368], [-8.6332706, 39.920532], [-8.6331742, 39.9206369], [-8.6330761, 39.9207394], [-8.6329525, 39.920851], [-8.6328304, 39.9209529]]}, "properties": {"highway": "trunk", "lanes": "2", "lit": "yes", "maxspeed": "50", "ref": "IC 2;EN 1", "sidewalk": "no", "smoothness": "excellent", "surface": "asphalt"}}, {"type": "Feature", "geometry": {"type": "LineString", "coordinates": [[-8.6283626, 39.9324947], [-8.6281786, 39.9334483], [-8.6280786, 39.9340892], [-8.628064, 39.9343584], [-8.6280531, 39.9346303], [-8.6280454, 39.9352426], [-8.6281309, 39.9358409], [-8.6281575, 39.9360177]]}, "properties": {"highway": "trunk", "lanes": "1", "maxheight": "default", "maxspeed": "60", "oneway": "yes", "ref": "IC 2;EN 1", "surface": "asphalt"}}, {"type": "Feature", "geometry": {"type": "LineString", "coordinates": [[-8.6287123, 39.9310482], [-8.628692, 39.9311304], [-8.6286059, 39.9314866]]}, "properties": {"highway": "trunk", "lanes": "2", "maxspeed": "50", "oneway": "yes", "ref": "IC 2;EN 1", "smoothness": "good", "surface": "asphalt", "turn:lanes": "left|through"}}, {"type": "Feature", "geometry": {"type": "LineString", "coordinates": [[-8.6287076, 39.9314989], [-8.6288203, 39.930961], [-8.6289985, 39.9301247], [-8.6289941, 39.9300196]]}, "properties": {"highway": "trunk", "lanes": "1", "maxspeed": "60", "oneway": "yes", "ref": "IC 2;EN 1", "surface": "asphalt"}}, {"type": "Feature", "geometry": {"type": "LineString", "coordinates": [[-8.6284828, 39.932509], [-8.6287076, 39.9314989]]}, "properties": {"highway": "trunk", "lanes": "2", "maxspeed": "60", "oneway": "yes", "ref": "IC 2;EN 1", "surface": "asphalt", "turn:lanes": "left|through;right"}}, {"type": "Feature", "geometry": {"type": "LineString", "coordinates": [[-8.6282181, 39.9338522], [-8.6283825, 39.9329473], [-8.6284101, 39.9328312]]}, "properties": {"highway": "trunk", "lanes": "2", "maxheight": "default", "maxspeed": "60", "oneway": "yes", "ref": "IC 2;EN 1", "surface": "asphalt", "turn:lanes": "none|merge_to_left"}}, {"type": "Feature", "geometry": {"type": "LineString", "coordinates": [[-8.6284101, 39.9328312], [-8.6284828, 39.932509]]}, "properties": {"highway": "trunk", "lanes": "1", "maxspeed": "60", "oneway": "yes", "ref": "IC 2;EN 1", "surface": "asphalt"}}, {"type": "Feature", "geometry": {"type": "LineString", "coordinates": [[-8.628176, 39.9352088], [-8.6281546, 39.9349939], [-8.628151, 39.9347324], [-8.6281482, 39.9346147], [-8.628159, 39.9343555], [-8.6281805, 39.9340949], [-8.6282181, 39.9338522]]}, "properties": {"highway": "trunk", "lanes": "1", "maxheight": "default", "maxspeed": "60", "oneway": "yes", "ref": "IC 2;EN 1", "surface": "asphalt"}}, {"type": "Feature", "geometry": {"type": "LineString", "coordinates": [[-8.6282965, 39.9362468], [-8.6282158, 39.9356093], [-8.628176, 39.9352088]]}, "properties": {"highway": "trunk", "lanes": "2", "maxheight": "default", "maxspeed": "60", "oneway": "yes", "ref": "IC 2;EN 1", "surface": "asphalt", "turn:lanes": "|slight_right"}}, {"type": "Feature", "geometry": {"type": "LineString", "coordinates": [[-8.6282154, 39.9363866], [-8.6282799, 39.9367981]]}, "properties": {"highway": "trunk", "lanes": "2", "maxspeed": "60", "oneway": "yes", "ref": "IC 2;EN 1", "surface": "asphalt", "turn:lanes": "left|through;right"}}, {"type": "Feature", "geometry": {"type": "LineString", "coordinates": [[-8.7040106, 39.8483198], [-8.7039847, 39.8483814], [-8.703926, 39.8485212], [-8.7038441, 39.848731], [-8.7037766, 39.8489865], [-8.7037328, 39.8491798], [-8.7037051, 39.8493022], [-8.7036394, 39.8496114]]}, "properties": {"highway": "trunk", "lanes": "2", "lit": "yes", "maxspeed": "50", "old_ref": "EN 1", "ref": "IC 2;EN 1", "sidewalk:both": "no", "smoothness": "good", "surface": "asphalt"}}, {"type": "Feature", "geometry": {"type": "LineString", "coordinates": [[-8.6997277, 39.8598351], [-8.6988822, 39.8612353]]}, "properties": {"highway": "trunk", "lanes": "3", "lanes:backward": "1", "lanes:forward": "2", "lit": "yes", "maxspeed": "80", "minspeed:lanes:forward": "60|", "ref": "IC 2;EN 1", "sidewalk:both": "no", "smoothness": "good", "surface": "asphalt"}}, {"type": "Feature", "geometry": {"type": "LineString", "coordinates": [[-8.6753181, 39.88248], [-8.6717078, 39.8853955], [-8.6716308, 39.8854577], [-8.6715276, 39.8855374], [-8.670856, 39.8860562], [-8.6705494, 39.8862788], [-8.6701436, 39.8865429]]}, "properties": {"highway": "trunk", "lanes": "2", "lit": "yes", "maxspeed": "60", "ref": "IC 2;EN 1", "smoothness": "intermediate", "surface": "asphalt"}}, {"type": "Feature", "geometry": {"type": "LineString", "coordinates": [[-8.7658678, 39.7731677], [-8.7661061, 39.7729361], [-8.7664697, 39.7725956]]}, "properties": {"highway": "trunk", "lanes": "2", "lit": "yes", "maxspeed": "60", "oneway": "yes", "ref": "IC 2;EN 1", "surface": "asphalt"}}, {"type": "Feature", "geometry": {"type": "LineString", "coordinates": [[-8.7664697, 39.7725956], [-8.7670948, 39.7719736], [-8.7672951, 39.7717732], [-8.7674506, 39.7716647], [-8.7675387, 39.7716204]]}, "properties": {"highway": "trunk", "lanes": "2", "lit": "yes", "maxspeed": "50", "oneway": "yes", "ref": "IC 2;EN 1", "surface": "asphalt", "traffic_calming": "rumble_strip"}}, {"type": "Feature", "geometry": {"type": "LineString", "coordinates": [[-8.7650857, 39.7738702], [-8.7652986, 39.7736632]]}, "properties": {"highway": "trunk", "lanes": "2", "lit": "yes", "maxspeed": "80", "ref": "IC 2;EN 1", "surface": "asphalt"}}, {"type": "Feature", "geometry": {"type": "LineString", "coordinates": [[-8.7641663, 39.7748024], [-8.7644253, 39.7745439], [-8.7650857, 39.7738702]]}, "properties": {"highway": "trunk", "lanes": "3", "lanes:backward": "2", "lanes:forward": "1", "lit": "yes", "maxspeed": "80", "ref": "IC 2;EN 1", "surface": "asphalt", "turn:lanes:backward": "left|through"}}, {"type": "Feature", "geometry": {"type": "LineString", "coordinates": [[-8.7637051, 39.7751978], [-8.7637459, 39.775165], [-8.7640019, 39.7749521], [-8.7641663, 39.7748024]]}, "properties": {"highway": "trunk", "lanes": "3", "lanes:backward": "1", "lanes:forward": "2", "lit": "yes", "maxspeed": "80", "ref": "IC 2;EN 1", "surface": "asphalt", "turn:lanes:forward": "left|through"}}, {"type": "Feature", "geometry": {"type": "LineString", "coordinates": [[-8.7616155, 39.7768548], [-8.7611897, 39.7771966], [-8.7605615, 39.7776892], [-8.759983, 39.7781473], [-8.7596636, 39.7783937]]}, "properties": {"highway": "trunk", "lanes": "3", "lanes:backward": "2", "lanes:forward": "1", "lit": "yes", "maxspeed": "80", "ref": "IC 2;EN 1", "surface": "asphalt"}}, {"type": "Feature", "geometry": {"type": "LineString", "coordinates": [[-8.6281575, 39.9360177], [-8.6282154, 39.9363866]]}, "properties": {"highway": "trunk", "lanes": "1", "maxspeed": "60", "oneway": "yes", "ref": "IC 2;EN 1", "surface": "asphalt", "turn:lanes": "left;through;right"}}, {"type": "Feature", "geometry": {"type": "LineString", "coordinates": [[-8.6282799, 39.9367981], [-8.6283079, 39.9369597]]}, "properties": {"highway": "trunk", "lanes": "2", "maxspeed": "60", "oneway": "yes", "ref": "IC 2;EN 1", "surface": "asphalt", "turn:lanes": "left|through"}}, {"type": "Feature", "geometry": {"type": "LineString", "coordinates": [[-8.6283079, 39.9369597], [-8.628341, 39.9371414], [-8.6284196, 39.9375048], [-8.6284903, 39.9377273]]}, "properties": {"highway": "trunk", "lanes": "1", "maxspeed": "60", "oneway": "yes", "ref": "IC 2;EN 1", "surface": "asphalt"}}, {"type": "Feature", "geometry": {"type": "LineString", "coordinates": [[-8.6284733, 39.9373988], [-8.6284076, 39.9369404], [-8.6282965, 39.9362468]]}, "properties": {"highway": "trunk", "lanes": "2", "maxspeed": "60", "oneway": "yes", "ref": "IC 2;EN 1", "surface": "asphalt", "turn:lanes": "left|through;right"}}, {"type": "Feature", "geometry": {"type": "LineString", "coordinates": [[-8.6284903, 39.9377273], [-8.6284881, 39.9375079], [-8.6284733, 39.9373988]]}, "properties": {"highway": "trunk", "lanes": "1", "maxspeed": "60", "oneway": "yes", "ref": "IC 2;EN 1", "surface": "asphalt", "turn:lanes": "left;through;right"}}, {"type": "Feature", "geometry": {"type": "LineString", "coordinates": [[-8.62891, 39.9416728], [-8.628877, 39.9418419], [-8.6288656, 39.9422351]]}, "properties": {"highway": "trunk", "lanes": "1", "maxspeed": "50", "oneway": "yes", "ref": "IC 2;EN 1", "surface": "asphalt"}}, {"type": "Feature", "geometry": {"type": "LineString", "coordinates": [[-8.6286333, 39.9386051], [-8.6285369, 39.9379827]]}, "properties": {"highway": "trunk", "lanes": "2", "maxspeed": "60", "ref": "IC 2;EN 1", "surface": "asphalt"}}, {"type": "Feature", "geometry": {"type": "LineString", "coordinates": [[-8.6286543, 39.9387449], [-8.6286333, 39.9386051]]}, "properties": {"highway": "trunk", "lanes": "3", "lanes:backward": "2", "lanes:forward": "1", "maxspeed": "60", "ref": "IC 2;EN 1", "surface": "asphalt", "turn:lanes:backward": "|merge_to_left"}}, {"type": "Feature", "geometry": {"type": "LineString", "coordinates": [[-8.6285369, 39.9379827], [-8.6284903, 39.9377273]]}, "properties": {"highway": "trunk", "lanes": "4", "lanes:backward": "2", "lanes:forward": "2", "maxspeed": "60", "ref": "IC 2;EN 1", "surface": "asphalt", "turn:lanes:backward": "|slight_right", "turn:lanes:forward": "|merge_to_left"}}, {"type": "Feature", "geometry": {"type": "LineString", "coordinates": [[-8.6287228, 39.939171], [-8.6286543, 39.9387449]]}, "properties": {"highway": "trunk", "lanes": "4", "lanes:backward": "2", "lanes:forward": "2", "lit": "no", "maxspeed": "60", "ref": "IC 2;EN 1", "surface": "asphalt", "turn:lanes:backward": "|merge_to_left", "turn:lanes:forward": "|slight_right"}}, {"type": "Feature", "geometry": {"type": "LineString", "coordinates": [[-8.62891, 39.9416728], [-8.6289104, 39.941319], [-8.6289045, 39.9408807], [-8.628875, 39.9403833], [-8.6288523, 39.9401225], [-8.6287228, 39.939171]]}, "properties": {"highway": "trunk", "lanes": "2", "lit": "no", "maxspeed": "60", "ref": "IC 2;EN 1", "sidewalk:both": "no", "surface": "asphalt"}}, {"type": "Feature", "geometry": {"type": "LineString", "coordinates": [[-8.628844, 39.9427903], [-8.6288406, 39.9428705]]}, "properties": {"highway": "trunk", "lanes": "1", "maxspeed": "50", "oneway": "yes", "ref": "IC 2;EN 1", "surface": "asphalt"}}, {"type": "Feature", "geometry": {"type": "LineString", "coordinates": [[-8.6288656, 39.9422351], [-8.628844, 39.9427903]]}, "properties": {"highway": "trunk", "lanes": "1", "maxspeed": "50", "oneway": "yes", "ref": "IC 2;EN 1", "surface": "asphalt", "turn:lanes": "through;right"}}, {"type": "Feature", "geometry": {"type": "LineString", "coordinates": [[-8.6289234, 39.9427911], [-8.6289455, 39.9422529], [-8.6289407, 39.9418437], [-8.62891, 39.9416728]]}, "properties": {"highway": "trunk", "lanes": "1", "maxspeed": "50", "oneway": "yes", "ref": "IC 2;EN 1", "surface": "asphalt"}}, {"type": "Feature", "geometry": {"type": "LineString", "coordinates": [[-8.6288987, 39.943456], [-8.62892, 39.942873]]}, "properties": {"highway": "trunk", "lanes": "2", "maxspeed": "50", "oneway": "yes", "ref": "IC 2;EN 1", "surface": "asphalt", "turn:lanes": "left|through"}}, {"type": "Feature", "geometry": {"type": "LineString", "coordinates": [[-8.6288795, 39.9442571], [-8.6288917, 39.9437573]]}, "properties": {"highway": "trunk", "lanes": "2", "maxspeed": "50", "oneway": "yes", "ref": "IC 2;EN 1", "surface": "asphalt", "turn:lanes": "left|through"}}, {"type": "Feature", "geometry": {"type": "LineString", "coordinates": [[-8.6288917, 39.9437573], [-8.6288987, 39.943456]]}, "properties": {"highway": "trunk", "lanes": "1", "maxspeed": "50", "oneway": "yes", "ref": "IC 2;EN 1", "surface": "asphalt"}}, {"type": "Feature", "geometry": {"type": "LineString", "coordinates": [[-8.6287768, 39.9450143], [-8.6287699, 39.9453385]]}, "properties": {"highway": "trunk", "lanes": "2", "maxspeed": "50", "oneway": "yes", "ref": "IC 2;EN 1", "surface": "asphalt", "turn:lanes": "left|through"}}, {"type": "Feature", "geometry": {"type": "LineString", "coordinates": [[-8.6287893, 39.9445055], [-8.6287768, 39.9450143]]}, "properties": {"highway": "trunk", "lanes": "2", "maxspeed": "50", "oneway": "yes", "ref": "IC 2;EN 1", "surface": "asphalt", "turn:lanes": "left|through;right"}}, {"type": "Feature", "geometry": {"type": "LineString", "coordinates": [[-8.6288629, 39.9450162], [-8.6288795, 39.9442571]]}, "properties": {"highway": "trunk", "lanes": "1", "maxspeed": "50", "oneway": "yes", "ref": "IC 2;EN 1", "surface": "asphalt"}}, {"type": "Feature", "geometry": {"type": "LineString", "coordinates": [[-8.6288287, 39.9460105], [-8.6288554, 39.9453412]]}, "properties": {"highway": "trunk", "lanes": "2", "maxspeed": "50", "oneway": "yes", "ref": "IC 2;EN 1", "surface": "asphalt", "turn:lanes": "left|through;right"}}, {"type": "Feature", "geometry": {"type": "LineString", "coordinates": [[-8.6288554, 39.9453412], [-8.6288629, 39.9450162]]}, "properties": {"highway": "trunk", "lanes": "2", "maxspeed": "50", "oneway": "yes", "ref": "IC 2;EN 1", "surface": "asphalt", "turn:lanes": "left|through"}}, {"type": "Feature", "geometry": {"type": "LineString", "coordinates": [[-8.6287699, 39.9453385], [-8.6287626, 39.9456157], [-8.6287438, 39.9460662]]}, "properties": {"highway": "trunk", "lanes": "1", "maxspeed": "50", "oneway": "yes", "ref": "IC 2;EN 1", "surface": "asphalt"}}, {"type": "Feature", "geometry": {"type": "LineString", "coordinates": [[-8.6287274, 39.9466057], [-8.6287237, 39.9467871]]}, "properties": {"highway": "trunk", "lanes": "1", "maxspeed": "50", "oneway": "yes", "ref": "IC 2;EN 1", "surface": "asphalt"}}, {"type": "Feature", "geometry": {"type": "LineString", "coordinates": [[-8.6288184, 39.946339], [-8.6288287, 39.9460105]]}, "properties": {"highway": "trunk", "lanes": "1", "maxspeed": "50", "oneway": "yes", "ref": "IC 2;EN 1", "surface": "asphalt", "turn:lanes": "left;through;right"}}, {"type": "Feature", "geometry": {"type": "LineString", "coordinates": [[-8.6288082, 39.9466064], [-8.6288184, 39.946339]]}, "properties": {"highway": "trunk", "lanes": "2", "maxspeed": "50", "oneway": "yes", "ref": "IC 2;EN 1", "surface": "asphalt", "turn:lanes": "left|through"}}, {"type": "Feature", "geometry": {"type": "LineString", "coordinates": [[-8.6287438, 39.9460662], [-8.6287356, 39.9463361]]}, "properties": {"highway": "trunk", "lanes": "1", "maxspeed": "50", "oneway": "yes", "ref": "IC 2;EN 1", "surface": "asphalt", "turn:lanes": "through;right"}}, {"type": "Feature", "geometry": {"type": "LineString", "coordinates": [[-8.6287971, 39.9469365], [-8.6288082, 39.9466064]]}, "properties": {"highway": "trunk", "lanes": "2", "maxspeed": "50", "oneway": "yes", "ref": "IC 2;EN 1", "surface": "asphalt", "turn:lanes": "left|through"}}, {"type": "Feature", "geometry": {"type": "LineString", "coordinates": [[-8.6287237, 39.9467871], [-8.6287052, 39.9473522]]}, "properties": {"highway": "trunk", "lanes": "1", "maxspeed": "50", "oneway": "yes", "ref": "IC 2;EN 1", "surface": "asphalt", "turn:lanes": "through;right"}}, {"type": "Feature", "geometry": {"type": "LineString", "coordinates": [[-8.6287841, 39.9473535], [-8.6287971, 39.9469365]]}, "properties": {"highway": "trunk", "lanes": "1", "maxspeed": "50", "oneway": "yes", "ref": "IC 2;EN 1", "surface": "asphalt", "turn:lanes": "left;through"}}, {"type": "Feature", "geometry": {"type": "LineString", "coordinates": [[-8.6287652, 39.9480717], [-8.6287823, 39.9474182]]}, "properties": {"highway": "trunk", "lanes": "2", "lit": "yes", "maxspeed": "50", "oneway": "yes", "ref": "IC 2;EN 1", "surface": "asphalt", "turn:lanes": "left|through"}}, {"type": "Feature", "geometry": {"type": "LineString", "coordinates": [[-8.6287567, 39.9483355], [-8.6287652, 39.9480717]]}, "properties": {"highway": "trunk", "lanes": "1", "lit": "yes", "maxspeed": "50", "oneway": "yes", "ref": "IC 2;EN 1", "surface": "asphalt", "turn:lanes": "left;through"}}, {"type": "Feature", "geometry": {"type": "LineString", "coordinates": [[-8.6286729, 39.9485474], [-8.628671, 39.9487187]]}, "properties": {"highway": "trunk", "lanes": "2", "lit": "yes", "maxspeed": "50", "oneway": "yes", "ref": "IC 2;EN 1", "surface": "asphalt", "turn:lanes": "left|through;right"}}, {"type": "Feature", "geometry": {"type": "LineString", "coordinates": [[-8.6286749, 39.9483649], [-8.6286729, 39.9485474]]}, "properties": {"highway": "trunk", "lanes": "1", "lit": "yes", "maxspeed": "50", "oneway": "yes", "ref": "IC 2;EN 1", "surface": "asphalt", "turn:lanes": "left;through;right"}}, {"type": "Feature", "geometry": {"type": "LineString", "coordinates": [[-8.6286636, 39.9488945], [-8.6286414, 39.9496427]]}, "properties": {"highway": "trunk", "lanes": "1", "lit": "yes", "maxspeed": "50", "oneway": "yes", "ref": "IC 2;EN 1", "surface": "asphalt"}}, {"type": "Feature", "geometry": {"type": "LineString", "coordinates": [[-8.6287303, 39.9491999], [-8.6287404, 39.9488928]]}, "properties": {"highway": "trunk", "lanes": "2", "lit": "yes", "maxspeed": "50", "oneway": "yes", "ref": "IC 2;EN 1", "surface": "asphalt", "turn:lanes": "left|through"}}, {"type": "Feature", "geometry": {"type": "LineString", "coordinates": [[-8.6287404, 39.9488928], [-8.6287455, 39.9487186], [-8.6287567, 39.9483355]]}, "properties": {"highway": "trunk", "lanes": "1", "lit": "yes", "maxspeed": "50", "oneway": "yes", "ref": "IC 2;EN 1", "surface": "asphalt"}}, {"type": "Feature", "geometry": {"type": "LineString", "coordinates": [[-8.628671, 39.9487187], [-8.6286636, 39.9488945]]}, "properties": {"highway": "trunk", "lanes": "1", "lit": "yes", "maxspeed": "50", "oneway": "yes", "ref": "IC 2;EN 1", "surface": "asphalt", "turn:lanes": "through;right"}}, {"type": "Feature", "geometry": {"type": "LineString", "coordinates": [[-8.6286346, 39.9499434], [-8.6286292, 39.950124], [-8.6286268, 39.9502937]]}, "properties": {"highway": "trunk", "lanes": "1", "lit": "yes", "maxspeed": "50", "oneway": "yes", "ref": "IC 2;EN 1", "surface": "asphalt"}}, {"type": "Feature", "geometry": {"type": "LineString", "coordinates": [[-8.6286414, 39.9496427], [-8.6286346, 39.9499434]]}, "properties": {"highway": "trunk", "lanes": "2", "lit": "yes", "maxspeed": "50", "oneway": "yes", "ref": "IC 2;EN 1", "surface": "asphalt", "turn:lanes": "left|through"}}, {"type": "Feature", "geometry": {"type": "LineString", "coordinates": [[-8.6286268, 39.9502937], [-8.6286182, 39.9505675]]}, "properties": {"highway": "trunk", "lanes": "2", "lit": "yes", "maxspeed": "50", "oneway": "yes", "ref": "IC 2;EN 1", "surface": "asphalt", "turn:lanes": "left|through"}}, {"type": "Feature", "geometry": {"type": "LineString", "coordinates": [[-8.6286182, 39.9505675], [-8.6286152, 39.9508787]]}, "properties": {"highway": "trunk", "lanes": "1", "lit": "yes", "maxspeed": "50", "oneway": "yes", "ref": "IC 2;EN 1", "surface": "asphalt"}}, {"type": "Feature", "geometry": {"type": "LineString", "coordinates": [[-8.6286909, 39.9509149], [-8.6287015, 39.9505685]]}, "properties": {"highway": "trunk", "lanes": "2", "lit": "yes", "maxspeed": "50", "oneway": "yes", "ref": "IC 2;EN 1", "surface": "asphalt", "turn:lanes": "left|through"}}, {"type": "Feature", "geometry": {"type": "LineString", "coordinates": [[-8.6287015, 39.9505685], [-8.6287155, 39.9499445], [-8.6287303, 39.9491999]]}, "properties": {"highway": "trunk", "lanes": "1", "lit": "yes", "maxspeed": "50", "oneway": "yes", "ref": "IC 2;EN 1", "surface": "asphalt"}}, {"type": "Feature", "geometry": {"type": "LineString", "coordinates": [[-8.6286152, 39.9508787], [-8.6286003, 39.9514365]]}, "properties": {"highway": "trunk", "lanes": "2", "lit": "yes", "maxspeed": "50", "oneway": "yes", "ref": "IC 2;EN 1", "surface": "asphalt", "turn:lanes": "left|through"}}, {"type": "Feature", "geometry": {"type": "LineString", "coordinates": [[-8.6286003, 39.9514365], [-8.6285983, 39.9515616]]}, "properties": {"highway": "trunk", "lanes": "1", "maxspeed": "50", "oneway": "yes", "ref": "IC 2;EN 1", "surface": "asphalt"}}, {"type": "Feature", "geometry": {"type": "LineString", "coordinates": [[-8.6285983, 39.9515616], [-8.6285926, 39.951926]]}, "properties": {"highway": "trunk", "lanes": "2", "lit": "yes", "maxspeed": "50", "oneway": "yes", "ref": "IC 2;EN 1", "surface": "asphalt", "turn:lanes": "left|through"}}, {"type": "Feature", "geometry": {"type": "LineString", "coordinates": [[-8.6285926, 39.951926], [-8.628587, 39.9521456]]}, "properties": {"highway": "trunk", "lanes": "1", "lit": "yes", "maxspeed": "50", "oneway": "yes", "ref": "IC 2;EN 1", "surface": "asphalt"}}, {"type": "Feature", "geometry": {"type": "LineString", "coordinates": [[-8.628587, 39.9521456], [-8.6285831, 39.9523961]]}, "properties": {"highway": "trunk", "lanes": "2", "lit": "yes", "maxspeed": "50", "oneway": "yes", "ref": "IC 2;EN 1", "surface": "asphalt", "turn:lanes": "left|through"}}, {"type": "Feature", "geometry": {"type": "LineString", "coordinates": [[-8.6285831, 39.9523961], [-8.6285745, 39.952838]]}, "properties": {"highway": "trunk", "lanes": "1", "lit": "yes", "maxspeed": "50", "oneway": "yes", "ref": "IC 2;EN 1", "surface": "asphalt"}}, {"type": "Feature", "geometry": {"type": "LineString", "coordinates": [[-8.6285745, 39.952838], [-8.6285647, 39.9533734]]}, "properties": {"highway": "trunk", "lanes": "1", "lit": "yes", "maxspeed": "50", "oneway": "yes", "ref": "IC 2;EN 1", "surface": "asphalt"}}, {"type": "Feature", "geometry": {"type": "LineString", "coordinates": [[-8.6286578, 39.9533781], [-8.6286584, 39.9528402]]}, "properties": {"highway": "trunk", "lanes": "2", "lit": "yes", "maxspeed": "50", "oneway": "yes", "ref": "IC 2;EN 1", "surface": "asphalt", "turn:lanes": "left|through"}}, {"type": "Feature", "geometry": {"type": "LineString", "coordinates": [[-8.6286584, 39.9528402], [-8.6286667, 39.9523953], [-8.6286794, 39.9519271], [-8.628685, 39.9514367], [-8.6286909, 39.9509149]]}, "properties": {"highway": "trunk", "lanes": "1", "lit": "yes", "maxspeed": "50", "oneway": "yes", "ref": "IC 2;EN 1", "surface": "asphalt"}}, {"type": "Feature", "geometry": {"type": "LineString", "coordinates": [[-8.6285647, 39.9533734], [-8.6285603, 39.9538917]]}, "properties": {"highway": "trunk", "lanes": "2", "lit": "yes", "maxspeed": "50", "oneway": "yes", "ref": "IC 2;EN 1", "surface": "asphalt", "turn:lanes": "left|through;right"}}, {"type": "Feature", "geometry": {"type": "LineString", "coordinates": [[-8.6286368, 39.9543413], [-8.6286463, 39.953981]]}, "properties": {"highway": "trunk", "lanes": "2", "lit": "yes", "maxspeed": "50", "oneway": "yes", "ref": "IC 2;EN 1", "surface": "asphalt", "turn:lanes": "left|through;right"}}, {"type": "Feature", "geometry": {"type": "LineString", "coordinates": [[-8.6286483, 39.9538956], [-8.6286578, 39.9533781]]}, "properties": {"highway": "trunk", "lanes": "1", "lit": "yes", "maxspeed": "50", "oneway": "yes", "ref": "IC 2;EN 1", "surface": "asphalt"}}, {"type": "Feature", "geometry": {"type": "LineString", "coordinates": [[-8.6285514, 39.9543001], [-8.6285457, 39.95452]]}, "properties": {"highway": "trunk", "lanes": "2", "lit": "yes", "maxspeed": "50", "oneway": "yes", "ref": "IC 2;EN 1", "surface": "asphalt", "turn:lanes": "left|through"}}, {"type": "Feature", "geometry": {"type": "LineString", "coordinates": [[-8.6285457, 39.95452], [-8.6285441, 39.9546846], [-8.6285412, 39.9549152], [-8.6285463, 39.9551115], [-8.6285709, 39.9552167]]}, "properties": {"highway": "trunk", "lanes": "1", "lit": "yes", "maxspeed": "50", "oneway": "yes", "ref": "IC 2;EN 1", "surface": "asphalt"}}, {"type": "Feature", "geometry": {"type": "LineString", "coordinates": [[-8.6285584, 39.9634494], [-8.6285572, 39.9636589]]}, "properties": {"highway": "trunk", "lanes": "1", "lit": "yes", "maxspeed": "50", "oneway": "yes", "ref": "IC 2;EN 1", "surface": "asphalt"}}, {"type": "Feature", "geometry": {"type": "LineString", "coordinates": [[-8.6286163, 39.9634495], [-8.6286108, 39.9634096], [-8.6285835, 39.9633243]]}, "properties": {"highway": "trunk", "lanes": "1", "lit": "yes", "maxspeed": "80", "oneway": "yes", "ref": "IC 2;EN 1", "surface": "asphalt"}}, {"type": "Feature", "geometry": {"type": "LineString", "coordinates": [[-8.6285572, 39.9636589], [-8.6285538, 39.9642134]]}, "properties": {"highway": "trunk", "lanes": "1", "lit": "yes", "maxspeed": "50", "oneway": "yes", "ref": "IC 2;EN 1", "surface": "asphalt", "turn:lanes": "through;right"}}, {"type": "Feature", "geometry": {"type": "LineString", "coordinates": [[-8.6285538, 39.9642134], [-8.6285587, 39.9644291]]}, "properties": {"highway": "trunk", "lanes": "1", "lit": "yes", "maxspeed": "50", "oneway": "yes", "ref": "IC 2;EN 1", "surface": "asphalt"}}, {"type": "Feature", "geometry": {"type": "LineString", "coordinates": [[-8.6285692, 39.9648005], [-8.6285726, 39.9649596]]}, "properties": {"highway": "trunk", "lanes": "2", "lit": "yes", "maxspeed": "50", "oneway": "yes", "ref": "IC 2;EN 1", "surface": "asphalt", "turn:lanes": "left|through"}}, {"type": "Feature", "geometry": {"type": "LineString", "coordinates": [[-8.6286639, 39.9649622], [-8.6286498, 39.9644282]]}, "properties": {"highway": "trunk", "lanes": "2", "lit": "yes", "maxspeed": "80", "oneway": "yes", "ref": "IC 2;EN 1", "surface": "asphalt", "turn:lanes": "left|through"}}, {"type": "Feature", "geometry": {"type": "LineString", "coordinates": [[-8.6285726, 39.9649596], [-8.6286009, 39.9656415], [-8.6286409, 39.9657871]]}, "properties": {"highway": "trunk", "lanes": "1", "lit": "yes", "maxspeed": "50", "oneway": "yes", "ref": "IC 2;EN 1", "surface": "asphalt"}}, {"type": "Feature", "geometry": {"type": "LineString", "coordinates": [[-8.6286646, 39.9651059], [-8.6286639, 39.9649622]]}, "properties": {"highway": "trunk", "lanes": "1", "lit": "yes", "maxspeed": "80", "oneway": "yes", "ref": "IC 2;EN 1", "surface": "asphalt", "turn:lanes": "left;through"}}, {"type": "Feature", "geometry": {"type": "LineString", "coordinates": [[-8.6286409, 39.9657871], [-8.6286655, 39.9656453], [-8.6286653, 39.9652497], [-8.6286646, 39.9651059]]}, "properties": {"highway": "trunk", "lanes": "1", "lit": "yes", "maxspeed": "80", "oneway": "yes", "ref": "IC 2;EN 1", "surface": "asphalt"}}, {"type": "Feature", "geometry": {"type": "LineString", "coordinates": [[-8.6286908, 39.9687838], [-8.6287281, 39.9701572]]}, "properties": {"highway": "trunk", "lanes": "2", "lit": "no", "maxspeed": "60", "ref": "IC 2;EN 1", "surface": "asphalt"}}, {"type": "Feature", "geometry": {"type": "LineString", "coordinates": [[-8.6287281, 39.9701572], [-8.6287372, 39.9706729], [-8.6287414, 39.9709876]]}, "properties": {"highway": "trunk", "lanes": "3", "lanes:backward": "1", "lanes:forward": "2", "lit": "no", "maxspeed": "60", "ref": "IC 2;EN 1", "surface": "asphalt", "turn:lanes:forward": "left|through"}}, {"type": "Feature", "geometry": {"type": "LineString", "coordinates": [[-8.6222096, 39.9778246], [-8.6224648, 39.9776759]]}, "properties": {"highway": "trunk", "lanes": "3", "lanes:backward": "1", "lanes:forward": "2", "maxspeed": "50", "ref": "IC 2;EN 1", "surface": "asphalt", "turn:lanes:backward": "left;through", "turn:lanes:forward": "left|through;right"}}, {"type": "Feature", "geometry": {"type": "LineString", "coordinates": [[-8.6224648, 39.9776759], [-8.6230604, 39.9773275]]}, "properties": {"highway": "trunk", "lanes": "3", "lanes:backward": "2", "lanes:forward": "1", "lit": "yes", "maxspeed": "50", "ref": "IC 2;EN 1", "surface": "asphalt", "turn:lanes:backward": "left|through;right"}}, {"type": "Feature", "geometry": {"type": "LineString", "coordinates": [[-8.622067, 39.9779128], [-8.6222096, 39.9778246]]}, "properties": {"highway": "trunk", "lanes": "3", "lanes:backward": "2", "lanes:forward": "1", "maxspeed": "50", "ref": "IC 2;EN 1", "surface": "asphalt", "turn:lanes": "left|through", "turn:lanes:backward": "left|through", "turn:lanes:forward": "left;through;right"}}, {"type": "Feature", "geometry": {"type": "LineString", "coordinates": [[-8.6217758, 39.978084], [-8.622067, 39.9779128]]}, "properties": {"highway": "trunk", "lanes": "2", "maxspeed": "50", "ref": "IC 2;EN 1", "surface": "asphalt", "turn:lanes": "left;through;right"}}, {"type": "Feature", "geometry": {"type": "LineString", "coordinates": [[-8.621134, 39.9785264], [-8.6212949, 39.9784062], [-8.6216273, 39.9781789]]}, "properties": {"highway": "trunk", "lanes": "3", "lanes:backward": "2", "lanes:forward": "1", "maxspeed": "50", "ref": "IC 2;EN 1", "surface": "asphalt", "turn:lanes:backward": "left|through;right"}}, {"type": "Feature", "geometry": {"type": "LineString", "coordinates": [[-8.6199362, 39.9796032], [-8.6200651, 39.9794638], [-8.6202576, 39.9792681], [-8.6204049, 39.9791297], [-8.6205587, 39.9789889]]}, "properties": {"highway": "trunk", "lanes": "3", "lanes:backward": "2", "lanes:forward": "1", "lit": "yes", "maxspeed": "60", "ref": "IC 2;EN 1", "surface": "asphalt"}}, {"type": "Feature", "geometry": {"type": "LineString", "coordinates": [[-8.6188132, 39.9807906], [-8.6192004, 39.9803788], [-8.6199362, 39.9796032]]}, "properties": {"highway": "trunk", "lanes": "3", "lanes:backward": "2", "lanes:forward": "1", "lit": "yes", "maxspeed": "80", "minspeed:lanes:backward": "60|", "ref": "IC 2;EN 1", "surface": "asphalt"}}, {"type": "Feature", "geometry": {"type": "LineString", "coordinates": [[-8.6074802, 39.9929126], [-8.6075999, 39.9928004], [-8.6080306, 39.9923986], [-8.6083334, 39.9920901], [-8.6085806, 39.9918165], [-8.6088658, 39.991497], [-8.6092461, 39.9910952], [-8.6099382, 39.9903473], [-8.6106489, 39.9896031], [-8.6115949, 39.9885854]]}, "properties": {"highway": "trunk", "lanes": "3", "lanes:backward": "2", "lanes:forward": "1", "lit": "no", "maxspeed": "80", "minspeed:lanes:backward": "60|", "ref": "IC 2;EN 1", "surface": "asphalt"}}, {"type": "Feature", "geometry": {"type": "LineString", "coordinates": [[-8.6051388, 39.9944875], [-8.6062916, 39.9937956], [-8.6065573, 39.9936247], [-8.6068276, 39.9934431], [-8.6069551, 39.9933492], [-8.6074802, 39.9929126]]}, "properties": {"highway": "trunk", "lanes": "3", "lanes:backward": "2", "lanes:forward": "1", "lit": "no", "maxspeed": "80", "minspeed:lanes:backward": "60|", "ref": "IC 2;EN 1", "surface": "asphalt"}}, {"type": "Feature", "geometry": {"type": "LineString", "coordinates": [[-8.603458, 39.9954993], [-8.6051388, 39.9944875]]}, "properties": {"highway": "trunk", "lanes": "3", "lanes:backward": "2", "lanes:forward": "1", "lit": "yes", "maxspeed": "80", "minspeed:lanes:backward": "60|", "ref": "IC 2;EN 1", "surface": "asphalt", "turn:lanes:backward": "|merge_to_left"}}, {"type": "Feature", "geometry": {"type": "LineString", "coordinates": [[-8.5951326, 40.0004875], [-8.5955966, 40.0002096], [-8.5959946, 39.9999684]]}, "properties": {"highway": "trunk", "lanes": "3", "lanes:backward": "1", "lanes:forward": "2", "lit": "no", "maxspeed": "80", "minspeed:lanes:forward": "60|", "ref": "IC 2;EN 1", "surface": "asphalt"}}, {"type": "Feature", "geometry": {"type": "LineString", "coordinates": [[-8.5959946, 39.9999684], [-8.5966375, 39.9995789], [-8.5969994, 39.9993656], [-8.5976912, 39.998947]]}, "properties": {"highway": "trunk", "lanes": "3", "lanes:backward": "1", "lanes:forward": "2", "lit": "no", "maxspeed": "80", "minspeed:lanes:forward": "60|", "ref": "IC 2;EN 1", "surface": "asphalt", "turn:lanes": "|merge_to_left"}}, {"type": "Feature", "geometry": {"type": "LineString", "coordinates": [[-8.5890679, 40.0083], [-8.5892469, 40.0080257], [-8.5894477, 40.0077043]]}, "properties": {"highway": "trunk", "lanes": "3", "lanes:backward": "1", "lanes:forward": "2", "lit": "no", "maxspeed": "60", "ref": "IC 2;EN 1", "surface": "asphalt", "turn:lanes:forward": "left|through"}}, {"type": "Feature", "geometry": {"type": "LineString", "coordinates": [[-8.5888233, 40.0086373], [-8.5889088, 40.0085207], [-8.5890679, 40.0083]]}, "properties": {"highway": "trunk", "lanes": "2", "lit": "no", "maxspeed": "60", "ref": "IC 2;EN 1", "sidewalk:both": "no", "surface": "asphalt"}}, {"type": "Feature", "geometry": {"type": "LineString", "coordinates": [[-8.5834932, 40.0138144], [-8.5835755, 40.0137252], [-8.5837382, 40.0135602], [-8.5839091, 40.0133905], [-8.5842756, 40.0130479], [-8.5862057, 40.011245]]}, "properties": {"highway": "trunk", "lanes": "2", "lit": "no", "maxspeed": "70", "ref": "IC 2;EN 1", "surface": "asphalt"}}, {"type": "Feature", "geometry": {"type": "LineString", "coordinates": [[-8.5783933, 40.0199099], [-8.578484, 40.0197781], [-8.5787265, 40.0194117], [-8.5789172, 40.0191237], [-8.5790348, 40.0189606], [-8.5791524, 40.0188031], [-8.5793694, 40.0185269], [-8.5802453, 40.0175043], [-8.5803848, 40.0173412], [-8.5816896, 40.015859], [-8.5819649, 40.0155528], [-8.5820711, 40.0154292], [-8.5834133, 40.0139027], [-8.5834932, 40.0138144]]}, "properties": {"highway": "trunk", "lanes": "3", "lanes:backward": "1", "lanes:forward": "2", "lit": "yes", "maxspeed": "50", "ref": "IC 2;EN 1", "surface": "asphalt", "turn:lanes:forward": "left|through"}}, {"type": "Feature", "geometry": {"type": "LineString", "coordinates": [[-8.5780455, 40.0204327], [-8.5783933, 40.0199099]]}, "properties": {"highway": "trunk", "lanes": "2", "maxspeed": "50", "ref": "IC 2;EN 1", "surface": "asphalt"}}, {"type": "Feature", "geometry": {"type": "LineString", "coordinates": [[-8.5779837, 40.0205221], [-8.5780455, 40.0204327]]}, "properties": {"highway": "trunk", "lanes": "2", "maxspeed": "50", "ref": "IC 2;EN 1", "surface": "asphalt"}}, {"type": "Feature", "geometry": {"type": "LineString", "coordinates": [[-8.5779481, 40.0205763], [-8.5779837, 40.0205221]]}, "properties": {"highway": "trunk", "lanes": "2", "maxspeed": "50", "ref": "IC 2;EN 1", "surface": "asphalt"}}, {"type": "Feature", "geometry": {"type": "LineString", "coordinates": [[-8.5778102, 40.0207834], [-8.5779481, 40.0205763]]}, "properties": {"highway": "trunk", "lanes": "3", "lanes:backward": "2", "lanes:forward": "1", "maxspeed": "50", "ref": "IC 2;EN 1", "surface": "asphalt", "turn:lanes:backward": "left|through"}}, {"type": "Feature", "geometry": {"type": "LineString", "coordinates": [[-8.5771783, 40.0217215], [-8.5774684, 40.0212866]]}, "properties": {"highway": "trunk", "lanes": "2", "ref": "IC 2;EN 1", "surface": "asphalt"}}, {"type": "Feature", "geometry": {"type": "LineString", "coordinates": [[-8.5768148, 40.0222665], [-8.5771783, 40.0217215]]}, "properties": {"highway": "trunk", "lanes": "3", "lanes:backward": "2", "lanes:forward": "1", "maxspeed": "90", "minspeed:lanes:backward": "60|", "ref": "IC 2;EN 1", "surface": "asphalt"}}, {"type": "Feature", "geometry": {"type": "LineString", "coordinates": [[-8.5733449, 40.0266038], [-8.573629, 40.0264011], [-8.5740433, 40.0260741], [-8.5744945, 40.0256461], [-8.574736, 40.0253451], [-8.5749774, 40.0250148], [-8.5751878, 40.0247155], [-8.5754469, 40.0243363]]}, "properties": {"highway": "trunk", "lanes": "3", "lanes:backward": "2", "lanes:forward": "1", "lit": "no", "maxspeed": "90", "minspeed:lanes:backward": "60|", "ref": "IC 2;EN 1", "surface": "asphalt"}}, {"type": "Feature", "geometry": {"type": "LineString", "coordinates": [[-8.5693371, 40.0294149], [-8.571277, 40.028074]]}, "properties": {"highway": "trunk", "lanes": "3", "lanes:backward": "1", "lanes:forward": "2", "lit": "yes", "maxspeed": "60", "ref": "IC 2;EN 1", "surface": "asphalt", "turn:lanes:forward": "|merge_to_left"}}, {"type": "Feature", "geometry": {"type": "LineString", "coordinates": [[-8.5643952, 40.032874], [-8.5645132, 40.0327885]]}, "properties": {"highway": "trunk", "lanes": "1", "oneway": "yes", "ref": "IC 2;EN 1", "surface": "asphalt"}}, {"type": "Feature", "geometry": {"type": "LineString", "coordinates": [[-8.5646807, 40.0326776], [-8.5652162, 40.0323115], [-8.5655268, 40.0320866], [-8.5656142, 40.0319899]]}, "properties": {"highway": "trunk", "lanes": "2", "lit": "yes", "oneway": "yes", "ref": "IC 2;EN 1", "surface": "asphalt"}}, {"type": "Feature", "geometry": {"type": "LineString", "coordinates": [[-8.5635086, 40.033393], [-8.5631433, 40.0336451]]}, "properties": {"highway": "trunk", "lanes": "2", "lit": "yes", "maxspeed": "50", "old_ref": "EN 1", "oneway": "yes", "ref": "IC 2;EN 1", "surface": "asphalt"}}, {"type": "Feature", "geometry": {"type": "LineString", "coordinates": [[-8.8864082, 39.5589165], [-8.8874982, 39.5573694]]}, "properties": {"highway": "trunk", "lanes": "3", "maxspeed:lanes": "90|90|70", "oneway": "yes", "ref": "IC 2;EN 1", "surface": "asphalt", "turn:lanes": "none|none|slight_right"}}, {"type": "Feature", "geometry": {"type": "LineString", "coordinates": [[-8.8890643, 39.5551166], [-8.8895379, 39.5544081], [-8.8903651, 39.5532199]]}, "properties": {"highway": "trunk", "lanes": "3", "oneway": "yes", "ref": "IC 2;EN 1", "surface": "asphalt", "turn:lanes": "none|none|merge_to_left"}}, {"type": "Feature", "geometry": {"type": "LineString", "coordinates": [[-8.8903651, 39.5532199], [-8.8912967, 39.5518817]]}, "properties": {"highway": "trunk", "lanes": "2", "oneway": "yes", "ref": "IC 2;EN 1", "surface": "asphalt"}}, {"type": "Feature", "geometry": {"type": "LineString", "coordinates": [[-8.8912967, 39.5518817], [-8.8916188, 39.5514191], [-8.8918122, 39.5510787]]}, "properties": {"highway": "trunk", "lanes": "2", "oneway": "yes", "ref": "IC 2;EN 1", "surface": "asphalt", "turn:lanes": "none|merge_to_left"}}, {"type": "Feature", "geometry": {"type": "LineString", "coordinates": [[-8.8897893, 39.553873], [-8.8892737, 39.5546133]]}, "properties": {"highway": "trunk", "lanes": "2", "oneway": "yes", "ref": "IC 2;EN 1", "surface": "asphalt", "turn:lanes": "through|through;slight_right"}}, {"type": "Feature", "geometry": {"type": "LineString", "coordinates": [[-8.8892737, 39.5546133], [-8.8882386, 39.5561025]]}, "properties": {"highway": "trunk", "lanes": "3", "oneway": "yes", "ref": "IC 2;EN 1", "surface": "asphalt", "turn:lanes": "none|none|slight_right"}}, {"type": "Feature", "geometry": {"type": "LineString", "coordinates": [[-8.8882386, 39.5561025], [-8.8879591, 39.5565166], [-8.8876167, 39.5570056], [-8.8873091, 39.5574421], [-8.8868678, 39.5580724]]}, "properties": {"highway": "trunk", "lanes": "2", "oneway": "yes", "ref": "IC 2;EN 1", "surface": "asphalt"}}, {"type": "Feature", "geometry": {"type": "LineString", "coordinates": [[-8.8856784, 39.5597796], [-8.8849479, 39.5608345]]}, "properties": {"highway": "trunk", "lanes": "3", "oneway": "yes", "ref": "IC 2;EN 1", "surface": "asphalt", "turn:lanes": "none|none|merge_to_left"}}, {"type": "Feature", "geometry": {"type": "LineString", "coordinates": [[-8.8861917, 39.559043], [-8.8856784, 39.5597796]]}, "properties": {"highway": "trunk", "lanes": "3", "oneway": "yes", "ref": "IC 2;EN 1", "surface": "asphalt", "turn:lanes": "none|none|right"}}, {"type": "Feature", "geometry": {"type": "LineString", "coordinates": [[-8.8849479, 39.5608345], [-8.88432, 39.5617355]]}, "properties": {"highway": "trunk", "lanes": "2", "oneway": "yes", "ref": "IC 2;EN 1", "surface": "asphalt"}}, {"type": "Feature", "geometry": {"type": "LineString", "coordinates": [[-8.8838243, 39.5624537], [-8.8835247, 39.5628657], [-8.8831579, 39.5633965]]}, "properties": {"highway": "trunk", "lanes": "1", "oneway": "yes", "ref": "IC 2;EN 1", "surface": "asphalt"}}, {"type": "Feature", "geometry": {"type": "LineString", "coordinates": [[-8.8858364, 39.5597303], [-8.8864082, 39.5589165]]}, "properties": {"highway": "trunk", "lanes": "2", "oneway": "yes", "ref": "IC 2;EN 1", "surface": "asphalt", "turn:lanes": "through|through;slight_right"}}, {"type": "Feature", "geometry": {"type": "LineString", "coordinates": [[-8.8831579, 39.5633965], [-8.8828045, 39.563901], [-8.8827509, 39.5639841]]}, "properties": {"highway": "trunk", "lanes": "1", "maxspeed": "60", "oneway": "yes", "ref": "IC 2;EN 1", "surface": "asphalt"}}, {"type": "Feature", "geometry": {"type": "LineString", "coordinates": [[-8.8832534, 39.5634387], [-8.8837117, 39.5627705]]}, "properties": {"highway": "trunk", "lanes": "1", "maxspeed": "60", "oneway": "yes", "ref": "IC 2;EN 1", "surface": "asphalt", "turn:lanes": "through;right"}}, {"type": "Feature", "geometry": {"type": "LineString", "coordinates": [[-8.883798, 39.5626458], [-8.8839011, 39.5625017], [-8.8846871, 39.5613825], [-8.8852784, 39.5605304], [-8.8854948, 39.5602259], [-8.8858364, 39.5597303]]}, "properties": {"highway": "trunk", "lanes": "2", "oneway": "yes", "ref": "IC 2;EN 1", "surface": "asphalt"}}, {"type": "Feature", "geometry": {"type": "LineString", "coordinates": [[-8.8830944, 39.5636618], [-8.8832534, 39.5634387]]}, "properties": {"highway": "trunk", "lanes": "1", "maxspeed": "60", "oneway": "yes", "ref": "IC 2;EN 1", "surface": "asphalt"}}, {"type": "Feature", "geometry": {"type": "LineString", "coordinates": [[-8.8828316, 39.5640336], [-8.8830259, 39.5637579], [-8.8830944, 39.5636618]]}, "properties": {"highway": "trunk", "lanes": "2", "maxspeed": "60", "oneway": "yes", "ref": "IC 2;EN 1", "surface": "asphalt", "turn:lanes": "merge_to_right|none"}}, {"type": "Feature", "geometry": {"type": "LineString", "coordinates": [[-8.8827509, 39.5639841], [-8.8825679, 39.5642509]]}, "properties": {"highway": "trunk", "lanes": "1", "maxspeed": "60", "oneway": "yes", "ref": "IC 2;EN 1", "surface": "asphalt"}}, {"type": "Feature", "geometry": {"type": "LineString", "coordinates": [[-8.8824393, 39.5644385], [-8.882156, 39.5648515]]}, "properties": {"highway": "trunk", "lanes": "2", "maxspeed": "60", "oneway": "yes", "ref": "IC 2;EN 1", "surface": "asphalt", "turn:lanes": "left|through"}}, {"type": "Feature", "geometry": {"type": "LineString", "coordinates": [[-8.882156, 39.5648515], [-8.8818457, 39.565297]]}, "properties": {"highway": "trunk", "lanes": "2", "maxspeed": "60", "oneway": "yes", "ref": "IC 2;EN 1", "surface": "asphalt", "turn:lanes": "merge_to_right|none"}}, {"type": "Feature", "geometry": {"type": "LineString", "coordinates": [[-8.8818457, 39.565297], [-8.8818054, 39.5653553], [-8.8815857, 39.5656728], [-8.8813732, 39.5659849], [-8.8810445, 39.5664669], [-8.8810017, 39.5665727]]}, "properties": {"highway": "trunk", "lanes": "1", "maxspeed": "60", "oneway": "yes", "ref": "IC 2;EN 1", "surface": "asphalt"}}, {"type": "Feature", "geometry": {"type": "LineString", "coordinates": [[-8.8777945, 39.5711619], [-8.877552, 39.5715166], [-8.8774065, 39.5717608], [-8.8747514, 39.5763134]]}, "properties": {"highway": "trunk", "lanes": "3", "lanes:backward": "2", "lanes:forward": "1", "maxspeed": "80", "minspeed:lanes:backward": "60|", "ref": "IC 2;EN 1", "surface": "asphalt"}}, {"type": "Feature", "geometry": {"type": "LineString", "coordinates": [[-8.8781213, 39.5706907], [-8.8780275, 39.57083]]}, "properties": {"highway": "trunk", "lanes": "3", "lanes:backward": "2", "lanes:forward": "1", "maxspeed": "80", "minspeed:lanes:backward": "60|", "ref": "IC 2;EN 1", "surface": "asphalt", "turn:lanes:backward": "through|merge_to_left"}}, {"type": "Feature", "geometry": {"type": "LineString", "coordinates": [[-8.8780275, 39.57083], [-8.8777945, 39.5711619]]}, "properties": {"highway": "trunk", "lanes": "3", "lanes:backward": "2", "lanes:forward": "1", "maxspeed": "80", "minspeed:lanes:backward": "60|", "ref": "IC 2;EN 1", "surface": "asphalt", "turn:lanes:backward": "through|merge_to_left"}}, {"type": "Feature", "geometry": {"type": "LineString", "coordinates": [[-8.878687, 39.5698858], [-8.8781213, 39.5706907]]}, "properties": {"highway": "trunk", "lanes": "3", "lanes:backward": "2", "lanes:forward": "1", "maxspeed": "60", "ref": "IC 2;EN 1", "surface": "asphalt", "turn:lanes:backward": "through|merge_to_left"}}, {"type": "Feature", "geometry": {"type": "LineString", "coordinates": [[-8.8747514, 39.5763134], [-8.8746256, 39.5765425]]}, "properties": {"highway": "trunk", "lanes": "3", "lanes:backward": "2", "lanes:forward": "1", "maxspeed": "60", "ref": "IC 2;EN 1", "surface": "asphalt", "turn:lanes:forward": "left;through;right"}}, {"type": "Feature", "geometry": {"type": "LineString", "coordinates": [[-8.8746256, 39.5765425], [-8.8743633, 39.5770041]]}, "properties": {"highway": "trunk", "lanes": "3", "lanes:backward": "1", "lanes:forward": "2", "maxspeed": "60", "ref": "IC 2;EN 1", "surface": "asphalt", "turn:lanes:forward": "left|through;right"}}, {"type": "Feature", "geometry": {"type": "LineString", "coordinates": [[-8.8742433, 39.5772154], [-8.8740081, 39.5776295]]}, "properties": {"highway": "trunk", "lanes": "3", "lanes:backward": "2", "lanes:forward": "1", "maxspeed": "60", "ref": "IC 2;EN 1", "surface": "asphalt", "turn:lanes:backward": "left|through;right"}}, {"type": "Feature", "geometry": {"type": "LineString", "coordinates": [[-8.8743633, 39.5770041], [-8.8742433, 39.5772154]]}, "properties": {"highway": "trunk", "lanes": "3", "lanes:backward": "1", "lanes:forward": "2", "maxspeed": "60", "ref": "IC 2;EN 1", "surface": "asphalt", "turn:lanes:forward": "left|through;right"}}, {"type": "Feature", "geometry": {"type": "LineString", "coordinates": [[-8.8740081, 39.5776295], [-8.8737301, 39.5780851]]}, "properties": {"highway": "trunk", "lanes": "2", "ref": "IC 2;EN 1", "surface": "asphalt", "turn:lanes:backward": "left;through;right"}}, {"type": "Feature", "geometry": {"type": "LineString", "coordinates": [[-8.8737301, 39.5780851], [-8.8735268, 39.5784203], [-8.8734021, 39.5786305], [-8.873285, 39.578839]]}, "properties": {"highway": "trunk", "lanes": "2", "maxspeed": "60", "ref": "IC 2;EN 1", "surface": "asphalt"}}, {"type": "Feature", "geometry": {"type": "LineString", "coordinates": [[-8.873285, 39.578839], [-8.8728026, 39.5796734]]}, "properties": {"highway": "trunk", "lanes": "3", "lanes:backward": "2", "lanes:forward": "1", "maxspeed:lanes:backward": "80", "maxspeed:lanes:forward": "60", "ref": "IC 2;EN 1", "surface": "asphalt", "turn:lanes:backward": "through|merge_to_left"}}, {"type": "Feature", "geometry": {"type": "LineString", "coordinates": [[-8.8728026, 39.5796734], [-8.8722872, 39.5805678]]}, "properties": {"highway": "trunk", "lanes": "3", "lanes:backward": "2", "lanes:forward": "1", "maxspeed:lanes:backward": "80", "maxspeed:lanes:forward": "60", "ref": "IC 2;EN 1", "surface": "asphalt", "turn:lanes:backward": "through|merge_to_left"}}, {"type": "Feature", "geometry": {"type": "LineString", "coordinates": [[-8.8721325, 39.5808346], [-8.8714635, 39.5819883]]}, "properties": {"highway": "trunk", "lanes": "3", "lanes:backward": "2", "lanes:forward": "1", "maxspeed:lanes:backward": "80", "maxspeed:lanes:forward": "60", "ref": "IC 2;EN 1", "surface": "asphalt"}}, {"type": "Feature", "geometry": {"type": "LineString", "coordinates": [[-8.8714635, 39.5819883], [-8.8705824, 39.5835077], [-8.8701922, 39.5841807], [-8.8699263, 39.5846256], [-8.8697456, 39.5849224], [-8.8696288, 39.585097], [-8.8695121, 39.5852616], [-8.8693613, 39.5854616], [-8.869272, 39.5855791], [-8.8691724, 39.5856996], [-8.8689931, 39.5859084], [-8.8687738, 39.5861443], [-8.8685784, 39.586356], [-8.8683772, 39.5865677]]}, "properties": {"highway": "trunk", "lanes": "3", "lanes:backward": "2", "lanes:forward": "1", "maxspeed:lanes:backward": "80", "maxspeed:lanes:forward": "60", "ref": "IC 2;EN 1", "surface": "asphalt"}}, {"type": "Feature", "geometry": {"type": "LineString", "coordinates": [[-8.8641703, 39.5907202], [-8.8640016, 39.5908875], [-8.8634495, 39.591435]]}, "properties": {"highway": "trunk", "lanes": "3", "lanes:backward": "2", "lanes:forward": "1", "maxspeed": "60", "ref": "IC 2;EN 1", "surface": "asphalt", "turn:lanes:backward": "left|through"}}, {"type": "Feature", "geometry": {"type": "LineString", "coordinates": [[-8.8634495, 39.591435], [-8.8629867, 39.5918961]]}, "properties": {"highway": "trunk", "lanes": "3", "lanes:backward": "1", "lanes:forward": "2", "maxheight:signed": "no", "maxspeed": "60", "ref": "IC 2;EN 1", "surface": "asphalt", "turn:lanes:forward": "left|through"}}, {"type": "Feature", "geometry": {"type": "LineString", "coordinates": [[-8.8628939, 39.591984], [-8.8621091, 39.5927415]]}, "properties": {"highway": "trunk", "lanes": "2", "maxspeed": "60", "ref": "IC 2;EN 1", "surface": "asphalt", "turn:lanes:backward": "through;right"}}, {"type": "Feature", "geometry": {"type": "LineString", "coordinates": [[-8.8621091, 39.5927415], [-8.8618494, 39.5929922], [-8.8612629, 39.593574], [-8.8607379, 39.594092], [-8.860046, 39.5947736], [-8.8598555, 39.5949773], [-8.8595021, 39.5953614], [-8.8594166, 39.5954605]]}, "properties": {"highway": "trunk", "lanes": "2", "maxspeed": "60", "ref": "IC 2;EN 1", "surface": "asphalt"}}, {"type": "Feature", "geometry": {"type": "LineString", "coordinates": [[-8.8594166, 39.5954605], [-8.8591763, 39.5957803], [-8.8589983, 39.5960267], [-8.858802, 39.5963152], [-8.8586538, 39.5965664]]}, "properties": {"highway": "trunk", "lanes": "2", "maxspeed": "60", "ref": "IC 2;EN 1", "surface": "asphalt"}}, {"type": "Feature", "geometry": {"type": "LineString", "coordinates": [[-8.8582959, 39.5973482], [-8.8586056, 39.596719], [-8.8586538, 39.5965664]]}, "properties": {"highway": "trunk", "lanes": "1", "maxspeed": "60", "oneway": "yes", "ref": "IC 2;EN 1", "surface": "asphalt"}}, {"type": "Feature", "geometry": {"type": "LineString", "coordinates": [[-8.8579635, 39.5982374], [-8.8580259, 39.5980264], [-8.8580791, 39.5978716], [-8.8581219, 39.5977433], [-8.8582216, 39.5975114], [-8.8582376, 39.5974764]]}, "properties": {"highway": "trunk", "lanes": "2", "maxspeed": "60", "oneway": "yes", "ref": "IC 2;EN 1", "surface": "asphalt", "turn:lanes": "left|through"}}, {"type": "Feature", "geometry": {"type": "LineString", "coordinates": [[-8.8582342, 39.5972784], [-8.8581995, 39.5973559], [-8.858151, 39.5974675]]}, "properties": {"highway": "trunk", "lanes": "1", "maxspeed": "60", "oneway": "yes", "ref": "IC 2;EN 1", "surface": "asphalt"}}, {"type": "Feature", "geometry": {"type": "LineString", "coordinates": [[-8.858151, 39.5974675], [-8.8580306, 39.5977761], [-8.8579614, 39.5979529], [-8.8579176, 39.5980939], [-8.8578006, 39.5985085], [-8.8576997, 39.5989433], [-8.8576577, 39.5991605], [-8.8576351, 39.5992959], [-8.8575891, 39.5997036], [-8.8575717, 39.5999323]]}, "properties": {"highway": "trunk", "lanes": "1", "maxspeed": "60", "oneway": "yes", "ref": "IC 2;EN 1", "surface": "asphalt"}}, {"type": "Feature", "geometry": {"type": "LineString", "coordinates": [[-8.8582376, 39.5974764], [-8.8582959, 39.5973482]]}, "properties": {"highway": "trunk", "lanes": "2", "maxspeed": "60", "oneway": "yes", "ref": "IC 2;EN 1", "surface": "asphalt", "turn:lanes": "left|through"}}, {"type": "Feature", "geometry": {"type": "LineString", "coordinates": [[-8.857837, 39.5987155], [-8.8578651, 39.5986017], [-8.8579635, 39.5982374]]}, "properties": {"highway": "trunk", "lanes": "1", "maxspeed": "60", "oneway": "yes", "ref": "IC 2;EN 1", "surface": "asphalt", "turn:lanes": "left;through"}}, {"type": "Feature", "geometry": {"type": "LineString", "coordinates": [[-8.8575717, 39.5999323], [-8.8575605, 39.6002867], [-8.8575292, 39.6003978], [-8.8575305, 39.6004264]]}, "properties": {"highway": "trunk", "lanes": "1", "maxspeed": "50", "oneway": "yes", "ref": "IC 2;EN 1", "surface": "asphalt"}}, {"type": "Feature", "geometry": {"type": "LineString", "coordinates": [[-8.8575848, 39.6014621], [-8.8576121, 39.6010839], [-8.8576339, 39.6009618], [-8.8576519, 39.6009254]]}, "properties": {"highway": "trunk", "lanes": "1", "maxspeed": "50", "oneway": "yes", "ref": "IC 2;EN 1", "surface": "asphalt"}}, {"type": "Feature", "geometry": {"type": "LineString", "coordinates": [[-8.8574489, 39.6029356], [-8.8573974, 39.6037048]]}, "properties": {"highway": "trunk", "lanes": "2", "maxspeed": "60", "ref": "IC 2;EN 1", "surface": "asphalt"}}, {"type": "Feature", "geometry": {"type": "LineString", "coordinates": [[-8.8573974, 39.6037048], [-8.8573401, 39.6047439]]}, "properties": {"highway": "trunk", "lanes": "2", "maxspeed": "60", "ref": "IC 2;EN 1", "surface": "asphalt"}}, {"type": "Feature", "geometry": {"type": "LineString", "coordinates": [[-8.8573127, 39.6051801], [-8.857301, 39.6054011]]}, "properties": {"highway": "trunk", "lanes": "2", "maxspeed": "60", "ref": "IC 2;EN 1", "surface": "asphalt"}}, {"type": "Feature", "geometry": {"type": "LineString", "coordinates": [[-8.857301, 39.6054011], [-8.8572774, 39.6057916]]}, "properties": {"highway": "trunk", "lanes": "3", "lanes:backward": "2", "lanes:forward": "1", "maxspeed": "60", "ref": "IC 2;EN 1", "surface": "asphalt", "turn:lanes:backward": "left|through"}}, {"type": "Feature", "geometry": {"type": "LineString", "coordinates": [[-8.8572774, 39.6057916], [-8.8572569, 39.6062043]]}, "properties": {"highway": "trunk", "lanes": "4", "lanes:backward": "2", "lanes:forward": "2", "maxspeed": "60", "ref": "IC 2;EN 1", "surface": "asphalt", "turn:lanes:backward": "left|through", "turn:lanes:forward": "none|merge_to_left"}}, {"type": "Feature", "geometry": {"type": "LineString", "coordinates": [[-8.8573401, 39.6047439], [-8.8573127, 39.6051801]]}, "properties": {"highway": "trunk", "lanes": "3", "lanes:backward": "1", "lanes:forward": "2", "maxspeed": "60", "ref": "IC 2;EN 1", "surface": "asphalt", "turn:lanes:forward": "through|right"}}, {"type": "Feature", "geometry": {"type": "LineString", "coordinates": [[-8.8572569, 39.6062043], [-8.8572475, 39.6063934]]}, "properties": {"highway": "trunk", "lanes": "2", "maxspeed": "60", "ref": "IC 2;EN 1", "surface": "asphalt", "turn:lanes:backward": "left;through"}}, {"type": "Feature", "geometry": {"type": "LineString", "coordinates": [[-8.8572104, 39.6071038], [-8.8572055, 39.6071847], [-8.8571671, 39.6078209]]}, "properties": {"highway": "trunk", "lanes": "4", "lanes:backward": "2", "lanes:forward": "2", "maxspeed": "60", "ref": "IC 2;EN 1", "surface": "asphalt", "turn:lanes:backward": "left|through", "turn:lanes:forward": "none|merge_to_left"}}, {"type": "Feature", "geometry": {"type": "LineString", "coordinates": [[-8.8572475, 39.6063934], [-8.8572104, 39.6071038]]}, "properties": {"highway": "trunk", "lanes": "3", "lanes:backward": "1", "lanes:forward": "2", "maxspeed": "60", "ref": "IC 2;EN 1", "surface": "asphalt", "turn:lanes:forward": "through|right"}}, {"type": "Feature", "geometry": {"type": "LineString", "coordinates": [[-8.8571533, 39.6080394], [-8.857128, 39.6084095]]}, "properties": {"highway": "trunk", "lanes": "2", "maxspeed": "60", "ref": "IC 2;EN 1", "surface": "asphalt", "turn:lanes:backward": "left;through"}}, {"type": "Feature", "geometry": {"type": "LineString", "coordinates": [[-8.8571671, 39.6078209], [-8.8571533, 39.6080394]]}, "properties": {"highway": "trunk", "lanes": "3", "lanes:backward": "2", "lanes:forward": "1", "maxspeed": "60", "ref": "IC 2;EN 1", "surface": "asphalt", "turn:lanes:backward": "left|through"}}, {"type": "Feature", "geometry": {"type": "LineString", "coordinates": [[-8.857128, 39.6084095], [-8.8570949, 39.6088775]]}, "properties": {"highway": "trunk", "lanes": "2", "maxspeed": "60", "ref": "IC 2;EN 1", "surface": "asphalt"}}, {"type": "Feature", "geometry": {"type": "LineString", "coordinates": [[-8.8570949, 39.6088775], [-8.8570589, 39.6094848], [-8.8570292, 39.6100114], [-8.8569717, 39.6109612], [-8.8569117, 39.6119544]]}, "properties": {"highway": "trunk", "lanes": "2", "maxspeed": "70", "ref": "IC 2;EN 1", "surface": "asphalt"}}, {"type": "Feature", "geometry": {"type": "LineString", "coordinates": [[-8.8569117, 39.6119544], [-8.8568856, 39.6124594]]}, "properties": {"highway": "trunk", "lanes": "2", "maxspeed": "70", "ref": "IC 2;EN 1", "surface": "asphalt"}}, {"type": "Feature", "geometry": {"type": "LineString", "coordinates": [[-8.8568711, 39.6127984], [-8.8568649, 39.613094], [-8.8568713, 39.6133428], [-8.8568833, 39.6135122], [-8.8568952, 39.6137405], [-8.8569281, 39.6142172], [-8.8569621, 39.6148022], [-8.8569786, 39.6150861], [-8.8569992, 39.6154199]]}, "properties": {"highway": "trunk", "lanes": "3", "lanes:backward": "1", "lanes:forward": "2", "maxspeed:backward": "70", "maxspeed:forward": "80", "minspeed:lanes:forward": "60|", "ref": "IC 2;EN 1", "surface": "asphalt"}}, {"type": "Feature", "geometry": {"type": "LineString", "coordinates": [[-8.8569992, 39.6154199], [-8.8570471, 39.6161945]]}, "properties": {"highway": "trunk", "lanes": "3", "lanes:backward": "1", "lanes:forward": "2", "maxspeed:backward": "70", "maxspeed:forward": "80", "minspeed:lanes:forward": "60|", "ref": "IC 2;EN 1", "surface": "asphalt"}}, {"type": "Feature", "geometry": {"type": "LineString", "coordinates": [[-8.8570729, 39.6166574], [-8.8571378, 39.6178223]]}, "properties": {"highway": "trunk", "lanes": "3", "lanes:backward": "1", "lanes:forward": "2", "maxspeed:backward": "70", "maxspeed:forward": "80", "ref": "IC 2;EN 1", "surface": "asphalt", "turn:lanes:forward": "|merge_to_left"}}, {"type": "Feature", "geometry": {"type": "LineString", "coordinates": [[-8.8573812, 39.6210949], [-8.8573701, 39.6210293], [-8.8573305, 39.62086], [-8.8572052, 39.6203797], [-8.8572031, 39.6203433], [-8.8572026, 39.6203126], [-8.8572133, 39.6202846], [-8.8572344, 39.6202556], [-8.8572723, 39.6202262], [-8.8572939, 39.620213], [-8.8573276, 39.6201965], [-8.8574019, 39.6201581]]}, "properties": {"highway": "primary", "lanes": "2", "lit": "yes", "maxspeed": "40", "oneway": "yes", "ref": "EN 1", "surface": "asphalt"}}, {"type": "Feature", "geometry": {"type": "LineString", "coordinates": [[-8.8575305, 39.6004264], [-8.8574652, 39.6004471], [-8.8574257, 39.6004675], [-8.8573721, 39.6005343], [-8.8573513, 39.6005754], [-8.8573344, 39.6006532], [-8.8573405, 39.6007206], [-8.8573566, 39.6007854], [-8.857384, 39.6008436], [-8.8574121, 39.6008818], [-8.8574389, 39.6009072]]}, "properties": {"highway": "trunk", "junction": "roundabout", "lanes": "2", "maxspeed": "50", "ref": "IC 2;EN 1", "surface": "asphalt"}}, {"type": "Feature", "geometry": {"type": "LineString", "coordinates": [[-8.9800986, 39.0263931], [-8.9801152, 39.026387], [-8.9801513, 39.0263608], [-8.9801752, 39.0263272], [-8.9801846, 39.0262895], [-8.9801821, 39.0262742], [-8.9801784, 39.0262514], [-8.9801575, 39.0262166], [-8.9801234, 39.0261884], [-8.9800797, 39.0261699], [-8.9800308, 39.0261628], [-8.9800132, 39.0261646]]}, "properties": {"highway": "primary", "junction": "roundabout", "ref": "EN 1", "surface": "asphalt"}}, {"type": "Feature", "geometry": {"type": "LineString", "coordinates": [[-8.4496461, 40.3817555], [-8.4495927, 40.3815257], [-8.4495573, 40.3813705], [-8.4495257, 40.3812162], [-8.4495227, 40.3812016], [-8.4495007, 40.3811027], [-8.449494, 40.381035], [-8.4495013, 40.3809788], [-8.4495129, 40.3809368]]}, "properties": {"highway": "primary", "lanes": "1", "maxspeed": "50", "name": "Avenida da Floresta", "oneway": "yes", "ref": "IC 2;EN 1", "source": "Bing", "surface": "asphalt"}}, {"type": "Feature", "geometry": {"type": "LineString", "coordinates": [[-8.7674957, 39.771253], [-8.7674533, 39.7712578], [-8.7674125, 39.7712683], [-8.7673749, 39.7712842], [-8.7673302, 39.7713142], [-8.7672963, 39.7713516], [-8.7672755, 39.7713943], [-8.7672689, 39.7714396], [-8.767277, 39.7714848], [-8.7673035, 39.7715329]]}, "properties": {"highway": "trunk", "junction": "roundabout", "lanes": "2", "lit": "yes", "maxspeed": "50", "old_ref": "EN 1", "ref": "IC 2;EN 1", "surface": "asphalt"}}, {"type": "Feature", "geometry": {"type": "LineString", "coordinates": [[-8.7697027, 39.7698316], [-8.769512, 39.7699194], [-8.7693868, 39.7699791], [-8.7692268, 39.770065], [-8.7686804, 39.7703983]]}, "properties": {"highway": "trunk", "lanes": "2", "lit": "no", "maxspeed": "60", "old_ref": "EN 1", "oneway": "yes", "ref": "IC 2;EN 1", "surface": "asphalt"}}, {"type": "Feature", "geometry": {"type": "LineString", "coordinates": [[-8.564109, 40.0330751], [-8.5643498, 40.032903], [-8.5643952, 40.032874]]}, "properties": {"highway": "trunk", "lanes": "1", "lit": "yes", "oneway": "yes", "ref": "IC 2;EN 1", "surface": "asphalt"}}, {"type": "Feature", "geometry": {"type": "LineString", "coordinates": [[-8.5636391, 40.0334036], [-8.564109, 40.0330751]]}, "properties": {"highway": "trunk", "lanes": "2", "lit": "yes", "oneway": "yes", "ref": "IC 2;EN 1", "smoothness": "good", "surface": "asphalt", "turn:lanes": "through|right"}}, {"type": "Feature", "geometry": {"type": "LineString", "coordinates": [[-8.5645132, 40.0327885], [-8.5646807, 40.0326776]]}, "properties": {"highway": "trunk", "lanes": "1", "lit": "yes", "oneway": "yes", "ref": "IC 2;EN 1", "surface": "asphalt"}}, {"type": "Feature", "geometry": {"type": "LineString", "coordinates": [[-8.5643984, 40.0327911], [-8.5640342, 40.0330375]]}, "properties": {"highway": "trunk", "lanes": "2", "lit": "yes", "maxspeed": "50", "old_ref": "EN 1", "oneway": "yes", "ref": "IC 2;EN 1", "surface": "asphalt"}}, {"type": "Feature", "geometry": {"type": "LineString", "coordinates": [[-8.5640342, 40.0330375], [-8.5635086, 40.033393]]}, "properties": {"highway": "trunk", "lanes": "2", "lit": "yes", "maxspeed": "50", "old_ref": "EN 1", "oneway": "yes", "ref": "IC 2;EN 1", "surface": "asphalt", "turn:lanes": "through|right"}}, {"type": "Feature", "geometry": {"type": "LineString", "coordinates": [[-8.5649696, 40.0323998], [-8.5643984, 40.0327911]]}, "properties": {"highway": "trunk", "lanes": "2", "lit": "yes", "maxspeed": "50", "old_ref": "EN 1", "oneway": "yes", "ref": "IC 2;EN 1", "surface": "asphalt", "turn:lanes": "left|through"}}, {"type": "Feature", "geometry": {"type": "LineString", "coordinates": [[-8.5630167, 40.0337395], [-8.5627931, 40.0338796], [-8.5622501, 40.0342575], [-8.561624, 40.0347196]]}, "properties": {"highway": "trunk", "lanes": "2", "lit": "yes", "maxspeed": "50", "old_ref": "EN 1", "oneway": "yes", "ref": "IC 2;EN 1", "surface": "asphalt"}}, {"type": "Feature", "geometry": {"type": "LineString", "coordinates": [[-8.5631433, 40.0336451], [-8.563086, 40.033689], [-8.5630167, 40.0337395]]}, "properties": {"highway": "trunk", "lanes": "2", "lit": "yes", "maxspeed": "50", "old_ref": "EN 1", "oneway": "yes", "ref": "IC 2;EN 1", "surface": "asphalt"}}, {"type": "Feature", "geometry": {"type": "LineString", "coordinates": [[-8.5631387, 40.0337374], [-8.5634915, 40.0335068], [-8.5636391, 40.0334036]]}, "properties": {"highway": "trunk", "lanes": "1", "lit": "yes", "oneway": "yes", "ref": "IC 2;EN 1", "smoothness": "good", "surface": "asphalt"}}, {"type": "Feature", "geometry": {"type": "LineString", "coordinates": [[-8.6328229, 39.9120598], [-8.6326982, 39.9111778], [-8.6326553, 39.9108544], [-8.6325687, 39.9106255]]}, "properties": {"highway": "trunk", "lanes": "1", "lit": "yes", "maxspeed": "50", "oneway": "yes", "ref": "IC 2;EN 1", "surface": "asphalt"}}, {"type": "Feature", "geometry": {"type": "LineString", "coordinates": [[-8.7488299, 39.7883007], [-8.7487965, 39.7883027], [-8.7487639, 39.7883083], [-8.7487002, 39.788331], [-8.7486478, 39.788367], [-8.7486112, 39.788413], [-8.7485935, 39.7884653], [-8.7485935, 39.7885051], [-8.7486046, 39.7885439]]}, "properties": {"highway": "trunk", "junction": "roundabout", "lanes": "2", "lit": "no", "maxspeed": "50", "ref": "IC 2;EN 1", "surface": "asphalt"}}, {"type": "Feature", "geometry": {"type": "LineString", "coordinates": [[-27.9762891, 39.0523152], [-27.9762971, 39.0523338], [-27.9762997, 39.05234], [-27.9763093, 39.0523562], [-27.9763136, 39.0523633], [-27.9763341, 39.0523814]]}, "properties": {"highway": "primary", "oneway": "yes", "ref": "EN 1", "surface": "asphalt"}}, {"type": "Feature", "geometry": {"type": "LineString", "coordinates": [[-27.9763341, 39.0523814], [-27.9764183, 39.0524208]]}, "properties": {"highway": "primary", "oneway": "yes", "ref": "EN 1", "surface": "asphalt"}}, {"type": "Feature", "geometry": {"type": "LineString", "coordinates": [[-27.976429, 39.0522575], [-27.9763733, 39.0522363], [-27.9762106, 39.052181], [-27.976132, 39.0521475], [-27.9760548, 39.0521107], [-27.9759818, 39.0520987]]}, "properties": {"highway": "primary", "oneway": "yes", "ref": "EN 1", "surface": "asphalt"}}, {"type": "Feature", "geometry": {"type": "LineString", "coordinates": [[-27.9772246, 39.0522677], [-27.9771068, 39.0522628], [-27.9768723, 39.0522614], [-27.9767513, 39.0522703], [-27.9766377, 39.0522869]]}, "properties": {"highway": "primary", "oneway": "yes", "ref": "EN 1", "surface": "asphalt"}}, {"type": "Feature", "geometry": {"type": "LineString", "coordinates": [[-27.9768769, 39.0523129], [-27.977027, 39.0522934], [-27.9772246, 39.0522677]]}, "properties": {"highway": "primary", "oneway": "yes", "ref": "EN 1", "surface": "asphalt"}}, {"type": "Feature", "geometry": {"type": "LineString", "coordinates": [[-27.9759818, 39.0520987], [-27.9760341, 39.0521402], [-27.9761273, 39.0521899], [-27.9762036, 39.0522328], [-27.9762459, 39.0522619], [-27.9762745, 39.0522908], [-27.9762891, 39.0523152]]}, "properties": {"highway": "primary", "oneway": "yes", "ref": "EN 1", "surface": "asphalt"}}, {"type": "Feature", "geometry": {"type": "LineString", "coordinates": [[-27.9764183, 39.0524208], [-27.9764968, 39.0523954], [-27.9765915, 39.0523692], [-27.9766695, 39.0523494], [-27.97675, 39.0523328], [-27.9768107, 39.0523232], [-27.9768769, 39.0523129]]}, "properties": {"highway": "primary", "oneway": "yes", "ref": "EN 1", "surface": "asphalt"}}, {"type": "Feature", "geometry": {"type": "LineString", "coordinates": [[-8.4477448, 40.1826853], [-8.4476392, 40.1827616], [-8.4474777, 40.1828725], [-8.4473793, 40.1829215], [-8.4473087, 40.1829575], [-8.4471585, 40.1830088], [-8.4470512, 40.1830293], [-8.4465266, 40.1830795], [-8.4456894, 40.1831676], [-8.4454541, 40.1831886], [-8.4453636, 40.1831967], [-8.4451374, 40.1832286], [-8.4449457, 40.1832711], [-8.4447445, 40.1833284], [-8.444546, 40.1834084], [-8.4440552, 40.1836338], [-8.4433954, 40.1839534], [-8.443162, 40.1841071], [-8.4429957, 40.1842362], [-8.4428187, 40.1843981], [-8.4424635, 40.1848364], [-8.4422306, 40.1851546], [-8.4419986, 40.1854089], [-8.4418424, 40.1855394], [-8.4416138, 40.1856546]]}, "properties": {"highway": "primary", "lanes": "2", "name": "Estrada Antiga de Lisboa", "oneway": "no", "ref": "EN 1", "surface": "asphalt"}}, {"type": "Feature", "geometry": {"type": "LineString", "coordinates": [[-8.4885943, 40.7365383], [-8.4884901, 40.7363369], [-8.4884497, 40.7362533], [-8.4884231, 40.7361703], [-8.488397, 40.7360694], [-8.4883833, 40.7359982], [-8.4883727, 40.7358878], [-8.4883761, 40.7354458], [-8.4883841, 40.7349633], [-8.4883879, 40.7348301], [-8.4883899, 40.7347835]]}, "properties": {"highway": "primary", "lanes": "2", "maxspeed": "50", "oneway": "no", "ref": "IC 2;EN 1", "surface": "asphalt"}}, {"type": "Feature", "geometry": {"type": "LineString", "coordinates": [[-8.488694, 40.7366794], [-8.4886465, 40.7366155], [-8.4885943, 40.7365383]]}, "properties": {"highway": "primary", "lanes": "2", "maxspeed": "50", "maxweight:signed": "no", "oneway": "no", "ref": "IC 2;EN 1", "surface": "asphalt"}}, {"type": "Feature", "geometry": {"type": "LineString", "coordinates": [[-8.5362061, 40.9806965], [-8.5362669, 40.9807728], [-8.5362825, 40.9808888]]}, "properties": {"highway": "primary", "lanes": "2", "name": "Avenida Principal", "oneway": "yes", "ref": "EN 1", "surface": "asphalt"}}, {"type": "Feature", "geometry": {"type": "LineString", "coordinates": [[-8.5362825, 40.9808888], [-8.5363117, 40.9808318], [-8.5363387, 40.9807792], [-8.536359, 40.9807195], [-8.5363735, 40.9806766]]}, "properties": {"highway": "primary", "lane_markings": "no", "lanes": "1", "lit": "yes", "maxspeed": "50", "name": "Avenida Principal", "oneway": "yes", "ref": "EN 1", "surface": "asphalt"}}, {"type": "Feature", "geometry": {"type": "LineString", "coordinates": [[-8.5364268, 40.9805161], [-8.5364397, 40.9804107], [-8.5365024, 40.9802796]]}, "properties": {"highway": "primary", "lane_markings": "no", "lanes": "1", "lit": "yes", "maxspeed": "50", "name": "Avenida Principal", "oneway": "yes", "ref": "EN 1", "surface": "asphalt"}}, {"type": "Feature", "geometry": {"type": "LineString", "coordinates": [[-8.5375331, 40.9884519], [-8.5375656, 40.9884271], [-8.5375871, 40.9883963], [-8.5375956, 40.988362], [-8.5375902, 40.9883274], [-8.5375716, 40.9882954], [-8.5375414, 40.9882691], [-8.5375022, 40.9882506]]}, "properties": {"highway": "primary", "junction": "roundabout", "lanes": "1", "maxspeed": "50", "name": "Avenida Principal", "ref": "EN 1", "smoothness": "excellent", "surface": "asphalt"}}, {"type": "Feature", "geometry": {"type": "LineString", "coordinates": [[-8.853975, 39.6284014], [-8.8539572, 39.6285201], [-8.8539439, 39.6285728], [-8.8539245, 39.6286175], [-8.8538947, 39.6286742], [-8.8538265, 39.628773]]}, "properties": {"highway": "primary", "lanes": "1", "oneway": "yes", "ref": "EN 1", "smoothness": "excellent", "surface": "asphalt"}}, {"type": "Feature", "geometry": {"type": "LineString", "coordinates": [[-8.8538265, 39.628773], [-8.8536186, 39.6290738]]}, "properties": {"highway": "primary", "lanes": "2", "oneway": "yes", "ref": "EN 1", "smoothness": "excellent", "surface": "asphalt", "turn:lanes": "through|right"}}, {"type": "Feature", "geometry": {"type": "LineString", "coordinates": [[-8.5365024, 40.9802796], [-8.5364255, 40.9803404], [-8.5363768, 40.9803789], [-8.5363411, 40.9803957], [-8.5362511, 40.9804379]]}, "properties": {"highway": "primary", "lanes": "2", "lit": "yes", "maxspeed": "50", "name": "Avenida Principal", "oneway": "yes", "ref": "EN 1", "surface": "asphalt"}}, {"type": "Feature", "geometry": {"type": "LineString", "coordinates": [[-8.5325376, 40.9568498], [-8.5346459, 40.9575344], [-8.5348737, 40.9576121]]}, "properties": {"highway": "primary", "lanes": "2", "lit": "yes", "maxspeed": "50", "name": "Rua Central", "oneway": "no", "ref": "EN 1", "surface": "asphalt"}}, {"type": "Feature", "geometry": {"type": "LineString", "coordinates": [[-8.5206129, 40.952024], [-8.5208245, 40.9520544], [-8.5212207, 40.9521419], [-8.521613, 40.9523164], [-8.5228257, 40.9530437], [-8.523201, 40.9532734], [-8.5233913, 40.9533898]]}, "properties": {"highway": "primary", "lanes": "2", "lit": "yes", "maxspeed": "50", "name": "Rua Central", "oneway": "no", "ref": "EN 1", "surface": "asphalt"}}, {"type": "Feature", "geometry": {"type": "LineString", "coordinates": [[-8.5379284, 40.9618257], [-8.5378991, 40.9620338]]}, "properties": {"highway": "primary", "lanes": "2", "lit": "yes", "maxspeed": "50", "name": "Rua do Areal", "oneway": "no", "ref": "EN 1", "surface": "asphalt"}}, {"type": "Feature", "geometry": {"type": "LineString", "coordinates": [[-8.5378991, 40.9620338], [-8.5378134, 40.9625911], [-8.5377026, 40.9635132], [-8.5376001, 40.9642958], [-8.5375851, 40.9644107]]}, "properties": {"highway": "primary", "lanes": "2", "lit": "yes", "maxspeed": "50", "name": "Rua do Areal", "oneway": "no", "ref": "EN 1", "surface": "asphalt"}}, {"type": "Feature", "geometry": {"type": "LineString", "coordinates": [[-8.5379541, 40.9614194], [-8.5379284, 40.9618257]]}, "properties": {"highway": "primary", "lanes": "2", "lit": "yes", "maxspeed": "50", "name": "Rua do Areal", "oneway": "no", "ref": "EN 1", "surface": "asphalt"}}, {"type": "Feature", "geometry": {"type": "LineString", "coordinates": [[-8.5554635, 41.0272099], [-8.5555473, 41.0273274], [-8.5559115, 41.027796], [-8.5560686, 41.0279766]]}, "properties": {"highway": "primary", "lanes": "2", "lit": "yes", "maxspeed": "50", "name": "Avenida de S\u00e3o Salvador", "old_ref": "EN 1", "oneway": "no", "ref": "EN 1", "source": "BING", "surface": "asphalt"}}, {"type": "Feature", "geometry": {"type": "LineString", "coordinates": [[-8.776212, 39.7669167], [-8.7758581, 39.7670661], [-8.774688, 39.7675948]]}, "properties": {"highway": "trunk", "lanes": "2", "lit": "no", "maxspeed": "60", "old_ref": "EN 1", "oneway": "yes", "ref": "IC 2;EN 1", "surface": "asphalt", "turn:lanes": "none|merge_to_left"}}, {"type": "Feature", "geometry": {"type": "LineString", "coordinates": [[-8.774688, 39.7675948], [-8.7737639, 39.7680041]]}, "properties": {"highway": "trunk", "lanes": "1", "lit": "no", "maxspeed": "60", "old_ref": "EN 1", "oneway": "yes", "ref": "IC 2;EN 1", "surface": "asphalt"}}, {"type": "Feature", "geometry": {"type": "LineString", "coordinates": [[-8.7737639, 39.7680041], [-8.7721847, 39.7687174]]}, "properties": {"highway": "trunk", "lanes": "2", "lit": "no", "maxspeed": "60", "old_ref": "EN 1", "oneway": "yes", "ref": "IC 2;EN 1", "surface": "asphalt", "turn:lanes": "through|right"}}, {"type": "Feature", "geometry": {"type": "LineString", "coordinates": [[-8.4879594, 40.8752348], [-8.4877736, 40.8751161]]}, "properties": {"highway": "primary", "lanes": "1", "name": "Rua Jos\u00e9 Maria Castro Lopes Junior", "old_ref": "EN 1", "oneway": "yes", "ref": "EN 1", "surface": "asphalt"}}, {"type": "Feature", "geometry": {"type": "LineString", "coordinates": [[-8.4877736, 40.8751161], [-8.4877885, 40.875225], [-8.4877956, 40.8752764]]}, "properties": {"highway": "primary", "lanes": "1", "name": "Rua Jos\u00e9 Maria Castro Lopes Junior", "old_ref": "EN 1", "oneway": "yes", "ref": "EN 1", "surface": "asphalt"}}, {"type": "Feature", "geometry": {"type": "LineString", "coordinates": [[-8.9794694, 38.9761307], [-8.9795158, 38.9760885], [-8.979559, 38.9760456], [-8.9796041, 38.9759847], [-8.9800199, 38.9754228], [-8.9801828, 38.9752005]]}, "properties": {"highway": "primary", "lanes": "2", "name": "Rua Fernando Palha", "oneway": "no", "ref": "EN 1", "surface": "asphalt"}}, {"type": "Feature", "geometry": {"type": "LineString", "coordinates": [[-8.4548405, 40.4157935], [-8.4547721, 40.4160435], [-8.454698, 40.416303]]}, "properties": {"highway": "primary", "lane_markings": "yes", "lanes": "2", "maxspeed": "70", "oneway": "no", "ref": "IC 2;EN 1", "surface": "asphalt"}}, {"type": "Feature", "geometry": {"type": "LineString", "coordinates": [[-8.4545209, 40.417158], [-8.4545539, 40.417046], [-8.454698, 40.416303]]}, "properties": {"highway": "primary", "lanes": "1", "maxspeed": "70", "oneway": "yes", "ref": "IC 2;EN 1", "source": "bing", "surface": "asphalt"}}, {"type": "Feature", "geometry": {"type": "LineString", "coordinates": [[-8.4544888, 40.4172674], [-8.4545209, 40.417158]]}, "properties": {"highway": "primary", "lanes": "1", "maxspeed": "70", "oneway": "yes", "ref": "IC 2;EN 1", "source": "bing", "surface": "asphalt"}}, {"type": "Feature", "geometry": {"type": "LineString", "coordinates": [[-8.9100157, 39.5260324], [-8.9101815, 39.5258351], [-8.9106665, 39.5252648], [-8.911127, 39.5247158], [-8.9126778, 39.5228914], [-8.9133236, 39.5221359], [-8.9143726, 39.5209022], [-8.9145064, 39.520751], [-8.9150168, 39.5201465], [-8.9163753, 39.5185373], [-8.9166257, 39.5182353], [-8.9179923, 39.516636], [-8.9187125, 39.5157789], [-8.9193186, 39.5150654], [-8.9212877, 39.512745], [-8.9219497, 39.5119132], [-8.9222397, 39.511539], [-8.9225931, 39.5110669], [-8.9230362, 39.5104716], [-8.9237282, 39.5094617], [-8.9242152, 39.5087266], [-8.924578, 39.5081559], [-8.9246197, 39.5080849], [-8.925233, 39.5070394], [-8.9256004, 39.5063907], [-8.9258712, 39.5058936], [-8.9262871, 39.5051125], [-8.9266692, 39.5043306], [-8.926889, 39.5038563], [-8.9272312, 39.5030877], [-8.9278999, 39.5015398], [-8.9292572, 39.4983561], [-8.929495, 39.4977936], [-8.9303604, 39.4957959], [-8.9304312, 39.49563], [-8.9312471, 39.4937109]]}, "properties": {"highway": "trunk", "lanes": "2", "ref": "IC 2;EN 1", "surface": "asphalt"}}, {"type": "Feature", "geometry": {"type": "LineString", "coordinates": [[-8.8932275, 39.5490486], [-8.8936593, 39.5484292]]}, "properties": {"highway": "trunk", "lanes": "2", "ref": "IC 2;EN 1", "surface": "asphalt", "turn:lanes:forward": "through;right"}}, {"type": "Feature", "geometry": {"type": "LineString", "coordinates": [[-8.8936593, 39.5484292], [-8.8939818, 39.5479661]]}, "properties": {"highway": "trunk", "lanes": "3", "lanes:backward": "2", "lanes:forward": "1", "ref": "IC 2;EN 1", "surface": "asphalt", "turn:lanes:backward": "left|through"}}, {"type": "Feature", "geometry": {"type": "LineString", "coordinates": [[-8.8939818, 39.5479661], [-8.8942562, 39.547572]]}, "properties": {"highway": "trunk", "lanes": "2", "ref": "IC 2;EN 1", "surface": "asphalt", "turn:lanes:backward": "left;through"}}, {"type": "Feature", "geometry": {"type": "LineString", "coordinates": [[-8.50266, 40.1068237], [-8.5026845, 40.1063845], [-8.5027586, 40.1058997], [-8.5029748, 40.10545], [-8.5032478, 40.1050935], [-8.5036758, 40.104638], [-8.5052788, 40.1032089], [-8.5064494, 40.1021388], [-8.5067504, 40.1018994], [-8.5069595, 40.1016767], [-8.5069882, 40.1016398], [-8.5070911, 40.1015182], [-8.5073791, 40.1012219], [-8.5079428, 40.1006292], [-8.5091358, 40.0994146], [-8.510995, 40.097472]]}, "properties": {"highway": "trunk", "lanes": "2", "maxspeed": "90", "old_ref": "EN 1", "oneway": "no", "ref": "IC 2;EN 1", "smoothness": "good", "surface": "asphalt"}}, {"type": "Feature", "geometry": {"type": "LineString", "coordinates": [[-8.510995, 40.097472], [-8.5113422, 40.0971091]]}, "properties": {"bridge": "yes", "highway": "trunk", "lanes": "2", "layer": "1", "maxspeed": "90", "maxweight:signed": "no", "old_ref": "EN 1", "oneway": "no", "ref": "IC 2;EN 1", "surface": "asphalt"}}, {"type": "Feature", "geometry": {"type": "LineString", "coordinates": [[-8.5113422, 40.0971091], [-8.5121142, 40.0963025], [-8.513327, 40.0950239], [-8.5151932, 40.0930562], [-8.51627, 40.0919153]]}, "properties": {"highway": "trunk", "lanes": "2", "ref": "IC 2;EN 1", "surface": "asphalt"}}, {"type": "Feature", "geometry": {"type": "LineString", "coordinates": [[-8.5182299, 40.0898968], [-8.5185349, 40.0896394]]}, "properties": {"bridge": "yes", "highway": "trunk", "lanes": "3", "lanes:backward": "1", "lanes:forward": "2", "layer": "1", "maxspeed": "90", "ref": "IC 2;EN 1", "surface": "asphalt"}}, {"type": "Feature", "geometry": {"type": "LineString", "coordinates": [[-8.8722872, 39.5805678], [-8.8721325, 39.5808346]]}, "properties": {"highway": "trunk", "lanes": "3", "lanes:backward": "2", "lanes:forward": "1", "maxspeed:lanes:backward": "80", "maxspeed:lanes:forward": "60", "ref": "IC 2;EN 1", "surface": "asphalt", "turn:lanes:backward": "through|merge_to_left"}}, {"type": "Feature", "geometry": {"type": "LineString", "coordinates": [[-8.8825679, 39.5642509], [-8.8824393, 39.5644385]]}, "properties": {"highway": "trunk", "lanes": "1", "maxspeed": "60", "oneway": "yes", "ref": "IC 2;EN 1", "surface": "asphalt", "turn:lanes": "left;through"}}, {"type": "Feature", "geometry": {"type": "LineString", "coordinates": [[-8.8942562, 39.547572], [-8.896257, 39.5446984], [-8.897517, 39.5428986], [-8.8983277, 39.5417406], [-8.8988632, 39.5409718], [-8.9003324, 39.5388456]]}, "properties": {"highway": "trunk", "lanes": "2", "ref": "IC 2;EN 1", "surface": "asphalt"}}, {"type": "Feature", "geometry": {"type": "LineString", "coordinates": [[-8.9003324, 39.5388456], [-8.9006507, 39.5383958], [-8.9008305, 39.5381417]]}, "properties": {"highway": "trunk", "lanes": "2", "ref": "IC 2;EN 1", "surface": "asphalt", "turn:lanes:forward": "through;right"}}, {"type": "Feature", "geometry": {"type": "LineString", "coordinates": [[-8.9008305, 39.5381417], [-8.901087, 39.5377678]]}, "properties": {"highway": "trunk", "lanes": "3", "lanes:backward": "2", "lanes:forward": "1", "ref": "IC 2;EN 1", "surface": "asphalt", "turn:lanes:backward": "left|through"}}, {"type": "Feature", "geometry": {"type": "LineString", "coordinates": [[-8.901087, 39.5377678], [-8.9013874, 39.5373299]]}, "properties": {"highway": "trunk", "lanes": "2", "ref": "IC 2;EN 1", "surface": "asphalt", "turn:lanes:backward": "left;through"}}, {"type": "Feature", "geometry": {"type": "LineString", "coordinates": [[-8.9013874, 39.5373299], [-8.9027617, 39.5353511], [-8.9042179, 39.5332576], [-8.9043794, 39.5330287]]}, "properties": {"highway": "trunk", "lanes": "2", "ref": "IC 2;EN 1", "surface": "asphalt"}}, {"type": "Feature", "geometry": {"type": "LineString", "coordinates": [[-8.904671, 39.5326156], [-8.9047742, 39.532467], [-8.9049479, 39.532217]]}, "properties": {"highway": "trunk", "lanes": "3", "lanes:backward": "1", "lanes:forward": "2", "ref": "IC 2;EN 1", "surface": "asphalt", "turn:lanes:forward": "left|through"}}, {"type": "Feature", "geometry": {"type": "LineString", "coordinates": [[-8.9049479, 39.532217], [-8.90555, 39.5314132]]}, "properties": {"highway": "trunk", "lanes": "2", "ref": "IC 2;EN 1", "surface": "asphalt", "turn:lanes:backward": "through;right"}}, {"type": "Feature", "geometry": {"type": "LineString", "coordinates": [[-8.9043794, 39.5330287], [-8.904671, 39.5326156]]}, "properties": {"highway": "trunk", "lanes": "2", "ref": "IC 2;EN 1", "surface": "asphalt", "turn:lanes:forward": "left;through"}}, {"type": "Feature", "geometry": {"type": "LineString", "coordinates": [[-8.90555, 39.5314132], [-8.9058061, 39.5310583], [-8.9067854, 39.5298318], [-8.9075974, 39.5288573], [-8.9084772, 39.5278271], [-8.9086655, 39.5276107]]}, "properties": {"highway": "trunk", "lanes": "2", "ref": "IC 2;EN 1", "surface": "asphalt"}}, {"type": "Feature", "geometry": {"type": "LineString", "coordinates": [[-8.9090129, 39.5272114], [-8.9093603, 39.5268121]]}, "properties": {"highway": "trunk", "lanes": "3", "lanes:backward": "1", "lanes:forward": "2", "ref": "IC 2;EN 1", "surface": "asphalt", "turn:lanes:forward": "left|through;right"}}, {"type": "Feature", "geometry": {"type": "LineString", "coordinates": [[-8.9086655, 39.5276107], [-8.9090129, 39.5272114]]}, "properties": {"highway": "trunk", "lanes": "2", "ref": "IC 2;EN 1", "surface": "asphalt", "turn:lanes:forward": "right;through;left"}}, {"type": "Feature", "geometry": {"type": "LineString", "coordinates": [[-8.9093603, 39.5268121], [-8.9097101, 39.5263959]]}, "properties": {"highway": "trunk", "lanes": "3", "lanes:backward": "2", "lanes:forward": "1", "ref": "IC 2;EN 1", "surface": "asphalt", "turn:lanes:backward": "left|through;right"}}, {"type": "Feature", "geometry": {"type": "LineString", "coordinates": [[-8.9097101, 39.5263959], [-8.9100157, 39.5260324]]}, "properties": {"highway": "trunk", "lanes": "2", "ref": "IC 2;EN 1", "surface": "asphalt", "turn:lanes:backward": "left;through;right"}}, {"type": "Feature", "geometry": {"type": "LineString", "coordinates": [[-8.9320217, 39.4918937], [-8.9324668, 39.4908555], [-8.9331786, 39.4891837], [-8.9333015, 39.4888948], [-8.9335397, 39.4883301], [-8.9336095, 39.4881646], [-8.9344141, 39.486285], [-8.9347491, 39.4855051], [-8.9348251, 39.4853281], [-8.9356023, 39.4835186], [-8.9357016, 39.4832874], [-8.9362427, 39.482011], [-8.9363752, 39.481699]]}, "properties": {"highway": "trunk", "lanes": "2", "ref": "IC 2;EN 1", "surface": "asphalt"}}, {"type": "Feature", "geometry": {"type": "LineString", "coordinates": [[-8.9312471, 39.4937109], [-8.9314369, 39.4932483]]}, "properties": {"highway": "trunk", "lanes": "2", "ref": "IC 2;EN 1", "surface": "asphalt", "turn:lanes:forward": "left;through;right"}}, {"type": "Feature", "geometry": {"type": "LineString", "coordinates": [[-8.9314369, 39.4932483], [-8.9316261, 39.4928163]]}, "properties": {"highway": "trunk", "lanes": "3", "lanes:backward": "1", "lanes:forward": "2", "ref": "IC 2;EN 1", "surface": "asphalt", "turn:lanes:forward": "left|through;right"}}, {"type": "Feature", "geometry": {"type": "LineString", "coordinates": [[-8.9316261, 39.4928163], [-8.931789, 39.4924362]]}, "properties": {"highway": "trunk", "lanes": "3", "lanes:backward": "2", "lanes:forward": "1", "ref": "IC 2;EN 1", "surface": "asphalt", "turn:lanes:backward": "left|through;right"}}, {"type": "Feature", "geometry": {"type": "LineString", "coordinates": [[-8.931789, 39.4924362], [-8.9320217, 39.4918937]]}, "properties": {"highway": "trunk", "lanes": "2", "ref": "IC 2;EN 1", "surface": "asphalt", "turn:lanes:backward": "left;through;right"}}, {"type": "Feature", "geometry": {"type": "LineString", "coordinates": [[-8.9363752, 39.481699], [-8.93665, 39.481056]]}, "properties": {"highway": "trunk", "lanes": "2", "ref": "IC 2;EN 1", "surface": "asphalt", "turn:lanes:forward": "left;through;right"}}, {"type": "Feature", "geometry": {"type": "LineString", "coordinates": [[-8.93665, 39.481056], [-8.9367869, 39.4807357]]}, "properties": {"highway": "trunk", "lanes": "3", "lanes:backward": "1", "lanes:forward": "2", "ref": "IC 2;EN 1", "surface": "asphalt", "turn:lanes:forward": "left|through;right"}}, {"type": "Feature", "geometry": {"type": "LineString", "coordinates": [[-8.9367869, 39.4807357], [-8.9368202, 39.4806574], [-8.9369907, 39.480259]]}, "properties": {"highway": "trunk", "lanes": "3", "lanes:backward": "2", "lanes:forward": "1", "ref": "IC 2;EN 1", "surface": "asphalt", "turn:lanes:backward": "left|through;right"}}, {"type": "Feature", "geometry": {"type": "LineString", "coordinates": [[-8.9369907, 39.480259], [-8.9371856, 39.4798031]]}, "properties": {"highway": "trunk", "lanes": "2", "ref": "IC 2;EN 1", "surface": "asphalt", "turn:lanes:backward": "left;through;right"}}, {"type": "Feature", "geometry": {"type": "LineString", "coordinates": [[-8.9371856, 39.4798031], [-8.9376125, 39.4787923], [-8.9377456, 39.4784809], [-8.9382066, 39.4774026], [-8.9395448, 39.4742769], [-8.9396744, 39.4739774], [-8.9401132, 39.472937], [-8.941208, 39.470383], [-8.9414514, 39.4697982], [-8.941973, 39.468586], [-8.9424121, 39.4675604], [-8.942706, 39.4668743], [-8.9429448, 39.4663102]]}, "properties": {"highway": "trunk", "lanes": "2", "ref": "IC 2;EN 1", "surface": "asphalt"}}, {"type": "Feature", "geometry": {"type": "LineString", "coordinates": [[-8.9429448, 39.4663102], [-8.9433495, 39.4653542]]}, "properties": {"highway": "trunk", "lanes": "2", "ref": "IC 2;EN 1", "surface": "asphalt", "turn:lanes:forward": "through;right"}}, {"type": "Feature", "geometry": {"type": "LineString", "coordinates": [[-8.9435378, 39.4649021], [-8.9437625, 39.4643804]]}, "properties": {"highway": "trunk", "lanes": "2", "ref": "IC 2;EN 1", "surface": "asphalt", "turn:lanes:backward": "left;through"}}, {"type": "Feature", "geometry": {"type": "LineString", "coordinates": [[-8.9433495, 39.4653542], [-8.9435378, 39.4649021]]}, "properties": {"highway": "trunk", "lanes": "3", "lanes:backward": "2", "lanes:forward": "1", "ref": "IC 2;EN 1", "surface": "asphalt", "turn:lanes:backward": "left|through"}}, {"type": "Feature", "geometry": {"type": "LineString", "coordinates": [[-8.9437625, 39.4643804], [-8.9439404, 39.4639664], [-8.9442783, 39.463175], [-8.9444598, 39.4627681], [-8.9446508, 39.4623401], [-8.9449244, 39.4616776], [-8.9452604, 39.4608638], [-8.9462956, 39.458461], [-8.9467545, 39.4573714], [-8.947343, 39.456035], [-8.9481172, 39.4541725], [-8.9488508, 39.4524476], [-8.9495152, 39.4509006], [-8.9499753, 39.4498308], [-8.950331, 39.449006], [-8.9510644, 39.4472651]]}, "properties": {"highway": "trunk", "lanes": "2", "ref": "IC 2;EN 1", "surface": "asphalt"}}, {"type": "Feature", "geometry": {"type": "LineString", "coordinates": [[-8.9510644, 39.4472651], [-8.9511582, 39.4470404]]}, "properties": {"highway": "trunk", "lanes": "2", "ref": "IC 2;EN 1", "surface": "asphalt", "turn:lanes:forward": "left;through;right"}}, {"type": "Feature", "geometry": {"type": "LineString", "coordinates": [[-8.9512491, 39.4468228], [-8.951469, 39.4463019]]}, "properties": {"highway": "trunk", "lanes": "3", "lanes:backward": "1", "lanes:forward": "2", "ref": "IC 2;EN 1", "surface": "asphalt", "turn:lanes:forward": "left|through;right"}}, {"type": "Feature", "geometry": {"type": "LineString", "coordinates": [[-8.951469, 39.4463019], [-8.95168, 39.4458196]]}, "properties": {"highway": "trunk", "lanes": "3", "lanes:backward": "2", "lanes:forward": "1", "ref": "IC 2;EN 1", "surface": "asphalt", "turn:lanes:backward": "left|through;right"}}, {"type": "Feature", "geometry": {"type": "LineString", "coordinates": [[-8.95168, 39.4458196], [-8.951884, 39.4453499]]}, "properties": {"highway": "trunk", "lanes": "2", "ref": "IC 2;EN 1", "surface": "asphalt", "turn:lanes:backward": "left;through;right"}}, {"type": "Feature", "geometry": {"type": "LineString", "coordinates": [[-8.951884, 39.4453499], [-8.9522332, 39.4445119], [-8.9529187, 39.4429221], [-8.953225, 39.4421866], [-8.9537049, 39.4410645], [-8.953794, 39.4408726], [-8.9547831, 39.4385225], [-8.955186, 39.437599], [-8.9552335, 39.4374903], [-8.9558047, 39.4361194]]}, "properties": {"highway": "trunk", "lanes": "2", "ref": "IC 2;EN 1", "surface": "asphalt", "turn:lanes:forward": "left;through;right"}}, {"type": "Feature", "geometry": {"type": "LineString", "coordinates": [[-8.9629672, 39.4147943], [-8.9631717, 39.4162056], [-8.9632083, 39.416521], [-8.963238, 39.4167731], [-8.963244, 39.4170049], [-8.9632431, 39.417267], [-8.9632382, 39.4174153], [-8.9632346, 39.4175229], [-8.9632105, 39.4177994], [-8.9631843, 39.4180417], [-8.9631495, 39.4182758], [-8.9630978, 39.4185494], [-8.9630538, 39.4187447], [-8.962989, 39.4190107], [-8.962902, 39.4193082], [-8.9628449, 39.4194743], [-8.9627491, 39.4197271], [-8.9626037, 39.4200866], [-8.9624742, 39.4203693], [-8.9613309, 39.4230613]]}, "properties": {"highway": "trunk", "lanes": "1", "oneway": "yes", "ref": "IC 2;EN 1", "surface": "asphalt"}}, {"type": "Feature", "geometry": {"type": "LineString", "coordinates": [[-8.9602182, 39.3901697], [-8.9602807, 39.3898611], [-8.9606691, 39.3878285], [-8.9611215, 39.3853918], [-8.9611718, 39.385121], [-8.9612719, 39.3846013]]}, "properties": {"highway": "trunk", "lanes": "2", "maxspeed": "70", "ref": "IC 2;EN 1", "surface": "asphalt"}}, {"type": "Feature", "geometry": {"type": "LineString", "coordinates": [[-8.9629452, 39.3760841], [-8.9630178, 39.3759814], [-8.9631677, 39.3756967]]}, "properties": {"highway": "trunk", "lanes": "1", "oneway": "yes", "ref": "IC 2;EN 1", "surface": "asphalt"}}, {"type": "Feature", "geometry": {"type": "LineString", "coordinates": [[-8.6287345, 39.9712742], [-8.6287291, 39.9714001], [-8.6287136, 39.9715608]]}, "properties": {"highway": "trunk", "lanes": "2", "maxspeed": "60", "ref": "IC 2;EN 1", "surface": "asphalt"}}, {"type": "Feature", "geometry": {"type": "LineString", "coordinates": [[-8.6287414, 39.9709876], [-8.6287345, 39.9712742]]}, "properties": {"highway": "trunk", "lanes": "3", "lanes:backward": "1", "lanes:forward": "2", "maxspeed": "60", "ref": "IC 2;EN 1", "surface": "asphalt", "turn:lanes:forward": "left|through"}}, {"type": "Feature", "geometry": {"type": "LineString", "coordinates": [[-8.724493, 39.8255301], [-8.724153, 39.8258693]]}, "properties": {"highway": "trunk", "lanes": "1", "lit": "yes", "maxspeed": "50", "oneway": "yes", "ref": "IC 2;EN 1", "smoothness": "excellent", "surface": "asphalt", "turn:lanes": "left;through;right"}}, {"type": "Feature", "geometry": {"type": "LineString", "coordinates": [[-8.7238373, 39.8261927], [-8.7237091, 39.8263285], [-8.7235613, 39.8265137]]}, "properties": {"highway": "trunk", "lanes": "2", "lit": "yes", "maxspeed": "50", "oneway": "yes", "ref": "IC 2;EN 1", "smoothness": "excellent", "surface": "asphalt", "turn:lanes": "left|through"}}, {"type": "Feature", "geometry": {"type": "LineString", "coordinates": [[-8.483336, 40.8270047], [-8.4833295, 40.8270697], [-8.4833155, 40.8271157], [-8.4832694, 40.8271824]]}, "properties": {"highway": "primary", "name": "Rua de Santo Ant\u00f3nio", "oneway": "yes", "ref": "EN 1", "surface": "asphalt"}}, {"type": "Feature", "geometry": {"type": "LineString", "coordinates": [[-8.4834268, 40.8272017], [-8.4833789, 40.8271205], [-8.4833576, 40.8270686], [-8.483336, 40.8270047]]}, "properties": {"highway": "primary", "name": "Rua de Santo Ant\u00f3nio", "oneway": "yes", "ref": "EN 1", "surface": "asphalt"}}, {"type": "Feature", "geometry": {"type": "LineString", "coordinates": [[-8.487942, 40.8818572], [-8.487907, 40.8820362], [-8.4878502, 40.8821641], [-8.4877626, 40.882292], [-8.487659, 40.8824279], [-8.4876406, 40.8824538], [-8.4876042, 40.882505]]}, "properties": {"highway": "primary", "lanes": "2", "lit": "yes", "maxspeed:type": "PT:urban", "name": "Rua Visconde de S\u00e3o Jo\u00e3o da Madeira", "old_ref": "EN 1", "oneway": "yes", "ref": "EN 1", "surface": "asphalt"}}, {"type": "Feature", "geometry": {"type": "LineString", "coordinates": [[-8.4748704, 40.8414424], [-8.4746529, 40.8415828]]}, "properties": {"highway": "primary", "maxweight": "3.5", "name": "Rua Conde Santiago Lob\u00e3o", "oneway": "no", "ref": "EN 1"}}, {"type": "Feature", "geometry": {"type": "LineString", "coordinates": [[-8.9511956, 39.4469529], [-8.9512491, 39.4468228]]}, "properties": {"highway": "trunk", "lanes": "2", "ref": "IC 2;EN 1", "surface": "asphalt", "turn:lanes:forward": "left;through;right"}}, {"type": "Feature", "geometry": {"type": "LineString", "coordinates": [[-8.9511582, 39.4470404], [-8.9511956, 39.4469529]]}, "properties": {"highway": "trunk", "lanes": "2", "ref": "IC 2;EN 1", "surface": "asphalt", "turn:lanes:forward": "left;through;right"}}, {"type": "Feature", "geometry": {"type": "LineString", "coordinates": [[-8.6067677, 41.1156056], [-8.6067916, 41.1153983]]}, "properties": {"highway": "primary", "junction": "roundabout", "lanes": "2", "lit": "yes", "maxspeed": "50", "maxspeed:type": "PT:urban", "name": "Rotunda de Santo Ov\u00eddio", "ref": "EN 1", "sidewalk": "right", "surface": "asphalt"}}, {"type": "Feature", "geometry": {"type": "LineString", "coordinates": [[-8.6067916, 41.1153983], [-8.6067921, 41.1153416], [-8.6067924, 41.1153125]]}, "properties": {"highway": "primary", "junction": "roundabout", "lanes": "2", "lit": "yes", "maxspeed:type": "PT:urban", "name": "Rotunda de Santo Ov\u00eddio", "ref": "EN 1", "sidewalk": "right", "surface": "asphalt"}}, {"type": "Feature", "geometry": {"type": "LineString", "coordinates": [[-8.6039992, 41.110738], [-8.6039284, 41.1106743], [-8.6036663, 41.1105132], [-8.6035789, 41.1104473], [-8.6035059, 41.1103661], [-8.6034651, 41.1102923], [-8.6034315, 41.1101033]]}, "properties": {"access": "yes", "bicycle": "yes", "cycleway": "no", "highway": "primary", "lanes": "2", "lit": "yes", "maxheight": "none", "name": "Rua Fonte dos Arrependidos", "oneway": "no", "ref": "EN 1", "sidewalk": "both", "surface": "asphalt"}}, {"type": "Feature", "geometry": {"type": "LineString", "coordinates": [[-8.6040874, 41.1109225], [-8.6039992, 41.110738]]}, "properties": {"access": "yes", "bicycle": "yes", "cycleway": "no", "highway": "primary", "lanes": "2", "lit": "yes", "maxheight": "5", "name": "Rua Soares dos Reis", "name:etymology:wikidata": "Q611418", "oneway": "no", "ref": "EN 1", "sidewalk": "both", "surface": "asphalt"}}, {"type": "Feature", "geometry": {"type": "LineString", "coordinates": [[-8.4534635, 40.4800986], [-8.4534243, 40.48025]]}, "properties": {"highway": "primary", "lanes": "2", "maxspeed": "50", "oneway": "no", "ref": "IC 2;EN 1", "surface": "asphalt"}}, {"type": "Feature", "geometry": {"type": "LineString", "coordinates": [[-8.44718, 40.4870242], [-8.4472317, 40.4869444], [-8.4472782, 40.4868805], [-8.4473317, 40.4868143], [-8.4487635, 40.4853072], [-8.4490905, 40.4849799], [-8.4497483, 40.4842978], [-8.4505859, 40.4834291], [-8.4512099, 40.4827821], [-8.452102, 40.4818388], [-8.4526884, 40.4812187], [-8.4530104, 40.4808718]]}, "properties": {"highway": "primary", "lanes": "2", "maxspeed": "50", "oneway": "no", "ref": "IC 2;EN 1", "surface": "asphalt"}}, {"type": "Feature", "geometry": {"type": "LineString", "coordinates": [[-8.5366864, 40.9801609], [-8.536756, 40.9801039], [-8.5368346, 40.980004], [-8.5369623, 40.9797908], [-8.5370065, 40.9796825], [-8.53703, 40.979598], [-8.5370466, 40.9795128], [-8.5370552, 40.9794434], [-8.5370603, 40.9793419], [-8.5370625, 40.9792219], [-8.5370553, 40.9790891], [-8.5370485, 40.9790482], [-8.5370368, 40.9789775], [-8.5370189, 40.978912], [-8.5370053, 40.9788622], [-8.5368932, 40.9785922], [-8.5368557, 40.9785246], [-8.5366897, 40.9782251], [-8.5365625, 40.9780152], [-8.5364225, 40.977777], [-8.5360622, 40.9771107], [-8.5359728, 40.9768996], [-8.5359062, 40.9766734], [-8.5357597, 40.9757132]]}, "properties": {"highway": "primary", "lanes": "2", "lit": "yes", "maxspeed": "50", "name": "Avenida Principal", "oneway": "no", "ref": "EN 1", "surface": "asphalt"}}, {"type": "Feature", "geometry": {"type": "LineString", "coordinates": [[-8.4394222, 40.2098955], [-8.4397318, 40.2104184]]}, "properties": {"highway": "primary", "lanes": "2", "name": "Avenida da Guarda Inglesa", "oneway": "yes", "ref": "EN 1", "sidewalk": "no", "surface": "asphalt"}}, {"type": "Feature", "geometry": {"type": "LineString", "coordinates": [[-8.4389097, 40.2091422], [-8.4392127, 40.2095809]]}, "properties": {"change:lanes": "no|not_left|yes", "destination:lanes": "Taveiro;Lisboa;Cov\u00f5es;S\u00e3o Martinho|Porto;HUC;Circular Externa|S\u00e3o Martinho,Zona comercial", "highway": "primary", "lanes": "3", "maxspeed": "50", "maxspeed:type": "sign", "name": "Avenida da Guarda Inglesa", "oneway": "yes", "ref": "EN 1", "sidewalk": "right", "surface": "asphalt", "turn:lanes": "through|through|right"}}, {"type": "Feature", "geometry": {"type": "LineString", "coordinates": [[-8.4461155, 40.28971], [-8.4461205, 40.2891902]]}, "properties": {"highway": "trunk", "lanes": "1", "maxspeed": "90", "oneway": "yes", "ref": "IC 2;EN 1", "surface": "asphalt"}}, {"type": "Feature", "geometry": {"type": "LineString", "coordinates": [[-8.4461289, 40.288756], [-8.446132, 40.2884715]]}, "properties": {"change": "no", "highway": "trunk", "lanes": "1", "maxspeed": "90", "oneway": "yes", "ref": "IC 2;EN 1", "surface": "asphalt"}}, {"type": "Feature", "geometry": {"type": "LineString", "coordinates": [[-8.446132, 40.2884715], [-8.4461156, 40.2882004]]}, "properties": {"destination": "Coimbra;Lisboa;Porto;Figueira da Foz", "highway": "trunk", "lanes": "1", "maxspeed": "90", "oneway": "yes", "ref": "IC 2;EN 1", "surface": "asphalt"}}, {"type": "Feature", "geometry": {"type": "LineString", "coordinates": [[-8.4461156, 40.2882004], [-8.4460418, 40.2875196]]}, "properties": {"highway": "trunk", "lanes": "1", "lit": "yes", "maxspeed": "90", "oneway": "yes", "ref": "IC 2;EN 1", "surface": "asphalt"}}, {"type": "Feature", "geometry": {"type": "LineString", "coordinates": [[-8.446006, 40.2885378], [-8.4460161, 40.2890332]]}, "properties": {"destination": "Porto", "highway": "trunk", "lanes": "2", "maxspeed": "90", "oneway": "yes", "placement": "right_of:1", "ref": "IC 2;EN 1", "surface": "asphalt"}}, {"type": "Feature", "geometry": {"type": "LineString", "coordinates": [[-8.446002, 40.2882948], [-8.446006, 40.2885378]]}, "properties": {"change": "no", "highway": "trunk", "lanes": "2", "lit": "yes", "maxspeed": "90", "oneway": "yes", "placement": "right_of:2", "ref": "IC 2;EN 1", "surface": "asphalt"}}, {"type": "Feature", "geometry": {"type": "LineString", "coordinates": [[-8.4459706, 40.2875245], [-8.4459944, 40.2879654]]}, "properties": {"highway": "trunk", "lanes": "2", "lit": "yes", "maxspeed": "90", "oneway": "yes", "ref": "IC 2;EN 1", "surface": "asphalt", "turn:lanes": "through;left|through"}}, {"type": "Feature", "geometry": {"type": "LineString", "coordinates": [[-8.4459944, 40.2879654], [-8.446002, 40.2882948]]}, "properties": {"change:lanes": "yes|not_right|no", "highway": "trunk", "lanes": "2", "lit": "yes", "maxspeed": "90", "oneway": "yes", "placement": "right_of:2", "ref": "IC 2;EN 1", "surface": "asphalt", "turn:lanes": "left|through|through;right"}}, {"type": "Feature", "geometry": {"type": "LineString", "coordinates": [[-8.6438747, 39.8989313], [-8.6437721, 39.8989644]]}, "properties": {"highway": "trunk", "lanes": "2", "maxspeed": "80", "ref": "IC 2;EN 1", "surface": "asphalt"}}, {"type": "Feature", "geometry": {"type": "LineString", "coordinates": [[-8.5556575, 41.0100617], [-8.5556367, 41.0099777], [-8.5555845, 41.0099018], [-8.5554859, 41.0098301]]}, "properties": {"alt_name": "Rua da Estrada Nacional N.\u00ba 1;Estrada Nacional N\u00ba1;Rua da Estrada Nacional N\u00famero 1;Rua EN1;EN1;Estrada Nacional 1", "bridge": "yes", "highway": "primary", "junction": "roundabout", "lanes": "3", "layer": "1", "maxweight:signed": "no", "name": "Rua Estrada Nacional N\u00ba 1", "note": "mesmo tendo oficialmente sido alterada para IC2, ainda \u00e9 referida nas placas no terreno como N1 por isso a ref principal deve levar ambas as refer\u00eancias", "old_ref": "EN 1", "ref": "EN 1", "ref:official": "IC 2", "source": "BING", "surface": "asphalt"}}, {"type": "Feature", "geometry": {"type": "LineString", "coordinates": [[-8.5548994, 41.0101072], [-8.5549297, 41.0102061], [-8.5550025, 41.0102804], [-8.5550958, 41.0103256]]}, "properties": {"alt_name": "Rua da Estrada Nacional N.\u00ba 1;Estrada Nacional N\u00ba1;Rua da Estrada Nacional N\u00famero 1;Rua EN1;EN1;Estrada Nacional 1", "bridge": "yes", "highway": "primary", "junction": "roundabout", "lanes": "3", "layer": "1", "maxweight:signed": "no", "name": "Rua Estrada Nacional N\u00ba 1", "note": "mesmo tendo oficialmente sido alterada para IC2, ainda \u00e9 referida nas placas no terreno como N1 por isso a ref principal deve levar ambas as refer\u00eancias", "old_ref": "EN 1", "ref": "EN 1", "ref:official": "IC 2", "source": "BING", "surface": "asphalt"}}, {"type": "Feature", "geometry": {"type": "LineString", "coordinates": [[-8.5550208, 41.0098518], [-8.55497, 41.0098917], [-8.5549301, 41.0099381], [-8.5548916, 41.0100259], [-8.5548994, 41.0101072]]}, "properties": {"alt_name": "Rua da Estrada Nacional N.\u00ba 1;Estrada Nacional N\u00ba1;Rua da Estrada Nacional N\u00famero 1;Rua EN1;EN1;Estrada Nacional 1", "highway": "primary", "junction": "roundabout", "lanes": "3", "name": "Rua Estrada Nacional N\u00ba 1", "note": "mesmo tendo oficialmente sido alterada para IC2, ainda \u00e9 referida nas placas no terreno como N1 por isso a ref principal deve levar ambas as refer\u00eancias", "old_ref": "EN 1", "ref": "EN 1", "ref:official": "IC 2", "source": "BING", "surface": "asphalt"}}, {"type": "Feature", "geometry": {"type": "LineString", "coordinates": [[-8.7652986, 39.7736632], [-8.7654199, 39.7735328]]}, "properties": {"highway": "trunk", "lanes": "2", "lit": "yes", "maxspeed:backward": "80", "maxspeed:forward": "60", "ref": "IC 2;EN 1", "surface": "asphalt"}}, {"type": "Feature", "geometry": {"type": "LineString", "coordinates": [[-8.7721847, 39.7687174], [-8.7710516, 39.7692205]]}, "properties": {"highway": "trunk", "lanes": "1", "lit": "no", "maxspeed": "60", "old_ref": "EN 1", "oneway": "yes", "ref": "IC 2;EN 1", "surface": "asphalt"}}, {"type": "Feature", "geometry": {"type": "LineString", "coordinates": [[-8.4365715, 40.1968599], [-8.4364763, 40.1969622], [-8.4364287, 40.1970284], [-8.4364088, 40.1970728], [-8.4364001, 40.1971058], [-8.4363988, 40.1971399]]}, "properties": {"destination:backward": "Lisboa;Barreiros;Cruz dos Morou\u00e7os", "destination:forward": "Santa Clara", "destination:ref:to:backward": "A 1;IC 2", "destination:symbol:backward": "motorway", "highway": "primary", "lanes": "3", "lanes:backward": "1", "lanes:forward": "2", "name": "Ladeira do Vale do Inferno", "ref": "EN 1", "surface": "asphalt", "turn:lanes:forward": "left|through"}}, {"type": "Feature", "geometry": {"type": "LineString", "coordinates": [[-8.8310255, 39.7153306], [-8.8309894, 39.7153281], [-8.8309531, 39.7153292], [-8.8309173, 39.715334], [-8.8308826, 39.7153422]]}, "properties": {"cycleway:both": "no", "highway": "primary", "junction": "roundabout", "lanes": "2", "lit": "yes", "maxspeed": "50", "ref": "EN 1", "sidewalk": "right", "smoothness": "good", "surface": "asphalt"}}, {"type": "Feature", "geometry": {"type": "LineString", "coordinates": [[-8.8280677, 39.7044159], [-8.8281001, 39.7044025], [-8.8281292, 39.7043852], [-8.8281543, 39.7043645]]}, "properties": {"cycleway:both": "no", "highway": "primary", "junction": "roundabout", "lanes": "2", "lit": "yes", "maxspeed": "50", "ref": "EN 1", "sidewalk": "no", "smoothness": "good", "surface": "asphalt"}}, {"type": "Feature", "geometry": {"type": "LineString", "coordinates": [[-8.8328594, 39.6671292], [-8.8328155, 39.6671129], [-8.8327681, 39.6671041], [-8.8327193, 39.667103]]}, "properties": {"cycleway:both": "no", "highway": "primary", "junction": "roundabout", "lanes": "1", "lit": "yes", "maxspeed": "50", "ref": "EN 1", "sidewalk": "no", "surface": "asphalt"}}, {"type": "Feature", "geometry": {"type": "LineString", "coordinates": [[-8.8568656, 39.6197623], [-8.8568719, 39.6198009], [-8.8568806, 39.6198255], [-8.8569034, 39.6198902], [-8.8569593, 39.6199721], [-8.8570862, 39.6200702]]}, "properties": {"highway": "trunk", "junction": "roundabout", "lanes": "2", "maxspeed": "40", "ref": "IC 2;EN 1", "surface": "asphalt"}}, {"type": "Feature", "geometry": {"type": "LineString", "coordinates": [[-8.8579613, 39.6197615], [-8.8579538, 39.6196619], [-8.8579202, 39.6195734], [-8.8578625, 39.6194927], [-8.8577833, 39.6194235]]}, "properties": {"highway": "trunk", "junction": "roundabout", "lanes": "2", "maxspeed": "40", "ref": "IC 2;EN 1", "surface": "asphalt"}}, {"type": "Feature", "geometry": {"type": "LineString", "coordinates": [[-8.5760281, 41.0670186], [-8.5761157, 41.06712], [-8.5761482, 41.0671909], [-8.5761533, 41.0672596], [-8.5761574, 41.0673155]]}, "properties": {"highway": "primary", "lanes": "1", "lit": "yes", "maxspeed": "50", "name": "Avenida Doutor Moreira de Sousa", "oneway": "yes", "ref": "EN 1", "surface": "asphalt"}}, {"type": "Feature", "geometry": {"type": "LineString", "coordinates": [[-8.5761648, 41.0668068], [-8.5761253, 41.0667947], [-8.5760829, 41.0667911], [-8.5760408, 41.0667963]]}, "properties": {"highway": "primary", "junction": "roundabout", "lanes": "1", "lit": "yes", "maxspeed": "50", "name": "Avenida Doutor Moreira de Sousa", "ref": "EN 1", "surface": "asphalt"}}, {"type": "Feature", "geometry": {"type": "LineString", "coordinates": [[-8.5763433, 41.0672438], [-8.5762979, 41.0672394], [-8.5762528, 41.0672454], [-8.5762121, 41.0672611], [-8.5761793, 41.0672852], [-8.5761574, 41.0673155]]}, "properties": {"highway": "primary", "junction": "roundabout", "lanes": "1", "lit": "yes", "maxspeed": "50", "name": "Avenida Doutor Moreira de Sousa", "ref": "EN 1", "surface": "asphalt"}}, {"type": "Feature", "geometry": {"type": "LineString", "coordinates": [[-8.5763433, 41.0672438], [-8.5762786, 41.0671776], [-8.5762347, 41.0670925], [-8.5762179, 41.0670239], [-8.576217, 41.0669748]]}, "properties": {"highway": "primary", "lanes": "1", "lit": "yes", "maxspeed": "50", "name": "Avenida Doutor Moreira de Sousa", "oneway": "yes", "ref": "EN 1", "surface": "asphalt"}}, {"type": "Feature", "geometry": {"type": "LineString", "coordinates": [[-8.8575936, 39.6201349], [-8.8576699, 39.6201102]]}, "properties": {"highway": "trunk", "junction": "roundabout", "lanes": "2", "maxspeed": "40", "ref": "IC 2;EN 1", "surface": "asphalt"}}, {"type": "Feature", "geometry": {"type": "LineString", "coordinates": [[-8.8573523, 39.6193184], [-8.8572871, 39.6193247], [-8.8571358, 39.6193716], [-8.8570551, 39.6194144], [-8.856995, 39.6194624]]}, "properties": {"highway": "trunk", "junction": "roundabout", "lanes": "2", "maxspeed": "40", "ref": "IC 2;EN 1", "surface": "asphalt"}}, {"type": "Feature", "geometry": {"type": "LineString", "coordinates": [[-8.8574389, 39.6009072], [-8.8574734, 39.6009236], [-8.8575142, 39.600935], [-8.8575476, 39.6009409], [-8.8575785, 39.600941], [-8.8576165, 39.6009361], [-8.8576519, 39.6009254]]}, "properties": {"highway": "trunk", "junction": "roundabout", "lanes": "2", "maxspeed": "50", "ref": "IC 2;EN 1", "surface": "asphalt"}}, {"type": "Feature", "geometry": {"type": "LineString", "coordinates": [[-8.8576801, 39.6004581], [-8.8576086, 39.6004316], [-8.8575305, 39.6004264]]}, "properties": {"highway": "trunk", "junction": "roundabout", "lanes": "2", "maxspeed": "50", "ref": "IC 2;EN 1", "surface": "asphalt"}}, {"type": "Feature", "geometry": {"type": "LineString", "coordinates": [[-8.8576519, 39.6009254], [-8.857696, 39.6008927], [-8.8577273, 39.6008619], [-8.8577469, 39.6008193], [-8.8577643, 39.600771], [-8.8577767, 39.6007282], [-8.8577812, 39.6006554], [-8.8577776, 39.6006333], [-8.857771, 39.6005931], [-8.8577494, 39.6005388], [-8.8577047, 39.6004792], [-8.8576801, 39.6004581]]}, "properties": {"highway": "trunk", "junction": "roundabout", "lanes": "2", "maxspeed": "50", "ref": "IC 2;EN 1", "surface": "asphalt"}}, {"type": "Feature", "geometry": {"type": "LineString", "coordinates": [[-8.8577833, 39.6194235], [-8.8576976, 39.6193753]]}, "properties": {"highway": "trunk", "junction": "roundabout", "lanes": "2", "maxspeed": "40", "ref": "IC 2;EN 1", "surface": "asphalt"}}, {"type": "Feature", "geometry": {"type": "LineString", "coordinates": [[-8.8579435, 39.6198499], [-8.8579613, 39.6197615]]}, "properties": {"highway": "trunk", "junction": "roundabout", "lanes": "2", "maxspeed": "40", "ref": "IC 2;EN 1", "surface": "asphalt"}}, {"type": "Feature", "geometry": {"type": "LineString", "coordinates": [[-28.0042885, 39.0846493], [-28.0042287, 39.0846867], [-28.0041478, 39.0848051], [-28.0041148, 39.0848789], [-28.0040874, 39.0849616]]}, "properties": {"highway": "primary", "name": "Rua Marquez de Pombal", "oneway": "yes", "ref": "EN 1", "surface": "cobblestone"}}, {"type": "Feature", "geometry": {"type": "LineString", "coordinates": [[-28.0040874, 39.0849616], [-28.004019, 39.0850109], [-28.0039222, 39.0850232], [-28.0037909, 39.084998], [-28.0036291, 39.0849448], [-28.0033184, 39.0847667], [-28.0030828, 39.08461], [-28.0027891, 39.0843789], [-28.0023253, 39.0840149], [-28.002209, 39.0839394], [-28.0020334, 39.083865], [-28.0017207, 39.0837663], [-28.0010896, 39.0835953], [-28.0006191, 39.0834713], [-28.0003449, 39.083372], [-28.0000378, 39.0832345], [-27.9998219, 39.0831437], [-27.9992339, 39.0828304], [-27.9985236, 39.0824593], [-27.9981231, 39.0822501], [-27.9979596, 39.0821647], [-27.9970703, 39.0816847], [-27.996862, 39.081576], [-27.9965457, 39.0814111], [-27.9962324, 39.0812231], [-27.9959671, 39.0810302], [-27.99571, 39.0808156], [-27.9955394, 39.0806778], [-27.9951606, 39.0804314], [-27.9948053, 39.080199], [-27.9944019, 39.0799351], [-27.9938668, 39.0796086], [-27.9936076, 39.0794094], [-27.9934508, 39.0792545], [-27.9933534, 39.0790996], [-27.9932812, 39.078938], [-27.9932203, 39.0787911], [-27.9931511, 39.0786243]]}, "properties": {"highway": "primary", "name": "Rua Infante D. Henrique", "oneway": "no", "ref": "EN 1", "surface": "asphalt"}}, {"type": "Feature", "geometry": {"type": "LineString", "coordinates": [[-8.9315012, 39.3066872], [-8.9318126, 39.3074282]]}, "properties": {"highway": "primary", "lanes": "2", "maxspeed": "50", "oneway": "yes", "ref": "EN 1", "surface": "asphalt", "turn:lanes": "through|slight_right"}}, {"type": "Feature", "geometry": {"type": "LineString", "coordinates": [[-8.9321805, 39.3079594], [-8.9319347, 39.3074322], [-8.9316107, 39.3067586], [-8.9313867, 39.3063694]]}, "properties": {"highway": "primary", "lanes": "1", "maxspeed": "50", "oneway": "yes", "ref": "EN 1", "surface": "asphalt"}}, {"type": "Feature", "geometry": {"type": "LineString", "coordinates": [[-8.9325817, 39.3088132], [-8.9321805, 39.3079594]]}, "properties": {"highway": "primary", "lanes": "2", "maxspeed": "50", "oneway": "yes", "ref": "EN 1", "surface": "asphalt", "turn:lanes": "left|through"}}, {"type": "Feature", "geometry": {"type": "LineString", "coordinates": [[-8.9318126, 39.3074282], [-8.9320934, 39.3079969]]}, "properties": {"highway": "primary", "lanes": "1", "maxspeed": "50", "oneway": "yes", "ref": "EN 1", "surface": "asphalt"}}, {"type": "Feature", "geometry": {"type": "LineString", "coordinates": [[-8.9313867, 39.3063694], [-8.9315012, 39.3066872]]}, "properties": {"highway": "primary", "lanes": "1", "maxspeed": "50", "oneway": "yes", "ref": "EN 1", "surface": "asphalt"}}, {"type": "Feature", "geometry": {"type": "LineString", "coordinates": [[-8.4735332, 40.8425414], [-8.4735863, 40.842728], [-8.4735894, 40.8427389]]}, "properties": {"highway": "primary", "name": "Rua Frei Caetano Brand\u00e3o", "ref": "EN 1"}}, {"type": "Feature", "geometry": {"type": "LineString", "coordinates": [[-8.4483905, 40.3051799], [-8.4483847, 40.3051528], [-8.4483584, 40.3050435], [-8.448348, 40.3049939]]}, "properties": {"highway": "trunk", "lanes": "1", "maxspeed": "50", "name": "Rua da Feira", "oneway": "yes", "ref": "IC 2;EN 1", "surface": "asphalt"}}, {"type": "Feature", "geometry": {"type": "LineString", "coordinates": [[-8.4484266, 40.30535], [-8.4483905, 40.3051799]]}, "properties": {"highway": "trunk", "lanes": "1", "maxspeed": "50", "name": "Rua da Feira", "oneway": "yes", "ref": "IC 2;EN 1", "surface": "asphalt"}}, {"type": "Feature", "geometry": {"type": "LineString", "coordinates": [[-8.4880291, 40.8818612], [-8.4880464, 40.8814589], [-8.4881039, 40.8801229], [-8.4881777, 40.8798238], [-8.488231, 40.879741], [-8.4882483, 40.8797142]]}, "properties": {"highway": "primary", "lanes": "2", "name": "Rua Visconde de S\u00e3o Jo\u00e3o da Madeira", "old_ref": "EN 1", "oneway": "yes", "ref": "EN 1", "surface": "asphalt"}}, {"type": "Feature", "geometry": {"type": "LineString", "coordinates": [[-8.4883425, 40.8795256], [-8.4883453, 40.8794967], [-8.4883588, 40.8794572], [-8.4883883, 40.8793973], [-8.488504, 40.8791713], [-8.4885908, 40.8790016], [-8.4886069, 40.8789559], [-8.4886189, 40.878886], [-8.4886256, 40.8788211], [-8.4886256, 40.8787531], [-8.4886136, 40.8786648], [-8.4885975, 40.8786009], [-8.4884325, 40.8781475], [-8.4884218, 40.8780826], [-8.4884245, 40.8780147], [-8.4884285, 40.8779488], [-8.4884419, 40.8778707], [-8.4885212, 40.8775441], [-8.4885854, 40.8772798], [-8.4885994, 40.8771654]]}, "properties": {"highway": "primary", "lanes": "2", "name": "Rua Dom Egas Moniz \"O Gasc\u00e3o\"", "old_ref": "EN 1", "oneway": "yes", "ref": "EN 1", "surface": "asphalt"}}, {"type": "Feature", "geometry": {"type": "LineString", "coordinates": [[-8.4885994, 40.8771654], [-8.4886028, 40.8770537], [-8.4885988, 40.8769584], [-8.4885774, 40.8767961], [-8.4885505, 40.8766917], [-8.4885118, 40.8765632], [-8.4883011, 40.8758379], [-8.4882354, 40.8756675]]}, "properties": {"highway": "primary", "lanes": "2", "name": "Rua Dom Egas Moniz \"O Gasc\u00e3o\"", "old_ref": "EN 1", "oneway": "yes", "ref": "EN 1", "surface": "asphalt"}}, {"type": "Feature", "geometry": {"type": "LineString", "coordinates": [[-8.9607763, 39.4242055], [-8.9607519, 39.4243776], [-8.9607233, 39.424468], [-8.9604754, 39.4250492], [-8.960302, 39.425456], [-8.9595549, 39.4272087], [-8.9593327, 39.4277299], [-8.9586131, 39.429418], [-8.958469, 39.4297562], [-8.9576489, 39.4316799], [-8.956692, 39.4339247], [-8.9562454, 39.4349889], [-8.9561978, 39.4350983], [-8.9561544, 39.4351652], [-8.9561056, 39.4352238], [-8.9560637, 39.4352615]]}, "properties": {"highway": "trunk", "lanes": "1", "maxspeed": "50", "oneway": "yes", "ref": "IC 2;EN 1", "surface": "asphalt"}}, {"type": "Feature", "geometry": {"type": "LineString", "coordinates": [[-8.9609541, 39.4242626], [-8.9610324, 39.4242504], [-8.9611009, 39.4242186], [-8.9611516, 39.4241709], [-8.9611787, 39.4241127], [-8.9611789, 39.424051], [-8.9611653, 39.4240135], [-8.9611415, 39.4239792]]}, "properties": {"highway": "trunk", "junction": "roundabout", "lanes": "2", "maxspeed": "50", "ref": "IC 2;EN 1", "surface": "asphalt"}}, {"type": "Feature", "geometry": {"type": "LineString", "coordinates": [[-8.9561238, 39.435603], [-8.9561804, 39.4355935], [-8.956232, 39.4355731], [-8.9562791, 39.4355392], [-8.9563118, 39.4354964], [-8.9563274, 39.4354481], [-8.9563244, 39.4353985], [-8.9563033, 39.4353516], [-8.9562658, 39.4353112]]}, "properties": {"highway": "trunk", "junction": "roundabout", "lanes": "2", "maxspeed": "50", "ref": "IC 2;EN 1", "surface": "asphalt"}}, {"type": "Feature", "geometry": {"type": "LineString", "coordinates": [[-8.9559229, 39.4355309], [-8.9559225, 39.4356055], [-8.9559147, 39.4356775], [-8.9558977, 39.4357703], [-8.9558047, 39.4361194]]}, "properties": {"highway": "trunk", "lanes": "1", "oneway": "yes", "ref": "IC 2;EN 1", "surface": "asphalt"}}, {"type": "Feature", "geometry": {"type": "LineString", "coordinates": [[-8.9558047, 39.4361194], [-8.9560285, 39.435712], [-8.9560679, 39.4356577], [-8.9561238, 39.435603]]}, "properties": {"highway": "trunk", "lanes": "1", "maxspeed": "50", "oneway": "yes", "ref": "IC 2;EN 1", "surface": "asphalt"}}, {"type": "Feature", "geometry": {"type": "LineString", "coordinates": [[-8.9616497, 39.4061264], [-8.9616246, 39.4061478], [-8.9616044, 39.4061722], [-8.9615898, 39.4061987], [-8.9615797, 39.406235], [-8.9615799, 39.4062721], [-8.9615904, 39.4063083], [-8.9616107, 39.4063419], [-8.9616398, 39.4063715], [-8.9616763, 39.4063955]]}, "properties": {"highway": "trunk", "junction": "roundabout", "lanes": "1", "maxspeed": "50", "ref": "IC 2;EN 1", "surface": "asphalt"}}, {"type": "Feature", "geometry": {"type": "LineString", "coordinates": [[-8.959912, 39.3908798], [-8.9598616, 39.3909014], [-8.9598196, 39.3909319], [-8.9597885, 39.3909694], [-8.9597702, 39.3910117], [-8.9597658, 39.3910561], [-8.9597756, 39.3911], [-8.9597989, 39.3911407], [-8.9598344, 39.3911758]]}, "properties": {"highway": "trunk", "junction": "roundabout", "lanes": "1", "maxspeed": "50", "ref": "IC 2;EN 1", "surface": "asphalt"}}, {"type": "Feature", "geometry": {"type": "LineString", "coordinates": [[-8.9602182, 39.3901697], [-8.9600798, 39.3905525], [-8.9600417, 39.3906471], [-8.9600022, 39.3907388], [-8.9599515, 39.3908223], [-8.959912, 39.3908798]]}, "properties": {"highway": "trunk", "lanes": "1", "maxspeed": "50", "oneway": "yes", "ref": "IC 2;EN 1", "surface": "asphalt"}}, {"type": "Feature", "geometry": {"type": "LineString", "coordinates": [[-8.9601689, 39.3909208], [-8.9601616, 39.3908329], [-8.9601592, 39.3907577], [-8.9601663, 39.3906681], [-8.9602182, 39.3901697]]}, "properties": {"highway": "trunk", "lanes": "1", "maxspeed": "70", "oneway": "yes", "ref": "IC 2;EN 1", "surface": "asphalt"}}, {"type": "Feature", "geometry": {"type": "LineString", "coordinates": [[-8.9598344, 39.3911758], [-8.9598693, 39.3912351], [-8.9598843, 39.3913023], [-8.9598894, 39.3913759], [-8.9598708, 39.3918909], [-8.9598733, 39.3920916]]}, "properties": {"highway": "trunk", "lanes": "1", "maxspeed": "50", "oneway": "yes", "ref": "IC 2;EN 1", "surface": "asphalt"}}, {"type": "Feature", "geometry": {"type": "LineString", "coordinates": [[-8.9598733, 39.3920916], [-8.9599298, 39.3918924], [-8.9600296, 39.3914116], [-8.9600484, 39.3913238], [-8.9600765, 39.3912639], [-8.9601109, 39.391207]]}, "properties": {"highway": "trunk", "lanes": "1", "maxspeed": "50", "oneway": "yes", "ref": "IC 2;EN 1", "surface": "asphalt"}}, {"type": "Feature", "geometry": {"type": "LineString", "coordinates": [[-8.7492001, 39.788075], [-8.7490903, 39.7881599], [-8.7489409, 39.7882501], [-8.7488299, 39.7883007]]}, "properties": {"highway": "trunk", "lanes": "2", "lit": "no", "maxspeed": "50", "oneway": "yes", "ref": "IC 2;EN 1", "surface": "asphalt"}}, {"type": "Feature", "geometry": {"type": "LineString", "coordinates": [[-8.7505343, 39.7871051], [-8.7511515, 39.7865724], [-8.7512085, 39.7864812]]}, "properties": {"highway": "trunk", "lanes": "1", "lit": "no", "maxspeed": "60", "oneway": "yes", "ref": "IC 2;EN 1", "surface": "asphalt"}}, {"type": "Feature", "geometry": {"type": "LineString", "coordinates": [[-8.7483999, 39.7890855], [-8.7485326, 39.7889244]]}, "properties": {"highway": "trunk", "lanes": "2", "lit": "no", "maxspeed": "50", "oneway": "yes", "ref": "IC 2;EN 1", "surface": "asphalt", "traffic_calming": "rumble_strip"}}, {"type": "Feature", "geometry": {"type": "LineString", "coordinates": [[-8.7479537, 39.7895569], [-8.7479027, 39.7896599], [-8.7478478, 39.7897764], [-8.7477874, 39.7899299], [-8.7477566, 39.7900124], [-8.7476989, 39.7901587], [-8.7476456, 39.7903272], [-8.7476409, 39.7904638]]}, "properties": {"highway": "trunk", "lanes": "1", "lit": "no", "maxspeed": "50", "oneway": "yes", "ref": "IC 2;EN 1", "surface": "asphalt"}}, {"type": "Feature", "geometry": {"type": "LineString", "coordinates": [[-8.74824, 39.7890907], [-8.7481857, 39.7891673], [-8.7481106, 39.7892828], [-8.7480462, 39.7893889], [-8.7480006, 39.7894693], [-8.7479537, 39.7895569]]}, "properties": {"highway": "trunk", "lanes": "2", "lit": "no", "maxspeed": "50", "oneway": "yes", "ref": "IC 2;EN 1", "surface": "asphalt", "turn:lanes": "none|merge_to_left"}}, {"type": "Feature", "geometry": {"type": "LineString", "coordinates": [[-8.7469203, 39.7932523], [-8.7470133, 39.7928825]]}, "properties": {"highway": "trunk", "lanes": "3", "lanes:backward": "1", "lanes:forward": "2", "lit": "no", "maxspeed": "80", "ref": "IC 2;EN 1", "surface": "asphalt"}}, {"type": "Feature", "geometry": {"type": "LineString", "coordinates": [[-8.7675387, 39.7716204], [-8.7675912, 39.7716107], [-8.7676395, 39.7715921], [-8.7676812, 39.7715658], [-8.7677142, 39.7715331], [-8.7677368, 39.7714956], [-8.767748, 39.7714551], [-8.7677471, 39.7714137], [-8.7677374, 39.7713805], [-8.76772, 39.7713493]]}, "properties": {"highway": "trunk", "junction": "roundabout", "lanes": "2", "lit": "yes", "maxspeed": "50", "old_ref": "EN 1", "ref": "IC 2;EN 1", "surface": "asphalt"}}, {"type": "Feature", "geometry": {"type": "LineString", "coordinates": [[-8.76772, 39.7713493], [-8.767689, 39.7713152], [-8.7676489, 39.7712873], [-8.7676016, 39.771267], [-8.7675498, 39.7712555], [-8.7674957, 39.771253]]}, "properties": {"highway": "trunk", "junction": "roundabout", "lanes": "2", "lit": "yes", "maxspeed": "50", "old_ref": "EN 1", "ref": "IC 2;EN 1", "surface": "asphalt"}}, {"type": "Feature", "geometry": {"type": "LineString", "coordinates": [[-8.7673035, 39.7715329], [-8.76733, 39.7715603], [-8.7673624, 39.7715835], [-8.7673999, 39.7716017], [-8.7674412, 39.7716143], [-8.7675387, 39.7716204]]}, "properties": {"highway": "trunk", "junction": "roundabout", "lanes": "2", "lit": "yes", "maxspeed": "50", "old_ref": "EN 1", "ref": "IC 2;EN 1", "surface": "asphalt"}}, {"type": "Feature", "geometry": {"type": "LineString", "coordinates": [[-8.7026828, 39.8545124], [-8.7027042, 39.8544011], [-8.7027729, 39.8541333], [-8.7027963, 39.8540533]]}, "properties": {"highway": "trunk", "lanes": "1", "lit": "no", "maxspeed": "50", "old_ref": "EN 1", "oneway": "yes", "ref": "IC 2;EN 1", "surface": "asphalt"}}, {"type": "Feature", "geometry": {"type": "LineString", "coordinates": [[-8.6770584, 39.8810799], [-8.6769543, 39.881162]]}, "properties": {"highway": "trunk", "lanes": "3", "lanes:backward": "1", "lanes:both_ways": "1", "lanes:forward": "1", "lit": "yes", "maxspeed": "60", "ref": "IC 2;EN 1", "smoothness": "good", "surface": "asphalt", "turn:lanes:backward": "left|through", "turn:lanes:forward": "left|through"}}, {"type": "Feature", "geometry": {"type": "LineString", "coordinates": [[-8.6771473, 39.8810079], [-8.6770584, 39.8810799]]}, "properties": {"highway": "trunk", "lanes": "3", "lanes:backward": "1", "lanes:both_ways": "1", "lanes:forward": "1", "lit": "yes", "maxspeed": "60", "ref": "IC 2;EN 1", "smoothness": "good", "surface": "asphalt", "turn:lanes:backward": "left|through", "turn:lanes:forward": "left|through"}}, {"type": "Feature", "geometry": {"type": "LineString", "coordinates": [[-8.722694, 39.8278383], [-8.7220381, 39.8287944]]}, "properties": {"highway": "trunk", "lanes": "2", "lit": "yes", "maxspeed": "50", "old_ref": "EN 1", "ref": "IC 2;EN 1", "smoothness": "good", "surface": "asphalt"}}, {"type": "Feature", "geometry": {"type": "LineString", "coordinates": [[-8.6286059, 39.9314866], [-8.6285536, 39.9316958], [-8.628518, 39.9318447]]}, "properties": {"highway": "trunk", "lanes": "1", "maxspeed": "60", "oneway": "yes", "ref": "IC 2;EN 1", "smoothness": "good", "surface": "asphalt", "turn:lanes": "through;slight_right"}}, {"type": "Feature", "geometry": {"type": "LineString", "coordinates": [[-8.628518, 39.9318447], [-8.6283626, 39.9324947]]}, "properties": {"highway": "trunk", "lanes": "2", "maxspeed": "60", "oneway": "yes", "ref": "IC 2;EN 1", "smoothness": "good", "surface": "asphalt", "turn:lanes": "through|slight_right"}}, {"type": "Feature", "geometry": {"type": "LineString", "coordinates": [[-8.9727202, 38.9889173], [-8.9727302, 38.9890513], [-8.9727405, 38.9891238], [-8.9727401, 38.9891964], [-8.9727191, 38.9893415], [-8.9726808, 38.9894825]]}, "properties": {"highway": "primary", "lanes": "1", "name": "Avenida Combatentes da Grande Guerra", "oneway": "yes", "ref": "EN 1", "surface": "asphalt"}}, {"type": "Feature", "geometry": {"type": "LineString", "coordinates": [[-8.9726808, 38.9894825], [-8.972476, 38.9899265]]}, "properties": {"highway": "primary", "lanes": "2", "name": "Avenida Combatentes da Grande Guerra", "oneway": "yes", "ref": "EN 1", "surface": "asphalt", "turn:lanes": "left|through"}}, {"type": "Feature", "geometry": {"type": "LineString", "coordinates": [[-8.9956372, 39.2093708], [-8.9952825, 39.2097013], [-8.9950426, 39.2099561]]}, "properties": {"highway": "primary", "lanes": "1", "oneway": "yes", "ref": "IC 2;EN 1", "surface": "asphalt"}}, {"type": "Feature", "geometry": {"type": "LineString", "coordinates": [[-8.9950426, 39.2099561], [-8.9946347, 39.2103174]]}, "properties": {"highway": "primary", "lanes": "2", "oneway": "yes", "ref": "IC 2;EN 1", "surface": "asphalt", "turn:lanes": "left|through"}}, {"type": "Feature", "geometry": {"type": "LineString", "coordinates": [[-8.9940143, 39.2108445], [-8.9943884, 39.210631]]}, "properties": {"highway": "primary", "lanes": "2", "oneway": "yes", "ref": "IC 2;EN 1", "surface": "asphalt", "turn:lanes": "through|slight_right"}}, {"type": "Feature", "geometry": {"type": "LineString", "coordinates": [[-8.9571438, 39.2244518], [-8.9573209, 39.2241145]]}, "properties": {"highway": "primary", "lanes": "2", "ref": "IC 2;EN 1", "surface": "asphalt"}}, {"type": "Feature", "geometry": {"type": "LineString", "coordinates": [[-8.9615428, 39.3838404], [-8.96158, 39.3838177], [-8.9616104, 39.3837897], [-8.9616379, 39.3837468], [-8.9616498, 39.3836999], [-8.9616451, 39.3836523], [-8.9616193, 39.3836004], [-8.9615742, 39.3835571]]}, "properties": {"highway": "trunk", "junction": "roundabout", "lanes": "1", "maxspeed": "50", "ref": "IC 2;EN 1", "surface": "asphalt"}}, {"type": "Feature", "geometry": {"type": "LineString", "coordinates": [[-8.4839966, 40.7784393], [-8.484495, 40.7773221], [-8.4847159, 40.7768271], [-8.4848076, 40.776548], [-8.4848429, 40.7762635], [-8.4848342, 40.7760224], [-8.4847114, 40.7755728], [-8.4846945, 40.7754925], [-8.4846377, 40.7752259], [-8.4845935, 40.7750696], [-8.484204, 40.7734978], [-8.4841954, 40.7734635], [-8.4838652, 40.7721473]]}, "properties": {"check_date:surface": "2023-02-20", "highway": "primary", "lanes": "2", "maxspeed": "50", "name": "Estrada Nacional 1", "old_name": "Estrada Nacional 1", "oneway": "no", "ref": "IC 2;EN 1", "source": "Bing", "surface": "asphalt"}}, {"type": "Feature", "geometry": {"type": "LineString", "coordinates": [[-8.4519789, 40.338937], [-8.4520044, 40.3390907], [-8.4522788, 40.3417712], [-8.4522873, 40.3418853], [-8.4522885, 40.3420051], [-8.4522899, 40.3420807], [-8.4522826, 40.3421667], [-8.4522712, 40.3422303]]}, "properties": {"highway": "trunk", "lanes": "3", "lit": "yes", "maxspeed": "70", "oneway": "no", "ref": "IC 2;EN 1", "sidewalk:both": "no", "surface": "asphalt"}}, {"type": "Feature", "geometry": {"type": "LineString", "coordinates": [[-8.4479525, 40.5722094], [-8.4479326, 40.5721114], [-8.4479656, 40.5720147]]}, "properties": {"highway": "primary", "name": "Rua Doutor Ferraz de Macedo", "oneway": "yes", "ref": "EN 1"}}, {"type": "Feature", "geometry": {"type": "LineString", "coordinates": [[-8.4478201, 40.5720673], [-8.4479068, 40.5721325], [-8.4479525, 40.5722094]]}, "properties": {"highway": "primary", "name": "Rua Doutor Ferraz de Macedo", "oneway": "yes", "ref": "EN 1"}}, {"type": "Feature", "geometry": {"type": "LineString", "coordinates": [[-8.4479688, 40.5719433], [-8.4479522, 40.5718558], [-8.4479486, 40.5717597]]}, "properties": {"highway": "primary", "name": "Rua Cab\u00eado e Lencastre", "oneway": "yes", "ref": "EN 1"}}, {"type": "Feature", "geometry": {"type": "LineString", "coordinates": [[-8.4815437, 40.7908915], [-8.4815878, 40.7908045], [-8.4816397, 40.7905298], [-8.4817013, 40.7901784], [-8.4817411, 40.7898589], [-8.481747, 40.7896854], [-8.4817486, 40.7894618], [-8.4817356, 40.7891715], [-8.4817272, 40.7890526], [-8.4817198, 40.7889588], [-8.4816695, 40.7883222], [-8.4816665, 40.7882528], [-8.4816597, 40.7881659], [-8.4816555, 40.7881122], [-8.4816452, 40.787967], [-8.4816029, 40.7874622], [-8.4815915, 40.7873723]]}, "properties": {"highway": "primary", "lanes": "1", "maxheight:signed": "no", "maxspeed": "50", "name": "Estrada Nacional 1", "old_name": "Estrada Nacional 1", "oneway": "yes", "ref": "IC 2;EN 1", "source": "Bing", "surface": "asphalt"}}, {"type": "Feature", "geometry": {"type": "LineString", "coordinates": [[-8.4827576, 40.7812461], [-8.4826873, 40.7813291], [-8.4822264, 40.7823595]]}, "properties": {"highway": "primary", "lanes": "1", "maxspeed": "50", "name": "Estrada Nacional 1", "old_name": "Estrada Nacional 1", "oneway": "yes", "ref": "IC 2;EN 1", "source": "Bing", "surface": "asphalt"}}, {"type": "Feature", "geometry": {"type": "LineString", "coordinates": [[-8.4817804, 40.7837015], [-8.4818316, 40.7835472], [-8.4818816, 40.7833913], [-8.4819189, 40.783275], [-8.4820154, 40.7830283], [-8.4821583, 40.7826957], [-8.4821965, 40.7826068], [-8.4823226, 40.7823276], [-8.4825143, 40.7818909], [-8.4827571, 40.7813466], [-8.4827576, 40.7812461]]}, "properties": {"highway": "primary", "lanes": "1", "maxspeed": "50", "name": "Estrada Nacional 1", "old_name": "Estrada Nacional 1", "oneway": "yes", "ref": "IC 2;EN 1", "surface": "asphalt"}}, {"type": "Feature", "geometry": {"type": "LineString", "coordinates": [[-8.4822264, 40.7823595], [-8.4821416, 40.7825491], [-8.4820311, 40.7827976], [-8.4820072, 40.7828516], [-8.4818869, 40.7831558], [-8.4818229, 40.7833336]]}, "properties": {"highway": "primary", "lanes": "1", "maxspeed": "50", "name": "Estrada Nacional 1", "old_name": "Estrada Nacional 1", "oneway": "yes", "ref": "IC 2;EN 1", "source": "Bing", "surface": "asphalt"}}, {"type": "Feature", "geometry": {"type": "LineString", "coordinates": [[-8.4806999, 40.7966305], [-8.4805791, 40.7963123], [-8.4804899, 40.7959862], [-8.4804809, 40.7959229], [-8.480458, 40.7957691], [-8.4804371, 40.7956284], [-8.4804267, 40.7953924], [-8.4804239, 40.7952679], [-8.4804274, 40.795027], [-8.4804334, 40.7949278], [-8.4804425, 40.7947772], [-8.4805006, 40.7944889], [-8.4805464, 40.7943233], [-8.4806554, 40.7939174], [-8.4809634, 40.7928823], [-8.4809951, 40.7927782], [-8.4814105, 40.7914119], [-8.4814849, 40.7911342], [-8.4815437, 40.7908915]]}, "properties": {"highway": "primary", "lanes": "2", "maxspeed": "50", "name": "Estrada Nacional 1", "old_name": "Estrada Nacional 1", "oneway": "no", "ref": "IC 2;EN 1", "source": "Bing", "surface": "asphalt"}}, {"type": "Feature", "geometry": {"type": "LineString", "coordinates": [[-8.4810753, 40.7998172], [-8.4812254, 40.7996231], [-8.4813226, 40.7993974], [-8.4813594, 40.7992863], [-8.4814009, 40.7991522], [-8.4814341, 40.798997], [-8.4814518, 40.7988227], [-8.4814556, 40.7986149], [-8.4814453, 40.7984348], [-8.4814438, 40.7984091], [-8.4814136, 40.7982479], [-8.4813724, 40.7980891], [-8.4813184, 40.7979392], [-8.4813, 40.797896], [-8.4812617, 40.7977933], [-8.4812479, 40.7977651]]}, "properties": {"highway": "primary", "lanes": "1", "maxspeed": "50", "name": "Estrada Nacional 1", "old_name": "Estrada Nacional 1", "oneway": "yes", "ref": "IC 2;EN 1", "source": "Bing", "surface": "asphalt"}}, {"type": "Feature", "geometry": {"type": "LineString", "coordinates": [[-8.4811512, 40.7977418], [-8.4811644, 40.7977696], [-8.4811806, 40.7978021], [-8.4811863, 40.7978147], [-8.481204, 40.7978521], [-8.4812291, 40.7979056], [-8.4812775, 40.7980549], [-8.4813093, 40.7981951], [-8.4813507, 40.7983993], [-8.4813706, 40.7985255], [-8.4813771, 40.7986468], [-8.4813741, 40.7987703], [-8.4813624, 40.7989183], [-8.481326, 40.7991018], [-8.4812733, 40.7992986], [-8.4812346, 40.7994157], [-8.4811376, 40.799643], [-8.4810753, 40.7998172]]}, "properties": {"highway": "primary", "lanes": "1", "maxspeed": "50", "name": "Estrada Nacional 1", "old_name": "Estrada Nacional 1", "oneway": "yes", "ref": "IC 2;EN 1", "surface": "asphalt"}}, {"type": "Feature", "geometry": {"type": "LineString", "coordinates": [[-8.4812479, 40.7977651], [-8.4812368, 40.7977389], [-8.4812265, 40.797714], [-8.4811441, 40.797535], [-8.4807775, 40.7967425], [-8.4806999, 40.7966305]]}, "properties": {"highway": "primary", "lanes": "1", "maxspeed": "50", "name": "Estrada Nacional 1", "old_name": "Estrada Nacional 1", "oneway": "yes", "ref": "IC 2;EN 1", "source": "Bing", "surface": "asphalt"}}, {"type": "Feature", "geometry": {"type": "LineString", "coordinates": [[-8.594021, 41.0915921], [-8.593974, 41.0915204], [-8.5939519, 41.0915008], [-8.5939191, 41.0914719], [-8.5938912, 41.0914473], [-8.5938808, 41.0914086], [-8.5938906, 41.0913618]]}, "properties": {"highway": "primary", "name": "Rua da Rechousa", "oneway": "yes", "ref": "EN 1"}}, {"type": "Feature", "geometry": {"type": "LineString", "coordinates": [[-8.5934851, 41.0910624], [-8.5935554, 41.0911638], [-8.5935785, 41.0911973], [-8.5935908, 41.0912287], [-8.5936078, 41.0913179]]}, "properties": {"highway": "primary", "lanes": "2", "name": "Rua da Rechousa", "oneway": "yes", "ref": "EN 1", "source": "BING", "surface": "asphalt"}}, {"type": "Feature", "geometry": {"type": "LineString", "coordinates": [[-8.5937214, 41.0912219], [-8.5936302, 41.0911739], [-8.5934851, 41.0910624]]}, "properties": {"highway": "primary", "name": "Rua da Rechousa", "oneway": "yes", "ref": "EN 1"}}, {"type": "Feature", "geometry": {"type": "LineString", "coordinates": [[-8.5173946, 40.0907733], [-8.517532, 40.0906323], [-8.5178835, 40.0902503], [-8.5180133, 40.0900798]]}, "properties": {"highway": "trunk", "lanes": "1", "maxspeed": "50", "oneway": "yes", "ref": "IC 2;EN 1", "surface": "asphalt"}}, {"type": "Feature", "geometry": {"type": "LineString", "coordinates": [[-8.4770529, 40.8034281], [-8.4771494, 40.8032522], [-8.4773562, 40.8029434], [-8.4775594, 40.8027107]]}, "properties": {"highway": "primary", "lanes": "3", "maxspeed": "50", "name": "Estrada Nacional 1", "old_name": "Estrada Nacional 1", "oneway": "no", "ref": "IC 2;EN 1", "source": "Bing", "surface": "asphalt"}}, {"type": "Feature", "geometry": {"type": "LineString", "coordinates": [[-8.476889, 40.8038411], [-8.476932, 40.8037087], [-8.4769876, 40.8035622], [-8.4770529, 40.8034281]]}, "properties": {"highway": "primary", "lanes": "3", "maxspeed": "50", "name": "Estrada Nacional 1", "old_name": "Estrada Nacional 1", "oneway": "no", "ref": "IC 2;EN 1", "source": "Bing", "surface": "asphalt"}}, {"type": "Feature", "geometry": {"type": "LineString", "coordinates": [[-8.4775594, 40.8027107], [-8.477746, 40.8025294], [-8.4779082, 40.8023916], [-8.4792013, 40.8014424]]}, "properties": {"highway": "primary", "lanes": "3", "maxspeed": "50", "name": "Estrada Nacional 1", "old_name": "Estrada Nacional 1", "oneway": "no", "ref": "IC 2;EN 1", "source": "Bing", "surface": "asphalt"}}, {"type": "Feature", "geometry": {"type": "LineString", "coordinates": [[-8.4792013, 40.8014424], [-8.4800148, 40.8008738]]}, "properties": {"highway": "primary", "lanes": "3", "maxspeed": "50", "name": "Estrada Nacional 1", "old_name": "Estrada Nacional 1", "oneway": "no", "ref": "IC 2;EN 1", "source": "Bing", "surface": "asphalt"}}, {"type": "Feature", "geometry": {"type": "LineString", "coordinates": [[-8.4800148, 40.8008738], [-8.4804375, 40.8005641]]}, "properties": {"highway": "primary", "lanes": "3", "maxspeed": "50", "name": "Estrada Nacional 1", "old_name": "Estrada Nacional 1", "oneway": "no", "ref": "IC 2;EN 1", "source": "Bing", "surface": "asphalt"}}, {"type": "Feature", "geometry": {"type": "LineString", "coordinates": [[-8.4804375, 40.8005641], [-8.4804995, 40.8005082], [-8.4806056, 40.800395], [-8.4807526, 40.8002448], [-8.4809097, 40.8000612], [-8.4809981, 40.7999392], [-8.4810753, 40.7998172]]}, "properties": {"highway": "primary", "lanes": "3", "maxspeed": "50", "name": "Estrada Nacional 1", "old_name": "Estrada Nacional 1", "oneway": "no", "ref": "IC 2;EN 1", "source": "Bing", "surface": "asphalt"}}, {"type": "Feature", "geometry": {"type": "LineString", "coordinates": [[-8.4870649, 40.8560422], [-8.4873397, 40.8557047], [-8.4874661, 40.8555475], [-8.48756, 40.8553965], [-8.4875776, 40.8552603], [-8.4875501, 40.8551251], [-8.487472, 40.8549931], [-8.4873301, 40.8548771]]}, "properties": {"highway": "primary", "lanes": "2", "name": "Rua Manuel Jos\u00e9 de Pinho Junior", "ref": "EN 1", "source": "bing", "surface": "asphalt"}}, {"type": "Feature", "geometry": {"type": "LineString", "coordinates": [[-8.4746529, 40.8415828], [-8.4745908, 40.8416173]]}, "properties": {"highway": "primary", "maxweight": "3.5", "name": "Rua Conde Santiago Lob\u00e3o", "oneway": "no", "ref": "EN 1"}}, {"type": "Feature", "geometry": {"type": "LineString", "coordinates": [[-8.4825771, 40.8290102], [-8.482665, 40.8290662]]}, "properties": {"highway": "primary", "name": "Rua Cipriano Nunes Martins", "oneway": "yes", "ref": "EN 1", "surface": "asphalt"}}, {"type": "Feature", "geometry": {"type": "LineString", "coordinates": [[-8.4827861, 40.7635508], [-8.4829231, 40.7632166]]}, "properties": {"highway": "primary", "lanes": "2", "maxspeed": "50", "old_name": "Estrada Nacional 1", "oneway": "no", "ref": "IC 2;EN 1", "source": "Bing", "surface": "asphalt"}}, {"type": "Feature", "geometry": {"type": "LineString", "coordinates": [[-8.4829231, 40.7632166], [-8.4830314, 40.762945], [-8.4831531, 40.7626507], [-8.4834099, 40.762021], [-8.4836956, 40.7613596], [-8.4838111, 40.7610758], [-8.483868, 40.7609361], [-8.4838966, 40.7608477], [-8.4839446, 40.760728], [-8.4839457, 40.7607251], [-8.4841299, 40.7602322], [-8.4844812, 40.7593403], [-8.4846183, 40.7589786], [-8.4847556, 40.7586523], [-8.4847658, 40.7586273], [-8.4850875, 40.7578764], [-8.4852295, 40.7575221]]}, "properties": {"highway": "primary", "lanes": "2", "maxspeed": "50", "old_name": "Estrada Nacional 1", "oneway": "no", "ref": "IC 2;EN 1", "source": "Bing", "surface": "asphalt"}}, {"type": "Feature", "geometry": {"type": "LineString", "coordinates": [[-8.4898581, 40.738525], [-8.4898339, 40.7384577], [-8.4898124, 40.7383944]]}, "properties": {"highway": "primary", "lanes": "2", "maxspeed": "50", "oneway": "no", "ref": "IC 2;EN 1", "surface": "asphalt"}}, {"type": "Feature", "geometry": {"type": "LineString", "coordinates": [[-8.4898124, 40.7383944], [-8.4897883, 40.7383418], [-8.4897642, 40.738288], [-8.4897333, 40.7382277], [-8.4897119, 40.7381923]]}, "properties": {"highway": "primary", "lanes": "2", "maxspeed": "50", "oneway": "no", "ref": "IC 2;EN 1", "surface": "asphalt"}}, {"type": "Feature", "geometry": {"type": "LineString", "coordinates": [[-8.4419182, 40.5012477], [-8.442037, 40.5009284], [-8.4427549, 40.4989487], [-8.4434573, 40.496943], [-8.4444884, 40.4940231], [-8.4458512, 40.4901067], [-8.4462582, 40.489052], [-8.4466069, 40.488061], [-8.4467595, 40.4877079], [-8.4469127, 40.4874295], [-8.44718, 40.4870242]]}, "properties": {"highway": "primary", "lanes": "2", "maxspeed": "90", "oneway": "no", "ref": "IC 2;EN 1", "surface": "asphalt"}}, {"type": "Feature", "geometry": {"type": "LineString", "coordinates": [[-8.4418521, 40.5015997], [-8.4418525, 40.5015631], [-8.4418612, 40.5015152], [-8.441874, 40.5014675]]}, "properties": {"highway": "primary", "lanes": "2", "maxspeed": "90", "oneway": "no", "ref": "IC 2;EN 1", "surface": "asphalt"}}, {"type": "Feature", "geometry": {"type": "LineString", "coordinates": [[-8.441874, 40.5014675], [-8.4419182, 40.5012477]]}, "properties": {"highway": "primary", "lanes": "2", "maxspeed": "90", "oneway": "no", "ref": "IC 2;EN 1", "surface": "asphalt"}}, {"type": "Feature", "geometry": {"type": "LineString", "coordinates": [[-8.4418733, 40.501833], [-8.4418546, 40.5016493], [-8.4418521, 40.5015997]]}, "properties": {"highway": "primary", "lanes": "2", "maxspeed": "90", "oneway": "no", "ref": "IC 2;EN 1", "surface": "asphalt"}}, {"type": "Feature", "geometry": {"type": "LineString", "coordinates": [[-8.4541925, 40.4561593], [-8.4541401, 40.4559761], [-8.4541066, 40.4558509]]}, "properties": {"highway": "primary", "lanes": "2", "maxspeed": "70", "oneway": "no", "ref": "IC 2;EN 1", "source": "Bing", "surface": "asphalt"}}, {"type": "Feature", "geometry": {"type": "LineString", "coordinates": [[-8.4541066, 40.4558509], [-8.4540991, 40.4558124]]}, "properties": {"highway": "primary", "lanes": "2", "maxspeed": "70", "oneway": "no", "ref": "IC 2;EN 1", "source": "Bing", "surface": "asphalt"}}, {"type": "Feature", "geometry": {"type": "LineString", "coordinates": [[-8.4540991, 40.4558124], [-8.4540502, 40.4555819]]}, "properties": {"highway": "primary", "lanes": "2", "maxspeed": "70", "oneway": "no", "ref": "IC 2;EN 1", "source": "Bing", "surface": "asphalt"}}, {"type": "Feature", "geometry": {"type": "LineString", "coordinates": [[-8.4540502, 40.4555819], [-8.4540169, 40.4553236], [-8.4540125, 40.4552972], [-8.4539359, 40.4548424]]}, "properties": {"highway": "primary", "lanes": "2", "maxspeed": "70", "oneway": "no", "ref": "IC 2;EN 1", "source": "Bing", "surface": "asphalt"}}, {"type": "Feature", "geometry": {"type": "LineString", "coordinates": [[-8.4503563, 40.3485554], [-8.4506824, 40.3489997], [-8.4511019, 40.3495379], [-8.4513985, 40.3499454], [-8.4515881, 40.3502474], [-8.451735, 40.3505316], [-8.4518676, 40.3508499]]}, "properties": {"highway": "trunk", "lanes": "3", "lit": "no", "maxspeed": "70", "oneway": "no", "ref": "IC 2;EN 1", "surface": "asphalt"}}, {"type": "Feature", "geometry": {"type": "LineString", "coordinates": [[-8.4503038, 40.3484749], [-8.4503563, 40.3485554]]}, "properties": {"highway": "trunk", "lanes": "2", "lit": "no", "maxspeed": "70", "oneway": "no", "ref": "IC 2;EN 1", "surface": "asphalt"}}, {"type": "Feature", "geometry": {"type": "LineString", "coordinates": [[-8.4499453, 40.3477384], [-8.4500505, 40.3480101], [-8.4501968, 40.3483], [-8.4503038, 40.3484749]]}, "properties": {"highway": "trunk", "lanes": "3", "lit": "no", "maxspeed": "70", "oneway": "no", "ref": "IC 2;EN 1", "surface": "asphalt"}}, {"type": "Feature", "geometry": {"type": "LineString", "coordinates": [[-8.4506464, 40.3133882], [-8.4511918, 40.3151186], [-8.4513412, 40.3155459], [-8.4514883, 40.315936], [-8.4516373, 40.316248], [-8.4517876, 40.3165407], [-8.4519294, 40.3168096], [-8.4520799, 40.317081], [-8.4522335, 40.3173158], [-8.4523773, 40.3175147], [-8.4525126, 40.3176873], [-8.4533925, 40.3187954], [-8.4541058, 40.3197689], [-8.4546114, 40.3205196]]}, "properties": {"highway": "trunk", "lanes": "2", "lit": "no", "maxspeed": "50", "oneway": "no", "ref": "IC 2;EN 1", "surface": "asphalt"}}, {"type": "Feature", "geometry": {"type": "LineString", "coordinates": [[-8.4501327, 40.3115146], [-8.4499988, 40.3112047]]}, "properties": {"highway": "trunk", "lanes": "1", "lit": "no", "maxspeed": "50", "oneway": "yes", "ref": "IC 2;EN 1", "sidewalk:both": "no", "surface": "asphalt"}}, {"type": "Feature", "geometry": {"type": "LineString", "coordinates": [[-9.0033792, 39.0510262], [-9.0035227, 39.0511432]]}, "properties": {"highway": "primary", "lanes": "2", "oneway": "yes", "ref": "EN 1", "surface": "asphalt", "turn:lanes": "left|through"}}, {"type": "Feature", "geometry": {"type": "LineString", "coordinates": [[-9.0030805, 39.0507318], [-9.003218, 39.0508711]]}, "properties": {"highway": "primary", "lanes": "2", "name": "Rua Gago Coutinho", "oneway": "yes", "ref": "EN 1", "surface": "asphalt", "turn:lanes": "left|through;right"}}, {"type": "Feature", "geometry": {"type": "LineString", "coordinates": [[-9.0032528, 39.050817], [-9.0030805, 39.0507318]]}, "properties": {"highway": "primary", "lanes": "1", "name": "Rua Gago Coutinho", "oneway": "yes", "ref": "EN 1", "surface": "asphalt"}}, {"type": "Feature", "geometry": {"type": "LineString", "coordinates": [[-9.0034297, 39.0509821], [-9.0033375, 39.0508961], [-9.0032528, 39.050817]]}, "properties": {"bridge": "yes", "highway": "primary", "lanes": "1", "layer": "1", "name": "Ponte de Santa Catarina", "oneway": "yes", "ref": "EN 1", "surface": "asphalt"}}, {"type": "Feature", "geometry": {"type": "LineString", "coordinates": [[-9.0035227, 39.0511432], [-9.0034618, 39.0510148]]}, "properties": {"highway": "primary", "lanes": "1", "oneway": "yes", "ref": "EN 1", "surface": "asphalt"}}, {"type": "Feature", "geometry": {"type": "LineString", "coordinates": [[-9.0075899, 39.0532246], [-9.0074204, 39.0534423], [-9.0071783, 39.0537225], [-9.0067671, 39.0541941], [-9.0058301, 39.0552798], [-9.0056106, 39.0555314], [-9.0055076, 39.0556231], [-9.005388, 39.0557108], [-9.0052314, 39.0558021], [-9.0049464, 39.0559095], [-9.0046077, 39.0560405], [-9.0044789, 39.0561014], [-9.0043495, 39.0561782], [-9.0042219, 39.0562728], [-9.0041092, 39.0563745], [-9.0040246, 39.0564666], [-9.0039238, 39.0565792], [-9.0038407, 39.0566999], [-9.0037632, 39.0568281], [-9.003728, 39.0569154], [-9.0037033, 39.0570081], [-9.0036776, 39.0571205], [-9.0036333, 39.0573507], [-9.0036048, 39.0574506], [-9.003556, 39.0575669], [-9.0034932, 39.0576805], [-9.0032911, 39.0579661], [-9.0032, 39.0580928], [-9.0031217, 39.0582306], [-9.0030906, 39.0583171], [-9.003084, 39.0584159], [-9.0030844, 39.0585262], [-9.0031183, 39.0586406], [-9.0032027, 39.058796], [-9.0032842, 39.0589133], [-9.0033301, 39.0589794], [-9.0034419, 39.0591627], [-9.0034705, 39.0592574], [-9.0034938, 39.0593603], [-9.0034909, 39.0594425], [-9.0034716, 39.0595269], [-9.0034267, 39.05964], [-9.0033608, 39.0597449], [-9.0025709, 39.0608154], [-9.002526, 39.0609052], [-9.0024057, 39.0611276], [-9.0022425, 39.0614769], [-9.0021751, 39.0616291], [-9.0017508, 39.0626382], [-9.0015105, 39.0633047], [-9.0013045, 39.0639111], [-9.0012086, 39.0641769], [-9.0010694, 39.0644058], [-9.0006838, 39.0649214], [-9.0004276, 39.0652648]]}, "properties": {"highway": "primary", "lanes": "2", "ref": "EN 1", "surface": "asphalt"}}, {"type": "Feature", "geometry": {"type": "LineString", "coordinates": [[-9.0034618, 39.0510148], [-9.0034297, 39.0509821]]}, "properties": {"highway": "primary", "lanes": "1", "oneway": "yes", "ref": "EN 1", "surface": "asphalt"}}, {"type": "Feature", "geometry": {"type": "LineString", "coordinates": [[-8.9958073, 39.0494926], [-8.9960217, 39.049464]]}, "properties": {"highway": "primary", "oneway": "yes", "ref": "EN 1"}}, {"type": "Feature", "geometry": {"type": "LineString", "coordinates": [[-8.9957492, 39.0494226], [-8.995471, 39.0494571]]}, "properties": {"highway": "primary", "lanes": "1", "oneway": "yes", "ref": "EN 1", "surface": "asphalt"}}, {"type": "Feature", "geometry": {"type": "LineString", "coordinates": [[-8.995471, 39.0494571], [-8.9949475, 39.0495349], [-8.9947985, 39.0495519], [-8.9946723, 39.0495539], [-8.9945498, 39.0495378], [-8.9944322, 39.0494935]]}, "properties": {"highway": "primary", "lanes": "1", "oneway": "yes", "ref": "EN 1", "surface": "asphalt"}}, {"type": "Feature", "geometry": {"type": "LineString", "coordinates": [[-8.9960217, 39.049464], [-8.9963334, 39.0494221], [-8.9967691, 39.049402]]}, "properties": {"highway": "primary", "lanes": "1", "oneway": "yes", "ref": "EN 1", "surface": "asphalt"}}, {"type": "Feature", "geometry": {"type": "LineString", "coordinates": [[-8.9954519, 39.0495487], [-8.9958073, 39.0494926]]}, "properties": {"highway": "primary", "lanes": "1", "oneway": "yes", "ref": "EN 1", "surface": "asphalt"}}, {"type": "Feature", "geometry": {"type": "LineString", "coordinates": [[-8.994478, 39.0498193], [-8.9945939, 39.0497486], [-8.9946915, 39.0497016], [-8.994822, 39.0496641]]}, "properties": {"highway": "primary", "lanes": "1", "oneway": "yes", "ref": "EN 1", "surface": "asphalt"}}, {"type": "Feature", "geometry": {"type": "LineString", "coordinates": [[-8.603041, 41.1039299], [-8.6029387, 41.1041485], [-8.6029007, 41.1042147], [-8.6028436, 41.1043077]]}, "properties": {"access": "yes", "bicycle": "yes", "bus:lanes:backward": "designated|yes|yes", "cycleway": "no", "foot": "yes", "highway": "primary", "lanes": "3", "lanes:backward": "2", "lanes:forward": "1", "lit": "yes", "maxspeed": "40", "name": "Rua do Alto das Torres", "oneway": "no", "ref": "EN 1", "sidewalk": "both", "source": "BING", "surface": "asphalt", "vehicle:lanes:backward": "no|yes|yes"}}, {"type": "Feature", "geometry": {"type": "LineString", "coordinates": [[-8.6024891, 41.1062126], [-8.6024554, 41.1060953], [-8.6024465, 41.1060619], [-8.6023859, 41.1058507]]}, "properties": {"access": "yes", "bicycle": "yes", "cycleway": "no", "highway": "primary", "lanes": "2", "lit": "yes", "maxheight": "none", "maxspeed": "50", "name": "Rua Fonte dos Arrependidos", "oneway": "no", "ref": "EN 1", "sidewalk": "both", "surface": "asphalt"}}, {"type": "Feature", "geometry": {"type": "LineString", "coordinates": [[-8.4377114, 40.2074626], [-8.4377459, 40.2074527], [-8.4377674, 40.2074415], [-8.4377922, 40.2074203], [-8.4378091, 40.2073922], [-8.4378082, 40.2073351], [-8.4374654, 40.2068494], [-8.4374301, 40.2068013], [-8.4374135, 40.2067888], [-8.4373931, 40.2067782], [-8.4373806, 40.2067749], [-8.4373493, 40.2067666], [-8.4372911, 40.2067693], [-8.4372493, 40.206785], [-8.4372068, 40.2068245], [-8.4371943, 40.2068672], [-8.4372171, 40.2069276], [-8.4375377, 40.2073652], [-8.4375634, 40.2074056], [-8.4376002, 40.2074424], [-8.4376444, 40.2074605], [-8.4376749, 40.2074647], [-8.4377114, 40.2074626]]}, "properties": {"highway": "primary", "junction": "roundabout", "lanes": "2", "lit": "yes", "maxspeed:type": "PT:urban", "name": "Rotunda da Guarda Inglesa", "ref": "EN 1", "sidewalk": "right", "surface": "asphalt"}}, {"type": "Feature", "geometry": {"type": "LineString", "coordinates": [[-8.5037358, 40.9280014], [-8.5036936, 40.9273984], [-8.5036038, 40.9269438]]}, "properties": {"highway": "trunk", "lanes": "2", "maxspeed": "70", "name": "Rua da Meia L\u00e9gua", "oneway": "yes", "ref": "IC 2;EN 1", "surface": "asphalt", "toll": "no"}}, {"type": "Feature", "geometry": {"type": "LineString", "coordinates": [[-8.5554859, 41.0098301], [-8.555406, 41.0097996], [-8.5552854, 41.0097817]]}, "properties": {"alt_name": "Rua da Estrada Nacional N.\u00ba 1;Estrada Nacional N\u00ba1;Rua da Estrada Nacional N\u00famero 1;Rua EN1;EN1;Estrada Nacional 1", "highway": "primary", "junction": "roundabout", "lanes": "3", "name": "Rua Estrada Nacional N\u00ba 1", "note": "mesmo tendo oficialmente sido alterada para IC2, ainda \u00e9 referida nas placas no terreno como N1 por isso a ref principal deve levar ambas as refer\u00eancias", "old_ref": "EN 1", "ref": "EN 1", "ref:official": "IC 2", "source": "BING", "surface": "asphalt"}}, {"type": "Feature", "geometry": {"type": "LineString", "coordinates": [[-8.5555109, 41.0103009], [-8.5555945, 41.010232], [-8.555645, 41.0101467], [-8.5556575, 41.0100617]]}, "properties": {"alt_name": "Rua da Estrada Nacional N.\u00ba 1;Estrada Nacional N\u00ba1;Rua da Estrada Nacional N\u00famero 1;Rua EN1;EN1;Estrada Nacional 1", "highway": "primary", "junction": "roundabout", "lanes": "3", "name": "Rua Estrada Nacional N\u00ba 1", "note": "mesmo tendo oficialmente sido alterada para IC2, ainda \u00e9 referida nas placas no terreno como N1 por isso a ref principal deve levar ambas as refer\u00eancias", "old_ref": "EN 1", "ref": "EN 1", "ref:official": "IC 2", "source": "BING", "surface": "asphalt"}}, {"type": "Feature", "geometry": {"type": "LineString", "coordinates": [[-8.5754164, 41.066326], [-8.5753105, 41.0662542]]}, "properties": {"highway": "primary", "lanes": "1", "lit": "yes", "maxspeed": "50", "name": "Avenida Doutor Moreira de Sousa", "oneway": "yes", "ref": "EN 1", "surface": "asphalt"}}, {"type": "Feature", "geometry": {"type": "LineString", "coordinates": [[-8.4774768, 40.8524524], [-8.4774138, 40.8523467]]}, "properties": {"highway": "primary", "lanes": "1", "name": "Rua Tom\u00e1s Figueiredo de Ara\u00fajo Costa", "oneway": "yes", "ref": "EN 1", "source": "Bing", "surface": "asphalt"}}, {"type": "Feature", "geometry": {"type": "LineString", "coordinates": [[-8.4772926, 40.8523914], [-8.4774768, 40.8524524]]}, "properties": {"highway": "primary", "lanes": "1", "name": "Rua Tom\u00e1s Figueiredo de Ara\u00fajo Costa", "oneway": "yes", "ref": "EN 1", "source": "Bing", "surface": "asphalt"}}, {"type": "Feature", "geometry": {"type": "LineString", "coordinates": [[-8.4770136, 40.8522645], [-8.47723, 40.8523663]]}, "properties": {"highway": "primary", "lanes": "1", "name": "Rua Frei Caetano Brand\u00e3o", "oneway": "yes", "ref": "EN 1", "source": "Bing", "surface": "asphalt"}}, {"type": "Feature", "geometry": {"type": "LineString", "coordinates": [[-8.4772112, 40.8522653], [-8.4770136, 40.8522645]]}, "properties": {"highway": "primary", "lanes": "1", "name": "Rua Frei Caetano Brand\u00e3o", "oneway": "yes", "ref": "EN 1", "source": "Bing", "surface": "asphalt"}}, {"type": "Feature", "geometry": {"type": "LineString", "coordinates": [[-8.4790042, 40.8934795], [-8.4789495, 40.89341]]}, "properties": {"change:lanes": "no|no", "highway": "trunk", "lanes": "2", "oneway": "yes", "ref": "IC 2;EN 1", "surface": "asphalt", "toll": "no"}}, {"type": "Feature", "geometry": {"type": "LineString", "coordinates": [[-8.4791659, 40.8938947], [-8.479283, 40.8940469]]}, "properties": {"change:lanes": "no|no", "highway": "trunk", "lanes": "2", "oneway": "yes", "ref": "IC 2;EN 1", "surface": "asphalt", "toll": "no"}}, {"type": "Feature", "geometry": {"type": "LineString", "coordinates": [[-8.9705555, 39.0049794], [-8.9705609, 39.0046376], [-8.9705662, 39.0045198], [-8.9706601, 39.0041645], [-8.9706955, 39.0040298], [-8.9707527, 39.0038122], [-8.9708076, 39.0035704], [-8.9708937, 39.0031816]]}, "properties": {"highway": "primary", "name": "Avenida do Marco da VI L\u00e9gua", "oneway": "yes", "ref": "EN 1", "surface": "asphalt"}}, {"type": "Feature", "geometry": {"type": "LineString", "coordinates": [[-8.9708937, 39.0031816], [-8.9707071, 39.0036767], [-8.9706306, 39.0039248], [-8.9705923, 39.004046]]}, "properties": {"highway": "primary", "name": "Avenida do Marco da VI L\u00e9gua", "oneway": "yes", "ref": "EN 1", "surface": "asphalt"}}, {"type": "Feature", "geometry": {"type": "LineString", "coordinates": [[-8.9706473, 39.005569], [-8.9706145, 39.0054109], [-8.9705769, 39.0052152], [-8.9705555, 39.0049794]]}, "properties": {"highway": "primary", "lanes": "2", "name": "Avenida do Marco da VI L\u00e9gua", "ref": "EN 1", "surface": "asphalt"}}, {"type": "Feature", "geometry": {"type": "LineString", "coordinates": [[-8.9705923, 39.004046], [-8.9705569, 39.0041582], [-8.9705193, 39.0042942], [-8.9704771, 39.0044203], [-8.9704737, 39.0044964], [-8.9704784, 39.0045751], [-8.9704844, 39.0046376], [-8.9705555, 39.0049794]]}, "properties": {"highway": "primary", "name": "Avenida do Marco da VI L\u00e9gua", "oneway": "yes", "ref": "EN 1", "surface": "asphalt"}}, {"type": "Feature", "geometry": {"type": "LineString", "coordinates": [[-8.5381085, 40.9675564], [-8.5381246, 40.9676522]]}, "properties": {"highway": "primary", "lanes": "2", "lit": "yes", "maxspeed": "50", "name": "Rua do Areal", "oneway": "no", "ref": "EN 1", "surface": "asphalt"}}, {"type": "Feature", "geometry": {"type": "LineString", "coordinates": [[-28.0059953, 39.0859186], [-28.0059884, 39.0858681], [-28.0059827, 39.0857957], [-28.0059829, 39.0857534]]}, "properties": {"highway": "primary", "name": "Rua Marquez de Pombal", "oneway": "yes", "ref": "EN 1", "surface": "sett"}}, {"type": "Feature", "geometry": {"type": "LineString", "coordinates": [[-28.0058216, 39.0856653], [-28.0057668, 39.0855877]]}, "properties": {"highway": "primary", "name": "Rua Marquez de Pombal", "ref": "EN 1", "surface": "asphalt"}}, {"type": "Feature", "geometry": {"type": "LineString", "coordinates": [[-28.0051498, 39.0849026], [-28.0050391, 39.0848883], [-28.0049315, 39.0848465], [-28.0044881, 39.0846596], [-28.0043709, 39.0846325], [-28.0042885, 39.0846493]]}, "properties": {"highway": "primary", "name": "Rua Marquez de Pombal", "ref": "EN 1", "surface": "asphalt"}}, {"type": "Feature", "geometry": {"type": "LineString", "coordinates": [[-28.0058714, 39.0857874], [-28.0059183, 39.0858278], [-28.0059582, 39.085873], [-28.0059953, 39.0859186]]}, "properties": {"highway": "primary", "name": "Rua Marquez de Pombal", "oneway": "yes", "ref": "EN 1", "surface": "sett"}}, {"type": "Feature", "geometry": {"type": "LineString", "coordinates": [[-8.9717764, 39.014549], [-8.9718072, 39.0145904], [-8.9718563, 39.0146191], [-8.9719158, 39.014631]]}, "properties": {"highway": "primary", "junction": "roundabout", "lanes": "2", "ref": "EN 1", "surface": "asphalt"}}, {"type": "Feature", "geometry": {"type": "LineString", "coordinates": [[-8.9718214, 39.0144185], [-8.9717842, 39.0144562]]}, "properties": {"highway": "primary", "junction": "roundabout", "lanes": "2", "ref": "EN 1", "surface": "asphalt"}}, {"type": "Feature", "geometry": {"type": "LineString", "coordinates": [[-8.9719601, 39.014392], [-8.9718866, 39.0143922], [-8.9718214, 39.0144185]]}, "properties": {"highway": "primary", "junction": "roundabout", "lanes": "2", "ref": "EN 1", "surface": "asphalt"}}, {"type": "Feature", "geometry": {"type": "LineString", "coordinates": [[-8.9719158, 39.014631], [-8.9719866, 39.0146209], [-8.9720439, 39.0145872]]}, "properties": {"highway": "primary", "junction": "roundabout", "lanes": "2", "ref": "EN 1", "surface": "asphalt"}}, {"type": "Feature", "geometry": {"type": "LineString", "coordinates": [[-8.972009, 39.0147707], [-8.9720439, 39.0145872]]}, "properties": {"highway": "primary", "lanes": "2", "oneway": "yes", "ref": "EN 1", "surface": "asphalt"}}, {"type": "Feature", "geometry": {"type": "LineString", "coordinates": [[-8.9719601, 39.014392], [-8.9717833, 39.0142492]]}, "properties": {"highway": "primary", "lanes": "2", "name": "Avenida Monte dos Castelinhos", "oneway": "yes", "ref": "EN 1", "surface": "asphalt"}}, {"type": "Feature", "geometry": {"type": "LineString", "coordinates": [[-8.9717833, 39.0142492], [-8.9718214, 39.0144185]]}, "properties": {"highway": "primary", "lanes": "2", "name": "Avenida Monte dos Castelinhos", "oneway": "yes", "ref": "EN 1", "surface": "asphalt"}}, {"type": "Feature", "geometry": {"type": "LineString", "coordinates": [[-8.9719158, 39.014631], [-8.972009, 39.0147707]]}, "properties": {"highway": "primary", "lanes": "2", "oneway": "yes", "ref": "EN 1", "surface": "asphalt"}}, {"type": "Feature", "geometry": {"type": "LineString", "coordinates": [[-8.9720439, 39.0145872], [-8.9720672, 39.0145577], [-8.9720774, 39.0144888], [-8.9720375, 39.0144267], [-8.9719601, 39.014392]]}, "properties": {"highway": "primary", "junction": "roundabout", "lanes": "2", "ref": "EN 1", "surface": "asphalt"}}, {"type": "Feature", "geometry": {"type": "LineString", "coordinates": [[-8.978926, 39.0242412], [-8.9790404, 39.0243889], [-8.9791083, 39.0244745], [-8.9793447, 39.0249077], [-8.9793796, 39.0249715], [-8.979539, 39.0252636]]}, "properties": {"highway": "primary", "lanes": "2", "maxspeed": "50", "ref": "EN 1", "surface": "asphalt"}}, {"type": "Feature", "geometry": {"type": "LineString", "coordinates": [[-8.9720116, 39.0147648], [-8.972009, 39.0147707]]}, "properties": {"highway": "primary", "lanes": "2", "ref": "EN 1", "surface": "asphalt"}}, {"type": "Feature", "geometry": {"type": "LineString", "coordinates": [[-8.9813025, 39.0335164], [-8.9813277, 39.033461], [-8.9813313, 39.0333961], [-8.981309, 39.0333336], [-8.9812631, 39.0332793], [-8.9812002, 39.0332397]]}, "properties": {"highway": "primary", "junction": "roundabout", "maxspeed": "50", "ref": "EN 1", "surface": "asphalt"}}, {"type": "Feature", "geometry": {"type": "LineString", "coordinates": [[-8.9809739, 39.0336164], [-8.9810491, 39.0336282], [-8.9811255, 39.033623], [-8.981197, 39.0336013], [-8.9812576, 39.0335648], [-8.9813025, 39.0335164]]}, "properties": {"highway": "primary", "junction": "roundabout", "maxspeed": "50", "ref": "EN 1", "surface": "asphalt"}}, {"type": "Feature", "geometry": {"type": "LineString", "coordinates": [[-8.9808612, 39.0332745], [-8.9808143, 39.0333196]]}, "properties": {"highway": "primary", "junction": "roundabout", "maxspeed": "50", "ref": "EN 1", "surface": "asphalt"}}, {"type": "Feature", "geometry": {"type": "LineString", "coordinates": [[-8.9812002, 39.0332397], [-8.9811268, 39.0332168], [-8.981048, 39.0332114], [-8.9809707, 39.0332241], [-8.9808612, 39.0332745]]}, "properties": {"highway": "primary", "junction": "roundabout", "maxspeed": "50", "ref": "EN 1", "surface": "asphalt"}}, {"type": "Feature", "geometry": {"type": "LineString", "coordinates": [[-8.9803728, 39.0291733], [-8.9803419, 39.0291716], [-8.9802786, 39.0291847], [-8.9802311, 39.0292084], [-8.9801942, 39.0292415]]}, "properties": {"highway": "primary", "junction": "roundabout", "ref": "EN 1", "surface": "asphalt"}}, {"type": "Feature", "geometry": {"type": "LineString", "coordinates": [[-8.9801939, 39.0294069], [-8.98023, 39.0294396], [-8.9802766, 39.0294633], [-8.9803399, 39.029477], [-8.9803767, 39.0294751]]}, "properties": {"highway": "primary", "junction": "roundabout", "ref": "EN 1", "surface": "asphalt"}}, {"type": "Feature", "geometry": {"type": "LineString", "coordinates": [[-8.9801942, 39.0292415], [-8.9801708, 39.0292814], [-8.9801629, 39.0293248], [-8.9801709, 39.0293675], [-8.9801939, 39.0294069]]}, "properties": {"highway": "primary", "junction": "roundabout", "ref": "EN 1", "surface": "asphalt"}}, {"type": "Feature", "geometry": {"type": "LineString", "coordinates": [[-8.9802535, 39.0296803], [-8.9802866, 39.0296035], [-8.9803161, 39.029554], [-8.9803459, 39.0295115], [-8.9803767, 39.0294751]]}, "properties": {"highway": "primary", "lanes": "2", "oneway": "yes", "ref": "EN 1", "surface": "asphalt"}}, {"type": "Feature", "geometry": {"type": "LineString", "coordinates": [[-8.9801939, 39.0294069], [-8.9802058, 39.0294972], [-8.9802336, 39.0296267], [-8.9802535, 39.0296803]]}, "properties": {"highway": "primary", "lanes": "2", "oneway": "yes", "ref": "EN 1", "surface": "asphalt"}}, {"type": "Feature", "geometry": {"type": "LineString", "coordinates": [[-8.9802223, 39.0289602], [-8.9802041, 39.0290133], [-8.9802088, 39.0291071], [-8.9802014, 39.0291649], [-8.9801942, 39.0292415]]}, "properties": {"highway": "primary", "lanes": "2", "maxspeed": "50", "oneway": "yes", "ref": "EN 1", "surface": "asphalt"}}, {"type": "Feature", "geometry": {"type": "LineString", "coordinates": [[-8.9803728, 39.0291733], [-8.980308, 39.0291164], [-8.9802698, 39.0290539], [-8.9802437, 39.0289919], [-8.9802223, 39.0289602]]}, "properties": {"highway": "primary", "lanes": "2", "maxspeed": "50", "oneway": "yes", "ref": "EN 1", "surface": "asphalt"}}, {"type": "Feature", "geometry": {"type": "LineString", "coordinates": [[-8.9799734, 39.0264009], [-8.9800217, 39.026408], [-8.9800705, 39.0264033], [-8.9800986, 39.0263931]]}, "properties": {"highway": "primary", "junction": "roundabout", "ref": "EN 1", "surface": "asphalt"}}, {"type": "Feature", "geometry": {"type": "LineString", "coordinates": [[-8.9799011, 39.0262112], [-8.9798778, 39.0262448], [-8.9798689, 39.0262824], [-8.9798753, 39.0263202], [-8.9798965, 39.0263547], [-8.9799302, 39.0263825], [-8.9799734, 39.0264009]]}, "properties": {"highway": "primary", "junction": "roundabout", "ref": "EN 1", "surface": "asphalt"}}, {"type": "Feature", "geometry": {"type": "LineString", "coordinates": [[-8.9800132, 39.0261646], [-8.9799815, 39.0261679], [-8.9799366, 39.0261847], [-8.9799011, 39.0262112]]}, "properties": {"highway": "primary", "junction": "roundabout", "ref": "EN 1", "surface": "asphalt"}}, {"type": "Feature", "geometry": {"type": "LineString", "coordinates": [[-8.9800356, 39.0265606], [-8.9800599, 39.0265134], [-8.98007, 39.0264702], [-8.9800894, 39.0264254], [-8.9800986, 39.0263931]]}, "properties": {"highway": "primary", "lanes": "2", "maxspeed": "50", "oneway": "yes", "ref": "EN 1", "surface": "asphalt"}}, {"type": "Feature", "geometry": {"type": "LineString", "coordinates": [[-8.9799734, 39.0264009], [-8.9799929, 39.0264395], [-8.980013, 39.0264916], [-8.9800356, 39.0265606]]}, "properties": {"highway": "primary", "lanes": "2", "maxspeed": "50", "oneway": "yes", "ref": "EN 1", "surface": "asphalt"}}, {"type": "Feature", "geometry": {"type": "LineString", "coordinates": [[-8.9798588, 39.0260076], [-8.9798936, 39.0261155], [-8.9798997, 39.0261884], [-8.9799011, 39.0262112]]}, "properties": {"highway": "primary", "lanes": "2", "maxspeed": "50", "oneway": "yes", "ref": "EN 1", "surface": "asphalt"}}, {"type": "Feature", "geometry": {"type": "LineString", "coordinates": [[-8.9800132, 39.0261646], [-8.9799714, 39.0261326], [-8.9799178, 39.0260654], [-8.9798588, 39.0260076]]}, "properties": {"highway": "primary", "lanes": "2", "maxspeed": "50", "oneway": "yes", "ref": "EN 1", "surface": "asphalt"}}, {"type": "Feature", "geometry": {"type": "LineString", "coordinates": [[-8.979539, 39.0252636], [-8.9797519, 39.0256979], [-8.979814, 39.0259204], [-8.9798438, 39.0259757], [-8.9798588, 39.0260076]]}, "properties": {"highway": "primary", "lanes": "2", "maxspeed": "50", "ref": "EN 1", "surface": "asphalt"}}, {"type": "Feature", "geometry": {"type": "LineString", "coordinates": [[-8.741938, 39.8068752], [-8.7419748, 39.8071403], [-8.7419851, 39.8072939], [-8.7419871, 39.807414], [-8.7419802, 39.8075417], [-8.7419592, 39.8076707]]}, "properties": {"highway": "trunk", "lanes": "1", "lit": "no", "maxspeed": "80", "oneway": "yes", "ref": "IC 2;EN 1", "smoothness": "excellent", "surface": "asphalt"}}, {"type": "Feature", "geometry": {"type": "LineString", "coordinates": [[-8.5037609, 40.9281864], [-8.503815, 40.9286758], [-8.5038818, 40.9293001]]}, "properties": {"highway": "primary", "lanes": "3", "lanes:backward": "1", "lanes:forward": "2", "maxspeed": "50", "name": "Rua da Meia L\u00e9gua", "oneway": "no", "ref": "EN 1", "surface": "asphalt", "turn:lanes:backward": "through;slight_right", "turn:lanes:forward": "through|slight_left"}}, {"type": "Feature", "geometry": {"type": "LineString", "coordinates": [[-8.5037358, 40.9280014], [-8.5037609, 40.9281864]]}, "properties": {"highway": "primary", "lanes": "4", "lanes:backward": "2", "lanes:forward": "2", "maxspeed": "50", "name": "Rua da Meia L\u00e9gua", "oneway": "no", "ref": "EN 1", "surface": "asphalt", "turn:lanes:forward": "through|slight_left"}}, {"type": "Feature", "geometry": {"type": "LineString", "coordinates": [[-8.5083282, 40.9412792], [-8.5086467, 40.9426434], [-8.5087112, 40.9428881], [-8.5087879, 40.9432106], [-8.5088469, 40.9434493], [-8.5088702, 40.9435336], [-8.5088951, 40.9436117], [-8.5089242, 40.943687], [-8.5089645, 40.9437721], [-8.508992, 40.9438216]]}, "properties": {"alt_name": "Rua da Estrada Nacional N\u00ba 1;Rua da Malaposta;Estrada Nacional 1;EN1;EN 1", "highway": "primary", "lanes": "2", "maxspeed": "50", "name": "Rua da Estrada Nacional N\u00famero 1", "note": "nome desta estrada confirmado no extremo sul na fronteira com Escap\u00e3es", "oneway": "no", "ref": "EN 1", "smoothness": "good", "surface": "asphalt"}}, {"type": "Feature", "geometry": {"type": "LineString", "coordinates": [[-8.5081052, 40.9403195], [-8.5082916, 40.9411346], [-8.5083282, 40.9412792]]}, "properties": {"highway": "primary", "lanes": "2", "maxspeed": "50", "name": "Rua da Meia L\u00e9gua", "oneway": "no", "ref": "EN 1", "surface": "asphalt"}}, {"type": "Feature", "geometry": {"type": "LineString", "coordinates": [[-8.5152185, 40.9510779], [-8.5156017, 40.9512425], [-8.5158282, 40.9513185], [-8.5159253, 40.9513511], [-8.5162015, 40.951406], [-8.5162832, 40.9514222], [-8.5165512, 40.9514595], [-8.516574, 40.9514627]]}, "properties": {"alt_name": "Rua da Estrada Nacional N\u00ba 1", "highway": "primary", "lanes": "2", "lit": "yes", "maxspeed": "50", "name": "Rua da Malaposta", "oneway": "no", "ref": "EN 1", "surface": "asphalt"}}, {"type": "Feature", "geometry": {"type": "LineString", "coordinates": [[-8.5108445, 40.9466348], [-8.5110603, 40.9469668], [-8.5111111, 40.9470388], [-8.511329, 40.9473447], [-8.5114807, 40.9475413], [-8.5115965, 40.9476766], [-8.5118495, 40.9479363], [-8.5120562, 40.9481475], [-8.5123356, 40.9484263], [-8.5128175, 40.9489158], [-8.5134162, 40.9495207], [-8.5138973, 40.9500068], [-8.5139667, 40.9500778], [-8.5142099, 40.9503265], [-8.5143718, 40.9504787], [-8.5144521, 40.9505542], [-8.5146288, 40.9507061], [-8.5148147, 40.9508444], [-8.515036, 40.9509852], [-8.5152185, 40.9510779]]}, "properties": {"alt_name": "Rua da Estrada Nacional N\u00ba 1;Rua da Malaposta;Estrada Nacional 1;EN1;EN 1", "highway": "primary", "lanes": "2", "maxspeed": "50", "name": "Rua da Malaposta", "note": "nome desta estrada confirmado no extremo sul na fronteira com Escap\u00e3es", "oneway": "no", "ref": "EN 1", "smoothness": "good", "surface": "asphalt"}}, {"type": "Feature", "geometry": {"type": "LineString", "coordinates": [[-8.5374986, 40.9885728], [-8.5375331, 40.9884519]]}, "properties": {"highway": "primary", "lanes": "1", "lit": "yes", "maxspeed": "50", "name": "Avenida Principal", "note": "mesmo tendo oficialmente sido alterada para IC2, ainda \u00e9 referida nas placas no terreno como N1 por isso a ref principal deve levar ambas as refer\u00eancias", "old_ref": "EN 1", "oneway": "yes", "ref": "EN 1", "ref:official": "IC 2", "sidewalk": "both", "surface": "asphalt"}}, {"type": "Feature", "geometry": {"type": "LineString", "coordinates": [[-8.537412, 40.9881376], [-8.5373678, 40.9882547]]}, "properties": {"highway": "primary", "lanes": "1", "lit": "yes", "maxspeed": "50", "name": "Avenida Principal", "oneway": "yes", "ref": "EN 1", "surface": "asphalt"}}, {"type": "Feature", "geometry": {"type": "LineString", "coordinates": [[-8.5375022, 40.9882506], [-8.537412, 40.9881376]]}, "properties": {"highway": "primary", "lanes": "1", "lit": "yes", "maxspeed": "50", "name": "Avenida Principal", "oneway": "yes", "ref": "EN 1", "surface": "asphalt"}}, {"type": "Feature", "geometry": {"type": "LineString", "coordinates": [[-8.537401, 40.9884711], [-8.5374986, 40.9885728]]}, "properties": {"highway": "primary", "lanes": "1", "lit": "yes", "maxspeed": "50", "name": "Avenida Principal", "note": "mesmo tendo oficialmente sido alterada para IC2, ainda \u00e9 referida nas placas no terreno como N1 por isso a ref principal deve levar ambas as refer\u00eancias", "old_ref": "EN 1", "oneway": "yes", "ref": "EN 1", "ref:official": "IC 2", "sidewalk": "both", "surface": "asphalt"}}, {"type": "Feature", "geometry": {"type": "LineString", "coordinates": [[-8.5547724, 41.0262618], [-8.554953, 41.0265007]]}, "properties": {"highway": "primary", "lanes": "2", "lit": "yes", "maxspeed": "50", "name": "Avenida de S\u00e3o Salvador", "name:left": "Avenida de S\u00e3o Salvador", "name:right": "Rua Vendas de Grij\u00f3", "old_ref": "EN 1", "oneway": "no", "ref": "EN 1", "source": "BING", "surface": "asphalt"}}, {"type": "Feature", "geometry": {"type": "LineString", "coordinates": [[-8.5394466, 40.9951662], [-8.5394781, 40.9951705], [-8.5395101, 40.9951697], [-8.5395412, 40.995164], [-8.5395701, 40.9951535]]}, "properties": {"highway": "primary", "junction": "roundabout", "lane_markings": "no", "lanes": "2", "lit": "yes", "maxspeed": "50", "name": "Rua Dom Ximenes Belo", "ref": "EN 1", "sidewalk": "right", "surface": "asphalt"}}, {"type": "Feature", "geometry": {"type": "LineString", "coordinates": [[-8.5395007, 40.9949399], [-8.5394687, 40.9949406], [-8.5394376, 40.9949463], [-8.5394088, 40.9949569]]}, "properties": {"highway": "primary", "junction": "roundabout", "lane_markings": "no", "lanes": "2", "lit": "yes", "maxspeed": "50", "name": "Rua Dom Ximenes Belo", "ref": "EN 1", "sidewalk": "right", "surface": "asphalt"}}, {"type": "Feature", "geometry": {"type": "LineString", "coordinates": [[-8.6028124, 41.1043495], [-8.6028436, 41.1043077]]}, "properties": {"cycleway:both": "no", "highway": "primary", "lanes": "2", "lit": "yes", "maxheight": "default", "maxspeed": "40", "name": "Rua Fonte dos Arrependidos", "oneway": "no", "ref": "EN 1", "shoulder": "no", "sidewalk": "both", "surface": "asphalt"}}, {"type": "Feature", "geometry": {"type": "LineString", "coordinates": [[-8.7488373, 39.7886696], [-8.748879, 39.7886661], [-8.7489286, 39.7886541], [-8.7489736, 39.7886342], [-8.749012, 39.7886073], [-8.749042, 39.7885747], [-8.7490612, 39.7885404], [-8.749071, 39.7885038], [-8.749071, 39.7884665]]}, "properties": {"highway": "trunk", "junction": "roundabout", "lanes": "2", "lit": "no", "maxspeed": "50", "ref": "IC 2;EN 1", "surface": "asphalt"}}, {"type": "Feature", "geometry": {"type": "LineString", "coordinates": [[-8.749071, 39.7884665], [-8.7490536, 39.7884138], [-8.7490169, 39.7883673], [-8.7489642, 39.788331], [-8.7489, 39.7883082], [-8.7488299, 39.7883007]]}, "properties": {"highway": "trunk", "junction": "roundabout", "lanes": "2", "lit": "no", "maxspeed": "50", "ref": "IC 2;EN 1", "surface": "asphalt"}}, {"type": "Feature", "geometry": {"type": "LineString", "coordinates": [[-8.7486046, 39.7885439], [-8.748631, 39.7885859], [-8.7486704, 39.7886215], [-8.74872, 39.7886483], [-8.7487769, 39.7886647], [-8.7488373, 39.7886696]]}, "properties": {"highway": "trunk", "junction": "roundabout", "lanes": "2", "lit": "no", "maxspeed": "50", "ref": "IC 2;EN 1", "surface": "asphalt"}}, {"type": "Feature", "geometry": {"type": "LineString", "coordinates": [[-9.0036613, 39.0512799], [-9.003713, 39.0513194], [-9.0038116, 39.0513742], [-9.003886, 39.051399], [-9.0040072, 39.0514271], [-9.0041318, 39.0514401], [-9.0042424, 39.0514363], [-9.0043633, 39.0514236], [-9.0045007, 39.051393], [-9.0048035, 39.0513199], [-9.0055751, 39.0511065], [-9.0057778, 39.0510682], [-9.0059804, 39.0510466], [-9.0062047, 39.0510568], [-9.006402, 39.0511069], [-9.0065313, 39.0511671], [-9.0066662, 39.0512406], [-9.0068722, 39.0514497], [-9.0070065, 39.0517186], [-9.0071755, 39.0520769], [-9.0072701, 39.0521736], [-9.0073412, 39.0522452], [-9.0074205, 39.0523365], [-9.0074791, 39.052415], [-9.0075196, 39.0524876], [-9.0075524, 39.052565], [-9.0075975, 39.0527792], [-9.0076211, 39.0529565], [-9.0076299, 39.0530443], [-9.0076302, 39.0531158], [-9.0076168, 39.0531702], [-9.0075899, 39.0532246]]}, "properties": {"highway": "primary", "lanes": "2", "ref": "EN 1", "surface": "asphalt"}}, {"type": "Feature", "geometry": {"type": "LineString", "coordinates": [[-8.9944322, 39.0494935], [-8.9943525, 39.0494409]]}, "properties": {"highway": "primary", "junction": "roundabout", "lanes": "3", "ref": "IC 2;EN 1", "surface": "asphalt"}}, {"type": "Feature", "geometry": {"type": "LineString", "coordinates": [[-8.994478, 39.0498193], [-8.9945165, 39.0497377], [-8.9945216, 39.0496508], [-8.9944926, 39.0495668], [-8.9944322, 39.0494935]]}, "properties": {"highway": "primary", "junction": "roundabout", "lanes": "3", "ref": "IC 2;EN 1", "surface": "asphalt"}}, {"type": "Feature", "geometry": {"type": "LineString", "coordinates": [[-8.9943525, 39.0494409], [-8.994275, 39.0494122], [-8.994191, 39.0493984], [-8.9941052, 39.0494001], [-8.9940223, 39.0494173], [-8.9939468, 39.049449]]}, "properties": {"highway": "primary", "junction": "roundabout", "lanes": "3", "ref": "IC 2;EN 1", "surface": "asphalt"}}, {"type": "Feature", "geometry": {"type": "LineString", "coordinates": [[-8.97105, 39.0064065], [-8.9711015, 39.0063422], [-8.971128, 39.0062693], [-8.9711274, 39.0061936]]}, "properties": {"highway": "primary", "junction": "roundabout", "lanes": "2", "name": "Rotunda das Quintas", "ref": "EN 1", "surface": "asphalt"}}, {"type": "Feature", "geometry": {"type": "LineString", "coordinates": [[-8.9707048, 39.0064962], [-8.9707933, 39.0065031], [-8.9708811, 39.0064923], [-8.9709625, 39.0064646]]}, "properties": {"highway": "primary", "junction": "roundabout", "lanes": "2", "name": "Rotunda das Quintas", "ref": "EN 1", "surface": "asphalt"}}, {"type": "Feature", "geometry": {"type": "LineString", "coordinates": [[-8.9709091, 39.0059812], [-8.9708418, 39.0059667], [-8.9707721, 39.005963], [-8.9707029, 39.0059703], [-8.9706369, 39.0059881], [-8.9705769, 39.0060158]]}, "properties": {"highway": "primary", "junction": "roundabout", "lanes": "2", "name": "Rotunda das Quintas", "ref": "EN 1", "surface": "asphalt"}}, {"type": "Feature", "geometry": {"type": "LineString", "coordinates": [[-8.9726885, 38.9888696], [-8.9727202, 38.9889173]]}, "properties": {"highway": "primary", "junction": "roundabout", "lanes": "2", "ref": "EN 1", "surface": "asphalt"}}, {"type": "Feature", "geometry": {"type": "LineString", "coordinates": [[-8.9727476, 38.9887231], [-8.9727037, 38.9887638], [-8.9726825, 38.9888159], [-8.9726885, 38.9888696]]}, "properties": {"highway": "primary", "junction": "roundabout", "lanes": "2", "ref": "EN 1", "surface": "asphalt"}}, {"type": "Feature", "geometry": {"type": "LineString", "coordinates": [[-8.9791313, 38.976414], [-8.97915, 38.9765029], [-8.9791582, 38.9765981]]}, "properties": {"highway": "primary", "lanes": "2", "name": "Avenida das Areias", "oneway": "yes", "ref": "EN 1", "surface": "asphalt"}}, {"type": "Feature", "geometry": {"type": "LineString", "coordinates": [[-8.9794694, 38.9761307], [-8.9793163, 38.9761943], [-8.9792255, 38.9762263]]}, "properties": {"highway": "primary", "lanes": "2", "name": "Rua Fernando Palha", "oneway": "yes", "ref": "EN 1", "surface": "asphalt"}}, {"type": "Feature", "geometry": {"type": "LineString", "coordinates": [[-8.9791582, 38.9765981], [-8.9792506, 38.976494], [-8.9793259, 38.9764248]]}, "properties": {"highway": "primary", "lanes": "2", "name": "Avenida das Areias", "oneway": "yes", "ref": "EN 1", "surface": "asphalt"}}, {"type": "Feature", "geometry": {"type": "LineString", "coordinates": [[-8.9793796, 38.9763329], [-8.979388, 38.9762824], [-8.9794014, 38.9762444], [-8.9794694, 38.9761307]]}, "properties": {"highway": "primary", "lanes": "2", "name": "Rua Fernando Palha", "oneway": "yes", "ref": "EN 1", "surface": "asphalt"}}, {"type": "Feature", "geometry": {"type": "LineString", "coordinates": [[-8.9826576, 38.9683742], [-8.9825978, 38.9683344], [-8.9825252, 38.9683109], [-8.9824468, 38.9683059], [-8.9823703, 38.96832]]}, "properties": {"highway": "primary", "junction": "roundabout", "lanes": "2", "ref": "EN 1", "surface": "asphalt"}}, {"type": "Feature", "geometry": {"type": "LineString", "coordinates": [[-8.9826409, 38.9686424], [-8.9826869, 38.9685956], [-8.9827129, 38.9685402], [-8.9827166, 38.9684813], [-8.9826975, 38.9684242], [-8.9826576, 38.9683742]]}, "properties": {"highway": "primary", "junction": "roundabout", "lanes": "2", "ref": "EN 1", "surface": "asphalt"}}, {"type": "Feature", "geometry": {"type": "LineString", "coordinates": [[-8.9822561, 38.9686102], [-8.9823052, 38.9686525], [-8.9823679, 38.968682], [-8.9824388, 38.9686963], [-8.982512, 38.9686941], [-8.9825813, 38.9686756], [-8.9826409, 38.9686424]]}, "properties": {"highway": "primary", "junction": "roundabout", "lanes": "2", "ref": "EN 1", "surface": "asphalt"}}, {"type": "Feature", "geometry": {"type": "LineString", "coordinates": [[-8.5102099, 40.9456479], [-8.5099244, 40.9452304], [-8.509698, 40.9448601], [-8.5096808, 40.944832], [-8.5095894, 40.9446972], [-8.5095417, 40.9446269], [-8.5095084, 40.9445778]]}, "properties": {"highway": "primary", "lanes": "1", "maxspeed": "50", "name": "Rua da Estrada Nacional N\u00famero 1", "oneway": "yes", "ref": "EN 1", "surface": "asphalt"}}, {"type": "Feature", "geometry": {"type": "LineString", "coordinates": [[-8.5102099, 40.9456479], [-8.5104123, 40.9459243], [-8.5108445, 40.9466348]]}, "properties": {"alt_name": "Rua da Estrada Nacional N\u00ba 1;Rua da Malaposta;Estrada Nacional 1;EN1;EN 1", "highway": "primary", "lanes": "2", "maxspeed": "50", "name": "Rua da Estrada Nacional N\u00famero 1", "note": "nome desta estrada confirmado no extremo sul na fronteira com Escap\u00e3es", "oneway": "no", "ref": "EN 1", "smoothness": "good", "surface": "asphalt"}}, {"type": "Feature", "geometry": {"type": "LineString", "coordinates": [[-8.508992, 40.9438216], [-8.5091673, 40.9441374], [-8.5093451, 40.9444083], [-8.509483, 40.9446184], [-8.509601, 40.9448226], [-8.5098886, 40.9452428], [-8.5102099, 40.9456479]]}, "properties": {"alt_name": "Rua da Estrada Nacional N\u00ba 1;Rua da Malaposta;Estrada Nacional 1;EN1;EN 1", "highway": "primary", "lanes": "1", "maxspeed": "50", "name": "Rua da Estrada Nacional N\u00famero 1", "note": "nome desta estrada confirmado no extremo sul na fronteira com Escap\u00e3es", "oneway": "yes", "ref": "EN 1", "smoothness": "good", "surface": "asphalt"}}, {"type": "Feature", "geometry": {"type": "LineString", "coordinates": [[-8.55418, 41.0251985], [-8.5542336, 41.0254423], [-8.5542712, 41.0255404]]}, "properties": {"highway": "primary", "lanes": "1", "lit": "yes", "maxspeed": "50", "name": "Avenida de S\u00e3o Salvador", "name:left": "Avenida de S\u00e3o Salvador", "name:right": "Rua Vendas de Grij\u00f3", "oneway": "yes", "ref": "EN 1", "surface": "asphalt"}}, {"type": "Feature", "geometry": {"type": "LineString", "coordinates": [[-8.5545133, 41.0259229], [-8.5544188, 41.0257146]]}, "properties": {"highway": "primary", "lanes": "1", "lit": "yes", "maxspeed": "50", "name": "Rua Vendas de Grij\u00f3", "name:left": "Rua Vendas de Grij\u00f3", "name:right": "Avenida de S\u00e3o Salvador", "oneway": "yes", "ref": "EN 1", "source": "BING", "surface": "asphalt"}}, {"type": "Feature", "geometry": {"type": "LineString", "coordinates": [[-8.5546444, 41.026093], [-8.5547724, 41.0262618]]}, "properties": {"highway": "primary", "lanes": "2", "lit": "yes", "maxspeed": "50", "name": "Rua Vendas de Grij\u00f3", "name:left": "Avenida de S\u00e3o Salvador", "name:right": "Rua Vendas de Grij\u00f3", "old_ref": "EN 1", "oneway": "no", "ref": "EN 1", "source": "BING", "surface": "asphalt"}}, {"type": "Feature", "geometry": {"type": "LineString", "coordinates": [[-8.4817161, 40.7839505], [-8.4817606, 40.7837685], [-8.4817804, 40.7837015]]}, "properties": {"highway": "primary", "lanes": "1", "maxspeed": "50", "name": "Estrada Nacional 1", "old_name": "Estrada Nacional 1", "oneway": "yes", "ref": "EN 1;IC 2", "surface": "asphalt"}}, {"type": "Feature", "geometry": {"type": "LineString", "coordinates": [[-8.4651013, 40.6483872], [-8.465123, 40.6481651], [-8.4651634, 40.6479815], [-8.4652099, 40.6478224]]}, "properties": {"highway": "primary", "lanes": "3", "maxspeed": "70", "oneway": "no", "ref": "IC 2;EN 1", "surface": "asphalt"}}, {"type": "Feature", "geometry": {"type": "LineString", "coordinates": [[-8.9615938, 39.3828199], [-8.9614518, 39.383308], [-8.9614187, 39.3834069], [-8.9613819, 39.383475], [-8.961355, 39.3835178]]}, "properties": {"highway": "trunk", "lanes": "1", "maxspeed": "50", "oneway": "yes", "ref": "IC 2;EN 1", "surface": "asphalt"}}, {"type": "Feature", "geometry": {"type": "LineString", "coordinates": [[-8.9615742, 39.3835571], [-8.9615641, 39.3834799], [-8.9615585, 39.3833777], [-8.9615598, 39.383249], [-8.9615938, 39.3828199]]}, "properties": {"highway": "trunk", "lanes": "1", "maxspeed": "50", "oneway": "yes", "ref": "IC 2;EN 1", "surface": "asphalt"}}, {"type": "Feature", "geometry": {"type": "LineString", "coordinates": [[-8.9612719, 39.3846013], [-8.9613313, 39.3844794], [-8.9614994, 39.3839385], [-8.9615205, 39.3838887], [-8.9615428, 39.3838404]]}, "properties": {"highway": "trunk", "lanes": "1", "maxspeed": "50", "oneway": "yes", "ref": "IC 2;EN 1", "surface": "asphalt"}}, {"type": "Feature", "geometry": {"type": "LineString", "coordinates": [[-8.9612829, 39.3838339], [-8.9613178, 39.3839201], [-8.9613327, 39.3840071], [-8.9613261, 39.3841126], [-8.961273, 39.3844722], [-8.9612719, 39.3846013]]}, "properties": {"highway": "trunk", "lanes": "1", "maxspeed": "50", "oneway": "yes", "ref": "IC 2;EN 1", "surface": "asphalt"}}, {"type": "Feature", "geometry": {"type": "LineString", "coordinates": [[-8.961355, 39.3835178], [-8.9612934, 39.3835396], [-8.9612425, 39.3835742], [-8.9612068, 39.3836187], [-8.9611894, 39.3836693], [-8.9611917, 39.3837217], [-8.961201, 39.3837444], [-8.9612094, 39.3837647], [-8.9612404, 39.3838029], [-8.9612829, 39.3838339]]}, "properties": {"highway": "trunk", "junction": "roundabout", "lanes": "1", "maxspeed": "50", "ref": "IC 2;EN 1", "surface": "asphalt"}}, {"type": "Feature", "geometry": {"type": "LineString", "coordinates": [[-8.9612829, 39.3838339], [-8.961331, 39.3838547], [-8.9613841, 39.3838661], [-8.9614392, 39.3838675], [-8.9614931, 39.3838587], [-8.9615428, 39.3838404]]}, "properties": {"highway": "trunk", "junction": "roundabout", "lanes": "1", "maxspeed": "50", "ref": "IC 2;EN 1", "surface": "asphalt"}}, {"type": "Feature", "geometry": {"type": "LineString", "coordinates": [[-8.9615742, 39.3835571], [-8.9615084, 39.3835248], [-8.9614325, 39.3835112], [-8.961355, 39.3835178]]}, "properties": {"highway": "trunk", "junction": "roundabout", "lanes": "1", "maxspeed": "50", "ref": "IC 2;EN 1", "surface": "asphalt"}}, {"type": "Feature", "geometry": {"type": "LineString", "coordinates": [[-8.9611415, 39.4239792], [-8.9611756, 39.4237547], [-8.9612215, 39.4235502]]}, "properties": {"highway": "trunk", "lanes": "2", "maxspeed": "70", "oneway": "yes", "ref": "IC 2;EN 1", "surface": "asphalt"}}, {"type": "Feature", "geometry": {"type": "LineString", "coordinates": [[-8.9611415, 39.4239792], [-8.9610847, 39.4239341], [-8.9610114, 39.4239068], [-8.9609304, 39.4239004]]}, "properties": {"highway": "trunk", "junction": "roundabout", "lanes": "2", "maxspeed": "50", "ref": "IC 2;EN 1", "surface": "asphalt"}}, {"type": "Feature", "geometry": {"type": "LineString", "coordinates": [[-8.9609304, 39.4239004], [-8.9608765, 39.4239084], [-8.9608264, 39.4239258], [-8.960783, 39.4239518], [-8.9607377, 39.4239997], [-8.9607148, 39.4240563], [-8.9607168, 39.4241156], [-8.9607383, 39.4241638], [-8.9607763, 39.4242055]]}, "properties": {"highway": "trunk", "junction": "roundabout", "lanes": "2", "maxspeed": "50", "ref": "IC 2;EN 1", "surface": "asphalt"}}, {"type": "Feature", "geometry": {"type": "LineString", "coordinates": [[-8.9607763, 39.4242055], [-8.9608277, 39.4242373], [-8.9608886, 39.4242569], [-8.9609541, 39.4242626]]}, "properties": {"highway": "trunk", "junction": "roundabout", "lanes": "2", "maxspeed": "50", "ref": "IC 2;EN 1", "surface": "asphalt"}}, {"type": "Feature", "geometry": {"type": "LineString", "coordinates": [[-8.9560637, 39.4352615], [-8.9560158, 39.4352729], [-8.9559723, 39.4352923], [-8.9559194, 39.4353351], [-8.9558884, 39.4353892], [-8.9558828, 39.4354482], [-8.9558959, 39.4354916], [-8.9559229, 39.4355309]]}, "properties": {"highway": "trunk", "junction": "roundabout", "lanes": "2", "maxspeed": "50", "ref": "IC 2;EN 1", "surface": "asphalt"}}, {"type": "Feature", "geometry": {"type": "LineString", "coordinates": [[-8.9562658, 39.4353112], [-8.9562069, 39.4352775], [-8.956137, 39.4352603], [-8.9560637, 39.4352615]]}, "properties": {"highway": "trunk", "junction": "roundabout", "lanes": "2", "maxspeed": "50", "ref": "IC 2;EN 1", "surface": "asphalt"}}, {"type": "Feature", "geometry": {"type": "LineString", "coordinates": [[-8.9559229, 39.4355309], [-8.9559775, 39.4355727], [-8.9560472, 39.4355977], [-8.9561238, 39.435603]]}, "properties": {"highway": "trunk", "junction": "roundabout", "lanes": "2", "maxspeed": "50", "ref": "IC 2;EN 1", "surface": "asphalt"}}, {"type": "Feature", "geometry": {"type": "LineString", "coordinates": [[-8.9613309, 39.4230613], [-8.9612631, 39.4232366], [-8.9611416, 39.42353], [-8.9610525, 39.4237232], [-8.9610129, 39.4237898], [-8.960972, 39.4238492], [-8.9609304, 39.4239004]]}, "properties": {"highway": "trunk", "lanes": "1", "maxspeed": "50", "oneway": "yes", "ref": "IC 2;EN 1", "surface": "asphalt"}}, {"type": "Feature", "geometry": {"type": "LineString", "coordinates": [[-8.9616763, 39.4063955], [-8.9617302, 39.4064162], [-8.9617892, 39.406425], [-8.9618491, 39.4064214], [-8.9619056, 39.4064056]]}, "properties": {"highway": "trunk", "junction": "roundabout", "lanes": "1", "maxspeed": "50", "ref": "IC 2;EN 1", "surface": "asphalt"}}, {"type": "Feature", "geometry": {"type": "LineString", "coordinates": [[-8.9619056, 39.4064056], [-8.9619445, 39.4063855], [-8.9619771, 39.4063597], [-8.9620085, 39.4063181], [-8.9620239, 39.4062713], [-8.9620218, 39.4062232], [-8.9620026, 39.4061773], [-8.961985, 39.4061541], [-8.9619629, 39.4061333], [-8.9619369, 39.4061154], [-8.9619076, 39.4061008]]}, "properties": {"highway": "trunk", "junction": "roundabout", "lanes": "1", "maxspeed": "50", "ref": "IC 2;EN 1", "surface": "asphalt"}}, {"type": "Feature", "geometry": {"type": "LineString", "coordinates": [[-8.9619076, 39.4061008], [-8.9618424, 39.4060831], [-8.9617734, 39.4060816], [-8.961707, 39.4060966], [-8.9616497, 39.4061264]]}, "properties": {"highway": "trunk", "junction": "roundabout", "lanes": "1", "maxspeed": "50", "ref": "IC 2;EN 1", "surface": "asphalt"}}, {"type": "Feature", "geometry": {"type": "LineString", "coordinates": [[-8.9601109, 39.391207], [-8.9601473, 39.3911883], [-8.9601785, 39.3911647], [-8.9602195, 39.3911105], [-8.9602341, 39.3910486], [-8.9602204, 39.3909867], [-8.9602049, 39.39096], [-8.9601689, 39.3909208]]}, "properties": {"highway": "trunk", "junction": "roundabout", "lanes": "1", "maxspeed": "50", "ref": "IC 2;EN 1", "surface": "asphalt"}}, {"type": "Feature", "geometry": {"type": "LineString", "coordinates": [[-8.9598344, 39.3911758], [-8.9598949, 39.3912095], [-8.959966, 39.3912268], [-8.9600405, 39.3912259], [-8.9601109, 39.391207]]}, "properties": {"highway": "trunk", "junction": "roundabout", "lanes": "1", "maxspeed": "50", "ref": "IC 2;EN 1", "surface": "asphalt"}}, {"type": "Feature", "geometry": {"type": "LineString", "coordinates": [[-8.9601689, 39.3909208], [-8.9601041, 39.3908855], [-8.9600416, 39.3908695], [-8.9599759, 39.3908675], [-8.959912, 39.3908798]]}, "properties": {"highway": "trunk", "junction": "roundabout", "lanes": "1", "maxspeed": "50", "ref": "IC 2;EN 1", "surface": "asphalt"}}, {"type": "Feature", "geometry": {"type": "LineString", "coordinates": [[-8.4394293, 40.2239043], [-8.4394251, 40.223869]]}, "properties": {"highway": "primary", "lanes": "2", "name": "Rua Manuel de Almeida e Sousa", "ref": "EN 1", "sidewalk": "left", "source": "bing", "surface": "asphalt"}}, {"type": "Feature", "geometry": {"type": "LineString", "coordinates": [[-8.7275397, 39.8196836], [-8.7274663, 39.8199198], [-8.7274206, 39.8200931], [-8.7273876, 39.8202645], [-8.7273478, 39.8205171], [-8.7273061, 39.8207845], [-8.7272326, 39.8212393]]}, "properties": {"highway": "trunk", "lanes": "2", "lit": "no", "maxspeed": "80", "oneway": "yes", "ref": "IC 2;EN 1", "smoothness": "excellent", "surface": "asphalt", "turn:lanes": "none|merge_to_left"}}, {"type": "Feature", "geometry": {"type": "LineString", "coordinates": [[-8.7418205, 39.8061737], [-8.741938, 39.8068752]]}, "properties": {"highway": "trunk", "lanes": "2", "lit": "no", "maxspeed": "70", "oneway": "yes", "ref": "IC 2;EN 1", "smoothness": "excellent", "surface": "asphalt", "turn:lanes": "none|slight_right"}}, {"type": "Feature", "geometry": {"type": "LineString", "coordinates": [[-8.7419592, 39.8076707], [-8.7419232, 39.8078674], [-8.7418788, 39.8080426], [-8.7418407, 39.8081677]]}, "properties": {"change:lanes": "no|no", "highway": "trunk", "lanes": "2", "lit": "no", "maxspeed": "80", "oneway": "yes", "ref": "IC 2;EN 1", "smoothness": "excellent", "surface": "asphalt"}}, {"type": "Feature", "geometry": {"type": "LineString", "coordinates": [[-8.741676, 39.8048015], [-8.7416679, 39.8046372], [-8.7416661, 39.8044995], [-8.741675, 39.8043181], [-8.7416922, 39.8041633], [-8.7417229, 39.8040002], [-8.7417579, 39.8038575], [-8.741797, 39.8037218], [-8.7418408, 39.8035872], [-8.741895, 39.8034494], [-8.7419554, 39.8033165], [-8.7420264, 39.8031883], [-8.7420993, 39.8030537], [-8.7421973, 39.8029031], [-8.7423058, 39.8027573], [-8.7424038, 39.8026292], [-8.7425039, 39.8025058], [-8.7425956, 39.8024049], [-8.7427771, 39.8022222], [-8.7435862, 39.8014372], [-8.7443251, 39.8007166], [-8.7443369, 39.8007051], [-8.7445037, 39.8005448], [-8.7446184, 39.8004343], [-8.7447102, 39.8003286], [-8.7447978, 39.8002244], [-8.7448833, 39.8001139], [-8.7449583, 39.8000113], [-8.7450397, 39.7998912], [-8.7451064, 39.7997822], [-8.7451731, 39.7996589], [-8.7452315, 39.7995451], [-8.7452774, 39.7994442], [-8.7453201, 39.7993296], [-8.7453608, 39.7992135], [-8.7454004, 39.7990869], [-8.7454359, 39.7989683], [-8.7454734, 39.7988338], [-8.7457424, 39.7978084], [-8.7459635, 39.7969688], [-8.7461845, 39.7961293], [-8.7464848, 39.7949821], [-8.746502, 39.7948239]]}, "properties": {"highway": "trunk", "lanes": "2", "lit": "no", "maxspeed": "80", "oneway": "yes", "ref": "IC 2;EN 1", "surface": "asphalt"}}, {"type": "Feature", "geometry": {"type": "LineString", "coordinates": [[-8.7418741, 39.8061665], [-8.7417177, 39.8052357]]}, "properties": {"bridge": "yes", "highway": "trunk", "lanes": "1", "layer": "1", "lit": "no", "maxspeed": "80", "maxweight:signed": "no", "name": "Ponte da Madalena", "oneway": "yes", "ref": "IC 2;EN 1", "surface": "asphalt"}}, {"type": "Feature", "geometry": {"type": "LineString", "coordinates": [[-8.7417177, 39.8052357], [-8.7416864, 39.8049922], [-8.741676, 39.8048015]]}, "properties": {"highway": "trunk", "lanes": "1", "lit": "no", "maxspeed": "80", "oneway": "yes", "ref": "IC 2;EN 1", "surface": "asphalt"}}, {"type": "Feature", "geometry": {"type": "LineString", "coordinates": [[-8.746502, 39.7948239], [-8.7469203, 39.7932523]]}, "properties": {"highway": "trunk", "lanes": "3", "lanes:backward": "1", "lanes:forward": "2", "lit": "yes", "maxspeed": "80", "ref": "IC 2;EN 1", "surface": "asphalt"}}, {"type": "Feature", "geometry": {"type": "LineString", "coordinates": [[-8.4398185, 40.2103687], [-8.4395235, 40.209868], [-8.4393287, 40.2095525]]}, "properties": {"highway": "primary", "lanes": "2", "name": "Avenida da Guarda Inglesa", "oneway": "yes", "ref": "EN 1", "surface": "asphalt"}}, {"type": "Feature", "geometry": {"type": "LineString", "coordinates": [[-8.5395619, 40.9949533], [-8.5395323, 40.9949441], [-8.5395007, 40.9949399]]}, "properties": {"highway": "primary", "junction": "roundabout", "lane_markings": "no", "lanes": "2", "lit": "yes", "maxspeed": "50", "name": "Avenida Principal", "ref": "EN 1", "sidewalk": "right", "surface": "asphalt"}}, {"type": "Feature", "geometry": {"type": "LineString", "coordinates": [[-8.5395701, 40.9951535], [-8.5395954, 40.9951387], [-8.5396161, 40.9951202], [-8.5396312, 40.9950989]]}, "properties": {"highway": "primary", "junction": "roundabout", "lane_markings": "no", "lanes": "2", "lit": "yes", "maxspeed": "50", "name": "Avenida Principal", "ref": "EN 1", "sidewalk": "right", "surface": "asphalt"}}, {"type": "Feature", "geometry": {"type": "LineString", "coordinates": [[-8.8571481, 39.6182753], [-8.857149, 39.6183182], [-8.8571611, 39.6183821], [-8.8571833, 39.618453], [-8.8572133, 39.6185316], [-8.85725, 39.6186049], [-8.8573596, 39.6187685]]}, "properties": {"highway": "trunk", "lanes": "1", "maxspeed": "40", "oneway": "yes", "ref": "IC 2;EN 1", "surface": "asphalt"}}, {"type": "Feature", "geometry": {"type": "LineString", "coordinates": [[-8.5180133, 40.0900798], [-8.5182299, 40.0898968]]}, "properties": {"highway": "trunk", "lanes": "3", "lanes:backward": "1", "lanes:forward": "2", "ref": "IC 2;EN 1", "surface": "asphalt"}}, {"type": "Feature", "geometry": {"type": "LineString", "coordinates": [[-8.5180133, 40.0900798], [-8.5178212, 40.0902233], [-8.5173264, 40.0907292]]}, "properties": {"highway": "trunk", "lanes": "1", "maxspeed": "50", "oneway": "yes", "ref": "IC 2;EN 1", "surface": "asphalt"}}, {"type": "Feature", "geometry": {"type": "LineString", "coordinates": [[-8.51627, 40.0919153], [-8.5163975, 40.0918139], [-8.5168462, 40.0913467]]}, "properties": {"highway": "trunk", "lanes": "1", "maxspeed": "50", "old_ref": "EN 1", "oneway": "yes", "ref": "IC 2;EN 1", "surface": "asphalt"}}, {"type": "Feature", "geometry": {"type": "LineString", "coordinates": [[-8.5168462, 40.0913467], [-8.5173328, 40.0908379]]}, "properties": {"highway": "trunk", "lanes": "2", "maxspeed": "50", "oneway": "yes", "ref": "IC 2;EN 1", "surface": "asphalt", "turn:lanes": "left|through"}}, {"type": "Feature", "geometry": {"type": "LineString", "coordinates": [[-8.5173264, 40.0907292], [-8.5172648, 40.0907975]]}, "properties": {"highway": "trunk", "lanes": "1", "maxspeed": "50", "oneway": "yes", "ref": "IC 2;EN 1", "surface": "asphalt"}}, {"type": "Feature", "geometry": {"type": "LineString", "coordinates": [[-8.5173328, 40.0908379], [-8.5173946, 40.0907733]]}, "properties": {"highway": "trunk", "lanes": "2", "maxspeed": "50", "oneway": "yes", "ref": "IC 2;EN 1", "surface": "asphalt", "turn:lanes": "left|through"}}, {"type": "Feature", "geometry": {"type": "LineString", "coordinates": [[-8.5172648, 40.0907975], [-8.5170298, 40.0910503], [-8.5167428, 40.0913555], [-8.5164192, 40.0916997], [-8.516344, 40.0917794], [-8.51627, 40.0919153]]}, "properties": {"highway": "trunk", "lanes": "1", "maxspeed": "50", "oneway": "yes", "ref": "IC 2;EN 1", "surface": "asphalt"}}, {"type": "Feature", "geometry": {"type": "LineString", "coordinates": [[-8.5185349, 40.0896394], [-8.518606, 40.0895804], [-8.5193695, 40.0890123], [-8.5215008, 40.0876057], [-8.5223276, 40.0870549]]}, "properties": {"highway": "trunk", "lanes": "3", "lanes:backward": "1", "lanes:forward": "2", "maxspeed": "90", "ref": "IC 2;EN 1", "surface": "asphalt"}}, {"type": "Feature", "geometry": {"type": "LineString", "coordinates": [[-8.5606257, 41.0398594], [-8.5609348, 41.0400868], [-8.5610197, 41.04015], [-8.5611491, 41.0402493], [-8.5616198, 41.0405913], [-8.5617123, 41.0406641], [-8.5618311, 41.0407611]]}, "properties": {"highway": "primary", "lanes": "2", "lit": "yes", "maxspeed": "50", "name": "Rua de Ernesto Gon\u00e7alves", "old_ref": "EN 1", "oneway": "no", "ref": "EN 1", "smoothness": "good", "source": "BING", "surface": "asphalt"}}, {"type": "Feature", "geometry": {"type": "LineString", "coordinates": [[-8.5565003, 41.0286863], [-8.5565363, 41.0287663]]}, "properties": {"highway": "primary", "lanes": "2", "lit": "yes", "maxspeed": "50", "name": "Rua de Ernesto Gon\u00e7alves", "old_ref": "EN 1", "oneway": "no", "ref": "EN 1", "source": "BING", "surface": "asphalt"}}, {"type": "Feature", "geometry": {"type": "LineString", "coordinates": [[-8.5563774, 41.0284586], [-8.5564406, 41.0285662]]}, "properties": {"highway": "primary", "lanes": "2", "lit": "yes", "maxspeed": "50", "name": "Avenida de S\u00e3o Salvador", "old_ref": "EN 1", "oneway": "no", "ref": "EN 1", "source": "BING", "surface": "asphalt"}}, {"type": "Feature", "geometry": {"type": "LineString", "coordinates": [[-8.6287788, 39.9260698], [-8.6287528, 39.9260955], [-8.6287357, 39.9261253], [-8.6287286, 39.9261574], [-8.6287309, 39.9261859], [-8.6287411, 39.9262134], [-8.6287588, 39.9262386], [-8.6287831, 39.9262603], [-8.6288063, 39.9262744], [-8.6288323, 39.9262852], [-8.6288603, 39.9262925], [-8.6288986, 39.9262963], [-8.6289369, 39.9262936], [-8.6289735, 39.9262844], [-8.6290066, 39.9262692], [-8.6290345, 39.9262488], [-8.6290573, 39.9262219], [-8.629071, 39.9261915], [-8.6290748, 39.9261596], [-8.6290685, 39.9261279], [-8.6290525, 39.9260982], [-8.6290277, 39.9260724], [-8.6289955, 39.9260518], [-8.628961, 39.9260387], [-8.6289235, 39.9260317], [-8.6288849, 39.9260313], [-8.6288472, 39.9260374], [-8.6288121, 39.9260498], [-8.6287788, 39.9260698]]}, "properties": {"highway": "trunk", "junction": "roundabout", "lanes": "2", "maxspeed": "60", "ref": "IC 2;EN 1", "smoothness": "excellent", "surface": "asphalt"}}, {"type": "Feature", "geometry": {"type": "LineString", "coordinates": [[-28.0293941, 39.0953831], [-28.0296065, 39.0954488], [-28.0299465, 39.0955444], [-28.0300247, 39.0955612], [-28.0300464, 39.0955659], [-28.0305418, 39.0956348], [-28.0309543, 39.0956865]]}, "properties": {"highway": "primary", "ref": "EN 1", "surface": "asphalt"}}, {"type": "Feature", "geometry": {"type": "LineString", "coordinates": [[-28.0309543, 39.0956865], [-28.0313352, 39.0957342], [-28.0321816, 39.0958371], [-28.0326425, 39.0958993], [-28.0328203, 39.0959026], [-28.0329739, 39.0958824], [-28.0338541, 39.0957676], [-28.0348965, 39.0956336], [-28.0350027, 39.0956101], [-28.0351036, 39.095573], [-28.0352735, 39.0954678]]}, "properties": {"highway": "primary", "ref": "EN 1", "surface": "asphalt"}}, {"type": "Feature", "geometry": {"type": "LineString", "coordinates": [[-28.0469654, 39.0922202], [-28.047408, 39.0920566], [-28.047915, 39.0918646]]}, "properties": {"highway": "primary", "ref": "EN 1", "surface": "asphalt"}}, {"type": "Feature", "geometry": {"type": "LineString", "coordinates": [[-28.047915, 39.0918646], [-28.0479766, 39.0918413], [-28.0485683, 39.0916104], [-28.0488125, 39.0915135], [-28.04903, 39.0914126], [-28.0492575, 39.0912353], [-28.0499002, 39.0906874], [-28.0507434, 39.0899637], [-28.0519362, 39.0889531]]}, "properties": {"highway": "primary", "ref": "EN 1", "surface": "asphalt"}}, {"type": "Feature", "geometry": {"type": "LineString", "coordinates": [[-27.9834377, 39.0522334], [-27.9774506, 39.0522711], [-27.9772246, 39.0522677]]}, "properties": {"highway": "primary", "ref": "EN 1", "surface": "asphalt"}}, {"type": "Feature", "geometry": {"type": "LineString", "coordinates": [[-27.9861034, 39.0630042], [-27.9860959, 39.0629562], [-27.9860914, 39.0628991]]}, "properties": {"highway": "primary", "ref": "EN 1", "surface": "asphalt"}}, {"type": "Feature", "geometry": {"type": "LineString", "coordinates": [[-27.9894232, 39.0734417], [-27.9895463, 39.0731315], [-27.9898172, 39.0723607], [-27.9900823, 39.0716016], [-27.9901528, 39.0713508], [-27.9901685, 39.0712137], [-27.9901621, 39.0710533], [-27.9901361, 39.0709], [-27.9900767, 39.0707196], [-27.9900025, 39.0705641], [-27.9896725, 39.0699294], [-27.9890125, 39.0686799], [-27.9888005, 39.0682813], [-27.9887307, 39.0681501], [-27.9886583, 39.0680139], [-27.9884557, 39.0676327], [-27.9881583, 39.0670791], [-27.9879293, 39.066627], [-27.9874825, 39.0657882], [-27.9870588, 39.06501], [-27.9866782, 39.06429], [-27.9863147, 39.0636188], [-27.9862208, 39.0634261], [-27.9861712, 39.0632948], [-27.9861341, 39.0631657], [-27.9861108, 39.0630552], [-27.9861034, 39.0630042]]}, "properties": {"highway": "primary", "ref": "EN 1", "surface": "asphalt"}}, {"type": "Feature", "geometry": {"type": "LineString", "coordinates": [[-27.9931511, 39.0786243], [-27.9930855, 39.0784663], [-27.9929988, 39.0782158], [-27.9929417, 39.0780131], [-27.9929167, 39.0779038], [-27.9928719, 39.077708], [-27.9928583, 39.0776483]]}, "properties": {"highway": "primary", "name": "Rua Infante D. Henrique", "oneway": "no", "ref": "EN 1", "surface": "asphalt"}}, {"type": "Feature", "geometry": {"type": "LineString", "coordinates": [[-8.9728105, 38.9886975], [-8.9727476, 38.9887231]]}, "properties": {"highway": "primary", "junction": "roundabout", "lanes": "2", "ref": "EN 1", "surface": "asphalt"}}, {"type": "Feature", "geometry": {"type": "LineString", "coordinates": [[-8.9721293, 38.990449], [-8.9722211, 38.9903591]]}, "properties": {"highway": "primary", "lanes": "2", "ref": "EN 1", "surface": "asphalt"}}, {"type": "Feature", "geometry": {"type": "LineString", "coordinates": [[-8.982356, 38.971838], [-8.9823941, 38.9714845]]}, "properties": {"highway": "primary", "lanes": "2", "name": "Rua Fernando Palha", "oneway": "no", "ref": "EN 1", "surface": "asphalt"}}, {"type": "Feature", "geometry": {"type": "LineString", "coordinates": [[-8.9713003, 38.9992481], [-8.971286, 38.9991357], [-8.971257, 38.998965], [-8.9711998, 38.9986962]]}, "properties": {"highway": "primary", "lanes": "2", "name": "Avenida Combatentes da Grande Guerra", "ref": "EN 1", "surface": "asphalt"}}, {"type": "Feature", "geometry": {"type": "LineString", "coordinates": [[-8.9717842, 39.0144562], [-8.9717682, 39.0145018], [-8.9717764, 39.014549]]}, "properties": {"highway": "primary", "junction": "roundabout", "lanes": "2", "ref": "EN 1", "surface": "asphalt"}}, {"type": "Feature", "geometry": {"type": "LineString", "coordinates": [[-8.9708937, 39.0031816], [-8.9709846, 39.0028128], [-8.9710803, 39.0023324], [-8.971132, 39.0020741], [-8.9711608, 39.0019307], [-8.9712636, 39.0013789], [-8.9713126, 39.0010853], [-8.9713347, 39.0008996], [-8.971348, 39.000772], [-8.9713705, 39.0005669]]}, "properties": {"highway": "primary", "lanes": "2", "name": "Avenida do Marco da VI L\u00e9gua", "ref": "EN 1", "surface": "asphalt"}}, {"type": "Feature", "geometry": {"type": "LineString", "coordinates": [[-8.9823941, 38.9714845], [-8.9823944, 38.9705096], [-8.9824055, 38.9696021]]}, "properties": {"highway": "primary", "lanes": "2", "name": "Rua Fernando Palha", "oneway": "no", "ref": "EN 1", "surface": "asphalt"}}, {"type": "Feature", "geometry": {"type": "LineString", "coordinates": [[-8.4735445, 40.6911039], [-8.4735117, 40.6910503], [-8.4734575, 40.6910078], [-8.473388, 40.6909811], [-8.4733107, 40.6909731]]}, "properties": {"highway": "trunk", "junction": "roundabout", "lanes": "2", "lit": "yes", "ref": "IC 2;EN 1"}}, {"type": "Feature", "geometry": {"type": "LineString", "coordinates": [[-8.4735372, 40.6912165], [-8.4735524, 40.6911626], [-8.4735445, 40.6911039]]}, "properties": {"highway": "trunk", "junction": "roundabout", "lanes": "2", "lit": "yes", "ref": "IC 2;EN 1"}}, {"type": "Feature", "geometry": {"type": "LineString", "coordinates": [[-8.4732386, 40.6909835], [-8.4731858, 40.691004], [-8.4731414, 40.6910338], [-8.4731083, 40.6910711]]}, "properties": {"highway": "trunk", "junction": "roundabout", "lanes": "2", "lit": "yes", "ref": "IC 2;EN 1"}}, {"type": "Feature", "geometry": {"type": "LineString", "coordinates": [[-8.4732795, 40.6913267], [-8.473366, 40.6913265], [-8.4734316, 40.6913069], [-8.4734927, 40.6912701], [-8.4735372, 40.6912165]]}, "properties": {"highway": "trunk", "junction": "roundabout", "lanes": "2", "lit": "yes", "ref": "IC 2;EN 1"}}, {"type": "Feature", "geometry": {"type": "LineString", "coordinates": [[-8.4770696, 40.6936662], [-8.4767246, 40.6933521], [-8.4765175, 40.6932033], [-8.4763113, 40.6930606]]}, "properties": {"highway": "trunk", "lanes": "1", "maxspeed": "70", "oneway": "yes", "ref": "IC 2;EN 1"}}, {"type": "Feature", "geometry": {"type": "LineString", "coordinates": [[-8.4725377, 40.6748605], [-8.4724958, 40.6749942]]}, "properties": {"highway": "trunk", "lanes": "2", "maxspeed": "70", "oneway": "yes", "ref": "IC 2;EN 1", "surface": "asphalt"}}, {"type": "Feature", "geometry": {"type": "LineString", "coordinates": [[-8.4731083, 40.6910711], [-8.4730886, 40.6911135]]}, "properties": {"highway": "trunk", "junction": "roundabout", "lanes": "2", "lit": "yes", "ref": "IC 2;EN 1"}}, {"type": "Feature", "geometry": {"type": "LineString", "coordinates": [[-8.4733107, 40.6909731], [-8.4732386, 40.6909835]]}, "properties": {"highway": "trunk", "junction": "roundabout", "lanes": "2", "lit": "yes", "ref": "IC 2;EN 1"}}, {"type": "Feature", "geometry": {"type": "LineString", "coordinates": [[-8.4564581, 40.5940477], [-8.4563925, 40.5939648], [-8.4559256, 40.5934154], [-8.4553983, 40.5928703], [-8.4551398, 40.5926271], [-8.4549486, 40.5924684], [-8.4544508, 40.5920551], [-8.4543181, 40.5919515]]}, "properties": {"highway": "primary", "name": "Rua Doutor Mateus Barbas dos Anjos", "oneway": "no", "ref": "EN 1", "type": "EN 1"}}, {"type": "Feature", "geometry": {"type": "LineString", "coordinates": [[-8.4536019, 40.4063567], [-8.4535494, 40.4061728], [-8.4535113, 40.4059967], [-8.4534842, 40.4058264], [-8.4534366, 40.4053398], [-8.45333, 40.404405]]}, "properties": {"highway": "primary", "lane_markings": "yes", "lanes": "2", "maxspeed": "70", "oneway": "no", "ref": "IC 2;EN 1", "source": "bing", "surface": "asphalt"}}, {"type": "Feature", "geometry": {"type": "LineString", "coordinates": [[-8.4540585, 40.4072611], [-8.4539736, 40.4070475], [-8.453941, 40.4068987]]}, "properties": {"highway": "primary", "lane_markings": "no", "oneway": "yes", "ref": "IC 2;EN 1", "surface": "asphalt"}}, {"type": "Feature", "geometry": {"type": "LineString", "coordinates": [[-8.4537519, 40.4069861], [-8.4538909, 40.4070769], [-8.4540585, 40.4072611]]}, "properties": {"highway": "primary", "lane_markings": "no", "oneway": "yes", "ref": "IC 2;EN 1", "surface": "asphalt"}}, {"type": "Feature", "geometry": {"type": "LineString", "coordinates": [[-8.4538004, 40.4066689], [-8.4537029, 40.4065552], [-8.4536019, 40.4063567]]}, "properties": {"highway": "primary", "oneway": "yes", "ref": "IC 2;EN 1", "surface": "asphalt"}}, {"type": "Feature", "geometry": {"type": "LineString", "coordinates": [[-8.4536019, 40.4063567], [-8.4536005, 40.4065733], [-8.4535988, 40.4067159]]}, "properties": {"highway": "primary", "lanes": "1", "oneway": "yes", "ref": "IC 2;EN 1", "surface": "asphalt"}}, {"type": "Feature", "geometry": {"type": "LineString", "coordinates": [[-8.4535551, 40.4068808], [-8.4535813, 40.4069187], [-8.4536148, 40.4069467], [-8.4536559, 40.406968], [-8.4537025, 40.4069814], [-8.4537519, 40.4069861], [-8.4538094, 40.4069803], [-8.4538627, 40.4069628], [-8.4539077, 40.4069349], [-8.453941, 40.4068987], [-8.4539611, 40.4068527], [-8.4539623, 40.4068042], [-8.4539444, 40.4067576], [-8.4539241, 40.4067343], [-8.4539091, 40.4067172], [-8.4538596, 40.4066867], [-8.4538004, 40.4066689], [-8.4537273, 40.406666], [-8.4536573, 40.4066824], [-8.4535988, 40.4067159], [-8.4535647, 40.4067532], [-8.4535457, 40.4067962], [-8.453543, 40.406839], [-8.4535551, 40.4068808]]}, "properties": {"highway": "primary", "junction": "roundabout", "ref": "IC 2;EN 1", "surface": "asphalt"}}, {"type": "Feature", "geometry": {"type": "LineString", "coordinates": [[-8.6064394, 41.1155904], [-8.6064422, 41.1156018]]}, "properties": {"highway": "primary", "junction": "roundabout", "lanes": "2", "lit": "yes", "maxspeed": "50", "maxspeed:type": "PT:urban", "name": "Rotunda de Santo Ov\u00eddio", "ref": "EN 1", "sidewalk": "right", "surface": "asphalt"}}, {"type": "Feature", "geometry": {"type": "LineString", "coordinates": [[-8.6067566, 41.1156139], [-8.6067677, 41.1156056]]}, "properties": {"highway": "primary", "junction": "roundabout", "lanes": "2", "lit": "yes", "maxspeed:type": "PT:urban", "name": "Rotunda de Santo Ov\u00eddio", "ref": "EN 1", "sidewalk": "right", "surface": "asphalt"}}, {"type": "Feature", "geometry": {"type": "LineString", "coordinates": [[-8.9709625, 39.0064646], [-8.9710094, 39.0064384], [-8.97105, 39.0064065]]}, "properties": {"highway": "primary", "junction": "roundabout", "lanes": "2", "name": "Rotunda das Quintas", "ref": "EN 1", "surface": "asphalt"}}, {"type": "Feature", "geometry": {"type": "LineString", "coordinates": [[-8.9711274, 39.0061936], [-8.9711023, 39.0061253], [-8.9710552, 39.0060645], [-8.9709893, 39.0060153], [-8.9709091, 39.0059812]]}, "properties": {"highway": "primary", "junction": "roundabout", "lanes": "2", "name": "Rotunda das Quintas", "ref": "EN 1", "surface": "asphalt"}}, {"type": "Feature", "geometry": {"type": "LineString", "coordinates": [[-8.9705533, 39.0060306], [-8.970499, 39.0060778], [-8.9704604, 39.0061335], [-8.9704394, 39.0061946], [-8.9704374, 39.0062578]]}, "properties": {"highway": "primary", "junction": "roundabout", "lanes": "2", "name": "Rotunda das Quintas", "ref": "EN 1", "surface": "asphalt"}}, {"type": "Feature", "geometry": {"type": "LineString", "coordinates": [[-8.9705769, 39.0060158], [-8.9705533, 39.0060306]]}, "properties": {"highway": "primary", "junction": "roundabout", "lanes": "2", "name": "Rotunda das Quintas", "ref": "EN 1", "surface": "asphalt"}}, {"type": "Feature", "geometry": {"type": "LineString", "coordinates": [[-8.831831, 39.6893056], [-8.8322235, 39.6884168]]}, "properties": {"cycleway:both": "no", "highway": "primary", "lanes": "3", "lanes:backward": "1", "lanes:forward": "2", "lit": "yes", "ref": "EN 1", "sidewalk": "no", "smoothness": "good", "surface": "asphalt"}}, {"type": "Feature", "geometry": {"type": "LineString", "coordinates": [[-8.4806999, 40.7966305], [-8.4807108, 40.7967226], [-8.480749, 40.7968204], [-8.4808006, 40.7969573], [-8.4808466, 40.7970605], [-8.4808963, 40.7971724], [-8.4809949, 40.7973848], [-8.4810809, 40.7975852], [-8.4811087, 40.7976499], [-8.4811194, 40.7976749], [-8.4811512, 40.7977418]]}, "properties": {"highway": "primary", "lanes": "1", "maxspeed": "50", "name": "Estrada Nacional 1", "old_name": "Estrada Nacional 1", "oneway": "yes", "ref": "IC 2;EN 1", "surface": "asphalt"}}, {"type": "Feature", "geometry": {"type": "LineString", "coordinates": [[-8.4732864, 40.6593625], [-8.4720003, 40.6582309]]}, "properties": {"highway": "primary", "lanes": "2", "maxspeed": "70", "oneway": "no", "ref": "IC 2;EN 1", "surface": "asphalt"}}, {"type": "Feature", "geometry": {"type": "LineString", "coordinates": [[-8.4720003, 40.6582309], [-8.4718825, 40.6581409]]}, "properties": {"highway": "primary", "lanes": "2", "maxspeed": "70", "oneway": "no", "ref": "IC 2;EN 1", "surface": "asphalt"}}, {"type": "Feature", "geometry": {"type": "LineString", "coordinates": [[-8.475418, 40.6926024], [-8.4756916, 40.6927546], [-8.476237, 40.693086], [-8.4766734, 40.6933848], [-8.4768716, 40.6935551], [-8.4772789, 40.6939373]]}, "properties": {"highway": "trunk", "lanes": "1", "oneway": "yes", "ref": "IC 2;EN 1"}}, {"type": "Feature", "geometry": {"type": "LineString", "coordinates": [[-8.4421002, 40.2653905], [-8.4421823, 40.2652219], [-8.4421773, 40.2650285], [-8.442109, 40.2648004]]}, "properties": {"highway": "primary", "name": "Rua de Coimbra", "ref": "EN 1"}}, {"type": "Feature", "geometry": {"type": "LineString", "coordinates": [[-8.442109, 40.2648004], [-8.4420093, 40.2644572]]}, "properties": {"bridge": "yes", "highway": "primary", "layer": "1", "name": "Rua de Coimbra", "ref": "EN 1"}}, {"type": "Feature", "geometry": {"type": "LineString", "coordinates": [[-8.5662931, 41.0508263], [-8.5663636, 41.0514314]]}, "properties": {"highway": "primary", "lanes": "2", "lit": "yes", "maxspeed": "50", "name": "Avenida Doutor Moreira de Sousa", "old_ref": "EN 1", "oneway": "no", "ref": "EN 1", "source": "BING", "surface": "asphalt"}}, {"type": "Feature", "geometry": {"type": "LineString", "coordinates": [[-8.5673426, 41.0571599], [-8.5673424, 41.0571377], [-8.5673358, 41.0571051], [-8.5672473, 41.0569469], [-8.5671777, 41.0568226], [-8.5671268, 41.0567591], [-8.5670807, 41.0567303]]}, "properties": {"highway": "primary", "junction": "roundabout", "lanes": "2", "lit": "yes", "name": "Avenida Doutor Moreira de Sousa", "ref": "EN 1", "source": "BING", "surface": "asphalt"}}, {"type": "Feature", "geometry": {"type": "LineString", "coordinates": [[-8.575946, 41.0668575], [-8.5759328, 41.066888], [-8.5759309, 41.0669202], [-8.5759406, 41.0669515], [-8.5759612, 41.0669797], [-8.5759911, 41.0670026], [-8.5760281, 41.0670186]]}, "properties": {"highway": "primary", "junction": "roundabout", "lanes": "1", "lit": "yes", "maxspeed": "50", "name": "Avenida Doutor Moreira de Sousa", "ref": "EN 1", "surface": "asphalt"}}, {"type": "Feature", "geometry": {"type": "LineString", "coordinates": [[-8.5760281, 41.0670186], [-8.5760694, 41.0670265], [-8.5761121, 41.0670257], [-8.5761528, 41.0670162], [-8.5761887, 41.0669989], [-8.576217, 41.0669748]]}, "properties": {"highway": "primary", "junction": "roundabout", "lanes": "1", "lit": "yes", "maxspeed": "50", "name": "Avenida Doutor Moreira de Sousa", "ref": "EN 1", "surface": "asphalt"}}, {"type": "Feature", "geometry": {"type": "LineString", "coordinates": [[-8.5762384, 41.0674606], [-8.5762825, 41.06747], [-8.5763282, 41.0674691]]}, "properties": {"highway": "primary", "junction": "roundabout", "lanes": "1", "lit": "yes", "maxspeed": "50", "name": "Avenida Doutor Moreira de Sousa", "ref": "EN 1", "surface": "asphalt"}}, {"type": "Feature", "geometry": {"type": "LineString", "coordinates": [[-8.5763282, 41.0674691], [-8.5763716, 41.0674582], [-8.5764088, 41.067438], [-8.5764359, 41.067413], [-8.5764521, 41.0673781]]}, "properties": {"highway": "primary", "junction": "roundabout", "lanes": "1", "lit": "yes", "maxspeed": "50", "name": "Avenida Doutor Moreira de Sousa", "ref": "EN 1", "surface": "asphalt"}}, {"type": "Feature", "geometry": {"type": "LineString", "coordinates": [[-8.5790617, 41.0718964], [-8.5790779, 41.0718407], [-8.5790735, 41.0717839], [-8.5790488, 41.07173], [-8.5790057, 41.0716833], [-8.5789474, 41.071647]]}, "properties": {"alt_name": "Rotunda B. Volunt\u00e1rios dos Carvalhos; Rotunda B. V. dos Carvalhos", "highway": "primary", "junction": "roundabout", "lanes": "2", "name": "Rotunda Bombeiros Volunt\u00e1rios dos Carvalhos", "ref": "EN 1", "surface": "asphalt"}}, {"type": "Feature", "geometry": {"type": "LineString", "coordinates": [[-8.5788034, 41.0716161], [-8.5787292, 41.0716236], [-8.5786604, 41.0716458], [-8.5786021, 41.0716812]]}, "properties": {"alt_name": "Rotunda B. Volunt\u00e1rios dos Carvalhos; Rotunda B. V. dos Carvalhos", "highway": "primary", "junction": "roundabout", "lanes": "2", "name": "Rotunda Bombeiros Volunt\u00e1rios dos Carvalhos", "ref": "EN 1", "surface": "asphalt"}}, {"type": "Feature", "geometry": {"type": "LineString", "coordinates": [[-8.5789474, 41.071647], [-8.5788782, 41.0716241], [-8.5788034, 41.0716161]]}, "properties": {"alt_name": "Rotunda B. Volunt\u00e1rios dos Carvalhos; Rotunda B. V. dos Carvalhos", "highway": "primary", "junction": "roundabout", "lanes": "2", "name": "Rotunda Bombeiros Volunt\u00e1rios dos Carvalhos", "ref": "EN 1", "surface": "asphalt"}}, {"type": "Feature", "geometry": {"type": "LineString", "coordinates": [[-8.5938906, 41.0913618], [-8.5938944, 41.0913507], [-8.5938972, 41.0913318], [-8.5938957, 41.0913128], [-8.5938899, 41.0912943], [-8.593879, 41.0912757], [-8.5938638, 41.0912589], [-8.5938446, 41.0912445], [-8.5938223, 41.091233], [-8.5937999, 41.0912255], [-8.5937761, 41.0912209], [-8.5937517, 41.0912194]]}, "properties": {"highway": "primary", "junction": "roundabout", "lanes": "2", "name": "Rotunda de Canelas", "ref": "EN 1", "source": "Bing", "surface": "asphalt"}}, {"type": "Feature", "geometry": {"type": "LineString", "coordinates": [[-8.5937214, 41.0912219], [-8.5936926, 41.0912291], [-8.5936664, 41.0912406], [-8.5936439, 41.091256], [-8.5936261, 41.0912746], [-8.5936139, 41.0912955], [-8.5936078, 41.0913179]]}, "properties": {"highway": "primary", "junction": "roundabout", "lanes": "2", "name": "Rotunda de Canelas", "ref": "EN 1", "source": "Bing", "surface": "asphalt"}}, {"type": "Feature", "geometry": {"type": "LineString", "coordinates": [[-8.596884, 41.0936466], [-8.5969695, 41.0936905], [-8.5972168, 41.0938235], [-8.5977136, 41.0940806], [-8.5977475, 41.0941035], [-8.5978707, 41.0941725]]}, "properties": {"highway": "primary", "lanes": "2", "lit": "yes", "name": "Rua da Rechousa", "oneway": "no", "ref": "EN 1", "smoothness": "good", "source": "BING", "surface": "asphalt"}}, {"type": "Feature", "geometry": {"type": "LineString", "coordinates": [[-8.5937557, 41.091438], [-8.5937833, 41.0914356], [-8.5938122, 41.0914284], [-8.5938384, 41.0914168], [-8.5938608, 41.0914014], [-8.5938784, 41.0913827], [-8.5938906, 41.0913618]]}, "properties": {"highway": "primary", "junction": "roundabout", "lanes": "2", "name": "Rotunda de Canelas", "ref": "EN 1", "source": "Bing", "surface": "asphalt"}}, {"type": "Feature", "geometry": {"type": "LineString", "coordinates": [[-8.5937517, 41.0912194], [-8.5937214, 41.0912219]]}, "properties": {"highway": "primary", "junction": "roundabout", "lanes": "2", "name": "Rotunda de Canelas", "ref": "EN 1", "source": "Bing", "surface": "asphalt"}}, {"type": "Feature", "geometry": {"type": "LineString", "coordinates": [[-8.5764521, 41.0673781], [-8.5764544, 41.0673437], [-8.5764431, 41.0673102], [-8.5764193, 41.0672808], [-8.576385, 41.067258], [-8.5763433, 41.0672438]]}, "properties": {"highway": "primary", "junction": "roundabout", "lanes": "1", "lit": "yes", "maxspeed": "50", "name": "Avenida Doutor Moreira de Sousa", "ref": "EN 1", "surface": "asphalt"}}, {"type": "Feature", "geometry": {"type": "LineString", "coordinates": [[-8.5760408, 41.0667963], [-8.5760021, 41.0668098], [-8.5759697, 41.0668308], [-8.575946, 41.0668575]]}, "properties": {"highway": "primary", "junction": "roundabout", "lanes": "1", "lit": "yes", "maxspeed": "50", "name": "Avenida Doutor Moreira de Sousa", "ref": "EN 1", "surface": "asphalt"}}, {"type": "Feature", "geometry": {"type": "LineString", "coordinates": [[-8.5672099, 41.0572806], [-8.5672272, 41.0572751], [-8.5672445, 41.0572697]]}, "properties": {"highway": "primary", "junction": "roundabout", "lanes": "2", "lit": "yes", "name": "Avenida Doutor Moreira de Sousa", "ref": "EN 1", "source": "BING", "surface": "asphalt"}}, {"type": "Feature", "geometry": {"type": "LineString", "coordinates": [[-8.5670807, 41.0567303], [-8.5670232, 41.056717], [-8.5669635, 41.0567212], [-8.5669105, 41.0567424]]}, "properties": {"highway": "primary", "junction": "roundabout", "lanes": "2", "lit": "yes", "name": "Avenida Doutor Moreira de Sousa", "ref": "EN 1", "source": "BING", "surface": "asphalt"}}, {"type": "Feature", "geometry": {"type": "LineString", "coordinates": [[-8.5669105, 41.0567424], [-8.5668721, 41.0567772], [-8.5668544, 41.0568206], [-8.5668538, 41.0568663]]}, "properties": {"highway": "primary", "junction": "roundabout", "lanes": "2", "lit": "yes", "name": "Avenida Doutor Moreira de Sousa", "ref": "EN 1", "source": "BING", "surface": "asphalt"}}, {"type": "Feature", "geometry": {"type": "LineString", "coordinates": [[-8.5761574, 41.0673155], [-8.5761483, 41.0673493], [-8.5761529, 41.0673836], [-8.5761706, 41.0674154]]}, "properties": {"highway": "primary", "junction": "roundabout", "lanes": "1", "lit": "yes", "maxspeed": "50", "name": "Avenida Doutor Moreira de Sousa", "ref": "EN 1", "surface": "asphalt"}}, {"type": "Feature", "geometry": {"type": "LineString", "coordinates": [[-8.5542443, 41.0251539], [-8.5542185, 41.0249968], [-8.5541868, 41.024716]]}, "properties": {"highway": "primary", "lanes": "1", "lit": "yes", "maxspeed": "50", "name": "Avenida de S\u00e3o Salvador", "oneway": "yes", "ref": "EN 1", "source": "BING", "surface": "asphalt"}}, {"type": "Feature", "geometry": {"type": "LineString", "coordinates": [[-8.5761706, 41.0674154], [-8.5762, 41.0674419], [-8.5762384, 41.0674606]]}, "properties": {"highway": "primary", "junction": "roundabout", "lanes": "1", "lit": "yes", "maxspeed": "50", "name": "Avenida Doutor Moreira de Sousa", "ref": "EN 1", "surface": "asphalt"}}, {"type": "Feature", "geometry": {"type": "LineString", "coordinates": [[-8.5403763, 40.9974492], [-8.540343, 40.9973806]]}, "properties": {"highway": "primary", "lanes": "2", "lit": "yes", "maxspeed": "50", "name": "Avenida Principal", "note": "mesmo tendo oficialmente sido alterada para IC2, ainda \u00e9 referida nas placas no terreno como N1 por isso a ref principal deve levar ambas as refer\u00eancias", "old_ref": "EN 1", "oneway": "no", "ref": "EN 1", "ref:official": "IC 2", "sidewalk": "both", "surface": "asphalt"}}, {"type": "Feature", "geometry": {"type": "LineString", "coordinates": [[-8.5552854, 41.0097817], [-8.5551904, 41.0097881], [-8.5551003, 41.009812], [-8.5550208, 41.0098518]]}, "properties": {"alt_name": "Rua da Estrada Nacional N.\u00ba 1;Estrada Nacional N\u00ba1;Rua da Estrada Nacional N\u00famero 1;Rua EN1;EN1;Estrada Nacional 1", "highway": "primary", "junction": "roundabout", "lanes": "3", "name": "Rua Estrada Nacional N\u00ba 1", "note": "mesmo tendo oficialmente sido alterada para IC2, ainda \u00e9 referida nas placas no terreno como N1 por isso a ref principal deve levar ambas as refer\u00eancias", "old_ref": "EN 1", "ref": "EN 1", "ref:official": "IC 2", "source": "BING", "surface": "asphalt"}}, {"type": "Feature", "geometry": {"type": "LineString", "coordinates": [[-8.5550958, 41.0103256], [-8.5552197, 41.0103607], [-8.5552999, 41.0103626]]}, "properties": {"alt_name": "Rua da Estrada Nacional N.\u00ba 1;Estrada Nacional N\u00ba1;Rua da Estrada Nacional N\u00famero 1;Rua EN1;EN1;Estrada Nacional 1", "highway": "primary", "junction": "roundabout", "lanes": "3", "name": "Rua Estrada Nacional N\u00ba 1", "note": "mesmo tendo oficialmente sido alterada para IC2, ainda \u00e9 referida nas placas no terreno como N1 por isso a ref principal deve levar ambas as refer\u00eancias", "old_ref": "EN 1", "ref": "EN 1", "ref:official": "IC 2", "source": "BING", "surface": "asphalt"}}, {"type": "Feature", "geometry": {"type": "LineString", "coordinates": [[-8.538031, 40.9671779], [-8.5380898, 40.9674328], [-8.5381085, 40.9675564]]}, "properties": {"highway": "primary", "lanes": "2", "lit": "yes", "maxspeed": "50", "name": "Rua do Areal", "oneway": "no", "ref": "EN 1", "surface": "asphalt"}}, {"type": "Feature", "geometry": {"type": "LineString", "coordinates": [[-8.5381536, 40.9695046], [-8.5381748, 40.9694909], [-8.5381972, 40.9694737], [-8.5382243, 40.9694392], [-8.5382384, 40.9694005], [-8.5382385, 40.9693824], [-8.5382387, 40.9693604], [-8.538225, 40.9693217], [-8.5381983, 40.969287], [-8.5381648, 40.9692613]]}, "properties": {"highway": "primary", "junction": "roundabout", "lanes": "2", "maxspeed": "50", "name": "Avenida Principal", "ref": "EN 1", "surface": "asphalt"}}, {"type": "Feature", "geometry": {"type": "LineString", "coordinates": [[-8.537889, 40.96948], [-8.5379333, 40.9695084], [-8.5379865, 40.969526], [-8.5380442, 40.9695314], [-8.5381015, 40.969524], [-8.5381536, 40.9695046]]}, "properties": {"highway": "primary", "junction": "roundabout", "lanes": "2", "maxspeed": "50", "name": "Avenida Principal", "ref": "EN 1", "surface": "asphalt"}}, {"type": "Feature", "geometry": {"type": "LineString", "coordinates": [[-8.5381648, 40.9692613], [-8.5381178, 40.9692402], [-8.5380651, 40.9692295], [-8.5380104, 40.9692299], [-8.537958, 40.9692414], [-8.5379115, 40.9692631]]}, "properties": {"highway": "primary", "junction": "roundabout", "lanes": "2", "maxspeed": "50", "name": "Avenida Principal", "ref": "EN 1", "surface": "asphalt"}}, {"type": "Feature", "geometry": {"type": "LineString", "coordinates": [[-8.5363735, 40.9806766], [-8.5363962, 40.9806608], [-8.5364158, 40.9806412], [-8.5364352, 40.9806085], [-8.5364423, 40.9805732], [-8.5364368, 40.9805377], [-8.5364268, 40.9805161]]}, "properties": {"highway": "primary", "junction": "roundabout", "lanes": "2", "lit": "yes", "maxspeed": "50", "name": "Avenida Principal", "ref": "EN 1", "surface": "asphalt"}}, {"type": "Feature", "geometry": {"type": "LineString", "coordinates": [[-8.5362061, 40.9806965], [-8.5362687, 40.980705], [-8.53633, 40.9806951], [-8.5363735, 40.9806766]]}, "properties": {"highway": "primary", "junction": "roundabout", "lanes": "2", "lit": "yes", "maxspeed": "50", "name": "Avenida Principal", "ref": "EN 1", "surface": "asphalt"}}, {"type": "Feature", "geometry": {"type": "LineString", "coordinates": [[-8.5364268, 40.9805161], [-8.5363973, 40.9804819], [-8.5363554, 40.980456], [-8.5363051, 40.9804408], [-8.5362511, 40.9804379]]}, "properties": {"highway": "primary", "junction": "roundabout", "lanes": "2", "lit": "yes", "maxspeed": "50", "name": "Avenida Principal", "ref": "EN 1", "surface": "asphalt"}}, {"type": "Feature", "geometry": {"type": "LineString", "coordinates": [[-8.5373678, 40.9882547], [-8.5373308, 40.9882755], [-8.5373034, 40.9883036], [-8.5372883, 40.9883366], [-8.5372867, 40.9883714], [-8.5372988, 40.9884051], [-8.5373235, 40.9884345], [-8.5373586, 40.9884572], [-8.537401, 40.9884711]]}, "properties": {"highway": "primary", "junction": "roundabout", "lanes": "1", "maxspeed": "50", "name": "Avenida Principal", "ref": "EN 1", "smoothness": "excellent", "surface": "asphalt"}}, {"type": "Feature", "geometry": {"type": "LineString", "coordinates": [[-8.537401, 40.9884711], [-8.5374469, 40.9884749], [-8.537497, 40.9884647], [-8.5375331, 40.9884519]]}, "properties": {"highway": "primary", "junction": "roundabout", "lanes": "1", "maxspeed": "50", "name": "Avenida Principal", "ref": "EN 1", "smoothness": "excellent", "surface": "asphalt"}}, {"type": "Feature", "geometry": {"type": "LineString", "coordinates": [[-8.5375022, 40.9882506], [-8.5374576, 40.9882417], [-8.5374114, 40.9882431], [-8.5373678, 40.9882547]]}, "properties": {"highway": "primary", "junction": "roundabout", "lanes": "1", "maxspeed": "50", "name": "Avenida Principal", "ref": "EN 1", "smoothness": "excellent", "surface": "asphalt"}}, {"type": "Feature", "geometry": {"type": "LineString", "coordinates": [[-8.5394088, 40.9949569], [-8.5393835, 40.9949717], [-8.5393628, 40.9949901], [-8.5393476, 40.9950114], [-8.5393387, 40.9950346]]}, "properties": {"highway": "primary", "junction": "roundabout", "lane_markings": "no", "lanes": "2", "lit": "yes", "maxspeed": "50", "name": "Rua Dom Ximenes Belo", "ref": "EN 1", "sidewalk": "right", "surface": "asphalt"}}, {"type": "Feature", "geometry": {"type": "LineString", "coordinates": [[-8.5393387, 40.9950346], [-8.5393363, 40.9950587], [-8.5393407, 40.9950827], [-8.5393515, 40.9951054], [-8.5393683, 40.995126], [-8.5393905, 40.9951434]]}, "properties": {"highway": "primary", "junction": "roundabout", "lane_markings": "no", "lanes": "2", "lit": "yes", "maxspeed": "50", "name": "Rua Dom Ximenes Belo", "ref": "EN 1", "sidewalk": "right", "surface": "asphalt"}}, {"type": "Feature", "geometry": {"type": "LineString", "coordinates": [[-8.5393905, 40.9951434], [-8.539417, 40.995157], [-8.5394466, 40.9951662]]}, "properties": {"highway": "primary", "junction": "roundabout", "lane_markings": "no", "lanes": "2", "lit": "yes", "maxspeed": "50", "name": "Rua Dom Ximenes Belo", "ref": "EN 1", "sidewalk": "right", "surface": "asphalt"}}, {"type": "Feature", "geometry": {"type": "LineString", "coordinates": [[-8.5418129, 40.9998243], [-8.5415915, 40.9996435]]}, "properties": {"alt_name": "Rua da Estrada Nacional N.\u00ba 1;Estrada Nacional N\u00ba1;Rua da Estrada Nacional N\u00famero 1;Rua EN1;EN1;Estrada Nacional 1", "highway": "primary", "lanes": "2", "lit": "yes", "maxspeed": "50", "name": "Rua Estrada Nacional N\u00ba 1", "note": "mesmo tendo oficialmente sido alterada para IC2, ainda \u00e9 referida nas placas no terreno como N1 por isso a ref principal deve levar ambas as refer\u00eancias", "old_ref": "EN 1", "oneway": "no", "ref": "EN 1", "ref:official": "IC 2", "surface": "asphalt"}}, {"type": "Feature", "geometry": {"type": "LineString", "coordinates": [[-8.5550655, 41.0095399], [-8.5550294, 41.0094568], [-8.55473, 41.0088092], [-8.5546249, 41.0086124], [-8.554541, 41.0084695], [-8.554488, 41.0084042], [-8.5542017, 41.0080581], [-8.5541246, 41.0079742]]}, "properties": {"alt_name": "Rua da Estrada Nacional N.\u00ba 1;Estrada Nacional N\u00ba1;Rua da Estrada Nacional N\u00famero 1;Rua EN1;EN1;Estrada Nacional 1", "highway": "primary", "lanes": "2", "lit": "yes", "maxspeed": "50", "name": "Rua Estrada Nacional N\u00ba 1", "note": "mesmo tendo oficialmente sido alterada para IC2, ainda \u00e9 referida nas placas no terreno como N1 por isso a ref principal deve levar ambas as refer\u00eancias", "old_ref": "EN 1", "oneway": "no", "ref": "EN 1", "ref:official": "IC 2", "surface": "asphalt"}}, {"type": "Feature", "geometry": {"type": "LineString", "coordinates": [[-8.5541246, 41.0079742], [-8.5540739, 41.0079182]]}, "properties": {"alt_name": "Rua da Estrada Nacional N.\u00ba 1;Estrada Nacional N\u00ba1;Rua da Estrada Nacional N\u00famero 1;Rua EN1;EN1;Estrada Nacional 1", "highway": "primary", "lanes": "2", "lit": "yes", "maxspeed": "50", "name": "Rua Estrada Nacional N\u00ba 1", "note": "mesmo tendo oficialmente sido alterada para IC2, ainda \u00e9 referida nas placas no terreno como N1 por isso a ref principal deve levar ambas as refer\u00eancias", "old_ref": "EN 1", "oneway": "no", "ref": "EN 1", "ref:official": "IC 2", "surface": "asphalt"}}, {"type": "Feature", "geometry": {"type": "LineString", "coordinates": [[-8.5648526, 41.0464043], [-8.5648361, 41.0464259], [-8.5648219, 41.0464658], [-8.5648255, 41.046507], [-8.5648464, 41.0465452]]}, "properties": {"highway": "primary", "junction": "roundabout", "lanes": "2", "lit": "yes", "name": "Avenida Doutor Moreira de Sousa", "ref": "EN 1", "surface": "asphalt"}}, {"type": "Feature", "geometry": {"type": "LineString", "coordinates": [[-8.5648916, 41.0465815], [-8.5649386, 41.0465992], [-8.5649906, 41.0466051], [-8.5650424, 41.0465986], [-8.565089, 41.0465803], [-8.5651259, 41.0465521]]}, "properties": {"highway": "primary", "junction": "roundabout", "lanes": "2", "lit": "yes", "name": "Avenida Doutor Moreira de Sousa", "ref": "EN 1", "surface": "asphalt"}}, {"type": "Feature", "geometry": {"type": "LineString", "coordinates": [[-8.5650273, 41.0463547], [-8.5649782, 41.0463517], [-8.56493, 41.0463596], [-8.5648869, 41.0463776], [-8.5648526, 41.0464043]]}, "properties": {"highway": "primary", "junction": "roundabout", "lanes": "2", "lit": "yes", "name": "Avenida Doutor Moreira de Sousa", "ref": "EN 1", "surface": "asphalt"}}, {"type": "Feature", "geometry": {"type": "LineString", "coordinates": [[-8.5789087, 41.0720166], [-8.5789738, 41.0719877], [-8.5790261, 41.0719466], [-8.5790617, 41.0718964]]}, "properties": {"alt_name": "Rotunda B. Volunt\u00e1rios dos Carvalhos; Rotunda B. V. dos Carvalhos", "highway": "primary", "junction": "roundabout", "lanes": "2", "name": "Rotunda Bombeiros Volunt\u00e1rios dos Carvalhos", "ref": "EN 1", "surface": "asphalt"}}, {"type": "Feature", "geometry": {"type": "LineString", "coordinates": [[-8.4533219, 40.4804655], [-8.4532728, 40.4805447], [-8.4531835, 40.4806635], [-8.4530949, 40.4807754], [-8.453044, 40.4808301], [-8.4530104, 40.4808718]]}, "properties": {"highway": "primary", "lanes": "2", "maxspeed": "50", "oneway": "no", "ref": "IC 2;EN 1", "surface": "asphalt"}}, {"type": "Feature", "geometry": {"type": "LineString", "coordinates": [[-8.4533927, 40.4803386], [-8.4533219, 40.4804655]]}, "properties": {"highway": "primary", "lanes": "2", "maxspeed": "50", "oneway": "no", "ref": "IC 2;EN 1", "surface": "asphalt"}}, {"type": "Feature", "geometry": {"type": "LineString", "coordinates": [[-8.4534243, 40.48025], [-8.4533927, 40.4803386]]}, "properties": {"highway": "primary", "lanes": "2", "maxspeed": "50", "oneway": "no", "ref": "IC 2;EN 1", "surface": "asphalt"}}, {"type": "Feature", "geometry": {"type": "LineString", "coordinates": [[-8.4506365, 40.3900791], [-8.4506366, 40.3901064]]}, "properties": {"highway": "primary", "lanes": "2", "maxspeed": "50", "name": "Avenida da Restaura\u00e7\u00e3o", "oneway": "no", "ref": "IC 2;EN 1", "source": "Bing", "surface": "asphalt"}}, {"type": "Feature", "geometry": {"type": "LineString", "coordinates": [[-8.4662345, 40.6449845], [-8.4661084, 40.6452552], [-8.466065, 40.6453741], [-8.4659301, 40.6457711], [-8.465914, 40.6458139]]}, "properties": {"highway": "primary", "lanes": "1", "maxspeed": "70", "oneway": "yes", "ref": "IC 2;EN 1", "surface": "asphalt"}}, {"type": "Feature", "geometry": {"type": "LineString", "coordinates": [[-8.4544263, 40.366831], [-8.4543914, 40.3668834], [-8.4543674, 40.3669498], [-8.4543617, 40.3670134], [-8.45436, 40.3670769], [-8.4543686, 40.3671559], [-8.4544037, 40.3672318], [-8.4544731, 40.3673167]]}, "properties": {"highway": "primary", "junction": "roundabout", "lanes": "2", "maxspeed": "50", "ref": "IC 2;EN 1", "surface": "asphalt"}}, {"type": "Feature", "geometry": {"type": "LineString", "coordinates": [[-8.6064653, 41.1152966], [-8.6063969, 41.1152627], [-8.6062949, 41.1151974]]}, "properties": {"access": "yes", "bicycle": "yes", "cycleway": "no", "highway": "primary", "lanes": "2", "lit": "yes", "maxspeed": "50", "name": "Rua Soares dos Reis", "name:etymology:wikidata": "Q611418", "oneway": "no", "ref": "EN 1", "sidewalk": "both", "surface": "asphalt"}}, {"type": "Feature", "geometry": {"type": "LineString", "coordinates": [[-8.5991339, 41.0968166], [-8.5992491, 41.0971228]]}, "properties": {"cycleway:both": "no", "highway": "primary", "lanes": "2", "name": "Rua do Alto das Torres", "oneway": "no", "ref": "EN 1", "source": "BING", "surface": "asphalt"}}, {"type": "Feature", "geometry": {"type": "LineString", "coordinates": [[-8.5485444, 41.0023641], [-8.5475886, 41.0020248], [-8.5473602, 41.0019397], [-8.5441254, 41.0007683], [-8.5430346, 41.0003693], [-8.5423871, 41.0001325], [-8.5421357, 41.0000222], [-8.5420352, 40.9999664], [-8.5419605, 40.9999231], [-8.5418129, 40.9998243]]}, "properties": {"alt_name": "Rua da Estrada Nacional N.\u00ba 1;Estrada Nacional N\u00ba1;Rua da Estrada Nacional N\u00famero 1;Rua EN1;EN1;Estrada Nacional 1", "highway": "primary", "lanes": "2", "lit": "yes", "maxspeed": "50", "name": "Rua Estrada Nacional N\u00ba 1", "note": "mesmo tendo oficialmente sido alterada para IC2, ainda \u00e9 referida nas placas no terreno como N1 por isso a ref principal deve levar ambas as refer\u00eancias", "old_ref": "EN 1", "oneway": "no", "ref": "EN 1", "ref:official": "IC 2", "surface": "asphalt"}}, {"type": "Feature", "geometry": {"type": "LineString", "coordinates": [[-8.5039678, 40.9302678], [-8.5039832, 40.930401], [-8.5040215, 40.9306352], [-8.5040704, 40.9309332], [-8.5041277, 40.9311927], [-8.5041705, 40.9313863], [-8.5042399, 40.9316881], [-8.5043478, 40.9320943], [-8.5044704, 40.93256], [-8.5045686, 40.9329536], [-8.5046052, 40.9330999], [-8.5046151, 40.9331397], [-8.5046189, 40.9331545], [-8.5046638, 40.9333289]]}, "properties": {"highway": "primary", "lanes": "2", "maxspeed": "50", "name": "Rua da Meia L\u00e9gua", "oneway": "no", "ref": "EN 1", "surface": "asphalt"}}, {"type": "Feature", "geometry": {"type": "LineString", "coordinates": [[-8.4851215, 40.864089], [-8.4851115, 40.8641438], [-8.4850308, 40.8645859], [-8.4850163, 40.8646977], [-8.4849891, 40.8649075], [-8.4849826, 40.8649906], [-8.4849785, 40.8650431], [-8.4849641, 40.865163], [-8.4849437, 40.8652596], [-8.4848928, 40.8655013], [-8.484866, 40.8656766]]}, "properties": {"highway": "primary", "lanes": "2", "name": "Rua Jos\u00e9 Maria Castro Lopes Junior", "old_ref": "EN 1", "oneway": "no", "ref": "EN 1", "surface": "asphalt"}}, {"type": "Feature", "geometry": {"type": "LineString", "coordinates": [[-8.4856127, 40.8570291], [-8.4857496, 40.8568991], [-8.4859201, 40.8568081], [-8.4859967, 40.8567783], [-8.4861581, 40.8567339], [-8.4864561, 40.8566003], [-8.4867108, 40.8564179], [-8.4868032, 40.856333]]}, "properties": {"highway": "primary", "lanes": "2", "name": "Rua Manuel Jos\u00e9 de Pinho Junior", "ref": "EN 1", "source": "bing", "surface": "asphalt"}}, {"type": "Feature", "geometry": {"type": "LineString", "coordinates": [[-8.4868032, 40.856333], [-8.4870649, 40.8560422]]}, "properties": {"highway": "primary", "lanes": "2", "name": "Rua Manuel Jos\u00e9 de Pinho Junior", "ref": "EN 1", "source": "bing", "surface": "asphalt"}}, {"type": "Feature", "geometry": {"type": "LineString", "coordinates": [[-8.4873301, 40.8548771], [-8.4872338, 40.8548304], [-8.4867816, 40.854576], [-8.4861046, 40.8543763]]}, "properties": {"highway": "primary", "lanes": "2", "name": "Rua Tom\u00e1s Figueiredo de Ara\u00fajo Costa", "ref": "EN 1", "surface": "asphalt"}}, {"type": "Feature", "geometry": {"type": "LineString", "coordinates": [[-8.4701583, 40.6371927], [-8.470405, 40.6366799]]}, "properties": {"highway": "primary", "lanes": "1", "maxspeed": "70", "oneway": "yes", "ref": "IC 2;EN 1", "surface": "asphalt"}}, {"type": "Feature", "geometry": {"type": "LineString", "coordinates": [[-8.4613814, 40.5999244], [-8.4614451, 40.5999991]]}, "properties": {"highway": "primary", "lanes": "2", "name": "Rua da Estrada Nacional N\u00ba1", "oneway": "no", "ref": "EN 1", "surface": "asphalt"}}, {"type": "Feature", "geometry": {"type": "LineString", "coordinates": [[-8.4542189, 40.3657348], [-8.4543196, 40.3662446]]}, "properties": {"alt_name": "EN 1", "highway": "trunk", "lanes": "1", "oneway": "yes", "ref": "IC 2;EN 1", "surface": "asphalt"}}, {"type": "Feature", "geometry": {"type": "LineString", "coordinates": [[-8.5672445, 41.0572697], [-8.5672799, 41.057252], [-8.567321, 41.0572125], [-8.5673426, 41.0571599]]}, "properties": {"highway": "primary", "junction": "roundabout", "lanes": "2", "lit": "yes", "name": "Avenida Doutor Moreira de Sousa", "ref": "EN 1", "source": "BING", "surface": "asphalt"}}, {"type": "Feature", "geometry": {"type": "LineString", "coordinates": [[-8.5654281, 41.0474059], [-8.5657909, 41.0481373]]}, "properties": {"highway": "primary", "lanes": "2", "lit": "yes", "maxspeed": "50", "name": "Avenida Doutor Moreira de Sousa", "old_ref": "EN 1", "oneway": "no", "ref": "EN 1", "source": "BING", "surface": "asphalt"}}, {"type": "Feature", "geometry": {"type": "LineString", "coordinates": [[-8.5651604, 41.0470211], [-8.5652541, 41.0471643], [-8.5654281, 41.0474059]]}, "properties": {"highway": "primary", "lanes": "1", "lit": "yes", "maxspeed": "50", "name": "Avenida Doutor Moreira de Sousa", "oneway": "yes", "ref": "EN 1", "source": "bing", "surface": "asphalt"}}, {"type": "Feature", "geometry": {"type": "LineString", "coordinates": [[-8.5648464, 41.0465452], [-8.5648666, 41.046565], [-8.5648916, 41.0465815]]}, "properties": {"highway": "primary", "junction": "roundabout", "lanes": "2", "lit": "yes", "name": "Avenida Doutor Moreira de Sousa", "ref": "EN 1", "surface": "asphalt"}}, {"type": "Feature", "geometry": {"type": "LineString", "coordinates": [[-8.5645276, 41.0456252], [-8.5644706, 41.0455027]]}, "properties": {"highway": "primary", "lanes": "2", "lit": "yes", "name": "Avenida Doutor Moreira de Sousa", "old_ref": "EN 1", "oneway": "no", "ref": "EN 1", "source": "BING", "surface": "asphalt"}}, {"type": "Feature", "geometry": {"type": "LineString", "coordinates": [[-8.5572453, 41.0308192], [-8.5572615, 41.0309237]]}, "properties": {"highway": "primary", "lanes": "2", "lit": "yes", "maxspeed": "50", "name": "Rua de Ernesto Gon\u00e7alves", "old_ref": "EN 1", "oneway": "no", "ref": "EN 1", "smoothness": "good", "source": "BING", "surface": "asphalt"}}, {"type": "Feature", "geometry": {"type": "LineString", "coordinates": [[-8.554953, 41.0265007], [-8.5550345, 41.0266098], [-8.5550985, 41.0266977], [-8.5554635, 41.0272099]]}, "properties": {"highway": "primary", "lanes": "2", "lit": "yes", "maxspeed": "50", "name": "Avenida de S\u00e3o Salvador", "old_ref": "EN 1", "oneway": "no", "ref": "EN 1", "source": "BING", "surface": "asphalt"}}, {"type": "Feature", "geometry": {"type": "LineString", "coordinates": [[-8.5568313, 41.0295244], [-8.556982, 41.0299157]]}, "properties": {"highway": "primary", "lanes": "2", "lit": "yes", "name": "Rua de Ernesto Gon\u00e7alves", "old_ref": "EN 1", "oneway": "no", "ref": "EN 1", "source": "BING", "surface": "asphalt"}}, {"type": "Feature", "geometry": {"type": "LineString", "coordinates": [[-8.5541516, 41.0250687], [-8.5541729, 41.0251607], [-8.55418, 41.0251985]]}, "properties": {"highway": "primary", "lanes": "1", "lit": "yes", "maxspeed": "50", "name": "Avenida de S\u00e3o Salvador", "oneway": "yes", "ref": "EN 1", "surface": "asphalt"}}, {"type": "Feature", "geometry": {"type": "LineString", "coordinates": [[-8.5573036, 41.0159923], [-8.5572006, 41.0155677], [-8.5571373, 41.0153253], [-8.5570139, 41.0148533], [-8.5569921, 41.0147698]]}, "properties": {"alt_name": "Rua da Estrada Nacional N.\u00ba 1;Estrada Nacional N\u00ba1;Rua da Estrada Nacional N\u00famero 1;Rua EN1;EN1;Estrada Nacional 1", "highway": "primary", "lanes": "2", "lit": "yes", "maxspeed": "50", "name": "Rua Estrada Nacional N\u00ba 1", "note": "mesmo tendo oficialmente sido alterada para IC2, ainda \u00e9 referida nas placas no terreno como N1 por isso a ref principal deve levar ambas as refer\u00eancias", "old_ref": "EN 1", "oneway": "no", "ref": "EN 1", "ref:official": "IC 2", "smoothness": "good", "source": "BING", "surface": "asphalt"}}, {"type": "Feature", "geometry": {"type": "LineString", "coordinates": [[-8.5554194, 41.0104379], [-8.5555209, 41.0105241]]}, "properties": {"alt_name": "Rua da Estrada Nacional N.\u00ba 1;Estrada Nacional N\u00ba1;Rua da Estrada Nacional N\u00famero 1;Rua EN1;EN1;Estrada Nacional 1", "destination": "Porto;Carvalhos;Argoncilhe", "destination:ref": "EN 1", "highway": "primary", "lanes": "1", "lit": "yes", "name": "Rua Estrada Nacional N\u00ba 1", "note": "mesmo tendo oficialmente sido alterada para IC2, ainda \u00e9 referida nas placas no terreno como N1 por isso a ref principal deve levar ambas as refer\u00eancias", "old_ref": "EN 1", "oneway": "yes", "ref": "EN 1", "ref:official": "IC 2", "source": "BING", "surface": "asphalt"}}, {"type": "Feature", "geometry": {"type": "LineString", "coordinates": [[-8.4804827, 40.814617], [-8.4801406, 40.8142758], [-8.4800051, 40.8141486]]}, "properties": {"highway": "primary", "name": "Avenida S\u00e1 Carneiro", "oneway": "no", "ref": "EN 1", "source": "Bing"}}, {"type": "Feature", "geometry": {"type": "LineString", "coordinates": [[-8.4835764, 40.7793932], [-8.4839966, 40.7784393]]}, "properties": {"highway": "primary", "lanes": "2", "maxspeed": "50", "name": "Estrada Nacional 1", "old_name": "Estrada Nacional 1", "oneway": "no", "ref": "IC 2;EN 1", "source": "Bing", "surface": "asphalt"}}, {"type": "Feature", "geometry": {"type": "LineString", "coordinates": [[-8.4838652, 40.7721473], [-8.4837011, 40.7714934]]}, "properties": {"highway": "primary", "lanes": "2", "maxspeed": "50", "old_name": "Estrada Nacional 1", "oneway": "no", "ref": "IC 2;EN 1", "source": "Bing", "surface": "asphalt"}}, {"type": "Feature", "geometry": {"type": "LineString", "coordinates": [[-8.4705618, 40.6336425], [-8.4705582, 40.6335842], [-8.4704715, 40.6329971], [-8.4704022, 40.632691], [-8.4702934, 40.6323958], [-8.4701915, 40.6321947], [-8.4700874, 40.6320268], [-8.4700079, 40.6319215], [-8.4698389, 40.6316976], [-8.4697386, 40.6315898], [-8.4696455, 40.6314896], [-8.4693656, 40.6312119], [-8.4690621, 40.6309606], [-8.4688302, 40.630796]]}, "properties": {"highway": "primary", "lanes": "3", "lanes:backward": "1", "lanes:forward": "2", "maxspeed": "70", "oneway": "no", "ref": "IC 2;EN 1", "surface": "asphalt"}}, {"type": "Feature", "geometry": {"type": "LineString", "coordinates": [[-8.4616282, 40.6211873], [-8.461679, 40.6207854]]}, "properties": {"highway": "primary", "lanes": "2", "maxspeed": "70", "oneway": "no", "ref": "IC 2;EN 1", "surface": "asphalt"}}, {"type": "Feature", "geometry": {"type": "LineString", "coordinates": [[-8.4616828, 40.6002841], [-8.4623547, 40.6010895]]}, "properties": {"highway": "primary", "lanes": "2", "name": "Rua da Estrada Nacional N\u00ba1", "oneway": "no", "ref": "EN 1", "surface": "asphalt"}}, {"type": "Feature", "geometry": {"type": "LineString", "coordinates": [[-8.4614451, 40.5999991], [-8.4615569, 40.6001346], [-8.4616828, 40.6002841]]}, "properties": {"highway": "primary", "lanes": "2", "name": "Rua da Estrada Nacional N\u00ba1", "oneway": "no", "ref": "EN 1", "surface": "asphalt"}}, {"type": "Feature", "geometry": {"type": "LineString", "coordinates": [[-8.4504554, 40.5784138], [-8.4502495, 40.5780967], [-8.4501666, 40.5779691], [-8.4499498, 40.5776345], [-8.4498796, 40.5775473], [-8.4498537, 40.577512]]}, "properties": {"highway": "primary", "lanes": "2", "name": "Rua Miseric\u00f3rdia de \u00c1gueda", "ref": "EN 1", "surface": "asphalt", "type": "EN 1"}}, {"type": "Feature", "geometry": {"type": "LineString", "coordinates": [[-8.4546895, 40.4697042], [-8.4547715, 40.4694762]]}, "properties": {"highway": "primary", "lanes": "2", "maxspeed": "90", "oneway": "no", "ref": "IC 2;EN 1", "surface": "asphalt"}}, {"type": "Feature", "geometry": {"type": "LineString", "coordinates": [[-8.9866211, 39.0403554], [-8.9865865, 39.0404177], [-8.9865778, 39.0404853], [-8.986589, 39.0405353], [-8.9866145, 39.040582], [-8.9866531, 39.0406229], [-8.9866974, 39.0406531], [-8.9867489, 39.0406756]]}, "properties": {"highway": "primary", "junction": "roundabout", "lanes": "2", "maxspeed": "50", "ref": "IC 2;EN 1", "surface": "asphalt"}}, {"type": "Feature", "geometry": {"type": "LineString", "coordinates": [[-8.9869012, 39.0402545], [-8.9868361, 39.0402532], [-8.9867724, 39.0402635], [-8.9867133, 39.0402848], [-8.9866619, 39.0403159], [-8.9866211, 39.0403554]]}, "properties": {"highway": "primary", "junction": "roundabout", "lanes": "2", "maxspeed": "50", "ref": "IC 2;EN 1", "surface": "asphalt"}}, {"type": "Feature", "geometry": {"type": "LineString", "coordinates": [[-8.9867489, 39.0406756], [-8.9868263, 39.0406919], [-8.9869066, 39.0406908], [-8.9869832, 39.0406723], [-8.9870502, 39.0406379]]}, "properties": {"highway": "primary", "junction": "roundabout", "lanes": "2", "maxspeed": "50", "ref": "IC 2;EN 1", "surface": "asphalt"}}, {"type": "Feature", "geometry": {"type": "LineString", "coordinates": [[-9.0003107, 39.0656049], [-9.0002646, 39.0655593], [-9.0002025, 39.0655272], [-9.0001306, 39.0655117]]}, "properties": {"highway": "primary", "junction": "roundabout", "lanes": "2", "ref": "IC 2;EN 1", "surface": "asphalt"}}, {"type": "Feature", "geometry": {"type": "LineString", "coordinates": [[-8.9883899, 39.1061395], [-8.9887144, 39.1055913], [-8.9894028, 39.1044444], [-8.9905671, 39.1025266], [-8.9911752, 39.1015747], [-8.9914941, 39.1008748], [-8.9915971, 39.1005418], [-8.9917028, 39.1000974], [-8.9918299, 39.0988094], [-8.9920605, 39.0960922], [-8.9923453, 39.0935806], [-8.9923613, 39.0933748], [-8.9923984, 39.0929373], [-8.9924238, 39.0922522], [-8.9924692, 39.0904175], [-8.9924725, 39.0898925], [-8.9924475, 39.0893971], [-8.9924039, 39.0891039], [-8.992215, 39.0887778], [-8.9919661, 39.0883781], [-8.9919232, 39.0882115], [-8.9919216, 39.0879946], [-8.9919868, 39.0876972], [-8.9920554, 39.0873399], [-8.9921093, 39.0871272], [-8.992188, 39.0869631], [-8.9923411, 39.0867051], [-8.9924605, 39.0864999], [-8.9925237, 39.0863368], [-8.9925495, 39.0861396], [-8.9925069, 39.0859264], [-8.9924554, 39.0857465], [-8.9922846, 39.0853887], [-8.992112, 39.085027], [-8.9919685, 39.0847169], [-8.9919208, 39.0845874], [-8.9918374, 39.0843608], [-8.9914419, 39.0830797], [-8.9913052, 39.0827152], [-8.9912955, 39.0824873], [-8.9912974, 39.0824103], [-8.9913053, 39.0821898], [-8.9913133, 39.082133], [-8.9913585, 39.0815821], [-8.991399, 39.0808342], [-8.9913494, 39.0804917], [-8.9912967, 39.08023], [-8.9912108, 39.0798902], [-8.9911214, 39.0795662], [-8.9910134, 39.0793439], [-8.9909417, 39.0791821], [-8.9908441, 39.0789935], [-8.9907399, 39.0787932], [-8.9906628, 39.0786499], [-8.9905671, 39.0784377], [-8.9904555, 39.0781912], [-8.990404, 39.0779713], [-8.9903783, 39.0777315], [-8.990404, 39.0775316], [-8.9904641, 39.0772717], [-8.9905238, 39.0771145], [-8.9905805, 39.0769856], [-8.9906701, 39.0767653], [-8.9908411, 39.0765304], [-8.9914511, 39.0759058], [-8.9915182, 39.0758402], [-8.9917343, 39.0756288], [-8.9922343, 39.0750412], [-8.9923991, 39.0748213], [-8.9924792, 39.0747209], [-8.9926033, 39.0745513], [-8.9928674, 39.0741334], [-8.9930733, 39.0737935], [-8.9931506, 39.0735537], [-8.9932364, 39.0732271], [-8.9933634, 39.0726141], [-8.9934338, 39.0722743], [-8.9935264, 39.0719678], [-8.9935626, 39.0718478], [-8.9937171, 39.0715146], [-8.9939317, 39.0711348], [-8.9943093, 39.070635], [-8.9947985, 39.0700486], [-8.9950045, 39.0698287], [-8.9951621, 39.0697165], [-8.9952105, 39.0696821], [-8.9954594, 39.0695689], [-8.9961718, 39.0692423], [-8.9962553, 39.0691968], [-8.9964894, 39.0690691], [-8.9971088, 39.0686727], [-8.9975833, 39.0683662], [-8.9981137, 39.0679935], [-8.9984312, 39.0677288], [-8.9987176, 39.0674175], [-8.9992099, 39.066822], [-8.9997262, 39.0661456]]}, "properties": {"highway": "primary", "lanes": "2", "ref": "IC 2;EN 1", "surface": "asphalt"}}, {"type": "Feature", "geometry": {"type": "LineString", "coordinates": [[-8.9880811, 39.106644], [-8.9882403, 39.1063826]]}, "properties": {"highway": "primary", "lanes": "2", "ref": "IC 2;EN 1", "surface": "asphalt"}}, {"type": "Feature", "geometry": {"type": "LineString", "coordinates": [[-8.9887177, 39.1147653], [-8.9886187, 39.1144681]]}, "properties": {"highway": "primary", "lanes": "2", "ref": "IC 2;EN 1", "surface": "asphalt"}}, {"type": "Feature", "geometry": {"type": "LineString", "coordinates": [[-8.9886187, 39.1144681], [-8.9883088, 39.1136289], [-8.9877261, 39.1120507], [-8.9872111, 39.1106188], [-8.9871178, 39.1102084], [-8.9870631, 39.1099329], [-8.9870223, 39.1095266], [-8.9870141, 39.1093301]]}, "properties": {"highway": "primary", "lanes": "2", "ref": "IC 2;EN 1", "surface": "asphalt"}}, {"type": "Feature", "geometry": {"type": "LineString", "coordinates": [[-8.9888411, 39.1151299], [-8.9887177, 39.1147653]]}, "properties": {"highway": "primary", "lanes": "2", "ref": "IC 2;EN 1", "surface": "asphalt"}}, {"type": "Feature", "geometry": {"type": "LineString", "coordinates": [[-8.9944501, 39.2104733], [-8.994439, 39.2104827], [-8.9943558, 39.2105451], [-8.9941178, 39.2106968], [-8.993812, 39.2108713], [-8.9936806, 39.2109389], [-8.9935632, 39.2109971], [-8.9933567, 39.2110875], [-8.9929356, 39.2112631], [-8.9926942, 39.2113805]]}, "properties": {"highway": "primary", "lanes": "1", "oneway": "yes", "ref": "IC 2;EN 1", "surface": "asphalt"}}, {"type": "Feature", "geometry": {"type": "LineString", "coordinates": [[-8.9541952, 39.2351196], [-8.9542774, 39.2346174]]}, "properties": {"highway": "primary", "lanes": "2", "ref": "EN 1", "surface": "asphalt"}}, {"type": "Feature", "geometry": {"type": "LineString", "coordinates": [[-8.9543459, 39.2341907], [-8.9544043, 39.2338217], [-8.9544672, 39.2334046], [-8.9544821, 39.2329773], [-8.9544498, 39.2327393], [-8.954417, 39.2324972], [-8.95425, 39.2317557], [-8.9541208, 39.2307118], [-8.9541933, 39.2299166], [-8.9542787, 39.2293603], [-8.9542902, 39.2292052], [-8.9543082, 39.2288617]]}, "properties": {"highway": "primary", "lanes": "2", "ref": "EN 1", "surface": "asphalt"}}, {"type": "Feature", "geometry": {"type": "LineString", "coordinates": [[-8.9542774, 39.2346174], [-8.9543459, 39.2341907]]}, "properties": {"highway": "primary", "lanes": "2", "ref": "EN 1", "surface": "asphalt"}}, {"type": "Feature", "geometry": {"type": "LineString", "coordinates": [[-8.4764682, 40.8344753], [-8.4763759, 40.8344409]]}, "properties": {"highway": "primary", "lanes": "1", "name": "Rua Ant\u00f3nio Bernardo", "oneway": "no", "ref": "EN 1"}}, {"type": "Feature", "geometry": {"type": "LineString", "coordinates": [[-8.4763759, 40.8344409], [-8.4763961, 40.8344978], [-8.4763918, 40.8345378]]}, "properties": {"highway": "primary", "lanes": "1", "name": "Rua Ant\u00f3nio Bernardo", "oneway": "no", "ref": "EN 1"}}, {"type": "Feature", "geometry": {"type": "LineString", "coordinates": [[-8.5379055, 40.9666297], [-8.5379344, 40.9667562]]}, "properties": {"highway": "primary", "lanes": "2", "lit": "yes", "maxspeed": "50", "name": "Rua do Areal", "oneway": "no", "ref": "EN 1", "surface": "asphalt"}}, {"type": "Feature", "geometry": {"type": "LineString", "coordinates": [[-8.6063189, 41.1200509], [-8.6063293, 41.1199661], [-8.6063621, 41.1195796]]}, "properties": {"highway": "primary", "lanes": "3", "lit": "yes", "name": "Avenida da Rep\u00fablica", "name:etymology:wikidata": "Q167360", "oneway": "yes", "ref": "EN 1", "sidewalk": "right", "smoothness": "good", "surface": "asphalt"}}, {"type": "Feature", "geometry": {"type": "LineString", "coordinates": [[-8.5379344, 40.9667562], [-8.537969, 40.9669075], [-8.5380103, 40.9670882], [-8.538031, 40.9671779]]}, "properties": {"highway": "primary", "lanes": "2", "lit": "yes", "maxspeed": "50", "name": "Rua do Areal", "oneway": "no", "ref": "EN 1", "surface": "asphalt"}}, {"type": "Feature", "geometry": {"type": "LineString", "coordinates": [[-28.0448861, 39.0496228], [-28.0449199, 39.0496017], [-28.0449758, 39.0495832], [-28.045063, 39.0495659], [-28.045139, 39.0495618], [-28.0453893, 39.0495841]]}, "properties": {"highway": "primary", "lanes": "1", "oneway": "yes", "ref": "EN 1", "surface": "asphalt"}}, {"type": "Feature", "geometry": {"type": "LineString", "coordinates": [[-28.0444219, 39.0494049], [-28.0445234, 39.0494472], [-28.0445871, 39.0494831], [-28.0446319, 39.0495199], [-28.0446483, 39.0495491], [-28.0446612, 39.049583]]}, "properties": {"highway": "primary", "lanes": "1", "oneway": "yes", "ref": "EN 1", "surface": "asphalt"}}, {"type": "Feature", "geometry": {"type": "LineString", "coordinates": [[-28.0444219, 39.0494049], [-28.044105, 39.0493418], [-28.0439761, 39.0493098], [-28.0438579, 39.0492669], [-28.0437377, 39.0492065]]}, "properties": {"highway": "primary", "ref": "EN 1", "surface": "asphalt"}}, {"type": "Feature", "geometry": {"type": "LineString", "coordinates": [[-28.0485987, 39.0501441], [-28.0484154, 39.0501063], [-28.048034, 39.05004], [-28.0463341, 39.0497431], [-28.0453893, 39.0495841]]}, "properties": {"highway": "primary", "ref": "EN 1", "surface": "asphalt"}}, {"type": "Feature", "geometry": {"type": "LineString", "coordinates": [[-28.0453893, 39.0495841], [-28.044812, 39.0494722], [-28.0444219, 39.0494049]]}, "properties": {"highway": "primary", "lanes": "1", "oneway": "yes", "ref": "EN 1", "surface": "asphalt"}}, {"type": "Feature", "geometry": {"type": "LineString", "coordinates": [[-28.0448701, 39.0496372], [-28.0448861, 39.0496228], [-28.0448982, 39.0496063], [-28.0449, 39.0496021], [-28.044906, 39.0495883], [-28.0449091, 39.0495694], [-28.0449073, 39.0495505], [-28.0449009, 39.0495321], [-28.0448899, 39.0495151], [-28.0448749, 39.0495001], [-28.0448565, 39.0494876], [-28.0448352, 39.0494782], [-28.044812, 39.0494722], [-28.0447877, 39.0494698], [-28.0447633, 39.0494712], [-28.0447397, 39.0494762], [-28.0447178, 39.0494847], [-28.0446985, 39.0494963], [-28.0446824, 39.0495107], [-28.0446703, 39.0495272], [-28.0446625, 39.0495452], [-28.0446595, 39.0495641], [-28.0446612, 39.049583], [-28.0446677, 39.0496014]]}, "properties": {"highway": "primary", "junction": "roundabout", "lanes": "1", "ref": "EN 1", "surface": "asphalt"}}, {"type": "Feature", "geometry": {"type": "LineString", "coordinates": [[-27.9766377, 39.0522869], [-27.9765339, 39.0522813], [-27.9764876, 39.0522741], [-27.9764613, 39.052267], [-27.976429, 39.0522575]]}, "properties": {"highway": "primary", "oneway": "yes", "ref": "EN 1"}}, {"type": "Feature", "geometry": {"type": "LineString", "coordinates": [[-8.4747861, 40.6922076], [-8.475418, 40.6926024]]}, "properties": {"highway": "trunk", "lanes": "2", "oneway": "yes", "ref": "IC 2;EN 1"}}, {"type": "Feature", "geometry": {"type": "LineString", "coordinates": [[-8.4773235, 40.6939051], [-8.4770696, 40.6936662]]}, "properties": {"highway": "trunk", "lanes": "2", "maxspeed": "70", "oneway": "yes", "ref": "IC 2;EN 1"}}, {"type": "Feature", "geometry": {"type": "LineString", "coordinates": [[-8.4778623, 40.6947277], [-8.477717, 40.6944521], [-8.4774809, 40.6940976]]}, "properties": {"highway": "trunk", "lanes": "2", "maxspeed": "70", "oneway": "yes", "ref": "IC 2;EN 1"}}, {"type": "Feature", "geometry": {"type": "LineString", "coordinates": [[-8.4778886, 40.6949215], [-8.4785593, 40.6963282], [-8.4798584, 40.699042]]}, "properties": {"highway": "trunk", "lane_markings": "no", "lanes": "2", "oneway": "yes", "ref": "IC 2;EN 1"}}, {"type": "Feature", "geometry": {"type": "LineString", "coordinates": [[-8.4798584, 40.699042], [-8.4800884, 40.6995224]]}, "properties": {"highway": "trunk", "lane_markings": "no", "lanes": "3", "oneway": "yes", "ref": "IC 2;EN 1"}}, {"type": "Feature", "geometry": {"type": "LineString", "coordinates": [[-8.4800884, 40.6995224], [-8.4803656, 40.7000717]]}, "properties": {"highway": "trunk", "lane_markings": "no", "lanes": "2", "oneway": "yes", "ref": "IC 2;EN 1"}}, {"type": "Feature", "geometry": {"type": "LineString", "coordinates": [[-8.4807401, 40.7006296], [-8.4803563, 40.6998571]]}, "properties": {"highway": "trunk", "lanes": "1", "maxspeed": "70", "oneway": "yes", "ref": "IC 2;EN 1"}}, {"type": "Feature", "geometry": {"type": "LineString", "coordinates": [[-8.4816051, 40.7023461], [-8.4807401, 40.7006296]]}, "properties": {"highway": "trunk", "lanes": "2", "maxspeed": "70", "oneway": "yes", "ref": "IC 2;EN 1"}}, {"type": "Feature", "geometry": {"type": "LineString", "coordinates": [[-8.4814714, 40.702262], [-8.4818052, 40.7029233]]}, "properties": {"highway": "trunk", "lanes": "1", "oneway": "yes", "ref": "IC 2;EN 1"}}, {"type": "Feature", "geometry": {"type": "LineString", "coordinates": [[-8.4818052, 40.7029233], [-8.4821476, 40.7036448]]}, "properties": {"highway": "trunk", "lanes": "2", "oneway": "yes", "ref": "IC 2;EN 1"}}, {"type": "Feature", "geometry": {"type": "LineString", "coordinates": [[-8.4825436, 40.7042676], [-8.482328, 40.7037955], [-8.4822107, 40.7035582]]}, "properties": {"highway": "trunk", "lanes": "2", "maxspeed": "70", "oneway": "yes", "ref": "IC 2;EN 1"}}, {"type": "Feature", "geometry": {"type": "LineString", "coordinates": [[-8.4822107, 40.7035582], [-8.481886, 40.7029015]]}, "properties": {"highway": "trunk", "lanes": "1", "maxspeed": "70", "oneway": "yes", "ref": "IC 2;EN 1"}}, {"type": "Feature", "geometry": {"type": "LineString", "coordinates": [[-8.4821476, 40.7036448], [-8.4822278, 40.7038138], [-8.4827083, 40.7048126], [-8.4827873, 40.7050717]]}, "properties": {"highway": "trunk", "lanes": "1", "oneway": "yes", "ref": "IC 2;EN 1"}}, {"type": "Feature", "geometry": {"type": "LineString", "coordinates": [[-8.4720132, 40.6765185], [-8.471882, 40.6769486]]}, "properties": {"highway": "trunk", "lanes": "2", "maxspeed": "70", "oneway": "yes", "ref": "IC 2;EN 1", "surface": "asphalt"}}, {"type": "Feature", "geometry": {"type": "LineString", "coordinates": [[-8.472003, 40.6768154], [-8.4721004, 40.676529]]}, "properties": {"highway": "trunk", "lanes": "2", "maxspeed": "70", "oneway": "yes", "ref": "IC 2;EN 1", "surface": "asphalt"}}, {"type": "Feature", "geometry": {"type": "LineString", "coordinates": [[-8.4721004, 40.676529], [-8.4725831, 40.675038], [-8.4726572, 40.6748565]]}, "properties": {"highway": "trunk", "lanes": "1", "maxspeed": "70", "oneway": "yes", "ref": "IC 2;EN 1", "surface": "asphalt"}}, {"type": "Feature", "geometry": {"type": "LineString", "coordinates": [[-8.4724958, 40.6749942], [-8.4720132, 40.6765185]]}, "properties": {"highway": "trunk", "lanes": "1", "maxspeed": "70", "oneway": "yes", "ref": "IC 2;EN 1", "surface": "asphalt"}}, {"type": "Feature", "geometry": {"type": "LineString", "coordinates": [[-8.4495819, 40.5209681], [-8.4494149, 40.5206803], [-8.4492728, 40.5203706], [-8.4491378, 40.520061]]}, "properties": {"highway": "trunk", "lanes": "3", "oneway": "yes", "ref": "IC 2;EN 1"}}, {"type": "Feature", "geometry": {"type": "LineString", "coordinates": [[-8.448857, 40.5187358], [-8.448843, 40.5184945], [-8.4488515, 40.5181174], [-8.4488883, 40.5177338], [-8.4489204, 40.5173676]]}, "properties": {"highway": "trunk", "lanes": "1", "oneway": "yes", "ref": "IC 2;EN 1"}}, {"type": "Feature", "geometry": {"type": "LineString", "coordinates": [[-8.44874, 40.5188342], [-8.4487508, 40.5191004], [-8.4490006, 40.5201041], [-8.4493435, 40.5208188]]}, "properties": {"highway": "trunk", "lanes": "2", "maxspeed": "90", "old_ref": "EN 1", "oneway": "yes", "ref": "IC 2;EN 1"}}, {"type": "Feature", "geometry": {"type": "LineString", "coordinates": [[-27.9899246, 39.0749055], [-27.9896704, 39.0746379], [-27.9895583, 39.0745007], [-27.9894765, 39.0743753], [-27.9894118, 39.0742532], [-27.9893644, 39.074131], [-27.9893636, 39.07412], [-27.9893628, 39.0741075]]}, "properties": {"highway": "primary", "lanes": "1", "oneway": "yes", "ref": "EN 1", "surface": "asphalt"}}, {"type": "Feature", "geometry": {"type": "LineString", "coordinates": [[-27.9911621, 39.075936], [-27.9907557, 39.0755829], [-27.9905469, 39.0754015], [-27.9900262, 39.0749881], [-27.9899246, 39.0749055]]}, "properties": {"highway": "primary", "oneway": "no", "ref": "EN 1", "surface": "asphalt"}}, {"type": "Feature", "geometry": {"type": "LineString", "coordinates": [[-27.9894232, 39.0734417], [-27.9893299, 39.0736342], [-27.9892847, 39.073753], [-27.9892567, 39.0739286], [-27.9892536, 39.0740064], [-27.9892524, 39.074039], [-27.9892589, 39.0740725], [-27.9892766, 39.0741627], [-27.9892782, 39.0741712], [-27.9893235, 39.07429], [-27.9893903, 39.0744204]]}, "properties": {"highway": "primary", "lanes": "1", "oneway": "yes", "ref": "EN 1", "surface": "asphalt"}}, {"type": "Feature", "geometry": {"type": "LineString", "coordinates": [[-27.9935712, 39.022596], [-27.9932879, 39.022517], [-27.9927876, 39.0223773], [-27.9926489, 39.022335]]}, "properties": {"highway": "primary", "name": "Rua Pedro Roberto", "ref": "EN 1", "surface": "asphalt"}}, {"type": "Feature", "geometry": {"type": "LineString", "coordinates": [[-27.9973364, 39.0233413], [-27.9971672, 39.0232658], [-27.9970571, 39.0232383], [-27.9969471, 39.0232254], [-27.9968446, 39.023222], [-27.9967101, 39.0232256], [-27.9961453, 39.0232691], [-27.9959641, 39.0232818], [-27.9956329, 39.0233052], [-27.9953782, 39.0233393], [-27.9952556, 39.0233519], [-27.9951404, 39.0233468], [-27.9950131, 39.0233119], [-27.9948988, 39.0232514], [-27.9946875, 39.0231271], [-27.9943726, 39.022964], [-27.9939037, 39.0227398]]}, "properties": {"highway": "primary", "ref": "EN 1", "surface": "asphalt"}}, {"type": "Feature", "geometry": {"type": "LineString", "coordinates": [[-8.5947504, 41.092163], [-8.5947851, 41.0921321], [-8.594805, 41.0920944], [-8.5948079, 41.0920539], [-8.5947936, 41.0920148], [-8.5947634, 41.0919812], [-8.5947206, 41.0919566], [-8.5946948, 41.09195], [-8.5946697, 41.0919435], [-8.5946158, 41.0919434], [-8.5945648, 41.0919562], [-8.5945204, 41.0919817]]}, "properties": {"highway": "primary", "junction": "roundabout", "ref": "EN 1"}}, {"type": "Feature", "geometry": {"type": "LineString", "coordinates": [[-8.5945204, 41.0919817], [-8.5944897, 41.0920169], [-8.5944761, 41.0920576], [-8.5944811, 41.0920995], [-8.5945042, 41.0921378], [-8.5945316, 41.0921594], [-8.5945427, 41.0921682], [-8.5945925, 41.0921873], [-8.5946478, 41.092193], [-8.5947024, 41.0921846], [-8.5947504, 41.092163]]}, "properties": {"highway": "primary", "junction": "roundabout", "ref": "EN 1"}}, {"type": "Feature", "geometry": {"type": "LineString", "coordinates": [[-8.5945204, 41.0919817], [-8.5943856, 41.0918688]]}, "properties": {"highway": "primary", "lanes": "2", "name": "Rua da Rechousa", "oneway": "no", "ref": "EN 1", "source": "BING", "surface": "asphalt"}}, {"type": "Feature", "geometry": {"type": "LineString", "coordinates": [[-8.7384241, 39.8117182], [-8.7388629, 39.8114656], [-8.7391277, 39.8113054], [-8.7392653, 39.811217], [-8.7393196, 39.8111821], [-8.7394927, 39.8110668], [-8.739647, 39.810961], [-8.7398117, 39.8108377], [-8.7399598, 39.810724], [-8.7400891, 39.8106166], [-8.7402622, 39.810458], [-8.7403435, 39.8103756], [-8.740406, 39.8103123], [-8.7405624, 39.8101361], [-8.7407564, 39.8099118], [-8.7409753, 39.8096507], [-8.7411547, 39.8094328], [-8.7413007, 39.8092566], [-8.7413945, 39.8091317], [-8.7414821, 39.8090131], [-8.7415801, 39.8088529], [-8.7416802, 39.8086847], [-8.7417157, 39.8086201], [-8.7417532, 39.8085518], [-8.7418095, 39.8084252], [-8.7418149, 39.8084113], [-8.7418528, 39.8083136], [-8.7418938, 39.8081976], [-8.7419317, 39.8080648], [-8.7419696, 39.8078812], [-8.7420014, 39.8077244], [-8.7420259, 39.8075737], [-8.74204, 39.8074347], [-8.742039, 39.8072949], [-8.742029, 39.8071684], [-8.7420102, 39.8070451], [-8.7419857, 39.8068745], [-8.7418741, 39.8061665]]}, "properties": {"highway": "trunk", "lanes": "1", "lit": "yes", "maxspeed": "80", "oneway": "yes", "ref": "IC 2;EN 1", "surface": "asphalt"}}, {"type": "Feature", "geometry": {"type": "LineString", "coordinates": [[-8.7374386, 39.8123098], [-8.7384241, 39.8117182]]}, "properties": {"highway": "trunk", "lanes": "2", "lit": "no", "maxspeed": "80", "oneway": "yes", "ref": "IC 2;EN 1", "surface": "asphalt", "turn:lanes": "through|right"}}, {"type": "Feature", "geometry": {"type": "LineString", "coordinates": [[-8.5359014, 40.0610101], [-8.5367823, 40.0603513], [-8.5378585, 40.0595281], [-8.5381116, 40.0593345], [-8.5384461, 40.0590748], [-8.5385286, 40.0590107], [-8.5389835, 40.0586575], [-8.5396329, 40.0582861], [-8.54029, 40.0580944], [-8.5409876, 40.0580016]]}, "properties": {"highway": "trunk", "lanes": "2", "lit": "no", "maxspeed": "60", "ref": "IC 2;EN 1", "smoothness": "good", "surface": "asphalt"}}, {"type": "Feature", "geometry": {"type": "LineString", "coordinates": [[-8.5553158, 40.0460394], [-8.5562382, 40.0446025]]}, "properties": {"highway": "trunk", "lanes": "2", "lit": "yes", "maxspeed": "90", "old_ref": "EN 1", "oneway": "no", "ref": "IC 2;EN 1", "sidewalk:both": "no", "smoothness": "excellent", "surface": "asphalt"}}, {"type": "Feature", "geometry": {"type": "LineString", "coordinates": [[-8.5562382, 40.0446025], [-8.5567156, 40.0438056], [-8.5568798, 40.0433336], [-8.5569635, 40.0427103], [-8.5567217, 40.0411887], [-8.556677, 40.0405984]]}, "properties": {"highway": "trunk", "lanes": "2", "lit": "no", "maxspeed": "90", "old_ref": "EN 1", "oneway": "no", "ref": "IC 2;EN 1", "smoothness": "excellent", "surface": "asphalt"}}, {"type": "Feature", "geometry": {"type": "LineString", "coordinates": [[-8.5976912, 39.998947], [-8.5981008, 39.9987154], [-8.5996382, 39.997791]]}, "properties": {"highway": "trunk", "lanes": "2", "lit": "no", "maxspeed": "80", "ref": "IC 2;EN 1", "surface": "asphalt"}}, {"type": "Feature", "geometry": {"type": "LineString", "coordinates": [[-8.9713705, 39.0005669], [-8.9713777, 39.0004181], [-8.97138, 39.0002705], [-8.9713764, 39.0001007], [-8.9713725, 38.9999157], [-8.9713098, 38.9993356], [-8.9713003, 38.9992481]]}, "properties": {"highway": "primary", "lanes": "2", "name": "Avenida Combatentes da Grande Guerra", "ref": "EN 1", "surface": "asphalt"}}, {"type": "Feature", "geometry": {"type": "LineString", "coordinates": [[-8.4547605, 40.3668034], [-8.4547194, 40.3667776], [-8.454673, 40.3667653], [-8.4546107, 40.3667562], [-8.4545438, 40.3667614], [-8.4544809, 40.3667861], [-8.4544263, 40.366831]]}, "properties": {"highway": "primary", "junction": "roundabout", "lanes": "2", "maxspeed": "50", "ref": "IC 2;EN 1", "surface": "asphalt"}}, {"type": "Feature", "geometry": {"type": "LineString", "coordinates": [[-8.5575803, 41.0363485], [-8.5575889, 41.0364747], [-8.5576062, 41.0367277], [-8.5576436, 41.0369813], [-8.5576967, 41.0371886], [-8.5577331, 41.0372957], [-8.5578878, 41.037612], [-8.5581124, 41.0378967], [-8.5583191, 41.0380917], [-8.5588549, 41.0385156], [-8.5592585, 41.0388165], [-8.5602112, 41.0395312], [-8.5606257, 41.0398594]]}, "properties": {"highway": "primary", "lanes": "2", "lit": "yes", "maxspeed": "50", "name": "Rua de Ernesto Gon\u00e7alves", "old_ref": "EN 1", "oneway": "no", "ref": "EN 1", "smoothness": "good", "source": "BING", "surface": "asphalt"}}, {"type": "Feature", "geometry": {"type": "LineString", "coordinates": [[-8.5575718, 41.0362234], [-8.5575803, 41.0363485]]}, "properties": {"highway": "primary", "lanes": "2", "lit": "yes", "maxspeed": "50", "name": "Rua de Ernesto Gon\u00e7alves", "old_ref": "EN 1", "oneway": "no", "ref": "EN 1", "smoothness": "good", "source": "BING", "surface": "asphalt"}}, {"type": "Feature", "geometry": {"type": "LineString", "coordinates": [[-8.4394436, 40.2244487], [-8.4394293, 40.2239043]]}, "properties": {"bridge": "yes", "highway": "primary", "lanes": "2", "layer": "1", "name": "Rua Manuel de Almeida e Sousa", "ref": "EN 1", "sidewalk": "left", "source": "bing", "surface": "asphalt"}}, {"type": "Feature", "geometry": {"type": "LineString", "coordinates": [[-8.4388228, 40.2279506], [-8.4389095, 40.2278206]]}, "properties": {"bus_bay": "right", "highway": "primary", "lanes": "2", "name": "Rua Manuel de Almeida e Sousa", "ref": "EN 1", "source": "bing"}}, {"type": "Feature", "geometry": {"type": "LineString", "coordinates": [[-8.4389095, 40.2278206], [-8.4389823, 40.2277142], [-8.439108, 40.2275308], [-8.4391773, 40.2274287]]}, "properties": {"bus_bay": "right", "highway": "primary", "lanes": "3", "lanes:backward": "1", "lanes:forward": "2", "name": "Rua Manuel de Almeida e Sousa", "ref": "EN 1", "source": "bing", "turn:lanes:forward": "left|through"}}, {"type": "Feature", "geometry": {"type": "LineString", "coordinates": [[-8.4391773, 40.2274287], [-8.4392846, 40.2272943], [-8.4394543, 40.2270849]]}, "properties": {"highway": "primary", "lanes": "2", "name": "Rua Manuel de Almeida e Sousa", "ref": "EN 1", "source": "bing", "turn:backward": "through;right"}}, {"type": "Feature", "geometry": {"type": "LineString", "coordinates": [[-8.4394543, 40.2270849], [-8.4396144, 40.2268874], [-8.4396958, 40.2267818], [-8.4397464, 40.2267188], [-8.4398111, 40.2266412], [-8.4398507, 40.226579], [-8.4399238, 40.2264497], [-8.4399844, 40.2263336]]}, "properties": {"highway": "primary", "lanes": "2", "name": "Rua Manuel de Almeida e Sousa", "ref": "EN 1", "source": "bing"}}, {"type": "Feature", "geometry": {"type": "LineString", "coordinates": [[-8.4463518, 40.2987441], [-8.4462137, 40.2981088], [-8.446161, 40.2977957], [-8.4461187, 40.2975054], [-8.4460912, 40.2973031], [-8.4460766, 40.2970959], [-8.4460746, 40.296795]]}, "properties": {"highway": "trunk", "lanes": "1", "lit": "no", "maxspeed": "90", "oneway": "yes", "ref": "IC 2;EN 1", "surface": "asphalt"}}, {"type": "Feature", "geometry": {"type": "LineString", "coordinates": [[-8.4506464, 40.3133882], [-8.4504763, 40.3126498], [-8.4504042, 40.3123917], [-8.4503199, 40.3120899], [-8.4502722, 40.3119434], [-8.4501327, 40.3115146]]}, "properties": {"highway": "trunk", "lanes": "1", "lit": "no", "maxspeed": "50", "oneway": "yes", "ref": "IC 2;EN 1", "sidewalk:both": "no", "surface": "asphalt"}}, {"type": "Feature", "geometry": {"type": "LineString", "coordinates": [[-8.4502174, 40.3120438], [-8.4502958, 40.3123088], [-8.4503389, 40.3124544], [-8.4503999, 40.3126605], [-8.4506464, 40.3133882]]}, "properties": {"highway": "trunk", "lanes": "1", "lit": "no", "maxspeed": "50", "oneway": "yes", "ref": "IC 2;EN 1", "surface": "asphalt"}}, {"type": "Feature", "geometry": {"type": "LineString", "coordinates": [[-8.4499988, 40.3112047], [-8.4500088, 40.3112672], [-8.4500342, 40.3114251], [-8.4502174, 40.3120438]]}, "properties": {"highway": "trunk", "lanes": "1", "lit": "no", "maxspeed": "50", "oneway": "yes", "ref": "IC 2;EN 1", "surface": "asphalt"}}, {"type": "Feature", "geometry": {"type": "LineString", "coordinates": [[-8.4515078, 40.3376521], [-8.4518008, 40.3383658], [-8.451895, 40.3385989], [-8.451947, 40.3387815], [-8.4519789, 40.338937]]}, "properties": {"highway": "trunk", "lanes": "2", "lit": "yes", "maxspeed": "70", "oneway": "no", "ref": "IC 2;EN 1", "surface": "asphalt"}}, {"type": "Feature", "geometry": {"type": "LineString", "coordinates": [[-8.4506873, 40.3351128], [-8.4506564, 40.3352568], [-8.450659, 40.3355093], [-8.4506642, 40.335638], [-8.4506861, 40.3357833], [-8.450688, 40.3357962], [-8.4507222, 40.3359513], [-8.450753, 40.3360606], [-8.4507752, 40.3361395], [-8.4507993, 40.3362066], [-8.4508472, 40.3363401], [-8.4508572, 40.3363678], [-8.4509338, 40.3365656], [-8.4509993, 40.3367053], [-8.4511064, 40.3368499], [-8.4511672, 40.3369918], [-8.4514177, 40.337544], [-8.4515078, 40.3376521]]}, "properties": {"highway": "trunk", "lanes": "1", "maxspeed": "70", "oneway": "yes", "ref": "IC 2;EN 1", "surface": "asphalt"}}, {"type": "Feature", "geometry": {"type": "LineString", "coordinates": [[-8.4478003, 40.3035999], [-8.4480124, 40.3041033], [-8.448077, 40.3042826], [-8.4481248, 40.3044206], [-8.4481571, 40.3045314], [-8.448198, 40.304693], [-8.448245, 40.3048814], [-8.448251, 40.3049131], [-8.4483284, 40.3052499]]}, "properties": {"highway": "trunk", "lanes": "1", "lit": "no", "maxspeed": "90", "name": "Rua da Feira", "oneway": "yes", "ref": "IC 2;EN 1", "surface": "asphalt"}}, {"type": "Feature", "geometry": {"type": "LineString", "coordinates": [[-8.4465703, 40.299592], [-8.4464214, 40.2989952], [-8.4463518, 40.2987441]]}, "properties": {"highway": "trunk", "lanes": "1", "lit": "no", "maxspeed": "90", "oneway": "yes", "ref": "IC 2;EN 1", "surface": "asphalt"}}, {"type": "Feature", "geometry": {"type": "LineString", "coordinates": [[-8.4511935, 40.3568857], [-8.4511642, 40.3569906]]}, "properties": {"alt_name": "EN 1", "highway": "trunk", "lanes": "3", "maxspeed": "70", "oneway": "no", "ref": "IC 2;EN 1", "surface": "asphalt"}}, {"type": "Feature", "geometry": {"type": "LineString", "coordinates": [[-8.4815915, 40.7873723], [-8.4815876, 40.7873413], [-8.4815826, 40.7872791], [-8.4815798, 40.78721], [-8.4815382, 40.7866594], [-8.4815302, 40.7865536], [-8.4815213, 40.7864706], [-8.4815077, 40.786255], [-8.4814911, 40.7858848], [-8.4814903, 40.7858651], [-8.4814923, 40.7858165], [-8.4814912, 40.7854698], [-8.4815073, 40.7851746], [-8.481547, 40.7848303], [-8.4815938, 40.7845074], [-8.4816188, 40.7843576], [-8.4817147, 40.7839565], [-8.4817161, 40.7839505]]}, "properties": {"highway": "primary", "lanes": "1", "maxheight:signed": "no", "maxspeed": "50", "name": "Estrada Nacional 1", "old_name": "Estrada Nacional 1", "oneway": "yes", "ref": "IC 2;EN 1", "source": "Bing", "surface": "asphalt"}}, {"type": "Feature", "geometry": {"type": "LineString", "coordinates": [[-8.980264, 39.0280595], [-8.9802603, 39.0281516], [-8.9802524, 39.0284173]]}, "properties": {"highway": "primary", "lanes": "2", "maxspeed": "50", "ref": "EN 1", "surface": "asphalt"}}, {"type": "Feature", "geometry": {"type": "LineString", "coordinates": [[-8.9802524, 39.0284173], [-8.9802445, 39.0286819], [-8.9802238, 39.0288687], [-8.9802223, 39.0289602]]}, "properties": {"highway": "primary", "lanes": "2", "maxspeed": "50", "ref": "EN 1", "surface": "asphalt"}}, {"type": "Feature", "geometry": {"type": "LineString", "coordinates": [[-8.5650876, 41.0463754], [-8.5650588, 41.0463628], [-8.5650273, 41.0463547]]}, "properties": {"highway": "primary", "junction": "roundabout", "lanes": "2", "lit": "yes", "name": "Avenida Doutor Moreira de Sousa", "ref": "EN 1", "surface": "asphalt"}}, {"type": "Feature", "geometry": {"type": "LineString", "coordinates": [[-8.5651531, 41.0465069], [-8.565157, 41.0464699], [-8.5651467, 41.0464337], [-8.5651229, 41.0464012], [-8.5650876, 41.0463754]]}, "properties": {"highway": "primary", "junction": "roundabout", "lanes": "2", "lit": "yes", "name": "Avenida Doutor Moreira de Sousa", "ref": "EN 1", "surface": "asphalt"}}, {"type": "Feature", "geometry": {"type": "LineString", "coordinates": [[-8.6286463, 39.953981], [-8.6286483, 39.9538956]]}, "properties": {"highway": "trunk", "lanes": "2", "lit": "yes", "maxspeed": "50", "oneway": "yes", "ref": "IC 2;EN 1", "surface": "asphalt", "turn:lanes": "left|through"}}, {"type": "Feature", "geometry": {"type": "LineString", "coordinates": [[-8.6285603, 39.9538917], [-8.6285577, 39.9539718]]}, "properties": {"highway": "trunk", "lanes": "2", "lit": "yes", "maxspeed": "50", "oneway": "yes", "ref": "IC 2;EN 1", "surface": "asphalt", "turn:lanes": "left|through"}}, {"type": "Feature", "geometry": {"type": "LineString", "coordinates": [[-8.6287823, 39.9474182], [-8.6287841, 39.9473535]]}, "properties": {"highway": "trunk", "lanes": "2", "lit": "yes", "maxspeed": "50", "oneway": "yes", "ref": "IC 2;EN 1", "surface": "asphalt", "turn:lanes": "left|through"}}, {"type": "Feature", "geometry": {"type": "LineString", "coordinates": [[-8.6287033, 39.9474169], [-8.6286749, 39.9483649]]}, "properties": {"highway": "trunk", "lanes": "1", "lit": "yes", "maxspeed": "50", "oneway": "yes", "ref": "IC 2;EN 1", "surface": "asphalt"}}, {"type": "Feature", "geometry": {"type": "LineString", "coordinates": [[-8.6287356, 39.9463361], [-8.6287274, 39.9466057]]}, "properties": {"highway": "trunk", "lanes": "1", "maxspeed": "50", "oneway": "yes", "ref": "IC 2;EN 1", "surface": "asphalt", "turn:lanes": "through;right"}}, {"type": "Feature", "geometry": {"type": "LineString", "coordinates": [[-8.6288406, 39.9428705], [-8.6288314, 39.9430968], [-8.6288143, 39.9437573]]}, "properties": {"highway": "trunk", "lanes": "1", "maxspeed": "50", "oneway": "yes", "ref": "IC 2;EN 1", "surface": "asphalt"}}, {"type": "Feature", "geometry": {"type": "LineString", "coordinates": [[-8.62892, 39.942873], [-8.6289234, 39.9427911]]}, "properties": {"highway": "trunk", "lanes": "2", "maxspeed": "50", "oneway": "yes", "ref": "IC 2;EN 1", "surface": "asphalt", "turn:lanes": "left|through"}}, {"type": "Feature", "geometry": {"type": "LineString", "coordinates": [[-8.6286314, 39.9545217], [-8.6286368, 39.9543413]]}, "properties": {"highway": "trunk", "lanes": "1", "lit": "yes", "maxspeed": "50", "oneway": "yes", "ref": "IC 2;EN 1", "surface": "asphalt"}}, {"type": "Feature", "geometry": {"type": "LineString", "coordinates": [[-8.6216273, 39.9781789], [-8.6217758, 39.978084]]}, "properties": {"highway": "trunk", "lanes": "2", "maxspeed": "50", "ref": "IC 2;EN 1", "surface": "asphalt", "turn:lanes:backward": "left;through;right"}}, {"type": "Feature", "geometry": {"type": "LineString", "coordinates": [[-8.6205587, 39.9789889], [-8.6207616, 39.9788258]]}, "properties": {"highway": "trunk", "lanes": "2", "lit": "yes", "maxspeed": "50", "ref": "IC 2;EN 1", "surface": "asphalt", "turn:lanes:forward": "left;through;right"}}, {"type": "Feature", "geometry": {"type": "LineString", "coordinates": [[-8.6145286, 39.9854217], [-8.6150541, 39.9848376], [-8.6162143, 39.9835926], [-8.6166472, 39.983126], [-8.6170489, 39.9827019], [-8.6174268, 39.9822972], [-8.6178163, 39.9818802], [-8.6183785, 39.9812636], [-8.6185887, 39.981031], [-8.6188132, 39.9807906]]}, "properties": {"highway": "trunk", "lanes": "3", "lanes:backward": "2", "lanes:forward": "1", "lit": "no", "maxspeed": "80", "minspeed:lanes:backward": "60|", "ref": "IC 2;EN 1", "surface": "asphalt"}}, {"type": "Feature", "geometry": {"type": "LineString", "coordinates": [[-8.6142428, 39.9857334], [-8.6144678, 39.9854893]]}, "properties": {"highway": "trunk", "lanes": "3", "lanes:backward": "2", "lanes:forward": "1", "lit": "no", "maxspeed": "80", "minspeed:lanes:backward": "60|", "ref": "IC 2;EN 1", "surface": "asphalt"}}, {"type": "Feature", "geometry": {"type": "LineString", "coordinates": [[-8.6144678, 39.9854893], [-8.6145286, 39.9854217]]}, "properties": {"highway": "trunk", "lanes": "3", "lanes:backward": "2", "lanes:forward": "1", "lit": "no", "maxspeed": "80", "minspeed:lanes:backward": "60|", "ref": "IC 2;EN 1", "surface": "asphalt"}}, {"type": "Feature", "geometry": {"type": "LineString", "coordinates": [[-8.6123978, 39.9877188], [-8.6125818, 39.9875155], [-8.6130862, 39.9869711], [-8.6140388, 39.9859481], [-8.6142428, 39.9857334]]}, "properties": {"highway": "trunk", "lanes": "3", "lanes:backward": "2", "lanes:forward": "1", "lit": "no", "maxspeed": "80", "minspeed:lanes:backward": "60|", "ref": "IC 2;EN 1", "surface": "asphalt"}}, {"type": "Feature", "geometry": {"type": "LineString", "coordinates": [[-8.6115949, 39.9885854], [-8.6120798, 39.9880581], [-8.6123978, 39.9877188]]}, "properties": {"highway": "trunk", "lanes": "3", "lanes:backward": "2", "lanes:forward": "1", "lit": "no", "maxspeed": "80", "minspeed:lanes:backward": "60|", "ref": "IC 2;EN 1", "surface": "asphalt"}}, {"type": "Feature", "geometry": {"type": "LineString", "coordinates": [[-8.603192, 39.9956631], [-8.603458, 39.9954993]]}, "properties": {"highway": "trunk", "lanes": "2", "lit": "yes", "maxspeed": "80", "ref": "IC 2;EN 1", "surface": "asphalt"}}, {"type": "Feature", "geometry": {"type": "LineString", "coordinates": [[-8.6030048, 39.9957755], [-8.603192, 39.9956631]]}, "properties": {"highway": "trunk", "lanes": "2", "lit": "yes", "maxspeed": "80", "ref": "IC 2;EN 1", "surface": "asphalt"}}, {"type": "Feature", "geometry": {"type": "LineString", "coordinates": [[-8.6025294, 39.9960611], [-8.6030048, 39.9957755]]}, "properties": {"highway": "trunk", "lanes": "2", "lit": "yes", "maxspeed": "80", "ref": "IC 2;EN 1", "surface": "asphalt"}}, {"type": "Feature", "geometry": {"type": "LineString", "coordinates": [[-8.6023578, 39.9961642], [-8.6025294, 39.9960611]]}, "properties": {"highway": "trunk", "lanes": "2", "lit": "yes", "maxspeed": "80", "ref": "IC 2;EN 1", "surface": "asphalt"}}, {"type": "Feature", "geometry": {"type": "LineString", "coordinates": [[-8.6008909, 39.9970448], [-8.6016904, 39.9965632], [-8.6023578, 39.9961642]]}, "properties": {"highway": "trunk", "lanes": "2", "lit": "yes", "maxspeed": "80", "ref": "IC 2;EN 1", "surface": "asphalt"}}, {"type": "Feature", "geometry": {"type": "LineString", "coordinates": [[-8.5754469, 40.0243363], [-8.5757078, 40.0239239], [-8.5762552, 40.0231143], [-8.5768148, 40.0222665]]}, "properties": {"highway": "trunk", "lanes": "3", "lanes:backward": "2", "lanes:forward": "1", "lit": "no", "maxspeed": "90", "minspeed:lanes:backward": "60|", "ref": "IC 2;EN 1", "surface": "asphalt"}}, {"type": "Feature", "geometry": {"type": "LineString", "coordinates": [[-8.571277, 40.028074], [-8.5716915, 40.027783]]}, "properties": {"highway": "trunk", "lanes": "3", "lanes:backward": "1", "lanes:forward": "2", "lit": "yes", "maxspeed": "60", "ref": "IC 2;EN 1", "surface": "asphalt", "turn:lanes:forward": "|merge_to_left"}}, {"type": "Feature", "geometry": {"type": "LineString", "coordinates": [[-8.6327966, 39.9084101], [-8.6326659, 39.9088339]]}, "properties": {"highway": "trunk", "lanes": "2", "lit": "yes", "maxspeed": "60", "ref": "IC 2;EN 1", "smoothness": "good", "surface": "asphalt"}}, {"type": "Feature", "geometry": {"type": "LineString", "coordinates": [[-8.6326659, 39.9088339], [-8.6325985, 39.9090594]]}, "properties": {"highway": "trunk", "lanes": "2", "lit": "yes", "maxspeed": "60", "ref": "IC 2;EN 1", "smoothness": "good", "surface": "asphalt"}}, {"type": "Feature", "geometry": {"type": "LineString", "coordinates": [[-8.5095084, 40.9445778], [-8.5094675, 40.9445175], [-8.5093167, 40.9442726], [-8.5091343, 40.9439828], [-8.508992, 40.9438216]]}, "properties": {"highway": "primary", "lanes": "1", "maxspeed": "50", "name": "Rua da Estrada Nacional N\u00famero 1", "oneway": "yes", "ref": "EN 1", "surface": "asphalt"}}, {"type": "Feature", "geometry": {"type": "LineString", "coordinates": [[-8.5080471, 40.9400622], [-8.5080565, 40.9401038], [-8.5081052, 40.9403195]]}, "properties": {"highway": "primary", "lanes": "2", "maxspeed": "50", "name": "Rua da Meia L\u00e9gua", "oneway": "no", "ref": "EN 1", "surface": "asphalt"}}, {"type": "Feature", "geometry": {"type": "LineString", "coordinates": [[-8.5375851, 40.9644107], [-8.5375778, 40.9645438], [-8.537574, 40.9646124], [-8.5375727, 40.9646865], [-8.5375671, 40.9649972], [-8.5375813, 40.9651249], [-8.537603, 40.9653198], [-8.5376817, 40.9656567], [-8.5376856, 40.9656733], [-8.537715, 40.9657995], [-8.537746, 40.965932], [-8.5377548, 40.9659706], [-8.5378481, 40.9663784], [-8.5378773, 40.9665063], [-8.5378911, 40.9665667], [-8.5379055, 40.9666297]]}, "properties": {"highway": "primary", "lanes": "2", "lit": "yes", "maxspeed": "50", "name": "Rua do Areal", "oneway": "no", "ref": "EN 1", "surface": "asphalt"}}, {"type": "Feature", "geometry": {"type": "LineString", "coordinates": [[-8.4796328, 40.8533627], [-8.4802893, 40.8536382], [-8.4804152, 40.853691]]}, "properties": {"highway": "primary", "lanes": "2", "name": "Rua Tom\u00e1s Figueiredo de Ara\u00fajo Costa", "oneway": "no", "ref": "EN 1", "source": "Bing", "surface": "asphalt"}}, {"type": "Feature", "geometry": {"type": "LineString", "coordinates": [[-8.5978707, 41.0941725], [-8.5979999, 41.094278], [-8.5981062, 41.0943866]]}, "properties": {"highway": "primary", "lanes": "2", "name": "Rua da Rechousa", "oneway": "no", "ref": "EN 1", "smoothness": "good", "source": "BING", "surface": "asphalt"}}, {"type": "Feature", "geometry": {"type": "LineString", "coordinates": [[-8.941011, 39.2828534], [-8.9409297, 39.2828189], [-8.9408171, 39.282781], [-8.9407639, 39.2827586], [-8.9407363, 39.2827358], [-8.9407082, 39.2826727], [-8.9407139, 39.282602], [-8.9407323, 39.2825686], [-8.9407883, 39.2825138], [-8.941111, 39.2822529], [-8.9411721, 39.2821891], [-8.9411946, 39.2821542], [-8.9412094, 39.2821168], [-8.9412428, 39.2819507], [-8.9411902, 39.281592], [-8.9408422, 39.2793944], [-8.9407809, 39.2788461], [-8.9405276, 39.2762146], [-8.9405002, 39.2759386], [-8.9404665, 39.2757571], [-8.9401242, 39.2744972], [-8.9400505, 39.2742751], [-8.9399622, 39.2740561], [-8.9398595, 39.2738412], [-8.9391202, 39.2724723], [-8.9375356, 39.2694901], [-8.9375159, 39.2694534], [-8.9369515, 39.2683854], [-8.9365744, 39.2676417], [-8.9364895, 39.2674109], [-8.936428, 39.2671484], [-8.9364059, 39.266896], [-8.9364182, 39.2666431], [-8.9364647, 39.2663927], [-8.9365009, 39.2662687], [-8.9369082, 39.2651889], [-8.9370346, 39.2648413]]}, "properties": {"highway": "primary", "lanes": "2", "maxspeed": "90", "ref": "EN 1", "surface": "asphalt"}}, {"type": "Feature", "geometry": {"type": "LineString", "coordinates": [[-8.9370346, 39.2648413], [-8.9370645, 39.2647592]]}, "properties": {"bridge": "yes", "highway": "primary", "lanes": "2", "layer": "1", "maxspeed": "90", "ref": "EN 1", "surface": "asphalt"}}, {"type": "Feature", "geometry": {"type": "LineString", "coordinates": [[-8.5565606, 41.0288249], [-8.5566547, 41.0290496]]}, "properties": {"highway": "primary", "lanes": "2", "lit": "yes", "maxspeed": "50", "name": "Rua de Ernesto Gon\u00e7alves", "old_ref": "EN 1", "oneway": "no", "ref": "EN 1", "source": "BING", "surface": "asphalt"}}, {"type": "Feature", "geometry": {"type": "LineString", "coordinates": [[-8.5751426, 41.0662282], [-8.5753701, 41.0663784], [-8.5754307, 41.0664176]]}, "properties": {"highway": "primary", "lanes": "1", "lit": "yes", "maxspeed": "50", "name": "Avenida Doutor Moreira de Sousa", "oneway": "yes", "ref": "EN 1", "surface": "asphalt"}}, {"type": "Feature", "geometry": {"type": "LineString", "coordinates": [[-8.5754973, 41.0664001], [-8.5754164, 41.066326]]}, "properties": {"highway": "primary", "lanes": "1", "lit": "yes", "maxspeed": "50", "name": "Avenida Doutor Moreira de Sousa", "oneway": "yes", "ref": "EN 1", "surface": "asphalt"}}, {"type": "Feature", "geometry": {"type": "LineString", "coordinates": [[-8.576217, 41.0669748], [-8.5762357, 41.0669459], [-8.5762433, 41.0669143], [-8.5762393, 41.0668822]]}, "properties": {"highway": "primary", "junction": "roundabout", "lanes": "1", "lit": "yes", "maxspeed": "50", "name": "Avenida Doutor Moreira de Sousa", "ref": "EN 1", "surface": "asphalt"}}, {"type": "Feature", "geometry": {"type": "LineString", "coordinates": [[-8.5762393, 41.0668822], [-8.5762241, 41.0668522], [-8.5761986, 41.0668264], [-8.5761648, 41.0668068]]}, "properties": {"highway": "primary", "junction": "roundabout", "lanes": "1", "lit": "yes", "maxspeed": "50", "name": "Avenida Doutor Moreira de Sousa", "ref": "EN 1", "surface": "asphalt"}}, {"type": "Feature", "geometry": {"type": "LineString", "coordinates": [[-8.5922612, 41.0897386], [-8.5902879, 41.0874545], [-8.5901584, 41.0873306], [-8.5899711, 41.0871949], [-8.5891041, 41.0867534], [-8.5889676, 41.0866843], [-8.5886899, 41.0865491], [-8.5882891, 41.0863539]]}, "properties": {"highway": "primary", "lanes": "2", "name": "Rua da Senhora do Monte", "oneway": "no", "ref": "EN 1", "smoothness": "intermediate", "source": "BING", "surface": "asphalt"}}, {"type": "Feature", "geometry": {"type": "LineString", "coordinates": [[-8.4530526, 40.5909235], [-8.4529551, 40.5907858], [-8.4520577, 40.5900617], [-8.4518183, 40.5899038]]}, "properties": {"highway": "primary", "name": "Rua Doutor Mateus Barbas dos Anjos", "oneway": "yes", "ref": "EN 1", "type": "EN 1"}}, {"type": "Feature", "geometry": {"type": "LineString", "coordinates": [[-8.4530526, 40.5909235], [-8.4531487, 40.5910348], [-8.4541069, 40.5918199], [-8.4543181, 40.5919515]]}, "properties": {"highway": "primary", "name": "Rua Doutor Mateus Barbas dos Anjos", "oneway": "yes", "ref": "EN 1", "type": "EN 1"}}, {"type": "Feature", "geometry": {"type": "LineString", "coordinates": [[-8.4543181, 40.5919515], [-8.4541305, 40.5917357], [-8.4532527, 40.5910202], [-8.453205, 40.5909874], [-8.4530526, 40.5909235]]}, "properties": {"highway": "primary", "name": "Rua Doutor Mateus Barbas dos Anjos", "oneway": "yes", "ref": "EN 1", "type": "EN 1"}}, {"type": "Feature", "geometry": {"type": "LineString", "coordinates": [[-8.4518183, 40.5899038], [-8.4519987, 40.5900892], [-8.4522676, 40.5903249], [-8.4528694, 40.590822], [-8.4529113, 40.5908565], [-8.4530526, 40.5909235]]}, "properties": {"highway": "primary", "name": "Rua Doutor Mateus Barbas dos Anjos", "oneway": "yes", "ref": "EN 1", "type": "EN 1"}}, {"type": "Feature", "geometry": {"type": "LineString", "coordinates": [[-8.8300027, 39.7141134], [-8.8299477, 39.7140285], [-8.82987, 39.7139074], [-8.8297666, 39.7137551], [-8.8297165, 39.7136732], [-8.8296556, 39.7135809], [-8.8296009, 39.713496], [-8.8294087, 39.7131742], [-8.829286, 39.7129729]]}, "properties": {"cycleway:both": "no", "highway": "primary", "lanes": "1", "lit": "yes", "maxheight": "default", "maxspeed": "90", "oneway": "yes", "ref": "EN 1", "sidewalk": "right", "smoothness": "good", "surface": "asphalt"}}, {"type": "Feature", "geometry": {"type": "LineString", "coordinates": [[-8.8278099, 39.7046142], [-8.827799, 39.7046527], [-8.8277803, 39.7047146], [-8.827732, 39.7048652], [-8.8274205, 39.7057932], [-8.8273428, 39.7060151]]}, "properties": {"cycleway:both": "no", "highway": "primary", "lanes": "1", "lit": "yes", "maxspeed": "90", "oneway": "yes", "ref": "EN 1", "surface": "asphalt"}}, {"type": "Feature", "geometry": {"type": "LineString", "coordinates": [[-8.4425316, 40.2478236], [-8.442483, 40.2477347], [-8.4424303, 40.247645]]}, "properties": {"highway": "primary", "lanes": "2", "name": "Rua Manuel Madeira", "ref": "EN 1", "source": "bing", "surface": "asphalt"}}, {"type": "Feature", "geometry": {"type": "LineString", "coordinates": [[-8.4422941, 40.2474134], [-8.4421775, 40.2472149]]}, "properties": {"highway": "primary", "lanes": "2", "name": "Rua Manuel Madeira", "ref": "EN 1", "source": "bing", "surface": "asphalt"}}, {"type": "Feature", "geometry": {"type": "LineString", "coordinates": [[-8.4386824, 40.2326244], [-8.4385632, 40.2325204], [-8.4383284, 40.2323196], [-8.4380925, 40.2321141], [-8.4380437, 40.2320717], [-8.4379694, 40.2320078], [-8.4378589, 40.2318848], [-8.4378082, 40.2318138], [-8.4377642, 40.2317093], [-8.4377453, 40.2315551], [-8.4377531, 40.2313849], [-8.4378713, 40.2309213], [-8.4379309, 40.2306875]]}, "properties": {"highway": "primary", "lanes": "2", "name": "Rua Manuel de Almeida e Sousa", "ref": "EN 1", "source": "bing"}}, {"type": "Feature", "geometry": {"type": "LineString", "coordinates": [[-8.4379309, 40.2306875], [-8.4379508, 40.2306172], [-8.437954, 40.2306058], [-8.4379858, 40.2304934]]}, "properties": {"highway": "primary", "lanes": "2", "name": "Rua Manuel de Almeida e Sousa", "ref": "EN 1", "source": "bing"}}, {"type": "Feature", "geometry": {"type": "LineString", "coordinates": [[-8.4394251, 40.223869], [-8.4394333, 40.2238036]]}, "properties": {"highway": "primary", "lanes": "2", "name": "Rua Manuel de Almeida e Sousa", "oneway": "yes", "ref": "EN 1", "surface": "asphalt"}}, {"type": "Feature", "geometry": {"type": "LineString", "coordinates": [[-8.465914, 40.6458139], [-8.4658898, 40.645877], [-8.4657209, 40.6463285], [-8.465704, 40.6463693], [-8.4656178, 40.6465762]]}, "properties": {"highway": "primary", "lanes": "1", "maxspeed": "70", "oneway": "yes", "ref": "IC 2;EN 1", "surface": "asphalt"}}, {"type": "Feature", "geometry": {"type": "LineString", "coordinates": [[-8.4718825, 40.6581409], [-8.470064, 40.6565328], [-8.4688476, 40.6554571]]}, "properties": {"highway": "primary", "lanes": "2", "maxspeed": "70", "oneway": "no", "ref": "IC 2;EN 1", "surface": "asphalt"}}, {"type": "Feature", "geometry": {"type": "LineString", "coordinates": [[-8.4830807, 40.7123337], [-8.4829969, 40.71226], [-8.4829284, 40.7121656], [-8.4828845, 40.7120786], [-8.4827384, 40.7114285], [-8.4826752, 40.7109925], [-8.4827047, 40.7104498]]}, "properties": {"highway": "primary", "lanes": "2", "maxspeed": "70", "oneway": "yes", "ref": "IC 2;EN 1", "surface": "asphalt"}}, {"type": "Feature", "geometry": {"type": "LineString", "coordinates": [[-8.4827047, 40.7104498], [-8.4827035, 40.7103717], [-8.4827898, 40.7098834], [-8.4828402, 40.7097699]]}, "properties": {"highway": "primary", "lanes": "1", "maxspeed": "70", "oneway": "yes", "ref": "IC 2;EN 1", "surface": "asphalt"}}, {"type": "Feature", "geometry": {"type": "LineString", "coordinates": [[-8.4826052, 40.7105377], [-8.4825847, 40.7109669], [-8.4825939, 40.7110567], [-8.4826463, 40.7114287], [-8.4827766, 40.71209], [-8.4827875, 40.7121884], [-8.4827849, 40.7122877], [-8.4827819, 40.7123125], [-8.4827717, 40.7123793]]}, "properties": {"highway": "primary", "lanes": "2", "maxspeed": "70", "oneway": "yes", "ref": "IC 2;EN 1", "surface": "asphalt"}}, {"type": "Feature", "geometry": {"type": "LineString", "coordinates": [[-27.9893903, 39.0744204], [-27.9894915, 39.0745392], [-27.9896273, 39.0746764], [-27.9899246, 39.0749055]]}, "properties": {"highway": "primary", "lanes": "1", "oneway": "yes", "ref": "EN 1", "surface": "asphalt"}}, {"type": "Feature", "geometry": {"type": "LineString", "coordinates": [[-28.0057668, 39.0855877], [-28.005756, 39.0855701], [-28.0055498, 39.0852349], [-28.0053511, 39.0849969], [-28.0052455, 39.0849352], [-28.0051498, 39.0849026]]}, "properties": {"highway": "primary", "name": "Rua Marquez de Pombal", "ref": "EN 1", "surface": "asphalt"}}, {"type": "Feature", "geometry": {"type": "LineString", "coordinates": [[-28.0446677, 39.0496014], [-28.0446786, 39.0496184], [-28.0446936, 39.0496334], [-28.0447121, 39.0496458]]}, "properties": {"highway": "primary", "junction": "roundabout", "lanes": "1", "ref": "EN 1", "surface": "asphalt"}}, {"type": "Feature", "geometry": {"type": "LineString", "coordinates": [[-28.0447121, 39.0496458], [-28.0447333, 39.0496553], [-28.0447566, 39.0496613], [-28.0447808, 39.0496637], [-28.0448052, 39.0496623], [-28.0448289, 39.0496573], [-28.0448507, 39.0496488], [-28.0448701, 39.0496372]]}, "properties": {"highway": "primary", "junction": "roundabout", "lanes": "1", "ref": "EN 1", "surface": "asphalt"}}, {"type": "Feature", "geometry": {"type": "LineString", "coordinates": [[-28.0602258, 39.0761795], [-28.0605806, 39.0758398], [-28.0610925, 39.0753454], [-28.0632915, 39.0731896], [-28.0643933, 39.0721132], [-28.0653097, 39.071223], [-28.0656643, 39.0708747], [-28.0664216, 39.0701462]]}, "properties": {"highway": "primary", "ref": "EN 1", "surface": "asphalt"}}, {"type": "Feature", "geometry": {"type": "LineString", "coordinates": [[-28.0515345, 39.0845268], [-28.0515261, 39.0845082], [-28.0514571, 39.0843833], [-28.0513979, 39.0842587], [-28.0513653, 39.0841604], [-28.0513564, 39.0840464], [-28.0513651, 39.0839401], [-28.0513967, 39.083835], [-28.0514622, 39.0837091], [-28.0515702, 39.0836119], [-28.0516932, 39.0835245]]}, "properties": {"highway": "primary", "ref": "EN 1", "surface": "asphalt"}}, {"type": "Feature", "geometry": {"type": "LineString", "coordinates": [[-28.014664, 39.0903438], [-28.0146829, 39.0903486], [-28.0147869, 39.0903751], [-28.0151528, 39.0904684], [-28.0155289, 39.0905642], [-28.0160246, 39.0906905], [-28.0166088, 39.0908707], [-28.0170945, 39.091102], [-28.0173132, 39.0912461], [-28.0176856, 39.0915436], [-28.0179059, 39.0916848], [-28.0181158, 39.0917464], [-28.0184409, 39.0917879], [-28.0187041, 39.0918505], [-28.0188429, 39.0919053], [-28.0189139, 39.0919333], [-28.0191023, 39.0920515], [-28.0191348, 39.0920719], [-28.0194222, 39.0923349], [-28.0196446, 39.0924942], [-28.0203542, 39.09289], [-28.0211461, 39.093316]]}, "properties": {"highway": "primary", "ref": "EN 1", "surface": "asphalt"}}, {"type": "Feature", "geometry": {"type": "LineString", "coordinates": [[-28.0030126, 39.0282214], [-28.0028924, 39.0282069], [-28.0027905, 39.0281731], [-28.0026221, 39.0280542], [-28.0023705, 39.0279056], [-28.0022255, 39.0278154], [-28.0020771, 39.0277251], [-28.001917, 39.0276543], [-28.0017474, 39.0275813], [-28.0016071, 39.0275396], [-28.0014627, 39.0275094], [-28.0013662, 39.0274947], [-28.0013049, 39.0274741], [-28.0012641, 39.0274479], [-28.0012231, 39.0274017], [-28.0011752, 39.0273216], [-28.00108, 39.0271791], [-28.0009753, 39.027019], [-28.0008975, 39.0269061], [-28.0007934, 39.0268029], [-28.0005996, 39.0266368], [-28.0003031, 39.026374], [-28.0002622, 39.0263371], [-28.0000814, 39.0261738], [-27.9999627, 39.0260623], [-27.9998267, 39.0259595], [-27.9997321, 39.0258799], [-27.9996195, 39.0258107], [-27.9994966, 39.0257447], [-27.9993455, 39.0256691], [-27.9992423, 39.0256296], [-27.9991758, 39.0256077], [-27.9991221, 39.0255992]]}, "properties": {"highway": "primary", "ref": "EN 1", "surface": "asphalt"}}, {"type": "Feature", "geometry": {"type": "LineString", "coordinates": [[-27.9926489, 39.022335], [-27.9925285, 39.0222946]]}, "properties": {"highway": "primary", "name": "Rua Pedro Roberto", "ref": "EN 1", "surface": "asphalt"}}, {"type": "Feature", "geometry": {"type": "LineString", "coordinates": [[-27.9939037, 39.0227398], [-27.9937407, 39.0226619], [-27.9935712, 39.022596]]}, "properties": {"highway": "primary", "name": "Rua Pedro Roberto", "ref": "EN 1", "surface": "asphalt"}}, {"type": "Feature", "geometry": {"type": "LineString", "coordinates": [[-27.9893628, 39.0741075], [-27.9893558, 39.0740056], [-27.9893536, 39.0738835], [-27.9893644, 39.0737563], [-27.989386, 39.0736309], [-27.9894232, 39.0734417]]}, "properties": {"highway": "primary", "lanes": "1", "oneway": "yes", "ref": "EN 1", "surface": "asphalt"}}, {"type": "Feature", "geometry": {"type": "LineString", "coordinates": [[-27.9991221, 39.0255992], [-27.9990923, 39.0255183], [-27.999059, 39.0254455], [-27.9990096, 39.0253458], [-27.9989406, 39.025236], [-27.9988952, 39.0251321], [-27.9988189, 39.0248701], [-27.998772, 39.0246984], [-27.9987256, 39.0245902], [-27.9986746, 39.0245129], [-27.9985584, 39.0243998], [-27.9984304, 39.0242897], [-27.998268, 39.024133], [-27.9981691, 39.0240216], [-27.9981172, 39.0239496], [-27.9980701, 39.023873], [-27.9980132, 39.0237996]]}, "properties": {"highway": "primary", "ref": "EN 1", "surface": "asphalt"}}, {"type": "Feature", "geometry": {"type": "LineString", "coordinates": [[-8.435432, 40.2030255], [-8.4354669, 40.202978], [-8.4354898, 40.2029302]]}, "properties": {"highway": "primary", "lanes": "2", "name": "Rua Carlos Alberto Pinto de Abreu", "ref": "EN 1", "sidewalk": "both", "surface": "asphalt"}}, {"type": "Feature", "geometry": {"type": "LineString", "coordinates": [[-8.97683, 39.0215519], [-8.9771993, 39.022072], [-8.9773622, 39.0223013], [-8.9775459, 39.0225384], [-8.9777811, 39.0228448], [-8.9778588, 39.0229351], [-8.9781767, 39.0233082], [-8.9785062, 39.0236962], [-8.9785759, 39.0238032]]}, "properties": {"highway": "primary", "lanes": "2", "maxspeed": "50", "ref": "EN 1", "surface": "asphalt"}}, {"type": "Feature", "geometry": {"type": "LineString", "coordinates": [[-8.9822309, 38.9685727], [-8.9822561, 38.9686102]]}, "properties": {"highway": "primary", "junction": "roundabout", "lanes": "2", "ref": "EN 1", "surface": "asphalt"}}, {"type": "Feature", "geometry": {"type": "LineString", "coordinates": [[-8.9824055, 38.9696021], [-8.9824189, 38.9690725]]}, "properties": {"highway": "primary", "lanes": "2", "name": "Rua Fernando Palha", "oneway": "no", "ref": "EN 1", "surface": "asphalt"}}, {"type": "Feature", "geometry": {"type": "LineString", "coordinates": [[-8.8541666, 39.628163], [-8.8541055, 39.6281723]]}, "properties": {"highway": "primary", "junction": "roundabout", "lanes": "2", "ref": "EN 1", "smoothness": "excellent", "surface": "asphalt"}}, {"type": "Feature", "geometry": {"type": "LineString", "coordinates": [[-8.9808143, 39.0333196], [-8.9807967, 39.0334003], [-8.9808016, 39.0334639]]}, "properties": {"highway": "primary", "junction": "roundabout", "maxspeed": "50", "ref": "EN 1", "surface": "asphalt"}}, {"type": "Feature", "geometry": {"type": "LineString", "coordinates": [[-8.9884692, 39.0439531], [-8.9873363, 39.0416107]]}, "properties": {"highway": "primary", "lanes": "2", "maxspeed": "50", "ref": "IC 2;EN 1", "surface": "asphalt"}}, {"type": "Feature", "geometry": {"type": "LineString", "coordinates": [[-8.9788394, 39.0241361], [-8.978884, 39.0241916], [-8.978926, 39.0242412]]}, "properties": {"highway": "primary", "lanes": "2", "maxspeed": "50", "ref": "EN 1", "surface": "asphalt"}}, {"type": "Feature", "geometry": {"type": "LineString", "coordinates": [[-8.9785759, 39.0238032], [-8.9788394, 39.0241361]]}, "properties": {"highway": "primary", "lanes": "2", "maxspeed": "50", "ref": "EN 1", "surface": "asphalt"}}, {"type": "Feature", "geometry": {"type": "LineString", "coordinates": [[-8.6288603, 39.9262925], [-8.6289171, 39.9263603], [-8.6289569, 39.9264217], [-8.628996, 39.9264908]]}, "properties": {"highway": "trunk", "lanes": "2", "maxspeed": "60", "oneway": "yes", "ref": "IC 2;EN 1", "smoothness": "excellent", "surface": "asphalt"}}, {"type": "Feature", "geometry": {"type": "LineString", "coordinates": [[-8.628996, 39.9264908], [-8.6289987, 39.9264175], [-8.6290076, 39.9263595], [-8.6290189, 39.9263128], [-8.6290345, 39.9262488]]}, "properties": {"highway": "trunk", "lanes": "2", "maxspeed": "60", "oneway": "yes", "ref": "IC 2;EN 1", "smoothness": "excellent", "surface": "asphalt"}}, {"type": "Feature", "geometry": {"type": "LineString", "coordinates": [[-8.9873363, 39.0416107], [-8.9869992, 39.0409591]]}, "properties": {"highway": "primary", "lanes": "2", "maxspeed": "50", "ref": "IC 2;EN 1", "surface": "asphalt"}}, {"type": "Feature", "geometry": {"type": "LineString", "coordinates": [[-8.9967691, 39.049402], [-8.9972596, 39.0494173], [-8.998008, 39.0494338], [-8.998321, 39.0494437], [-8.9983794, 39.0494456], [-8.9984662, 39.0494495], [-8.998818, 39.0494581], [-8.9990605, 39.0494652]]}, "properties": {"highway": "primary", "name": "Rua Gago Coutinho", "ref": "EN 1", "surface": "asphalt"}}, {"type": "Feature", "geometry": {"type": "LineString", "coordinates": [[-8.9887633, 39.0445347], [-8.9886821, 39.0443794], [-8.9886138, 39.0442488], [-8.9884692, 39.0439531]]}, "properties": {"highway": "primary", "lanes": "2", "maxspeed": "50", "ref": "IC 2;EN 1", "surface": "asphalt"}}, {"type": "Feature", "geometry": {"type": "LineString", "coordinates": [[-8.4849125, 40.8609543], [-8.4849255, 40.8609106], [-8.4849208, 40.8608679], [-8.4848996, 40.8608282]]}, "properties": {"highway": "primary", "junction": "roundabout", "lanes": "2", "ref": "EN 1", "surface": "asphalt"}}, {"type": "Feature", "geometry": {"type": "LineString", "coordinates": [[-8.4806288, 40.8537074], [-8.480612, 40.853735], [-8.4806069, 40.8537651], [-8.4806139, 40.8537949]]}, "properties": {"highway": "primary", "junction": "roundabout", "lanes": "1", "ref": "EN 1", "surface": "asphalt"}}, {"type": "Feature", "geometry": {"type": "LineString", "coordinates": [[-8.4808163, 40.8538447], [-8.4808452, 40.8538237], [-8.4808644, 40.8537971], [-8.4808723, 40.8537674], [-8.4808682, 40.8537372]]}, "properties": {"highway": "primary", "junction": "roundabout", "lanes": "1", "ref": "EN 1", "surface": "asphalt"}}, {"type": "Feature", "geometry": {"type": "LineString", "coordinates": [[-8.4806139, 40.8537949], [-8.4806329, 40.8538224], [-8.4806621, 40.8538442], [-8.4806986, 40.8538582], [-8.4807391, 40.8538631], [-8.4807796, 40.8538584], [-8.4808163, 40.8538447]]}, "properties": {"highway": "primary", "junction": "roundabout", "lanes": "1", "ref": "EN 1", "surface": "asphalt"}}, {"type": "Feature", "geometry": {"type": "LineString", "coordinates": [[-8.4848996, 40.8608282], [-8.4848607, 40.8607928], [-8.484809, 40.8607685], [-8.4847499, 40.8607579], [-8.4846893, 40.8607619]]}, "properties": {"highway": "primary", "junction": "roundabout", "lanes": "2", "ref": "EN 1", "surface": "asphalt"}}, {"type": "Feature", "geometry": {"type": "LineString", "coordinates": [[-8.484596, 40.860804], [-8.4845613, 40.8608444], [-8.4845463, 40.8608912], [-8.4845526, 40.8609392], [-8.4845795, 40.8609829], [-8.4846247, 40.8610177], [-8.4846827, 40.8610392], [-8.4847469, 40.8610447]]}, "properties": {"highway": "primary", "junction": "roundabout", "lanes": "2", "ref": "EN 1", "surface": "asphalt"}}, {"type": "Feature", "geometry": {"type": "LineString", "coordinates": [[-8.4846893, 40.8607619], [-8.4846386, 40.8607778], [-8.484596, 40.860804]]}, "properties": {"highway": "primary", "junction": "roundabout", "lanes": "2", "ref": "EN 1", "surface": "asphalt"}}, {"type": "Feature", "geometry": {"type": "LineString", "coordinates": [[-8.440016, 40.2262477], [-8.4400312, 40.2261553], [-8.440028, 40.2260985], [-8.4400128, 40.2259658]]}, "properties": {"highway": "primary", "lanes": "2", "name": "Rua Manuel de Almeida e Sousa", "ref": "EN 1", "source": "bing"}}, {"type": "Feature", "geometry": {"type": "LineString", "coordinates": [[-8.4399844, 40.2263336], [-8.440016, 40.2262477]]}, "properties": {"highway": "primary", "lanes": "2", "name": "Rua Manuel de Almeida e Sousa", "ref": "EN 1", "source": "bing"}}, {"type": "Feature", "geometry": {"type": "LineString", "coordinates": [[-8.4506636, 40.3900044], [-8.4506723, 40.3899658], [-8.4507063, 40.3897872], [-8.4507987, 40.3894999], [-8.4508104, 40.3894153], [-8.4508135, 40.3893309], [-8.4507836, 40.3892205]]}, "properties": {"highway": "primary", "lanes": "1", "maxspeed": "50", "name": "Avenida da Restaura\u00e7\u00e3o", "oneway": "yes", "ref": "IC 2;EN 1", "surface": "asphalt"}}, {"type": "Feature", "geometry": {"type": "LineString", "coordinates": [[-8.4507421, 40.3951393], [-8.4507514, 40.3957324], [-8.450769, 40.3958769], [-8.45081, 40.3959985], [-8.450861, 40.3961243], [-8.4509144, 40.396225], [-8.4511477, 40.3965971], [-8.451671, 40.3974407], [-8.4517833, 40.3976749], [-8.4518436, 40.3978252], [-8.4519144, 40.3980226], [-8.4520422, 40.3984476], [-8.4529632, 40.4014743], [-8.4530287, 40.4017638], [-8.4530531, 40.4019167], [-8.4530848, 40.4021326], [-8.4531282, 40.4025679], [-8.45333, 40.404405]]}, "properties": {"highway": "primary", "lanes": "2", "maxspeed": "50", "name": "Avenida da Restaura\u00e7\u00e3o", "oneway": "no", "ref": "IC 2;EN 1", "source": "Bing", "surface": "asphalt"}}, {"type": "Feature", "geometry": {"type": "LineString", "coordinates": [[-8.4507354, 40.3946582], [-8.4507409, 40.3950638], [-8.4507421, 40.3951393]]}, "properties": {"highway": "primary", "lanes": "2", "maxspeed": "50", "name": "Avenida da Restaura\u00e7\u00e3o", "oneway": "no", "ref": "IC 2;EN 1", "source": "Bing", "surface": "asphalt"}}, {"type": "Feature", "geometry": {"type": "LineString", "coordinates": [[-8.4507345, 40.394559], [-8.4507354, 40.3946582]]}, "properties": {"highway": "primary", "lanes": "2", "maxspeed": "50", "name": "Avenida da Restaura\u00e7\u00e3o", "oneway": "no", "ref": "IC 2;EN 1", "source": "Bing", "surface": "asphalt"}}, {"type": "Feature", "geometry": {"type": "LineString", "coordinates": [[-8.4537489, 40.3638353], [-8.453789, 40.3640319]]}, "properties": {"alt_name": "EN 1", "highway": "trunk", "lanes": "2", "maxspeed": "70", "oneway": "no", "ref": "IC 2;EN 1", "surface": "asphalt"}}, {"type": "Feature", "geometry": {"type": "LineString", "coordinates": [[-8.453789, 40.3640319], [-8.4538554, 40.3642807]]}, "properties": {"alt_name": "EN 1", "highway": "trunk", "lanes": "2", "maxspeed": "70", "oneway": "no", "ref": "IC 2;EN 1", "surface": "asphalt"}}, {"type": "Feature", "geometry": {"type": "LineString", "coordinates": [[-8.4538554, 40.3642807], [-8.4538836, 40.364396], [-8.4539674, 40.364724], [-8.4539822, 40.3647835], [-8.4540429, 40.3650273], [-8.4540892, 40.3652133], [-8.4542189, 40.3657348]]}, "properties": {"alt_name": "EN 1", "highway": "trunk", "lanes": "2", "maxspeed": "70", "oneway": "no", "ref": "IC 2;EN 1", "surface": "asphalt"}}, {"type": "Feature", "geometry": {"type": "LineString", "coordinates": [[-8.4507359, 40.3941251], [-8.4507354, 40.3944511], [-8.4507345, 40.394559]]}, "properties": {"highway": "primary", "lanes": "2", "maxspeed": "50", "name": "Avenida da Restaura\u00e7\u00e3o", "oneway": "no", "ref": "IC 2;EN 1", "source": "Bing", "surface": "asphalt"}}, {"type": "Feature", "geometry": {"type": "LineString", "coordinates": [[-8.4495535, 40.3779581], [-8.4496005, 40.3779862], [-8.4496565, 40.3780018], [-8.4497161, 40.3780035], [-8.4497736, 40.3779911]]}, "properties": {"highway": "primary", "junction": "roundabout", "lane_markings": "no", "maxspeed": "50", "ref": "IC 2;EN 1", "surface": "asphalt"}}, {"type": "Feature", "geometry": {"type": "LineString", "coordinates": [[-8.4496128, 40.3777273], [-8.4495633, 40.3777527], [-8.4495265, 40.3777885], [-8.4495061, 40.3778312], [-8.4495039, 40.3778767], [-8.4495203, 40.3779204], [-8.4495535, 40.3779581]]}, "properties": {"highway": "primary", "junction": "roundabout", "lane_markings": "no", "maxspeed": "50", "ref": "IC 2;EN 1", "surface": "asphalt"}}, {"type": "Feature", "geometry": {"type": "LineString", "coordinates": [[-8.4498031, 40.3777401], [-8.4497589, 40.3777225], [-8.4497102, 40.3777142], [-8.4496603, 40.3777159], [-8.4496128, 40.3777273]]}, "properties": {"highway": "primary", "junction": "roundabout", "lane_markings": "no", "maxspeed": "50", "ref": "IC 2;EN 1", "surface": "asphalt"}}, {"type": "Feature", "geometry": {"type": "LineString", "coordinates": [[-8.4498666, 40.3777978], [-8.4498479, 40.3777736], [-8.4498234, 40.3777526]]}, "properties": {"highway": "primary", "junction": "roundabout", "lane_markings": "no", "maxspeed": "50", "ref": "IC 2;EN 1", "surface": "asphalt"}}, {"type": "Feature", "geometry": {"type": "LineString", "coordinates": [[-8.4498495, 40.3779429], [-8.4498727, 40.3779092], [-8.4498836, 40.3778721], [-8.4498815, 40.3778341], [-8.4498666, 40.3777978]]}, "properties": {"highway": "primary", "junction": "roundabout", "lane_markings": "no", "maxspeed": "50", "ref": "IC 2;EN 1", "surface": "asphalt"}}, {"type": "Feature", "geometry": {"type": "LineString", "coordinates": [[-8.4498157, 40.3779708], [-8.4498495, 40.3779429]]}, "properties": {"highway": "primary", "junction": "roundabout", "lane_markings": "no", "maxspeed": "50", "ref": "IC 2;EN 1", "surface": "asphalt"}}, {"type": "Feature", "geometry": {"type": "LineString", "coordinates": [[-8.4497736, 40.3779911], [-8.4498157, 40.3779708]]}, "properties": {"highway": "primary", "junction": "roundabout", "lane_markings": "no", "maxspeed": "50", "ref": "IC 2;EN 1", "surface": "asphalt"}}, {"type": "Feature", "geometry": {"type": "LineString", "coordinates": [[-8.4505862, 40.3870778], [-8.4505878, 40.3871168], [-8.4505892, 40.3871502], [-8.4506091, 40.3879739]]}, "properties": {"highway": "primary", "lanes": "2", "maxspeed": "50", "name": "Avenida da Floresta", "oneway": "no", "ref": "IC 2;EN 1", "surface": "asphalt"}}, {"type": "Feature", "geometry": {"type": "LineString", "coordinates": [[-8.4505516, 40.3861578], [-8.4505723, 40.3867082], [-8.4505862, 40.3870778]]}, "properties": {"highway": "primary", "lanes": "2", "maxspeed": "50", "name": "Avenida da Floresta", "oneway": "no", "ref": "IC 2;EN 1", "surface": "asphalt"}}, {"type": "Feature", "geometry": {"type": "LineString", "coordinates": [[-8.4502529, 40.3740609], [-8.4501863, 40.3744713]]}, "properties": {"alt_name": "EN1 / EN234", "highway": "primary", "lanes": "2", "lit": "yes", "maxspeed": "50", "name": "Alameda da Cidade", "oneway": "no", "ref": "IC 2;EN 1", "surface": "asphalt"}}, {"type": "Feature", "geometry": {"type": "LineString", "coordinates": [[-8.4501863, 40.3744713], [-8.4501033, 40.3749836], [-8.4500912, 40.3750587]]}, "properties": {"alt_name": "EN1 / EN234", "highway": "primary", "lanes": "2", "lit": "yes", "maxspeed": "50", "name": "Alameda da Cidade", "oneway": "no", "ref": "IC 2;EN 1", "surface": "asphalt"}}, {"type": "Feature", "geometry": {"type": "LineString", "coordinates": [[-8.4539299, 40.4548064], [-8.4538469, 40.4543531], [-8.4537867, 40.4539636], [-8.453742, 40.4537421], [-8.4536965, 40.4535541], [-8.4536419, 40.4533807], [-8.453261, 40.4523725], [-8.4530084, 40.4518049], [-8.4528381, 40.4515518], [-8.4525555, 40.4511665], [-8.4522011, 40.4506859], [-8.4518628, 40.4502111], [-8.451739, 40.4500271], [-8.4516358, 40.4498525], [-8.4515828, 40.4497421], [-8.4515474, 40.4496316], [-8.4514737, 40.4492719]]}, "properties": {"highway": "primary", "lanes": "2", "maxspeed": "70", "oneway": "no", "ref": "IC 2;EN 1", "source": "Bing", "surface": "asphalt"}}, {"type": "Feature", "geometry": {"type": "LineString", "coordinates": [[-8.4539359, 40.4548424], [-8.4539299, 40.4548064]]}, "properties": {"highway": "primary", "lanes": "2", "maxspeed": "70", "oneway": "no", "ref": "IC 2;EN 1", "source": "Bing", "surface": "asphalt"}}, {"type": "Feature", "geometry": {"type": "LineString", "coordinates": [[-8.4504987, 40.3890697], [-8.4505711, 40.3892348]]}, "properties": {"highway": "primary", "lanes": "1", "maxspeed": "50", "name": "Avenida da Restaura\u00e7\u00e3o", "oneway": "yes", "ref": "IC 2;EN 1", "surface": "asphalt"}}, {"type": "Feature", "geometry": {"type": "LineString", "coordinates": [[-8.450698, 40.3890195], [-8.4506283, 40.3888301], [-8.4506009, 40.3887201], [-8.450595, 40.3886045], [-8.450604, 40.388437], [-8.4506086, 40.3883481], [-8.4506267, 40.3880516], [-8.4506091, 40.3879739]]}, "properties": {"highway": "primary", "lanes": "1", "maxspeed": "50", "name": "Avenida da Restaura\u00e7\u00e3o", "oneway": "yes", "ref": "IC 2;EN 1", "surface": "asphalt"}}, {"type": "Feature", "geometry": {"type": "LineString", "coordinates": [[-8.4505711, 40.3892348], [-8.4506007, 40.3893031]]}, "properties": {"highway": "primary", "lanes": "1", "maxspeed": "50", "name": "Avenida da Restaura\u00e7\u00e3o", "oneway": "yes", "ref": "IC 2;EN 1", "surface": "asphalt"}}, {"type": "Feature", "geometry": {"type": "LineString", "coordinates": [[-8.4506007, 40.3893031], [-8.4506113, 40.3893274], [-8.4506308, 40.3893969], [-8.4506472, 40.3894914], [-8.4506536, 40.3896002], [-8.4506452, 40.3897569], [-8.4506375, 40.3898724], [-8.4506321, 40.3899485], [-8.4506365, 40.3900791]]}, "properties": {"highway": "primary", "lanes": "1", "maxspeed": "50", "name": "Avenida da Restaura\u00e7\u00e3o", "oneway": "yes", "ref": "IC 2;EN 1", "surface": "asphalt"}}, {"type": "Feature", "geometry": {"type": "LineString", "coordinates": [[-8.4507762, 40.3891931], [-8.450698, 40.3890195]]}, "properties": {"highway": "primary", "lanes": "1", "maxspeed": "50", "name": "Avenida da Restaura\u00e7\u00e3o", "oneway": "yes", "ref": "IC 2;EN 1", "surface": "asphalt"}}, {"type": "Feature", "geometry": {"type": "LineString", "coordinates": [[-8.4507836, 40.3892205], [-8.4507762, 40.3891931]]}, "properties": {"highway": "primary", "lanes": "1", "maxspeed": "50", "name": "Avenida da Restaura\u00e7\u00e3o", "oneway": "yes", "ref": "IC 2;EN 1", "surface": "asphalt"}}, {"type": "Feature", "geometry": {"type": "LineString", "coordinates": [[-8.4500752, 40.3836396], [-8.4502639, 40.3844256], [-8.4503974, 40.3849742], [-8.4504866, 40.3853348], [-8.4505117, 40.3854944], [-8.4505282, 40.3856553], [-8.4505516, 40.3861578]]}, "properties": {"highway": "primary", "lanes": "2", "maxspeed": "50", "name": "Avenida da Floresta", "oneway": "no", "ref": "IC 2;EN 1", "surface": "asphalt"}}, {"type": "Feature", "geometry": {"type": "LineString", "coordinates": [[-8.4499626, 40.3831881], [-8.4500752, 40.3836396]]}, "properties": {"highway": "primary", "lanes": "2", "maxspeed": "50", "name": "Avenida da Floresta", "oneway": "no", "ref": "IC 2;EN 1", "surface": "asphalt"}}, {"type": "Feature", "geometry": {"type": "LineString", "coordinates": [[-8.4499523, 40.3831439], [-8.4499626, 40.3831881]]}, "properties": {"highway": "primary", "lanes": "2", "maxspeed": "50", "name": "Avenida da Floresta", "oneway": "no", "ref": "IC 2;EN 1", "surface": "asphalt"}}, {"type": "Feature", "geometry": {"type": "LineString", "coordinates": [[-8.4497221, 40.382208], [-8.4499368, 40.3830814], [-8.4499523, 40.3831439]]}, "properties": {"highway": "primary", "lanes": "2", "maxspeed": "50", "name": "Avenida da Floresta", "oneway": "no", "ref": "IC 2;EN 1", "surface": "asphalt"}}, {"type": "Feature", "geometry": {"type": "LineString", "coordinates": [[-8.4499008, 40.3761076], [-8.4498116, 40.3766723], [-8.4496807, 40.3775388], [-8.4496128, 40.3777273]]}, "properties": {"alt_name": "EN 1 / EN 234", "highway": "primary", "lanes": "1", "maxspeed": "50", "oneway": "yes", "ref": "IC 2;EN 1", "surface": "asphalt"}}, {"type": "Feature", "geometry": {"type": "MultiPolygon", "coordinates": [[[[-8.4495915, 40.3808095], [-8.4495856, 40.3807774], [-8.449571, 40.3807469], [-8.4495483, 40.3807195], [-8.4495306, 40.3807044], [-8.4495104, 40.3806913], [-8.4494882, 40.3806802], [-8.4494643, 40.3806715], [-8.4494391, 40.3806653], [-8.4494131, 40.3806616], [-8.4493867, 40.3806605], [-8.4493604, 40.380662], [-8.4493345, 40.3806662], [-8.4493096, 40.3806729], [-8.449286, 40.380682], [-8.4492642, 40.3806933], [-8.4492483, 40.3807039], [-8.449234, 40.3807156], [-8.4492213, 40.3807284], [-8.4492104, 40.3807421], [-8.4492015, 40.3807566], [-8.4491931, 40.380776], [-8.4491881, 40.380796], [-8.4491866, 40.3808164], [-8.4491886, 40.3808368], [-8.4491942, 40.3808567], [-8.4492032, 40.3808759], [-8.4492154, 40.3808941], [-8.4492306, 40.3809109], [-8.4492478, 40.3809253], [-8.4492673, 40.380938], [-8.4492886, 40.3809487], [-8.4493116, 40.3809573], [-8.4493405, 40.3809645], [-8.4493704, 40.3809684], [-8.4494008, 40.3809688], [-8.4494309, 40.3809657], [-8.44946, 40.3809593], [-8.4494876, 40.3809496], [-8.4495129, 40.3809368], [-8.4495329, 40.3809234], [-8.4495503, 40.3809081], [-8.449565, 40.3808912], [-8.4495767, 40.380873], [-8.4495885, 40.3808418], [-8.4495915, 40.3808095]]]]}, "properties": {"highway": "primary", "junction": "roundabout", "lanes": "2", "maxspeed": "50", "ref": "IC 2;EN 1", "source": "Bing", "surface": "asphalt"}}, {"type": "Feature", "geometry": {"type": "MultiPolygon", "coordinates": [[[[-8.450212, 40.3754852], [-8.4501967, 40.3754361], [-8.4501711, 40.3754035], [-8.4501353, 40.375377], [-8.4500917, 40.3753585], [-8.4500434, 40.3753492], [-8.4499935, 40.3753498], [-8.4499455, 40.3753602], [-8.4499027, 40.3753797], [-8.449868, 40.3754069], [-8.4498437, 40.3754401], [-8.4498315, 40.3754769], [-8.4498323, 40.3755149], [-8.4498459, 40.3755515], [-8.4498715, 40.3755841], [-8.4499073, 40.3756105], [-8.4499666, 40.3756332], [-8.4500324, 40.3756391], [-8.450097, 40.3756274], [-8.4501398, 40.3756079], [-8.4501746, 40.3755806], [-8.4502043, 40.3755354], [-8.450212, 40.3754852]]]]}, "properties": {"highway": "primary", "junction": "roundabout", "maxspeed": "50", "ref": "IC 2;EN 1", "surface": "asphalt"}}, {"type": "Feature", "geometry": {"type": "MultiPolygon", "coordinates": [[[[-8.4561039, 40.4602552], [-8.4560945, 40.4602134], [-8.4560746, 40.4601738], [-8.4560446, 40.4601376], [-8.4560058, 40.4601065], [-8.4559602, 40.4600821], [-8.4559092, 40.4600648], [-8.4558547, 40.4600555], [-8.455799, 40.4600544], [-8.455744, 40.4600616], [-8.4556919, 40.4600769], [-8.4556447, 40.4600995], [-8.4556042, 40.4601287], [-8.4555719, 40.4601635], [-8.4555492, 40.4602024], [-8.4555368, 40.4602439], [-8.4555354, 40.4602865], [-8.4555449, 40.4603285], [-8.4555651, 40.4603682], [-8.4555953, 40.4604044], [-8.4556342, 40.4604354], [-8.4556805, 40.4604599], [-8.4557321, 40.4604771], [-8.4557864, 40.4604861], [-8.4558419, 40.4604869], [-8.4558966, 40.4604795], [-8.4559483, 40.4604642], [-8.4559952, 40.4604415], [-8.4560354, 40.4604124], [-8.4560675, 40.4603777], [-8.4560901, 40.460339], [-8.4561024, 40.4602976], [-8.4561039, 40.4602552]]]]}, "properties": {"highway": "primary", "junction": "roundabout", "lanes": "2", "maxspeed": "50", "ref": "IC2;EN 1;EN 235", "surface": "asphalt"}}, {"type": "Feature", "geometry": {"type": "MultiPolygon", "coordinates": [[[[-8.4524038, 40.4434207], [-8.4523929, 40.4433704], [-8.4523699, 40.4433335], [-8.4523212, 40.4432924], [-8.4522573, 40.4432659], [-8.4521856, 40.4432568], [-8.4521139, 40.4432664], [-8.452076, 40.4432799], [-8.4520292, 40.4433082], [-8.4519943, 40.4433452], [-8.4519741, 40.4433881], [-8.4519699, 40.4434335], [-8.4519767, 40.4434592], [-8.4519812, 40.443476], [-8.4520067, 40.4435147], [-8.4520445, 40.4435471], [-8.4520978, 40.443573], [-8.4521586, 40.443586], [-8.4522217, 40.4435852], [-8.4522819, 40.4435707], [-8.4523179, 40.4435538], [-8.4523644, 40.4435171], [-8.452394, 40.4434712], [-8.4524038, 40.4434207]]]]}, "properties": {"highway": "primary", "junction": "roundabout", "lanes": "2", "maxspeed": "50", "ref": "IC 2;EN 1", "surface": "asphalt"}}, {"type": "Feature", "geometry": {"type": "MultiPolygon", "coordinates": [[[[-8.4479763, 40.5719703], [-8.4479688, 40.5719433], [-8.4479514, 40.5719191], [-8.4479255, 40.5718998], [-8.4478933, 40.571887], [-8.4478537, 40.5718817], [-8.4478139, 40.5718863], [-8.4477781, 40.5719003], [-8.4477508, 40.5719215], [-8.4477335, 40.5719481], [-8.447728, 40.5719775], [-8.4477347, 40.5720068], [-8.4477538, 40.5720338], [-8.4477833, 40.5720547], [-8.4478201, 40.5720673], [-8.4478603, 40.5720703], [-8.4478996, 40.5720634], [-8.4479204, 40.572055], [-8.4479387, 40.5720439], [-8.447954, 40.5720303], [-8.4479656, 40.5720147], [-8.4479732, 40.5719978], [-8.4479763, 40.5719703]]]]}, "properties": {"highway": "primary", "junction": "roundabout", "ref": "EN 1;ER 230", "surface": "paving_stones"}}, {"type": "Feature", "geometry": {"type": "MultiPolygon", "coordinates": [[[[-8.457196, 40.5946729], [-8.4571952, 40.5946335], [-8.4571803, 40.5945957], [-8.4571524, 40.5945625], [-8.4571136, 40.5945363], [-8.457067, 40.5945191], [-8.457015, 40.5945121], [-8.4569708, 40.5945149], [-8.4569286, 40.5945254], [-8.4568909, 40.5945432], [-8.4568596, 40.5945671], [-8.4568366, 40.5945959], [-8.4568232, 40.5946273], [-8.4568196, 40.5946602], [-8.456826, 40.5946928], [-8.456842, 40.5947234], [-8.4568668, 40.5947505], [-8.4568992, 40.5947725], [-8.4569331, 40.5947871], [-8.4569703, 40.594796], [-8.4570285, 40.5947982], [-8.4570848, 40.5947867], [-8.4571339, 40.5947628], [-8.457171, 40.5947287], [-8.4571873, 40.5947018], [-8.457196, 40.5946729]]]]}, "properties": {"highway": "primary", "junction": "roundabout", "name": "Rotunda da Famel", "ref": "EN 1"}}, {"type": "Feature", "geometry": {"type": "MultiPolygon", "coordinates": [[[[-8.6296393, 39.9228713], [-8.6296339, 39.9228312], [-8.6296194, 39.9227924], [-8.6295962, 39.9227562], [-8.6295651, 39.9227237], [-8.629527, 39.9226959], [-8.6294832, 39.9226737], [-8.6294349, 39.9226577], [-8.6293913, 39.9226494], [-8.6293466, 39.9226462], [-8.6292946, 39.922649], [-8.629244, 39.9226587], [-8.6291964, 39.922675], [-8.6291533, 39.9226974], [-8.6291159, 39.9227253], [-8.6290854, 39.9227577], [-8.6290627, 39.9227937], [-8.6290479, 39.9228349], [-8.6290434, 39.9228774], [-8.6290493, 39.9229199], [-8.6290654, 39.9229608], [-8.6290911, 39.9229987], [-8.6291267, 39.9230331], [-8.6291704, 39.9230618], [-8.6292203, 39.9230834], [-8.6292748, 39.9230974], [-8.6293317, 39.923103], [-8.6293917, 39.9230998], [-8.6294497, 39.9230875], [-8.6295032, 39.9230665], [-8.6295502, 39.9230376], [-8.6295886, 39.9230022], [-8.629617, 39.9229615], [-8.6296341, 39.9229173], [-8.6296393, 39.9228713]]]]}, "properties": {"highway": "trunk", "junction": "roundabout", "lanes": "2", "lit": "yes", "maxspeed": "50", "name": "Rotunda do Alto do Caba\u00e7o", "ref": "IC 2;EN 1", "smoothness": "good", "surface": "asphalt"}}, {"type": "Feature", "geometry": {"type": "MultiPolygon", "coordinates": [[[[-8.4711452, 40.6806533], [-8.471105, 40.6805523], [-8.4710223, 40.6804675], [-8.4709067, 40.6804088], [-8.4707719, 40.6803831], [-8.4706334, 40.6803934], [-8.4706122, 40.680401], [-8.4705076, 40.6804384], [-8.4704093, 40.680513], [-8.4703602, 40.6805839], [-8.4703369, 40.680662], [-8.4703408, 40.680742], [-8.4703872, 40.6808415], [-8.4704337, 40.6808848], [-8.470475, 40.6809232], [-8.4705941, 40.6809778], [-8.4707304, 40.6809987], [-8.4708522, 40.6809853], [-8.4708681, 40.6809835], [-8.4709909, 40.680934], [-8.4710465, 40.6808878], [-8.4710846, 40.6808561], [-8.4711381, 40.6807587], [-8.4711452, 40.6806533]]]]}, "properties": {"highway": "trunk", "junction": "roundabout", "lanes": "2", "lit": "yes", "ref": "IC 2;EN 1", "source": "Bing", "surface": "asphalt"}}, {"type": "Feature", "geometry": {"type": "MultiPolygon", "coordinates": [[[[-8.4409477, 40.2343415], [-8.4409392, 40.2342748], [-8.440898, 40.2342157], [-8.4408302, 40.2341731], [-8.4407463, 40.2341534], [-8.440659, 40.2341598], [-8.4405816, 40.2341911], [-8.4405256, 40.2342425], [-8.4404996, 40.2343064], [-8.4405076, 40.2343732], [-8.4405485, 40.2344327], [-8.4406162, 40.2344756], [-8.4407002, 40.2344955], [-8.4407538, 40.2344949], [-8.4408254, 40.2344779], [-8.4408857, 40.2344439], [-8.440928, 40.2343967], [-8.4409477, 40.2343415]]]]}, "properties": {"highway": "primary", "junction": "roundabout", "lanes": "1", "ref": "EN 1", "source": "bing"}}, {"type": "Feature", "geometry": {"type": "MultiPolygon", "coordinates": [[[[-8.4682606, 40.1404631], [-8.468253, 40.1404385], [-8.4682355, 40.1404171], [-8.46821, 40.1404011], [-8.4681791, 40.1403921], [-8.4681522, 40.1403907], [-8.4681257, 40.1403947], [-8.4681014, 40.1404039], [-8.4680812, 40.1404176], [-8.4680664, 40.1404349], [-8.4680585, 40.1404526], [-8.4680563, 40.1404712], [-8.46806, 40.1404896], [-8.4680693, 40.1405069], [-8.4680837, 40.140522], [-8.4681019, 40.1405338], [-8.4681231, 40.1405421], [-8.4681463, 40.1405464], [-8.4681702, 40.1405464], [-8.4681934, 40.1405423], [-8.4682222, 40.14053], [-8.4682444, 40.1405113], [-8.4682577, 40.1404882], [-8.4682606, 40.1404631]]]]}, "properties": {"highway": "primary", "junction": "roundabout", "name": "Rua da Mesura", "ref": "EN 1"}}, {"type": "Feature", "geometry": {"type": "MultiPolygon", "coordinates": [[[[-8.4423817, 40.24198], [-8.4423727, 40.2419524], [-8.4423505, 40.2419296], [-8.4423187, 40.241915], [-8.4422819, 40.2419108], [-8.4422458, 40.2419177], [-8.4422159, 40.2419346], [-8.4421968, 40.2419589], [-8.4421913, 40.241987], [-8.4422003, 40.2420145], [-8.4422111, 40.2420257], [-8.4422224, 40.2420374], [-8.4422543, 40.242052], [-8.4422911, 40.2420562], [-8.4423271, 40.2420493], [-8.4423571, 40.2420324], [-8.4423762, 40.2420081], [-8.4423817, 40.24198]]]]}, "properties": {"highway": "primary", "junction": "roundabout", "ref": "EN 1", "source": "bing"}}, {"type": "Feature", "geometry": {"type": "MultiPolygon", "coordinates": [[[[-8.4436048, 40.2506515], [-8.4435854, 40.2505921], [-8.4435376, 40.2505428], [-8.4434688, 40.2505113], [-8.4433894, 40.2505023], [-8.4433116, 40.2505171], [-8.4432471, 40.2505536], [-8.4432201, 40.2505823], [-8.443194, 40.2506535], [-8.4432135, 40.250726], [-8.4432613, 40.2507752], [-8.4433301, 40.2508067], [-8.4434092, 40.2508158], [-8.4434871, 40.250801], [-8.4435516, 40.2507646], [-8.4435929, 40.2507121], [-8.4436048, 40.2506515]]]]}, "properties": {"highway": "primary", "junction": "roundabout", "ref": "EN 1", "source": "bing", "surface": "asphalt"}}, {"type": "Feature", "geometry": {"type": "MultiPolygon", "coordinates": [[[[-8.4778005, 40.8117217], [-8.4777999, 40.8116836], [-8.4777836, 40.8116476], [-8.4777532, 40.8116172], [-8.4777119, 40.8115954], [-8.4776651, 40.8115846], [-8.4776162, 40.811585], [-8.4775698, 40.8115967], [-8.4775302, 40.8116183], [-8.4775011, 40.8116481], [-8.4774843, 40.811688], [-8.4774865, 40.8117299], [-8.4775074, 40.8117687], [-8.4775446, 40.8117998], [-8.4775696, 40.8118118], [-8.477597, 40.8118201], [-8.477641, 40.8118251], [-8.4776851, 40.8118207], [-8.477726, 40.8118073], [-8.4777603, 40.8117859], [-8.4777855, 40.8117581], [-8.4778005, 40.8117217]]]]}, "properties": {"highway": "primary", "junction": "roundabout", "ref": "EN 1"}}, {"type": "Feature", "geometry": {"type": "MultiPolygon", "coordinates": [[[[-8.4800357, 40.8140857], [-8.4800283, 40.8140634], [-8.4800108, 40.8140423], [-8.4799854, 40.8140265], [-8.4799546, 40.8140176], [-8.4799217, 40.8140167], [-8.4798901, 40.8140237], [-8.4798632, 40.814038], [-8.4798452, 40.8140558], [-8.4798348, 40.8140767], [-8.4798327, 40.8140991], [-8.4798393, 40.8141209], [-8.4798471, 40.814133], [-8.4798575, 40.8141438], [-8.4798829, 40.8141597], [-8.4799136, 40.8141686], [-8.4799465, 40.8141697], [-8.479978, 40.8141628], [-8.4800051, 40.8141486], [-8.4800235, 40.8141303], [-8.480034, 40.8141087], [-8.4800357, 40.8140857]]]]}, "properties": {"highway": "primary", "junction": "roundabout", "name": "Avenida S\u00e1 Carneiro", "ref": "EN 1"}}, {"type": "Feature", "geometry": {"type": "MultiPolygon", "coordinates": [[[[-8.4830048, 40.8290653], [-8.4830035, 40.8290213], [-8.4829829, 40.8289801], [-8.4829448, 40.8289476], [-8.482911, 40.8289295], [-8.4828638, 40.8289179], [-8.4828142, 40.828917], [-8.4827643, 40.8289275], [-8.4827208, 40.8289488], [-8.4826877, 40.8289789], [-8.4826712, 40.8290064], [-8.4826635, 40.829036], [-8.482665, 40.8290662], [-8.4826774, 40.8290982], [-8.4827, 40.8291267], [-8.4827314, 40.82915], [-8.4827705, 40.8291667], [-8.482814, 40.8291752], [-8.4828589, 40.8291748], [-8.4829021, 40.8291657], [-8.482951, 40.8291419], [-8.4829866, 40.8291071], [-8.4830048, 40.8290653]]]]}, "properties": {"highway": "primary", "junction": "roundabout", "ref": "EN 1", "surface": "asphalt"}}, {"type": "Feature", "geometry": {"type": "MultiPolygon", "coordinates": [[[[-8.4834903, 40.827302], [-8.4834832, 40.8272641], [-8.4834614, 40.8272296], [-8.4834268, 40.8272017], [-8.4833783, 40.8271818], [-8.4833238, 40.8271751], [-8.4832694, 40.8271824], [-8.4832268, 40.8271995], [-8.4831925, 40.8272253], [-8.4831695, 40.8272574], [-8.48316, 40.8272916], [-8.4831632, 40.8273265], [-8.4831792, 40.8273593], [-8.4832065, 40.8273876], [-8.483243, 40.8274089], [-8.4832899, 40.8274225], [-8.4833399, 40.8274249], [-8.4833886, 40.8274157], [-8.4834315, 40.8273959], [-8.4834628, 40.8273694], [-8.4834829, 40.8273372], [-8.4834903, 40.827302]]]]}, "properties": {"highway": "primary", "junction": "roundabout", "ref": "EN 1", "surface": "asphalt"}}, {"type": "Feature", "geometry": {"type": "MultiPolygon", "coordinates": [[[[-8.4880966, 40.875347], [-8.4880858, 40.8753147], [-8.4880645, 40.8752856], [-8.4880342, 40.8752615], [-8.4879968, 40.8752439], [-8.4879594, 40.8752348], [-8.4879144, 40.8752324], [-8.4878701, 40.875239], [-8.4878296, 40.875254], [-8.4877956, 40.8752764], [-8.4877679, 40.8753089], [-8.487754, 40.8753461], [-8.4877561, 40.8753892], [-8.4877768, 40.8754294], [-8.4878136, 40.8754623], [-8.4878473, 40.8754792], [-8.4878853, 40.8754897], [-8.4879255, 40.8754933], [-8.4879757, 40.8754876], [-8.4880215, 40.8754711], [-8.4880589, 40.8754453], [-8.4880849, 40.8754124], [-8.4880963, 40.8753802], [-8.4880966, 40.875347]]]]}, "properties": {"highway": "primary", "junction": "roundabout", "lanes": "2", "maxspeed:type": "PT:urban", "old_ref": "EN 1", "ref": "EN 1", "source": "BING", "surface": "asphalt"}}, {"type": "Feature", "geometry": {"type": "MultiPolygon", "coordinates": [[[[-8.4883814, 40.8795977], [-8.4883761, 40.8795716], [-8.4883629, 40.8795471], [-8.4883425, 40.8795256], [-8.4883161, 40.8795083], [-8.4882851, 40.8794961], [-8.4882422, 40.879489], [-8.4881984, 40.8794916], [-8.4881575, 40.8795037], [-8.4881231, 40.8795243], [-8.488098, 40.8795515], [-8.4880844, 40.8795831], [-8.4880836, 40.8796163], [-8.4880956, 40.8796482], [-8.4881113, 40.8796686], [-8.4881321, 40.879686], [-8.4881573, 40.8796998], [-8.4882013, 40.8797125], [-8.4882483, 40.8797142], [-8.4882936, 40.8797048], [-8.4883329, 40.8796852], [-8.4883622, 40.8796574], [-8.4883786, 40.879624], [-8.4883814, 40.8795977]]]]}, "properties": {"highway": "primary", "junction": "roundabout", "maxspeed:type": "PT:urban", "old_ref": "EN 1", "ref": "EN 1", "source": "BING", "surface": "asphalt"}}, {"type": "Feature", "geometry": {"type": "MultiPolygon", "coordinates": [[[[-8.4738936, 40.8429785], [-8.4738933, 40.8429466], [-8.4738796, 40.8429164], [-8.473854, 40.8428911], [-8.4738281, 40.8428766], [-8.4737982, 40.8428674], [-8.4737555, 40.8428641], [-8.4737137, 40.8428714], [-8.4736772, 40.8428885], [-8.4736499, 40.8429136], [-8.4736363, 40.842939], [-8.4736323, 40.8429662], [-8.4736384, 40.8429932], [-8.4736539, 40.843018], [-8.4736787, 40.8430392], [-8.4737104, 40.8430542], [-8.4737464, 40.8430619], [-8.4737838, 40.8430616], [-8.4738196, 40.8430533], [-8.4738555, 40.8430345], [-8.4738806, 40.8430088], [-8.4738936, 40.8429785]]]]}, "properties": {"highway": "primary", "junction": "roundabout", "ref": "EN 1"}}, {"type": "Feature", "geometry": {"type": "MultiPolygon", "coordinates": [[[[-8.9459595, 39.339141], [-8.945954, 39.3391061], [-8.9458939, 39.3390517], [-8.9458064, 39.3389858], [-8.9457562, 39.3389758], [-8.9457126, 39.3389902], [-8.9456864, 39.3390152], [-8.9456781, 39.3390546], [-8.9456941, 39.3390839], [-8.9457233, 39.3391086], [-8.9458174, 39.3391884], [-8.9458686, 39.3392009], [-8.9459159, 39.3391908], [-8.9459407, 39.3391723], [-8.9459595, 39.339141]]]]}, "properties": {"highway": "primary", "lanes": "1", "maxspeed": "40", "name": "Avenida dos Combatentes", "oneway": "yes", "ref": "EN 1;EN 114", "surface": "asphalt"}}, {"type": "Feature", "geometry": {"type": "MultiPolygon", "coordinates": [[[[-8.9513276, 39.3443278], [-8.9513275, 39.3443088], [-8.9513175, 39.3442766], [-8.9512979, 39.3442471], [-8.9512572, 39.3442137], [-8.9512048, 39.3441921], [-8.9511462, 39.3441848], [-8.9510876, 39.3441924], [-8.95104, 39.3442116], [-8.9510016, 39.3442406], [-8.9509758, 39.3442771], [-8.9509651, 39.3443162], [-8.950969, 39.3443561], [-8.9509872, 39.3443935], [-8.9510245, 39.3444299], [-8.951075, 39.344455], [-8.9511333, 39.344466], [-8.9511885, 39.3444626], [-8.9512399, 39.3444465], [-8.9512827, 39.3444193], [-8.9513128, 39.3443833], [-8.9513276, 39.344342], [-8.9513276, 39.3443278]]]]}, "properties": {"highway": "primary", "junction": "roundabout", "lanes": "2", "maxspeed": "50", "name": "Avenida dos Combatentes", "ref": "EN 1", "surface": "asphalt"}}, {"type": "Feature", "geometry": {"type": "MultiPolygon", "coordinates": [[[[-8.9388766, 39.331454], [-8.9388661, 39.3314126], [-8.9388411, 39.3313751], [-8.9388035, 39.3313446], [-8.9387564, 39.3313233], [-8.9387015, 39.331313], [-8.9386451, 39.3313153], [-8.938592, 39.3313302], [-8.9385467, 39.3313563], [-8.9385131, 39.3313914], [-8.9384839, 39.3314371], [-8.9384924, 39.3314839], [-8.9385095, 39.3315267], [-8.9385421, 39.3315637], [-8.9385875, 39.3315915], [-8.9386414, 39.3316077], [-8.9386992, 39.3316109], [-8.9387427, 39.3316042], [-8.938783, 39.3315901], [-8.9388237, 39.3315648], [-8.9388542, 39.3315321], [-8.9388723, 39.3314942], [-8.9388766, 39.331454]]]]}, "properties": {"highway": "primary", "junction": "roundabout", "lanes": "2", "lit": "yes", "maxspeed": "50", "name": "Avenida dos Combatentes", "ref": "EN 1", "surface": "asphalt"}}, {"type": "Feature", "geometry": {"type": "MultiPolygon", "coordinates": [[[[-8.4511773, 40.3722518], [-8.451163, 40.372208], [-8.4511331, 40.3721691], [-8.4510898, 40.3721383], [-8.4510369, 40.372118], [-8.4509786, 40.3721101], [-8.4509244, 40.3721142], [-8.4508735, 40.372129], [-8.4508336, 40.3721504], [-8.4508015, 40.3721784], [-8.4507788, 40.3722113], [-8.4507668, 40.3722478], [-8.4507666, 40.3722854], [-8.4507781, 40.372322], [-8.450804, 40.3723591], [-8.450841, 40.3723892], [-8.450887, 40.3724109], [-8.4509388, 40.3724227], [-8.4509929, 40.3724239], [-8.4510552, 40.3724113], [-8.4511094, 40.3723847], [-8.4511502, 40.3723466], [-8.4511736, 40.3723008], [-8.4511773, 40.3722518]]]]}, "properties": {"highway": "primary", "junction": "roundabout", "ref": "IC 2;EN 1", "surface": "asphalt"}}, {"type": "Feature", "geometry": {"type": "MultiPolygon", "coordinates": [[[[-8.4487729, 40.1820148], [-8.4487667, 40.1819826], [-8.4487498, 40.1819527], [-8.4487195, 40.1819245], [-8.4486799, 40.1819042], [-8.4486343, 40.1818935], [-8.4485866, 40.1818933], [-8.4485359, 40.1819056], [-8.4484931, 40.1819297], [-8.4484627, 40.181963], [-8.4484479, 40.182002], [-8.4484503, 40.1820426], [-8.4484697, 40.1820804], [-8.4485002, 40.1821089], [-8.4485402, 40.1821293], [-8.4485862, 40.18214], [-8.4486072, 40.1821413], [-8.4486581, 40.1821357], [-8.4487042, 40.1821183], [-8.4487409, 40.1820908], [-8.4487573, 40.18207], [-8.448768, 40.1820471], [-8.4487729, 40.1820148]]]]}, "properties": {"highway": "primary", "junction": "roundabout", "lanes": "2", "name": "Estrada Antiga de Lisboa", "ref": "EN 1", "surface": "asphalt"}}, {"type": "Feature", "geometry": {"type": "MultiPolygon", "coordinates": [[[[-8.936975, 39.3214811], [-8.936973, 39.3214558], [-8.9369699, 39.3214156], [-8.9369399, 39.3213541], [-8.9368877, 39.3213024], [-8.9368142, 39.3212635], [-8.9367286, 39.3212441], [-8.9366396, 39.3212464], [-8.9365558, 39.3212699], [-8.9364822, 39.3213153], [-8.9364319, 39.321377], [-8.9364105, 39.3214479], [-8.9364205, 39.3215204], [-8.9364606, 39.3215864], [-8.9365265, 39.3216385], [-8.9366109, 39.321671], [-8.9367043, 39.3216802], [-8.936782, 39.3216693], [-8.9368528, 39.3216422], [-8.9369111, 39.3216011], [-8.9369548, 39.3215448], [-8.936975, 39.3214811]]]]}, "properties": {"highway": "primary", "junction": "roundabout", "lanes": "2", "maxspeed": "50", "name": "Rotunda do Centen\u00e1rio da Rep\u00fablica", "ref": "EN 1", "surface": "asphalt"}}, {"type": "Feature", "geometry": {"type": "MultiPolygon", "coordinates": [[[[-8.4835651, 40.7063154], [-8.483556, 40.706234], [-8.4835192, 40.7061572], [-8.4834575, 40.7060903], [-8.4833895, 40.7060452], [-8.4833102, 40.7060125], [-8.4831986, 40.705991], [-8.4830835, 40.7059938], [-8.482974, 40.7060207], [-8.4828786, 40.7060695], [-8.4828104, 40.7061297], [-8.4827645, 40.706201], [-8.4827429, 40.7062951], [-8.4827598, 40.7063898], [-8.4828123, 40.7064745], [-8.4828954, 40.7065435], [-8.4830018, 40.7065907], [-8.4831238, 40.706612], [-8.4832486, 40.7066046], [-8.4833646, 40.706569], [-8.4834676, 40.706503], [-8.4835369, 40.7064154], [-8.4835651, 40.7063154]]]]}, "properties": {"highway": "primary", "junction": "roundabout", "lanes": "2", "ref": "IC 2;EN 1", "surface": "asphalt"}}, {"type": "Feature", "geometry": {"type": "MultiPolygon", "coordinates": [[[[-8.4832555, 40.7125214], [-8.4832399, 40.7124615], [-8.4832028, 40.7124073], [-8.4831485, 40.712364], [-8.4830807, 40.7123337], [-8.4830001, 40.7123183], [-8.4829171, 40.7123211], [-8.4828388, 40.7123421], [-8.4827717, 40.7123793], [-8.4827167, 40.7124369], [-8.4826894, 40.712505], [-8.4826928, 40.7125761], [-8.4827266, 40.7126425], [-8.482787, 40.7126969], [-8.4828675, 40.7127335], [-8.4829471, 40.7127476], [-8.4830287, 40.712744], [-8.4831056, 40.7127229], [-8.4831714, 40.7126862], [-8.4832189, 40.7126391], [-8.4832483, 40.7125822], [-8.4832555, 40.7125214]]]]}, "properties": {"highway": "primary", "junction": "roundabout", "lanes": "2", "ref": "IC 2;EN 1", "surface": "asphalt"}}, {"type": "Feature", "geometry": {"type": "MultiPolygon", "coordinates": [[[[-8.4509748, 40.3936234], [-8.4509692, 40.3935823], [-8.4509482, 40.3935442], [-8.4509266, 40.3935223], [-8.4508998, 40.393504], [-8.4508522, 40.3934848], [-8.4507993, 40.3934768], [-8.4507457, 40.3934808], [-8.4506959, 40.3934965], [-8.4506665, 40.3935131], [-8.450642, 40.3935337], [-8.4506165, 40.3935703], [-8.4506061, 40.3936109], [-8.4506117, 40.3936521], [-8.4506328, 40.3936902], [-8.4506542, 40.393712], [-8.4506808, 40.3937303], [-8.4507286, 40.3937497], [-8.4507818, 40.3937576], [-8.4508357, 40.3937535], [-8.4508857, 40.3937376], [-8.4509148, 40.3937211], [-8.4509391, 40.3937005], [-8.4509645, 40.393664], [-8.4509748, 40.3936234]]]]}, "properties": {"highway": "primary", "junction": "roundabout", "maxspeed": "50", "name": "Avenida da Restaura\u00e7\u00e3o", "ref": "IC 2;EN 1", "surface": "asphalt"}}, {"type": "Feature", "geometry": {"type": "MultiPolygon", "coordinates": [[[[-8.452463, 40.4376649], [-8.4524532, 40.4376235], [-8.452436, 40.4375932], [-8.4524112, 40.4375661], [-8.4523596, 40.4375327], [-8.4522971, 40.4375131], [-8.4522296, 40.4375092], [-8.4521639, 40.4375214], [-8.4521063, 40.4375484], [-8.4520627, 40.4375875], [-8.4520364, 40.4376367], [-8.4520322, 40.4376897], [-8.4520503, 40.437741], [-8.4520827, 40.4377798], [-8.452134, 40.4378133], [-8.4521964, 40.437833], [-8.4522637, 40.4378371], [-8.4523295, 40.4378252], [-8.4523871, 40.4377984], [-8.4524096, 40.4377815], [-8.4524405, 40.4377466], [-8.4524586, 40.4377069], [-8.452463, 40.4376649]]]]}, "properties": {"highway": "primary", "junction": "roundabout", "maxspeed": "50", "ref": "IC 2;EN 1", "surface": "asphalt"}}, {"type": "Feature", "geometry": {"type": "MultiPolygon", "coordinates": [[[[-8.4600739, 40.1653185], [-8.4600604, 40.165274], [-8.460026, 40.1652369], [-8.4599759, 40.1652127], [-8.4599178, 40.1652048], [-8.4598601, 40.1652141], [-8.4598111, 40.1652395], [-8.4597781, 40.1652773], [-8.4597664, 40.1653221], [-8.4597781, 40.1653672], [-8.4598118, 40.1654056], [-8.4598625, 40.1654312], [-8.4599225, 40.1654398], [-8.459982, 40.1654299], [-8.4600319, 40.1654031], [-8.460064, 40.165364], [-8.4600739, 40.1653185]]]]}, "properties": {"highway": "primary", "junction": "roundabout", "lanes": "1", "ref": "EN 1", "surface": "asphalt"}}, {"type": "Feature", "geometry": {"type": "MultiPolygon", "coordinates": [[[[-8.4774261, 40.8522939], [-8.4774156, 40.8522679], [-8.477395, 40.8522457], [-8.4773663, 40.8522293], [-8.4773324, 40.8522205], [-8.4772965, 40.85222], [-8.4772622, 40.852228], [-8.4772328, 40.8522436], [-8.4772112, 40.8522653], [-8.4771995, 40.8522909], [-8.4771989, 40.8523181], [-8.4772094, 40.852344], [-8.47723, 40.8523663], [-8.4772587, 40.8523826], [-8.4772926, 40.8523914], [-8.4773285, 40.8523919], [-8.4773629, 40.8523839], [-8.4773923, 40.8523684], [-8.4774138, 40.8523467], [-8.4774255, 40.852321], [-8.4774261, 40.8522939]]]]}, "properties": {"highway": "primary", "junction": "roundabout", "lanes": "1", "ref": "EN 1", "surface": "asphalt"}}, {"type": "Feature", "geometry": {"type": "MultiPolygon", "coordinates": [[[[-8.435157, 40.2033526], [-8.4351437, 40.2033049], [-8.4351115, 40.2032629], [-8.4350636, 40.2032307], [-8.4350049, 40.2032116], [-8.4349414, 40.2032075], [-8.4348973, 40.203214], [-8.4348457, 40.2032327], [-8.4347987, 40.2032659], [-8.4347677, 40.2033088], [-8.4347561, 40.2033569], [-8.4347649, 40.2034054], [-8.4347778, 40.2034297], [-8.4347959, 40.203452], [-8.4348387, 40.2034843], [-8.4348922, 40.2035054], [-8.4349515, 40.2035135], [-8.4350112, 40.2035078], [-8.435066, 40.2034888], [-8.4351031, 40.203465], [-8.4351317, 40.2034352], [-8.4351501, 40.203401], [-8.435157, 40.2033526]]]]}, "properties": {"highway": "primary", "junction": "roundabout", "lanes": "2", "maxspeed:type": "PT:urban", "ref": "EN 1", "sidewalk": "right", "surface": "asphalt"}}, {"type": "Feature", "geometry": {"type": "MultiPolygon", "coordinates": [[[[-8.4364892, 40.1972161], [-8.4364827, 40.1971933], [-8.4364682, 40.1971729], [-8.4364469, 40.1971562], [-8.4364203, 40.1971448], [-8.4363988, 40.1971399], [-8.4363598, 40.1971405], [-8.4363308, 40.1971482], [-8.4363056, 40.1971617], [-8.4362865, 40.1971801], [-8.4362749, 40.1972019], [-8.4362716, 40.1972252], [-8.4362771, 40.1972484], [-8.4362947, 40.1972734], [-8.4363053, 40.1972808], [-8.4363223, 40.1972926], [-8.4363568, 40.1973034], [-8.436392, 40.197305], [-8.436426, 40.1972978], [-8.4364554, 40.1972828], [-8.4364767, 40.1972613], [-8.4364872, 40.1972394], [-8.4364892, 40.1972161]]]]}, "properties": {"highway": "primary", "junction": "roundabout", "lanes": "1", "ref": "EN 1", "surface": "asphalt"}}, {"type": "Feature", "geometry": {"type": "MultiPolygon", "coordinates": [[[[-8.4599578, 40.1642487], [-8.4599403, 40.1642077], [-8.4599109, 40.164181], [-8.4598632, 40.1641613], [-8.4598092, 40.1641577], [-8.4597587, 40.1641703], [-8.459714, 40.1642018], [-8.4596921, 40.1642451], [-8.4596975, 40.1642913], [-8.4597291, 40.1643309], [-8.4597803, 40.1643558], [-8.4598555, 40.1643588], [-8.4599209, 40.1643304], [-8.4599517, 40.1642916], [-8.4599578, 40.1642487]]]]}, "properties": {"highway": "primary", "junction": "roundabout", "lanes": "1", "name": "Estrada da Ponte", "ref": "EN 1", "surface": "asphalt"}}, {"type": "Feature", "geometry": {"type": "MultiPolygon", "coordinates": [[[[-8.4378091, 40.2073922], [-8.4378082, 40.2073351], [-8.4374654, 40.2068494], [-8.4374301, 40.2068013], [-8.4374135, 40.2067888], [-8.4373931, 40.2067782], [-8.4373806, 40.2067749], [-8.4373493, 40.2067666], [-8.4372911, 40.2067693], [-8.4372493, 40.206785], [-8.4372068, 40.2068245], [-8.4371943, 40.2068672], [-8.4372171, 40.2069276], [-8.4375377, 40.2073652], [-8.4375634, 40.2074056], [-8.4376002, 40.2074424], [-8.4376444, 40.2074605], [-8.4376749, 40.2074647], [-8.4377114, 40.2074626], [-8.4377459, 40.2074527], [-8.4377674, 40.2074415], [-8.4377922, 40.2074203], [-8.4378091, 40.2073922]]]]}, "properties": {"highway": "primary", "junction": "roundabout", "lanes": "2", "lit": "yes", "maxspeed:type": "PT:urban", "name": "Rotunda da Guarda Inglesa", "ref": "EN 1", "sidewalk": "right", "surface": "asphalt"}}, {"type": "Feature", "geometry": {"type": "MultiPolygon", "coordinates": [[[[-8.6290748, 39.9261596], [-8.6290685, 39.9261279], [-8.6290525, 39.9260982], [-8.6290277, 39.9260724], [-8.6289955, 39.9260518], [-8.628961, 39.9260387], [-8.6289235, 39.9260317], [-8.6288849, 39.9260313], [-8.6288472, 39.9260374], [-8.6288121, 39.9260498], [-8.6287788, 39.9260698], [-8.6287528, 39.9260955], [-8.6287357, 39.9261253], [-8.6287286, 39.9261574], [-8.6287309, 39.9261859], [-8.6287411, 39.9262134], [-8.6287588, 39.9262386], [-8.6287831, 39.9262603], [-8.6288063, 39.9262744], [-8.6288323, 39.9262852], [-8.6288603, 39.9262925], [-8.6288986, 39.9262963], [-8.6289369, 39.9262936], [-8.6289735, 39.9262844], [-8.6290066, 39.9262692], [-8.6290345, 39.9262488], [-8.6290573, 39.9262219], [-8.629071, 39.9261915], [-8.6290748, 39.9261596]]]]}, "properties": {"highway": "trunk", "junction": "roundabout", "lanes": "2", "maxspeed": "60", "ref": "IC 2;EN 1", "smoothness": "excellent", "surface": "asphalt"}}, {"type": "Feature", "geometry": {"type": "MultiPolygon", "coordinates": [[[[-8.4539623, 40.4068042], [-8.4539444, 40.4067576], [-8.4539241, 40.4067343], [-8.4539091, 40.4067172], [-8.4538596, 40.4066867], [-8.4538004, 40.4066689], [-8.4537273, 40.406666], [-8.4536573, 40.4066824], [-8.4535988, 40.4067159], [-8.4535647, 40.4067532], [-8.4535457, 40.4067962], [-8.453543, 40.406839], [-8.4535551, 40.4068808], [-8.4535813, 40.4069187], [-8.4536148, 40.4069467], [-8.4536559, 40.406968], [-8.4537025, 40.4069814], [-8.4537519, 40.4069861], [-8.4538094, 40.4069803], [-8.4538627, 40.4069628], [-8.4539077, 40.4069349], [-8.453941, 40.4068987], [-8.4539611, 40.4068527], [-8.4539623, 40.4068042]]]]}, "properties": {"highway": "primary", "junction": "roundabout", "ref": "IC 2;EN 1", "surface": "asphalt"}}]}