{"type": "FeatureCollection", "features": [{"type": "Feature", "geometry": {"type": "Point", "coordinates": [-8.6279754, 41.191318]}, "properties": {"distance": "2", "highway": "milestone", "ref": "EN 14;EN 13"}}, {"type": "Feature", "geometry": {"type": "Point", "coordinates": [-8.6277991, 41.1913437]}, "properties": {"distance": "2", "highway": "milestone", "ref": "EN 14;EN 13"}}, {"type": "Feature", "geometry": {"type": "Point", "coordinates": [-8.7594851, 41.3786148]}, "properties": {"distance": "26", "highway": "milestone", "ref": "EN 13"}}, {"type": "Feature", "geometry": {"type": "LineString", "coordinates": [[-8.6414606, 41.9932925], [-8.6416307, 41.9926689], [-8.6416812, 41.9924836], [-8.6417479, 41.9922121], [-8.6418086, 41.9919598], [-8.6418308, 41.9918652], [-8.641879, 41.9916659], [-8.6419307, 41.9914608], [-8.6419421, 41.9914138], [-8.6419756, 41.9912757], [-8.6420155, 41.9911125], [-8.6420561, 41.9909462], [-8.6420802, 41.9908465], [-8.6421017, 41.9907588], [-8.6421231, 41.9906751], [-8.6421419, 41.9906093], [-8.642158, 41.9905535], [-8.6421768, 41.9904937], [-8.6421982, 41.9904319], [-8.6422222, 41.9903624], [-8.6422493, 41.9902958], [-8.6422815, 41.9902233], [-8.6423154, 41.9901536], [-8.6423538, 41.990079], [-8.6424021, 41.9899853], [-8.6424466, 41.9899021], [-8.6424879, 41.9898278], [-8.6425335, 41.9897481], [-8.6425799, 41.9896718], [-8.642613, 41.9896167], [-8.6426629, 41.98954], [-8.6427104, 41.98947], [-8.6427599, 41.9894005], [-8.6428167, 41.9893264], [-8.6428709, 41.9892574], [-8.6429385, 41.9891759], [-8.6430056, 41.9890962], [-8.6430726, 41.9890204], [-8.6431343, 41.9889526], [-8.6432014, 41.9888828], [-8.6432711, 41.9888131], [-8.6433387, 41.9887476], [-8.6434052, 41.9886855], [-8.6434803, 41.9886177], [-8.64355, 41.9885559], [-8.6436171, 41.9885001], [-8.6436976, 41.9884343], [-8.6437888, 41.9883645], [-8.6438773, 41.9883007], [-8.6439765, 41.9882289], [-8.6440677, 41.9881651], [-8.6441494, 41.9881115], [-8.6442178, 41.9880681], [-8.6443109, 41.9880091], [-8.6444111, 41.9879499], [-8.6446203, 41.9878342]]}, "properties": {"highway": "primary", "lanes": "1", "oneway": "yes", "ref": "EN 13"}}, {"type": "Feature", "geometry": {"type": "LineString", "coordinates": [[-8.6588262, 41.984895], [-8.658775, 41.984916], [-8.6586914, 41.9849908], [-8.6585574, 41.9850627], [-8.6584064, 41.9851372], [-8.6580761, 41.9852795], [-8.6578239, 41.9853804], [-8.657552, 41.9854891], [-8.6574232, 41.9855384], [-8.6572001, 41.9856019], [-8.6566923, 41.9857329], [-8.6562114, 41.9858467], [-8.6551776, 41.9860618], [-8.6550762, 41.9860821], [-8.654343, 41.9862254], [-8.6539955, 41.9862854], [-8.6536698, 41.986333], [-8.6532926, 41.9863933]]}, "properties": {"highway": "primary", "lanes": "1", "oneway": "yes", "ref": "EN 13"}}, {"type": "Feature", "geometry": {"type": "LineString", "coordinates": [[-8.6592685, 41.9848845], [-8.6594164, 41.984747], [-8.6608708, 41.9839511]]}, "properties": {"highway": "primary", "oneway": "yes", "ref": "EN 13"}}, {"type": "Feature", "geometry": {"type": "LineString", "coordinates": [[-8.6608708, 41.9839511], [-8.6593384, 41.9846579], [-8.6592113, 41.9846985], [-8.6591368, 41.9847319]]}, "properties": {"highway": "primary", "oneway": "yes", "ref": "EN 13"}}, {"type": "Feature", "geometry": {"type": "LineString", "coordinates": [[-8.6532926, 41.9863933], [-8.652715, 41.9864726], [-8.6525085, 41.9864985], [-8.6523234, 41.9865224], [-8.6521695, 41.9865405], [-8.651897, 41.9865722], [-8.6517564, 41.9865873], [-8.6516027, 41.9866028], [-8.6514363, 41.9866188], [-8.6508911, 41.9866679], [-8.6503279, 41.9867138], [-8.6497791, 41.9867579], [-8.6491289, 41.9868055], [-8.6485764, 41.9868454], [-8.6481158, 41.9868804], [-8.6479729, 41.9868917], [-8.6476616, 41.9869171], [-8.6475098, 41.9869308], [-8.6473489, 41.9869489]]}, "properties": {"highway": "primary", "lanes": "1", "oneway": "yes", "ref": "EN 13", "surface": "asphalt"}}, {"type": "Feature", "geometry": {"type": "LineString", "coordinates": [[-8.6458246, 41.987272], [-8.6456481, 41.9873295], [-8.6455078, 41.9873798], [-8.6453692, 41.9874313], [-8.6452357, 41.987484], [-8.6451152, 41.9875335], [-8.6450122, 41.9875772], [-8.6449106, 41.9876227], [-8.6448212, 41.9876646], [-8.6447124, 41.9877184], [-8.6445657, 41.9877958], [-8.6444513, 41.9878602], [-8.6443511, 41.9879174], [-8.6442492, 41.9879792], [-8.6441482, 41.9880416], [-8.6440588, 41.9880988], [-8.6439793, 41.9881552], [-8.6438881, 41.988219], [-8.6438103, 41.9882748], [-8.6437227, 41.9883408], [-8.6436395, 41.9884048], [-8.6435751, 41.9884572], [-8.6435129, 41.988509], [-8.6434535, 41.9885619], [-8.6433736, 41.988633], [-8.643306, 41.9886954], [-8.6432368, 41.9887606], [-8.6431697, 41.9888264], [-8.6431048, 41.9888908], [-8.6430431, 41.9889546], [-8.6429873, 41.9890158], [-8.6429256, 41.9890876], [-8.6428666, 41.9891594], [-8.6428071, 41.9892337], [-8.6427588, 41.9892955], [-8.6427003, 41.9893747], [-8.6426444, 41.9894525], [-8.6425957, 41.9895262], [-8.6425658, 41.989573], [-8.642512, 41.9896603], [-8.6424739, 41.9897235], [-8.6424423, 41.989776], [-8.6424021, 41.9898477], [-8.6423624, 41.9899229], [-8.6423243, 41.9899973], [-8.6422926, 41.9900605], [-8.6422626, 41.9901288], [-8.6422309, 41.9902], [-8.6422009, 41.9902744], [-8.6421773, 41.9903396], [-8.6421505, 41.9904193], [-8.6421106, 41.9905522], [-8.6420628, 41.9907246], [-8.6419543, 41.9911347], [-8.6419382, 41.9911981], [-8.6418843, 41.9914111], [-8.641861, 41.9915032], [-8.6418075, 41.9917147], [-8.6417447, 41.9919772], [-8.6416867, 41.9922421], [-8.6416457, 41.9924273], [-8.641595, 41.9926643], [-8.6414606, 41.9932925]]}, "properties": {"highway": "primary", "oneway": "yes", "ref": "EN 13", "source": "yahoo", "surface": "asphalt"}}, {"type": "Feature", "geometry": {"type": "LineString", "coordinates": [[-8.6269948, 41.2200228], [-8.6270028, 41.2198773], [-8.6270107, 41.2197295], [-8.6270296, 41.2190053], [-8.6270569, 41.2180609], [-8.6270639, 41.2178179], [-8.6270793, 41.2172835]]}, "properties": {"highway": "trunk", "lanes": "2", "maxspeed": "70", "name": "Via Norte", "oneway": "yes", "ref": "EN 14;EN 13", "surface": "asphalt"}}, {"type": "Feature", "geometry": {"type": "LineString", "coordinates": [[-8.7100013, 41.316491], [-8.7098913, 41.3163237], [-8.7089464, 41.3148864], [-8.7079386, 41.3133808], [-8.7076788, 41.3129928], [-8.7068804, 41.3118], [-8.7054293, 41.3096128], [-8.704885, 41.3087811], [-8.7042801, 41.3078592], [-8.7042345, 41.3077896], [-8.7041645, 41.307683], [-8.7038285, 41.3071709], [-8.7037609, 41.3070647], [-8.7036255, 41.3068523], [-8.703171, 41.3061692], [-8.7027534, 41.3055417], [-8.7026874, 41.3054424], [-8.7026168, 41.3053363]]}, "properties": {"highway": "primary", "lanes": "2", "ref": "EN 13", "surface": "asphalt", "turn:backward": "through;right"}}, {"type": "Feature", "geometry": {"type": "LineString", "coordinates": [[-8.697865, 41.2989921], [-8.6977756, 41.2989346], [-8.696605, 41.2981533]]}, "properties": {"highway": "primary", "lanes": "2", "maxspeed": "50", "maxspeed:type": "sign", "oneway": "no", "ref": "EN 13", "sidewalk": "no", "surface": "asphalt"}}, {"type": "Feature", "geometry": {"type": "LineString", "coordinates": [[-8.6986016, 41.2995743], [-8.6986691, 41.2996414], [-8.6989695, 41.2999396], [-8.6992058, 41.3002116], [-8.6994808, 41.3005879], [-8.6999069, 41.3012335]]}, "properties": {"destination": "Vila do Conde;Mindelo;Porto", "destination:ref": "N 13;A 28", "highway": "primary", "lanes": "1", "lit": "no", "maxheight": "default", "oneway": "yes", "ref": "EN 13", "surface": "asphalt"}}, {"type": "Feature", "geometry": {"type": "LineString", "coordinates": [[-8.7122382, 41.3198188], [-8.7122013, 41.3196778], [-8.7120671, 41.3195294], [-8.7117491, 41.3193077], [-8.7115841, 41.3191709]]}, "properties": {"highway": "primary", "name": "Avenida 1\u00ba de Maio", "oneway": "yes", "ref": "EN 13", "surface": "asphalt"}}, {"type": "Feature", "geometry": {"type": "LineString", "coordinates": [[-8.7391449, 41.3506991], [-8.7396334, 41.3516534]]}, "properties": {"bridge": "yes", "highway": "primary", "lane_markings": "yes", "lanes": "3", "lanes:backward": "1", "lanes:forward": "2", "layer": "1", "noname": "yes", "oneway": "no", "ref": "EN 13", "sidewalk": "both", "surface": "asphalt"}}, {"type": "Feature", "geometry": {"type": "LineString", "coordinates": [[-8.741091, 41.3537392], [-8.7412199, 41.3541643], [-8.7414993, 41.3550774], [-8.741539, 41.3552013]]}, "properties": {"highway": "primary", "lanes": "2", "name": "Rua 5 de Outubro", "oneway": "no", "ref": "EN 13", "surface": "asphalt"}}, {"type": "Feature", "geometry": {"type": "LineString", "coordinates": [[-8.7495342, 41.483342], [-8.7495705, 41.4835187], [-8.7495567, 41.4836485], [-8.7494404, 41.4838376]]}, "properties": {"highway": "primary", "lanes": "1", "lit": "yes", "name": "Rua de S\u00e3o Bento", "oneway": "yes", "postal_code": "4740-086", "ref": "EN 13", "sidewalk": "no", "smoothness": "good", "surface": "asphalt"}}, {"type": "Feature", "geometry": {"type": "LineString", "coordinates": [[-8.7500064, 41.4837107], [-8.7497942, 41.4836142], [-8.7496508, 41.4835101], [-8.7495342, 41.483342]]}, "properties": {"highway": "primary", "lanes": "1", "lit": "yes", "name": "Rua de S\u00e3o Bento", "oneway": "yes", "postal_code": "4740-086", "ref": "EN 13", "sidewalk": "no", "smoothness": "good", "surface": "asphalt"}}, {"type": "Feature", "geometry": {"type": "LineString", "coordinates": [[-8.7494404, 41.4838376], [-8.7493843, 41.4839264], [-8.7493525, 41.4840212], [-8.749357, 41.4842351], [-8.749416, 41.4843839], [-8.7494958, 41.4845136], [-8.7495888, 41.4846348], [-8.7497943, 41.4847622]]}, "properties": {"highway": "primary", "junction": "roundabout", "lanes": "2", "ref": "EN 13", "sidewalk": "no", "smoothness": "good", "source": "bing", "surface": "asphalt"}}, {"type": "Feature", "geometry": {"type": "LineString", "coordinates": [[-8.7497943, 41.4847622], [-8.7500289, 41.4849247], [-8.7502109, 41.4851011]]}, "properties": {"highway": "primary", "lanes": "1", "name": "Rua de Paredes", "oneway": "yes", "postal_code": "4740-142", "ref": "EN 13", "sidewalk": "no", "smoothness": "good", "surface": "asphalt"}}, {"type": "Feature", "geometry": {"type": "LineString", "coordinates": [[-8.7502109, 41.4851011], [-8.7502325, 41.4849539], [-8.7502832, 41.4848109], [-8.7503702, 41.4846767]]}, "properties": {"highway": "primary", "lanes": "1", "name": "Rua de Paredes", "oneway": "yes", "postal_code": "4740-142", "ref": "EN 13", "sidewalk": "no", "smoothness": "good", "surface": "asphalt"}}, {"type": "Feature", "geometry": {"type": "LineString", "coordinates": [[-8.7502109, 41.4851011], [-8.7503637, 41.4854595], [-8.7506216, 41.485897], [-8.750642, 41.4859315], [-8.752032, 41.4881805], [-8.7525838, 41.4890759], [-8.7527623, 41.4894546], [-8.7531435, 41.490397], [-8.753178, 41.4904932], [-8.7533385, 41.4907321], [-8.754201, 41.4915819], [-8.7545331, 41.4920068], [-8.7547822, 41.4924027], [-8.755144, 41.4930673], [-8.7552726, 41.4932273], [-8.7557398, 41.4938086], [-8.7558296, 41.4940327], [-8.7558384, 41.4940768], [-8.7558766, 41.4942675], [-8.7559864, 41.4948154]]}, "properties": {"highway": "primary", "lanes": "2", "name": "Rua de Paredes", "oneway": "no", "postal_code": "4740-142", "ref": "EN 13", "smoothness": "good", "surface": "asphalt"}}, {"type": "Feature", "geometry": {"type": "LineString", "coordinates": [[-8.7708387, 41.5170766], [-8.7706532, 41.5173145], [-8.7705928, 41.5173928], [-8.7705446, 41.5174591], [-8.7704993, 41.517538], [-8.7704308, 41.5176712], [-8.7703823, 41.5178095], [-8.7703534, 41.5179585], [-8.7703357, 41.5180734], [-8.7703282, 41.5181949], [-8.7703245, 41.5182954], [-8.7703388, 41.5184301], [-8.7703916, 41.5186137], [-8.7704545, 41.5187979], [-8.770539, 41.5189894], [-8.7706117, 41.5192016], [-8.7707736, 41.5195763]]}, "properties": {"highway": "primary", "lanes": "2", "oneway": "no", "ref": "EN 13", "surface": "asphalt"}}, {"type": "Feature", "geometry": {"type": "LineString", "coordinates": [[-8.7713636, 41.5210214], [-8.7720103, 41.5226148], [-8.7720999, 41.5228702], [-8.772167, 41.5231145], [-8.7722678, 41.5236108], [-8.7724037, 41.5244144]]}, "properties": {"highway": "primary", "lanes": "2", "oneway": "no", "ref": "EN 13", "smoothness": "good", "surface": "asphalt"}}, {"type": "Feature", "geometry": {"type": "LineString", "coordinates": [[-8.7765373, 41.5261457], [-8.7764904, 41.526495], [-8.7764305, 41.5269416], [-8.7763706, 41.5273882], [-8.7762895, 41.5280088], [-8.7762417, 41.5283197], [-8.7762179, 41.5284757], [-8.7762054, 41.5285653], [-8.7761611, 41.5288823], [-8.776121, 41.5291986], [-8.7760858, 41.5294405], [-8.7760349, 41.5297942], [-8.77599, 41.5301469], [-8.7759506, 41.5304279], [-8.7759319, 41.5307241]]}, "properties": {"highway": "primary", "lanes": "2", "name": "Avenida 19 de Agosto", "oneway": "no", "postal_code": "4740-209", "ref": "EN 13", "surface": "asphalt"}}, {"type": "Feature", "geometry": {"type": "LineString", "coordinates": [[-8.7761873, 41.5319258], [-8.7762566, 41.5320501], [-8.7765033, 41.5324929], [-8.7766896, 41.5327629], [-8.7767487, 41.5328485]]}, "properties": {"highway": "primary", "lanes": "2", "name": "Avenida 19 de Agosto", "oneway": "no", "postal_code": "4740-209", "ref": "EN 13", "smoothness": "good", "surface": "asphalt"}}, {"type": "Feature", "geometry": {"type": "LineString", "coordinates": [[-8.7709479, 41.5204258], [-8.7710107, 41.5204375], [-8.7710755, 41.5204361], [-8.7711373, 41.5204217], [-8.7711915, 41.5203952], [-8.7712343, 41.5203588], [-8.7712503, 41.5203376]]}, "properties": {"highway": "primary", "junction": "roundabout", "lane_markings": "no", "name": "Avenida de S\u00e3o Martinho", "postal_code": "4740-471", "ref": "EN 13", "surface": "asphalt"}}, {"type": "Feature", "geometry": {"type": "LineString", "coordinates": [[-8.7707736, 41.5195763], [-8.7708107, 41.5197365], [-8.7708491, 41.5200076], [-8.7708564, 41.5200617], [-8.7708449, 41.520156]]}, "properties": {"highway": "primary", "lane_markings": "no", "oneway": "yes", "ref": "EN 13", "surface": "asphalt"}}, {"type": "Feature", "geometry": {"type": "LineString", "coordinates": [[-8.7711559, 41.5201075], [-8.7710269, 41.5199724], [-8.7709809, 41.5199329], [-8.7707736, 41.5195763]]}, "properties": {"highway": "primary", "lane_markings": "no", "oneway": "yes", "ref": "EN 13", "surface": "asphalt"}}, {"type": "Feature", "geometry": {"type": "LineString", "coordinates": [[-8.7713636, 41.5210214], [-8.7712606, 41.5206358], [-8.7712513, 41.5204883], [-8.7712343, 41.5203588]]}, "properties": {"highway": "primary", "lane_markings": "no", "oneway": "yes", "ref": "EN 13", "surface": "asphalt"}}, {"type": "Feature", "geometry": {"type": "LineString", "coordinates": [[-8.7709479, 41.5204258], [-8.7710669, 41.5205204], [-8.7711233, 41.520578], [-8.7713636, 41.5210214]]}, "properties": {"highway": "primary", "lane_markings": "no", "oneway": "yes", "ref": "EN 13", "surface": "asphalt"}}, {"type": "Feature", "geometry": {"type": "LineString", "coordinates": [[-8.7724037, 41.5244144], [-8.7723506, 41.5247293], [-8.7722804, 41.5248765]]}, "properties": {"highway": "primary", "lanes": "1", "oneway": "yes", "ref": "EN 13", "surface": "asphalt"}}, {"type": "Feature", "geometry": {"type": "LineString", "coordinates": [[-8.7726993, 41.5248844], [-8.7725223, 41.5247293], [-8.7724037, 41.5244144]]}, "properties": {"highway": "primary", "lanes": "1", "oneway": "yes", "ref": "EN 13", "surface": "asphalt"}}, {"type": "Feature", "geometry": {"type": "LineString", "coordinates": [[-8.7764193, 41.5253211], [-8.7763862, 41.5253461], [-8.7763592, 41.5253749], [-8.776338, 41.5254093], [-8.7763256, 41.5254461], [-8.7763224, 41.5254839], [-8.7763285, 41.5255216], [-8.7763437, 41.5255577], [-8.7763675, 41.5255912], [-8.7763919, 41.5256151], [-8.7764208, 41.5256361]]}, "properties": {"highway": "primary", "junction": "roundabout", "lanes": "2", "ref": "EN 13", "surface": "asphalt"}}, {"type": "Feature", "geometry": {"type": "LineString", "coordinates": [[-8.7764208, 41.5256361], [-8.7764619, 41.5257959], [-8.7765373, 41.5261457]]}, "properties": {"highway": "primary", "lane_markings": "no", "oneway": "yes", "ref": "EN 13", "surface": "asphalt"}}, {"type": "Feature", "geometry": {"type": "LineString", "coordinates": [[-8.7765373, 41.5261457], [-8.7766349, 41.525799], [-8.776725, 41.5256606]]}, "properties": {"highway": "primary", "lane_markings": "no", "oneway": "yes", "ref": "EN 13", "surface": "asphalt"}}, {"type": "Feature", "geometry": {"type": "LineString", "coordinates": [[-8.7761498, 41.5315464], [-8.7761681, 41.5315012], [-8.7761618, 41.5314542], [-8.7761354, 41.531416], [-8.7760928, 41.5313872], [-8.7760278, 41.5313701], [-8.7759593, 41.531375], [-8.7758997, 41.5314008]]}, "properties": {"highway": "primary", "junction": "roundabout", "lane_markings": "no", "lit": "yes", "name": "Avenida 19 de Agosto", "postal_code": "4740-209", "ref": "EN 13", "surface": "asphalt"}}, {"type": "Feature", "geometry": {"type": "LineString", "coordinates": [[-8.7759458, 41.5309826], [-8.7759403, 41.531044], [-8.7759221, 41.5312473], [-8.7759143, 41.5313337], [-8.7758997, 41.5314008]]}, "properties": {"highway": "primary", "lane_markings": "no", "name": "Avenida 19 de Agosto", "oneway": "yes", "postal_code": "4740-209", "ref": "EN 13", "surface": "asphalt"}}, {"type": "Feature", "geometry": {"type": "LineString", "coordinates": [[-8.7760928, 41.5313872], [-8.7760478, 41.531322], [-8.7760238, 41.5312421], [-8.7759458, 41.5309826]]}, "properties": {"highway": "primary", "lane_markings": "no", "name": "Avenida 19 de Agosto", "oneway": "yes", "postal_code": "4740-209", "ref": "EN 13", "surface": "asphalt"}}, {"type": "Feature", "geometry": {"type": "LineString", "coordinates": [[-8.7761873, 41.5319258], [-8.7761271, 41.5316933], [-8.7761136, 41.531641], [-8.7761136, 41.5315803]]}, "properties": {"highway": "primary", "lane_markings": "no", "name": "Avenida 19 de Agosto", "oneway": "yes", "postal_code": "4740-209", "ref": "EN 13", "surface": "asphalt"}}, {"type": "Feature", "geometry": {"type": "LineString", "coordinates": [[-8.7759776, 41.5316076], [-8.7760585, 41.5317138], [-8.7761079, 41.5317951], [-8.7761873, 41.5319258]]}, "properties": {"highway": "primary", "lane_markings": "no", "name": "Avenida 19 de Agosto", "oneway": "yes", "postal_code": "4740-209", "ref": "EN 13", "surface": "asphalt"}}, {"type": "Feature", "geometry": {"type": "LineString", "coordinates": [[-8.7682534, 41.6397442], [-8.7681621, 41.6397857], [-8.7681111, 41.6398153], [-8.7680709, 41.6398535], [-8.7679959, 41.6399465], [-8.7679695, 41.6400133], [-8.7679532, 41.6400881], [-8.7679539, 41.6401969], [-8.7679727, 41.6402757], [-8.7680166, 41.6403609], [-8.7680775, 41.6404318], [-8.7681441, 41.6404833], [-8.7682142, 41.6405285], [-8.7682956, 41.6405602], [-8.7683658, 41.6405838], [-8.7684816, 41.6405818], [-8.7685669, 41.6405668], [-8.7686875, 41.6405116], [-8.7687699, 41.6404328], [-8.768811, 41.6403522], [-8.7688346, 41.6402523], [-8.7688323, 41.6401466], [-8.7688162, 41.6400453], [-8.7687856, 41.6399776], [-8.7687524, 41.6399303], [-8.7687149, 41.6398885], [-8.7686464, 41.639837], [-8.768565, 41.6397845], [-8.7684722, 41.6397481], [-8.7683666, 41.6397269]]}, "properties": {"highway": "primary", "junction": "roundabout", "lanes": "2", "maxspeed": "50", "ref": "EN 13", "surface": "asphalt"}}, {"type": "Feature", "geometry": {"type": "LineString", "coordinates": [[-8.6485438, 41.2432266], [-8.6484261, 41.2432035], [-8.6483733, 41.2431877], [-8.6483395, 41.2431688], [-8.648211, 41.2430581], [-8.6480968, 41.2429653], [-8.6480252, 41.2429083], [-8.6479595, 41.2428503], [-8.6478958, 41.2427883], [-8.6478325, 41.242725], [-8.6475229, 41.2423548], [-8.647059, 41.2418566], [-8.6465866, 41.2413644]]}, "properties": {"cycleway:both": "no", "highway": "primary", "lane_markings": "yes", "lanes": "1", "name": "Avenida de Dom Mendo", "oneway": "yes", "ref": "EN 13", "surface": "asphalt", "width": "3.5"}}, {"type": "Feature", "geometry": {"type": "LineString", "coordinates": [[-8.7446623, 41.3602576], [-8.7445661, 41.360287], [-8.7444927, 41.3603415]]}, "properties": {"highway": "primary", "junction": "roundabout", "lane_markings": "no", "ref": "EN 13", "source": "bing", "surface": "asphalt"}}, {"type": "Feature", "geometry": {"type": "LineString", "coordinates": [[-8.7450173, 41.3607658], [-8.7450933, 41.3608591], [-8.7457518, 41.3616675], [-8.7460004, 41.3619797], [-8.7467167, 41.3628686], [-8.7467991, 41.3629682], [-8.7470113, 41.3632295], [-8.7475556, 41.3638992], [-8.7476313, 41.3639924], [-8.7477461, 41.3641286], [-8.7478577, 41.3642667], [-8.7483052, 41.3648207], [-8.7486977, 41.3653065], [-8.7492941, 41.3660448], [-8.7495661, 41.3663815], [-8.7496203, 41.3664486], [-8.7496398, 41.3664727], [-8.7496804, 41.366523], [-8.7497118, 41.3665619], [-8.7501559, 41.367122], [-8.7501918, 41.3671644], [-8.7503783, 41.3673851], [-8.7503895, 41.3673983]]}, "properties": {"bicycle": "yes", "cycleway": "no", "foot": "yes", "highway": "primary", "lanes": "2", "name": "Rua 5 de Outubro", "oneway": "no", "ref": "EN 13", "surface": "asphalt"}}, {"type": "Feature", "geometry": {"type": "LineString", "coordinates": [[-8.7446623, 41.3602576], [-8.7445804, 41.3601909], [-8.744491, 41.3601149]]}, "properties": {"highway": "primary", "lane_markings": "no", "name": "Rua 5 de Outubro", "oneway": "yes", "ref": "EN 13", "surface": "asphalt"}}, {"type": "Feature", "geometry": {"type": "LineString", "coordinates": [[-8.744491, 41.3601149], [-8.7445005, 41.3602293], [-8.7444927, 41.3603415]]}, "properties": {"highway": "primary", "lane_markings": "no", "name": "Rua 5 de Outubro", "oneway": "yes", "ref": "EN 13", "surface": "asphalt"}}, {"type": "Feature", "geometry": {"type": "LineString", "coordinates": [[-8.6471004, 41.9869804], [-8.6469954, 41.9869969], [-8.6469259, 41.9870079], [-8.6468374, 41.9870228], [-8.6467017, 41.9870487], [-8.6465801, 41.9870741], [-8.6464647, 41.9871], [-8.6463682, 41.9871239], [-8.6462752, 41.9871464], [-8.6461563, 41.9871757], [-8.6460311, 41.9872102]]}, "properties": {"bridge": "viaduct", "highway": "primary", "lanes": "2", "layer": "1", "oneway": "yes", "ref": "EN 13", "turn:lanes": "through|slight_right"}}, {"type": "Feature", "geometry": {"type": "LineString", "coordinates": [[-8.6459963, 41.98728], [-8.6461223, 41.9872461], [-8.6462323, 41.9872162], [-8.646344, 41.9871877], [-8.6464486, 41.9871618], [-8.6465461, 41.9871405], [-8.6466498, 41.9871179], [-8.6467553, 41.9870966], [-8.6468492, 41.9870786], [-8.6469529, 41.9870601], [-8.6470602, 41.9870422]]}, "properties": {"bridge": "viaduct", "highway": "primary", "lanes": "2", "layer": "1", "oneway": "yes", "ref": "EN 13", "turn:lanes": "through|slight_right"}}, {"type": "Feature", "geometry": {"type": "LineString", "coordinates": [[-8.6470602, 41.9870422], [-8.6473963, 41.9869989], [-8.6475465, 41.9869829], [-8.6477181, 41.986967], [-8.6479384, 41.9869493], [-8.6483913, 41.9869151], [-8.649078, 41.9868633], [-8.6497183, 41.9868167], [-8.6501759, 41.9867826], [-8.6506956, 41.9867405], [-8.651154, 41.9866998], [-8.6515966, 41.986658], [-8.6518835, 41.9866281], [-8.652029, 41.9866121], [-8.6522098, 41.9865912], [-8.6523771, 41.9865702], [-8.6525863, 41.9865443], [-8.6527901, 41.9865184], [-8.6529779, 41.9864945], [-8.6531817, 41.9864666], [-8.6533963, 41.9864347], [-8.6536163, 41.9863988], [-8.653855, 41.9863589]]}, "properties": {"highway": "primary", "lanes": "1", "oneway": "yes", "ref": "EN 13", "surface": "asphalt"}}, {"type": "Feature", "geometry": {"type": "LineString", "coordinates": [[-8.7683658, 41.6405838], [-8.7684757, 41.6406497], [-8.7685666, 41.6406962], [-8.7686647, 41.6407757], [-8.768779, 41.6408704]]}, "properties": {"highway": "primary", "maxspeed": "50", "oneway": "yes", "ref": "EN 13", "surface": "asphalt"}}, {"type": "Feature", "geometry": {"type": "LineString", "coordinates": [[-8.8469573, 41.7005583], [-8.8470519, 41.700674]]}, "properties": {"highway": "primary", "oneway": "no", "ref": "EN 13"}}, {"type": "Feature", "geometry": {"type": "LineString", "coordinates": [[-8.6419765, 42.0269799], [-8.6420225, 42.0270089], [-8.6421063, 42.027032], [-8.6421955, 42.0270281], [-8.6422464, 42.0270125], [-8.6422902, 42.0269878], [-8.6423244, 42.0269558], [-8.6423466, 42.0269184]]}, "properties": {"highway": "primary", "junction": "roundabout", "lane_markings": "no", "name": "EN 101", "ref": "EN 13;EN 101", "surface": "sett"}}, {"type": "Feature", "geometry": {"type": "LineString", "coordinates": [[-8.6346395, 41.2265889], [-8.6346392, 41.2265994], [-8.6346433, 41.226629], [-8.6346544, 41.2266575], [-8.6346721, 41.2266841], [-8.6346957, 41.2267079], [-8.6347283, 41.2267302], [-8.634766, 41.2267473], [-8.6348005, 41.2267569], [-8.6348366, 41.2267621], [-8.6348734, 41.2267628], [-8.6349098, 41.2267588], [-8.6349448, 41.2267504], [-8.6349774, 41.2267376]]}, "properties": {"highway": "primary", "junction": "roundabout", "lanes": "2", "maxspeed": "50", "maxspeed:type": "sign", "ref": "EN 13", "surface": "asphalt"}}, {"type": "Feature", "geometry": {"type": "LineString", "coordinates": [[-8.6317633, 41.2248791], [-8.6316688, 41.224865], [-8.6315652, 41.2248531], [-8.6314609, 41.2248443], [-8.6313563, 41.2248387], [-8.631246, 41.2248372], [-8.6310301, 41.2248367], [-8.630673, 41.22484], [-8.6302593, 41.2248435], [-8.6300622, 41.2248438], [-8.6298721, 41.2248408], [-8.6297007, 41.2248314], [-8.6295311, 41.224815], [-8.6293554, 41.2247913], [-8.6292169, 41.2247638], [-8.6290557, 41.2247205]]}, "properties": {"highway": "primary", "lane_markings": "yes", "lanes": "2", "maxspeed": "50", "maxspeed:type": "sign", "oneway": "yes", "ref": "EN 13", "surface": "asphalt"}}, {"type": "Feature", "geometry": {"type": "LineString", "coordinates": [[-8.6224831, 41.1719383], [-8.6223695, 41.1720961], [-8.6223508, 41.172122], [-8.622257, 41.1722818], [-8.6221765, 41.1725008], [-8.6221663, 41.1728079], [-8.6223526, 41.1738075], [-8.6224058, 41.1742319]]}, "properties": {"bicycle": "no", "destination": "Braga;Maia;Circumvala\u00e7\u00e3o;Aeroporto", "destination:ref:to": "EN 12", "destination:symbol": "airport", "foot": "no", "highway": "trunk", "horse": "no", "lanes": "1", "maxheight:signed": "no", "maxspeed": "70", "motor_vehicle": "yes", "name": "Via Norte", "oneway": "yes", "ref": "EN 14;EN 13", "surface": "asphalt"}}, {"type": "Feature", "geometry": {"type": "LineString", "coordinates": [[-8.6225824, 41.1746747], [-8.622573, 41.1745264], [-8.6224832, 41.1739327]]}, "properties": {"bicycle": "no", "destination:lanes": "Carvalhido;Prelada|Carvalhido;Prelada;Ponte do Freixo", "destination:ref:lanes": "|A 20", "destination:ref:to:lanes": "|IC 23;A 1 Lisboa;A 3 Braga;A 4 Vila Real", "destination:symbol:lanes": ";Hospital|", "foot": "no", "highway": "trunk", "horse": "no", "lanes": "2", "maxspeed": "70", "motor_vehicle": "yes", "name": "Via Norte", "oneway": "yes", "ref": "EN 14;EN 13", "surface": "asphalt", "turn:lanes": "through|through;slight_right"}}, {"type": "Feature", "geometry": {"type": "LineString", "coordinates": [[-8.6396497, 41.234419], [-8.6396182, 41.2344154], [-8.639586, 41.2344138], [-8.6392913, 41.2344168], [-8.6392491, 41.23442], [-8.6392022, 41.2344267], [-8.6391652, 41.2344369], [-8.6391242, 41.2344549]]}, "properties": {"highway": "primary", "junction": "roundabout", "lane_markings": "yes", "lanes": "2", "name": "Rotunda Sonae", "ref": "EN 13", "surface": "asphalt", "turn:lanes": "through|through", "width": "7.3"}}, {"type": "Feature", "geometry": {"type": "LineString", "coordinates": [[-8.6396497, 41.234419], [-8.6395138, 41.2343271], [-8.6394716, 41.2342943], [-8.6394388, 41.2342626], [-8.6393017, 41.2341346], [-8.6391737, 41.2340661]]}, "properties": {"destination": "Porto", "destination:ref": "A 4", "highway": "primary", "lane_markings": "yes", "lanes": "2", "maxspeed": "50", "maxspeed:type": "sign", "name": "Avenida de Dom Mendo", "oneway": "yes", "ref": "EN 13", "surface": "asphalt"}}, {"type": "Feature", "geometry": {"type": "LineString", "coordinates": [[-8.6395803, 41.2348794], [-8.6398223, 41.2349181], [-8.639871, 41.2349286], [-8.6399219, 41.2349418], [-8.6399773, 41.2349658], [-8.6400256, 41.2349925], [-8.6401261, 41.2350698], [-8.6404346, 41.2353638]]}, "properties": {"cycleway:both": "no", "highway": "primary", "lane_markings": "yes", "lanes": "2", "maxspeed": "70", "name": "Avenida de Dom Mendo", "oneway": "yes", "ref": "EN 13", "surface": "asphalt", "turn:lanes": "through|through;right", "width": "6.5"}}, {"type": "Feature", "geometry": {"type": "LineString", "coordinates": [[-8.6409727, 41.2358194], [-8.6408243, 41.235623], [-8.6407202, 41.2355214], [-8.6407035, 41.2355047], [-8.6406, 41.2354009], [-8.64051, 41.2353108], [-8.640436, 41.2352366], [-8.640372, 41.2351753], [-8.6403249, 41.2351302], [-8.6402908, 41.2350975], [-8.6402566, 41.2350665], [-8.6402233, 41.2350338], [-8.6401844, 41.2349956], [-8.6400474, 41.2348612], [-8.6400157, 41.234828], [-8.6399832, 41.2347875], [-8.6399632, 41.2347531], [-8.6399461, 41.2347178], [-8.6399151, 41.234671], [-8.6398729, 41.2346033]]}, "properties": {"cycleway:both": "no", "highway": "primary", "lane_markings": "yes", "lanes": "2", "maxspeed": "70", "name": "Avenida de Dom Mendo", "oneway": "yes", "ref": "EN 13", "surface": "asphalt"}}, {"type": "Feature", "geometry": {"type": "LineString", "coordinates": [[-8.6391737, 41.2340661], [-8.6392209, 41.2341684], [-8.6392382, 41.2341941], [-8.6392491, 41.2342161], [-8.6392564, 41.2342546], [-8.6392545, 41.2342934], [-8.6392469, 41.2343255], [-8.6392247, 41.2343659], [-8.6392088, 41.234381], [-8.6391887, 41.2343946], [-8.6391242, 41.2344549]]}, "properties": {"highway": "primary", "lane_markings": "yes", "lanes": "2", "name": "Avenida de Dom Mendo", "oneway": "yes", "ref": "EN 13"}}, {"type": "Feature", "geometry": {"type": "LineString", "coordinates": [[-8.63889, 41.2337932], [-8.6391737, 41.2340661]]}, "properties": {"divider": "double_solid_line", "highway": "primary", "lane_markings": "yes", "lanes": "4", "lanes:backward": "2", "lanes:forward": "2", "name": "Avenida de Dom Mendo", "oneway": "no", "ref": "EN 13", "width": "13"}}, {"type": "Feature", "geometry": {"type": "LineString", "coordinates": [[-8.8146047, 41.689732], [-8.8149751, 41.6900649], [-8.8163195, 41.6911018], [-8.8163439, 41.6911795], [-8.8164053, 41.6912465], [-8.8211887, 41.6949451], [-8.8213749, 41.695021], [-8.8218622, 41.6953868], [-8.8222054, 41.6956584]]}, "properties": {"bicycle": "yes", "bridge": "yes", "bridge:name": "Ponte Eiffel", "highway": "primary", "layer": "2", "maxspeed": "30", "name": "Ponte Eiffel", "ref": "EN 13", "sidewalk": "left", "surface": "asphalt", "wikidata": "Q955299", "wikipedia": "pt:Ponte Eiffel"}}, {"type": "Feature", "geometry": {"type": "LineString", "coordinates": [[-8.6277379, 41.1912047], [-8.6277991, 41.1913437], [-8.6280846, 41.1919924], [-8.6282727, 41.192646], [-8.6283727, 41.1933419], [-8.6284232, 41.1939138], [-8.6283957, 41.1944353]]}, "properties": {"highway": "trunk", "lanes": "2", "maxspeed": "70", "name": "Via Norte", "oneway": "yes", "ref": "EN 14;EN 13", "surface": "asphalt"}}, {"type": "Feature", "geometry": {"type": "LineString", "coordinates": [[-8.6277575, 41.1908901], [-8.6275559, 41.1905305], [-8.6269482, 41.1895484], [-8.6265289, 41.1889023], [-8.6263009, 41.1885201], [-8.6258371, 41.1877425], [-8.6249371, 41.1864194], [-8.6241152, 41.1851986]]}, "properties": {"highway": "trunk", "lanes": "2", "maxheight": "default", "maxspeed": "70", "name": "Via Norte", "oneway": "yes", "ref": "EN 14;EN 13", "surface": "asphalt"}}, {"type": "Feature", "geometry": {"type": "LineString", "coordinates": [[-8.6279113, 41.1911921], [-8.6277575, 41.1908901]]}, "properties": {"bridge": "yes", "highway": "trunk", "lanes": "2", "layer": "1", "maxspeed": "70", "maxweight:signed": "no", "name": "Via Norte", "oneway": "yes", "ref": "EN 14;EN 13", "surface": "asphalt"}}, {"type": "Feature", "geometry": {"type": "LineString", "coordinates": [[-8.6276105, 41.1909518], [-8.6277379, 41.1912047]]}, "properties": {"bridge": "yes", "highway": "trunk", "lanes": "2", "layer": "1", "maxspeed": "70", "maxweight:signed": "no", "name": "Via Norte", "oneway": "yes", "ref": "EN 14;EN 13", "surface": "asphalt"}}, {"type": "Feature", "geometry": {"type": "LineString", "coordinates": [[-8.6419613, 42.0281199], [-8.6420098, 42.0280134], [-8.6420546, 42.0277017], [-8.6420741, 42.0276306], [-8.6420923, 42.0275178], [-8.6421535, 42.0273193], [-8.6421737, 42.0272146], [-8.6421955, 42.0270281]]}, "properties": {"highway": "primary", "lanes": "1", "name": "Avenida de Espanha", "oneway": "yes", "ref": "EN 13", "surface": "sett"}}, {"type": "Feature", "geometry": {"type": "LineString", "coordinates": [[-8.6414606, 41.9932925], [-8.6414178, 41.9935041], [-8.641375, 41.9937301], [-8.6409832, 41.9953815], [-8.6409439, 41.9954909], [-8.6407258, 41.9960991], [-8.6403181, 41.9968805], [-8.6398232, 41.997721], [-8.6394878, 41.9982972], [-8.6392841, 41.9986471], [-8.6382367, 42.0004366], [-8.6378607, 42.0013927], [-8.6376462, 42.0024007]]}, "properties": {"highway": "primary", "ref": "EN 13"}}, {"type": "Feature", "geometry": {"type": "LineString", "coordinates": [[-8.6453101, 42.035132], [-8.6453888, 42.035194], [-8.6467853, 42.0362891]]}, "properties": {"bridge": "yes", "description": "Designada por Pelayo Mancebo de \u00c1greda", "highway": "primary", "historic": "bridge", "lane_markings": "no", "layer": "1", "maxweight": "3.5", "name": "Ponte Velha Internacional Tui-Valen\u00e7a", "name:es": "Puente Viejo Internacional Tui-Valen\u00e7a", "name:gl": "Ponte Vella Internacional Tui-Valen\u00e7a", "name:pt": "Ponte Velha Internacional Tui-Valen\u00e7a", "ref": "EN 13", "short_name": "Ponte Internacional", "source": "datos oficiales", "start_date": "1884-10-10", "surface": "asphalt", "tourism": "attraction", "vehicle": "yes", "wikidata": "Q3392517", "wikimedia_commons": "File:Puente_internacional.jpg", "wikipedia": "pt:Ponte Rodo-Ferrovi\u00e1ria de Valen\u00e7a"}}, {"type": "Feature", "geometry": {"type": "LineString", "coordinates": [[-8.8482533, 41.7019089], [-8.8485135, 41.7023746], [-8.8488931, 41.7030165], [-8.8491141, 41.7034002], [-8.8494015, 41.7038993], [-8.8495752, 41.7042008], [-8.8513407, 41.7072663], [-8.8515209, 41.7075914], [-8.851645, 41.7078154], [-8.8516893, 41.7078952], [-8.8517352, 41.7079763], [-8.8529348, 41.7100942], [-8.8530154, 41.7102233], [-8.8530707, 41.7103131], [-8.8538151, 41.7115221], [-8.8546134, 41.7128927], [-8.8555364, 41.7145339], [-8.8556511, 41.7147378], [-8.8556845, 41.7147972], [-8.85576, 41.7149313], [-8.8560423, 41.7154332], [-8.8565389, 41.7163058], [-8.8569283, 41.7169847], [-8.8575878, 41.7181143], [-8.8578598, 41.7186001], [-8.8580758, 41.718977], [-8.8581419, 41.7190925]]}, "properties": {"highway": "primary", "lanes": "2", "name": "Avenida do Meio", "oneway": "no", "ref": "EN 13", "smoothness": "good", "surface": "asphalt"}}, {"type": "Feature", "geometry": {"type": "LineString", "coordinates": [[-8.8470519, 41.700674], [-8.8473008, 41.7010024], [-8.8475243, 41.7011928], [-8.8475857, 41.7012403]]}, "properties": {"highway": "primary", "oneway": "yes", "ref": "EN 13"}}, {"type": "Feature", "geometry": {"type": "LineString", "coordinates": [[-8.8477968, 41.7010318], [-8.8476779, 41.7010301], [-8.8475567, 41.7010075], [-8.8474027, 41.700941], [-8.8470519, 41.700674]]}, "properties": {"highway": "primary", "oneway": "yes", "ref": "EN 13"}}, {"type": "Feature", "geometry": {"type": "LineString", "coordinates": [[-8.8476499, 41.7011127], [-8.8476054, 41.701173], [-8.8475857, 41.7012403], [-8.8475922, 41.701308], [-8.8476239, 41.7013717], [-8.8476782, 41.7014261], [-8.847727, 41.7014562], [-8.8477829, 41.7014786], [-8.8478435, 41.7014923], [-8.8478959, 41.7014968], [-8.8479776, 41.7014909], [-8.8480547, 41.7014696], [-8.848122, 41.7014345], [-8.8481752, 41.7013878], [-8.8482089, 41.7013368], [-8.8482254, 41.7012812], [-8.848224, 41.7012244], [-8.8482047, 41.7011693], [-8.8481686, 41.7011193], [-8.8481076, 41.7010706], [-8.848031, 41.7010364], [-8.8479447, 41.7010192], [-8.8478555, 41.7010205], [-8.8477968, 41.7010318], [-8.8477155, 41.7010643], [-8.8476499, 41.7011127]]}, "properties": {"highway": "primary", "junction": "roundabout", "lanes": "2", "ref": "EN 13"}}, {"type": "Feature", "geometry": {"type": "LineString", "coordinates": [[-8.8478959, 41.7014968], [-8.8479896, 41.7015356], [-8.8480562, 41.7015873], [-8.8480945, 41.7016434], [-8.8481625, 41.7017777], [-8.8482533, 41.7019089]]}, "properties": {"highway": "primary", "name": "Avenida do Meio", "oneway": "yes", "ref": "EN 13"}}, {"type": "Feature", "geometry": {"type": "LineString", "coordinates": [[-8.8482533, 41.7019089], [-8.8481709, 41.7015674], [-8.8481569, 41.7014677], [-8.8481752, 41.7013878]]}, "properties": {"highway": "primary", "name": "Avenida do Meio", "oneway": "yes", "ref": "EN 13"}}, {"type": "Feature", "geometry": {"type": "LineString", "coordinates": [[-8.7817667, 41.5395896], [-8.7817279, 41.5395763]]}, "properties": {"highway": "primary", "junction": "roundabout", "lanes": "2", "name": "Avenida 19 de Agosto", "postal_code": "4740-209", "ref": "EN 13", "surface": "asphalt"}}, {"type": "Feature", "geometry": {"type": "LineString", "coordinates": [[-8.78186, 41.5402055], [-8.7819221, 41.5403412]]}, "properties": {"highway": "primary", "lanes": "2", "name": "Avenida 19 de Agosto", "oneway": "no", "postal_code": "4740-575", "ref": "EN 13", "surface": "asphalt"}}, {"type": "Feature", "geometry": {"type": "LineString", "coordinates": [[-8.7841109, 41.6778111], [-8.7840919, 41.6777492], [-8.7840522, 41.6775821], [-8.7839987, 41.677479]]}, "properties": {"highway": "primary", "lanes": "1", "lit": "yes", "maxspeed": "50", "oneway": "yes", "ref": "EN 13", "surface": "asphalt"}}, {"type": "Feature", "geometry": {"type": "LineString", "coordinates": [[-8.7699063, 41.6425347], [-8.770432, 41.6433202], [-8.7705838, 41.6435748], [-8.7711891, 41.6444139], [-8.7718846, 41.6454129], [-8.772187, 41.6458561], [-8.7722664, 41.6459717], [-8.7724691, 41.6462666], [-8.7735064, 41.6477636], [-8.7737381, 41.6480945]]}, "properties": {"check_date:surface": "2025-02-25", "highway": "primary", "lanes": "2", "maxspeed": "90", "oneway": "no", "ref": "EN 13", "smoothness": "good", "surface": "asphalt"}}, {"type": "Feature", "geometry": {"type": "LineString", "coordinates": [[-8.7694639, 41.6418791], [-8.7699063, 41.6425347]]}, "properties": {"highway": "primary", "lanes": "2", "maxspeed": "70", "oneway": "no", "ref": "EN 13", "surface": "asphalt"}}, {"type": "Feature", "geometry": {"type": "LineString", "coordinates": [[-8.7758416, 41.6511053], [-8.7770596, 41.6528418], [-8.7772094, 41.6530554], [-8.7784378, 41.6548132], [-8.7794542, 41.656264], [-8.7806373, 41.6579303], [-8.78072, 41.6580467], [-8.7817791, 41.6595663], [-8.7824802, 41.6605674], [-8.7825417, 41.6606552], [-8.7831861, 41.6615676], [-8.7839033, 41.6625953], [-8.7840738, 41.6628242], [-8.784227, 41.663039], [-8.7844634, 41.6633704], [-8.7849041, 41.6640112], [-8.7849749, 41.6641744], [-8.7850312, 41.6643306], [-8.7850564, 41.6645611], [-8.7850595, 41.6647968], [-8.7849727, 41.66507], [-8.7849264, 41.665189], [-8.7848563, 41.6653051], [-8.7847136, 41.6654807]]}, "properties": {"highway": "primary", "lanes": "2", "maxspeed": "90", "oneway": "no", "ref": "EN 13", "surface": "asphalt"}}, {"type": "Feature", "geometry": {"type": "LineString", "coordinates": [[-8.729388, 41.3389642], [-8.729134, 41.3388842]]}, "properties": {"highway": "primary", "lanes": "1", "maxspeed": "50", "oneway": "yes", "ref": "EN 13", "surface": "asphalt"}}, {"type": "Feature", "geometry": {"type": "LineString", "coordinates": [[-8.702177, 41.3045499], [-8.7014601, 41.3034477], [-8.701246, 41.3031224]]}, "properties": {"highway": "primary", "lanes": "2", "lit": "no", "maxheight": "default", "oneway": "yes", "ref": "EN 13", "surface": "asphalt"}}, {"type": "Feature", "geometry": {"type": "LineString", "coordinates": [[-8.779852, 41.6724334], [-8.7799432, 41.6725356], [-8.7809683, 41.6736851], [-8.7813173, 41.6740664], [-8.7821412, 41.6749664], [-8.7830708, 41.6759819], [-8.7834532, 41.6763996], [-8.7835915, 41.6765881], [-8.7836923, 41.6767686], [-8.7837467, 41.6768745], [-8.7838443, 41.6770693], [-8.783932, 41.6772953], [-8.7839987, 41.677479]]}, "properties": {"highway": "primary", "lanes": "2", "maxspeed": "90", "oneway": "no", "ref": "EN 13", "surface": "asphalt"}}, {"type": "Feature", "geometry": {"type": "LineString", "coordinates": [[-8.718754, 41.329976], [-8.7188383, 41.3299675], [-8.7189137, 41.3299378], [-8.718971, 41.3298906]]}, "properties": {"highway": "primary", "junction": "roundabout", "maxspeed": "50", "name": "Rotunda dos Tr\u00eas Pinheiros", "ref": "EN 13", "surface": "asphalt"}}, {"type": "Feature", "geometry": {"type": "LineString", "coordinates": [[-8.718754, 41.329976], [-8.7189616, 41.330089]]}, "properties": {"highway": "primary", "maxspeed": "50", "oneway": "yes", "ref": "EN 13", "surface": "asphalt"}}, {"type": "Feature", "geometry": {"type": "LineString", "coordinates": [[-8.7847136, 41.6654807], [-8.7843478, 41.6659069], [-8.783408, 41.6669866], [-8.7832916, 41.6671032], [-8.7831816, 41.6672306], [-8.7831003, 41.6673247], [-8.7829443, 41.6675054], [-8.7799723, 41.670892]]}, "properties": {"highway": "primary", "lanes": "2", "maxspeed": "50", "oneway": "no", "ref": "EN 13", "surface": "asphalt"}}, {"type": "Feature", "geometry": {"type": "LineString", "coordinates": [[-8.7299115, 41.3393257], [-8.7305825, 41.3396947], [-8.7316356, 41.3402855], [-8.732161, 41.3405923], [-8.7325597, 41.340845], [-8.732702, 41.3409383], [-8.732952, 41.3411052]]}, "properties": {"highway": "primary", "lanes": "2", "oneway": "no", "ref": "EN 13", "surface": "asphalt"}}, {"type": "Feature", "geometry": {"type": "LineString", "coordinates": [[-8.7022692, 41.3050191], [-8.7024496, 41.3051717], [-8.7026168, 41.3053363]]}, "properties": {"destination": "Vila do Conde;Mindelo", "destination:ref": "N 13", "highway": "primary", "lanes": "1", "maxspeed": "50", "oneway": "yes", "ref": "EN 13", "surface": "asphalt"}}, {"type": "Feature", "geometry": {"type": "LineString", "coordinates": [[-8.8369915, 41.6944636], [-8.8374868, 41.6944983]]}, "properties": {"highway": "primary", "lanes": "2", "layer": "-1", "maxspeed": "50", "name": "Avenida 25 de Abril", "oneway": "no", "ref": "EN 13", "surface": "asphalt", "tunnel": "yes"}}, {"type": "Feature", "geometry": {"type": "LineString", "coordinates": [[-8.7842728, 41.6782398], [-8.784581, 41.6790813], [-8.7846436, 41.6792588], [-8.7848176, 41.6797391]]}, "properties": {"highway": "primary", "lanes": "2", "lanes:backward": "1", "lanes:forward": "1", "maxspeed": "90", "oneway": "no", "ref": "EN 13", "smoothness": "excellent", "surface": "asphalt"}}, {"type": "Feature", "geometry": {"type": "LineString", "coordinates": [[-8.7296143, 41.3392853], [-8.7299115, 41.3393257]]}, "properties": {"highway": "primary", "lanes": "1", "maxspeed": "50", "oneway": "yes", "ref": "EN 13", "surface": "asphalt"}}, {"type": "Feature", "geometry": {"type": "LineString", "coordinates": [[-8.7687149, 41.6398885], [-8.7687082, 41.6398243], [-8.7687045, 41.6397458], [-8.7687102, 41.6396535], [-8.7687463, 41.6393962]]}, "properties": {"destination": "Porto; Esposende", "highway": "primary", "maxspeed": "50", "oneway": "yes", "ref": "EN 13", "surface": "asphalt"}}, {"type": "Feature", "geometry": {"type": "LineString", "coordinates": [[-8.7023203, 41.3046598], [-8.702177, 41.3045499]]}, "properties": {"highway": "primary", "lanes": "2", "lit": "no", "maxspeed": "50", "oneway": "yes", "ref": "EN 13", "surface": "asphalt"}}, {"type": "Feature", "geometry": {"type": "LineString", "coordinates": [[-8.7297578, 41.3391298], [-8.7297527, 41.3390804], [-8.7297301, 41.3390338], [-8.7296915, 41.3389935], [-8.72964, 41.3389626], [-8.7295952, 41.3389483], [-8.7295792, 41.3389432], [-8.7295137, 41.3389369], [-8.7294483, 41.3389441], [-8.729388, 41.3389642]]}, "properties": {"highway": "primary", "junction": "roundabout", "lanes": "2", "maxspeed": "50", "ref": "EN 13", "surface": "asphalt"}}, {"type": "Feature", "geometry": {"type": "LineString", "coordinates": [[-8.7839082, 41.6779838], [-8.7839509, 41.6779942], [-8.7840007, 41.6779948], [-8.7840483, 41.6779839], [-8.7840891, 41.6779626], [-8.784119, 41.6779328], [-8.7841352, 41.6778977], [-8.7841371, 41.6778676], [-8.7841288, 41.6778381], [-8.7841109, 41.6778111], [-8.7840736, 41.6777817], [-8.7840252, 41.6777634], [-8.7839713, 41.6777582], [-8.7839183, 41.6777669], [-8.783893, 41.6777767], [-8.7838704, 41.6777897], [-8.7838382, 41.6778207], [-8.7838212, 41.6778578], [-8.7838214, 41.677897], [-8.7838386, 41.6779341], [-8.7838711, 41.677965], [-8.7839082, 41.6779838]]}, "properties": {"highway": "primary", "junction": "roundabout", "lanes": "2", "lit": "yes", "maxspeed": "50", "ref": "EN 13", "surface": "asphalt"}}, {"type": "Feature", "geometry": {"type": "LineString", "coordinates": [[-8.7340383, 41.3416769], [-8.7338304, 41.3415986], [-8.7334394, 41.3413567], [-8.7331419, 41.3411868], [-8.732952, 41.3411052]]}, "properties": {"highway": "primary", "lanes": "1", "maxspeed": "50", "oneway": "yes", "ref": "EN 13", "surface": "asphalt"}}, {"type": "Feature", "geometry": {"type": "LineString", "coordinates": [[-8.8374868, 41.6944983], [-8.8395155, 41.6946613]]}, "properties": {"highway": "primary", "lanes": "2", "lit": "yes", "maxspeed": "50", "name": "Avenida 25 de Abril", "ref": "EN 13", "surface": "asphalt"}}, {"type": "Feature", "geometry": {"type": "LineString", "coordinates": [[-8.7839509, 41.6779942], [-8.7840552, 41.6780189], [-8.784162, 41.6780852], [-8.7842728, 41.6782398]]}, "properties": {"highway": "primary", "lanes": "1", "lit": "yes", "maxspeed": "50", "oneway": "yes", "ref": "EN 13", "surface": "asphalt"}}, {"type": "Feature", "geometry": {"type": "LineString", "coordinates": [[-8.7347921, 41.3423153], [-8.7351582, 41.3425589], [-8.7353406, 41.3426989], [-8.7353912, 41.3427427], [-8.7354975, 41.3428348], [-8.7356584, 41.3429838], [-8.7358095, 41.343142]]}, "properties": {"highway": "primary", "maxspeed": "50", "name": "Avenida Mouzinho de Albuquerque", "oneway": "yes", "ref": "EN 13", "surface": "asphalt"}}, {"type": "Feature", "geometry": {"type": "LineString", "coordinates": [[-8.7358095, 41.343142], [-8.7360836, 41.3435293], [-8.7361512, 41.3436297], [-8.7363959, 41.3439819], [-8.7364835, 41.344108]]}, "properties": {"highway": "primary", "lanes": "2", "name": "Avenida Mouzinho de Albuquerque", "oneway": "no", "ref": "EN 13", "surface": "asphalt"}}, {"type": "Feature", "geometry": {"type": "LineString", "coordinates": [[-8.7229404, 41.3353721], [-8.7231313, 41.3355109], [-8.7232818, 41.3356204], [-8.7237132, 41.3358848], [-8.7244883, 41.336311], [-8.7276295, 41.3380539], [-8.7283035, 41.3384259]]}, "properties": {"highway": "primary", "lanes": "1", "maxspeed": "50", "oneway": "no", "ref": "EN 13", "surface": "asphalt"}}, {"type": "Feature", "geometry": {"type": "LineString", "coordinates": [[-8.7737381, 41.6480945], [-8.774518, 41.6491998], [-8.7746985, 41.6494593], [-8.7747891, 41.6495842], [-8.7748417, 41.6496589], [-8.7750125, 41.6499243], [-8.7751527, 41.6501241], [-8.7752853, 41.6503129], [-8.7753402, 41.6503911], [-8.7758416, 41.6511053]]}, "properties": {"highway": "primary", "maxspeed": "50", "oneway": "no", "ref": "EN 13", "surface": "asphalt"}}, {"type": "Feature", "geometry": {"type": "LineString", "coordinates": [[-8.8252435, 41.880754], [-8.8250599, 41.8809034], [-8.824859, 41.8811007], [-8.8247172, 41.8812923], [-8.8245619, 41.8815094], [-8.8244444, 41.8817354], [-8.8243632, 41.8819356], [-8.8243099, 41.8821122], [-8.8242297, 41.8824938], [-8.8242296, 41.882894], [-8.8243371, 41.8856908], [-8.8243478, 41.8861117], [-8.824325, 41.8865955], [-8.8242861, 41.8868393], [-8.8242259, 41.8870515], [-8.8240369, 41.8875027], [-8.8237264, 41.888048]]}, "properties": {"access": "yes", "highway": "primary", "lanes": "2", "maxspeed:backward": "50", "maxspeed:forward": "70", "oneway": "no", "ref": "EN 13", "source": "Bing", "surface": "asphalt"}}, {"type": "Feature", "geometry": {"type": "LineString", "coordinates": [[-8.8353034, 41.8781523], [-8.8341533, 41.8784029], [-8.8309556, 41.8790943]]}, "properties": {"bridge": "yes", "highway": "primary", "lanes": "2", "layer": "1", "lit": "yes", "maxspeed": "50", "maxspeed:backward": "40", "maxspeed:forward": "50", "maxweight:signed": "no", "name": "Ponte Sobre o Rio Coura", "oneway": "no", "ref": "EN 13", "sidewalk": "both", "sidewalk:both:surface": "paving_stones", "smoothness": "good", "source": "Bing", "surface": "asphalt"}}, {"type": "Feature", "geometry": {"type": "LineString", "coordinates": [[-8.8606292, 41.851576], [-8.8606516, 41.8519266]]}, "properties": {"bridge": "viaduct", "highway": "primary", "layer": "1", "maxweight:signed": "no", "oneway": "no", "ref": "EN 13", "smoothness": "good", "source": "Bing", "surface": "asphalt"}}, {"type": "Feature", "geometry": {"type": "LineString", "coordinates": [[-8.8606516, 41.8519266], [-8.8606622, 41.8521569]]}, "properties": {"highway": "primary", "lanes": "2", "oneway": "no", "ref": "EN 13", "smoothness": "good", "source": "Bing", "surface": "asphalt"}}, {"type": "Feature", "geometry": {"type": "LineString", "coordinates": [[-8.6269451, 41.2169907], [-8.6269352, 41.2173282]]}, "properties": {"bridge": "yes", "highway": "trunk", "lanes": "2", "layer": "1", "maxspeed": "70", "maxweight:signed": "no", "name": "Via Norte", "oneway": "yes", "ref": "EN 14;EN 13", "surface": "asphalt"}}, {"type": "Feature", "geometry": {"type": "LineString", "coordinates": [[-8.6270901, 41.2169426], [-8.6271208, 41.2159592], [-8.6271259, 41.2157414], [-8.6271429, 41.215197], [-8.6271878, 41.2136631], [-8.6271773, 41.2129784]]}, "properties": {"highway": "trunk", "lanes": "2", "maxspeed": "70", "name": "Via Norte", "oneway": "yes", "ref": "EN 14;EN 13", "surface": "asphalt"}}, {"type": "Feature", "geometry": {"type": "LineString", "coordinates": [[-8.6270793, 41.2172835], [-8.6270901, 41.2169426]]}, "properties": {"bridge": "yes", "highway": "trunk", "lanes": "2", "layer": "1", "maxspeed": "70", "maxweight:signed": "no", "name": "Via Norte", "oneway": "yes", "ref": "EN 14;EN 13", "surface": "asphalt"}}, {"type": "Feature", "geometry": {"type": "LineString", "coordinates": [[-8.622365, 41.1812809], [-8.6224076, 41.1799712]]}, "properties": {"bicycle": "no", "bridge": "yes", "foot": "no", "highway": "trunk", "horse": "no", "lanes": "3", "layer": "1", "maxspeed": "70", "maxweight:signed": "no", "motor_vehicle": "yes", "name": "Via Norte", "oneway": "yes", "ref": "EN 14;EN 13", "surface": "asphalt", "turn:lanes": "through|through|slight_right"}}, {"type": "Feature", "geometry": {"type": "LineString", "coordinates": [[-8.6222023, 41.1811633], [-8.6221864, 41.1814851], [-8.6221978, 41.1817877], [-8.622275, 41.1821753], [-8.622318, 41.182395], [-8.6225145, 41.1829786]]}, "properties": {"bicycle": "no", "foot": "no", "highway": "trunk", "horse": "no", "lanes": "2", "maxspeed": "90", "motor_vehicle": "yes", "name": "Via Norte", "oneway": "yes", "ref": "EN 14;EN 13", "surface": "asphalt"}}, {"type": "Feature", "geometry": {"type": "LineString", "coordinates": [[-8.6963882, 41.2979578], [-8.6964155, 41.2979047]]}, "properties": {"highway": "primary", "junction": "roundabout", "lanes": "2", "maxspeed": "50", "maxspeed:type": "sign", "ref": "EN 13", "surface": "asphalt"}}, {"type": "Feature", "geometry": {"type": "LineString", "coordinates": [[-8.6957472, 41.2975705], [-8.6953896, 41.297329], [-8.6938522, 41.2962903], [-8.6923601, 41.2952823], [-8.6920419, 41.295078], [-8.6917852, 41.2949052], [-8.6916859, 41.294844], [-8.6909321, 41.2943509], [-8.6902401, 41.2938926], [-8.6899899, 41.2937227], [-8.6898107, 41.2936028], [-8.6897587, 41.29357], [-8.6895995, 41.2934629], [-8.6888029, 41.2929255]]}, "properties": {"highway": "primary", "lanes": "2", "maxspeed": "50", "maxspeed:type": "sign", "oneway": "no", "ref": "EN 13", "surface": "asphalt"}}, {"type": "Feature", "geometry": {"type": "LineString", "coordinates": [[-8.8699675, 41.824705], [-8.8699376, 41.8245789], [-8.8699353, 41.8244875], [-8.8699568, 41.8244346], [-8.8700182, 41.8243378]]}, "properties": {"highway": "primary", "lanes": "1", "oneway": "yes", "ref": "EN 13", "source": "Bing", "surface": "asphalt"}}, {"type": "Feature", "geometry": {"type": "LineString", "coordinates": [[-8.8311182, 41.6963104], [-8.8314102, 41.6962094], [-8.8316693, 41.6961198]]}, "properties": {"highway": "primary", "lanes": "2", "layer": "-1", "maxspeed": "50", "name": "Avenida 25 de Abril", "name:etymology:wikidata": "Q193245", "oneway": "no", "ref": "EN 13", "surface": "asphalt", "tunnel": "yes"}}, {"type": "Feature", "geometry": {"type": "LineString", "coordinates": [[-8.8316693, 41.6961198], [-8.833517, 41.6954537]]}, "properties": {"highway": "primary", "lanes": "2", "maxspeed": "50", "name": "Avenida 25 de Abril", "name:etymology:wikidata": "Q193245", "oneway": "no", "ref": "EN 13", "surface": "asphalt"}}, {"type": "Feature", "geometry": {"type": "LineString", "coordinates": [[-8.8312232, 41.6961177], [-8.8312034, 41.6961428], [-8.8311939, 41.6961608], [-8.8311841, 41.6962121], [-8.8311979, 41.6962629], [-8.8312335, 41.6963073], [-8.831287, 41.6963403], [-8.8313324, 41.6963546], [-8.8313811, 41.6963604], [-8.831444, 41.6963548], [-8.8315017, 41.6963352], [-8.8315485, 41.6963033], [-8.8315792, 41.6962636], [-8.8315922, 41.6962242], [-8.8315909, 41.6961836], [-8.8315752, 41.6961446], [-8.8315464, 41.6961102], [-8.8315064, 41.6960826], [-8.8314804, 41.696071], [-8.8314336, 41.6960586], [-8.8313842, 41.6960549], [-8.8313351, 41.6960602], [-8.8312892, 41.6960741], [-8.831249, 41.696096], [-8.8312232, 41.6961177]]}, "properties": {"highway": "primary", "junction": "roundabout", "lanes": "2", "ref": "EN 13", "surface": "asphalt"}}, {"type": "Feature", "geometry": {"type": "LineString", "coordinates": [[-8.7782147, 41.611768], [-8.7783987, 41.6116563], [-8.7785959, 41.6114949], [-8.7787056, 41.6113763], [-8.778955, 41.6110591]]}, "properties": {"highway": "primary", "lanes": "1", "name": "Rua 25 de Abril", "oneway": "yes", "ref": "EN 13", "surface": "asphalt"}}, {"type": "Feature", "geometry": {"type": "LineString", "coordinates": [[-8.778955, 41.6110591], [-8.7786594, 41.6113566], [-8.778541, 41.6114575], [-8.7783918, 41.611558]]}, "properties": {"highway": "primary", "lanes": "1", "name": "Rua 25 de Abril", "oneway": "yes", "ref": "EN 13", "surface": "asphalt"}}, {"type": "Feature", "geometry": {"type": "LineString", "coordinates": [[-8.7781562, 41.6121812], [-8.7781504, 41.6120433], [-8.7781462, 41.6120154], [-8.7781409, 41.6119927], [-8.7781246, 41.6119363]]}, "properties": {"highway": "primary", "lanes": "1", "name": "Rua 25 de Abril", "oneway": "yes", "ref": "EN 13", "surface": "asphalt"}}, {"type": "Feature", "geometry": {"type": "LineString", "coordinates": [[-8.7780046, 41.6118602], [-8.7780016, 41.6118796], [-8.7780015, 41.6118877], [-8.778003, 41.611897], [-8.7780504, 41.6119884], [-8.7781014, 41.6120572], [-8.7781147, 41.6120801], [-8.7781252, 41.612103], [-8.7781562, 41.6121812]]}, "properties": {"highway": "primary", "lanes": "1", "name": "Rua 25 de Abril", "oneway": "yes", "ref": "EN 13", "surface": "asphalt"}}, {"type": "Feature", "geometry": {"type": "LineString", "coordinates": [[-8.7781246, 41.6119363], [-8.7780659, 41.6118827], [-8.7780518, 41.6118733], [-8.7780344, 41.6118678], [-8.7780046, 41.6118602]]}, "properties": {"highway": "primary", "lanes": "1", "name": "Rua 25 de Abril", "oneway": "yes", "ref": "EN 13", "surface": "asphalt"}}, {"type": "Feature", "geometry": {"type": "LineString", "coordinates": [[-8.6421746, 42.0267135], [-8.6421106, 42.026651], [-8.6419793, 42.0263733]]}, "properties": {"highway": "primary", "lane_markings": "no", "oneway": "yes", "ref": "EN 13", "surface": "sett"}}, {"type": "Feature", "geometry": {"type": "LineString", "coordinates": [[-8.6419793, 42.0263733], [-8.6420095, 42.0265651], [-8.6420192, 42.0267377]]}, "properties": {"highway": "primary", "lane_markings": "no", "oneway": "yes", "ref": "EN 13", "surface": "sett"}}, {"type": "Feature", "geometry": {"type": "LineString", "coordinates": [[-8.8222935, 41.6957242], [-8.8222054, 41.6956584]]}, "properties": {"highway": "primary", "ref": "EN 13", "surface": "asphalt"}}, {"type": "Feature", "geometry": {"type": "LineString", "coordinates": [[-8.8225428, 41.6957289], [-8.8224869, 41.6957436], [-8.822427, 41.6957531], [-8.8223608, 41.6957499], [-8.8222935, 41.6957242]]}, "properties": {"highway": "primary", "lane_markings": "no", "lanes": "1", "oneway": "yes", "ref": "EN 13", "surface": "asphalt"}}, {"type": "Feature", "geometry": {"type": "LineString", "coordinates": [[-8.8225428, 41.6957289], [-8.8225373, 41.6957706], [-8.8225378, 41.6958174], [-8.8225738, 41.6958613]]}, "properties": {"highway": "primary", "junction": "roundabout", "lanes": "2", "name": "Pra\u00e7a Dom Afonso III", "ref": "EN 13", "surface": "asphalt"}}, {"type": "Feature", "geometry": {"type": "LineString", "coordinates": [[-8.7751814, 41.917983], [-8.7755248, 41.9178592], [-8.7759568, 41.9176825]]}, "properties": {"highway": "primary", "maxspeed": "50", "oneway": "yes", "ref": "EN 13", "surface": "asphalt"}}, {"type": "Feature", "geometry": {"type": "LineString", "coordinates": [[-8.8356933, 41.878092], [-8.8355254, 41.8781126], [-8.8353494, 41.8781447], [-8.8353034, 41.8781523]]}, "properties": {"check_date:surface": "2025-02-25", "highway": "primary", "lanes": "2", "maxspeed:backward": "40", "maxspeed:forward": "50", "oneway": "no", "ref": "EN 13", "smoothness": "good", "surface": "asphalt"}}, {"type": "Feature", "geometry": {"type": "LineString", "coordinates": [[-8.8606265, 41.8514883], [-8.8606787, 41.8512], [-8.8607036, 41.8510583], [-8.8607258, 41.8509981]]}, "properties": {"highway": "primary", "lanes": "2", "oneway": "yes", "ref": "EN 13", "smoothness": "good", "source": "Bing", "surface": "asphalt"}}, {"type": "Feature", "geometry": {"type": "LineString", "coordinates": [[-8.8587858, 41.8132729], [-8.8586026, 41.8130838], [-8.8580509, 41.8124958], [-8.857692, 41.8121179], [-8.8575172, 41.8119062], [-8.8569164, 41.8111338], [-8.8566932, 41.8108168], [-8.8564539, 41.8103849], [-8.8562043, 41.8097136], [-8.8561544, 41.8095442], [-8.8561047, 41.809375], [-8.8559924, 41.808831], [-8.8559845, 41.808717], [-8.8559582, 41.808335], [-8.8559639, 41.8081481], [-8.8560322, 41.8079742]]}, "properties": {"highway": "primary", "lanes": "2", "maxheight": "default", "oneway": "yes", "ref": "EN 13", "source": "Bing"}}, {"type": "Feature", "geometry": {"type": "LineString", "coordinates": [[-8.7728426, 41.5146954], [-8.771076, 41.5168243]]}, "properties": {"alt_name": "Ponte de F\u00e3o", "bridge": "yes", "hgv": "no", "highway": "primary", "lanes": "2", "layer": "1", "lit": "yes", "maxspeed": "50", "name": "Ponte Lu\u00eds Filipe", "ref": "EN 13", "segregated": "yes", "shoulder": "no", "surface": "asphalt"}}, {"type": "Feature", "geometry": {"type": "LineString", "coordinates": [[-8.7855708, 41.6817764], [-8.7854596, 41.6813671], [-8.7853985, 41.6810914], [-8.7853756, 41.6810263], [-8.7853099, 41.6808906], [-8.7852817, 41.6808444]]}, "properties": {"highway": "primary", "lanes": "1", "lit": "yes", "maxspeed": "50", "oneway": "yes", "ref": "EN 13", "surface": "asphalt"}}, {"type": "Feature", "geometry": {"type": "LineString", "coordinates": [[-8.7607177, 41.5020663], [-8.762113, 41.5037222], [-8.7625317, 41.504219], [-8.7629309, 41.5046974], [-8.7630539, 41.5048333], [-8.7632019, 41.5049986], [-8.7632749, 41.5050802], [-8.7644133, 41.5063531], [-8.765745, 41.5078421], [-8.7667385, 41.5088644]]}, "properties": {"highway": "primary", "lanes": "2", "name": "Avenida Visconde de S\u00e3o Janu\u00e1rio", "oneway": "no", "ref": "EN 13", "smoothness": "good", "surface": "asphalt"}}, {"type": "Feature", "geometry": {"type": "LineString", "coordinates": [[-8.8290714, 41.6970123], [-8.8311182, 41.6963104]]}, "properties": {"highway": "primary", "lanes": "2", "maxspeed": "50", "name": "Avenida 25 de Abril", "name:etymology:wikidata": "Q193245", "oneway": "no", "ref": "EN 13", "sidewalk:both": "no", "surface": "asphalt"}}, {"type": "Feature", "geometry": {"type": "LineString", "coordinates": [[-8.8417794, 41.6948735], [-8.8418675, 41.6949043], [-8.8419819, 41.6949592], [-8.8422255, 41.6951187], [-8.842504, 41.6953146], [-8.8426646, 41.6954474], [-8.8428774, 41.6956242]]}, "properties": {"highway": "primary", "oneway": "yes", "ref": "EN 13", "surface": "asphalt"}}, {"type": "Feature", "geometry": {"type": "LineString", "coordinates": [[-8.833517, 41.6954537], [-8.8337411, 41.6953771], [-8.8345228, 41.6950935], [-8.8346118, 41.6950609]]}, "properties": {"highway": "primary", "lanes": "4", "maxspeed": "50", "name": "Avenida 25 de Abril", "name:etymology:wikidata": "Q193245", "oneway": "no", "ref": "EN 13", "surface": "asphalt"}}, {"type": "Feature", "geometry": {"type": "LineString", "coordinates": [[-8.8346118, 41.6950609], [-8.8353642, 41.6947725], [-8.8357715, 41.6946254], [-8.8360645, 41.6945404], [-8.8363818, 41.6944901], [-8.8366836, 41.694464], [-8.8369915, 41.6944636]]}, "properties": {"highway": "primary", "lanes": "2", "maxspeed": "50", "name": "Avenida 25 de Abril", "name:etymology:wikidata": "Q193245", "ref": "EN 13", "surface": "asphalt"}}, {"type": "Feature", "geometry": {"type": "LineString", "coordinates": [[-8.8399428, 41.694685], [-8.8401657, 41.6946954], [-8.8407767, 41.6947151]]}, "properties": {"highway": "primary", "maxspeed": "50", "name": "Avenida 25 de Abril", "oneway": "no", "ref": "EN 13", "surface": "asphalt"}}, {"type": "Feature", "geometry": {"type": "LineString", "coordinates": [[-8.8395155, 41.6946613], [-8.8399428, 41.694685]]}, "properties": {"bridge": "yes", "highway": "primary", "layer": "1", "lit": "yes", "maxspeed": "50", "maxweight:signed": "no", "name": "Avenida 25 de Abril", "oneway": "no", "ref": "EN 13", "surface": "asphalt"}}, {"type": "Feature", "geometry": {"type": "LineString", "coordinates": [[-8.8129605, 41.6884577], [-8.8145967, 41.6897248]]}, "properties": {"highway": "primary", "lanes": "2", "maxspeed": "50", "oneway": "no", "ref": "EN 13", "surface": "asphalt"}}, {"type": "Feature", "geometry": {"type": "LineString", "coordinates": [[-8.8125526, 41.6879825], [-8.8125943, 41.6880362], [-8.8126447, 41.6881234], [-8.8127022, 41.6882241], [-8.8127437, 41.6882847], [-8.8128025, 41.6883442], [-8.8129605, 41.6884577]]}, "properties": {"highway": "primary", "lane_markings": "no", "maxspeed": "90", "oneway": "yes", "ref": "EN 13", "surface": "asphalt"}}, {"type": "Feature", "geometry": {"type": "LineString", "coordinates": [[-8.7687463, 41.6393962], [-8.7685872, 41.6395704], [-8.7684483, 41.6396855], [-8.7683666, 41.6397269]]}, "properties": {"highway": "primary", "maxspeed": "50", "oneway": "yes", "ref": "EN 13", "surface": "asphalt"}}, {"type": "Feature", "geometry": {"type": "LineString", "coordinates": [[-8.768779, 41.6408704], [-8.7687568, 41.6407409], [-8.7687447, 41.6406391], [-8.7687462, 41.6405264], [-8.7687699, 41.6404328]]}, "properties": {"highway": "primary", "maxspeed": "50", "oneway": "yes", "ref": "EN 13", "surface": "asphalt"}}, {"type": "Feature", "geometry": {"type": "LineString", "coordinates": [[-8.8222935, 41.6957242], [-8.8223602, 41.6957864], [-8.8224974, 41.6958434], [-8.8225738, 41.6958613]]}, "properties": {"highway": "primary", "lane_markings": "no", "lanes": "1", "oneway": "yes", "ref": "EN 13", "surface": "asphalt"}}, {"type": "Feature", "geometry": {"type": "LineString", "coordinates": [[-8.8590757, 41.8135957], [-8.8587858, 41.8132729]]}, "properties": {"bridge": "yes", "highway": "primary", "lanes": "2", "layer": "1", "maxweight:signed": "no", "oneway": "yes", "ref": "EN 13", "source": "Bing"}}, {"type": "Feature", "geometry": {"type": "LineString", "coordinates": [[-8.8649339, 41.7440891], [-8.8649827, 41.7441208], [-8.8650447, 41.744189], [-8.8651895, 41.7444653]]}, "properties": {"highway": "primary", "oneway": "yes", "ref": "EN 13", "surface": "asphalt"}}, {"type": "Feature", "geometry": {"type": "LineString", "coordinates": [[-8.8649811, 41.7440844], [-8.8650249, 41.7440704], [-8.865062, 41.7440481], [-8.8650896, 41.7440192], [-8.865102, 41.7439968], [-8.8651085, 41.7439731], [-8.8651048, 41.7439282], [-8.8650809, 41.743887], [-8.8650396, 41.7438542], [-8.8649919, 41.7438353], [-8.8649386, 41.7438281], [-8.8648945, 41.7438316], [-8.8648529, 41.7438433], [-8.8648166, 41.7438623], [-8.8647955, 41.7438796], [-8.8647788, 41.7438994], [-8.8647617, 41.7439394], [-8.8647625, 41.7439814], [-8.8647811, 41.744021], [-8.8648156, 41.7440542], [-8.8648507, 41.7440731], [-8.864891, 41.744085], [-8.8649339, 41.7440891], [-8.8649811, 41.7440844]]}, "properties": {"highway": "primary", "junction": "roundabout", "ref": "EN 13", "surface": "asphalt"}}, {"type": "Feature", "geometry": {"type": "LineString", "coordinates": [[-8.8648243, 41.7437261], [-8.8648205, 41.7438321], [-8.8648166, 41.7438623]]}, "properties": {"highway": "primary", "oneway": "yes", "ref": "EN 13", "surface": "asphalt"}}, {"type": "Feature", "geometry": {"type": "LineString", "coordinates": [[-8.8649386, 41.7438281], [-8.8648761, 41.7437819], [-8.8648243, 41.7437261]]}, "properties": {"highway": "primary", "oneway": "yes", "ref": "EN 13", "surface": "asphalt"}}, {"type": "Feature", "geometry": {"type": "LineString", "coordinates": [[-8.8651895, 41.7444653], [-8.8651091, 41.7441884], [-8.8650889, 41.7440616], [-8.8650896, 41.7440192]]}, "properties": {"highway": "primary", "oneway": "yes", "ref": "EN 13", "surface": "asphalt"}}, {"type": "Feature", "geometry": {"type": "LineString", "coordinates": [[-8.8594737, 41.7238615], [-8.8595137, 41.723894], [-8.8596188, 41.7240012]]}, "properties": {"highway": "primary", "oneway": "yes", "ref": "EN 13", "surface": "asphalt"}}, {"type": "Feature", "geometry": {"type": "LineString", "coordinates": [[-8.8596782, 41.7236812], [-8.8596564, 41.7236355], [-8.8596443, 41.7235863], [-8.8596367, 41.723434]]}, "properties": {"highway": "primary", "lanes": "1", "name": "Avenida do Meio", "oneway": "yes", "ref": "EN 13", "surface": "asphalt"}}, {"type": "Feature", "geometry": {"type": "LineString", "coordinates": [[-8.8596367, 41.723434], [-8.8596029, 41.7235283], [-8.8595558, 41.7235879], [-8.8595087, 41.7236247]]}, "properties": {"highway": "primary", "lanes": "1", "name": "Avenida do Meio", "oneway": "yes", "ref": "EN 13", "smoothness": "good", "surface": "asphalt"}}, {"type": "Feature", "geometry": {"type": "LineString", "coordinates": [[-8.859605, 41.7236337], [-8.8595577, 41.7236238], [-8.8595087, 41.7236247], [-8.8594682, 41.7236341], [-8.8594322, 41.7236508], [-8.8593988, 41.7236783], [-8.8593778, 41.723712], [-8.8593711, 41.7237488], [-8.8593788, 41.7237843], [-8.8593998, 41.7238166], [-8.8594324, 41.723843], [-8.8594737, 41.7238615], [-8.8595182, 41.7238701], [-8.8595642, 41.7238693], [-8.8596082, 41.723859], [-8.8596467, 41.7238402], [-8.859658, 41.7238321], [-8.8596845, 41.7238043], [-8.8596999, 41.7237722], [-8.859703, 41.7237381], [-8.8596952, 41.7237085], [-8.8596782, 41.7236812], [-8.8596463, 41.7236533], [-8.859605, 41.7236337]]}, "properties": {"highway": "primary", "junction": "roundabout", "ref": "EN 13", "surface": "asphalt"}}, {"type": "Feature", "geometry": {"type": "LineString", "coordinates": [[-8.8606835, 41.7278702], [-8.8608869, 41.728679], [-8.8612604, 41.7300328], [-8.8620677, 41.7331735], [-8.8620939, 41.7332928], [-8.8625412, 41.7351098], [-8.862568, 41.735212], [-8.8631151, 41.7372477], [-8.8638592, 41.7401419], [-8.8640916, 41.7410457], [-8.8644432, 41.7424671], [-8.8645795, 41.7430217], [-8.8648243, 41.7437261]]}, "properties": {"highway": "primary", "lanes": "0", "oneway": "no", "ref": "EN 13", "surface": "asphalt"}}, {"type": "Feature", "geometry": {"type": "LineString", "coordinates": [[-8.8596188, 41.7240012], [-8.8596098, 41.7239203], [-8.8596233, 41.7238776], [-8.8596467, 41.7238402]]}, "properties": {"highway": "primary", "oneway": "yes", "ref": "EN 13", "surface": "asphalt"}}, {"type": "Feature", "geometry": {"type": "LineString", "coordinates": [[-8.740528, 41.9493909], [-8.7405745, 41.9494574], [-8.7406049, 41.9495177], [-8.740633, 41.9496236], [-8.740626, 41.9498685], [-8.7406031, 41.9500924], [-8.7405468, 41.9503648], [-8.7404781, 41.9505638], [-8.7403883, 41.9507877], [-8.7398231, 41.951889], [-8.7395455, 41.9524365], [-8.7393912, 41.9527433], [-8.7392343, 41.9531042]]}, "properties": {"highway": "primary", "lanes": "1", "oneway": "yes", "ref": "EN 13", "surface": "asphalt"}}, {"type": "Feature", "geometry": {"type": "LineString", "coordinates": [[-8.740847, 41.9493857], [-8.7409173, 41.949341], [-8.7409669, 41.9492829], [-8.7409915, 41.9492157], [-8.7409883, 41.9491461], [-8.7409573, 41.9490804], [-8.7409016, 41.9490244], [-8.7408376, 41.948988], [-8.7407598, 41.9489643], [-8.7406764, 41.948957], [-8.7405934, 41.9489664], [-8.7405167, 41.948992], [-8.7404737, 41.949016], [-8.7404368, 41.9490451], [-8.740395, 41.9490974], [-8.7403728, 41.949156], [-8.7403719, 41.9492168], [-8.7403923, 41.9492758], [-8.7404326, 41.9493287], [-8.740476, 41.9493635], [-8.740528, 41.9493909], [-8.7406055, 41.949414], [-8.7406885, 41.949421], [-8.7407709, 41.9494113], [-8.740847, 41.9493857]]}, "properties": {"highway": "primary", "junction": "roundabout", "lanes": "2", "ref": "EN 13", "surface": "asphalt"}}, {"type": "Feature", "geometry": {"type": "LineString", "coordinates": [[-8.7785672, 41.9164976], [-8.7783313, 41.9165698], [-8.778194, 41.9165708], [-8.7780053, 41.9165383]]}, "properties": {"highway": "primary", "lanes": "1", "oneway": "yes", "ref": "EN 13", "source": "PNOA", "source:date": "2010", "surface": "asphalt"}}, {"type": "Feature", "geometry": {"type": "LineString", "coordinates": [[-8.7781967, 41.9168362], [-8.778291, 41.9167034], [-8.7783632, 41.9166251], [-8.7785672, 41.9164976]]}, "properties": {"destination": "Caminha; Lanhelas", "highway": "primary", "lanes": "1", "oneway": "yes", "ref": "EN 13", "surface": "asphalt"}}, {"type": "Feature", "geometry": {"type": "LineString", "coordinates": [[-8.7751814, 41.917983], [-8.7749014, 41.9181055], [-8.7745808, 41.918237], [-8.7742973, 41.9183394], [-8.7740244, 41.918424], [-8.7735332, 41.9185532], [-8.77309, 41.918653], [-8.7726971, 41.9187273], [-8.772353, 41.91879], [-8.7719943, 41.9188338], [-8.771215, 41.918887], [-8.7686643, 41.9189724], [-8.7675635, 41.9190098], [-8.7670371, 41.9190189], [-8.766017, 41.919075], [-8.7656994, 41.9191098]]}, "properties": {"highway": "primary", "lanes": "2", "maxspeed:forward": "70", "ref": "EN 13", "surface": "asphalt"}}, {"type": "Feature", "geometry": {"type": "LineString", "coordinates": [[-8.7550194, 41.9238572], [-8.7550245, 41.9238291], [-8.7550126, 41.9237901], [-8.7549806, 41.9237581], [-8.7549338, 41.9237384], [-8.7549058, 41.9237343], [-8.7548556, 41.9237385], [-8.7548113, 41.9237566], [-8.7547798, 41.923786], [-8.7547657, 41.9238221], [-8.7547712, 41.9238595], [-8.7547956, 41.9238925], [-8.754835, 41.923916], [-8.7548835, 41.9239265], [-8.7549338, 41.9239224], [-8.7549732, 41.9239072], [-8.7550035, 41.923883], [-8.7550194, 41.9238572]]}, "properties": {"highway": "primary", "junction": "roundabout", "ref": "EN 13"}}, {"type": "Feature", "geometry": {"type": "LineString", "coordinates": [[-8.7439901, 41.9383472], [-8.7439919, 41.9383679], [-8.7440006, 41.9383958], [-8.7440204, 41.9384278], [-8.7440421, 41.9384499], [-8.7440642, 41.9384663], [-8.7440956, 41.9384829], [-8.7441259, 41.9384937], [-8.7441575, 41.9385031], [-8.7441763, 41.938506], [-8.7442247, 41.9385037], [-8.7442639, 41.938498], [-8.744299, 41.9384876], [-8.7443328, 41.9384719], [-8.74436, 41.9384533], [-8.7443821, 41.9384322], [-8.7444047, 41.9383979], [-8.7444125, 41.9383743], [-8.744415, 41.9383593], [-8.7444162, 41.9383414], [-8.7444119, 41.9383139], [-8.7444032, 41.9382912], [-8.7443858, 41.9382642], [-8.744363, 41.938241], [-8.7443375, 41.9382228], [-8.7443043, 41.9382063], [-8.7442704, 41.9381954], [-8.7442342, 41.938189], [-8.7441958, 41.9381874], [-8.744164, 41.9381901], [-8.7441352, 41.9381956], [-8.7441004, 41.938207], [-8.7440758, 41.9382187], [-8.7440463, 41.9382384], [-8.7440222, 41.9382619], [-8.7440045, 41.9382883], [-8.7439962, 41.9383079], [-8.7439905, 41.9383285], [-8.7439901, 41.9383472]]}, "properties": {"highway": "primary", "junction": "roundabout", "lanes": "2", "ref": "EN 13", "source": "Bing", "surface": "asphalt"}}, {"type": "Feature", "geometry": {"type": "LineString", "coordinates": [[-8.702077, 41.3046227], [-8.7020834, 41.3047531]]}, "properties": {"highway": "primary", "lanes": "2", "maxspeed": "50", "oneway": "yes", "ref": "EN 13", "surface": "asphalt"}}, {"type": "Feature", "geometry": {"type": "LineString", "coordinates": [[-8.7450173, 41.3607658], [-8.744975, 41.3606621], [-8.744933, 41.3605654]]}, "properties": {"highway": "primary", "lane_markings": "no", "name": "Rua 5 de Outubro", "oneway": "yes", "ref": "EN 13", "surface": "asphalt"}}, {"type": "Feature", "geometry": {"type": "LineString", "coordinates": [[-8.7447625, 41.3606496], [-8.7448815, 41.3606986], [-8.7450173, 41.3607658]]}, "properties": {"highway": "primary", "lane_markings": "no", "name": "Rua 5 de Outubro", "oneway": "yes", "ref": "EN 13", "surface": "asphalt"}}, {"type": "Feature", "geometry": {"type": "LineString", "coordinates": [[-8.8363071, 41.8780463], [-8.8361842, 41.8780601], [-8.8360672, 41.8780672], [-8.8358976, 41.8780666], [-8.8356933, 41.878092]]}, "properties": {"check_date:surface": "2025-02-25", "highway": "primary", "lanes": "1", "oneway": "yes", "ref": "EN 13", "smoothness": "good", "source": "Bing", "surface": "asphalt"}}, {"type": "Feature", "geometry": {"type": "LineString", "coordinates": [[-8.8356933, 41.878092], [-8.8358835, 41.8781189], [-8.8360392, 41.8781518], [-8.8361691, 41.8782076], [-8.8362441, 41.8782427]]}, "properties": {"check_date:surface": "2025-02-25", "highway": "primary", "lanes": "2", "maxspeed": "40", "oneway": "yes", "ref": "EN 13", "smoothness": "good", "source": "Bing", "surface": "asphalt"}}, {"type": "Feature", "geometry": {"type": "LineString", "coordinates": [[-8.6354643, 41.2304354], [-8.6355322, 41.2305295], [-8.6356093, 41.2306233], [-8.6357092, 41.2307262], [-8.6358141, 41.2308265], [-8.6358309, 41.2308427], [-8.6366389, 41.2316219]]}, "properties": {"divider": "double_solid_line", "highway": "primary", "lane_markings": "yes", "lanes": "4", "lanes:backward": "2", "lanes:forward": "2", "maxspeed": "50", "maxspeed:type": "sign", "name": "Avenida de Dom Mendo", "oneway": "no", "ref": "EN 13", "surface": "asphalt", "width": "13"}}, {"type": "Feature", "geometry": {"type": "LineString", "coordinates": [[-8.8609503, 41.8157438], [-8.8618714, 41.8165749]]}, "properties": {"highway": "primary", "lanes": "2", "oneway": "yes", "ref": "EN 13", "smoothness": "good", "source": "Bing", "surface": "asphalt"}}, {"type": "Feature", "geometry": {"type": "LineString", "coordinates": [[-8.8607163, 41.815503], [-8.8609503, 41.8157438]]}, "properties": {"bridge": "yes", "highway": "primary", "lanes": "2", "layer": "1", "maxweight:signed": "no", "oneway": "yes", "ref": "EN 13", "smoothness": "good", "source": "Bing", "surface": "asphalt"}}, {"type": "Feature", "geometry": {"type": "LineString", "coordinates": [[-8.8610683, 41.8157018], [-8.8608273, 41.8154554]]}, "properties": {"bridge": "yes", "highway": "primary", "lanes": "2", "layer": "1", "maxweight:signed": "no", "oneway": "yes", "ref": "EN 13", "smoothness": "good", "source": "Bing", "surface": "asphalt"}}, {"type": "Feature", "geometry": {"type": "LineString", "coordinates": [[-8.8618714, 41.8165749], [-8.8610683, 41.8157018]]}, "properties": {"highway": "primary", "lanes": "2", "oneway": "yes", "ref": "EN 13", "smoothness": "good", "source": "Bing", "surface": "asphalt"}}, {"type": "Feature", "geometry": {"type": "LineString", "coordinates": [[-8.8618714, 41.8165749], [-8.862543, 41.817217], [-8.8640032, 41.8185583]]}, "properties": {"highway": "primary", "oneway": "no", "ref": "EN 13", "surface": "asphalt"}}, {"type": "Feature", "geometry": {"type": "LineString", "coordinates": [[-8.8586292, 41.813288], [-8.858913, 41.8136024]]}, "properties": {"bridge": "yes", "highway": "primary", "lanes": "2", "layer": "1", "oneway": "yes", "ref": "EN 13", "source": "Bing"}}, {"type": "Feature", "geometry": {"type": "LineString", "coordinates": [[-8.8608273, 41.8154554], [-8.8600639, 41.8146449]]}, "properties": {"highway": "primary", "lanes": "2", "oneway": "yes", "ref": "EN 13", "smoothness": "good", "source": "Bing", "surface": "asphalt"}}, {"type": "Feature", "geometry": {"type": "LineString", "coordinates": [[-8.858913, 41.8136024], [-8.8590443, 41.81374], [-8.8595948, 41.8143009], [-8.8597608, 41.8144682]]}, "properties": {"highway": "primary", "lanes": "2", "oneway": "yes", "ref": "EN 13", "source": "Bing", "surface": "asphalt"}}, {"type": "Feature", "geometry": {"type": "LineString", "coordinates": [[-8.8557443, 41.8079818], [-8.8557691, 41.8081456], [-8.8558176, 41.808324], [-8.8559021, 41.8088328], [-8.8560149, 41.809377], [-8.8561129, 41.8097243], [-8.8563813, 41.8104013], [-8.8566031, 41.8108174], [-8.8568223, 41.8111765], [-8.8573978, 41.8119249], [-8.8579408, 41.8125346], [-8.8586292, 41.813288]]}, "properties": {"highway": "primary", "lanes": "2", "oneway": "yes", "ref": "EN 13", "source": "Bing"}}, {"type": "Feature", "geometry": {"type": "LineString", "coordinates": [[-8.8698072, 41.823912], [-8.8696502, 41.8238173], [-8.8695789, 41.8237479], [-8.8694949, 41.8236711], [-8.8691604, 41.8234347]]}, "properties": {"highway": "primary", "lanes": "1", "oneway": "yes", "ref": "EN 13", "source": "Bing", "surface": "asphalt"}}, {"type": "Feature", "geometry": {"type": "LineString", "coordinates": [[-8.8453377, 41.8691947], [-8.8437299, 41.8713161], [-8.8435891, 41.8715021], [-8.8427915, 41.872555], [-8.8420161, 41.8736507], [-8.8417013, 41.8741524], [-8.8410332, 41.8753208], [-8.8405713, 41.8762946]]}, "properties": {"highway": "primary", "lanes": "2", "name": "Avenida Doutor Dantas Carneiro", "oneway": "no", "ref": "EN 13", "smoothness": "good", "source": "Bing", "surface": "asphalt"}}, {"type": "Feature", "geometry": {"type": "LineString", "coordinates": [[-8.8453377, 41.8691947], [-8.8459008, 41.8685559], [-8.8460477, 41.8683931], [-8.8463545, 41.8680529], [-8.8467713, 41.8676162], [-8.847353, 41.86697]]}, "properties": {"check_date:surface": "2025-02-25", "highway": "primary", "lanes": "1", "oneway": "yes", "ref": "EN 13", "smoothness": "good", "surface": "asphalt"}}, {"type": "Feature", "geometry": {"type": "LineString", "coordinates": [[-8.847353, 41.86697], [-8.8466951, 41.8676055], [-8.8464712, 41.8678308], [-8.8462413, 41.8680674]]}, "properties": {"highway": "primary", "lanes": "1", "lit": "yes", "maxspeed": "50", "oneway": "yes", "ref": "EN 13", "surface": "asphalt"}}, {"type": "Feature", "geometry": {"type": "LineString", "coordinates": [[-8.8561748, 41.8052209], [-8.8560672, 41.805684]]}, "properties": {"bridge": "yes", "highway": "primary", "layer": "1", "oneway": "no", "ref": "EN 13", "source": "Bing"}}, {"type": "Feature", "geometry": {"type": "LineString", "coordinates": [[-8.8560672, 41.805684], [-8.8559734, 41.8062215], [-8.8559594, 41.8063364]]}, "properties": {"highway": "primary", "lanes": "2", "oneway": "no", "ref": "EN 13", "source": "Bing", "surface": "asphalt"}}, {"type": "Feature", "geometry": {"type": "LineString", "coordinates": [[-8.856064, 41.8079521], [-8.8561088, 41.8078984], [-8.8561264, 41.8078365], [-8.8561147, 41.8077739], [-8.856075, 41.807718]]}, "properties": {"highway": "primary", "junction": "roundabout", "lanes": "2", "ref": "EN 13", "source": "Bing", "surface": "asphalt"}}, {"type": "Feature", "geometry": {"type": "LineString", "coordinates": [[-8.8559289, 41.8065868], [-8.8558133, 41.8069262], [-8.8557601, 41.8073262], [-8.8557424, 41.8075821], [-8.8557284, 41.807687]]}, "properties": {"highway": "primary", "lanes": "2", "oneway": "yes", "ref": "EN 13", "source": "Bing"}}, {"type": "Feature", "geometry": {"type": "LineString", "coordinates": [[-8.8560459, 41.8076946], [-8.855989, 41.8075581], [-8.855939, 41.8073154], [-8.8559422, 41.8069226], [-8.8559289, 41.8065868]]}, "properties": {"highway": "primary", "lanes": "1", "oneway": "yes", "ref": "EN 13", "source": "Bing", "surface": "asphalt"}}, {"type": "Feature", "geometry": {"type": "LineString", "coordinates": [[-8.8695025, 41.8239582], [-8.869427, 41.8240143], [-8.86939, 41.82406], [-8.8693656, 41.8241103], [-8.8693545, 41.8241873], [-8.8693728, 41.8242636], [-8.8694192, 41.8243329], [-8.8694786, 41.8243828], [-8.8695472, 41.8244183], [-8.8696247, 41.8244414], [-8.8696828, 41.8244495], [-8.8697787, 41.8244475], [-8.8698706, 41.8244272], [-8.8699523, 41.8243897], [-8.8700182, 41.8243378], [-8.8700544, 41.8242915], [-8.8700778, 41.8242408], [-8.8700855, 41.8241477], [-8.8700507, 41.8240581], [-8.8699776, 41.8239824], [-8.8698988, 41.8239386], [-8.8698072, 41.823912], [-8.869701, 41.8239048], [-8.8695965, 41.8239206], [-8.8695025, 41.8239582]]}, "properties": {"highway": "primary", "junction": "roundabout", "lanes": "2", "ref": "EN 13", "source": "Bing", "surface": "asphalt"}}, {"type": "Feature", "geometry": {"type": "LineString", "coordinates": [[-8.8696828, 41.8244495], [-8.8697685, 41.8245047], [-8.8698708, 41.8245872], [-8.8699675, 41.824705]]}, "properties": {"highway": "primary", "lanes": "2", "oneway": "yes", "ref": "EN 13", "source": "Bing", "surface": "asphalt"}}, {"type": "Feature", "geometry": {"type": "LineString", "coordinates": [[-8.8605447, 41.8504997], [-8.8605117, 41.8497131], [-8.8605176, 41.8493463], [-8.8605468, 41.8489781], [-8.8606398, 41.8484839], [-8.8607822, 41.8479829], [-8.860972, 41.847497], [-8.861197, 41.847017], [-8.861375, 41.84672], [-8.8618772, 41.8460457], [-8.8621603, 41.8457101], [-8.8622493, 41.8456168], [-8.8623306, 41.8455225], [-8.862438, 41.845407], [-8.862728, 41.845127], [-8.863055, 41.844843], [-8.8635644, 41.8444621], [-8.8642814, 41.8440005], [-8.8663153, 41.8426881], [-8.867202, 41.84212], [-8.8674075, 41.8419677], [-8.8677677, 41.8417008], [-8.8682875, 41.8412287], [-8.868777, 41.8406842], [-8.8688543, 41.8405792], [-8.869086, 41.840258], [-8.8691664, 41.8401323], [-8.8695145, 41.8394608], [-8.8696899, 41.8389818], [-8.8698042, 41.8384413], [-8.8698644, 41.837745], [-8.8699361, 41.8372595], [-8.8703614, 41.8333984], [-8.8703634, 41.8333801], [-8.8704654, 41.8323533], [-8.8705574, 41.8314693], [-8.8707231, 41.8300391], [-8.8708092, 41.8289564], [-8.8707669, 41.8282916], [-8.8704513, 41.8261698], [-8.8703347, 41.8256937], [-8.8701611, 41.8251521], [-8.8699675, 41.824705]]}, "properties": {"highway": "primary", "oneway": "no", "ref": "EN 13", "surface": "asphalt"}}, {"type": "Feature", "geometry": {"type": "LineString", "coordinates": [[-8.8691604, 41.8234347], [-8.8692441, 41.8235552], [-8.8694124, 41.8237353], [-8.8694454, 41.8238018], [-8.8694577, 41.8238827], [-8.8694482, 41.8239501], [-8.869427, 41.8240143]]}, "properties": {"highway": "primary", "lanes": "1", "oneway": "yes", "ref": "EN 13", "source": "Bing", "surface": "asphalt"}}, {"type": "Feature", "geometry": {"type": "LineString", "coordinates": [[-8.8604516, 41.8508065], [-8.8604263, 41.8508268], [-8.8604068, 41.8508504], [-8.8603939, 41.8508763], [-8.860388, 41.8509037], [-8.8603895, 41.8509313], [-8.8603982, 41.8509582], [-8.8604138, 41.8509834], [-8.8604354, 41.8510054], [-8.8604622, 41.8510239], [-8.8604935, 41.8510383], [-8.860528, 41.8510479], [-8.8605643, 41.8510523], [-8.8606011, 41.8510514], [-8.8606369, 41.8510452], [-8.8606705, 41.851034], [-8.8607005, 41.8510181], [-8.8607258, 41.8509981], [-8.8607412, 41.8509807], [-8.8607531, 41.8509618], [-8.8607632, 41.850933], [-8.860765, 41.8509033], [-8.8607583, 41.850874], [-8.8607435, 41.8508464], [-8.8607213, 41.8508217], [-8.8606926, 41.8508011], [-8.8606704, 41.85079], [-8.8606408, 41.8507798], [-8.8606093, 41.8507735], [-8.8605768, 41.8507713], [-8.8605443, 41.8507734], [-8.8605127, 41.8507796], [-8.8604831, 41.8507898]]}, "properties": {"highway": "primary", "junction": "roundabout", "lanes": "2", "ref": "EN 13", "smoothness": "good", "source": "Bing", "surface": "asphalt"}}, {"type": "Feature", "geometry": {"type": "LineString", "coordinates": [[-8.8364759, 41.8783542], [-8.8365484, 41.8783452], [-8.8365836, 41.8783349], [-8.8366305, 41.8783096], [-8.8366679, 41.8782768], [-8.8366971, 41.8782305], [-8.8367074, 41.87818]]}, "properties": {"highway": "primary", "junction": "roundabout", "lanes": "2", "ref": "EN 13", "smoothness": "good", "source": "Bing", "surface": "asphalt"}}, {"type": "Feature", "geometry": {"type": "LineString", "coordinates": [[-8.8606265, 41.8514883], [-8.8606292, 41.851576]]}, "properties": {"highway": "primary", "lanes": "2", "oneway": "no", "ref": "EN 13", "smoothness": "good", "source": "Bing", "surface": "asphalt"}}, {"type": "Feature", "geometry": {"type": "LineString", "coordinates": [[-8.8606704, 41.85079], [-8.8606033, 41.8506728], [-8.8605447, 41.8504997]]}, "properties": {"highway": "primary", "lanes": "2", "oneway": "yes", "ref": "EN 13", "source": "Bing"}}, {"type": "Feature", "geometry": {"type": "LineString", "coordinates": [[-8.8604622, 41.8510239], [-8.8605612, 41.8511999], [-8.8606265, 41.8514883]]}, "properties": {"highway": "primary", "lanes": "2", "oneway": "yes", "ref": "EN 13", "source": "Bing", "surface": "asphalt"}}, {"type": "Feature", "geometry": {"type": "LineString", "coordinates": [[-8.8605284, 41.8506743], [-8.8604999, 41.8507446], [-8.8604831, 41.8507898]]}, "properties": {"highway": "primary", "lanes": "2", "oneway": "yes", "ref": "EN 13", "source": "Bing"}}, {"type": "Feature", "geometry": {"type": "LineString", "coordinates": [[-8.8372247, 41.8787711], [-8.8370824, 41.8785972], [-8.8367511, 41.8782416], [-8.8367074, 41.87818]]}, "properties": {"access": "yes", "check_date:surface": "2025-02-25", "highway": "primary", "lanes": "1", "name": "Avenida Doutor Dantas Carneiro", "oneway": "yes", "ref": "EN 13", "smoothness": "good", "source": "Bing", "surface": "asphalt"}}, {"type": "Feature", "geometry": {"type": "LineString", "coordinates": [[-8.8365484, 41.8783452], [-8.8366391, 41.8783721], [-8.8367268, 41.8784099], [-8.837037, 41.878652], [-8.8372247, 41.8787711]]}, "properties": {"access": "yes", "check_date:surface": "2025-02-25", "highway": "primary", "lanes": "1", "maxspeed": "50", "name": "Avenida Doutor Dantas Carneiro", "oneway": "yes", "ref": "EN 13", "smoothness": "good", "source": "Bing", "surface": "asphalt"}}, {"type": "Feature", "geometry": {"type": "LineString", "coordinates": [[-8.867466, 41.7872181], [-8.8679308, 41.7881939], [-8.8681158, 41.788563], [-8.8683063, 41.7889675], [-8.8683952, 41.7893021], [-8.8684569, 41.7895655], [-8.8684829, 41.7897925], [-8.8684729, 41.7900959], [-8.8683525, 41.7906272], [-8.8682268, 41.7909542], [-8.8680396, 41.7913224], [-8.8678265, 41.791593], [-8.8677125, 41.7917435], [-8.8676059, 41.791842], [-8.86719, 41.792207], [-8.8666235, 41.7925343]]}, "properties": {"highway": "primary", "incline": "up", "oneway": "no", "ref": "EN 13"}}, {"type": "Feature", "geometry": {"type": "LineString", "coordinates": [[-8.8649224, 41.7824686], [-8.8649667, 41.7825174], [-8.8650306, 41.782552], [-8.8650736, 41.7825638], [-8.8651524, 41.7825683], [-8.8652284, 41.7825524], [-8.8652702, 41.7825331], [-8.8653082, 41.782505], [-8.8653459, 41.7824532], [-8.8653575, 41.7823964], [-8.8653424, 41.7823386], [-8.8653016, 41.7822881], [-8.8652663, 41.7822636], [-8.8652267, 41.782246], [-8.8651505, 41.7822306], [-8.8650755, 41.7822349], [-8.8650033, 41.7822587], [-8.8649464, 41.7822996], [-8.8649254, 41.7823256], [-8.8649039, 41.7823823], [-8.8649224, 41.7824686]]}, "properties": {"highway": "primary", "junction": "roundabout", "ref": "EN 13", "source": "survey"}}, {"type": "Feature", "geometry": {"type": "LineString", "coordinates": [[-8.8650736, 41.7825638], [-8.8651702, 41.7826434], [-8.865329, 41.782819]]}, "properties": {"highway": "primary", "oneway": "yes", "ref": "EN 13", "source": "survey"}}, {"type": "Feature", "geometry": {"type": "LineString", "coordinates": [[-8.865329, 41.782819], [-8.8653081, 41.7826438], [-8.8653082, 41.782505]]}, "properties": {"highway": "primary", "oneway": "yes", "ref": "EN 13", "source": "survey"}}, {"type": "Feature", "geometry": {"type": "LineString", "coordinates": [[-8.8652267, 41.782246], [-8.8651081, 41.7821599], [-8.8649313, 41.7819673]]}, "properties": {"highway": "primary", "oneway": "yes", "ref": "EN 13", "source": "survey", "surface": "asphalt"}}, {"type": "Feature", "geometry": {"type": "LineString", "coordinates": [[-8.8649313, 41.7819673], [-8.8649685, 41.7821477], [-8.8649662, 41.7822431], [-8.8649254, 41.7823256]]}, "properties": {"highway": "primary", "oneway": "yes", "ref": "EN 13", "source": "survey"}}, {"type": "Feature", "geometry": {"type": "LineString", "coordinates": [[-8.6440559, 41.2388375], [-8.6440991, 41.2388822], [-8.6444143, 41.2392104], [-8.6447247, 41.239537], [-8.6455569, 41.2404084]]}, "properties": {"cycleway:both": "no", "highway": "primary", "lane_markings": "yes", "lanes": "1", "maxspeed": "70", "name": "Avenida de Dom Mendo", "oneway": "yes", "ref": "EN 13", "surface": "asphalt", "width": "3.5"}}, {"type": "Feature", "geometry": {"type": "LineString", "coordinates": [[-8.6349774, 41.2267376], [-8.6350001, 41.2267642], [-8.6350258, 41.2267986], [-8.6350507, 41.2268319], [-8.6350856, 41.22689]]}, "properties": {"divider": "double_solid_line", "highway": "primary", "lane_markings": "yes", "lanes": "5", "lanes:backward": "3", "lanes:forward": "2", "maxspeed": "50", "maxspeed:type": "sign", "name": "Avenida de Dom Mendo", "oneway": "no", "placement:forward": "left_of:1", "ref": "EN 13", "surface": "asphalt", "width": "17"}}, {"type": "Feature", "geometry": {"type": "LineString", "coordinates": [[-8.6320145, 41.2250037], [-8.6320829, 41.2250223], [-8.6321573, 41.225045], [-8.6322518, 41.2250778], [-8.6323343, 41.2251101], [-8.6324326, 41.2251535], [-8.6325231, 41.2251973], [-8.6326106, 41.2252445], [-8.6328114, 41.2253542], [-8.6331286, 41.2255292], [-8.6333536, 41.2256553], [-8.6334926, 41.225734], [-8.6336263, 41.2258097], [-8.6337434, 41.225876], [-8.6338007, 41.2259085], [-8.6338557, 41.2259399], [-8.6339579, 41.2259983], [-8.6340504, 41.2260512], [-8.6341325, 41.226099], [-8.6342044, 41.226141], [-8.6342705, 41.2261795], [-8.6343321, 41.2262162], [-8.6343922, 41.2262569], [-8.6344526, 41.2263011], [-8.6345327, 41.2263686], [-8.6345582, 41.2263982], [-8.634578, 41.2264274], [-8.6346251, 41.2265099], [-8.6346395, 41.2265889]]}, "properties": {"highway": "primary", "lanes": "2", "maxheight:signed": "no", "maxspeed": "50", "maxspeed:type": "sign", "name": "Avenida de Dom Mendo", "oneway": "yes", "ref": "EN 13", "surface": "asphalt"}}, {"type": "Feature", "geometry": {"type": "LineString", "coordinates": [[-8.6495378, 41.2492937], [-8.6494171, 41.2490659], [-8.6493366, 41.2488829], [-8.6492543, 41.2486706], [-8.6491831, 41.2484447], [-8.6491058, 41.2481134], [-8.6490436, 41.2479097]]}, "properties": {"highway": "primary", "lanes": "1", "name": "Rua Conselheiro Lu\u00eds Magalh\u00e3es", "oneway": "yes", "ref": "EN 13", "source": "bing", "surface": "asphalt"}}, {"type": "Feature", "geometry": {"type": "LineString", "coordinates": [[-8.6484081, 41.2444522], [-8.6484072, 41.2443096], [-8.6484089, 41.2442648], [-8.6484222, 41.2442137], [-8.6485118, 41.2439553], [-8.6485554, 41.2438699], [-8.6485971, 41.2438376], [-8.6486341, 41.243811], [-8.6486834, 41.2437779]]}, "properties": {"highway": "primary", "lanes": "2", "name": "Rua Conselheiro Lu\u00eds Magalh\u00e3es", "oneway": "yes", "ref": "EN 13", "source": "bing", "surface": "asphalt"}}, {"type": "Feature", "geometry": {"type": "LineString", "coordinates": [[-8.6483638, 41.2437042], [-8.6483882, 41.2437444], [-8.6484009, 41.2437923], [-8.6484096, 41.2438435], [-8.6484091, 41.2439315], [-8.6483331, 41.2441357], [-8.6483184, 41.2442288], [-8.6483207, 41.2442919], [-8.6483485, 41.2443742], [-8.6484081, 41.2444522]]}, "properties": {"highway": "primary", "lanes": "2", "name": "Rua Conselheiro Lu\u00eds Magalh\u00e3es", "oneway": "yes", "ref": "EN 13", "source": "bing", "surface": "asphalt"}}, {"type": "Feature", "geometry": {"type": "LineString", "coordinates": [[-8.6490436, 41.2479097], [-8.6490393, 41.2481207], [-8.6491464, 41.2486489], [-8.649198, 41.2488703], [-8.6492745, 41.2490931], [-8.6493295, 41.2492131], [-8.6493941, 41.2493388]]}, "properties": {"highway": "primary", "lanes": "2", "name": "Rua Conselheiro Lu\u00eds Magalh\u00e3es", "oneway": "yes", "ref": "EN 13", "source": "bing", "surface": "asphalt"}}, {"type": "Feature", "geometry": {"type": "LineString", "coordinates": [[-8.6489023, 41.2472356], [-8.64885, 41.2469661], [-8.6488264, 41.2468329], [-8.6487245, 41.2462765]]}, "properties": {"highway": "primary", "lanes": "3", "lanes:backward": "2", "lanes:forward": "1", "name": "Rua Conselheiro Lu\u00eds Magalh\u00e3es", "oneway": "no", "ref": "EN 13", "surface": "asphalt"}}, {"type": "Feature", "geometry": {"type": "LineString", "coordinates": [[-8.6538743, 41.2544627], [-8.6538384, 41.2544145], [-8.6537585, 41.2543092], [-8.6531195, 41.2535662]]}, "properties": {"highway": "primary", "lanes": "3", "lanes:backward": "2", "lanes:forward": "1", "maxspeed": "50", "maxspeed:type": "sign", "name": "Rua Conselheiro Lu\u00eds Magalh\u00e3es", "oneway": "no", "ref": "EN 13", "sidewalk": "both", "surface": "asphalt"}}, {"type": "Feature", "geometry": {"type": "LineString", "coordinates": [[-8.7026168, 41.3053363], [-8.7025283, 41.3051316], [-8.7025061, 41.3049257]]}, "properties": {"highway": "primary", "lanes": "1", "maxspeed": "50", "oneway": "yes", "ref": "EN 13", "surface": "asphalt"}}, {"type": "Feature", "geometry": {"type": "LineString", "coordinates": [[-8.7503895, 41.3673983], [-8.7503515, 41.3674535], [-8.7503266, 41.3675378], [-8.7503431, 41.3676254], [-8.7503867, 41.3676938]]}, "properties": {"highway": "primary", "junction": "roundabout", "lanes": "2", "name": "Rua 5 de Outubro", "ref": "EN 13", "source": "bing", "surface": "asphalt"}}, {"type": "Feature", "geometry": {"type": "LineString", "coordinates": [[-8.7506757, 41.3677701], [-8.7507221, 41.3678249], [-8.7507957, 41.3679116], [-8.7512038, 41.368394], [-8.7516393, 41.3689172]]}, "properties": {"bicycle": "yes", "cycleway": "no", "foot": "yes", "highway": "primary", "lanes": "2", "name": "Rua 5 de Outubro", "oneway": "no", "ref": "EN 13", "surface": "asphalt"}}, {"type": "Feature", "geometry": {"type": "LineString", "coordinates": [[-8.8040425, 41.9020996], [-8.8020323, 41.9027004], [-8.8013746, 41.902921], [-8.8007269, 41.903224], [-8.8002146, 41.9035061], [-8.7996978, 41.9038621], [-8.7995231, 41.9039989], [-8.7992694, 41.9042141]]}, "properties": {"highway": "primary", "lanes": "2", "maxspeed": "50", "oneway": "no", "ref": "EN 13", "source": "Bing", "surface": "asphalt"}}, {"type": "Feature", "geometry": {"type": "LineString", "coordinates": [[-8.8132207, 41.9002867], [-8.8131261, 41.9003088]]}, "properties": {"access": "yes", "bridge": "yes", "highway": "primary", "layer": "1", "name": "EN 13", "oneway": "no", "ref": "EN 13", "source": "Bing", "surface": "asphalt"}}, {"type": "Feature", "geometry": {"type": "LineString", "coordinates": [[-8.8398597, 41.8781613], [-8.8399531, 41.8779319], [-8.8401318, 41.8774623], [-8.8401851, 41.8773222], [-8.8403543, 41.8768773], [-8.8404319, 41.8766882], [-8.8405713, 41.8762946]]}, "properties": {"check_date:surface": "2025-02-25", "highway": "primary", "lanes": "1", "name": "Avenida Doutor Dantas Carneiro", "oneway": "yes", "ref": "EN 13", "smoothness": "good", "surface": "asphalt"}}, {"type": "Feature", "geometry": {"type": "LineString", "coordinates": [[-8.8398597, 41.8781613], [-8.8398104, 41.8783323], [-8.8397314, 41.8784895], [-8.83966, 41.8786005], [-8.8395678, 41.8786929], [-8.8394559, 41.8787886], [-8.8393429, 41.8788686], [-8.8391762, 41.8789657], [-8.839019, 41.8790368], [-8.8388256, 41.8790907], [-8.8386046, 41.8791328], [-8.8383554, 41.8791484], [-8.8381244, 41.8791384], [-8.8379193, 41.8790996], [-8.8377834, 41.8790635], [-8.8376798, 41.8790278], [-8.8375483, 41.8789733], [-8.8374519, 41.8789286], [-8.837348, 41.8788651], [-8.8372247, 41.8787711]]}, "properties": {"highway": "primary", "lanes": "2", "maxspeed": "50", "name": "Avenida Doutor Dantas Carneiro", "oneway": "no", "ref": "EN 13", "smoothness": "good", "source": "Bing", "surface": "asphalt"}}, {"type": "Feature", "geometry": {"type": "LineString", "coordinates": [[-8.8405713, 41.8762946], [-8.8403512, 41.876665], [-8.8403301, 41.8767178], [-8.8402364, 41.8769151]]}, "properties": {"highway": "primary", "lanes": "1", "name": "Avenida Doutor Dantas Carneiro", "oneway": "yes", "ref": "EN 13", "surface": "asphalt"}}, {"type": "Feature", "geometry": {"type": "LineString", "coordinates": [[-8.8481129, 41.8661756], [-8.847353, 41.86697]]}, "properties": {"highway": "primary", "lanes": "2", "lit": "yes", "maxspeed": "50", "name": "Avenida Doutor Dantas Carneiro", "oneway": "no", "ref": "EN 13", "source": "Bing", "surface": "asphalt"}}, {"type": "Feature", "geometry": {"type": "LineString", "coordinates": [[-8.8481129, 41.8661756], [-8.848209, 41.866123], [-8.8482268, 41.8661133], [-8.848764, 41.8655535], [-8.8490373, 41.8652646], [-8.8492204, 41.8650794], [-8.8493935, 41.8649048], [-8.8499809, 41.8642836], [-8.8500055, 41.8642335]]}, "properties": {"highway": "primary", "lanes": "1", "oneway": "yes", "ref": "EN 13", "smoothness": "good", "surface": "asphalt"}}, {"type": "Feature", "geometry": {"type": "LineString", "coordinates": [[-8.8500055, 41.8642335], [-8.8499219, 41.8642676], [-8.8495039, 41.8646889], [-8.8492528, 41.8649268], [-8.8492276, 41.8649506], [-8.8488991, 41.8652857], [-8.8481597, 41.8660973]]}, "properties": {"highway": "primary", "lanes": "1", "oneway": "yes", "ref": "EN 13", "smoothness": "good", "surface": "asphalt"}}, {"type": "Feature", "geometry": {"type": "LineString", "coordinates": [[-8.6420225, 42.0270089], [-8.6420389, 42.0270402], [-8.6420723, 42.0271091], [-8.6420766, 42.0272018], [-8.6420348, 42.0273761], [-8.6420245, 42.0274267], [-8.6419688, 42.0276992], [-8.6419325, 42.0279267], [-8.6419613, 42.0281199]]}, "properties": {"highway": "primary", "lanes": "1", "name": "Avenida de Espanha", "oneway": "yes", "ref": "EN 13", "surface": "sett"}}, {"type": "Feature", "geometry": {"type": "LineString", "coordinates": [[-8.8213063, 41.8921204], [-8.820846, 41.8929258], [-8.8206812, 41.8932028], [-8.820545, 41.8934317], [-8.8202637, 41.8939129], [-8.8201226, 41.8941544], [-8.8187085, 41.8965293], [-8.8186548, 41.89662], [-8.818612, 41.8966905], [-8.8181953, 41.8974122], [-8.8180357, 41.8976035], [-8.8178186, 41.897836], [-8.8176456, 41.8979974], [-8.8169811, 41.8986172], [-8.8168039, 41.8988053], [-8.8165883, 41.8990035], [-8.8161771, 41.899378], [-8.8159273, 41.899543], [-8.8156455, 41.8996809], [-8.8154523, 41.8997563]]}, "properties": {"access": "yes", "highway": "primary", "lanes": "2", "maxspeed:forward": "50", "name": "Avenida Joaquim Maria Portela", "oneway": "no", "ref": "EN 13", "source": "Bing", "surface": "asphalt"}}, {"type": "Feature", "geometry": {"type": "LineString", "coordinates": [[-8.7408376, 41.948988], [-8.7407986, 41.9489357], [-8.7407662, 41.9488688], [-8.7407563, 41.948802], [-8.740758, 41.9487334], [-8.7407772, 41.9484966], [-8.7407685, 41.9483465], [-8.7407425, 41.948176], [-8.7405196, 41.9470108], [-8.7404848, 41.9467649], [-8.740457, 41.9465164], [-8.7404465, 41.9462343], [-8.740457, 41.945714], [-8.7405074, 41.9452641], [-8.7406505, 41.9446614], [-8.7406718, 41.9445609], [-8.7407558, 41.9441848], [-8.7407858, 41.9440518], [-8.740928, 41.943452], [-8.7410455, 41.9429472], [-8.7410921, 41.9427539], [-8.7411965, 41.9423231], [-8.7412784, 41.9419465], [-8.7413048, 41.9418454], [-8.7413753, 41.9415646], [-8.7414518, 41.9413079], [-8.7415603, 41.9410223], [-8.7416129, 41.9408974], [-8.7417815, 41.9405727], [-8.7419463, 41.940309], [-8.7421297, 41.9400584], [-8.7425104, 41.9396498], [-8.7425216, 41.9396378], [-8.7426241, 41.9395278], [-8.7429526, 41.9392394]]}, "properties": {"destination": "Viana do Castelo", "highway": "primary", "lanes": "1", "maxspeed": "50", "name": "Rua de Santo Ant\u00f3nio", "oneway": "yes", "ref": "EN 13", "surface": "asphalt"}}, {"type": "Feature", "geometry": {"type": "LineString", "coordinates": [[-8.7439901, 41.9383472], [-8.7439183, 41.9384403], [-8.7438942, 41.9384682], [-8.74387, 41.9384921], [-8.7438379, 41.9385181], [-8.7438003, 41.938546], [-8.7437177, 41.9385997], [-8.7436474, 41.9386478], [-8.7435482, 41.9387156], [-8.7433897, 41.9388253], [-8.743284, 41.9388992], [-8.7432061, 41.9389563], [-8.7431386, 41.9390083], [-8.7429195, 41.9391968]]}, "properties": {"highway": "primary", "name": "Rua de Santo Ant\u00f3nio", "oneway": "yes", "ref": "EN 13", "source": "Bing"}}, {"type": "Feature", "geometry": {"type": "LineString", "coordinates": [[-8.7429526, 41.9392394], [-8.7432092, 41.939054], [-8.7433953, 41.9389211], [-8.7436689, 41.9387355], [-8.7437774, 41.9386646], [-8.7438513, 41.9386178], [-8.7438915, 41.9385939], [-8.7439183, 41.9385799], [-8.7439478, 41.938566], [-8.74398, 41.938552], [-8.7440149, 41.938538], [-8.7440635, 41.9385226], [-8.7441575, 41.9385031]]}, "properties": {"highway": "primary", "maxspeed": "50", "name": "Rua de Santo Ant\u00f3nio", "oneway": "yes", "ref": "EN 13", "source": "Bing"}}, {"type": "Feature", "geometry": {"type": "LineString", "coordinates": [[-8.8597608, 41.8144682], [-8.8599913, 41.8147178]]}, "properties": {"bridge": "yes", "highway": "primary", "lanes": "2", "layer": "1", "maxweight:signed": "no", "oneway": "yes", "ref": "EN 13", "source": "Bing", "surface": "asphalt"}}, {"type": "Feature", "geometry": {"type": "LineString", "coordinates": [[-8.8598306, 41.8143972], [-8.8590757, 41.8135957]]}, "properties": {"highway": "primary", "lanes": "2", "oneway": "yes", "ref": "EN 13", "source": "Bing", "surface": "asphalt"}}, {"type": "Feature", "geometry": {"type": "LineString", "coordinates": [[-8.8599913, 41.8147178], [-8.8607163, 41.815503]]}, "properties": {"highway": "primary", "lanes": "2", "oneway": "yes", "ref": "EN 13", "smoothness": "good", "source": "Bing", "surface": "asphalt"}}, {"type": "Feature", "geometry": {"type": "LineString", "coordinates": [[-8.8600639, 41.8146449], [-8.8598306, 41.8143972]]}, "properties": {"bridge": "yes", "highway": "primary", "lanes": "2", "layer": "1", "maxweight:signed": "no", "oneway": "yes", "ref": "EN 13", "source": "Bing", "surface": "asphalt"}}, {"type": "Feature", "geometry": {"type": "LineString", "coordinates": [[-8.6373755, 42.0039558], [-8.6372688, 42.0046487], [-8.637257, 42.004697], [-8.6369107, 42.0067407], [-8.6366488, 42.0083613], [-8.6366177, 42.0086648], [-8.6366121, 42.0087389], [-8.6366227, 42.009079], [-8.6366366, 42.0094158], [-8.6366964, 42.0098668], [-8.6368314, 42.0104128], [-8.6369949, 42.0109875], [-8.6379915, 42.0141845], [-8.6381268, 42.0146186], [-8.6383936, 42.0154744], [-8.6384789, 42.0157481], [-8.6385176, 42.0158666], [-8.6392455, 42.0180938], [-8.6393585, 42.0184628], [-8.6400084, 42.0204148], [-8.6402932, 42.0212742], [-8.640502, 42.0219042], [-8.640674, 42.0224234], [-8.6407936, 42.0227728]]}, "properties": {"highway": "primary", "lanes": "2", "name": "Avenida Miguel Dantas", "oneway": "no", "ref": "EN 13", "surface": "asphalt"}}, {"type": "Feature", "geometry": {"type": "LineString", "coordinates": [[-8.6373685, 42.0034628], [-8.6373313, 42.003485], [-8.6373083, 42.003516], [-8.6373031, 42.0035513], [-8.6373165, 42.0035854], [-8.6373462, 42.003613], [-8.6373881, 42.0036301], [-8.6374355, 42.003634], [-8.6374813, 42.003624], [-8.6375185, 42.0036019], [-8.6375415, 42.0035708], [-8.6375467, 42.0035356], [-8.6375334, 42.0035015]]}, "properties": {"highway": "primary", "junction": "roundabout", "lanes": "2", "ref": "EN 13", "source": "bing"}}, {"type": "Feature", "geometry": {"type": "LineString", "coordinates": [[-8.6373462, 42.003613], [-8.6373628, 42.0037351], [-8.6373668, 42.0038037], [-8.6373755, 42.0039558]]}, "properties": {"highway": "primary", "lanes": "1", "oneway": "yes", "ref": "EN 13", "source": "bing"}}, {"type": "Feature", "geometry": {"type": "LineString", "coordinates": [[-8.6375035, 42.0034739], [-8.6374891, 42.0032372]]}, "properties": {"highway": "primary", "lanes": "1", "oneway": "yes", "ref": "EN 13", "source": "bing"}}, {"type": "Feature", "geometry": {"type": "LineString", "coordinates": [[-8.7429195, 41.9391968], [-8.742764, 41.9393365], [-8.7424736, 41.9396184], [-8.7424665, 41.9396256], [-8.7422635, 41.9398465], [-8.7420232, 41.9401367], [-8.7418667, 41.9403532], [-8.7416771, 41.940668], [-8.7415124, 41.9410076], [-8.7414791, 41.9411008], [-8.7414015, 41.9412977], [-8.7413019, 41.9416706], [-8.7412575, 41.9418383], [-8.7410489, 41.9427491], [-8.7408868, 41.9434478], [-8.7406637, 41.944403], [-8.7404749, 41.9452191], [-8.7404058, 41.9455056], [-8.7403692, 41.9457625], [-8.7403605, 41.9458871], [-8.7403637, 41.9462166], [-8.7403657, 41.9464112], [-8.7403773, 41.9467343], [-8.7404715, 41.9472278]]}, "properties": {"highway": "primary", "lanes": "1", "name": "Rua de Santo Ant\u00f3nio", "oneway": "yes", "ref": "EN 13", "surface": "asphalt"}}, {"type": "Feature", "geometry": {"type": "LineString", "coordinates": [[-8.6940164, 41.9705909], [-8.6941043, 41.9705894], [-8.6942547, 41.9705951], [-8.6944038, 41.9706141], [-8.6946986, 41.9706944], [-8.6950462, 41.9707705], [-8.6952465, 41.9708094], [-8.6954625, 41.9708513], [-8.695669, 41.9708897], [-8.695866, 41.9709229], [-8.6963599, 41.9709856], [-8.6968018, 41.9710227], [-8.6972801, 41.9710371], [-8.6976251, 41.9710319], [-8.6979331, 41.9710205], [-8.698143, 41.9709847]]}, "properties": {"highway": "primary", "oneway": "yes", "ref": "EN 13"}}, {"type": "Feature", "geometry": {"type": "LineString", "coordinates": [[-8.7817279, 41.5395763], [-8.7815987, 41.5394827], [-8.7815052, 41.5394185]]}, "properties": {"highway": "primary", "lane_markings": "no", "lit": "yes", "name": "Avenida 19 de Agosto", "oneway": "yes", "postal_code": "4740-209", "ref": "EN 13", "source": "bing", "surface": "asphalt"}}, {"type": "Feature", "geometry": {"type": "LineString", "coordinates": [[-8.7815052, 41.5394185], [-8.7815012, 41.5395105], [-8.7814826, 41.5396386]]}, "properties": {"highway": "primary", "lane_markings": "no", "lit": "yes", "name": "Avenida 19 de Agosto", "oneway": "yes", "postal_code": "4740-209", "ref": "EN 13", "source": "bing", "surface": "asphalt"}}, {"type": "Feature", "geometry": {"type": "LineString", "coordinates": [[-8.7816491, 41.5400215], [-8.7817728, 41.5401302], [-8.78186, 41.5402055]]}, "properties": {"highway": "primary", "lane_markings": "no", "name": "Avenida 19 de Agosto", "oneway": "yes", "postal_code": "4740-575", "ref": "EN 13", "source": "bing", "surface": "asphalt"}}, {"type": "Feature", "geometry": {"type": "LineString", "coordinates": [[-8.7866902, 41.5648617], [-8.7867411, 41.5649385]]}, "properties": {"bridge": "yes", "highway": "primary", "lanes": "2", "layer": "1", "name": "Avenida 19 de Agosto", "oneway": "no", "postal_code": "4740-575", "ref": "EN 13", "surface": "asphalt"}}, {"type": "Feature", "geometry": {"type": "LineString", "coordinates": [[-8.7766686, 41.6151933], [-8.7768981, 41.6155531]]}, "properties": {"bridge": "yes", "highway": "primary", "layer": "1", "oneway": "no", "ref": "EN 13", "source": "bing"}}, {"type": "Feature", "geometry": {"type": "LineString", "coordinates": [[-8.78186, 41.5402055], [-8.7818622, 41.5401043], [-8.781909, 41.5399595]]}, "properties": {"highway": "primary", "lanes": "1", "name": "Avenida 19 de Agosto", "oneway": "yes", "postal_code": "4740-575", "ref": "EN 13", "smoothness": "good", "source": "bing", "surface": "asphalt"}}, {"type": "Feature", "geometry": {"type": "LineString", "coordinates": [[-8.7768981, 41.6155531], [-8.7769396, 41.6158034], [-8.7769362, 41.6161439]]}, "properties": {"highway": "primary", "lanes": "2", "lanes:backward": "1", "lanes:forward": "1", "oneway": "no", "ref": "EN 13", "surface": "asphalt"}}, {"type": "Feature", "geometry": {"type": "LineString", "coordinates": [[-8.7892463, 41.579923], [-8.7889786, 41.5802674], [-8.7887766, 41.58047], [-8.7881252, 41.5810603], [-8.7880733, 41.5811243], [-8.7879458, 41.5813023], [-8.7879034, 41.581409], [-8.7878887, 41.5815452], [-8.7878967, 41.5816885], [-8.7879442, 41.5819976], [-8.7879663, 41.5821228], [-8.7879909, 41.5822583], [-8.7880297, 41.5824712], [-8.7881067, 41.58292], [-8.7881146, 41.5830415], [-8.7880769, 41.5831992], [-8.7879919, 41.5833518], [-8.7876549, 41.5837633], [-8.7873492, 41.5841561], [-8.7872419, 41.5843206], [-8.7871708, 41.5844447], [-8.787004, 41.5847898], [-8.7867675, 41.5852543], [-8.7867039, 41.5854144], [-8.7866637, 41.585545], [-8.7866425, 41.5857079], [-8.7866296, 41.5858073], [-8.786466, 41.5870517], [-8.786451, 41.5871455], [-8.7864151, 41.5874466], [-8.7863718, 41.5877465], [-8.7863333, 41.5880557], [-8.7862717, 41.5885299], [-8.7862641, 41.5885901], [-8.7862535, 41.5886732]]}, "properties": {"highway": "primary", "name": "Avenida de Belinho", "oneway": "no", "ref": "EN 13", "surface": "asphalt"}}, {"type": "Feature", "geometry": {"type": "LineString", "coordinates": [[-8.8622078, 41.7737017], [-8.8622061, 41.7737989]]}, "properties": {"highway": "primary", "oneway": "no", "ref": "EN 13"}}, {"type": "Feature", "geometry": {"type": "LineString", "coordinates": [[-8.8622103, 41.7735657], [-8.8622078, 41.7737017]]}, "properties": {"bridge": "yes", "highway": "primary", "layer": "1", "oneway": "no", "ref": "EN 13", "source": "Bing"}}, {"type": "Feature", "geometry": {"type": "LineString", "coordinates": [[-8.8651895, 41.7444653], [-8.8654613, 41.7449846], [-8.8655402, 41.7451743], [-8.8657904, 41.7458295], [-8.8660926, 41.7469174], [-8.8661496, 41.7471197], [-8.8667691, 41.7493169], [-8.8669332, 41.7499113], [-8.8670306, 41.750264], [-8.8671478, 41.7508597], [-8.8671905, 41.7513383], [-8.8671951, 41.7513904], [-8.8671406, 41.7519255], [-8.8670454, 41.7523771], [-8.866793, 41.753228], [-8.8667795, 41.7532695], [-8.8667523, 41.7533533], [-8.8660359, 41.7555567], [-8.865948, 41.755827], [-8.8656228, 41.7568573]]}, "properties": {"highway": "primary", "oneway": "no", "ref": "EN 13", "surface": "asphalt"}}, {"type": "Feature", "geometry": {"type": "LineString", "coordinates": [[-8.8582977, 41.7193643], [-8.8585669, 41.7198298], [-8.8586392, 41.7199549], [-8.8589617, 41.7205125], [-8.8593076, 41.7212239], [-8.8594141, 41.7215864], [-8.8594681, 41.7217949], [-8.8595063, 41.7220289], [-8.859557, 41.722437], [-8.8595805, 41.7227516], [-8.85961, 41.7231476]]}, "properties": {"highway": "primary", "lanes": "2", "name": "Avenida do Meio", "oneway": "no", "ref": "EN 13", "smoothness": "good", "surface": "asphalt"}}, {"type": "Feature", "geometry": {"type": "LineString", "coordinates": [[-8.8581419, 41.7190925], [-8.8582977, 41.7193643]]}, "properties": {"bridge": "yes", "highway": "primary", "layer": "1", "maxweight:signed": "no", "name": "Avenida do Meio", "oneway": "no", "ref": "EN 13", "surface": "asphalt"}}, {"type": "Feature", "geometry": {"type": "LineString", "coordinates": [[-8.7597316, 41.3789268], [-8.7597986, 41.3790069], [-8.7599113, 41.3791377], [-8.7600585, 41.3793114]]}, "properties": {"bicycle": "yes", "cycleway": "no", "foot": "yes", "highway": "primary", "lanes": "2", "name": "Pra\u00e7a do Almada", "oneway": "no", "ref": "EN 13", "surface": "asphalt"}}, {"type": "Feature", "geometry": {"type": "LineString", "coordinates": [[-8.7449738, 41.3604155], [-8.7449345, 41.3603434], [-8.7448612, 41.3602879]]}, "properties": {"highway": "primary", "junction": "roundabout", "lane_markings": "no", "ref": "EN 13", "source": "bing", "surface": "asphalt"}}, {"type": "Feature", "geometry": {"type": "LineString", "coordinates": [[-8.7358095, 41.343142], [-8.7356892, 41.3429647], [-8.7355438, 41.3427953], [-8.735441, 41.3427069], [-8.7353848, 41.3426586], [-8.7351997, 41.3425207], [-8.734847, 41.3422679]]}, "properties": {"highway": "primary", "maxspeed": "50", "name": "Avenida Mouzinho de Albuquerque", "oneway": "yes", "ref": "EN 13", "surface": "asphalt"}}, {"type": "Feature", "geometry": {"type": "LineString", "coordinates": [[-8.7444522, 41.3604135], [-8.7444517, 41.3604917], [-8.7444908, 41.3605634], [-8.744564, 41.360619], [-8.7446593, 41.3606491]]}, "properties": {"highway": "primary", "junction": "roundabout", "lane_markings": "no", "ref": "EN 13", "source": "bing", "surface": "asphalt"}}, {"type": "Feature", "geometry": {"type": "LineString", "coordinates": [[-8.7340383, 41.3416769], [-8.73399, 41.3416971], [-8.7339538, 41.3417182], [-8.7339283, 41.3417504], [-8.733909, 41.3417957]]}, "properties": {"highway": "primary", "junction": "roundabout", "maxspeed": "50", "ref": "EN 13", "surface": "asphalt"}}, {"type": "Feature", "geometry": {"type": "LineString", "coordinates": [[-8.7447625, 41.3606496], [-8.7448593, 41.3606201], [-8.744933, 41.3605654]]}, "properties": {"highway": "primary", "junction": "roundabout", "lane_markings": "no", "ref": "EN 13", "source": "bing", "surface": "asphalt"}}, {"type": "Feature", "geometry": {"type": "LineString", "coordinates": [[-8.732952, 41.3411052], [-8.7330862, 41.3412249], [-8.7337507, 41.3416673], [-8.733909, 41.3417957]]}, "properties": {"highway": "primary", "lanes": "1", "maxspeed": "50", "oneway": "yes", "ref": "EN 13", "surface": "asphalt"}}, {"type": "Feature", "geometry": {"type": "LineString", "coordinates": [[-8.7299115, 41.3393257], [-8.7297578, 41.3391298]]}, "properties": {"highway": "primary", "lanes": "1", "maxspeed": "50", "oneway": "yes", "ref": "EN 13", "surface": "asphalt"}}, {"type": "Feature", "geometry": {"type": "LineString", "coordinates": [[-8.729134, 41.3388842], [-8.7292779, 41.3390835]]}, "properties": {"highway": "primary", "lanes": "1", "maxspeed": "50", "oneway": "yes", "ref": "EN 13", "surface": "asphalt"}}, {"type": "Feature", "geometry": {"type": "LineString", "coordinates": [[-8.7189616, 41.330089], [-8.718971, 41.3298906]]}, "properties": {"highway": "primary", "maxspeed": "50", "oneway": "yes", "ref": "EN 13", "surface": "asphalt"}}, {"type": "Feature", "geometry": {"type": "LineString", "coordinates": [[-8.7148, 41.3236889], [-8.714805, 41.3237687], [-8.7148716, 41.323866], [-8.7158406, 41.3253494], [-8.716397, 41.3262183], [-8.7164955, 41.3262883]]}, "properties": {"highway": "primary", "name": "Avenida 1\u00ba de Maio", "oneway": "yes", "ref": "EN 13", "surface": "asphalt"}}, {"type": "Feature", "geometry": {"type": "LineString", "coordinates": [[-8.711425, 41.3192707], [-8.7114908, 41.3192501], [-8.7115454, 41.3192158], [-8.7115841, 41.3191709]]}, "properties": {"highway": "primary", "junction": "roundabout", "lanes": "2", "ref": "EN 13", "surface": "asphalt"}}, {"type": "Feature", "geometry": {"type": "LineString", "coordinates": [[-8.7022692, 41.3050191], [-8.7023398, 41.3050169], [-8.7024065, 41.3049994], [-8.7024636, 41.3049681], [-8.7025061, 41.3049257]]}, "properties": {"highway": "primary", "junction": "roundabout", "lanes": "2", "lit": "no", "maxspeed": "50", "ref": "EN 13", "source": "bing", "surface": "asphalt"}}, {"type": "Feature", "geometry": {"type": "LineString", "coordinates": [[-8.6225145, 41.1829786], [-8.6225583, 41.1830603], [-8.6226699, 41.183267], [-8.6228072, 41.1834802], [-8.6233708, 41.1843477]]}, "properties": {"highway": "trunk", "lanes": "3", "maxspeed": "90", "name": "Via Norte", "oneway": "yes", "ref": "EN 14;EN 13", "surface": "asphalt", "turn:lanes": "none|none|merge_to_left"}}, {"type": "Feature", "geometry": {"type": "LineString", "coordinates": [[-8.7550245, 41.9238291], [-8.7551334, 41.9237331], [-8.7555625, 41.9233091], [-8.7557289, 41.9231355]]}, "properties": {"highway": "primary", "maxspeed": "50", "oneway": "yes", "ref": "EN 13"}}, {"type": "Feature", "geometry": {"type": "LineString", "coordinates": [[-8.7547712, 41.9238595], [-8.7547281, 41.9239894], [-8.7546969, 41.9240552], [-8.7546086, 41.9242364], [-8.7541598, 41.9249007], [-8.7536464, 41.9257307], [-8.7535353, 41.9259161], [-8.7527785, 41.9271572], [-8.7523781, 41.9278111], [-8.7514795, 41.929291], [-8.7510853, 41.9298947], [-8.7505563, 41.9308168], [-8.7499872, 41.931767], [-8.7496117, 41.9323651], [-8.7494086, 41.9326841], [-8.7489517, 41.9333349], [-8.7482484, 41.9343119]]}, "properties": {"highway": "primary", "lanes": "2", "name": "Rua de Santa Marinha", "oneway": "yes", "ref": "EN 13", "source": "Bing", "surface": "asphalt"}}, {"type": "Feature", "geometry": {"type": "LineString", "coordinates": [[-8.7482926, 41.9343319], [-8.7484028, 41.9341784]]}, "properties": {"highway": "primary", "maxspeed": "50", "name": "Rua de Santa Marinha", "oneway": "yes", "ref": "EN 13", "source": "Bing", "surface": "asphalt"}}, {"type": "Feature", "geometry": {"type": "LineString", "coordinates": [[-8.7842728, 41.6782398], [-8.7842181, 41.6780619], [-8.7841511, 41.6779473], [-8.7841352, 41.6778977]]}, "properties": {"highway": "primary", "lanes": "1", "lit": "yes", "maxspeed": "50", "oneway": "yes", "ref": "EN 13", "surface": "asphalt"}}, {"type": "Feature", "geometry": {"type": "LineString", "coordinates": [[-8.7839987, 41.677479], [-8.7840044, 41.6776343], [-8.7839619, 41.6777216], [-8.7839183, 41.6777669]]}, "properties": {"highway": "primary", "lanes": "1", "lit": "yes", "maxspeed": "50", "oneway": "yes", "ref": "EN 13", "surface": "asphalt"}}, {"type": "Feature", "geometry": {"type": "LineString", "coordinates": [[-8.8129605, 41.6884577], [-8.8128391, 41.688313], [-8.8127794, 41.6882119], [-8.8127554, 41.6881075], [-8.8127673, 41.6880272], [-8.8127884, 41.6879682]]}, "properties": {"highway": "primary", "lane_markings": "no", "oneway": "yes", "ref": "EN 13", "surface": "asphalt"}}, {"type": "Feature", "geometry": {"type": "LineString", "coordinates": [[-8.8124454, 41.6873251], [-8.8124069, 41.6874976], [-8.8124095, 41.6875581], [-8.8124381, 41.6876483], [-8.812456, 41.6877315], [-8.8124626, 41.6877946]]}, "properties": {"highway": "primary", "lane_markings": "no", "name": "Avenida Paulo VI", "oneway": "yes", "ref": "EN 13", "surface": "asphalt"}}, {"type": "Feature", "geometry": {"type": "LineString", "coordinates": [[-8.8124556, 41.687886], [-8.8124696, 41.6879151], [-8.812491, 41.6879416], [-8.812519, 41.6879644], [-8.8125526, 41.6879825], [-8.8125907, 41.6879954], [-8.8126316, 41.6880023], [-8.8126735, 41.6880029], [-8.8127147, 41.6879973], [-8.8127535, 41.6879855], [-8.8127884, 41.6879682], [-8.8128183, 41.6879455], [-8.8128414, 41.6879188], [-8.8128567, 41.6878891], [-8.8128635, 41.6878576], [-8.8128616, 41.6878258], [-8.8128516, 41.6877962], [-8.812834, 41.6877687], [-8.8128095, 41.6877442], [-8.812779, 41.6877239], [-8.8127438, 41.6877084], [-8.8127052, 41.6876983], [-8.8126691, 41.6876943], [-8.8126326, 41.6876951], [-8.8125884, 41.6877027], [-8.8125474, 41.6877173], [-8.8125117, 41.6877382], [-8.812483, 41.6877644], [-8.8124626, 41.6877946], [-8.812452, 41.6878245], [-8.8124497, 41.6878554], [-8.8124556, 41.687886]]}, "properties": {"highway": "primary", "junction": "roundabout", "lanes": "2", "ref": "EN 13", "surface": "asphalt"}}, {"type": "Feature", "geometry": {"type": "LineString", "coordinates": [[-8.8126326, 41.6876951], [-8.8125704, 41.6876643], [-8.8125022, 41.6876186], [-8.8124645, 41.6875608], [-8.8124555, 41.6874951], [-8.8124454, 41.6873251]]}, "properties": {"highway": "primary", "lane_markings": "no", "name": "Avenida Paulo VI", "oneway": "yes", "ref": "EN 13", "surface": "asphalt"}}, {"type": "Feature", "geometry": {"type": "LineString", "coordinates": [[-8.767817, 41.510018], [-8.7680196, 41.5101636], [-8.7680856, 41.5102002], [-8.7682513, 41.5102569], [-8.7686193, 41.5103536], [-8.7695534, 41.5105493], [-8.7698298, 41.5106044], [-8.7698841, 41.5106202], [-8.7709931, 41.5108614], [-8.7710561, 41.5108758], [-8.7715455, 41.5109902], [-8.7717575, 41.5110456], [-8.7719211, 41.5111259], [-8.7721607, 41.5112957], [-8.7722651, 41.5113825], [-8.7724675, 41.5115606], [-8.7729994, 41.5119975], [-8.7732686, 41.5122327]]}, "properties": {"highway": "primary", "lanes": "2", "name": "Avenida Visconde de S\u00e3o Janu\u00e1rio", "oneway": "no", "postal_code": "4740-325", "ref": "EN 13", "smoothness": "good", "source": "bing", "surface": "asphalt"}}, {"type": "Feature", "geometry": {"type": "LineString", "coordinates": [[-8.7557289, 41.9231355], [-8.755579, 41.923244]]}, "properties": {"highway": "primary", "oneway": "yes", "ref": "EN 13"}}, {"type": "Feature", "geometry": {"type": "LineString", "coordinates": [[-8.6376462, 42.0024007], [-8.6374891, 42.0032372]]}, "properties": {"highway": "primary", "ref": "EN 13"}}, {"type": "Feature", "geometry": {"type": "LineString", "coordinates": [[-8.6374891, 42.0032372], [-8.6373685, 42.0034628]]}, "properties": {"highway": "primary", "lanes": "1", "oneway": "yes", "ref": "EN 13", "source": "bing"}}, {"type": "Feature", "geometry": {"type": "LineString", "coordinates": [[-8.6375035, 42.0034739], [-8.6374617, 42.0034568], [-8.6374143, 42.0034529], [-8.6373685, 42.0034628]]}, "properties": {"highway": "primary", "junction": "roundabout", "lanes": "2", "ref": "EN 13", "source": "bing"}}, {"type": "Feature", "geometry": {"type": "LineString", "coordinates": [[-8.8068922, 41.6805321], [-8.8067837, 41.6805236], [-8.8066441, 41.680508]]}, "properties": {"highway": "primary", "lanes": "1", "oneway": "yes", "ref": "EN 13", "surface": "asphalt"}}, {"type": "Feature", "geometry": {"type": "LineString", "coordinates": [[-8.807139, 41.6808635], [-8.807099, 41.6807359], [-8.8070877, 41.6806473]]}, "properties": {"highway": "primary", "lanes": "1", "oneway": "yes", "ref": "EN 13", "surface": "asphalt"}}, {"type": "Feature", "geometry": {"type": "LineString", "coordinates": [[-8.6859744, 41.9713278], [-8.6859709, 41.9713536], [-8.6859803, 41.9714006], [-8.6860091, 41.971443], [-8.6860545, 41.9714764], [-8.6861116, 41.9714976], [-8.686145, 41.9715031], [-8.6861792, 41.9715042], [-8.6862428, 41.9714945], [-8.6862988, 41.9714701], [-8.6863414, 41.9714337], [-8.6863597, 41.9714055], [-8.6863711, 41.9713624], [-8.6863651, 41.9713187], [-8.6863423, 41.9712782], [-8.6863045, 41.9712445], [-8.6862615, 41.9712226], [-8.6862123, 41.9712098], [-8.6861603, 41.9712068], [-8.6861038, 41.9712153], [-8.6860529, 41.9712353], [-8.6860118, 41.9712653], [-8.6859839, 41.9713028], [-8.6859744, 41.9713278]]}, "properties": {"highway": "primary", "junction": "roundabout", "ref": "EN 13"}}, {"type": "Feature", "geometry": {"type": "LineString", "coordinates": [[-8.6852703, 41.9719505], [-8.685005, 41.972211], [-8.684796, 41.972483], [-8.684615, 41.972781], [-8.683951, 41.97416], [-8.6838336, 41.9743549], [-8.683698, 41.974563], [-8.683478, 41.974811], [-8.6832566, 41.9750075], [-8.683102, 41.9751147], [-8.682921, 41.97524], [-8.6824574, 41.9754422], [-8.681692, 41.9757518], [-8.6814734, 41.9758402], [-8.6780416, 41.9772046], [-8.6778036, 41.9772962], [-8.6767527, 41.9777113], [-8.6749144, 41.978445], [-8.673605, 41.97899], [-8.6722917, 41.9795013], [-8.6684017, 41.9810584], [-8.667492, 41.9814137], [-8.66627, 41.9818987], [-8.6660724, 41.9819729], [-8.6654683, 41.9822386], [-8.664161, 41.982918], [-8.663768, 41.98309], [-8.663358, 41.983223], [-8.6629311, 41.9833101], [-8.662133, 41.983473], [-8.66173, 41.983578], [-8.661535, 41.983645], [-8.6610586, 41.9838645]]}, "properties": {"highway": "primary", "oneway": "no", "ref": "EN 13", "sidewalk": "no", "surface": "asphalt"}}, {"type": "Feature", "geometry": {"type": "LineString", "coordinates": [[-8.6938448, 41.9704566], [-8.6937199, 41.9704438], [-8.6934526, 41.9703344], [-8.693185, 41.9702493], [-8.6929162, 41.9701763], [-8.6926332, 41.9701127], [-8.6923187, 41.9700522], [-8.6920039, 41.9700099], [-8.6916822, 41.9699852], [-8.6913082, 41.9699885], [-8.6910912, 41.9700048], [-8.6908956, 41.970027], [-8.6906067, 41.9700789], [-8.6903474, 41.9701367], [-8.6901786, 41.9701848], [-8.6896512, 41.9703436], [-8.6868374, 41.9711518], [-8.6865202, 41.9712326], [-8.6863815, 41.9712393], [-8.6863045, 41.9712445]]}, "properties": {"highway": "primary", "oneway": "yes", "ref": "EN 13"}}, {"type": "Feature", "geometry": {"type": "LineString", "coordinates": [[-8.6859709, 41.9713536], [-8.6858501, 41.9714917], [-8.6856123, 41.9716702], [-8.6852703, 41.9719505]]}, "properties": {"highway": "primary", "oneway": "yes", "ref": "EN 13"}}, {"type": "Feature", "geometry": {"type": "LineString", "coordinates": [[-8.6852703, 41.9719505], [-8.6856581, 41.9717026], [-8.6859193, 41.9715534], [-8.6860539, 41.9715029], [-8.6861116, 41.9714976]]}, "properties": {"highway": "primary", "lanes": "1", "oneway": "yes", "ref": "EN 13", "surface": "asphalt"}}, {"type": "Feature", "geometry": {"type": "LineString", "coordinates": [[-8.7925994, 41.6832952], [-8.7934965, 41.6834004]]}, "properties": {"highway": "primary", "lanes": "2", "maxspeed": "60", "oneway": "no", "ref": "EN 13", "surface": "asphalt"}}, {"type": "Feature", "geometry": {"type": "LineString", "coordinates": [[-8.7768496, 41.5329859], [-8.7768877, 41.5330396]]}, "properties": {"highway": "primary", "lanes": "2", "name": "Avenida 19 de Agosto", "oneway": "no", "postal_code": "4740-209", "ref": "EN 13", "surface": "asphalt"}}, {"type": "Feature", "geometry": {"type": "LineString", "coordinates": [[-8.7768877, 41.5330396], [-8.7769879, 41.5331771]]}, "properties": {"highway": "primary", "lanes": "2", "name": "Avenida 19 de Agosto", "oneway": "no", "postal_code": "4740-209", "ref": "EN 13", "surface": "asphalt"}}, {"type": "Feature", "geometry": {"type": "LineString", "coordinates": [[-8.7767487, 41.5328485], [-8.7768496, 41.5329859]]}, "properties": {"highway": "primary", "lanes": "2", "name": "Avenida 19 de Agosto", "oneway": "no", "postal_code": "4740-209", "ref": "EN 13", "surface": "asphalt"}}, {"type": "Feature", "geometry": {"type": "LineString", "coordinates": [[-8.7769879, 41.5331771], [-8.7783607, 41.5350397], [-8.7784665, 41.5351832], [-8.7798467, 41.5370887], [-8.7802672, 41.5376501], [-8.7804998, 41.5379803], [-8.7805287, 41.5380213], [-8.7805577, 41.5380624], [-8.7806155, 41.5381445]]}, "properties": {"highway": "primary", "lanes": "2", "name": "Avenida 19 de Agosto", "oneway": "no", "postal_code": "4740-209", "ref": "EN 13", "smoothness": "good", "surface": "asphalt"}}, {"type": "Feature", "geometry": {"type": "LineString", "coordinates": [[-8.7934965, 41.6834004], [-8.7940747, 41.6834772], [-8.7943609, 41.6834811], [-8.7946075, 41.683456], [-8.7948478, 41.6833887], [-8.7968204, 41.682764], [-8.7971344, 41.6826674], [-8.7973138, 41.6826083], [-8.7979004, 41.6824186], [-8.7988962, 41.682105], [-8.7995549, 41.6818972], [-8.8004717, 41.6815977], [-8.8009814, 41.6814308], [-8.801796, 41.6811641], [-8.8023563, 41.6809807], [-8.8024223, 41.680956], [-8.8026026, 41.6808964], [-8.8028974, 41.680806], [-8.8039129, 41.6805006], [-8.8042922, 41.680392], [-8.8046821, 41.6802934], [-8.804832, 41.6802673], [-8.8049712, 41.6802512], [-8.8052907, 41.6802308], [-8.8055373, 41.6802334], [-8.8057836, 41.6802617], [-8.8059352, 41.6802939], [-8.8061449, 41.6803491], [-8.8063327, 41.6804089], [-8.8065204, 41.6804667], [-8.8066441, 41.680508]]}, "properties": {"highway": "primary", "lanes": "2", "maxspeed": "60", "oneway": "no", "ref": "EN 13", "surface": "asphalt"}}, {"type": "Feature", "geometry": {"type": "LineString", "coordinates": [[-8.8107167, 41.6839228], [-8.811315, 41.6845632], [-8.8117362, 41.6850313], [-8.8118399, 41.6851473], [-8.8125033, 41.6858879], [-8.8125411, 41.6859351], [-8.8125895, 41.6860063], [-8.8126283, 41.6860914], [-8.8126691, 41.6862148], [-8.8126914, 41.6863418]]}, "properties": {"highway": "primary", "maxspeed": "60", "name": "Avenida Paulo VI", "oneway": "no", "ref": "EN 13", "surface": "asphalt"}}, {"type": "Feature", "geometry": {"type": "LineString", "coordinates": [[-8.807139, 41.6808635], [-8.8079977, 41.6815965], [-8.8081829, 41.6817531], [-8.8085082, 41.6820311], [-8.8087004, 41.6822047], [-8.8088864, 41.6823619], [-8.8107167, 41.6839228]]}, "properties": {"highway": "primary", "lanes": "2", "maxspeed": "60", "oneway": "no", "ref": "EN 13", "surface": "asphalt"}}, {"type": "Feature", "geometry": {"type": "LineString", "coordinates": [[-8.8066441, 41.680508], [-8.8067812, 41.6805932], [-8.8068464, 41.6806685]]}, "properties": {"highway": "primary", "lanes": "1", "oneway": "yes", "ref": "EN 13", "surface": "asphalt"}}, {"type": "Feature", "geometry": {"type": "LineString", "coordinates": [[-8.7849223, 41.6808379], [-8.7849364, 41.6808768], [-8.7849651, 41.6809108], [-8.785006, 41.680937], [-8.7850405, 41.6809496], [-8.7850778, 41.6809565], [-8.7851336, 41.6809558], [-8.7851865, 41.6809425], [-8.7852314, 41.6809177], [-8.7852642, 41.680884], [-8.7852817, 41.6808444], [-8.7852831, 41.6808076], [-8.7852712, 41.6807718], [-8.7852468, 41.6807398], [-8.7852036, 41.6807095], [-8.7851498, 41.6806912], [-8.7850909, 41.6806869], [-8.7850332, 41.6806969], [-8.784983, 41.6807202], [-8.7849598, 41.6807385], [-8.7849415, 41.6807597], [-8.784924, 41.6807977], [-8.7849223, 41.6808379]]}, "properties": {"highway": "primary", "junction": "roundabout", "lanes": "1", "maxspeed": "90", "ref": "EN 13", "surface": "asphalt"}}, {"type": "Feature", "geometry": {"type": "LineString", "coordinates": [[-8.7903544, 41.6829707], [-8.7921199, 41.6832245], [-8.792346, 41.6832578]]}, "properties": {"highway": "primary", "lanes": "2", "maxspeed": "60", "oneway": "no", "ref": "EN 13", "surface": "asphalt"}}, {"type": "Feature", "geometry": {"type": "LineString", "coordinates": [[-8.792346, 41.6832578], [-8.7924479, 41.6832728], [-8.7925994, 41.6832952]]}, "properties": {"highway": "primary", "lanes": "2", "maxspeed": "60", "oneway": "no", "ref": "EN 13", "surface": "asphalt"}}, {"type": "Feature", "geometry": {"type": "LineString", "coordinates": [[-8.6485164, 41.245196], [-8.648451, 41.2447409], [-8.6484081, 41.2444522]]}, "properties": {"highway": "primary", "lanes": "3", "lanes:backward": "1", "lanes:forward": "2", "name": "Rua Conselheiro Lu\u00eds Magalh\u00e3es", "oneway": "no", "ref": "EN 13", "surface": "asphalt"}}, {"type": "Feature", "geometry": {"type": "LineString", "coordinates": [[-8.7166736, 41.3265541], [-8.7166871, 41.3266516], [-8.7167956, 41.3268184], [-8.7178122, 41.3283817], [-8.7179107, 41.328544], [-8.7182008, 41.3289894], [-8.718426, 41.3293329], [-8.7185504, 41.3295373], [-8.7185626, 41.3296112], [-8.718557, 41.3296937]]}, "properties": {"highway": "primary", "maxspeed": "50", "name": "Avenida 1\u00ba de Maio", "oneway": "yes", "ref": "EN 13", "surface": "asphalt"}}, {"type": "Feature", "geometry": {"type": "LineString", "coordinates": [[-8.8290714, 41.6970123], [-8.8286455, 41.6971568], [-8.8283509, 41.6972515], [-8.8280645, 41.697333], [-8.8278655, 41.6973798], [-8.8276608, 41.6974206], [-8.8274712, 41.6974588], [-8.8272896, 41.6974858], [-8.8270716, 41.6975062], [-8.8267998, 41.6975227], [-8.8266332, 41.6975292], [-8.8263688, 41.697533], [-8.8260963, 41.6975288], [-8.8258726, 41.6975138], [-8.8256447, 41.6974901], [-8.8254016, 41.6974553], [-8.8251421, 41.6974095], [-8.8249092, 41.6973591], [-8.8246787, 41.697302], [-8.824441, 41.6972282], [-8.824231, 41.6971579], [-8.8240631, 41.697083]]}, "properties": {"highway": "primary", "lanes": "2", "lit": "yes", "maxspeed": "50", "name": "Avenida 25 de Abril", "name:etymology:wikidata": "Q193245", "oneway": "no", "ref": "EN 13", "surface": "asphalt"}}, {"type": "Feature", "geometry": {"type": "LineString", "coordinates": [[-8.6863597, 41.9714055], [-8.6864365, 41.9713451], [-8.6865835, 41.9712666], [-8.6868543, 41.9711869], [-8.6896616, 41.9703902], [-8.6902522, 41.9702172], [-8.6905511, 41.970146], [-8.6908492, 41.9700862], [-8.6910571, 41.9700573], [-8.6912772, 41.9700362], [-8.6914963, 41.9700307], [-8.69172, 41.9700336], [-8.6919891, 41.9700629], [-8.692301, 41.9701058], [-8.6925828, 41.9701626], [-8.6928912, 41.9702312], [-8.693175, 41.9703083], [-8.6934435, 41.9703926], [-8.6937762, 41.9705398], [-8.6938247, 41.970562]]}, "properties": {"highway": "primary", "lanes": "1", "oneway": "yes", "ref": "EN 13", "surface": "asphalt"}}, {"type": "Feature", "geometry": {"type": "LineString", "coordinates": [[-8.6940583, 41.9705384], [-8.6940596, 41.9705074], [-8.6940471, 41.9704779], [-8.6940306, 41.9704595], [-8.6940087, 41.9704446], [-8.6939827, 41.970434], [-8.6939454, 41.9704275], [-8.6939071, 41.9704297], [-8.6938716, 41.9704405], [-8.6938448, 41.9704566], [-8.6938234, 41.9704799], [-8.6938124, 41.9705069], [-8.6938128, 41.9705352], [-8.6938247, 41.970562], [-8.6938427, 41.9705816], [-8.6938668, 41.9705972], [-8.6939032, 41.9706095], [-8.6939429, 41.9706126], [-8.693982, 41.9706062], [-8.6940164, 41.9705909], [-8.6940433, 41.9705673], [-8.6940583, 41.9705384]]}, "properties": {"highway": "primary", "junction": "roundabout", "ref": "EN 13", "surface": "asphalt"}}, {"type": "Feature", "geometry": {"type": "LineString", "coordinates": [[-8.7823754, 41.5460842], [-8.7824371, 41.5460959], [-8.7825005, 41.5460914], [-8.7825582, 41.5460713], [-8.7826002, 41.5460413], [-8.7826279, 41.5460031], [-8.7826386, 41.5459604], [-8.7826335, 41.5459233], [-8.7826155, 41.5458884], [-8.7825858, 41.5458584], [-8.7825398, 41.5458325], [-8.7824928, 41.5458194], [-8.7824428, 41.5458161], [-8.7823935, 41.5458228], [-8.7823483, 41.5458391]]}, "properties": {"highway": "primary", "junction": "roundabout", "lane_markings": "no", "lit": "yes", "name": "Avenida 19 de Agosto", "postal_code": "4740-575", "ref": "EN 13", "surface": "asphalt"}}, {"type": "Feature", "geometry": {"type": "LineString", "coordinates": [[-8.7832569, 41.5564623], [-8.7832858, 41.5567988], [-8.7833555, 41.5576161], [-8.783387, 41.5579256], [-8.7834491, 41.5586325], [-8.7834705, 41.5588673], [-8.7834733, 41.5588968], [-8.7834956, 41.5591309], [-8.7835067, 41.5592467], [-8.7835393, 41.5595898], [-8.783545, 41.5596248], [-8.783554, 41.5596681], [-8.7835697, 41.5597313], [-8.7835999, 41.5598194], [-8.7836509, 41.5599294], [-8.7839753, 41.5604715], [-8.784591, 41.561459], [-8.7853481, 41.5626864], [-8.7860968, 41.5639037], [-8.7864771, 41.5645177], [-8.7866902, 41.5648617]]}, "properties": {"highway": "primary", "lanes": "2", "lit": "yes", "name": "Avenida 19 de Agosto", "oneway": "no", "postal_code": "4740-575", "ref": "EN 13", "surface": "asphalt"}}, {"type": "Feature", "geometry": {"type": "LineString", "coordinates": [[-8.7820134, 41.5407026], [-8.7820379, 41.5408264], [-8.7820768, 41.5412637], [-8.782176, 41.542565], [-8.7822277, 41.5432344], [-8.7822402, 41.5433965], [-8.7822656, 41.5437309], [-8.7823314, 41.5445523], [-8.78239, 41.5452841], [-8.7824156, 41.5456149]]}, "properties": {"highway": "primary", "lanes": "2", "lit": "yes", "name": "Avenida 19 de Agosto", "oneway": "no", "postal_code": "4740-575", "ref": "EN 13", "surface": "asphalt"}}, {"type": "Feature", "geometry": {"type": "LineString", "coordinates": [[-8.7819221, 41.5403412], [-8.7819475, 41.5404387], [-8.7820134, 41.5407026]]}, "properties": {"highway": "primary", "lanes": "2", "name": "Avenida 19 de Agosto", "oneway": "no", "postal_code": "4740-575", "ref": "EN 13", "surface": "asphalt"}}, {"type": "Feature", "geometry": {"type": "LineString", "coordinates": [[-8.6269352, 41.2173282], [-8.6269142, 41.2180469], [-8.6268854, 41.2190723]]}, "properties": {"highway": "trunk", "lanes": "2", "maxspeed": "70", "name": "Via Norte", "oneway": "yes", "ref": "EN 14;EN 13", "surface": "asphalt"}}, {"type": "Feature", "geometry": {"type": "LineString", "coordinates": [[-8.6557677, 41.2569578], [-8.6554806, 41.2567527], [-8.6551508, 41.2565072], [-8.6549318, 41.2563035], [-8.6548529, 41.2562003], [-8.654733, 41.2560725], [-8.6545954, 41.2558938], [-8.6544979, 41.255742], [-8.6544178, 41.2555885], [-8.6543179, 41.2553573], [-8.6541456, 41.25499], [-8.6541128, 41.2549219], [-8.6540933, 41.2548812], [-8.654084, 41.2548135], [-8.6540974, 41.2547617], [-8.6541143, 41.2547178]]}, "properties": {"highway": "primary", "lanes": "2", "maxspeed": "50", "maxspeed:type": "sign", "name": "Rua Conselheiro Lu\u00eds Magalh\u00e3es", "oneway": "yes", "ref": "EN 13", "surface": "asphalt"}}, {"type": "Feature", "geometry": {"type": "LineString", "coordinates": [[-8.6538844, 41.2547683], [-8.6539515, 41.2548135], [-8.653997, 41.2548633], [-8.6540324, 41.2549333], [-8.654036, 41.2549419], [-8.6540667, 41.2550139], [-8.6541216, 41.2551319], [-8.6542443, 41.2553947], [-8.6543459, 41.2556135], [-8.6544572, 41.2558429], [-8.6545303, 41.2559775], [-8.654588, 41.2560697], [-8.6546792, 41.256198], [-8.6547703, 41.2563082], [-8.6548832, 41.2564304], [-8.6550364, 41.2565603], [-8.6551975, 41.2566749]]}, "properties": {"highway": "primary", "lanes": "2", "maxspeed": "50", "maxspeed:type": "sign", "name": "Rua Conselheiro Lu\u00eds Magalh\u00e3es", "oneway": "yes", "ref": "EN 13", "surface": "asphalt"}}, {"type": "Feature", "geometry": {"type": "LineString", "coordinates": [[-8.6373755, 42.0039558], [-8.6374189, 42.0038065], [-8.6374407, 42.0037312], [-8.6374813, 42.003624]]}, "properties": {"highway": "primary", "lanes": "1", "oneway": "yes", "ref": "EN 13", "source": "bing"}}, {"type": "Feature", "geometry": {"type": "LineString", "coordinates": [[-8.7816491, 41.5400215], [-8.7817544, 41.5400263], [-8.7818406, 41.5400044], [-8.781909, 41.5399595]]}, "properties": {"highway": "primary", "junction": "roundabout", "lane_markings": "no", "lit": "yes", "name": "Avenida 19 de Agosto", "postal_code": "4740-209", "ref": "EN 13", "surface": "asphalt"}}, {"type": "Feature", "geometry": {"type": "LineString", "coordinates": [[-8.781909, 41.5399595], [-8.7819305, 41.5399299], [-8.7819371, 41.5398941], [-8.7819409, 41.5398186], [-8.7819191, 41.5397483]]}, "properties": {"highway": "primary", "junction": "roundabout", "lanes": "2", "lit": "yes", "name": "Avenida 19 de Agosto", "postal_code": "4740-209", "ref": "EN 13", "smoothness": "good", "surface": "asphalt"}}, {"type": "Feature", "geometry": {"type": "LineString", "coordinates": [[-8.7814826, 41.5396386], [-8.7814484, 41.5396995]]}, "properties": {"highway": "primary", "junction": "roundabout", "lane_markings": "no", "lit": "yes", "name": "Avenida 19 de Agosto", "postal_code": "4740-209", "ref": "EN 13", "surface": "asphalt"}}, {"type": "Feature", "geometry": {"type": "LineString", "coordinates": [[-8.7855708, 41.6817764], [-8.78566, 41.6820578], [-8.7856912, 41.6821305], [-8.7857421, 41.6821933], [-8.7858187, 41.6822593], [-8.7859005, 41.6823073], [-8.7860093, 41.6823508], [-8.7861462, 41.6823768], [-8.7866003, 41.6824398], [-8.7876717, 41.6825883], [-8.7883095, 41.6826767], [-8.7884764, 41.6827028], [-8.7885773, 41.6827187], [-8.7887016, 41.6827377], [-8.7903544, 41.6829707]]}, "properties": {"highway": "primary", "lanes": "2", "maxspeed": "60", "oneway": "no", "ref": "EN 13", "surface": "asphalt"}}, {"type": "Feature", "geometry": {"type": "LineString", "coordinates": [[-8.7848176, 41.6797391], [-8.7850467, 41.6804587], [-8.7850531, 41.6805566], [-8.7850387, 41.6806275], [-8.7850089, 41.6806813], [-8.784983, 41.6807202]]}, "properties": {"highway": "primary", "lane_markings": "no", "lit": "yes", "maxspeed": "50", "oneway": "yes", "ref": "EN 13", "surface": "asphalt"}}, {"type": "Feature", "geometry": {"type": "LineString", "coordinates": [[-8.7850778, 41.6809565], [-8.785193, 41.6809974], [-8.7852722, 41.6810558], [-8.7853077, 41.6811112], [-8.7853915, 41.6813821], [-8.7855708, 41.6817764]]}, "properties": {"destination": "Viana do Castelo", "highway": "primary", "lanes": "1", "lit": "yes", "maxspeed": "50", "oneway": "yes", "ref": "EN 13", "surface": "asphalt"}}, {"type": "Feature", "geometry": {"type": "LineString", "coordinates": [[-8.7852468, 41.6807398], [-8.7852052, 41.6806696], [-8.7851774, 41.6805968], [-8.7851648, 41.6805133], [-8.7851438, 41.6804402], [-8.7848176, 41.6797391]]}, "properties": {"destination": "Porto", "highway": "primary", "lane_markings": "no", "lit": "yes", "maxspeed": "50", "oneway": "yes", "ref": "EN 13", "surface": "asphalt"}}, {"type": "Feature", "geometry": {"type": "LineString", "coordinates": [[-8.7807201, 41.9155571], [-8.7785672, 41.9164976]]}, "properties": {"highway": "primary", "lanes": "2", "oneway": "no", "ref": "EN 13", "source": "Bing", "surface": "asphalt"}}, {"type": "Feature", "geometry": {"type": "LineString", "coordinates": [[-8.7618018, 41.9201462], [-8.7600262, 41.9207652], [-8.7594309, 41.9209838], [-8.7591243, 41.9210974], [-8.758935, 41.9211713], [-8.7586507, 41.9212867], [-8.7581705, 41.9215109], [-8.7576569, 41.9217807], [-8.7572649, 41.9219986], [-8.7568276, 41.9222835], [-8.7561341, 41.9227907], [-8.7558627, 41.9230187], [-8.7557289, 41.9231355]]}, "properties": {"highway": "primary", "lanes": "2", "maxspeed:backward": "50", "ref": "EN 13", "surface": "asphalt"}}, {"type": "Feature", "geometry": {"type": "LineString", "coordinates": [[-8.7635807, 41.9195261], [-8.7631249, 41.9196784], [-8.7628457, 41.9197717], [-8.7618018, 41.9201462]]}, "properties": {"highway": "primary", "lanes": "2", "maxspeed": "50", "ref": "EN 13", "surface": "asphalt"}}, {"type": "Feature", "geometry": {"type": "LineString", "coordinates": [[-8.7164955, 41.3262883], [-8.7165616, 41.3263892], [-8.7166736, 41.3265541]]}, "properties": {"highway": "primary", "name": "Avenida 1\u00ba de Maio", "oneway": "no", "ref": "EN 13"}}, {"type": "Feature", "geometry": {"type": "LineString", "coordinates": [[-8.7164955, 41.3262883], [-8.7164688, 41.3261865], [-8.7163188, 41.3259564], [-8.7158411, 41.3252259], [-8.7156197, 41.3248866], [-8.7148732, 41.3237425], [-8.7148, 41.3236889]]}, "properties": {"highway": "primary", "name": "Avenida 1\u00ba de Maio", "oneway": "yes", "ref": "EN 13", "surface": "asphalt"}}, {"type": "Feature", "geometry": {"type": "LineString", "coordinates": [[-8.7187741, 41.3296083], [-8.718686, 41.3295649], [-8.7186296, 41.3295132], [-8.7184958, 41.329308], [-8.7182719, 41.3289646], [-8.7179953, 41.3285281], [-8.717532, 41.3278181], [-8.7173885, 41.3275981], [-8.7167394, 41.3266035], [-8.7166736, 41.3265541]]}, "properties": {"highway": "primary", "maxspeed": "50", "name": "Avenida 1\u00ba de Maio", "oneway": "yes", "ref": "EN 13", "surface": "asphalt"}}, {"type": "Feature", "geometry": {"type": "LineString", "coordinates": [[-8.7122382, 41.3198188], [-8.7126529, 41.3204476], [-8.7127429, 41.320584], [-8.7129221, 41.3208556], [-8.7143206, 41.3229754], [-8.7144435, 41.3231638], [-8.7145571, 41.3233247], [-8.7148, 41.3236889]]}, "properties": {"highway": "primary", "name": "Avenida 1\u00ba de Maio", "oneway": "no", "ref": "EN 13", "surface": "asphalt"}}, {"type": "Feature", "geometry": {"type": "LineString", "coordinates": [[-8.7131577, 41.9650945], [-8.7137874, 41.964601]]}, "properties": {"highway": "primary", "oneway": "yes", "ref": "EN 13"}}, {"type": "Feature", "geometry": {"type": "LineString", "coordinates": [[-8.698143, 41.9709847], [-8.6984556, 41.9709574], [-8.698825, 41.9709078], [-8.6990882, 41.9708687], [-8.6994761, 41.9707945], [-8.6998366, 41.9707123], [-8.7003353, 41.9705728], [-8.7004619, 41.9705374], [-8.70088, 41.9704163], [-8.7010801, 41.9703584], [-8.7019538, 41.9701039], [-8.7035728, 41.9696353], [-8.7044253, 41.9693898], [-8.7048346, 41.9692586], [-8.7051336, 41.9691474], [-8.7057502, 41.968888], [-8.7061328, 41.9687335], [-8.7073329, 41.9682205], [-8.7098024, 41.9671707]]}, "properties": {"highway": "primary", "oneway": "no", "ref": "EN 13", "surface": "asphalt"}}, {"type": "Feature", "geometry": {"type": "LineString", "coordinates": [[-8.7137874, 41.964601], [-8.7140687, 41.9643514]]}, "properties": {"highway": "primary", "oneway": "yes", "ref": "EN 13", "turn:lanes": "left|through"}}, {"type": "Feature", "geometry": {"type": "LineString", "coordinates": [[-8.7141252, 41.964198], [-8.7131577, 41.9650945]]}, "properties": {"highway": "primary", "oneway": "yes", "ref": "EN 13"}}, {"type": "Feature", "geometry": {"type": "LineString", "coordinates": [[-8.7121965, 41.9658932], [-8.7126268, 41.9655482], [-8.7131577, 41.9650945]]}, "properties": {"highway": "primary", "oneway": "no", "ref": "EN 13"}}, {"type": "Feature", "geometry": {"type": "LineString", "coordinates": [[-8.7140687, 41.9643514], [-8.7142034, 41.9642348], [-8.7148563, 41.9636211]]}, "properties": {"highway": "primary", "oneway": "yes", "ref": "EN 13"}}, {"type": "Feature", "geometry": {"type": "LineString", "coordinates": [[-8.7148563, 41.9636211], [-8.7156378, 41.9629559], [-8.7157785, 41.9628336], [-8.7159546, 41.9626946], [-8.7162293, 41.9625115], [-8.7164391, 41.9623904], [-8.7167863, 41.9622127], [-8.718143, 41.9616089], [-8.7186002, 41.9614028], [-8.7218121, 41.9599833]]}, "properties": {"highway": "primary", "oneway": "no", "ref": "EN 13"}}, {"type": "Feature", "geometry": {"type": "LineString", "coordinates": [[-8.7121965, 41.9658932], [-8.711825, 41.9661097], [-8.7114466, 41.9663365], [-8.7111109, 41.9665272], [-8.7110431, 41.9665621], [-8.7107794, 41.9666979], [-8.7101971, 41.9669706], [-8.7098024, 41.9671707]]}, "properties": {"highway": "primary", "oneway": "yes", "ref": "EN 13"}}, {"type": "Feature", "geometry": {"type": "LineString", "coordinates": [[-8.7098024, 41.9671707], [-8.7102388, 41.9670133], [-8.7107553, 41.9667756], [-8.7111183, 41.9665948]]}, "properties": {"highway": "primary", "oneway": "yes", "ref": "EN 13"}}, {"type": "Feature", "geometry": {"type": "LineString", "coordinates": [[-8.7292684, 41.9586385], [-8.730414, 41.9584767]]}, "properties": {"highway": "primary", "oneway": "no", "ref": "EN 13"}}, {"type": "Feature", "geometry": {"type": "LineString", "coordinates": [[-8.730414, 41.9584767], [-8.7313515, 41.9583541], [-8.7324891, 41.9582128], [-8.733324, 41.9580819], [-8.7338403, 41.9579681]]}, "properties": {"highway": "primary", "oneway": "yes", "ref": "EN 13"}}, {"type": "Feature", "geometry": {"type": "LineString", "coordinates": [[-8.72599, 41.9590989], [-8.7265408, 41.9590475], [-8.7268117, 41.9590112], [-8.7272609, 41.9589496], [-8.7275799, 41.9588989], [-8.7277169, 41.9588784], [-8.7284146, 41.9587705], [-8.7292684, 41.9586385]]}, "properties": {"highway": "primary", "oneway": "yes", "ref": "EN 13"}}, {"type": "Feature", "geometry": {"type": "LineString", "coordinates": [[-8.7292684, 41.9586385], [-8.7285373, 41.9587236], [-8.7281245, 41.9587716], [-8.727881, 41.9588047], [-8.727748, 41.9588229], [-8.7275551, 41.9588491], [-8.7268504, 41.9589445], [-8.7265325, 41.9590008], [-8.72599, 41.9590989]]}, "properties": {"highway": "primary", "oneway": "yes", "ref": "EN 13"}}, {"type": "Feature", "geometry": {"type": "LineString", "coordinates": [[-8.8402364, 41.8769151], [-8.8401537, 41.8771354], [-8.8400564, 41.8774457], [-8.8399101, 41.8779125], [-8.8398597, 41.8781613]]}, "properties": {"check_date:surface": "2025-02-25", "highway": "primary", "lanes": "1", "name": "Avenida Doutor Dantas Carneiro", "oneway": "yes", "ref": "EN 13", "smoothness": "good", "surface": "asphalt"}}, {"type": "Feature", "geometry": {"type": "LineString", "coordinates": [[-8.8462413, 41.8680674], [-8.8460467, 41.8682864], [-8.8458261, 41.8685418], [-8.8453377, 41.8691947]]}, "properties": {"highway": "primary", "lanes": "1", "lit": "yes", "maxspeed": "50", "oneway": "yes", "ref": "EN 13", "surface": "asphalt"}}, {"type": "Feature", "geometry": {"type": "LineString", "coordinates": [[-8.698143, 41.9709847], [-8.6979653, 41.9709726], [-8.69754, 41.9709849], [-8.697127, 41.9709759], [-8.6966657, 41.9709548], [-8.6965573, 41.970949], [-8.6962722, 41.9709188], [-8.6959796, 41.970884], [-8.6956755, 41.9708346], [-8.6953803, 41.9707819], [-8.6950652, 41.97072], [-8.6947105, 41.970639], [-8.6944123, 41.9705622], [-8.6942013, 41.9705284], [-8.6940864, 41.9704963], [-8.6940471, 41.9704779]]}, "properties": {"highway": "primary", "oneway": "yes", "ref": "EN 13", "surface": "asphalt"}}, {"type": "Feature", "geometry": {"type": "LineString", "coordinates": [[-8.7392343, 41.9531042], [-8.739922, 41.9519202], [-8.740457, 41.950827], [-8.7405503, 41.9506044], [-8.7406225, 41.9503739], [-8.7406894, 41.9500806]]}, "properties": {"highway": "primary", "lanes": "1", "oneway": "yes", "ref": "EN 13", "surface": "asphalt"}}, {"type": "Feature", "geometry": {"type": "LineString", "coordinates": [[-8.7392343, 41.9531042], [-8.7382278, 41.9550674], [-8.7381149, 41.9552494], [-8.7379773, 41.9554645], [-8.7378358, 41.9556554], [-8.737625, 41.9559106], [-8.7374485, 41.9561039], [-8.7372235, 41.956318], [-8.7370336, 41.9564798], [-8.7368096, 41.9566594], [-8.7365785, 41.9568253], [-8.7362969, 41.9570081], [-8.7359798, 41.9571892], [-8.7356237, 41.9573604], [-8.7352479, 41.9575235], [-8.7348978, 41.9576631], [-8.7345852, 41.9577725], [-8.7342139, 41.9578807], [-8.7338403, 41.9579681]]}, "properties": {"highway": "primary", "lanes": "2", "oneway": "no", "ref": "EN 13", "surface": "asphalt"}}, {"type": "Feature", "geometry": {"type": "LineString", "coordinates": [[-8.7338403, 41.9579681], [-8.7333165, 41.9580446], [-8.7324734, 41.9581521], [-8.7313406, 41.9583266], [-8.730414, 41.9584767]]}, "properties": {"highway": "primary", "oneway": "yes", "ref": "EN 13"}}, {"type": "Feature", "geometry": {"type": "LineString", "coordinates": [[-8.7406894, 41.9500806], [-8.7407152, 41.9498672], [-8.7407545, 41.9496118], [-8.7408037, 41.9494593], [-8.740847, 41.9493857]]}, "properties": {"highway": "primary", "lanes": "2", "oneway": "yes", "ref": "EN 13", "surface": "asphalt"}}, {"type": "Feature", "geometry": {"type": "LineString", "coordinates": [[-8.7404715, 41.9472278], [-8.740616, 41.9479595]]}, "properties": {"highway": "primary", "lanes": "2", "name": "Rua de Santo Ant\u00f3nio", "oneway": "yes", "ref": "EN 13", "surface": "asphalt", "turn:lanes": "through|slight_right"}}, {"type": "Feature", "geometry": {"type": "LineString", "coordinates": [[-8.740616, 41.9479595], [-8.7406606, 41.9481853], [-8.7406865, 41.9483735], [-8.7406936, 41.9484811], [-8.7406815, 41.9486157], [-8.7406515, 41.948754], [-8.7406261, 41.9488254], [-8.7405944, 41.948895], [-8.7405639, 41.948944], [-8.7405167, 41.948992]]}, "properties": {"highway": "primary", "lanes": "1", "name": "Rua de Santo Ant\u00f3nio", "oneway": "yes", "ref": "EN 13", "surface": "asphalt"}}, {"type": "Feature", "geometry": {"type": "LineString", "coordinates": [[-8.7919758, 41.9093467], [-8.791598, 41.9095913], [-8.7896981, 41.9107532], [-8.7893286, 41.9109814], [-8.7891798, 41.9110733], [-8.7871096, 41.9123515]]}, "properties": {"highway": "primary", "lanes": "2", "maxspeed:forward": "70", "oneway": "no", "ref": "EN 13", "source": "Bing", "surface": "asphalt"}}, {"type": "Feature", "geometry": {"type": "LineString", "coordinates": [[-8.7860724, 41.9129919], [-8.7855055, 41.9133436], [-8.7849074, 41.9136914], [-8.7844588, 41.9139113], [-8.783913, 41.9141533], [-8.7812739, 41.9153021], [-8.7807201, 41.9155571]]}, "properties": {"highway": "primary", "lanes": "2", "oneway": "no", "ref": "EN 13", "source": "Bing", "surface": "asphalt"}}, {"type": "Feature", "geometry": {"type": "LineString", "coordinates": [[-8.8309556, 41.8790943], [-8.8301167, 41.8792627]]}, "properties": {"access": "yes", "highway": "primary", "lanes": "2", "maxspeed:backward": "50", "oneway": "no", "ref": "EN 13", "source": "Bing", "surface": "asphalt"}}, {"type": "Feature", "geometry": {"type": "LineString", "coordinates": [[-8.738969, 41.350363], [-8.7390409, 41.3505025], [-8.7391449, 41.3506991]]}, "properties": {"highway": "primary", "name": "Avenida Mouzinho de Albuquerque", "oneway": "no", "ref": "EN 13", "sidewalk": "both", "surface": "asphalt"}}, {"type": "Feature", "geometry": {"type": "LineString", "coordinates": [[-8.7733757, 41.5140325], [-8.7733557, 41.5140639], [-8.7732963, 41.5141576], [-8.7729395, 41.51458]]}, "properties": {"highway": "primary", "lanes": "2", "name": "Avenida Visconde de S\u00e3o Janu\u00e1rio", "oneway": "no", "postal_code": "4740-325", "ref": "EN 13", "source": "bing", "surface": "asphalt"}}, {"type": "Feature", "geometry": {"type": "LineString", "coordinates": [[-8.7667385, 41.5088644], [-8.7668756, 41.5090084], [-8.7675141, 41.509706], [-8.7676897, 41.5098979], [-8.767817, 41.510018]]}, "properties": {"highway": "primary", "lanes": "2", "name": "Avenida Visconde de S\u00e3o Janu\u00e1rio", "oneway": "no", "postal_code": "4740-325", "ref": "EN 13", "surface": "asphalt"}}, {"type": "Feature", "geometry": {"type": "LineString", "coordinates": [[-8.7729395, 41.51458], [-8.7728426, 41.5146954]]}, "properties": {"alt_name": "Ponte de F\u00e3o", "bridge": "yes", "highway": "primary", "lanes": "2", "layer": "1", "name": "Ponte Dom Luis Filipe", "oneway": "no", "ref": "EN 13", "surface": "asphalt"}}, {"type": "Feature", "geometry": {"type": "LineString", "coordinates": [[-8.7824609, 41.5462288], [-8.7824679, 41.5463185], [-8.7824931, 41.5466441], [-8.782512, 41.5467845], [-8.7826184, 41.5481521], [-8.7826491, 41.5485321], [-8.7826501, 41.5485875]]}, "properties": {"highway": "primary", "lanes": "2", "lit": "yes", "name": "Avenida 19 de Agosto", "oneway": "no", "postal_code": "4740-575", "ref": "EN 13", "sidewalk": "both", "surface": "asphalt"}}, {"type": "Feature", "geometry": {"type": "LineString", "coordinates": [[-8.7832487, 41.5563684], [-8.7832569, 41.5564623]]}, "properties": {"highway": "primary", "lanes": "2", "lit": "yes", "name": "Avenida 19 de Agosto", "oneway": "no", "postal_code": "4740-575", "ref": "EN 13", "surface": "asphalt"}}, {"type": "Feature", "geometry": {"type": "LineString", "coordinates": [[-8.8604137, 41.7959653], [-8.860339, 41.7960027], [-8.8601129, 41.7961204], [-8.8597765, 41.7962982], [-8.8594497, 41.796484], [-8.8591598, 41.796679], [-8.8589074, 41.7968395], [-8.8587178, 41.7969721], [-8.858393, 41.797243], [-8.857995, 41.797672], [-8.8579047, 41.7977923], [-8.85776, 41.797985], [-8.857425, 41.798518]]}, "properties": {"highway": "primary", "incline": "up", "lanes": "2", "oneway": "no", "ref": "EN 13", "surface": "asphalt"}}, {"type": "Feature", "geometry": {"type": "LineString", "coordinates": [[-8.822743, 41.6956626], [-8.8226959, 41.6956522], [-8.8226441, 41.6956618], [-8.8225804, 41.6956922]]}, "properties": {"highway": "primary", "junction": "roundabout", "lanes": "2", "name": "Pra\u00e7a Dom Afonso III", "ref": "EN 13", "surface": "asphalt"}}, {"type": "Feature", "geometry": {"type": "LineString", "coordinates": [[-8.8233585, 41.8886804], [-8.8232149, 41.8889194], [-8.8231126, 41.8890863], [-8.8219401, 41.8910641], [-8.8213063, 41.8921204]]}, "properties": {"access": "yes", "highway": "primary", "lanes": "2", "maxspeed:backward": "50", "name": "Avenida Joaquim Maria Portela", "oneway": "no", "ref": "EN 13", "smoothness": "excellent", "source": "Bing", "surface": "asphalt"}}, {"type": "Feature", "geometry": {"type": "LineString", "coordinates": [[-8.8605447, 41.8504997], [-8.8605284, 41.8506743]]}, "properties": {"highway": "primary", "lanes": "2", "oneway": "yes", "ref": "EN 13", "source": "Bing"}}, {"type": "Feature", "geometry": {"type": "LineString", "coordinates": [[-8.8131261, 41.9003088], [-8.8120806, 41.9005566], [-8.8115967, 41.9006663], [-8.81123, 41.90073], [-8.8108381, 41.90074], [-8.8104308, 41.9006907], [-8.8098264, 41.9005771]]}, "properties": {"highway": "primary", "lanes": "2", "maxspeed:forward": "70", "oneway": "no", "ref": "EN 13", "source": "Bing", "surface": "asphalt"}}, {"type": "Feature", "geometry": {"type": "LineString", "coordinates": [[-8.8066765, 41.9012759], [-8.806161, 41.9014564], [-8.8057341, 41.9015926], [-8.8055841, 41.9016388], [-8.8040425, 41.9020996]]}, "properties": {"highway": "primary", "lanes": "2", "maxspeed:forward": "50", "oneway": "no", "ref": "EN 13", "source": "Bing", "surface": "asphalt"}}, {"type": "Feature", "geometry": {"type": "LineString", "coordinates": [[-8.7218121, 41.9599833], [-8.7220225, 41.9599002], [-8.7224707, 41.9597493], [-8.7227763, 41.9596591]]}, "properties": {"highway": "primary", "oneway": "no", "ref": "EN 13"}}, {"type": "Feature", "geometry": {"type": "LineString", "coordinates": [[-8.7227763, 41.9596591], [-8.723046, 41.959588], [-8.723498, 41.959488], [-8.7239488, 41.9593966], [-8.7244631, 41.9593176], [-8.72599, 41.9590989]]}, "properties": {"highway": "primary", "oneway": "no", "ref": "EN 13"}}, {"type": "Feature", "geometry": {"type": "LineString", "coordinates": [[-8.7396486, 41.3516826], [-8.7397304, 41.3518386]]}, "properties": {"highway": "primary", "noname": "yes", "oneway": "no", "ref": "EN 13", "surface": "asphalt"}}, {"type": "Feature", "geometry": {"type": "LineString", "coordinates": [[-8.6741783, 41.2737429], [-8.673957, 41.2735421], [-8.6734727, 41.2731106], [-8.673287, 41.2729408], [-8.6722818, 41.2720274], [-8.671273, 41.2711147], [-8.6706921, 41.2705878], [-8.6706474, 41.2705473], [-8.670144, 41.2700902], [-8.6698608, 41.2698331], [-8.6693941, 41.2694086], [-8.6691927, 41.2692235], [-8.6679869, 41.2681279], [-8.6678327, 41.2679869], [-8.6675048, 41.2676883], [-8.6669677, 41.2671988], [-8.6660779, 41.2663894], [-8.6656299, 41.2659811], [-8.6654073, 41.265777], [-8.6651949, 41.2655709], [-8.6649567, 41.2653286], [-8.6647292, 41.2650833], [-8.6644182, 41.2647205], [-8.6641173, 41.2643569]]}, "properties": {"divider": "solid_line", "highway": "primary", "lane_markings": "yes", "lanes": "2", "lanes:backward": "1", "lanes:forward": "1", "maxspeed": "50", "maxspeed:type": "sign", "name": "Via Jos\u00e9 R\u00e9gio", "oneway": "no", "ref": "EN 13", "surface": "asphalt", "width": "7"}}, {"type": "Feature", "geometry": {"type": "LineString", "coordinates": [[-8.6750722, 41.2745453], [-8.6748259, 41.2743248]]}, "properties": {"divider": "solid_line", "highway": "primary", "lane_markings": "yes", "lanes": "3", "lanes:backward": "2", "lanes:forward": "1", "name": "Via Jos\u00e9 R\u00e9gio", "oneway": "no", "ref": "EN 13", "surface": "asphalt", "turn:lanes:backward": "left|through", "width": "10.5"}}, {"type": "Feature", "geometry": {"type": "LineString", "coordinates": [[-8.6753147, 41.2747654], [-8.6750722, 41.2745453]]}, "properties": {"divider": "solid_line", "highway": "primary", "lane_markings": "yes", "lanes": "3", "lanes:backward": "1", "lanes:forward": "2", "oneway": "no", "ref": "EN 13", "surface": "asphalt", "turn:lanes:forward": "left|through", "width": "10.5"}}, {"type": "Feature", "geometry": {"type": "LineString", "coordinates": [[-8.7398028, 41.3519798], [-8.7398656, 41.3521067], [-8.7401044, 41.3525901], [-8.7403086, 41.3529904], [-8.7403948, 41.3531059], [-8.7404951, 41.3531938]]}, "properties": {"highway": "primary", "name": "Avenida Jos\u00e9 R\u00e9gio", "oneway": "no", "ref": "EN 13", "surface": "asphalt"}}, {"type": "Feature", "geometry": {"type": "LineString", "coordinates": [[-8.741091, 41.3537392], [-8.7411104, 41.3536851], [-8.741096, 41.3536086]]}, "properties": {"highway": "primary", "name": "Rua 5 de Outubro", "oneway": "yes", "ref": "EN 13", "surface": "asphalt"}}, {"type": "Feature", "geometry": {"type": "LineString", "coordinates": [[-8.7404951, 41.3531938], [-8.7406376, 41.3533142], [-8.7407874, 41.353383], [-8.7408591, 41.3534304]]}, "properties": {"highway": "primary", "name": "Rua 5 de Outubro", "oneway": "yes", "ref": "EN 13", "surface": "asphalt"}}, {"type": "Feature", "geometry": {"type": "LineString", "coordinates": [[-8.7765229, 41.6149648], [-8.7766686, 41.6151933]]}, "properties": {"highway": "primary", "lanes": "2", "lanes:backward": "1", "lanes:forward": "1", "name": "Rua 25 de Abril", "oneway": "no", "ref": "EN 13", "surface": "asphalt"}}, {"type": "Feature", "geometry": {"type": "LineString", "coordinates": [[-8.7781562, 41.6121812], [-8.7781555, 41.612264], [-8.7781464, 41.6123147], [-8.7781262, 41.6123678], [-8.7780914, 41.6124357], [-8.7780421, 41.612509], [-8.7779781, 41.6125907], [-8.777868, 41.6127312], [-8.7776784, 41.6129492], [-8.7774869, 41.6130999], [-8.7771538, 41.6133121], [-8.7769268, 41.6134624], [-8.7767979, 41.6135546], [-8.7766639, 41.6136457], [-8.7765198, 41.6137582], [-8.7763843, 41.613893], [-8.7762899, 41.6140757], [-8.776268, 41.6141726], [-8.7762597, 41.6143009], [-8.7762659, 41.614455], [-8.7763159, 41.6146043], [-8.776451, 41.6148521], [-8.7765229, 41.6149648]]}, "properties": {"highway": "primary", "lanes": "2", "lanes:backward": "1", "lanes:forward": "1", "name": "Rua 25 de Abril", "oneway": "no", "ref": "EN 13", "surface": "asphalt"}}, {"type": "Feature", "geometry": {"type": "LineString", "coordinates": [[-8.7732686, 41.5122327], [-8.7733785, 41.5123388], [-8.7734179, 41.5123732], [-8.7734751, 41.5124669]]}, "properties": {"highway": "primary", "lanes": "2", "name": "Avenida Visconde de S\u00e3o Janu\u00e1rio", "oneway": "no", "postal_code": "4740-325", "ref": "EN 13", "source": "bing", "surface": "asphalt"}}, {"type": "Feature", "geometry": {"type": "LineString", "coordinates": [[-8.7734751, 41.5124669], [-8.7735168, 41.512554], [-8.7735386, 41.5126737], [-8.7735477, 41.5128068], [-8.7735377, 41.5132073], [-8.7735245, 41.5135821], [-8.7735027, 41.5137408], [-8.773481, 41.5138096]]}, "properties": {"highway": "primary", "lanes": "2", "name": "Avenida Visconde de S\u00e3o Janu\u00e1rio", "oneway": "no", "postal_code": "4740-325", "ref": "EN 13", "source": "bing", "surface": "asphalt"}}, {"type": "Feature", "geometry": {"type": "LineString", "coordinates": [[-8.6225065, 41.1779013], [-8.6225324, 41.177266]]}, "properties": {"bicycle": "no", "change:lanes": "no|not_left|yes", "destination:lanes": "Ponte do Freixo;Carvalhido;Prelada|Ponte do Freixo;Carvalhido;Prelada;Ponte da Arr\u00e1bida", "destination:ref": "IC23", "destination:ref:lanes": "|A 20", "destination:ref:to:lanes": "A 3 Braga;A 4 Vila Real;A 1 Lisboa|IC 1 Viana do Castelo", "destination:symbol": "Motorway", "foot": "no", "highway": "trunk", "horse": "no", "lanes": "3", "maxspeed": "70", "motor_vehicle": "yes", "name": "Via Norte", "oneway": "yes", "ref": "EN 14;EN 13", "surface": "asphalt", "turn:lanes": "through|through;right"}}, {"type": "Feature", "geometry": {"type": "LineString", "coordinates": [[-8.6224832, 41.1739327], [-8.6224233, 41.1735894]]}, "properties": {"access": "no", "destination:lanes": "Carvalhido;Prelada|Carvalhido;Prelada;Ponte do Freixo", "destination:ref:lanes": "|A 20", "destination:ref:to:lanes": "|IC 23;A 1 Lisboa;A 3 Braga;A 4 Vila Real", "destination:symbol:lanes": ";Hospital|", "highway": "trunk", "lanes": "3", "maxspeed": "70", "motor_vehicle": "yes", "name": "Via Norte", "oneway": "yes", "placement": "right_of:1", "ref": "EN 14;EN 13", "surface": "asphalt", "turn:lanes": "through|through;slight_right|slight_right"}}, {"type": "Feature", "geometry": {"type": "LineString", "coordinates": [[-8.6223101, 41.1729785], [-8.6222687, 41.1727099], [-8.6222773, 41.1725671], [-8.6223183, 41.1723975], [-8.6224389, 41.1721984]]}, "properties": {"bicycle": "no", "change:lanes": "yes|yes", "destination": "Carvalhido;Prelada", "destination:symbol": ";hospital", "foot": "no", "highway": "trunk", "horse": "no", "lanes": "2", "maxheight:signed": "no", "maxspeed": "50", "motor_vehicle": "yes", "name": "Via Norte", "oneway": "yes", "ref": "EN 14;EN 13", "surface": "asphalt", "turn:lanes": "through|through"}}, {"type": "Feature", "geometry": {"type": "LineString", "coordinates": [[-8.6236144, 41.18468], [-8.6240514, 41.1853534], [-8.6240938, 41.1854188], [-8.6242418, 41.1856335], [-8.6249343, 41.1866932]]}, "properties": {"highway": "trunk", "lanes": "2", "maxspeed": "70", "name": "Via Norte", "oneway": "yes", "ref": "EN 14;EN 13"}}, {"type": "Feature", "geometry": {"type": "LineString", "coordinates": [[-8.6229657, 41.1835241], [-8.6227255, 41.1830286], [-8.6225767, 41.1826707], [-8.6224627, 41.1822589], [-8.6223813, 41.1817809]]}, "properties": {"highway": "trunk", "lanes": "3", "maxspeed": "70", "name": "Via Norte", "oneway": "yes", "ref": "EN 14;EN 13", "surface": "asphalt", "turn:lanes": "through|through|through;slight_right"}}, {"type": "Feature", "geometry": {"type": "LineString", "coordinates": [[-8.6241152, 41.1851986], [-8.6237729, 41.184707], [-8.6234997, 41.1842914]]}, "properties": {"highway": "trunk", "lanes": "2", "maxspeed": "70", "name": "Via Norte", "oneway": "yes", "ref": "EN 14;EN 13", "surface": "asphalt", "turn:lanes": "through|through;right"}}, {"type": "Feature", "geometry": {"type": "LineString", "coordinates": [[-8.6264368, 41.1889875], [-8.6270782, 41.1899978], [-8.6276105, 41.1909518]]}, "properties": {"highway": "trunk", "lanes": "2", "maxspeed": "70", "name": "Via Norte", "oneway": "yes", "ref": "EN 14;EN 13", "surface": "asphalt"}}, {"type": "Feature", "geometry": {"type": "LineString", "coordinates": [[-8.6249343, 41.1866932], [-8.625294, 41.1872438], [-8.6257291, 41.18793], [-8.6262542, 41.1887173]]}, "properties": {"highway": "trunk", "lanes": "2", "maxheight": "default", "maxspeed": "70", "name": "Via Norte", "oneway": "yes", "ref": "EN 14;EN 13", "turn:lanes": "through|through;right"}}, {"type": "Feature", "geometry": {"type": "LineString", "coordinates": [[-8.6273274, 41.1989572], [-8.6272831, 41.1994542], [-8.6272802, 41.1997991], [-8.6272966, 41.2000688]]}, "properties": {"highway": "trunk", "lanes": "4", "maxspeed": "70", "name": "Via Norte", "oneway": "yes", "ref": "EN 14;EN 13", "surface": "asphalt", "turn:lanes": "through|through|through|right"}}, {"type": "Feature", "geometry": {"type": "LineString", "coordinates": [[-8.6272966, 41.2000688], [-8.6273658, 41.2012689], [-8.6273815, 41.202445], [-8.6273393, 41.2033132], [-8.6273125, 41.2041838], [-8.6272811, 41.2043025]]}, "properties": {"highway": "trunk", "lanes": "3", "maxheight": "default", "maxspeed": "70", "name": "Via Norte", "oneway": "yes", "ref": "EN 14;EN 13", "surface": "asphalt"}}, {"type": "Feature", "geometry": {"type": "LineString", "coordinates": [[-8.62725, 41.2055916], [-8.6272465, 41.2064809], [-8.6272224, 41.2071784]]}, "properties": {"highway": "trunk", "lanes": "3", "maxheight": "default", "maxspeed": "70", "name": "Via Norte", "oneway": "yes", "ref": "EN 14;EN 13", "surface": "asphalt"}}, {"type": "Feature", "geometry": {"type": "LineString", "coordinates": [[-8.6272811, 41.2043025], [-8.62725, 41.2055916]]}, "properties": {"highway": "trunk", "lanes": "4", "maxspeed": "70", "name": "Via Norte", "oneway": "yes", "ref": "EN 14;EN 13", "surface": "asphalt", "turn:lanes": "through|through|through|right"}}, {"type": "Feature", "geometry": {"type": "LineString", "coordinates": [[-8.6280888, 41.196384], [-8.6282318, 41.1959832], [-8.6283822, 41.1953528], [-8.628509, 41.1947476], [-8.6285248, 41.1941931], [-8.6285243, 41.193689], [-8.6284689, 41.1930217], [-8.6283687, 41.1924784], [-8.628208, 41.1919596], [-8.6279754, 41.191318], [-8.6279113, 41.1911921]]}, "properties": {"highway": "trunk", "lanes": "2", "maxspeed": "70", "name": "Via Norte", "oneway": "yes", "ref": "EN 14;EN 13", "surface": "asphalt"}}, {"type": "Feature", "geometry": {"type": "LineString", "coordinates": [[-8.6274462, 41.2053337], [-8.6274695, 41.2045524], [-8.6274764, 41.2041167], [-8.6274894, 41.2034641], [-8.6275045, 41.2027282], [-8.6275092, 41.2025225]]}, "properties": {"highway": "trunk", "lanes": "4", "maxheight:signed": "no", "maxspeed": "70", "name": "Via Norte", "oneway": "yes", "ref": "EN 14;EN 13", "surface": "asphalt", "turn:lanes": "through|through|through|right"}}, {"type": "Feature", "geometry": {"type": "LineString", "coordinates": [[-8.6223813, 41.1817809], [-8.622365, 41.1812809]]}, "properties": {"highway": "trunk", "lanes": "3", "maxspeed": "70", "name": "Via Norte", "oneway": "yes", "ref": "EN 14;EN 13", "surface": "asphalt"}}, {"type": "Feature", "geometry": {"type": "LineString", "coordinates": [[-8.8362441, 41.8782427], [-8.8362654, 41.8782747], [-8.8363003, 41.8783039]]}, "properties": {"check_date:surface": "2025-02-25", "highway": "primary", "junction": "roundabout", "lanes": "2", "ref": "EN 13", "smoothness": "good", "source": "Bing", "surface": "asphalt"}}, {"type": "Feature", "geometry": {"type": "LineString", "coordinates": [[-8.6758805, 41.2752502], [-8.6759432, 41.275359], [-8.6763974, 41.2757541], [-8.6765089, 41.2758448], [-8.6768546, 41.2762008], [-8.6771466, 41.2765688], [-8.67731, 41.2768272], [-8.67754, 41.27734], [-8.6776416, 41.2776311]]}, "properties": {"highway": "primary", "lanes": "1", "maxspeed": "50", "maxspeed:type": "sign", "oneway": "yes", "ref": "EN 13", "sidewalk:both": "no", "surface": "asphalt"}}, {"type": "Feature", "geometry": {"type": "LineString", "coordinates": [[-8.6758805, 41.2752502], [-8.6753147, 41.2747654]]}, "properties": {"highway": "primary", "lanes": "3", "lanes:backward": "1", "lanes:forward": "2", "maxspeed": "50", "maxspeed:type": "sign", "oneway": "no", "ref": "EN 13", "sidewalk": "no", "surface": "asphalt"}}, {"type": "Feature", "geometry": {"type": "LineString", "coordinates": [[-8.6781131, 41.278974], [-8.6779734, 41.2784812], [-8.677665, 41.2773907], [-8.6775121, 41.2768626], [-8.677378, 41.2766207], [-8.6772519, 41.2764453], [-8.6771017, 41.276282], [-8.6768227, 41.276026], [-8.6765529, 41.2758006], [-8.6762219, 41.2755241], [-8.6759644, 41.2753004]]}, "properties": {"highway": "primary", "lanes": "1", "maxspeed": "50", "maxspeed:type": "sign", "oneway": "yes", "ref": "EN 13", "sidewalk:both": "no", "surface": "asphalt"}}, {"type": "Feature", "geometry": {"type": "LineString", "coordinates": [[-8.6780298, 41.2789897], [-8.6781223, 41.2792981], [-8.6782256, 41.2796539], [-8.6786983, 41.2812489], [-8.6787999, 41.2816112], [-8.6789351, 41.2820184]]}, "properties": {"highway": "primary", "lanes": "1", "oneway": "yes", "ref": "EN 13", "surface": "asphalt"}}, {"type": "Feature", "geometry": {"type": "LineString", "coordinates": [[-8.6789351, 41.2820184], [-8.6789202, 41.2818756], [-8.6788488, 41.2815884]]}, "properties": {"highway": "primary", "lanes": "1", "oneway": "yes", "ref": "EN 13", "surface": "asphalt"}}, {"type": "Feature", "geometry": {"type": "LineString", "coordinates": [[-8.6805929, 41.2851642], [-8.67968, 41.2837396], [-8.6794732, 41.2833522], [-8.6793606, 41.2831413], [-8.6792087, 41.2827895], [-8.6790676, 41.2824135], [-8.6789351, 41.2820184]]}, "properties": {"highway": "primary", "lanes": "3", "lanes:backward": "2", "lanes:forward": "1", "maxspeed": "50", "maxspeed:type": "sign", "oneway": "no", "ref": "EN 13", "sidewalk": "no", "surface": "asphalt"}}, {"type": "Feature", "geometry": {"type": "LineString", "coordinates": [[-8.6809507, 41.2858165], [-8.6813664, 41.2864796], [-8.6817983, 41.2871266], [-8.6819659, 41.2874027], [-8.6820406, 41.2875122]]}, "properties": {"highway": "primary", "lanes": "1", "maxspeed": "50", "maxspeed:type": "sign", "oneway": "yes", "ref": "EN 13", "surface": "asphalt"}}, {"type": "Feature", "geometry": {"type": "LineString", "coordinates": [[-8.682181, 41.287662], [-8.6821784, 41.2875785], [-8.6820508, 41.2873708], [-8.681927, 41.2871664], [-8.6816346, 41.286729], [-8.6807575, 41.2853847], [-8.6805929, 41.2851642]]}, "properties": {"highway": "primary", "lanes": "1", "maxspeed": "50", "maxspeed:type": "sign", "oneway": "yes", "ref": "EN 13", "sidewalk": "no", "surface": "asphalt"}}, {"type": "Feature", "geometry": {"type": "LineString", "coordinates": [[-8.7575023, 41.3761711], [-8.7578825, 41.376659], [-8.7585136, 41.3774237], [-8.7586197, 41.3775522], [-8.7588817, 41.3778621], [-8.7589971, 41.3780087], [-8.7592088, 41.3782778], [-8.7594851, 41.3786148], [-8.7595812, 41.3787321], [-8.7596858, 41.3788712], [-8.7597316, 41.3789268]]}, "properties": {"bicycle": "yes", "cycleway": "no", "foot": "yes", "highway": "primary", "lanes": "2", "name": "Rua Almirante Reis", "oneway": "no", "ref": "EN 13", "sidewalk:both": "separate", "surface": "asphalt"}}, {"type": "Feature", "geometry": {"type": "LineString", "coordinates": [[-8.7600585, 41.3793114], [-8.7600885, 41.3793478], [-8.760305, 41.3796063]]}, "properties": {"bicycle": "yes", "cycleway": "no", "foot": "yes", "highway": "primary", "lanes": "2", "name": "Rua Paulo Barreto", "oneway": "no", "ref": "EN 13", "surface": "asphalt"}}, {"type": "Feature", "geometry": {"type": "LineString", "coordinates": [[-8.7612363, 41.3807491], [-8.7613092, 41.3808471], [-8.7615937, 41.3812078], [-8.7616534, 41.381283], [-8.7622393, 41.3820219], [-8.7622956, 41.3820906]]}, "properties": {"bicycle": "yes", "cycleway": "no", "foot": "yes", "highway": "primary", "name": "Pra\u00e7a Marqu\u00eas de Pombal", "oneway": "no", "ref": "EN 13", "surface": "asphalt"}}, {"type": "Feature", "geometry": {"type": "LineString", "coordinates": [[-8.7667305, 41.4147891], [-8.7666551, 41.4153547], [-8.7665484, 41.415886], [-8.7664566, 41.4162299], [-8.7663396, 41.4167052]]}, "properties": {"highway": "primary", "lit": "yes", "oneway": "no", "ref": "EN 13", "sidewalk": "no", "source": "bing", "surface": "asphalt"}}, {"type": "Feature", "geometry": {"type": "LineString", "coordinates": [[-8.7667305, 41.4147891], [-8.7667528, 41.4146897], [-8.7667677, 41.4145076], [-8.7667603, 41.414349], [-8.7667467, 41.4142499]]}, "properties": {"highway": "primary", "name": "Rua Manuel Gomes Moreira", "oneway": "yes", "ref": "EN 13", "source": "bing", "surface": "asphalt"}}, {"type": "Feature", "geometry": {"type": "LineString", "coordinates": [[-8.7665135, 41.4137066], [-8.7665351, 41.4138245], [-8.7665628, 41.4139839], [-8.7665944, 41.4141609], [-8.7666788, 41.4146875], [-8.7667305, 41.4147891]]}, "properties": {"highway": "primary", "name": "Rua Manuel Gomes Moreira", "oneway": "yes", "ref": "EN 13", "sidewalk": "no", "source": "bing", "surface": "asphalt"}}, {"type": "Feature", "geometry": {"type": "LineString", "coordinates": [[-8.6222685, 41.1792449], [-8.6222519, 41.1797739]]}, "properties": {"bicycle": "no", "foot": "no", "highway": "trunk", "horse": "no", "lanes": "3", "maxspeed": "90", "motor_vehicle": "yes", "name": "Via Norte", "oneway": "yes", "ref": "EN 14;EN 13", "surface": "asphalt", "turn:lanes": "through|through;slight_right|slight_right"}}, {"type": "Feature", "geometry": {"type": "LineString", "coordinates": [[-8.6224443, 41.1749254], [-8.622428, 41.1757767]]}, "properties": {"bicycle": "no", "foot": "no", "highway": "trunk", "horse": "no", "lanes": "4", "maxspeed": "90", "motor_vehicle": "yes", "name": "Via Norte", "oneway": "yes", "placement": "middle_of:2", "ref": "EN 14;EN 13", "surface": "asphalt"}}, {"type": "Feature", "geometry": {"type": "LineString", "coordinates": [[-8.6224058, 41.1742319], [-8.6224311, 41.1745623]]}, "properties": {"bicycle": "no", "change:lanes": "no|not_left|yes", "foot": "no", "highway": "trunk", "horse": "no", "lanes": "3", "maxspeed": "90", "motor_vehicle": "yes", "name": "Via Norte", "oneway": "yes", "ref": "EN 14;EN 13", "surface": "asphalt"}}, {"type": "Feature", "geometry": {"type": "LineString", "coordinates": [[-8.622721, 41.1716731], [-8.6224831, 41.1719383]]}, "properties": {"bicycle": "no", "change:lanes": "no|no", "destination:lanes": "EN 14 Braga Maia;EN12 Circunvala\u00e7\u00e3o;Aeroporto|IC23;Ponte do Freixo", "destination:ref:to:lanes": "|A 3 Braga;A 4 Vila Real;A 1 Lisboa", "destination:symbol:lanes": ";;airport|motorway", "foot": "no", "highway": "trunk", "horse": "no", "lanes": "2", "maxspeed": "50", "motor_vehicle": "yes", "name": "Via Norte", "oneway": "yes", "ref": "EN 14;EN 13", "surface": "asphalt"}}, {"type": "Feature", "geometry": {"type": "LineString", "coordinates": [[-8.6230011, 41.1708945], [-8.6230529, 41.1710119], [-8.6230709, 41.1711061], [-8.6230705, 41.1712116], [-8.6230229, 41.1713075], [-8.622721, 41.1716731]]}, "properties": {"bicycle": "no", "destination:lanes": "EN 14 Braga Maia;EN12 Circunvala\u00e7\u00e3o;Aeroporto|IC23;Ponte do Freixo", "destination:ref:to:lanes": "|A 3 Braga;A 4 Vila Real;A 1 Lisboa", "destination:symbol:lanes": ";;airport|motorway", "foot": "no", "highway": "trunk", "horse": "no", "lanes": "2", "maxspeed": "50", "motor_vehicle": "yes", "name": "Via Norte", "oneway": "yes", "ref": "EN 14;EN 13", "surface": "asphalt"}}, {"type": "Feature", "geometry": {"type": "LineString", "coordinates": [[-8.6232266, 41.1712179], [-8.6232962, 41.1709942], [-8.6233537, 41.1709128]]}, "properties": {"bicycle": "no", "change:lanes": "no|no", "foot": "no", "highway": "trunk", "horse": "no", "lanes": "2", "maxspeed": "50", "motor_vehicle": "yes", "name": "Via Norte", "oneway": "yes", "ref": "EN 14;EN 13", "surface": "asphalt"}}, {"type": "Feature", "geometry": {"type": "LineString", "coordinates": [[-8.6226464, 41.1719602], [-8.6229988, 41.1715401]]}, "properties": {"bicycle": "no", "foot": "no", "highway": "trunk", "horse": "no", "lanes": "2", "maxspeed": "50", "motor_vehicle": "yes", "name": "Via Norte", "oneway": "yes", "ref": "EN 14;EN 13", "surface": "asphalt", "turn:lanes": "none|merge_to_left"}}, {"type": "Feature", "geometry": {"type": "LineString", "coordinates": [[-8.6223571, 41.1732353], [-8.6223101, 41.1729785]]}, "properties": {"access": "no", "change:lanes": "no|not_left|yes", "destination:lanes": "Carvalhido;Prelada|Carvalhido;Prelada;Ponte do Freixo", "destination:ref:lanes": "|A 20", "destination:ref:to:lanes": "|IC 23;A 1 Lisboa;A 3 Braga;A 4 Vila Real", "destination:symbol:lanes": ";Hospital|", "highway": "trunk", "lanes": "3", "maxspeed": "70", "motor_vehicle": "yes", "name": "Via Norte", "oneway": "yes", "placement": "right_of:1", "ref": "EN 14;EN 13", "surface": "asphalt", "turn:lanes": "through|through;slight_right|slight_right"}}, {"type": "Feature", "geometry": {"type": "LineString", "coordinates": [[-8.6224233, 41.1735894], [-8.6223571, 41.1732353]]}, "properties": {"access": "no", "change:lanes": "no|not_left|yes", "destination:lanes": "Carvalhido;Prelada|Carvalhido;Prelada;Ponte do Freixo", "destination:ref:lanes": "|A 20", "destination:ref:to:lanes": "|IC 23;A 1 Lisboa;A 3 Braga;A 4 Vila Real", "destination:symbol:lanes": ";Hospital|", "highway": "trunk", "lanes": "3", "maxheight": "default", "maxspeed": "70", "motor_vehicle": "yes", "name": "Via Norte", "oneway": "yes", "placement": "right_of:1", "ref": "EN 14;EN 13", "turn:lanes": "through|through;slight_right|slight_right"}}, {"type": "Feature", "geometry": {"type": "LineString", "coordinates": [[-8.6225945, 41.1749765], [-8.6225824, 41.1746747]]}, "properties": {"bicycle": "no", "destination": "Ponte do Freixo;Lisboa;Braga;Vila Real;Carvalhido;Prelada", "destination:lanes": "Carvalhido;Prelada|Carvalhido;Prelada;Ponte do Freixo", "destination:ref:lanes": "|A 20", "destination:ref:to": "IC 23;A 1;A 3;A 4", "destination:ref:to:lanes": "|IC 23;A 1 Lisboa;A 3 Braga;A 4 Vila Real", "destination:symbol:lanes": ";Hospital|", "foot": "no", "highway": "trunk", "horse": "no", "lanes": "2", "maxspeed": "70", "motor_vehicle": "yes", "name": "Via Norte", "oneway": "yes", "ref": "EN 14;EN 13", "surface": "asphalt", "turn:lanes": "through|through;slight_right"}}, {"type": "Feature", "geometry": {"type": "LineString", "coordinates": [[-8.6225901, 41.175563], [-8.6225928, 41.1751995], [-8.6225945, 41.1749765]]}, "properties": {"bicycle": "no", "change:lanes": "no|no", "destination": "Ponte do Freixo;Lisboa;Braga;Vila Real;Carvalhido;Prelada", "destination:lanes": "Carvalhido;Prelada|Carvalhido;Prelada;Ponte do Freixo", "destination:ref:lanes": "|A 20", "destination:ref:to": "IC 23;A 1;A 3;A 4", "destination:ref:to:lanes": "|IC 23;A 1 Lisboa;A 3 Braga;A 4 Vila Real", "destination:symbol:lanes": ";Hospital|", "foot": "no", "highway": "trunk", "horse": "no", "lanes": "2", "maxspeed": "70", "motor_vehicle": "yes", "name": "Via Norte", "oneway": "yes", "ref": "EN 14;EN 13", "surface": "asphalt"}}, {"type": "Feature", "geometry": {"type": "LineString", "coordinates": [[-8.6225324, 41.177266], [-8.6225697, 41.176201]]}, "properties": {"bicycle": "no", "change:lanes": "no|not_left|yes", "destination:lanes": "Ponte do Freixo;Carvalhido;Prelada|Ponte do Freixo;Carvalhido;Prelada|Ponte da Arr\u00e1bida", "destination:ref": "IC23", "destination:ref:lanes": "||A 20", "destination:ref:to:lanes": "A 3 Braga;A 4 Vila Real;A 1 Lisboa|A 3 Braga;A 4 Vila Real;A 1 Lisboa|IC 1 Viana do Castelo;A 1 Lisboa", "destination:symbol": "Motorway", "foot": "no", "highway": "trunk", "horse": "no", "lanes": "3", "maxspeed": "70", "motor_vehicle": "yes", "name": "Via Norte", "oneway": "yes", "ref": "EN 14;EN 13", "surface": "asphalt", "turn:lanes": "through|through;slight_right|slight_right"}}, {"type": "Feature", "geometry": {"type": "LineString", "coordinates": [[-8.6615865, 41.2603968], [-8.6614779, 41.2602304], [-8.661384, 41.260109], [-8.6612767, 41.2599885], [-8.661038, 41.2597647], [-8.6609159, 41.2596739], [-8.6607946, 41.2595918], [-8.6606558, 41.2595096], [-8.6605109, 41.2594296], [-8.6595721, 41.2589784]]}, "properties": {"highway": "primary", "lane_markings": "yes", "lanes": "1", "maxspeed": "50", "maxspeed:type": "sign", "name": "Via Jos\u00e9 R\u00e9gio", "oneway": "yes", "ref": "EN 13", "sidewalk:both": "no", "surface": "asphalt", "width": "3.5"}}, {"type": "Feature", "geometry": {"type": "LineString", "coordinates": [[-8.653855, 41.9863589], [-8.6543136, 41.9862831], [-8.655769, 41.9860111], [-8.6567299, 41.9858167], [-8.6572892, 41.9856672], [-8.6576473, 41.9855451], [-8.657946, 41.98543], [-8.658476, 41.9852127], [-8.6587266, 41.9851013], [-8.6589015, 41.985049], [-8.6589685, 41.9850363]]}, "properties": {"highway": "primary", "oneway": "yes", "ref": "EN 13", "surface": "asphalt"}}, {"type": "Feature", "geometry": {"type": "LineString", "coordinates": [[-8.6408532, 42.0229575], [-8.6414409, 42.0247552], [-8.6414734, 42.0248604], [-8.641518, 42.0249975], [-8.6417213, 42.0256155], [-8.6419793, 42.0263733]]}, "properties": {"highway": "primary", "lanes": "2", "name": "Avenida Miguel Dantas", "oneway": "no", "ref": "EN 13", "surface": "asphalt"}}, {"type": "Feature", "geometry": {"type": "LineString", "coordinates": [[-8.865329, 41.782819], [-8.865418, 41.7830019], [-8.8668732, 41.7859926], [-8.8668995, 41.7860467], [-8.867466, 41.7872181]]}, "properties": {"highway": "primary", "oneway": "no", "ref": "EN 13", "surface": "asphalt"}}, {"type": "Feature", "geometry": {"type": "LineString", "coordinates": [[-8.857425, 41.798518], [-8.857263, 41.798908], [-8.85714, 41.799315]]}, "properties": {"highway": "primary", "lanes": "2", "oneway": "no", "ref": "EN 13", "surface": "asphalt"}}, {"type": "Feature", "geometry": {"type": "LineString", "coordinates": [[-8.8563698, 41.8042872], [-8.8563572, 41.8043476], [-8.8561748, 41.8052209]]}, "properties": {"highway": "primary", "lanes": "2", "oneway": "no", "ref": "EN 13", "surface": "asphalt"}}, {"type": "Feature", "geometry": {"type": "LineString", "coordinates": [[-8.85714, 41.799315], [-8.856975, 41.800365], [-8.856958, 41.800578], [-8.8568969, 41.8010139], [-8.8567517, 41.8020501], [-8.8566753, 41.8025956], [-8.856625, 41.802923], [-8.8563733, 41.8042437], [-8.8563698, 41.8042872]]}, "properties": {"highway": "primary", "incline": "down", "lanes": "2", "oneway": "no", "ref": "EN 13", "surface": "asphalt"}}, {"type": "Feature", "geometry": {"type": "LineString", "coordinates": [[-8.6442979, 42.0342155], [-8.6443811, 42.0342766]]}, "properties": {"highway": "primary", "name": "Avenida de Espanha", "ref": "EN 13", "surface": "sett"}}, {"type": "Feature", "geometry": {"type": "LineString", "coordinates": [[-8.734847, 41.3422679], [-8.7345064, 41.3420173]]}, "properties": {"highway": "primary", "lit": "yes", "maxspeed": "50", "name": "Avenida Mouzinho de Albuquerque", "oneway": "yes", "ref": "EN 13", "surface": "asphalt"}}, {"type": "Feature", "geometry": {"type": "LineString", "coordinates": [[-8.8604831, 41.8507898], [-8.8604516, 41.8508065]]}, "properties": {"highway": "primary", "junction": "roundabout", "lanes": "2", "ref": "EN 13", "smoothness": "good", "source": "Bing", "surface": "asphalt"}}, {"type": "Feature", "geometry": {"type": "LineString", "coordinates": [[-8.771076, 41.5168243], [-8.770907, 41.5169932], [-8.7708387, 41.5170766]]}, "properties": {"highway": "primary", "lanes": "2", "maxspeed": "50", "oneway": "no", "ref": "EN 13", "surface": "asphalt"}}, {"type": "Feature", "geometry": {"type": "LineString", "coordinates": [[-8.773481, 41.5138096], [-8.7734527, 41.5138887], [-8.7734124, 41.5139693], [-8.7733757, 41.5140325]]}, "properties": {"highway": "primary", "lanes": "2", "name": "Avenida Visconde de S\u00e3o Janu\u00e1rio", "oneway": "no", "postal_code": "4740-325", "ref": "EN 13", "smoothness": "good", "source": "bing", "surface": "asphalt"}}, {"type": "Feature", "geometry": {"type": "LineString", "coordinates": [[-8.7463851, 41.4682664], [-8.7465315, 41.4688957], [-8.7465923, 41.4692058], [-8.7466119, 41.4695119], [-8.7466127, 41.4696841], [-8.7466149, 41.4698847], [-8.7466162, 41.4700125], [-8.7466101, 41.4702276], [-8.746617, 41.4712582], [-8.7466179, 41.471474], [-8.7466226, 41.4738649], [-8.7466229, 41.4753708], [-8.746587, 41.4757003], [-8.7464255, 41.476467], [-8.7463971, 41.4766019], [-8.7463547, 41.4768173], [-8.7463273, 41.4771431], [-8.746359, 41.4779746], [-8.7463615, 41.4780415], [-8.7463876, 41.4789155], [-8.7464183, 41.4790598], [-8.7464571, 41.479192], [-8.7466207, 41.4794177], [-8.7472986, 41.4801239]]}, "properties": {"highway": "primary", "lanes": "2", "lit": "yes", "name": "Rua de S\u00e3o Bento", "oneway": "no", "postal_code": "4740-086", "ref": "EN 13", "sidewalk": "no", "smoothness": "excellent", "surface": "asphalt"}}, {"type": "Feature", "geometry": {"type": "LineString", "coordinates": [[-8.6485802, 41.2432223], [-8.6485438, 41.2432266]]}, "properties": {"highway": "primary", "junction": "roundabout", "lane_markings": "yes", "lanes": "3", "ref": "EN 13", "surface": "asphalt", "width": "11"}}, {"type": "Feature", "geometry": {"type": "LineString", "coordinates": [[-8.8657016, 41.7930355], [-8.8617534, 41.7952065], [-8.86146, 41.795365], [-8.861316, 41.795448], [-8.8610704, 41.7956031], [-8.8605721, 41.7958788], [-8.8604137, 41.7959653]]}, "properties": {"highway": "primary", "incline": "up", "lanes": "2", "lanes:backward": "1", "lanes:forward": "1", "oneway": "no", "ref": "EN 13", "surface": "asphalt"}}, {"type": "Feature", "geometry": {"type": "LineString", "coordinates": [[-8.7769106, 41.6167728], [-8.7769163, 41.6170253], [-8.7769885, 41.6174028], [-8.7770961, 41.6176824], [-8.7771548, 41.6177995], [-8.7773464, 41.6181852], [-8.777614, 41.6187388], [-8.7776798, 41.6189127], [-8.7777029, 41.6190577], [-8.7776999, 41.6192549], [-8.7776919, 41.6193072], [-8.7776072, 41.6196288], [-8.7774615, 41.6198751], [-8.7770884, 41.6203154], [-8.7766292, 41.6206841], [-8.7760872, 41.6210292], [-8.7757605, 41.6212193], [-8.7750606, 41.6216423], [-8.774688, 41.6218675], [-8.7743784, 41.6220963], [-8.7742239, 41.6222782], [-8.774091, 41.6224842], [-8.7738171, 41.623279], [-8.7735882, 41.6239433], [-8.7735123, 41.6241648], [-8.7732771, 41.6248622], [-8.7730542, 41.6255948], [-8.772963, 41.6261147], [-8.7729486, 41.6261969], [-8.7729312, 41.6262895], [-8.7728748, 41.6265294], [-8.7728363, 41.6267848], [-8.7728337, 41.626886], [-8.7728328, 41.626921], [-8.7728324, 41.6271623], [-8.7728638, 41.6273534], [-8.7729382, 41.6278923], [-8.7730634, 41.6287264], [-8.7731355, 41.6292045], [-8.7731692, 41.6295682], [-8.7731853, 41.6298646], [-8.7731865, 41.6299453], [-8.77318, 41.6302555], [-8.7731312, 41.6307167], [-8.7731043, 41.6309708], [-8.7730529, 41.6314562], [-8.7729349, 41.6325704], [-8.7728098, 41.6330022], [-8.7727404, 41.6332415], [-8.7726509, 41.6334152], [-8.772262, 41.63417], [-8.7722017, 41.6342862], [-8.772072, 41.6345364], [-8.7714264, 41.6357816], [-8.7711546, 41.6363057], [-8.7707284, 41.636869], [-8.7696829, 41.6379166], [-8.7694999, 41.6381], [-8.769446, 41.6381541], [-8.7693328, 41.6383127], [-8.7692122, 41.6384816], [-8.7688451, 41.6392023], [-8.7687463, 41.6393962]]}, "properties": {"highway": "primary", "oneway": "no", "ref": "EN 13", "surface": "asphalt"}}, {"type": "Feature", "geometry": {"type": "LineString", "coordinates": [[-8.7826501, 41.5485875], [-8.7826908, 41.5491334], [-8.7827422, 41.5497718], [-8.7827733, 41.5501904], [-8.7827824, 41.5503114], [-8.7828197, 41.5507813], [-8.7828487, 41.5511191], [-8.7830483, 41.5537125], [-8.7831951, 41.5556199], [-8.7832401, 41.5562869], [-8.7832487, 41.5563684]]}, "properties": {"highway": "primary", "lanes": "2", "lit": "yes", "name": "Avenida 19 de Agosto", "oneway": "no", "postal_code": "4740-575", "ref": "EN 13", "surface": "asphalt"}}, {"type": "Feature", "geometry": {"type": "LineString", "coordinates": [[-8.8225738, 41.6958613], [-8.8229379, 41.6961377], [-8.8229951, 41.6961429], [-8.8230539, 41.6961359], [-8.8231045, 41.696113], [-8.8231384, 41.6960894], [-8.8231613, 41.6960602], [-8.8231707, 41.6960255], [-8.8231592, 41.6959816], [-8.8231285, 41.6959414], [-8.8228356, 41.6957197], [-8.8227721, 41.6956745]]}, "properties": {"highway": "primary", "junction": "roundabout", "lanes": "2", "name": "Pra\u00e7a Dom Afonso III", "ref": "EN 13", "surface": "asphalt"}}, {"type": "Feature", "geometry": {"type": "LineString", "coordinates": [[-8.8225804, 41.6956922], [-8.8225428, 41.6957289]]}, "properties": {"highway": "primary", "junction": "roundabout", "lanes": "2", "name": "Pra\u00e7a Dom Afonso III", "ref": "EN 13", "surface": "asphalt"}}, {"type": "Feature", "geometry": {"type": "LineString", "coordinates": [[-8.7761136, 41.5315803], [-8.7761498, 41.5315464]]}, "properties": {"highway": "primary", "junction": "roundabout", "lane_markings": "no", "name": "Avenida 19 de Agosto", "postal_code": "4740-209", "ref": "EN 13", "surface": "asphalt"}}, {"type": "Feature", "geometry": {"type": "LineString", "coordinates": [[-8.7819191, 41.5397483], [-8.7818613, 41.5396633], [-8.781822, 41.5396223], [-8.7817667, 41.5395896]]}, "properties": {"highway": "primary", "junction": "roundabout", "lane_markings": "no", "lit": "yes", "name": "Avenida 19 de Agosto", "postal_code": "4740-209", "ref": "EN 13", "smoothness": "intermediate", "surface": "asphalt"}}, {"type": "Feature", "geometry": {"type": "LineString", "coordinates": [[-8.6272747, 41.2100627], [-8.6273607, 41.20719]]}, "properties": {"highway": "trunk", "lanes": "2", "maxspeed": "70", "name": "Via Norte", "oneway": "yes", "ref": "EN 14;EN 13", "surface": "asphalt"}}, {"type": "Feature", "geometry": {"type": "LineString", "coordinates": [[-8.627257, 41.2104036], [-8.6272747, 41.2100627]]}, "properties": {"bridge": "yes", "highway": "trunk", "lanes": "2", "layer": "1", "maxspeed": "70", "maxweight:signed": "no", "name": "Via Norte", "oneway": "yes", "ref": "EN 14;EN 13", "surface": "asphalt"}}, {"type": "Feature", "geometry": {"type": "LineString", "coordinates": [[-8.6270596, 41.2121817], [-8.6270543, 41.2125272], [-8.6270276, 41.2142525], [-8.6269451, 41.2169907]]}, "properties": {"highway": "trunk", "lanes": "2", "maxspeed": "70", "name": "Via Norte", "oneway": "yes", "ref": "EN 14;EN 13", "surface": "asphalt"}}, {"type": "Feature", "geometry": {"type": "LineString", "coordinates": [[-8.627131, 41.2100399], [-8.6271205, 41.2103803]]}, "properties": {"bridge": "yes", "highway": "trunk", "lanes": "2", "layer": "1", "maxspeed": "70", "maxweight:signed": "no", "name": "Via Norte", "oneway": "yes", "ref": "EN 14;EN 13", "surface": "asphalt"}}, {"type": "Feature", "geometry": {"type": "LineString", "coordinates": [[-8.6272224, 41.2071784], [-8.627131, 41.2100399]]}, "properties": {"highway": "trunk", "lanes": "2", "maxspeed": "70", "name": "Via Norte", "oneway": "yes", "ref": "EN 14;EN 13", "surface": "asphalt"}}, {"type": "Feature", "geometry": {"type": "LineString", "coordinates": [[-8.6273607, 41.20719], [-8.6273981, 41.2063616], [-8.6274408, 41.2054488], [-8.6274462, 41.2053337]]}, "properties": {"highway": "trunk", "lanes": "3", "maxheight": "default", "maxspeed": "70", "name": "Via Norte", "oneway": "yes", "ref": "EN 14;EN 13", "surface": "asphalt"}}, {"type": "Feature", "geometry": {"type": "LineString", "coordinates": [[-8.7825398, 41.5458325], [-8.7824761, 41.5457082], [-8.7824156, 41.5456149]]}, "properties": {"highway": "primary", "lane_markings": "no", "lit": "yes", "name": "Avenida 19 de Agosto", "oneway": "yes", "postal_code": "4740-575", "ref": "EN 13", "surface": "asphalt"}}, {"type": "Feature", "geometry": {"type": "LineString", "coordinates": [[-8.7824609, 41.5462288], [-8.7825582, 41.5460713]]}, "properties": {"highway": "primary", "lane_markings": "no", "lit": "yes", "name": "Avenida 19 de Agosto", "oneway": "yes", "postal_code": "4740-575", "ref": "EN 13", "surface": "asphalt"}}, {"type": "Feature", "geometry": {"type": "LineString", "coordinates": [[-8.7823754, 41.5460842], [-8.7824609, 41.5462288]]}, "properties": {"highway": "primary", "lane_markings": "no", "lit": "yes", "name": "Avenida 19 de Agosto", "oneway": "yes", "postal_code": "4740-575", "ref": "EN 13", "surface": "asphalt"}}, {"type": "Feature", "geometry": {"type": "LineString", "coordinates": [[-8.7824156, 41.5456149], [-8.7823845, 41.5457101], [-8.7823483, 41.5458391]]}, "properties": {"highway": "primary", "lane_markings": "no", "lit": "yes", "name": "Avenida 19 de Agosto", "oneway": "yes", "postal_code": "4740-575", "ref": "EN 13", "surface": "asphalt"}}, {"type": "Feature", "geometry": {"type": "LineString", "coordinates": [[-8.7811741, 41.5389345], [-8.7815052, 41.5394185]]}, "properties": {"highway": "primary", "lanes": "2", "lit": "yes", "name": "Avenida 19 de Agosto", "oneway": "no", "postal_code": "4740-209", "ref": "EN 13", "surface": "asphalt"}}, {"type": "Feature", "geometry": {"type": "LineString", "coordinates": [[-8.7806155, 41.5381445], [-8.7811741, 41.5389345]]}, "properties": {"highway": "primary", "lanes": "2", "name": "Avenida 19 de Agosto", "oneway": "no", "postal_code": "4740-209", "ref": "EN 13", "surface": "asphalt"}}, {"type": "Feature", "geometry": {"type": "LineString", "coordinates": [[-8.6476645, 41.2426139], [-8.6477913, 41.2427565], [-8.6479596, 41.2429198], [-8.6480413, 41.2430065]]}, "properties": {"cycleway:both": "no", "highway": "primary", "lane_markings": "yes", "lanes": "1", "maxspeed": "70", "name": "Avenida de Dom Mendo", "oneway": "yes", "ref": "EN 13", "surface": "asphalt", "width": "3.5"}}, {"type": "Feature", "geometry": {"type": "LineString", "coordinates": [[-8.6459955, 41.2407598], [-8.6458652, 41.2406306], [-8.6449666, 41.2396971], [-8.6447838, 41.2395079]]}, "properties": {"cycleway:both": "no", "highway": "primary", "lane_markings": "yes", "lanes": "1", "name": "Avenida de Dom Mendo", "oneway": "yes", "ref": "EN 13", "surface": "asphalt", "width": "3.5"}}, {"type": "Feature", "geometry": {"type": "LineString", "coordinates": [[-8.6447838, 41.2395079], [-8.6445642, 41.239284], [-8.6443888, 41.2391048]]}, "properties": {"cycleway:both": "no", "highway": "primary", "lane_markings": "yes", "lanes": "2", "maxspeed": "70", "name": "Avenida de Dom Mendo", "oneway": "yes", "placement": "middle_of:1", "ref": "EN 13", "surface": "asphalt", "width": "7"}}, {"type": "Feature", "geometry": {"type": "LineString", "coordinates": [[-8.7759319, 41.5307241], [-8.7759458, 41.5309826]]}, "properties": {"highway": "primary", "lanes": "2", "name": "Avenida 19 de Agosto", "oneway": "no", "postal_code": "4740-209", "ref": "EN 13", "surface": "asphalt"}}, {"type": "Feature", "geometry": {"type": "LineString", "coordinates": [[-8.7604233, 41.5017141], [-8.7604597, 41.5017577], [-8.7605002, 41.5018061]]}, "properties": {"highway": "primary", "lanes": "2", "name": "Avenida Visconde de S\u00e3o Janu\u00e1rio", "oneway": "no", "postal_code": "4740-416", "ref": "EN 13", "surface": "asphalt"}}, {"type": "Feature", "geometry": {"type": "LineString", "coordinates": [[-8.7605002, 41.5018061], [-8.7605918, 41.5019157]]}, "properties": {"highway": "primary", "lanes": "2", "name": "Avenida Visconde de S\u00e3o Janu\u00e1rio", "oneway": "no", "postal_code": "4740-416", "ref": "EN 13", "surface": "asphalt"}}, {"type": "Feature", "geometry": {"type": "LineString", "coordinates": [[-8.7559864, 41.4948154], [-8.7561096, 41.4950928], [-8.7575018, 41.4973087], [-8.7582886, 41.4985846]]}, "properties": {"highway": "primary", "lanes": "2", "name": "Rua de Paredes", "oneway": "no", "postal_code": "4740-424", "ref": "EN 13", "smoothness": "good", "surface": "asphalt"}}, {"type": "Feature", "geometry": {"type": "LineString", "coordinates": [[-8.6788488, 41.2815884], [-8.678821, 41.2814765], [-8.6787271, 41.2810996], [-8.678644, 41.280771], [-8.6785474, 41.2804243], [-8.6784361, 41.2800812], [-8.6783918, 41.2799287]]}, "properties": {"highway": "primary", "lanes": "1", "oneway": "yes", "ref": "EN 13", "surface": "asphalt"}}, {"type": "Feature", "geometry": {"type": "LineString", "coordinates": [[-8.85961, 41.7231476], [-8.8596169, 41.7232212], [-8.8596367, 41.723434]]}, "properties": {"highway": "primary", "name": "Avenida do Meio", "oneway": "no", "ref": "EN 13", "surface": "asphalt"}}, {"type": "Feature", "geometry": {"type": "LineString", "coordinates": [[-8.6540742, 41.2544844], [-8.6540119, 41.2544608], [-8.6539429, 41.2544533], [-8.6538743, 41.2544627]]}, "properties": {"highway": "primary", "junction": "roundabout", "lanes": "2", "maxspeed": "50", "maxspeed:type": "sign", "ref": "EN 13", "source": "survey;local knowledge", "surface": "asphalt"}}, {"type": "Feature", "geometry": {"type": "LineString", "coordinates": [[-8.6280597, 41.2242606], [-8.6281514, 41.2243347], [-8.628246, 41.2244025], [-8.6283429, 41.2244655], [-8.6284439, 41.2245256], [-8.6285423, 41.224577], [-8.6286436, 41.2246249], [-8.6288573, 41.2247109], [-8.6289728, 41.2247505], [-8.6290919, 41.2247845], [-8.6292203, 41.2248178], [-8.629345, 41.2248427], [-8.6295918, 41.2248751], [-8.6298423, 41.2248917], [-8.6304414, 41.2248911]]}, "properties": {"highway": "primary", "lanes": "1", "maxspeed": "50", "maxspeed:type": "sign", "oneway": "yes", "ref": "EN 13", "surface": "asphalt"}}, {"type": "Feature", "geometry": {"type": "LineString", "coordinates": [[-8.6313456, 41.2248902], [-8.6315437, 41.2249036], [-8.6317174, 41.2249265], [-8.6318706, 41.224954], [-8.6320145, 41.2250037]]}, "properties": {"highway": "primary", "lanes": "1", "maxspeed": "50", "maxspeed:type": "sign", "name": "Avenida de Dom Mendo", "oneway": "yes", "ref": "EN 13", "surface": "asphalt"}}, {"type": "Feature", "geometry": {"type": "LineString", "coordinates": [[-8.6279082, 41.1965322], [-8.6276802, 41.19727], [-8.6276033, 41.1975333], [-8.6274852, 41.1981569]]}, "properties": {"highway": "trunk", "lanes": "2", "maxspeed": "70", "name": "Via Norte", "oneway": "yes", "ref": "EN 14;EN 13", "surface": "asphalt"}}, {"type": "Feature", "geometry": {"type": "LineString", "coordinates": [[-8.6274852, 41.1981569], [-8.6273274, 41.1989572]]}, "properties": {"highway": "trunk", "lanes": "3", "maxspeed": "70", "name": "Via Norte", "oneway": "yes", "ref": "EN 14;EN 13", "surface": "asphalt"}}, {"type": "Feature", "geometry": {"type": "LineString", "coordinates": [[-8.6275092, 41.2025225], [-8.6275283, 41.2016826], [-8.6274638, 41.2003327], [-8.6274539, 41.1999985], [-8.6274447, 41.1997511], [-8.6274592, 41.1993186], [-8.6276026, 41.1983191], [-8.6276952, 41.1975505]]}, "properties": {"highway": "trunk", "lanes": "3", "maxspeed": "70", "name": "Via Norte", "oneway": "yes", "ref": "EN 14;EN 13", "surface": "asphalt"}}, {"type": "Feature", "geometry": {"type": "LineString", "coordinates": [[-8.6233708, 41.1843477], [-8.6236144, 41.18468]]}, "properties": {"highway": "trunk", "lanes": "2", "maxspeed": "70", "name": "Via Norte", "oneway": "yes", "ref": "EN 14;EN 13", "turn:lanes": "through|through;right"}}, {"type": "Feature", "geometry": {"type": "LineString", "coordinates": [[-8.6234997, 41.1842914], [-8.6231934, 41.1838388], [-8.6229657, 41.1835241]]}, "properties": {"highway": "trunk", "lanes": "2", "maxspeed": "70", "maxspeed:type": "sign", "name": "Via Norte", "oneway": "yes", "ref": "EN 14;EN 13"}}, {"type": "Feature", "geometry": {"type": "LineString", "coordinates": [[-8.768779, 41.6408704], [-8.7688817, 41.6410301], [-8.7690557, 41.6412844], [-8.7690956, 41.6413426]]}, "properties": {"highway": "primary", "lanes": "2", "maxspeed": "70", "oneway": "no", "ref": "EN 13", "surface": "asphalt"}}, {"type": "Feature", "geometry": {"type": "LineString", "coordinates": [[-8.7690856, 41.6416258], [-8.7691031, 41.6416742], [-8.7691401, 41.641714], [-8.7691856, 41.6417405], [-8.7692129, 41.6417492], [-8.7692416, 41.6417547], [-8.7692604, 41.6417564], [-8.7693227, 41.6417527], [-8.769371, 41.6417386], [-8.7694126, 41.6417156], [-8.7694448, 41.6416852], [-8.7694676, 41.6416422], [-8.7694714, 41.6415961], [-8.7694559, 41.6415514], [-8.7694225, 41.6415125], [-8.7693746, 41.6414833], [-8.7693258, 41.6414711], [-8.769271, 41.6414672], [-8.7691893, 41.6414829], [-8.7691403, 41.6415106], [-8.7691043, 41.6415389], [-8.769088, 41.6415848], [-8.7690856, 41.6416258]]}, "properties": {"highway": "primary", "junction": "roundabout", "lanes": "2", "ref": "EN 13", "surface": "asphalt"}}, {"type": "Feature", "geometry": {"type": "LineString", "coordinates": [[-8.7690956, 41.6413426], [-8.7690974, 41.6413819], [-8.7691017, 41.6414239], [-8.7691058, 41.6414752], [-8.7691043, 41.6415389]]}, "properties": {"highway": "primary", "oneway": "yes", "ref": "EN 13", "surface": "asphalt"}}, {"type": "Feature", "geometry": {"type": "LineString", "coordinates": [[-8.7694639, 41.6418791], [-8.7694518, 41.6418151], [-8.7694476, 41.6417528], [-8.7694448, 41.6416852]]}, "properties": {"highway": "primary", "oneway": "yes", "ref": "EN 13", "surface": "asphalt"}}, {"type": "Feature", "geometry": {"type": "LineString", "coordinates": [[-8.744415, 41.9383593], [-8.7444896, 41.9382567], [-8.7445138, 41.9382248], [-8.7445472, 41.9381838], [-8.7445794, 41.9381499], [-8.7446103, 41.938123], [-8.7446506, 41.9380931], [-8.7447203, 41.9380412], [-8.7447954, 41.9379893], [-8.7448786, 41.9379275], [-8.7450234, 41.9378197], [-8.7451334, 41.9377359], [-8.7452004, 41.9376841], [-8.7452687, 41.9376291], [-8.7453319, 41.9375783], [-8.7454125, 41.9375162], [-8.7456711, 41.9373015], [-8.7457972, 41.937205], [-8.7458645, 41.9371466], [-8.7461126, 41.936938], [-8.7461905, 41.936866], [-8.74653, 41.9365391], [-8.7467448, 41.9363145], [-8.746954, 41.9360796], [-8.7471274, 41.935886], [-8.747264, 41.9357311], [-8.7474488, 41.9354921], [-8.7480373, 41.9346877], [-8.7482414, 41.9344034]]}, "properties": {"highway": "primary", "maxspeed": "50", "name": "Rua de Santa Marinha", "oneway": "yes", "ref": "EN 13", "source": "Bing", "surface": "asphalt"}}, {"type": "Feature", "geometry": {"type": "LineString", "coordinates": [[-8.7482414, 41.9344034], [-8.7482926, 41.9343319]]}, "properties": {"bridge": "yes", "highway": "primary", "layer": "1", "name": "Rua de Santa Marinha", "oneway": "yes", "ref": "EN 13", "source": "Bing", "surface": "asphalt"}}, {"type": "Feature", "geometry": {"type": "LineString", "coordinates": [[-8.748197, 41.9343833], [-8.7480483, 41.9345898], [-8.7473169, 41.9355965], [-8.7471533, 41.9357998], [-8.7469095, 41.9360704], [-8.7467082, 41.9362914], [-8.7465107, 41.9364963], [-8.7462376, 41.9367587], [-8.7461913, 41.9368032], [-8.7458938, 41.9370683], [-8.7456393, 41.9372724], [-8.7453629, 41.9374786], [-8.7452728, 41.9375424], [-8.7451882, 41.9375992], [-8.7450663, 41.9376821], [-8.744782, 41.9378756], [-8.7446069, 41.9379957], [-8.7445111, 41.9380572], [-8.7444655, 41.9380851], [-8.7444226, 41.938111], [-8.7443823, 41.938131], [-8.7443448, 41.938147], [-8.7443099, 41.9381589], [-8.7442763, 41.9381678], [-8.7441958, 41.9381874]]}, "properties": {"highway": "primary", "name": "Rua de Santa Marinha", "oneway": "yes", "ref": "EN 13", "source": "Bing", "surface": "asphalt"}}, {"type": "Feature", "geometry": {"type": "LineString", "coordinates": [[-8.7482484, 41.9343119], [-8.748197, 41.9343833]]}, "properties": {"bridge": "yes", "highway": "primary", "layer": "1", "name": "Rua de Santa Marinha", "oneway": "yes", "ref": "EN 13", "source": "Bing", "surface": "asphalt"}}, {"type": "Feature", "geometry": {"type": "LineString", "coordinates": [[-8.6887191, 41.2928692], [-8.6881123, 41.2924694], [-8.6874913, 41.2920602], [-8.6869671, 41.2917102], [-8.6869133, 41.2916742], [-8.6863057, 41.2912682], [-8.6856171, 41.2908102]]}, "properties": {"highway": "primary", "lanes": "2", "lanes:backward": "1", "lanes:forward": "1", "oneway": "no", "ref": "EN 13", "surface": "asphalt", "turn:lanes:forward": "through;right"}}, {"type": "Feature", "geometry": {"type": "LineString", "coordinates": [[-8.6888029, 41.2929255], [-8.6887191, 41.2928692]]}, "properties": {"bridge": "yes", "bridge:ref": "2290", "highway": "primary", "lanes": "2", "layer": "1", "maxweight:signed": "no", "oneway": "no", "ref": "EN 13", "surface": "asphalt"}}, {"type": "Feature", "geometry": {"type": "LineString", "coordinates": [[-8.6748259, 41.2743248], [-8.6746655, 41.2741798], [-8.6741783, 41.2737429]]}, "properties": {"divider": "solid_line", "highway": "primary", "lane_markings": "yes", "lanes": "3", "lanes:backward": "2", "lanes:forward": "1", "maxspeed": "50", "maxspeed:type": "sign", "name": "Via Jos\u00e9 R\u00e9gio", "oneway": "no", "ref": "EN 13", "surface": "asphalt", "turn:lanes:backward": "left|through;right", "width": "10.5"}}, {"type": "Feature", "geometry": {"type": "LineString", "coordinates": [[-8.7283905, 41.3384739], [-8.729134, 41.3388842]]}, "properties": {"highway": "primary", "lanes": "1", "maxspeed": "50", "oneway": "no", "ref": "EN 13", "surface": "asphalt"}}, {"type": "Feature", "geometry": {"type": "LineString", "coordinates": [[-8.7283035, 41.3384259], [-8.7283905, 41.3384739]]}, "properties": {"bridge": "yes", "highway": "primary", "lanes": "1", "layer": "1", "maxspeed": "50", "oneway": "no", "ref": "EN 13", "surface": "asphalt"}}, {"type": "Feature", "geometry": {"type": "LineString", "coordinates": [[-8.6494846, 41.2494462], [-8.6494536, 41.2494716], [-8.6494225, 41.2495253], [-8.6494171, 41.2495836], [-8.6494379, 41.2496401], [-8.6494827, 41.249688], [-8.6495462, 41.2497219]]}, "properties": {"highway": "primary", "junction": "roundabout", "lanes": "2", "ref": "EN 13", "source": "survey;local knowledge", "surface": "asphalt"}}, {"type": "Feature", "geometry": {"type": "LineString", "coordinates": [[-8.6629184, 41.2628733], [-8.6629869, 41.2629723]]}, "properties": {"divider": "solid_line", "highway": "primary", "lane_markings": "yes", "lanes": "1", "name": "Via Jos\u00e9 R\u00e9gio", "oneway": "yes", "ref": "EN 13", "surface": "asphalt", "width": "3.5"}}, {"type": "Feature", "geometry": {"type": "LineString", "coordinates": [[-8.6638561, 41.2640364], [-8.6637101, 41.2638138], [-8.6635787, 41.2636318], [-8.6634621, 41.2635335]]}, "properties": {"highway": "primary", "lane_markings": "yes", "lanes": "1", "maxspeed": "50", "maxspeed:type": "sign", "name": "Via Jos\u00e9 R\u00e9gio", "oneway": "yes", "ref": "EN 13", "surface": "asphalt", "width": "3.5"}}, {"type": "Feature", "geometry": {"type": "LineString", "coordinates": [[-8.7396334, 41.3516534], [-8.7396486, 41.3516826]]}, "properties": {"highway": "primary", "noname": "yes", "oneway": "no", "ref": "EN 13"}}, {"type": "Feature", "geometry": {"type": "LineString", "coordinates": [[-8.776921, 41.6165155], [-8.7769204, 41.6165294]]}, "properties": {"highway": "primary", "lanes": "2", "lanes:backward": "1", "lanes:forward": "1", "oneway": "no", "ref": "EN 13", "surface": "asphalt"}}, {"type": "Feature", "geometry": {"type": "LineString", "coordinates": [[-8.7344302, 41.3420825], [-8.7347921, 41.3423153]]}, "properties": {"highway": "primary", "maxspeed": "50", "name": "Avenida Mouzinho de Albuquerque", "oneway": "yes", "ref": "EN 13", "surface": "asphalt"}}, {"type": "Feature", "geometry": {"type": "LineString", "coordinates": [[-8.7368482, 41.3446548], [-8.7368623, 41.3446738], [-8.7369086, 41.3447363]]}, "properties": {"highway": "primary", "name": "Avenida Mouzinho de Albuquerque", "oneway": "no", "ref": "EN 13", "surface": "asphalt"}}, {"type": "Feature", "geometry": {"type": "LineString", "coordinates": [[-8.7373665, 41.3453874], [-8.7375839, 41.3456999], [-8.73763, 41.3457723], [-8.7377115, 41.3459006], [-8.7377786, 41.3460402], [-8.7377853, 41.346054], [-8.7380907, 41.3466895], [-8.7381188, 41.3467481], [-8.7381589, 41.3468315], [-8.7383023, 41.3471738], [-8.7383522, 41.3473405], [-8.7383561, 41.3475246], [-8.7383587, 41.3475801], [-8.7383364, 41.347782], [-8.7383209, 41.347869]]}, "properties": {"highway": "primary", "name": "Avenida Mouzinho de Albuquerque", "oneway": "no", "ref": "EN 13", "surface": "asphalt"}}, {"type": "Feature", "geometry": {"type": "LineString", "coordinates": [[-8.7366687, 41.3443922], [-8.7367562, 41.3445205], [-8.7368482, 41.3446548]]}, "properties": {"highway": "primary", "name": "Avenida Mouzinho de Albuquerque", "oneway": "no", "ref": "EN 13", "surface": "asphalt"}}, {"type": "Feature", "geometry": {"type": "LineString", "coordinates": [[-8.7366426, 41.3443552], [-8.7366687, 41.3443922]]}, "properties": {"highway": "primary", "name": "Avenida Mouzinho de Albuquerque", "oneway": "no", "ref": "EN 13", "surface": "asphalt"}}, {"type": "Feature", "geometry": {"type": "LineString", "coordinates": [[-8.7364835, 41.344108], [-8.7366426, 41.3443552]]}, "properties": {"highway": "primary", "name": "Avenida Mouzinho de Albuquerque", "oneway": "no", "ref": "EN 13", "surface": "asphalt"}}, {"type": "Feature", "geometry": {"type": "LineString", "coordinates": [[-8.7662314, 41.4171707], [-8.7661829, 41.417387]]}, "properties": {"highway": "primary", "lit": "yes", "oneway": "no", "ref": "EN 13", "sidewalk": "right", "source": "bing", "surface": "asphalt"}}, {"type": "Feature", "geometry": {"type": "LineString", "coordinates": [[-8.7661829, 41.417387], [-8.7661688, 41.4174522]]}, "properties": {"highway": "primary", "lit": "yes", "oneway": "no", "ref": "EN 13", "sidewalk": "right", "source": "bing", "surface": "asphalt"}}, {"type": "Feature", "geometry": {"type": "LineString", "coordinates": [[-8.7661368, 41.4175675], [-8.7661177, 41.4176365], [-8.7660645, 41.417863]]}, "properties": {"highway": "primary", "lit": "yes", "oneway": "no", "ref": "EN 13", "source": "bing", "surface": "asphalt"}}, {"type": "Feature", "geometry": {"type": "LineString", "coordinates": [[-8.7647817, 41.4232253], [-8.7647427, 41.4233605], [-8.7646749, 41.4236024], [-8.7645859, 41.4238283], [-8.7644905, 41.4240382], [-8.7643739, 41.4242482], [-8.7641372, 41.4246309], [-8.7640246, 41.4248298], [-8.7633589, 41.4259401], [-8.7626492, 41.4271184], [-8.7625947, 41.4272096], [-8.7625696, 41.4272515], [-8.7608368, 41.4301493], [-8.7607807, 41.430243]]}, "properties": {"highway": "primary", "lanes": "2", "lit": "yes", "oneway": "no", "ref": "EN 13", "sidewalk": "both", "smoothness": "good", "source": "bing", "surface": "asphalt"}}, {"type": "Feature", "geometry": {"type": "LineString", "coordinates": [[-8.7564147, 41.4369469], [-8.7561863, 41.4374382]]}, "properties": {"highway": "primary", "lit": "yes", "oneway": "no", "ref": "EN 13", "source": "bing", "surface": "asphalt"}}, {"type": "Feature", "geometry": {"type": "LineString", "coordinates": [[-8.7561863, 41.4374382], [-8.7560987, 41.43764]]}, "properties": {"highway": "primary", "lit": "yes", "oneway": "no", "ref": "EN 13", "source": "bing", "surface": "asphalt"}}, {"type": "Feature", "geometry": {"type": "LineString", "coordinates": [[-8.7560987, 41.43764], [-8.7560321, 41.4378]]}, "properties": {"highway": "primary", "lit": "yes", "oneway": "no", "ref": "EN 13", "source": "bing", "surface": "asphalt"}}, {"type": "Feature", "geometry": {"type": "LineString", "coordinates": [[-8.7542396, 41.4440341], [-8.7540621, 41.4446327], [-8.753805, 41.4455692], [-8.7537611, 41.445729], [-8.7536283, 41.4461941], [-8.7534915, 41.4466791], [-8.7529793, 41.4484947], [-8.7527969, 41.4491539], [-8.7524942, 41.450216], [-8.7522607, 41.4509564], [-8.752185, 41.4512157]]}, "properties": {"highway": "primary", "lanes": "2", "lit": "yes", "oneway": "no", "ref": "EN 13", "sidewalk": "no", "smoothness": "excellent", "source": "bing", "surface": "asphalt"}}, {"type": "Feature", "geometry": {"type": "LineString", "coordinates": [[-8.7506712, 41.4565747], [-8.7504792, 41.4571258], [-8.7504187, 41.4572984], [-8.7499478, 41.4586432], [-8.7499096, 41.4587523], [-8.7497876, 41.4590984], [-8.7492932, 41.4605013], [-8.7491872, 41.4608104], [-8.7491764, 41.4608418], [-8.7488336, 41.4618416], [-8.7486686, 41.4622493], [-8.748525, 41.4625606], [-8.748424, 41.4627795], [-8.7483296, 41.4629638], [-8.7483169, 41.4629886], [-8.7482785, 41.4630635], [-8.7482124, 41.4631798], [-8.7480217, 41.4634991], [-8.7476328, 41.4640559], [-8.7472808, 41.4645206], [-8.7472385, 41.4645765], [-8.7470057, 41.4649188], [-8.7467836, 41.4652771], [-8.7466975, 41.4654527], [-8.7466221, 41.4656282], [-8.7464875, 41.4659794], [-8.7463963, 41.4663], [-8.7463266, 41.4666206], [-8.7462845, 41.4669998], [-8.7462718, 41.4672314], [-8.7462557, 41.4674525], [-8.7462956, 41.4677955], [-8.7463038, 41.4678887]]}, "properties": {"highway": "primary", "lanes": "2", "lit": "yes", "oneway": "no", "ref": "EN 13", "sidewalk": "no", "smoothness": "good", "source": "bing", "surface": "asphalt"}}, {"type": "Feature", "geometry": {"type": "LineString", "coordinates": [[-8.7507905, 41.4561766], [-8.7506712, 41.4565747]]}, "properties": {"highway": "primary", "oneway": "no", "ref": "EN 13", "source": "bing", "surface": "asphalt"}}, {"type": "Feature", "geometry": {"type": "LineString", "coordinates": [[-8.7508589, 41.455942], [-8.7507905, 41.4561766]]}, "properties": {"highway": "primary", "oneway": "no", "ref": "EN 13", "source": "bing", "surface": "asphalt"}}, {"type": "Feature", "geometry": {"type": "LineString", "coordinates": [[-8.7472986, 41.4801239], [-8.7474815, 41.4803065]]}, "properties": {"highway": "primary", "lit": "yes", "name": "Rua de S\u00e3o Bento", "oneway": "no", "postal_code": "4740-086", "ref": "EN 13", "sidewalk:both": "no", "surface": "asphalt"}}, {"type": "Feature", "geometry": {"type": "LineString", "coordinates": [[-8.7474815, 41.4803065], [-8.7477075, 41.4805344]]}, "properties": {"highway": "primary", "lit": "yes", "name": "Rua de S\u00e3o Bento", "oneway": "no", "postal_code": "4740-086", "ref": "EN 13", "sidewalk:both": "no", "surface": "asphalt"}}, {"type": "Feature", "geometry": {"type": "LineString", "coordinates": [[-8.7481613, 41.4809014], [-8.7484686, 41.4811182], [-8.7486052, 41.4812555]]}, "properties": {"highway": "primary", "lit": "yes", "name": "Rua de S\u00e3o Bento", "oneway": "no", "postal_code": "4740-086", "ref": "EN 13", "sidewalk:both": "no", "surface": "asphalt"}}, {"type": "Feature", "geometry": {"type": "LineString", "coordinates": [[-8.7582886, 41.4985846], [-8.7584375, 41.4988216]]}, "properties": {"highway": "primary", "lanes": "2", "name": "Rua de Paredes", "oneway": "no", "postal_code": "4740-424", "ref": "EN 13", "surface": "asphalt"}}, {"type": "Feature", "geometry": {"type": "LineString", "coordinates": [[-8.7584375, 41.4988216], [-8.7586042, 41.4990578]]}, "properties": {"highway": "primary", "lanes": "2", "name": "Rua de Paredes", "oneway": "no", "postal_code": "4740-424", "ref": "EN 13", "surface": "asphalt"}}, {"type": "Feature", "geometry": {"type": "LineString", "coordinates": [[-8.7586042, 41.4990578], [-8.7586598, 41.4991331]]}, "properties": {"highway": "primary", "lanes": "2", "name": "Rua de Paredes", "oneway": "no", "postal_code": "4740-424", "ref": "EN 13", "surface": "asphalt"}}, {"type": "Feature", "geometry": {"type": "LineString", "coordinates": [[-8.7586598, 41.4991331], [-8.7589112, 41.4995225], [-8.7598981, 41.501077], [-8.7604233, 41.5017141]]}, "properties": {"highway": "primary", "lanes": "2", "name": "Avenida Visconde de S\u00e3o Janu\u00e1rio", "oneway": "no", "postal_code": "4740-416", "ref": "EN 13", "smoothness": "good", "surface": "asphalt"}}, {"type": "Feature", "geometry": {"type": "LineString", "coordinates": [[-8.7799723, 41.670892], [-8.7797812, 41.6711528]]}, "properties": {"highway": "primary", "maxspeed": "50", "oneway": "no", "ref": "EN 13", "surface": "asphalt"}}, {"type": "Feature", "geometry": {"type": "LineString", "coordinates": [[-8.7797812, 41.6711528], [-8.7796293, 41.6713931]]}, "properties": {"highway": "primary", "maxspeed": "50", "oneway": "no", "ref": "EN 13", "surface": "asphalt"}}, {"type": "Feature", "geometry": {"type": "LineString", "coordinates": [[-8.7796293, 41.6713931], [-8.7795742, 41.6715325]]}, "properties": {"highway": "primary", "maxspeed": "50", "oneway": "no", "ref": "EN 13", "surface": "asphalt"}}, {"type": "Feature", "geometry": {"type": "LineString", "coordinates": [[-8.7795742, 41.6715325], [-8.779542, 41.6716429], [-8.7795419, 41.6718189], [-8.7795651, 41.6719503]]}, "properties": {"highway": "primary", "maxspeed": "50", "oneway": "no", "ref": "EN 13", "surface": "asphalt"}}, {"type": "Feature", "geometry": {"type": "LineString", "coordinates": [[-8.7795651, 41.6719503], [-8.7796141, 41.6720704], [-8.7797295, 41.6722759]]}, "properties": {"highway": "primary", "maxspeed": "50", "oneway": "no", "ref": "EN 13", "surface": "asphalt"}}, {"type": "Feature", "geometry": {"type": "LineString", "coordinates": [[-8.7797295, 41.6722759], [-8.779852, 41.6724334]]}, "properties": {"highway": "primary", "maxspeed": "50", "oneway": "no", "ref": "EN 13", "surface": "asphalt"}}, {"type": "Feature", "geometry": {"type": "LineString", "coordinates": [[-8.8656228, 41.7568573], [-8.8653502, 41.7576622], [-8.865228, 41.758078], [-8.8650955, 41.7584974]]}, "properties": {"highway": "primary", "oneway": "no", "ref": "EN 13", "surface": "asphalt"}}, {"type": "Feature", "geometry": {"type": "LineString", "coordinates": [[-8.8650955, 41.7584974], [-8.865018, 41.7587354]]}, "properties": {"highway": "primary", "oneway": "no", "ref": "EN 13", "surface": "asphalt"}}, {"type": "Feature", "geometry": {"type": "LineString", "coordinates": [[-8.865018, 41.7587354], [-8.864843, 41.759335], [-8.864373, 41.760765], [-8.864327, 41.760948], [-8.86384, 41.76243], [-8.863497, 41.763625], [-8.863317, 41.764428], [-8.863102, 41.76558], [-8.8630768, 41.7657438], [-8.863018, 41.766127], [-8.862828, 41.767808], [-8.86279, 41.768132], [-8.8626745, 41.7693237], [-8.86258, 41.770013], [-8.8625341, 41.7704385], [-8.8623962, 41.7717165], [-8.8623012, 41.7725976]]}, "properties": {"highway": "primary", "lanes": "2", "oneway": "no", "ref": "EN 13", "smoothness": "good", "surface": "asphalt"}}, {"type": "Feature", "geometry": {"type": "LineString", "coordinates": [[-8.8623012, 41.7725976], [-8.862212, 41.773467], [-8.8622103, 41.7735657]]}, "properties": {"highway": "primary", "oneway": "no", "ref": "EN 13", "surface": "asphalt"}}, {"type": "Feature", "geometry": {"type": "LineString", "coordinates": [[-8.8622061, 41.7737989], [-8.8621994, 41.7741611], [-8.8622304, 41.7748108]]}, "properties": {"highway": "primary", "oneway": "no", "ref": "EN 13"}}, {"type": "Feature", "geometry": {"type": "LineString", "coordinates": [[-8.8622304, 41.7748108], [-8.8622393, 41.7749057]]}, "properties": {"highway": "primary", "oneway": "no", "ref": "EN 13"}}, {"type": "Feature", "geometry": {"type": "LineString", "coordinates": [[-8.8622393, 41.7749057], [-8.862245, 41.775008], [-8.8622519, 41.7750582], [-8.862343, 41.775718], [-8.862452, 41.776243], [-8.86275, 41.777257], [-8.86287, 41.777587], [-8.8632191, 41.7783421], [-8.863655, 41.779285], [-8.8645429, 41.781151]]}, "properties": {"highway": "primary", "oneway": "no", "ref": "EN 13"}}, {"type": "Feature", "geometry": {"type": "LineString", "coordinates": [[-8.8646957, 41.7814722], [-8.8647957, 41.7816823]]}, "properties": {"highway": "primary", "oneway": "no", "ref": "EN 13", "surface": "asphalt"}}, {"type": "Feature", "geometry": {"type": "LineString", "coordinates": [[-8.8645429, 41.781151], [-8.8646957, 41.7814722]]}, "properties": {"highway": "primary", "oneway": "no", "ref": "EN 13", "surface": "asphalt"}}, {"type": "Feature", "geometry": {"type": "LineString", "coordinates": [[-8.8647957, 41.7816823], [-8.8649313, 41.7819673]]}, "properties": {"highway": "primary", "oneway": "no", "ref": "EN 13", "surface": "asphalt"}}, {"type": "Feature", "geometry": {"type": "LineString", "coordinates": [[-8.8559594, 41.8063364], [-8.8559289, 41.8065868]]}, "properties": {"highway": "primary", "lanes": "2", "oneway": "no", "ref": "EN 13", "source": "Bing", "surface": "asphalt"}}, {"type": "Feature", "geometry": {"type": "LineString", "coordinates": [[-8.8640032, 41.8185583], [-8.8644911, 41.8190065]]}, "properties": {"highway": "primary", "oneway": "no", "ref": "EN 13", "surface": "asphalt"}}, {"type": "Feature", "geometry": {"type": "LineString", "coordinates": [[-8.8644911, 41.8190065], [-8.8645681, 41.8190783], [-8.8646354, 41.8191392]]}, "properties": {"highway": "primary", "oneway": "no", "ref": "EN 13", "surface": "asphalt"}}, {"type": "Feature", "geometry": {"type": "LineString", "coordinates": [[-8.8646354, 41.8191392], [-8.8647785, 41.8192716]]}, "properties": {"highway": "primary", "oneway": "no", "ref": "EN 13", "surface": "asphalt"}}, {"type": "Feature", "geometry": {"type": "LineString", "coordinates": [[-8.8647785, 41.8192716], [-8.8665864, 41.8209456], [-8.8680854, 41.8223146], [-8.8686839, 41.8228911], [-8.8691604, 41.8234347]]}, "properties": {"highway": "primary", "oneway": "no", "ref": "EN 13", "surface": "asphalt"}}, {"type": "Feature", "geometry": {"type": "LineString", "coordinates": [[-8.6610586, 41.9838645], [-8.6608708, 41.9839511]]}, "properties": {"highway": "primary", "ref": "EN 13"}}, {"type": "Feature", "geometry": {"type": "LineString", "coordinates": [[-8.6452644, 42.034955], [-8.6452725, 42.0350803], [-8.6452839, 42.0351048], [-8.6452897, 42.0351174]]}, "properties": {"highway": "primary", "name": "Avenida de Espanha", "ref": "EN 13", "surface": "paved"}}, {"type": "Feature", "geometry": {"type": "LineString", "coordinates": [[-8.6485869, 41.2455492], [-8.6485725, 41.2454775]]}, "properties": {"highway": "primary", "lanes": "2", "lanes:backward": "1", "lanes:forward": "1", "name": "Rua Conselheiro Lu\u00eds Magalh\u00e3es", "oneway": "no", "ref": "EN 13", "surface": "asphalt"}}, {"type": "Feature", "geometry": {"type": "LineString", "coordinates": [[-8.760305, 41.3796063], [-8.7603552, 41.3796688], [-8.7607887, 41.3801871], [-8.7608806, 41.380297]]}, "properties": {"bicycle": "yes", "cycleway": "no", "foot": "yes", "highway": "primary", "lanes": "2", "name": "Rua Paulo Barreto", "oneway": "no", "ref": "EN 13", "surface": "asphalt"}}, {"type": "Feature", "geometry": {"type": "LineString", "coordinates": [[-8.6495462, 41.2497219], [-8.6496574, 41.2497878], [-8.6497309, 41.2498551], [-8.649856, 41.2499922], [-8.6499893, 41.2501422], [-8.6501547, 41.2502689]]}, "properties": {"highway": "primary", "lanes": "1", "name": "Rua Conselheiro Lu\u00eds Magalh\u00e3es", "oneway": "yes", "ref": "EN 13", "source": "bing", "surface": "asphalt"}}, {"type": "Feature", "geometry": {"type": "LineString", "coordinates": [[-8.6493941, 41.2493388], [-8.6494846, 41.2494462]]}, "properties": {"highway": "primary", "lanes": "2", "name": "Rua Conselheiro Lu\u00eds Magalh\u00e3es", "oneway": "yes", "ref": "EN 13", "source": "local knowledge", "surface": "asphalt"}}, {"type": "Feature", "geometry": {"type": "LineString", "coordinates": [[-8.6498276, 41.249671], [-8.6498621, 41.2496224], [-8.6498746, 41.249568], [-8.6498636, 41.2495135], [-8.6498302, 41.2494644], [-8.6498122, 41.2494511], [-8.6497779, 41.2494257], [-8.649712, 41.2494014], [-8.6496394, 41.249394]]}, "properties": {"highway": "primary", "junction": "roundabout", "lanes": "2", "ref": "EN 13", "source": "survey;local knowledge", "surface": "asphalt"}}, {"type": "Feature", "geometry": {"type": "LineString", "coordinates": [[-8.6495462, 41.2497219], [-8.6496212, 41.2497378], [-8.649699, 41.249734], [-8.6497705, 41.2497108], [-8.6498276, 41.249671]]}, "properties": {"highway": "primary", "junction": "roundabout", "lanes": "2", "ref": "EN 13", "source": "survey;local knowledge", "surface": "asphalt"}}, {"type": "Feature", "geometry": {"type": "LineString", "coordinates": [[-8.6501547, 41.2502689], [-8.6500492, 41.2501216], [-8.6498471, 41.2498468], [-8.649823, 41.2498116], [-8.6498129, 41.2497903], [-8.6498076, 41.2497399], [-8.6498276, 41.249671]]}, "properties": {"highway": "primary", "lanes": "2", "name": "Rua Conselheiro Lu\u00eds Magalh\u00e3es", "oneway": "yes", "ref": "EN 13", "source": "survey;local knowledge", "surface": "asphalt"}}, {"type": "Feature", "geometry": {"type": "LineString", "coordinates": [[-8.6496394, 41.249394], [-8.6495378, 41.2492937]]}, "properties": {"highway": "primary", "lanes": "1", "name": "Rua Conselheiro Lu\u00eds Magalh\u00e3es", "oneway": "yes", "ref": "EN 13", "source": "bing", "surface": "asphalt"}}, {"type": "Feature", "geometry": {"type": "LineString", "coordinates": [[-8.6496394, 41.249394], [-8.6495673, 41.2494042], [-8.6495032, 41.2494309], [-8.6494846, 41.2494462]]}, "properties": {"highway": "primary", "junction": "roundabout", "lanes": "2", "ref": "EN 13", "source": "survey;local knowledge", "surface": "asphalt"}}, {"type": "Feature", "geometry": {"type": "LineString", "coordinates": [[-8.6290557, 41.2247205], [-8.628883, 41.224663], [-8.6287459, 41.22461], [-8.6285973, 41.2245429], [-8.6284927, 41.2244895], [-8.6284109, 41.2244428], [-8.6283268, 41.2243891], [-8.6282215, 41.2243162], [-8.6281105, 41.2242272]]}, "properties": {"highway": "primary", "lane_markings": "yes", "lanes": "2", "maxspeed": "50", "maxspeed:type": "sign", "oneway": "yes", "ref": "EN 13", "surface": "asphalt", "turn:lanes": "merge_to_right|", "width": "6"}}, {"type": "Feature", "geometry": {"type": "LineString", "coordinates": [[-8.6268854, 41.2190723], [-8.6268673, 41.2197331], [-8.6268454, 41.2203685]]}, "properties": {"highway": "trunk", "lanes": "2", "maxspeed": "70", "name": "Via Norte", "oneway": "yes", "ref": "EN 14;EN 13", "surface": "asphalt", "turn:lanes": "through|through;right", "width": "7.5"}}, {"type": "Feature", "geometry": {"type": "LineString", "coordinates": [[-8.6551975, 41.2566749], [-8.6555427, 41.2568577], [-8.6557677, 41.2569578]]}, "properties": {"highway": "primary", "lanes": "2", "maxspeed": "50", "maxspeed:type": "sign", "name": "Rua Conselheiro Lu\u00eds Magalh\u00e3es", "oneway": "yes", "ref": "EN 13", "sidewalk:left": "no", "sidewalk:right": "yes", "surface": "asphalt", "turn:lanes": "none|merge_to_left"}}, {"type": "Feature", "geometry": {"type": "LineString", "coordinates": [[-8.8126914, 41.6863418], [-8.8126966, 41.6864444], [-8.8126581, 41.686629], [-8.8124932, 41.6871633], [-8.8124454, 41.6873251]]}, "properties": {"highway": "primary", "lanes": "2", "maxspeed": "60", "name": "Avenida Paulo VI", "oneway": "no", "ref": "EN 13", "surface": "asphalt"}}, {"type": "Feature", "geometry": {"type": "LineString", "coordinates": [[-8.8069046, 41.6807077], [-8.8070051, 41.6807695], [-8.807139, 41.6808635]]}, "properties": {"highway": "primary", "lanes": "1", "oneway": "yes", "ref": "EN 13", "surface": "asphalt"}}, {"type": "Feature", "geometry": {"type": "LineString", "coordinates": [[-8.8069046, 41.6807077], [-8.8069406, 41.6807158], [-8.8069783, 41.6807161], [-8.8070145, 41.6807085], [-8.8070464, 41.6806936], [-8.8070715, 41.6806727], [-8.8070877, 41.6806473]]}, "properties": {"highway": "primary", "junction": "roundabout", "lanes": "2", "ref": "EN 13", "surface": "asphalt"}}, {"type": "Feature", "geometry": {"type": "LineString", "coordinates": [[-8.6485725, 41.2454775], [-8.6485349, 41.2452811]]}, "properties": {"highway": "primary", "lanes": "2", "lanes:backward": "1", "lanes:forward": "1", "name": "Rua Conselheiro Lu\u00eds Magalh\u00e3es", "oneway": "no", "ref": "EN 13", "surface": "asphalt"}}, {"type": "Feature", "geometry": {"type": "LineString", "coordinates": [[-8.6505322, 41.250668], [-8.6501547, 41.2502689]]}, "properties": {"highway": "primary", "lanes": "3", "lanes:backward": "1", "lanes:forward": "2", "lit": "yes", "maxspeed": "50", "maxspeed:type": "sign", "name": "Rua Conselheiro Lu\u00eds Magalh\u00e3es", "oneway": "no", "ref": "EN 13", "surface": "asphalt"}}, {"type": "Feature", "geometry": {"type": "LineString", "coordinates": [[-8.6421746, 42.0267135], [-8.6420938, 42.0267147], [-8.6420192, 42.0267377], [-8.641964, 42.0267765], [-8.6419302, 42.0268269], [-8.641922, 42.0268857], [-8.641943, 42.0269427], [-8.6419765, 42.0269799]]}, "properties": {"highway": "primary", "junction": "roundabout", "lane_markings": "no", "ref": "EN 13;EN 101", "surface": "sett"}}, {"type": "Feature", "geometry": {"type": "LineString", "coordinates": [[-8.6422925, 42.0267589], [-8.6422383, 42.0267293], [-8.6421746, 42.0267135]]}, "properties": {"highway": "primary", "junction": "roundabout", "lane_markings": "no", "name": "EN 101", "ref": "EN 13;EN 101", "surface": "sett"}}, {"type": "Feature", "geometry": {"type": "LineString", "coordinates": [[-8.6511238, 41.2513559], [-8.6511694, 41.2514492], [-8.6515808, 41.2519004], [-8.6520237, 41.2523863], [-8.6522298, 41.2525785]]}, "properties": {"highway": "primary", "lanes": "1", "name": "Rua Conselheiro Lu\u00eds Magalh\u00e3es", "oneway": "yes", "ref": "EN 13", "sidewalk": "right", "surface": "asphalt"}}, {"type": "Feature", "geometry": {"type": "LineString", "coordinates": [[-8.6522298, 41.2525785], [-8.6520595, 41.2523579], [-8.6517314, 41.2519767], [-8.6516331, 41.2518749], [-8.6512318, 41.2514194], [-8.6511238, 41.2513559]]}, "properties": {"highway": "primary", "lanes": "1", "maxspeed": "50", "maxspeed:type": "sign", "name": "Rua Conselheiro Lu\u00eds Magalh\u00e3es", "oneway": "yes", "ref": "EN 13", "sidewalk": "right", "surface": "asphalt"}}, {"type": "Feature", "geometry": {"type": "LineString", "coordinates": [[-8.6511238, 41.2513559], [-8.6510063, 41.2512175], [-8.6505322, 41.250668]]}, "properties": {"highway": "primary", "lanes": "3", "lanes:backward": "1", "lanes:forward": "2", "maxspeed": "50", "maxspeed:type": "sign", "name": "Rua Conselheiro Lu\u00eds Magalh\u00e3es", "oneway": "no", "ref": "EN 13", "surface": "asphalt"}}, {"type": "Feature", "geometry": {"type": "LineString", "coordinates": [[-8.7486052, 41.4812555], [-8.7487678, 41.4814591]]}, "properties": {"highway": "primary", "lit": "yes", "name": "Rua de S\u00e3o Bento", "oneway": "no", "postal_code": "4740-086", "ref": "EN 13", "surface": "asphalt"}}, {"type": "Feature", "geometry": {"type": "LineString", "coordinates": [[-8.7487678, 41.4814591], [-8.7488221, 41.4815416], [-8.7489831, 41.4819], [-8.7495342, 41.483342]]}, "properties": {"highway": "primary", "lit": "yes", "name": "Rua de S\u00e3o Bento", "oneway": "no", "postal_code": "4740-086", "ref": "EN 13", "surface": "asphalt"}}, {"type": "Feature", "geometry": {"type": "LineString", "coordinates": [[-8.7605918, 41.5019157], [-8.7607177, 41.5020663]]}, "properties": {"highway": "primary", "lanes": "2", "name": "Avenida Visconde de S\u00e3o Janu\u00e1rio", "oneway": "no", "postal_code": "4740-416", "ref": "EN 13", "surface": "asphalt"}}, {"type": "Feature", "geometry": {"type": "LineString", "coordinates": [[-8.7463038, 41.4678887], [-8.7463239, 41.4680034], [-8.7463851, 41.4682664]]}, "properties": {"highway": "primary", "lit": "yes", "oneway": "no", "ref": "EN 13", "sidewalk:both": "no", "surface": "asphalt"}}, {"type": "Feature", "geometry": {"type": "LineString", "coordinates": [[-8.7782036, 41.9166969], [-8.7781821, 41.9166548], [-8.7781502, 41.9166166], [-8.778109, 41.9165837], [-8.7780601, 41.9165573], [-8.7780053, 41.9165383], [-8.7779466, 41.9165275], [-8.7778862, 41.9165253], [-8.7778264, 41.9165317], [-8.7777693, 41.9165466], [-8.7777172, 41.9165693], [-8.7776718, 41.9165991], [-8.7776347, 41.9166351], [-8.7776076, 41.9166759], [-8.7775917, 41.9167197], [-8.7775875, 41.9167651], [-8.7775952, 41.9168101], [-8.7776144, 41.9168533], [-8.7776446, 41.9168928], [-8.7776844, 41.9169272], [-8.7777325, 41.9169552], [-8.7777869, 41.9169758], [-8.7778457, 41.9169881], [-8.7779065, 41.9169918], [-8.7779694, 41.9169862], [-8.7780295, 41.9169713], [-8.7780843, 41.9169478], [-8.7781317, 41.9169165], [-8.7781697, 41.9168788], [-8.7781967, 41.9168362], [-8.7782117, 41.9167904], [-8.778214, 41.9167434], [-8.7782036, 41.9166969]]}, "properties": {"highway": "primary", "junction": "roundabout", "lanes": "2", "ref": "EN 13", "surface": "asphalt"}}, {"type": "Feature", "geometry": {"type": "LineString", "coordinates": [[-8.7759197, 41.917625], [-8.7755455, 41.9177936], [-8.7751814, 41.917983]]}, "properties": {"highway": "primary", "oneway": "yes", "ref": "EN 13", "surface": "asphalt"}}, {"type": "Feature", "geometry": {"type": "LineString", "coordinates": [[-8.6446203, 41.9878342], [-8.6447142, 41.9877844], [-8.6447964, 41.9877419], [-8.6448778, 41.9877027], [-8.6449412, 41.9876722], [-8.645087, 41.987605], [-8.645197, 41.9875591], [-8.6452801, 41.9875252], [-8.6453901, 41.9874814], [-8.6454546, 41.987458], [-8.6455403, 41.9874267], [-8.6456221, 41.9873969], [-8.6457219, 41.9873642], [-8.6458069, 41.9873365], [-8.6459043, 41.9873059], [-8.6459963, 41.98728]]}, "properties": {"highway": "primary", "lanes": "2", "oneway": "yes", "ref": "EN 13"}}, {"type": "Feature", "geometry": {"type": "LineString", "coordinates": [[-8.6460311, 41.9872102], [-8.6459346, 41.9872381], [-8.6458246, 41.987272]]}, "properties": {"highway": "primary", "lanes": "2", "oneway": "yes", "ref": "EN 13", "source": "yahoo", "surface": "asphalt", "turn:lanes": "through|slight_right"}}, {"type": "Feature", "geometry": {"type": "LineString", "coordinates": [[-8.6485349, 41.2452811], [-8.6485297, 41.2452503], [-8.6485164, 41.245196]]}, "properties": {"highway": "primary", "lanes": "3", "lanes:backward": "1", "lanes:forward": "2", "name": "Rua Conselheiro Lu\u00eds Magalh\u00e3es", "oneway": "no", "ref": "EN 13", "surface": "asphalt"}}, {"type": "Feature", "geometry": {"type": "LineString", "coordinates": [[-8.6486252, 41.2457835], [-8.6486012, 41.2456399]]}, "properties": {"highway": "primary", "lanes": "2", "lanes:backward": "1", "lanes:forward": "1", "name": "Rua Conselheiro Lu\u00eds Magalh\u00e3es", "oneway": "no", "ref": "EN 13", "surface": "asphalt"}}, {"type": "Feature", "geometry": {"type": "LineString", "coordinates": [[-8.6486012, 41.2456399], [-8.6485869, 41.2455492]]}, "properties": {"highway": "primary", "lanes": "2", "lanes:backward": "1", "lanes:forward": "1", "name": "Rua Conselheiro Lu\u00eds Magalh\u00e3es", "oneway": "no", "ref": "EN 13"}}, {"type": "Feature", "geometry": {"type": "LineString", "coordinates": [[-8.6486676, 41.2460048], [-8.6486252, 41.2457835]]}, "properties": {"highway": "primary", "lanes": "3", "lanes:backward": "2", "lanes:forward": "1", "name": "Rua Conselheiro Lu\u00eds Magalh\u00e3es", "oneway": "no", "ref": "EN 13", "surface": "asphalt"}}, {"type": "Feature", "geometry": {"type": "LineString", "coordinates": [[-8.7867411, 41.5649385], [-8.7874519, 41.5660647], [-8.7875239, 41.566173], [-8.7883829, 41.5675633], [-8.788427, 41.5676528], [-8.7884982, 41.5678322], [-8.78857, 41.5680617], [-8.7886914, 41.5685147], [-8.7887906, 41.5688809], [-8.7890375, 41.5697917]]}, "properties": {"highway": "primary", "lanes": "2", "name": "Avenida 19 de Agosto", "oneway": "no", "postal_code": "4740-575", "ref": "EN 13", "surface": "asphalt"}}, {"type": "Feature", "geometry": {"type": "LineString", "coordinates": [[-8.6443888, 41.2391048], [-8.6442631, 41.2389764], [-8.6440942, 41.2388095], [-8.6438956, 41.2386434]]}, "properties": {"cycleway:both": "no", "highway": "primary", "lane_markings": "yes", "lanes": "3", "maxspeed": "70", "name": "Avenida de Dom Mendo", "oneway": "yes", "placement": "middle_of:1", "ref": "EN 13", "surface": "asphalt", "width": "10.5"}}, {"type": "Feature", "geometry": {"type": "LineString", "coordinates": [[-8.6390094, 41.2347475], [-8.6390445, 41.2347867], [-8.6390869, 41.2348202], [-8.6391365, 41.2348484]]}, "properties": {"highway": "primary", "junction": "roundabout", "lane_markings": "yes", "lanes": "3", "name": "Rotunda Sonae", "placement": "right_of:1", "ref": "EN 13", "width": "11"}}, {"type": "Feature", "geometry": {"type": "LineString", "coordinates": [[-8.6398729, 41.2346033], [-8.6398569, 41.2345597], [-8.6398375, 41.2345277], [-8.639813, 41.2344995], [-8.6397855, 41.2344755], [-8.639754, 41.2344568], [-8.6397238, 41.234443], [-8.6396883, 41.2344291], [-8.6396497, 41.234419]]}, "properties": {"highway": "primary", "junction": "roundabout", "lane_markings": "yes", "lanes": "3", "name": "Rotunda Sonae", "placement": "right_of:1", "ref": "EN 13", "surface": "asphalt", "width": "11"}}, {"type": "Feature", "geometry": {"type": "LineString", "coordinates": [[-8.6271773, 41.2129784], [-8.6272342, 41.2119465], [-8.627257, 41.2104036]]}, "properties": {"highway": "trunk", "lanes": "2", "maxspeed": "70", "name": "Via Norte", "oneway": "yes", "ref": "EN 14;EN 13", "surface": "asphalt"}}, {"type": "Feature", "geometry": {"type": "LineString", "coordinates": [[-8.6271205, 41.2103803], [-8.6270978, 41.2119459], [-8.6270596, 41.2121817]]}, "properties": {"highway": "trunk", "lanes": "2", "maxspeed": "70", "name": "Via Norte", "oneway": "yes", "ref": "EN 14;EN 13", "surface": "asphalt"}}, {"type": "Feature", "geometry": {"type": "LineString", "coordinates": [[-8.63487, 41.2264323], [-8.6348272, 41.2264339], [-8.6347856, 41.2264417], [-8.6347468, 41.2264554], [-8.6347123, 41.2264744], [-8.6346834, 41.2264982], [-8.6346611, 41.2265257], [-8.6346461, 41.2265565], [-8.6346395, 41.2265889]]}, "properties": {"highway": "primary", "junction": "roundabout", "lanes": "2", "maxspeed": "50", "maxspeed:type": "sign", "ref": "EN 13", "surface": "asphalt"}}, {"type": "Feature", "geometry": {"type": "LineString", "coordinates": [[-8.6349774, 41.2267376], [-8.635005, 41.2267218], [-8.635029, 41.226703], [-8.6350488, 41.2266816], [-8.6350639, 41.2266581], [-8.6350738, 41.2266331], [-8.6350785, 41.2266073], [-8.6350777, 41.2265812], [-8.6350715, 41.2265555], [-8.63506, 41.2265309], [-8.6350436, 41.2265079], [-8.6350225, 41.2264872], [-8.6349974, 41.2264692], [-8.6349689, 41.2264544], [-8.6349376, 41.2264431], [-8.6349044, 41.2264357], [-8.63487, 41.2264323]]}, "properties": {"highway": "primary", "junction": "roundabout", "lanes": "2", "maxspeed": "50", "maxspeed:type": "sign", "ref": "EN 13", "surface": "asphalt"}}, {"type": "Feature", "geometry": {"type": "LineString", "coordinates": [[-8.6390283, 41.2345269], [-8.639005, 41.234563], [-8.6389919, 41.234595], [-8.638983, 41.2346306], [-8.6389822, 41.234653], [-8.6389885, 41.2347031], [-8.6390094, 41.2347475]]}, "properties": {"highway": "primary", "junction": "roundabout", "lane_markings": "yes", "lanes": "3", "name": "Rotunda Sonae", "placement": "right_of:1", "ref": "EN 13", "surface": "asphalt", "width": "11"}}, {"type": "Feature", "geometry": {"type": "LineString", "coordinates": [[-8.6395803, 41.2348794], [-8.6396427, 41.2348716], [-8.6396839, 41.2348605], [-8.6397218, 41.2348459], [-8.6397416, 41.2348353], [-8.6397764, 41.2348141], [-8.6398063, 41.2347917], [-8.6398318, 41.2347637], [-8.6398509, 41.2347332], [-8.6398636, 41.2347019], [-8.639873, 41.2346702], [-8.639876, 41.2346374], [-8.6398729, 41.2346033]]}, "properties": {"highway": "primary", "junction": "roundabout", "lane_markings": "yes", "lanes": "2", "name": "Rotunda Sonae", "ref": "EN 13", "surface": "asphalt"}}, {"type": "Feature", "geometry": {"type": "LineString", "coordinates": [[-8.8411236, 41.6947203], [-8.8411169, 41.6947626], [-8.8411293, 41.6948041], [-8.8411594, 41.6948403], [-8.8412021, 41.6948664], [-8.8412538, 41.6948809], [-8.841309, 41.6948822], [-8.8413619, 41.6948704], [-8.8414087, 41.6948452], [-8.8414416, 41.6948097], [-8.8414567, 41.6947681], [-8.8414523, 41.6947251], [-8.841429, 41.6946857], [-8.8413904, 41.6946549], [-8.8413402, 41.6946352], [-8.8412841, 41.6946289], [-8.8412283, 41.6946367], [-8.8411791, 41.6946577], [-8.8411485, 41.6946821], [-8.8411236, 41.6947203]]}, "properties": {"highway": "primary", "junction": "roundabout", "ref": "EN 13", "surface": "asphalt"}}, {"type": "Feature", "geometry": {"type": "LineString", "coordinates": [[-8.841734, 41.6948026], [-8.841585, 41.694775], [-8.8414952, 41.6947356], [-8.841429, 41.6946857]]}, "properties": {"highway": "primary", "oneway": "yes", "ref": "EN 13", "surface": "asphalt"}}, {"type": "Feature", "geometry": {"type": "LineString", "coordinates": [[-8.8413619, 41.6948704], [-8.8414649, 41.6948568], [-8.8415785, 41.6948547], [-8.8417794, 41.6948735]]}, "properties": {"highway": "primary", "oneway": "yes", "ref": "EN 13", "surface": "asphalt"}}, {"type": "Feature", "geometry": {"type": "LineString", "coordinates": [[-8.8407767, 41.6947151], [-8.8410148, 41.694781], [-8.8410682, 41.6948015], [-8.8411594, 41.6948403]]}, "properties": {"highway": "primary", "oneway": "yes", "ref": "EN 13", "surface": "asphalt"}}, {"type": "Feature", "geometry": {"type": "LineString", "coordinates": [[-8.8411485, 41.6946821], [-8.84107, 41.6946977], [-8.8410094, 41.6947094], [-8.8407767, 41.6947151]]}, "properties": {"highway": "primary", "oneway": "yes", "ref": "EN 13", "surface": "asphalt"}}, {"type": "Feature", "geometry": {"type": "LineString", "coordinates": [[-8.6276952, 41.1975505], [-8.6280202, 41.1965763], [-8.6280888, 41.196384]]}, "properties": {"highway": "trunk", "lanes": "2", "maxspeed": "70", "name": "Via Norte", "oneway": "yes", "ref": "EN 14;EN 13", "surface": "asphalt"}}, {"type": "Feature", "geometry": {"type": "LineString", "coordinates": [[-8.6262542, 41.1887173], [-8.6264368, 41.1889875]]}, "properties": {"highway": "trunk", "lanes": "2", "maxspeed": "70", "name": "Via Norte", "oneway": "yes", "ref": "EN 14;EN 13", "surface": "asphalt"}}, {"type": "Feature", "geometry": {"type": "LineString", "coordinates": [[-8.7345064, 41.3420173], [-8.7343685, 41.3418948]]}, "properties": {"highway": "primary", "maxspeed": "50", "name": "Avenida Mouzinho de Albuquerque", "oneway": "yes", "ref": "EN 13", "surface": "asphalt"}}, {"type": "Feature", "geometry": {"type": "LineString", "coordinates": [[-8.7341953, 41.3420064], [-8.7343163, 41.342035], [-8.7344302, 41.3420825]]}, "properties": {"highway": "primary", "lit": "yes", "maxspeed": "50", "name": "Avenida Mouzinho de Albuquerque", "oneway": "yes", "ref": "EN 13", "surface": "asphalt"}}, {"type": "Feature", "geometry": {"type": "LineString", "coordinates": [[-8.6443811, 42.0342766], [-8.6451207, 42.0348065], [-8.6452211, 42.0348772], [-8.6452644, 42.034955]]}, "properties": {"highway": "primary", "lanes": "2", "name": "Avenida de Espanha", "name:es": "Avenida de Espa\u00f1a", "name:pt": "Avenida de Espanha", "ref": "EN 13", "surface": "sett"}}, {"type": "Feature", "geometry": {"type": "LineString", "coordinates": [[-8.7890375, 41.5697917], [-8.7895215, 41.5715494], [-8.789639, 41.5719709], [-8.7897187, 41.5722513], [-8.7898191, 41.5726236], [-8.7901181, 41.5736883], [-8.790364, 41.5745727], [-8.7903732, 41.5746085], [-8.7903874, 41.5746641], [-8.7906322, 41.5755565], [-8.7906578, 41.5757385], [-8.7906416, 41.5759254], [-8.7905871, 41.5762209], [-8.7904711, 41.5768784], [-8.7903623, 41.5774353], [-8.7903379, 41.5775708], [-8.7902141, 41.5782688], [-8.7901831, 41.5784331], [-8.7901483, 41.5785593], [-8.7900908, 41.5786762], [-8.789926, 41.5789299], [-8.7897689, 41.5791606], [-8.7892463, 41.579923]]}, "properties": {"highway": "primary", "lanes": "2", "maxspeed": "50", "name": "Avenida S\u00e3o Bartolomeu", "oneway": "no", "ref": "EN 13", "surface": "asphalt"}}, {"type": "Feature", "geometry": {"type": "LineString", "coordinates": [[-8.7813081, 41.607514], [-8.7809316, 41.6076961], [-8.7806119, 41.607842], [-8.7801422, 41.6080391], [-8.7798522, 41.6082104], [-8.7796998, 41.6083659], [-8.7795549, 41.6085542], [-8.7792677, 41.6090225], [-8.7792325, 41.6090755], [-8.7792027, 41.6091757], [-8.7791874, 41.6093524], [-8.7792083, 41.6094773], [-8.7792368, 41.609624], [-8.7793049, 41.6099903], [-8.7793541, 41.610242], [-8.7793692, 41.6103707], [-8.7793597, 41.6104344], [-8.7793421, 41.6104894], [-8.7792102, 41.6107103], [-8.778955, 41.6110591]]}, "properties": {"highway": "primary", "lanes": "2", "lanes:backward": "1", "lanes:forward": "1", "name": "Rua 25 de Abril", "oneway": "no", "ref": "EN 13", "smoothness": "good", "surface": "asphalt"}}, {"type": "Feature", "geometry": {"type": "LineString", "coordinates": [[-8.7862535, 41.5886732], [-8.786225, 41.5888967]]}, "properties": {"highway": "primary", "name": "Avenida de Belinho", "oneway": "no", "ref": "EN 13", "surface": "asphalt"}}, {"type": "Feature", "geometry": {"type": "LineString", "coordinates": [[-8.786225, 41.5888967], [-8.7861936, 41.5890728]]}, "properties": {"highway": "primary", "name": "Avenida de Belinho", "oneway": "no", "ref": "EN 13", "surface": "asphalt"}}, {"type": "Feature", "geometry": {"type": "LineString", "coordinates": [[-8.7861936, 41.5890728], [-8.7861893, 41.5891196], [-8.7860606, 41.5901263], [-8.7860559, 41.590161], [-8.7857323, 41.5925891], [-8.7857244, 41.5926435], [-8.7857098, 41.5927441], [-8.7853572, 41.5954071], [-8.7852464, 41.5962673], [-8.7852324, 41.596446], [-8.7852205, 41.596633], [-8.7851983, 41.5970374], [-8.7851147, 41.5983587], [-8.785098, 41.598697], [-8.7850607, 41.5989199], [-8.7850089, 41.5991331], [-8.7849033, 41.599608], [-8.7845678, 41.6010552], [-8.784264, 41.6024094], [-8.784101, 41.603136], [-8.7837907, 41.604509]]}, "properties": {"highway": "primary", "lanes": "2", "name": "Avenida de Belinho", "oneway": "no", "ref": "EN 13", "smoothness": "good", "surface": "asphalt"}}, {"type": "Feature", "geometry": {"type": "LineString", "coordinates": [[-8.8662954, 41.792721], [-8.8657016, 41.7930355]]}, "properties": {"highway": "primary", "incline": "up", "lanes": "2", "oneway": "no", "ref": "EN 13", "surface": "asphalt"}}, {"type": "Feature", "geometry": {"type": "LineString", "coordinates": [[-8.8666235, 41.7925343], [-8.8662954, 41.792721]]}, "properties": {"bridge": "yes", "highway": "primary", "incline": "up", "layer": "1", "oneway": "no", "ref": "EN 13"}}, {"type": "Feature", "geometry": {"type": "LineString", "coordinates": [[-8.8606622, 41.8521569], [-8.8606888, 41.8525201]]}, "properties": {"highway": "primary", "lanes": "2", "oneway": "no", "ref": "EN 13", "source": "Bing", "surface": "asphalt"}}, {"type": "Feature", "geometry": {"type": "LineString", "coordinates": [[-8.8606888, 41.8525201], [-8.8606699, 41.8526763], [-8.8605834, 41.8529914], [-8.8604279, 41.8533089], [-8.8602305, 41.8536192], [-8.859895, 41.854025], [-8.8572998, 41.8566743], [-8.855518, 41.85853], [-8.8553116, 41.85875], [-8.8550422, 41.8590371], [-8.854775, 41.859322], [-8.8540649, 41.860029], [-8.8539319, 41.860165], [-8.8535945, 41.860518], [-8.8527377, 41.8613885], [-8.8525737, 41.8615637], [-8.8512784, 41.8629083], [-8.8508193, 41.8633888], [-8.8506395, 41.8635723], [-8.8503432, 41.8638813], [-8.8500055, 41.8642335]]}, "properties": {"highway": "primary", "lanes": "2", "oneway": "no", "ref": "EN 13", "smoothness": "good", "source": "Bing", "surface": "asphalt"}}, {"type": "Feature", "geometry": {"type": "LineString", "coordinates": [[-8.755579, 41.923244], [-8.7554835, 41.9233282], [-8.7553979, 41.9234112], [-8.7551363, 41.9236446], [-8.7550708, 41.9236846], [-8.7549835, 41.9237222], [-8.7549338, 41.9237384]]}, "properties": {"highway": "primary", "oneway": "yes", "ref": "EN 13"}}, {"type": "Feature", "geometry": {"type": "LineString", "coordinates": [[-8.6225697, 41.176201], [-8.6225901, 41.175563]]}, "properties": {"bicycle": "no", "change:lanes": "no|not_left|yes", "destination:lanes": "Ponte do Freixo;Carvalhido;Prelada|Ponte do Freixo;Carvalhido;Prelada|Ponte da Arr\u00e1bida", "destination:ref": "IC23", "destination:ref:lanes": "||A 20", "destination:ref:to:lanes": "A 3 Braga;A 4 Vila Real;A 1 Lisboa|A 3 Braga;A 4 Vila Real;A 1 Lisboa|IC 1 Viana do Castelo;A 1 Lisboa", "destination:symbol": "Motorway", "foot": "no", "highway": "trunk", "horse": "no", "lanes": "3", "maxspeed": "70", "motor_vehicle": "yes", "name": "Via Norte", "oneway": "yes", "ref": "EN 14;EN 13", "surface": "asphalt", "turn:lanes": "through|through;slight_right|slight_right"}}, {"type": "Feature", "geometry": {"type": "LineString", "coordinates": [[-8.8236136, 41.8882482], [-8.8235339, 41.8883682], [-8.8234599, 41.8885086]]}, "properties": {"access": "yes", "bridge": "yes", "highway": "primary", "layer": "1", "maxspeed:backward": "50", "oneway": "no", "ref": "EN 13", "source": "Bing", "surface": "asphalt"}}, {"type": "Feature", "geometry": {"type": "LineString", "coordinates": [[-8.8234599, 41.8885086], [-8.8234306, 41.8885603]]}, "properties": {"access": "yes", "highway": "primary", "lanes": "2", "maxspeed:backward": "50", "oneway": "no", "ref": "EN 13", "source": "Bing", "surface": "asphalt"}}, {"type": "Feature", "geometry": {"type": "LineString", "coordinates": [[-8.6222126, 41.1809799], [-8.6222023, 41.1811633]]}, "properties": {"bicycle": "no", "change:lanes": "yes|not_right|no", "foot": "no", "highway": "trunk", "horse": "no", "lanes": "3", "maxspeed": "90", "motor_vehicle": "yes", "name": "Via Norte", "oneway": "yes", "ref": "EN 14;EN 13", "surface": "asphalt"}}, {"type": "Feature", "geometry": {"type": "LineString", "coordinates": [[-8.8230349, 41.6964781], [-8.8228912, 41.6963459], [-8.8226098, 41.696125]]}, "properties": {"highway": "primary", "lanes": "1", "maxspeed": "50", "name": "Avenida 25 de Abril", "name:etymology:wikidata": "Q193245", "oneway": "yes", "ref": "EN 13", "surface": "asphalt"}}, {"type": "Feature", "geometry": {"type": "LineString", "coordinates": [[-8.8240631, 41.697083], [-8.8238598, 41.6969851], [-8.8236698, 41.6968872], [-8.8235296, 41.6968043], [-8.8233877, 41.6967151], [-8.8230349, 41.6964781]]}, "properties": {"highway": "primary", "lanes": "2", "maxspeed": "50", "name": "Avenida 25 de Abril", "name:etymology:wikidata": "Q193245", "oneway": "no", "ref": "EN 13", "surface": "asphalt"}}, {"type": "Feature", "geometry": {"type": "LineString", "coordinates": [[-8.7817279, 41.5395763], [-8.7816416, 41.539573], [-8.7815414, 41.5395999], [-8.7814826, 41.5396386]]}, "properties": {"highway": "primary", "junction": "roundabout", "lanes": "2", "lit": "yes", "name": "Avenida 19 de Agosto", "postal_code": "4740-209", "ref": "EN 13", "surface": "asphalt"}}, {"type": "Feature", "geometry": {"type": "LineString", "coordinates": [[-8.7501987, 41.4838323], [-8.7500064, 41.4837107]]}, "properties": {"highway": "primary", "junction": "roundabout", "lanes": "2", "ref": "EN 13", "sidewalk": "no", "smoothness": "good", "source": "bing", "surface": "asphalt"}}, {"type": "Feature", "geometry": {"type": "LineString", "coordinates": [[-8.7503702, 41.4846767], [-8.750459, 41.4844998], [-8.750454, 41.484356], [-8.7504267, 41.4842103]]}, "properties": {"highway": "primary", "junction": "roundabout", "lanes": "2", "ref": "EN 13", "sidewalk": "no", "smoothness": "good", "source": "bing", "surface": "asphalt"}}, {"type": "Feature", "geometry": {"type": "LineString", "coordinates": [[-8.6759644, 41.2753004], [-8.6758805, 41.2752502]]}, "properties": {"highway": "primary", "lanes": "2", "maxspeed": "50", "maxspeed:type": "sign", "oneway": "yes", "ref": "EN 13", "surface": "asphalt"}}, {"type": "Feature", "geometry": {"type": "LineString", "coordinates": [[-8.6856171, 41.2908102], [-8.6853279, 41.2906233], [-8.6847427, 41.2902452], [-8.684551, 41.2901206]]}, "properties": {"highway": "primary", "lanes": "3", "lanes:backward": "2", "lanes:forward": "1", "oneway": "no", "ref": "EN 13", "surface": "asphalt", "turn:lanes:backward": "left|through"}}, {"type": "Feature", "geometry": {"type": "LineString", "coordinates": [[-8.6840841, 41.2898187], [-8.6838912, 41.2896945], [-8.6835745, 41.2894382], [-8.6834927, 41.2893633]]}, "properties": {"highway": "primary", "lanes": "3", "lanes:backward": "1", "lanes:forward": "2", "oneway": "no", "ref": "EN 13", "surface": "asphalt", "turn:lanes:forward": "left|through"}}, {"type": "Feature", "geometry": {"type": "LineString", "coordinates": [[-8.684551, 41.2901206], [-8.684333, 41.2899789], [-8.6840841, 41.2898187]]}, "properties": {"highway": "primary", "lanes": "2", "lanes:backward": "1", "lanes:forward": "1", "oneway": "no", "ref": "EN 13", "surface": "asphalt", "turn:lanes:backward": "left;through", "turn:lanes:forward": "left;through"}}, {"type": "Feature", "geometry": {"type": "LineString", "coordinates": [[-8.6834927, 41.2893633], [-8.6834039, 41.2892742], [-8.6831963, 41.2890779], [-8.6831506, 41.2890294], [-8.6830957, 41.288971]]}, "properties": {"highway": "primary", "lanes": "3", "lanes:backward": "1", "lanes:forward": "2", "oneway": "no", "ref": "EN 13", "surface": "asphalt", "turn:lanes:forward": "merge_to_right|none"}}, {"type": "Feature", "geometry": {"type": "LineString", "coordinates": [[-8.6830957, 41.288971], [-8.6829067, 41.28877], [-8.6826995, 41.2884552]]}, "properties": {"highway": "primary", "lanes": "2", "oneway": "no", "ref": "EN 13", "surface": "asphalt"}}, {"type": "Feature", "geometry": {"type": "LineString", "coordinates": [[-8.6826995, 41.2884552], [-8.682271, 41.2878041]]}, "properties": {"highway": "primary", "lanes": "3", "lanes:backward": "1", "lanes:forward": "2", "oneway": "no", "ref": "EN 13", "surface": "asphalt", "turn:lanes:forward": "left|through;right"}}, {"type": "Feature", "geometry": {"type": "LineString", "coordinates": [[-8.6820406, 41.2875122], [-8.682101, 41.2876007], [-8.682181, 41.287662]]}, "properties": {"highway": "primary", "lanes": "2", "maxspeed": "50", "maxspeed:type": "sign", "oneway": "yes", "ref": "EN 13", "surface": "asphalt"}}, {"type": "Feature", "geometry": {"type": "LineString", "coordinates": [[-8.682271, 41.2878041], [-8.682181, 41.287662]]}, "properties": {"highway": "primary", "lanes": "3", "lanes:backward": "2", "lanes:forward": "1", "oneway": "no", "ref": "EN 13", "surface": "asphalt", "turn:lanes:backward": "left|through"}}, {"type": "Feature", "geometry": {"type": "LineString", "coordinates": [[-8.6805929, 41.2851642], [-8.6807004, 41.2854028], [-8.6808534, 41.2856557], [-8.6809507, 41.2858165]]}, "properties": {"highway": "primary", "lanes": "2", "maxspeed": "50", "maxspeed:type": "sign", "oneway": "yes", "ref": "EN 13", "surface": "asphalt", "turn:lanes": "none|merge_to_left"}}, {"type": "Feature", "geometry": {"type": "LineString", "coordinates": [[-8.6783918, 41.2799287], [-8.6783275, 41.2797073], [-8.6781131, 41.278974]]}, "properties": {"highway": "primary", "lanes": "2", "oneway": "yes", "ref": "EN 13", "surface": "asphalt", "turn:lanes": "left|through;right"}}, {"type": "Feature", "geometry": {"type": "LineString", "coordinates": [[-8.6776416, 41.2776311], [-8.6777106, 41.2778891], [-8.6778219, 41.278262], [-8.6780298, 41.2789897]]}, "properties": {"highway": "primary", "lanes": "2", "maxspeed": "50", "maxspeed:type": "sign", "oneway": "yes", "ref": "EN 13", "surface": "asphalt", "turn:lanes": "left|through;right"}}, {"type": "Feature", "geometry": {"type": "LineString", "coordinates": [[-8.8428774, 41.6956242], [-8.8430635, 41.6958492], [-8.8431972, 41.6960055], [-8.8435571, 41.6964447], [-8.8437879, 41.6967234], [-8.8439468, 41.6969223], [-8.8450642, 41.6982686], [-8.8459414, 41.6993437], [-8.8466523, 41.7001894], [-8.8469573, 41.7005583]]}, "properties": {"highway": "primary", "oneway": "no", "ref": "EN 13"}}, {"type": "Feature", "geometry": {"type": "LineString", "coordinates": [[-8.7111183, 41.9665948], [-8.7114978, 41.9663723], [-8.7118719, 41.966147], [-8.7121965, 41.9658932]]}, "properties": {"highway": "primary", "oneway": "yes", "ref": "EN 13"}}, {"type": "Feature", "geometry": {"type": "LineString", "coordinates": [[-8.7148563, 41.9636211], [-8.7141252, 41.964198]]}, "properties": {"highway": "primary", "oneway": "yes", "ref": "EN 13"}}, {"type": "Feature", "geometry": {"type": "LineString", "coordinates": [[-8.7990873, 41.9043836], [-8.7975795, 41.9058006], [-8.7971321, 41.9061729], [-8.7964757, 41.9066153], [-8.795729, 41.9070653], [-8.7940242, 41.9080985], [-8.7935731, 41.9083858], [-8.792634, 41.9089514], [-8.7923053, 41.9091402]]}, "properties": {"highway": "primary", "lanes": "2", "maxspeed": "50", "oneway": "no", "ref": "EN 13", "smoothness": "excellent", "source": "Bing", "surface": "asphalt"}}, {"type": "Feature", "geometry": {"type": "LineString", "coordinates": [[-8.7923053, 41.9091402], [-8.7919758, 41.9093467]]}, "properties": {"highway": "primary", "lanes": "2", "lit": "yes", "maxspeed": "50", "oneway": "no", "ref": "EN 13", "source": "Bing", "surface": "asphalt"}}, {"type": "Feature", "geometry": {"type": "LineString", "coordinates": [[-8.8481597, 41.8660973], [-8.8481129, 41.8661756]]}, "properties": {"highway": "primary", "oneway": "yes", "ref": "EN 13", "surface": "asphalt"}}, {"type": "Feature", "geometry": {"type": "LineString", "coordinates": [[-8.8363071, 41.8780463], [-8.8362632, 41.8780858], [-8.8362361, 41.878133], [-8.8362285, 41.8781883], [-8.8362441, 41.8782427]]}, "properties": {"highway": "primary", "junction": "roundabout", "lanes": "2", "ref": "EN 13", "smoothness": "good", "source": "Bing", "surface": "asphalt"}}, {"type": "Feature", "geometry": {"type": "LineString", "coordinates": [[-8.8367074, 41.87818], [-8.8366995, 41.8781332], [-8.8366754, 41.8780896], [-8.8366311, 41.8780481], [-8.8365723, 41.8780181], [-8.8365043, 41.8780023], [-8.8364331, 41.8780021], [-8.8363657, 41.8780172], [-8.8363071, 41.8780463]]}, "properties": {"highway": "primary", "junction": "roundabout", "lanes": "2", "ref": "EN 13", "smoothness": "good", "source": "Bing", "surface": "asphalt"}}, {"type": "Feature", "geometry": {"type": "LineString", "coordinates": [[-8.8234306, 41.8885603], [-8.8233585, 41.8886804]]}, "properties": {"access": "yes", "highway": "primary", "lanes": "2", "maxspeed:backward": "50", "name": "Avenida Joaquim Maria Portela", "oneway": "no", "ref": "EN 13", "source": "Bing", "surface": "asphalt"}}, {"type": "Feature", "geometry": {"type": "LineString", "coordinates": [[-8.826057, 41.8802483], [-8.8257393, 41.8804165], [-8.825365, 41.8806551], [-8.8252435, 41.880754]]}, "properties": {"access": "yes", "highway": "primary", "lanes": "2", "oneway": "no", "ref": "EN 13", "source": "Bing", "surface": "asphalt"}}, {"type": "Feature", "geometry": {"type": "LineString", "coordinates": [[-8.8237264, 41.888048], [-8.8236136, 41.8882482]]}, "properties": {"access": "yes", "highway": "primary", "lanes": "2", "maxspeed:backward": "50", "oneway": "no", "ref": "EN 13", "source": "Bing", "surface": "asphalt"}}, {"type": "Feature", "geometry": {"type": "LineString", "coordinates": [[-8.8428774, 41.6956242], [-8.8427618, 41.6954624], [-8.8426077, 41.6953052], [-8.8425562, 41.6952643]]}, "properties": {"highway": "primary", "oneway": "yes", "ref": "EN 13"}}, {"type": "Feature", "geometry": {"type": "LineString", "coordinates": [[-8.8424065, 41.6951541], [-8.8422788, 41.6950705]]}, "properties": {"highway": "primary", "oneway": "yes", "ref": "EN 13"}}, {"type": "Feature", "geometry": {"type": "LineString", "coordinates": [[-8.8422788, 41.6950705], [-8.8422205, 41.6950322], [-8.842131, 41.6949859], [-8.8419632, 41.6948747], [-8.8418791, 41.6948398], [-8.841734, 41.6948026]]}, "properties": {"highway": "primary", "oneway": "yes", "ref": "EN 13"}}, {"type": "Feature", "geometry": {"type": "LineString", "coordinates": [[-8.8425562, 41.6952643], [-8.8424695, 41.6951954], [-8.8424065, 41.6951541]]}, "properties": {"highway": "primary", "oneway": "yes", "ref": "EN 13"}}, {"type": "Feature", "geometry": {"type": "LineString", "coordinates": [[-8.6480413, 41.2430065], [-8.6481463, 41.2430939], [-8.6482026, 41.2431443], [-8.6482458, 41.2431912], [-8.6482613, 41.2432119], [-8.6482727, 41.2432335], [-8.6482804, 41.2432593], [-8.648285, 41.2432853], [-8.6482848, 41.2433782]]}, "properties": {"cycleway:both": "no", "highway": "primary", "lane_markings": "yes", "lanes": "2", "maxspeed": "70", "name": "Avenida de Dom Mendo", "oneway": "yes", "ref": "EN 13", "surface": "asphalt", "width": "6.3"}}, {"type": "Feature", "geometry": {"type": "LineString", "coordinates": [[-8.6531195, 41.2535662], [-8.6522298, 41.2525785]]}, "properties": {"highway": "primary", "lanes": "2", "maxspeed": "50", "maxspeed:type": "sign", "name": "Rua Conselheiro Lu\u00eds Magalh\u00e3es", "oneway": "no", "ref": "EN 13", "sidewalk": "both", "surface": "asphalt"}}, {"type": "Feature", "geometry": {"type": "LineString", "coordinates": [[-8.6490436, 41.2479097], [-8.6489023, 41.2472356]]}, "properties": {"highway": "primary", "lanes": "3", "lanes:backward": "2", "lanes:forward": "1", "name": "Rua Conselheiro Lu\u00eds Magalh\u00e3es", "oneway": "no", "ref": "EN 13", "surface": "asphalt"}}, {"type": "Feature", "geometry": {"type": "LineString", "coordinates": [[-8.6473489, 41.9869489], [-8.6471004, 41.9869804]]}, "properties": {"highway": "primary", "lanes": "2", "oneway": "yes", "ref": "EN 13", "surface": "asphalt"}}, {"type": "Feature", "geometry": {"type": "LineString", "coordinates": [[-8.6538844, 41.2547683], [-8.6539229, 41.2547767], [-8.6539953, 41.2547736], [-8.6540622, 41.2547526], [-8.6541143, 41.2547178]]}, "properties": {"highway": "primary", "junction": "roundabout", "lanes": "2", "maxspeed": "50", "maxspeed:type": "sign", "ref": "EN 13", "source": "survey;local knowledge", "surface": "asphalt"}}, {"type": "Feature", "geometry": {"type": "LineString", "coordinates": [[-8.6538743, 41.2544627], [-8.6538133, 41.2544881], [-8.6537648, 41.2545286], [-8.6537368, 41.2545788]]}, "properties": {"highway": "primary", "junction": "roundabout", "lanes": "2", "maxspeed": "50", "maxspeed:type": "sign", "ref": "EN 13", "sidewalk:left": "no", "sidewalk:right": "yes", "source": "survey;local knowledge", "surface": "asphalt"}}, {"type": "Feature", "geometry": {"type": "LineString", "coordinates": [[-8.6537943, 41.25473], [-8.6538533, 41.2547616], [-8.6538844, 41.2547683]]}, "properties": {"highway": "primary", "junction": "roundabout", "lanes": "2", "maxspeed": "50", "maxspeed:type": "sign", "ref": "EN 13", "source": "survey;local knowledge", "surface": "asphalt"}}, {"type": "Feature", "geometry": {"type": "LineString", "coordinates": [[-8.6541143, 41.2547178], [-8.654149, 41.2546724], [-8.6541626, 41.2546209], [-8.6541596, 41.2546036]]}, "properties": {"highway": "primary", "junction": "roundabout", "lanes": "2", "maxspeed": "50", "maxspeed:type": "sign", "ref": "EN 13", "source": "survey;local knowledge", "surface": "asphalt"}}, {"type": "Feature", "geometry": {"type": "LineString", "coordinates": [[-8.7110404, 41.3185618], [-8.7108527, 41.317944], [-8.7105857, 41.317399], [-8.7103867, 41.3170898]]}, "properties": {"highway": "primary", "lanes": "2", "maxspeed": "50", "oneway": "no", "ref": "EN 13", "surface": "asphalt"}}, {"type": "Feature", "geometry": {"type": "LineString", "coordinates": [[-8.7103867, 41.3170898], [-8.7100013, 41.316491]]}, "properties": {"highway": "primary", "lanes": "3", "lanes:backward": "1", "lanes:forward": "2", "ref": "EN 13", "surface": "asphalt", "turn:lanes:forward": "left|through;right"}}, {"type": "Feature", "geometry": {"type": "LineString", "coordinates": [[-8.7196921, 41.331218], [-8.7197807, 41.3313523], [-8.7203382, 41.3321976], [-8.7208316, 41.3329549]]}, "properties": {"highway": "primary", "lanes": "1", "maxspeed": "50", "oneway": "no", "ref": "EN 13", "surface": "asphalt"}}, {"type": "Feature", "geometry": {"type": "LineString", "coordinates": [[-8.7208316, 41.3329549], [-8.7209567, 41.3331383]]}, "properties": {"bridge": "yes", "highway": "primary", "lanes": "1", "layer": "1", "maxspeed": "50", "oneway": "no", "ref": "EN 13", "surface": "asphalt"}}, {"type": "Feature", "geometry": {"type": "LineString", "coordinates": [[-8.6541596, 41.2546036], [-8.6541537, 41.2545689], [-8.6541327, 41.2545365], [-8.6541231, 41.2545218], [-8.6540742, 41.2544844]]}, "properties": {"highway": "primary", "junction": "roundabout", "lanes": "2", "maxspeed": "50", "maxspeed:type": "sign", "ref": "EN 13", "source": "survey;local knowledge", "surface": "asphalt"}}, {"type": "Feature", "geometry": {"type": "LineString", "coordinates": [[-8.6537368, 41.2545788], [-8.6537325, 41.2546332], [-8.6537524, 41.2546856], [-8.6537943, 41.25473]]}, "properties": {"highway": "primary", "junction": "roundabout", "lanes": "2", "maxspeed": "50", "maxspeed:type": "sign", "ref": "EN 13", "source": "survey;local knowledge", "surface": "asphalt"}}, {"type": "Feature", "geometry": {"type": "LineString", "coordinates": [[-8.7712593, 41.5202003], [-8.7712184, 41.5201471], [-8.7711559, 41.5201075]]}, "properties": {"highway": "primary", "junction": "roundabout", "lane_markings": "no", "name": "Avenida de S\u00e3o Martinho", "postal_code": "4740-471", "ref": "EN 13", "surface": "asphalt"}}, {"type": "Feature", "geometry": {"type": "LineString", "coordinates": [[-8.7768293, 41.5253671], [-8.7768005, 41.525339], [-8.7767657, 41.525315]]}, "properties": {"highway": "primary", "junction": "roundabout", "lanes": "2", "ref": "EN 13", "surface": "asphalt"}}, {"type": "Feature", "geometry": {"type": "LineString", "coordinates": [[-8.7767872, 41.5256273], [-8.7768343, 41.525583], [-8.7768635, 41.5255307], [-8.7768726, 41.5254745], [-8.7768609, 41.5254186], [-8.7768293, 41.5253671]]}, "properties": {"highway": "primary", "junction": "roundabout", "lanes": "2", "ref": "EN 13", "surface": "asphalt"}}, {"type": "Feature", "geometry": {"type": "LineString", "coordinates": [[-8.7767657, 41.525315], [-8.7767204, 41.5252938], [-8.7766705, 41.5252794], [-8.7766178, 41.5252726], [-8.7765644, 41.5252735], [-8.7765122, 41.5252822], [-8.7764632, 41.5252982], [-8.7764193, 41.5253211]]}, "properties": {"highway": "primary", "junction": "roundabout", "lanes": "2", "ref": "EN 13", "surface": "asphalt"}}, {"type": "Feature", "geometry": {"type": "LineString", "coordinates": [[-8.7712503, 41.5203376], [-8.7712696, 41.520293], [-8.7712727, 41.5202461], [-8.7712593, 41.5202003]]}, "properties": {"highway": "primary", "junction": "roundabout", "lane_markings": "no", "name": "Avenida de S\u00e3o Martinho", "postal_code": "4740-471", "ref": "EN 13", "surface": "asphalt"}}, {"type": "Feature", "geometry": {"type": "LineString", "coordinates": [[-8.7708194, 41.520189], [-8.7708016, 41.5202352], [-8.770801, 41.5202832], [-8.7708176, 41.5203297], [-8.7708502, 41.520371]]}, "properties": {"highway": "primary", "junction": "roundabout", "lane_markings": "no", "name": "Avenida de S\u00e3o Martinho", "postal_code": "4740-471", "ref": "EN 13", "surface": "asphalt"}}, {"type": "Feature", "geometry": {"type": "LineString", "coordinates": [[-8.7683666, 41.6397269], [-8.7683101, 41.6397343], [-8.7682534, 41.6397442]]}, "properties": {"highway": "primary", "junction": "roundabout", "lanes": "2", "maxspeed": "50", "ref": "EN 13", "surface": "asphalt"}}, {"type": "Feature", "geometry": {"type": "LineString", "coordinates": [[-8.7823483, 41.5458391], [-8.7823021, 41.5458714], [-8.782273, 41.5459134], [-8.7822642, 41.5459603], [-8.7822722, 41.5459968], [-8.7822926, 41.5460304], [-8.782324, 41.5460589], [-8.7823754, 41.5460842]]}, "properties": {"highway": "primary", "junction": "roundabout", "lane_markings": "no", "lit": "yes", "name": "Avenida 19 de Agosto", "postal_code": "4740-575", "ref": "EN 13", "surface": "asphalt"}}, {"type": "Feature", "geometry": {"type": "LineString", "coordinates": [[-8.7815265, 41.5399461], [-8.781582, 41.5399917], [-8.7816491, 41.5400215]]}, "properties": {"highway": "primary", "junction": "roundabout", "lane_markings": "no", "lit": "yes", "name": "Avenida 19 de Agosto", "postal_code": "4740-209", "ref": "EN 13", "surface": "asphalt"}}, {"type": "Feature", "geometry": {"type": "LineString", "coordinates": [[-8.7759776, 41.5316076], [-8.776026, 41.531609], [-8.7760727, 41.5315997], [-8.7761136, 41.5315803]]}, "properties": {"highway": "primary", "junction": "roundabout", "lane_markings": "no", "lit": "yes", "name": "Avenida 19 de Agosto", "postal_code": "4740-209", "ref": "EN 13", "surface": "asphalt"}}, {"type": "Feature", "geometry": {"type": "LineString", "coordinates": [[-8.7758997, 41.5314008], [-8.7758634, 41.5314374], [-8.7758479, 41.5314815], [-8.7758514, 41.5315157], [-8.7758677, 41.5315478], [-8.775896, 41.5315756], [-8.7759337, 41.531596], [-8.7759776, 41.5316076]]}, "properties": {"highway": "primary", "junction": "roundabout", "lane_markings": "no", "lit": "yes", "name": "Avenida 19 de Agosto", "postal_code": "4740-209", "ref": "EN 13", "surface": "asphalt"}}, {"type": "Feature", "geometry": {"type": "LineString", "coordinates": [[-8.7764208, 41.5256361], [-8.7764587, 41.525656], [-8.7765005, 41.5256709], [-8.776545, 41.5256803], [-8.7765911, 41.525684], [-8.7766373, 41.5256819], [-8.7766824, 41.525674], [-8.776725, 41.5256606], [-8.7767872, 41.5256273]]}, "properties": {"highway": "primary", "junction": "roundabout", "lanes": "2", "ref": "EN 13", "surface": "asphalt"}}, {"type": "Feature", "geometry": {"type": "LineString", "coordinates": [[-8.7708502, 41.520371], [-8.7708943, 41.5204032], [-8.7709479, 41.5204258]]}, "properties": {"highway": "primary", "junction": "roundabout", "lane_markings": "no", "name": "Avenida de S\u00e3o Martinho", "postal_code": "4740-471", "ref": "EN 13", "surface": "asphalt"}}, {"type": "Feature", "geometry": {"type": "LineString", "coordinates": [[-8.7708449, 41.520156], [-8.7708194, 41.520189]]}, "properties": {"highway": "primary", "junction": "roundabout", "lane_markings": "no", "name": "Avenida de S\u00e3o Martinho", "postal_code": "4740-471", "ref": "EN 13", "surface": "asphalt"}}, {"type": "Feature", "geometry": {"type": "LineString", "coordinates": [[-8.7497943, 41.4847622], [-8.75001, 41.4848188], [-8.7501116, 41.4848126], [-8.7502132, 41.484782], [-8.7503702, 41.4846767]]}, "properties": {"highway": "primary", "junction": "roundabout", "lanes": "2", "ref": "EN 13", "sidewalk": "no", "smoothness": "good", "source": "bing", "surface": "asphalt"}}, {"type": "Feature", "geometry": {"type": "LineString", "coordinates": [[-8.7500064, 41.4837107], [-8.749791, 41.4836708], [-8.7495919, 41.4837152], [-8.7494404, 41.4838376]]}, "properties": {"highway": "primary", "junction": "roundabout", "lanes": "2", "lit": "yes", "ref": "EN 13", "sidewalk": "no", "smoothness": "good", "source": "bing", "surface": "asphalt"}}, {"type": "Feature", "geometry": {"type": "LineString", "coordinates": [[-8.7506757, 41.3677701], [-8.7507266, 41.3677138], [-8.7507429, 41.3676492], [-8.7507346, 41.3675732], [-8.7506974, 41.3675086], [-8.7506053, 41.3674305], [-8.7504928, 41.3673925], [-8.7503895, 41.3673983]]}, "properties": {"highway": "primary", "junction": "roundabout", "lanes": "2", "name": "Rua 5 de Outubro", "ref": "EN 13", "source": "bing", "surface": "asphalt"}}, {"type": "Feature", "geometry": {"type": "LineString", "coordinates": [[-8.733931, 41.3418602], [-8.7339699, 41.3419075], [-8.7340338, 41.341954], [-8.7340862, 41.3419788], [-8.7341405, 41.3419987]]}, "properties": {"highway": "primary", "junction": "roundabout", "maxspeed": "50", "ref": "EN 13", "surface": "asphalt"}}, {"type": "Feature", "geometry": {"type": "LineString", "coordinates": [[-8.7292779, 41.3390835], [-8.729274, 41.339133], [-8.729288, 41.3391814], [-8.7293189, 41.3392252], [-8.7293644, 41.3392611], [-8.7294211, 41.3392865], [-8.7294848, 41.3392995], [-8.7295508, 41.3392991], [-8.7296143, 41.3392853]]}, "properties": {"highway": "primary", "junction": "roundabout", "lanes": "2", "maxspeed": "50", "ref": "EN 13", "surface": "asphalt"}}, {"type": "Feature", "geometry": {"type": "LineString", "coordinates": [[-8.718557, 41.3296937], [-8.7185246, 41.3297528], [-8.7185211, 41.3298166]]}, "properties": {"highway": "primary", "junction": "roundabout", "maxspeed": "50", "name": "Rotunda dos Tr\u00eas Pinheiros", "ref": "EN 13", "surface": "asphalt"}}, {"type": "Feature", "geometry": {"type": "LineString", "coordinates": [[-8.7111709, 41.318999], [-8.71114, 41.3190492], [-8.7111311, 41.3191041], [-8.7111382, 41.3191471], [-8.7111743, 41.3192005], [-8.7112174, 41.3192354], [-8.7112943, 41.3192665], [-8.711347, 41.3192752], [-8.711425, 41.3192707]]}, "properties": {"highway": "primary", "junction": "roundabout", "lanes": "2", "ref": "EN 13", "surface": "asphalt"}}, {"type": "Feature", "geometry": {"type": "LineString", "coordinates": [[-8.7020834, 41.3047531], [-8.7020651, 41.3047856], [-8.7020556, 41.3048202], [-8.7020584, 41.3048732], [-8.7020817, 41.3049232], [-8.7021232, 41.3049661], [-8.7021796, 41.304998], [-8.702223, 41.3050119], [-8.7022692, 41.3050191]]}, "properties": {"highway": "primary", "junction": "roundabout", "lanes": "2", "lit": "no", "maxspeed": "50", "ref": "EN 13", "source": "bing", "surface": "asphalt"}}, {"type": "Feature", "geometry": {"type": "LineString", "coordinates": [[-8.6482848, 41.2433782], [-8.6482638, 41.2434185], [-8.6482529, 41.2434503], [-8.6482467, 41.2434998], [-8.6482512, 41.2435474], [-8.6482681, 41.2435962], [-8.6482941, 41.2436377], [-8.6483326, 41.2436802], [-8.6483638, 41.2437042]]}, "properties": {"highway": "primary", "junction": "roundabout", "lane_markings": "yes", "lanes": "3", "ref": "EN 13", "surface": "asphalt", "width": "11"}}, {"type": "Feature", "geometry": {"type": "LineString", "coordinates": [[-8.6488697, 41.2432943], [-8.6488239, 41.2432693], [-8.6487749, 41.2432471], [-8.6487179, 41.2432315], [-8.6486609, 41.243222], [-8.6486207, 41.2432204], [-8.6485802, 41.2432223]]}, "properties": {"highway": "primary", "junction": "roundabout", "lane_markings": "yes", "lanes": "3", "ref": "EN 13", "surface": "asphalt", "width": "11"}}, {"type": "Feature", "geometry": {"type": "LineString", "coordinates": [[-8.6486834, 41.2437779], [-8.6487461, 41.2437652], [-8.6488051, 41.2437438], [-8.6488557, 41.2437171], [-8.648897, 41.243687], [-8.6489325, 41.243651], [-8.6489583, 41.2436149], [-8.6489768, 41.2435734], [-8.6489882, 41.2435314], [-8.6489892, 41.2434869], [-8.6489817, 41.2434455], [-8.6489667, 41.2434035], [-8.6489425, 41.2433642], [-8.6489107, 41.2433268], [-8.6488697, 41.2432943]]}, "properties": {"highway": "primary", "junction": "roundabout", "lane_markings": "yes", "lanes": "3", "ref": "EN 13", "surface": "asphalt", "width": "11"}}, {"type": "Feature", "geometry": {"type": "LineString", "coordinates": [[-8.6483638, 41.2437042], [-8.6484337, 41.2437451], [-8.6484869, 41.243764], [-8.648552, 41.2437776], [-8.648618, 41.2437816], [-8.6486834, 41.2437779]]}, "properties": {"highway": "primary", "junction": "roundabout", "lane_markings": "yes", "lanes": "3", "ref": "EN 13", "surface": "asphalt", "width": "11"}}, {"type": "Feature", "geometry": {"type": "LineString", "coordinates": [[-8.6391242, 41.2344549], [-8.6390878, 41.2344737], [-8.6390462, 41.234507], [-8.6390283, 41.2345269]]}, "properties": {"highway": "primary", "junction": "roundabout", "lane_markings": "yes", "lanes": "3", "name": "Rotunda Sonae", "placement": "right_of:1", "ref": "EN 13", "surface": "asphalt", "turn:lanes": "||left;right", "width": "11"}}, {"type": "Feature", "geometry": {"type": "LineString", "coordinates": [[-8.7448612, 41.3602879], [-8.7447658, 41.360258], [-8.7446623, 41.3602576]]}, "properties": {"highway": "primary", "junction": "roundabout", "lane_markings": "no", "ref": "EN 13", "source": "bing", "surface": "asphalt"}}, {"type": "Feature", "geometry": {"type": "LineString", "coordinates": [[-8.744933, 41.3605654], [-8.7449733, 41.3604934], [-8.7449738, 41.3604155]]}, "properties": {"highway": "primary", "junction": "roundabout", "lane_markings": "no", "ref": "EN 13", "source": "bing", "surface": "asphalt"}}, {"type": "Feature", "geometry": {"type": "LineString", "coordinates": [[-8.7444927, 41.3603415], [-8.7444522, 41.3604135]]}, "properties": {"highway": "primary", "junction": "roundabout", "lane_markings": "no", "ref": "EN 13", "source": "bing", "surface": "asphalt"}}, {"type": "Feature", "geometry": {"type": "LineString", "coordinates": [[-8.7446593, 41.3606491], [-8.7447625, 41.3606496]]}, "properties": {"highway": "primary", "junction": "roundabout", "lane_markings": "no", "ref": "EN 13", "source": "bing", "surface": "asphalt"}}, {"type": "Feature", "geometry": {"type": "LineString", "coordinates": [[-8.7397304, 41.3518386], [-8.7398028, 41.3519798]]}, "properties": {"highway": "primary", "name": "Avenida Jos\u00e9 R\u00e9gio", "oneway": "no", "ref": "EN 13", "surface": "asphalt"}}, {"type": "Feature", "geometry": {"type": "LineString", "coordinates": [[-8.7369086, 41.3447363], [-8.7371284, 41.3450489], [-8.7371548, 41.3450864], [-8.7372865, 41.3452795], [-8.7373259, 41.3453327], [-8.7373665, 41.3453874]]}, "properties": {"highway": "primary", "name": "Avenida Mouzinho de Albuquerque", "oneway": "no", "ref": "EN 13", "surface": "asphalt"}}, {"type": "Feature", "geometry": {"type": "LineString", "coordinates": [[-8.7383209, 41.347869], [-8.7383017, 41.3479774], [-8.7382603, 41.3481318], [-8.7381851, 41.3484486], [-8.7381558, 41.3485927], [-8.7381686, 41.3487404], [-8.7381992, 41.3488527], [-8.738392, 41.3492535], [-8.7385983, 41.3496552], [-8.7389192, 41.3502641], [-8.738969, 41.350363]]}, "properties": {"highway": "primary", "name": "Avenida Mouzinho de Albuquerque", "oneway": "no", "ref": "EN 13", "surface": "asphalt"}}, {"type": "Feature", "geometry": {"type": "LineString", "coordinates": [[-8.7341953, 41.3420064], [-8.7342559, 41.3420001], [-8.7343039, 41.341978], [-8.7343495, 41.3419347], [-8.7343685, 41.3418948]]}, "properties": {"highway": "primary", "junction": "roundabout", "lit": "yes", "maxspeed": "50", "ref": "EN 13", "surface": "asphalt"}}, {"type": "Feature", "geometry": {"type": "LineString", "coordinates": [[-8.7343685, 41.3418948], [-8.7343568, 41.3418443], [-8.7343497, 41.3418199]]}, "properties": {"highway": "primary", "junction": "roundabout", "maxspeed": "50", "ref": "EN 13", "surface": "asphalt"}}, {"type": "Feature", "geometry": {"type": "LineString", "coordinates": [[-8.7343497, 41.3418199], [-8.7343186, 41.3417839], [-8.7342931, 41.3417645], [-8.7342274, 41.3417243], [-8.7341806, 41.3416992], [-8.7341282, 41.3416838]]}, "properties": {"highway": "primary", "junction": "roundabout", "maxspeed": "50", "ref": "EN 13", "surface": "asphalt"}}, {"type": "Feature", "geometry": {"type": "LineString", "coordinates": [[-8.7341282, 41.3416838], [-8.7341, 41.341681], [-8.7340383, 41.3416769]]}, "properties": {"highway": "primary", "junction": "roundabout", "maxspeed": "50", "ref": "EN 13", "surface": "asphalt"}}, {"type": "Feature", "geometry": {"type": "LineString", "coordinates": [[-8.7341405, 41.3419987], [-8.7341953, 41.3420064]]}, "properties": {"highway": "primary", "junction": "roundabout", "maxspeed": "50", "ref": "EN 13", "surface": "asphalt"}}, {"type": "Feature", "geometry": {"type": "LineString", "coordinates": [[-8.733909, 41.3417957], [-8.7339149, 41.3418249], [-8.733931, 41.3418602]]}, "properties": {"highway": "primary", "junction": "roundabout", "maxspeed": "50", "ref": "EN 13", "surface": "asphalt"}}, {"type": "Feature", "geometry": {"type": "LineString", "coordinates": [[-8.8227721, 41.6956745], [-8.822743, 41.6956626]]}, "properties": {"highway": "primary", "junction": "roundabout", "lanes": "2", "name": "Pra\u00e7a Dom Afonso III", "ref": "EN 13", "surface": "asphalt"}}, {"type": "Feature", "geometry": {"type": "LineString", "coordinates": [[-8.7837907, 41.604509], [-8.7837334, 41.6047537], [-8.7835909, 41.6052979], [-8.7834883, 41.605478], [-8.7833785, 41.605611], [-8.7829364, 41.6060899], [-8.7826874, 41.6063582], [-8.7825816, 41.6064828], [-8.7825363, 41.6065291], [-8.7825187, 41.6065471], [-8.7824961, 41.6065702], [-8.7822027, 41.6068987], [-8.782023, 41.6070939], [-8.7818689, 41.6072283], [-8.7817749, 41.6072891], [-8.7816257, 41.6073705], [-8.7816037, 41.6073802], [-8.7813983, 41.6074703]]}, "properties": {"highway": "primary", "lanes": "2", "lanes:backward": "1", "lanes:forward": "1", "name": "Rua 25 de Abril", "oneway": "no", "ref": "EN 13", "surface": "asphalt"}}, {"type": "Feature", "geometry": {"type": "LineString", "coordinates": [[-8.7813983, 41.6074703], [-8.7813081, 41.607514]]}, "properties": {"highway": "primary", "lanes": "2", "lanes:backward": "1", "lanes:forward": "1", "name": "Rua 25 de Abril", "oneway": "no", "ref": "EN 13", "surface": "asphalt"}}, {"type": "Feature", "geometry": {"type": "LineString", "coordinates": [[-8.6452897, 42.0351174], [-8.6453101, 42.035132]]}, "properties": {"highway": "primary", "name": "Avenida de Espanha", "ref": "EN 13", "surface": "paved"}}, {"type": "Feature", "geometry": {"type": "LineString", "coordinates": [[-8.6423466, 42.0269184], [-8.6423555, 42.0268759], [-8.642349, 42.0268331], [-8.6423274, 42.0267932], [-8.6422925, 42.0267589]]}, "properties": {"highway": "primary", "junction": "roundabout", "lane_markings": "no", "name": "EN 101", "ref": "EN 13;EN 101", "surface": "sett"}}, {"type": "Feature", "geometry": {"type": "LineString", "coordinates": [[-8.6407936, 42.0227728], [-8.6408532, 42.0229575]]}, "properties": {"highway": "primary", "lanes": "2", "name": "Avenida Miguel Dantas", "oneway": "no", "ref": "EN 13", "surface": "asphalt"}}, {"type": "Feature", "geometry": {"type": "LineString", "coordinates": [[-8.6375334, 42.0035015], [-8.6375035, 42.0034739]]}, "properties": {"highway": "primary", "junction": "roundabout", "lanes": "2", "ref": "EN 13", "source": "bing"}}, {"type": "Feature", "geometry": {"type": "LineString", "coordinates": [[-8.696605, 41.2981533], [-8.6964837, 41.2980316], [-8.6964542, 41.2979836], [-8.6964155, 41.2979047]]}, "properties": {"highway": "primary", "maxspeed": "50", "maxspeed:type": "sign", "oneway": "yes", "ref": "EN 13", "surface": "asphalt"}}, {"type": "Feature", "geometry": {"type": "LineString", "coordinates": [[-8.6962329, 41.2980364], [-8.6963267, 41.2980572], [-8.6965093, 41.2981144], [-8.696605, 41.2981533]]}, "properties": {"highway": "primary", "maxspeed": "50", "maxspeed:type": "sign", "oneway": "yes", "ref": "EN 13", "surface": "asphalt"}}, {"type": "Feature", "geometry": {"type": "LineString", "coordinates": [[-8.6957472, 41.2975705], [-8.6958533, 41.2976735], [-8.6959191, 41.2977454], [-8.6959684, 41.297852]]}, "properties": {"highway": "primary", "lanes": "1", "maxspeed": "50", "maxspeed:type": "sign", "oneway": "yes", "ref": "EN 13", "surface": "asphalt"}}, {"type": "Feature", "geometry": {"type": "LineString", "coordinates": [[-8.6961739, 41.2977021], [-8.6960228, 41.2976708], [-8.6959037, 41.2976362], [-8.6957472, 41.2975705]]}, "properties": {"highway": "primary", "lanes": "1", "maxspeed": "50", "maxspeed:type": "sign", "oneway": "yes", "ref": "EN 13", "surface": "asphalt"}}, {"type": "Feature", "geometry": {"type": "LineString", "coordinates": [[-8.6438956, 41.2386434], [-8.6440559, 41.2388375]]}, "properties": {"cycleway:both": "no", "destination:lanes": "|Maia;Porto;Braga", "destination:ref:lanes": "|A 41;A 3", "highway": "primary", "lane_markings": "yes", "lanes": "2", "maxspeed": "70", "name": "Avenida de Dom Mendo", "oneway": "yes", "placement": "middle_of:1", "ref": "EN 13", "surface": "asphalt", "turn:lanes": "through|right", "width": "7"}}, {"type": "Feature", "geometry": {"type": "LineString", "coordinates": [[-8.6436001, 41.2383525], [-8.6436559, 41.2384062], [-8.6438175, 41.2385661], [-8.6438956, 41.2386434]]}, "properties": {"cycleway:both": "no", "divider": "double_solid_line", "highway": "primary", "lane_markings": "yes", "lanes": "6", "lanes:backward": "3", "lanes:forward": "3", "maxspeed": "70", "name": "Avenida de Dom Mendo", "oneway": "no", "placement": "right_of:1", "ref": "EN 13", "surface": "asphalt", "turn:lanes:backward": "through|through|right", "turn:lanes:forward": "||merge_to_left", "width": "21"}}, {"type": "Feature", "geometry": {"type": "LineString", "coordinates": [[-8.6391365, 41.2348484], [-8.6391901, 41.2348707], [-8.6392507, 41.2348823], [-8.6394123, 41.2348809]]}, "properties": {"highway": "primary", "junction": "roundabout", "lane_markings": "yes", "lanes": "2", "name": "Rotunda Sonae", "ref": "EN 13"}}, {"type": "Feature", "geometry": {"type": "LineString", "coordinates": [[-8.6394123, 41.2348809], [-8.6395803, 41.2348794]]}, "properties": {"highway": "primary", "junction": "roundabout", "lane_markings": "yes", "lanes": "3", "name": "Rotunda Sonae", "placement": "right_of:1", "ref": "EN 13", "turn:lanes": "||left;right", "width": "11"}}, {"type": "Feature", "geometry": {"type": "LineString", "coordinates": [[-8.6404346, 41.2353638], [-8.6407658, 41.2356711], [-8.6409727, 41.2358194]]}, "properties": {"cycleway:both": "no", "highway": "primary", "lane_markings": "yes", "lanes": "2", "maxspeed": "70", "name": "Avenida de Dom Mendo", "oneway": "yes", "ref": "EN 13", "surface": "asphalt", "width": "6.5"}}, {"type": "Feature", "geometry": {"type": "LineString", "coordinates": [[-8.6465866, 41.2413644], [-8.6459955, 41.2407598]]}, "properties": {"cycleway:both": "no", "destination:lanes": "Porto (Via Norte)|Maia;Porto;Braga", "destination:ref:lanes": "N 13|A 41;A 3", "highway": "primary", "lane_markings": "yes", "lanes": "2", "name": "Avenida de Dom Mendo", "oneway": "yes", "placement": "middle_of:1", "ref": "EN 13", "surface": "asphalt", "width": "7"}}, {"type": "Feature", "geometry": {"type": "LineString", "coordinates": [[-8.6455569, 41.2404084], [-8.6462633, 41.2411313]]}, "properties": {"cycleway:both": "no", "destination:lanes": "|Porto;Matosinhos;Aeroporto S\u00e1 Carneiro;Viana do Castelo", "destination:ref:lanes": "|A 41", "highway": "primary", "lane_markings": "yes", "lanes": "2", "maxspeed": "70", "name": "Avenida de Dom Mendo", "oneway": "yes", "placement": "middle_of:1", "ref": "EN 13", "surface": "asphalt", "width": "7"}}, {"type": "Feature", "geometry": {"type": "LineString", "coordinates": [[-8.6428294, 41.2376093], [-8.6428415, 41.2376211], [-8.6433104, 41.2380735]]}, "properties": {"cycleway:both": "no", "divider": "double_solid_line", "highway": "primary", "lane_markings": "yes", "lanes": "5", "lanes:backward": "3", "lanes:forward": "2", "maxspeed": "70", "name": "Avenida de Dom Mendo", "oneway": "no", "placement:forward": "left_of:1", "ref": "EN 13", "surface": "asphalt", "turn:lanes:backward": "||merge_to_left", "width": "17.5"}}, {"type": "Feature", "geometry": {"type": "LineString", "coordinates": [[-8.6433104, 41.2380735], [-8.6434243, 41.2381833]]}, "properties": {"cycleway:both": "no", "divider": "double_solid_line", "highway": "primary", "lane_markings": "yes", "lanes": "4", "lanes:backward": "2", "lanes:forward": "2", "maxspeed": "70", "name": "Avenida de Dom Mendo", "oneway": "no", "placement:forward": "left_of:1", "ref": "EN 13", "surface": "asphalt", "width": "14"}}, {"type": "Feature", "geometry": {"type": "LineString", "coordinates": [[-8.6434243, 41.2381833], [-8.6436001, 41.2383525]]}, "properties": {"cycleway:both": "no", "divider": "double_solid_line", "highway": "primary", "lane_markings": "yes", "lanes": "5", "lanes:backward": "2", "lanes:forward": "3", "maxspeed": "70", "name": "Avenida de Dom Mendo", "oneway": "no", "placement:forward": "left_of:1", "ref": "EN 13", "surface": "asphalt", "turn:lanes:forward": "||merge_to_left", "width": "17.5"}}, {"type": "Feature", "geometry": {"type": "LineString", "coordinates": [[-8.6409727, 41.2358194], [-8.6412386, 41.2360745], [-8.6422545, 41.237055], [-8.64252, 41.237311]]}, "properties": {"cycleway:both": "no", "divider": "double_solid_line", "highway": "primary", "lane_markings": "yes", "lanes": "4", "lanes:backward": "2", "lanes:forward": "2", "maxspeed": "70", "name": "Avenida de Dom Mendo", "oneway": "no", "placement:forward": "left_of:1", "ref": "EN 13", "surface": "asphalt", "width": "14"}}, {"type": "Feature", "geometry": {"type": "LineString", "coordinates": [[-8.6329587, 41.2253269], [-8.6328794, 41.2252808], [-8.6326624, 41.2251608], [-8.6326012, 41.2251282], [-8.6325415, 41.2251], [-8.6324104, 41.2250455], [-8.6322744, 41.2249981], [-8.632162, 41.2249646], [-8.6320497, 41.2249348], [-8.6319119, 41.2249056], [-8.6317633, 41.2248791]]}, "properties": {"highway": "primary", "lane_markings": "yes", "lanes": "2", "maxheight:signed": "no", "maxspeed": "50", "maxspeed:type": "sign", "name": "Avenida de Dom Mendo", "oneway": "yes", "ref": "EN 13", "surface": "asphalt", "turn:lanes": "through|through;right", "width": "6"}}, {"type": "Feature", "geometry": {"type": "LineString", "coordinates": [[-8.6336976, 41.2257566], [-8.6333214, 41.2255378], [-8.6329587, 41.2253269]]}, "properties": {"highway": "primary", "lane_markings": "yes", "lanes": "3", "maxspeed": "50", "maxspeed:type": "sign", "name": "Avenida de Dom Mendo", "oneway": "yes", "placement": "right_of:1", "ref": "EN 13", "surface": "asphalt", "turn:lanes": "||merge_to_left", "width": "10"}}, {"type": "Feature", "geometry": {"type": "LineString", "coordinates": [[-8.63487, 41.2264323], [-8.6347932, 41.2264002], [-8.6347252, 41.2263671], [-8.6346524, 41.226324], [-8.6346143, 41.2263024], [-8.6341616, 41.2260224], [-8.6339302, 41.2258918], [-8.6336976, 41.2257566]]}, "properties": {"highway": "primary", "lanes": "2", "maxspeed": "50", "maxspeed:type": "sign", "name": "Avenida de Dom Mendo", "oneway": "yes", "ref": "EN 13", "surface": "asphalt"}}, {"type": "Feature", "geometry": {"type": "LineString", "coordinates": [[-8.6304414, 41.2248911], [-8.6308923, 41.2248869], [-8.6311193, 41.2248869], [-8.6313456, 41.2248902]]}, "properties": {"highway": "primary", "lane_markings": "yes", "lanes": "2", "maxspeed": "50", "maxspeed:type": "sign", "oneway": "yes", "placement": "middle_of:1", "ref": "EN 13", "surface": "asphalt", "width": "6.7"}}, {"type": "Feature", "geometry": {"type": "LineString", "coordinates": [[-8.6350856, 41.22689], [-8.6351406, 41.2269827], [-8.6351895, 41.2270756]]}, "properties": {"divider": "double_solid_line", "highway": "primary", "lane_markings": "yes", "lanes": "4", "lanes:backward": "2", "lanes:forward": "2", "maxspeed": "50", "maxspeed:type": "sign", "name": "Avenida de Dom Mendo", "oneway": "no", "ref": "EN 13", "surface": "asphalt", "width": "13"}}, {"type": "Feature", "geometry": {"type": "LineString", "coordinates": [[-8.6351954, 41.2298096], [-8.6352184, 41.2299069], [-8.6352479, 41.230001], [-8.6353235, 41.2301909], [-8.63539, 41.2303142], [-8.6354643, 41.2304354]]}, "properties": {"divider": "double_solid_line", "highway": "primary", "lane_markings": "yes", "lanes": "4", "lanes:backward": "2", "lanes:forward": "2", "maxspeed": "50", "maxspeed:type": "sign", "name": "Avenida de Dom Mendo", "oneway": "no", "ref": "EN 13", "surface": "asphalt", "turn:lanes:forward": "through|through;right", "width": "13"}}, {"type": "Feature", "geometry": {"type": "LineString", "coordinates": [[-8.6351895, 41.2270756], [-8.6352455, 41.2272033], [-8.63529, 41.2273297], [-8.6353283, 41.2274789], [-8.6353438, 41.2275604], [-8.635354, 41.2276411], [-8.6353558, 41.2276733], [-8.6353595, 41.2277412], [-8.6353599, 41.227843], [-8.6353518, 41.2279421], [-8.635339, 41.228041], [-8.6352005, 41.2290969], [-8.6351706, 41.2293497], [-8.6351647, 41.2294079], [-8.6351617, 41.2294677], [-8.6351614, 41.2295277], [-8.6351652, 41.2295857], [-8.6351765, 41.2296976], [-8.6351954, 41.2298096]]}, "properties": {"divider": "double_solid_line", "highway": "primary", "lane_markings": "yes", "lanes": "4", "lanes:backward": "2", "lanes:forward": "2", "maxspeed": "50", "maxspeed:type": "sign", "name": "Avenida de Dom Mendo", "oneway": "no", "ref": "EN 13", "surface": "asphalt", "width": "13"}}, {"type": "Feature", "geometry": {"type": "LineString", "coordinates": [[-8.6368268, 41.2318028], [-8.637167, 41.2321307]]}, "properties": {"destination:lanes:backward": "|CIN (acesso ligeiros)", "divider": "double_solid_line", "highway": "primary", "lane_markings": "yes", "lanes": "4", "lanes:backward": "2", "lanes:forward": "2", "maxspeed": "50", "maxspeed:type": "sign", "name": "Avenida de Dom Mendo", "oneway": "no", "ref": "EN 13", "surface": "asphalt", "turn:lanes:backward": "|through;right", "width": "13"}}, {"type": "Feature", "geometry": {"type": "LineString", "coordinates": [[-8.6375282, 41.2324786], [-8.6377043, 41.2326489]]}, "properties": {"divider": "double_solid_line", "highway": "primary", "lane_markings": "yes", "lanes": "4", "lanes:backward": "2", "lanes:forward": "2", "maxspeed": "50", "maxspeed:type": "sign", "name": "Avenida de Dom Mendo", "oneway": "no", "ref": "EN 13", "surface": "asphalt", "turn:lanes:forward": "through|through;right", "width": "13"}}, {"type": "Feature", "geometry": {"type": "LineString", "coordinates": [[-8.637167, 41.2321307], [-8.6375282, 41.2324786]]}, "properties": {"destination:lanes:backward": "|CIN (acesso ligeiros)", "divider": "double_solid_line", "highway": "primary", "lane_markings": "yes", "lanes": "4", "lanes:backward": "2", "lanes:forward": "2", "maxspeed": "50", "maxspeed:type": "sign", "name": "Avenida de Dom Mendo", "oneway": "no", "ref": "EN 13", "surface": "asphalt", "turn:lanes:backward": "|through;right", "turn:lanes:forward": "through|through;right", "width": "13"}}, {"type": "Feature", "geometry": {"type": "LineString", "coordinates": [[-8.6377043, 41.2326489], [-8.6378987, 41.2328373], [-8.6379664, 41.2329027], [-8.6382272, 41.2331542]]}, "properties": {"divider": "double_solid_line", "highway": "primary", "lane_markings": "yes", "lanes": "4", "lanes:backward": "2", "lanes:forward": "2", "maxspeed": "50", "maxspeed:type": "sign", "name": "Avenida de Dom Mendo", "oneway": "no", "ref": "EN 13", "surface": "asphalt", "width": "13"}}, {"type": "Feature", "geometry": {"type": "LineString", "coordinates": [[-8.6382272, 41.2331542], [-8.6383727, 41.2332943], [-8.6387162, 41.233625]]}, "properties": {"divider": "double_solid_line", "highway": "primary", "lane_markings": "yes", "lanes": "4", "lanes:backward": "2", "lanes:forward": "2", "maxspeed": "50", "maxspeed:type": "sign", "name": "Avenida de Dom Mendo", "oneway": "no", "ref": "EN 13", "surface": "asphalt", "turn:lanes:backward": "through|through;right", "width": "13"}}, {"type": "Feature", "geometry": {"type": "LineString", "coordinates": [[-8.6387162, 41.233625], [-8.63889, 41.2337932]]}, "properties": {"divider": "double_solid_line", "highway": "primary", "lane_markings": "yes", "lanes": "4", "lanes:backward": "2", "lanes:forward": "2", "maxspeed": "50", "maxspeed:type": "sign", "name": "Avenida de Dom Mendo", "oneway": "no", "ref": "EN 13", "surface": "asphalt", "width": "13"}}, {"type": "Feature", "geometry": {"type": "LineString", "coordinates": [[-8.6367389, 41.2317186], [-8.6368268, 41.2318028]]}, "properties": {"divider": "double_solid_line", "highway": "primary", "lane_markings": "yes", "lanes": "4", "lanes:backward": "2", "lanes:forward": "2", "maxspeed": "50", "maxspeed:type": "sign", "name": "Avenida de Dom Mendo", "oneway": "no", "ref": "EN 13", "surface": "asphalt", "width": "13"}}, {"type": "Feature", "geometry": {"type": "LineString", "coordinates": [[-8.6366389, 41.2316219], [-8.6367389, 41.2317186]]}, "properties": {"divider": "double_solid_line", "highway": "primary", "lane_markings": "yes", "lanes": "4", "lanes:backward": "2", "lanes:forward": "2", "maxspeed": "50", "maxspeed:type": "sign", "name": "Avenida de Dom Mendo", "oneway": "no", "ref": "EN 13", "surface": "asphalt", "width": "13"}}, {"type": "Feature", "geometry": {"type": "LineString", "coordinates": [[-8.701246, 41.3031224], [-8.7003262, 41.3017128]]}, "properties": {"highway": "primary", "lanes": "1", "lit": "no", "maxheight": "default", "oneway": "yes", "ref": "EN 13", "surface": "asphalt"}}, {"type": "Feature", "geometry": {"type": "LineString", "coordinates": [[-8.7003262, 41.3017128], [-8.6999679, 41.3011211]]}, "properties": {"destination:lanes": "Porto;Maia|Viana do Castelo", "destination:ref:lanes": "N 13|A 28", "highway": "primary", "lanes": "2", "lit": "no", "maxheight": "default", "oneway": "yes", "ref": "EN 13", "surface": "asphalt", "turn:lanes": "through|slight_right"}}, {"type": "Feature", "geometry": {"type": "LineString", "coordinates": [[-8.6999679, 41.3011211], [-8.699584, 41.3005884], [-8.6990208, 41.2998489], [-8.6988757, 41.2996958], [-8.6987431, 41.2995758]]}, "properties": {"destination": "Porto;Maia", "highway": "primary", "lanes": "1", "lit": "no", "maxheight": "default", "oneway": "yes", "ref": "EN 13", "surface": "asphalt"}}, {"type": "Feature", "geometry": {"type": "LineString", "coordinates": [[-8.6979854, 41.2990735], [-8.697865, 41.2989921]]}, "properties": {"highway": "primary", "lanes": "3", "lanes:backward": "2", "lanes:forward": "1", "maxspeed": "50", "maxspeed:type": "sign", "oneway": "no", "ref": "EN 13", "surface": "asphalt"}}, {"type": "Feature", "geometry": {"type": "LineString", "coordinates": [[-8.6987431, 41.2995758], [-8.6984519, 41.2993512], [-8.6981676, 41.2991618]]}, "properties": {"highway": "primary", "lanes": "2", "lit": "no", "maxheight": "default", "oneway": "yes", "ref": "EN 13", "surface": "asphalt"}}, {"type": "Feature", "geometry": {"type": "LineString", "coordinates": [[-8.6981676, 41.2991618], [-8.6979854, 41.2990735]]}, "properties": {"highway": "primary", "lanes": "1", "lit": "no", "maxheight": "default", "oneway": "yes", "ref": "EN 13", "surface": "asphalt"}}, {"type": "Feature", "geometry": {"type": "LineString", "coordinates": [[-8.6999069, 41.3012335], [-8.700337, 41.3018946]]}, "properties": {"highway": "primary", "lane_markings": "yes", "lanes": "2", "lit": "no", "maxheight": "default", "oneway": "yes", "placement": "middle_of:1", "ref": "EN 13", "surface": "asphalt", "turn:lanes": "through|slight_right", "width": "8"}}, {"type": "Feature", "geometry": {"type": "LineString", "coordinates": [[-8.700337, 41.3018946], [-8.7012738, 41.3033583]]}, "properties": {"highway": "primary", "lanes": "1", "lit": "no", "maxheight": "default", "oneway": "yes", "ref": "EN 13", "surface": "asphalt"}}, {"type": "Feature", "geometry": {"type": "LineString", "coordinates": [[-8.7012738, 41.3033583], [-8.7013539, 41.3034853], [-8.702077, 41.3046227]]}, "properties": {"highway": "primary", "lanes": "2", "lit": "no", "maxheight": "default", "oneway": "yes", "ref": "EN 13", "surface": "asphalt"}}, {"type": "Feature", "geometry": {"type": "LineString", "coordinates": [[-8.6979854, 41.2990735], [-8.6981349, 41.2991959], [-8.6983955, 41.2993996], [-8.6984883, 41.299474], [-8.6986016, 41.2995743]]}, "properties": {"destination:lanes": "Vila do Conde;Mindelo;Porto|Viana do Castelo", "destination:ref:lanes": "N 13;A 28|A 28", "highway": "primary", "lane_markings": "yes", "lanes": "2", "lit": "no", "maxheight": "default", "oneway": "yes", "placement": "middle_of:1", "ref": "EN 13", "surface": "asphalt", "turn:lanes": "through|right", "width": "8"}}, {"type": "Feature", "geometry": {"type": "LineString", "coordinates": [[-8.7484028, 41.9341784], [-8.7489505, 41.9334151], [-8.7489954, 41.9333526], [-8.7493999, 41.932762], [-8.7494454, 41.9326956], [-8.7496559, 41.9323798], [-8.750201, 41.9315011], [-8.7506007, 41.9308373], [-8.7511746, 41.9299241], [-8.7524856, 41.927737], [-8.7528283, 41.9271669], [-8.7530927, 41.9267286], [-8.753576, 41.9259276], [-8.7536858, 41.9257425], [-8.7540645, 41.9251247], [-8.7546611, 41.9242442], [-8.7547635, 41.9240756], [-8.7548078, 41.924014], [-8.7548617, 41.9239731], [-8.7549338, 41.9239224]]}, "properties": {"highway": "primary", "lanes": "2", "maxspeed": "70", "name": "Rua de Santa Marinha", "oneway": "yes", "ref": "EN 13", "source": "Bing", "surface": "asphalt"}}, {"type": "Feature", "geometry": {"type": "LineString", "coordinates": [[-8.7656994, 41.9191098], [-8.7652303, 41.9191612], [-8.7648782, 41.919221], [-8.7642813, 41.9193341], [-8.7639157, 41.9194249], [-8.7635807, 41.9195261]]}, "properties": {"highway": "primary", "maxspeed": "50", "ref": "EN 13", "surface": "asphalt"}}, {"type": "Feature", "geometry": {"type": "LineString", "coordinates": [[-8.7871096, 41.9123515], [-8.7860724, 41.9129919]]}, "properties": {"highway": "primary", "lanes": "2", "maxspeed": "50", "oneway": "no", "ref": "EN 13", "source": "Bing", "surface": "asphalt"}}, {"type": "Feature", "geometry": {"type": "LineString", "coordinates": [[-8.8154523, 41.8997563], [-8.81533, 41.8997964], [-8.8150273, 41.899864], [-8.8132207, 41.9002867]]}, "properties": {"access": "yes", "highway": "primary", "lanes": "2", "maxspeed:forward": "70", "oneway": "no", "ref": "EN 13", "source": "Bing", "surface": "asphalt"}}, {"type": "Feature", "geometry": {"type": "LineString", "coordinates": [[-8.8098264, 41.9005771], [-8.8095505, 41.9005252], [-8.8091386, 41.9004871], [-8.8087189, 41.9005169], [-8.8083104, 41.9005957], [-8.8079993, 41.9006844], [-8.8074096, 41.90095], [-8.8066765, 41.9012759]]}, "properties": {"highway": "primary", "lanes": "2", "maxspeed:forward": "50", "oneway": "no", "ref": "EN 13", "source": "Bing", "surface": "asphalt"}}, {"type": "Feature", "geometry": {"type": "LineString", "coordinates": [[-8.8301167, 41.8792627], [-8.8298713, 41.8793146], [-8.829109, 41.8794808]]}, "properties": {"access": "yes", "highway": "primary", "lanes": "2", "maxspeed:backward": "70", "oneway": "no", "ref": "EN 13", "source": "Bing", "surface": "asphalt"}}, {"type": "Feature", "geometry": {"type": "LineString", "coordinates": [[-8.829109, 41.8794808], [-8.8280967, 41.8797016], [-8.826877, 41.8799616], [-8.8264599, 41.8800856], [-8.826057, 41.8802483]]}, "properties": {"access": "yes", "highway": "primary", "lanes": "2", "oneway": "no", "ref": "EN 13", "source": "Bing", "surface": "asphalt"}}, {"type": "Feature", "geometry": {"type": "LineString", "coordinates": [[-8.7663396, 41.4167052], [-8.7662958, 41.4168832], [-8.7662314, 41.4171707]]}, "properties": {"highway": "primary", "lit": "yes", "oneway": "no", "ref": "EN 13", "sidewalk": "right", "source": "bing", "surface": "asphalt"}}, {"type": "Feature", "geometry": {"type": "LineString", "coordinates": [[-8.7661688, 41.4174522], [-8.7661368, 41.4175675]]}, "properties": {"highway": "primary", "lit": "yes", "oneway": "no", "ref": "EN 13", "sidewalk": "right", "source": "bing", "surface": "asphalt"}}, {"type": "Feature", "geometry": {"type": "LineString", "coordinates": [[-8.7660645, 41.417863], [-8.7656093, 41.419762], [-8.7653198, 41.4209028], [-8.7651052, 41.4218789], [-8.7648309, 41.4230397], [-8.7647817, 41.4232253]]}, "properties": {"highway": "primary", "lanes": "2", "lit": "yes", "oneway": "no", "ref": "EN 13", "smoothness": "good", "source": "bing", "surface": "asphalt"}}, {"type": "Feature", "geometry": {"type": "LineString", "coordinates": [[-8.6283957, 41.1944353], [-8.6283134, 41.1950392], [-8.6281202, 41.1958752], [-8.6280784, 41.1960047]]}, "properties": {"highway": "trunk", "lanes": "2", "maxspeed": "70", "name": "Via Norte", "oneway": "yes", "ref": "EN 14;EN 13", "surface": "asphalt", "turn:lanes": "through|through;slight_right"}}, {"type": "Feature", "geometry": {"type": "LineString", "coordinates": [[-8.6280784, 41.1960047], [-8.6279082, 41.1965322]]}, "properties": {"highway": "trunk", "lanes": "2", "maxspeed": "70", "name": "Via Norte", "oneway": "yes", "ref": "EN 14;EN 13", "surface": "asphalt", "turn:lanes": "through|through;slight_right"}}, {"type": "Feature", "geometry": {"type": "LineString", "coordinates": [[-8.6224389, 41.1721984], [-8.6226464, 41.1719602]]}, "properties": {"bicycle": "no", "destination": "Carvalhido;Prelada", "destination:symbol": ";hospital", "foot": "no", "highway": "trunk", "horse": "no", "lanes": "2", "maxheight:signed": "no", "maxspeed": "50", "motor_vehicle": "yes", "name": "Via Norte", "oneway": "yes", "ref": "EN 14;EN 13", "surface": "asphalt", "turn:lanes": "none|merge_to_left"}}, {"type": "Feature", "geometry": {"type": "LineString", "coordinates": [[-8.6229988, 41.1715401], [-8.6231442, 41.1713668], [-8.6232266, 41.1712179]]}, "properties": {"bicycle": "no", "foot": "no", "highway": "trunk", "horse": "no", "lanes": "1", "maxspeed": "50", "motor_vehicle": "yes", "name": "Via Norte", "oneway": "yes", "ref": "EN 14;EN 13", "surface": "asphalt"}}, {"type": "Feature", "geometry": {"type": "LineString", "coordinates": [[-8.6222519, 41.1797739], [-8.6222438, 41.1800825]]}, "properties": {"bicycle": "no", "foot": "no", "highway": "trunk", "horse": "no", "lanes": "3", "maxspeed": "90", "motor_vehicle": "yes", "name": "Via Norte", "oneway": "yes", "ref": "EN 14;EN 13", "surface": "asphalt", "turn:lanes": "through|through;slight_right|slight_right"}}, {"type": "Feature", "geometry": {"type": "LineString", "coordinates": [[-8.7409378, 41.3533741], [-8.7408464, 41.3533225], [-8.7406813, 41.3532598], [-8.7404951, 41.3531938]]}, "properties": {"highway": "primary", "name": "Rua 5 de Outubro", "oneway": "yes", "ref": "EN 13", "surface": "asphalt"}}, {"type": "Feature", "geometry": {"type": "LineString", "coordinates": [[-8.7503867, 41.3676938], [-8.7504501, 41.3677466], [-8.75054, 41.3677716], [-8.7506145, 41.3677755], [-8.7506757, 41.3677701]]}, "properties": {"highway": "primary", "junction": "roundabout", "lanes": "2", "name": "Rua 5 de Outubro", "ref": "EN 13", "source": "bing", "surface": "asphalt"}}, {"type": "Feature", "geometry": {"type": "LineString", "coordinates": [[-8.7608806, 41.380297], [-8.7609322, 41.3803652], [-8.7609957, 41.3804488], [-8.7610819, 41.3805612], [-8.7611667, 41.3806644], [-8.7612363, 41.3807491]]}, "properties": {"bicycle": "yes", "cycleway": "no", "foot": "yes", "highway": "primary", "lanes": "2", "name": "Pra\u00e7a Marqu\u00eas de Pombal", "oneway": "no", "ref": "EN 13", "surface": "asphalt"}}, {"type": "Feature", "geometry": {"type": "LineString", "coordinates": [[-8.7553732, 41.373527], [-8.7554266, 41.373597], [-8.7554387, 41.3736147], [-8.7559513, 41.3742385], [-8.75602, 41.3743271], [-8.75641, 41.3747971], [-8.7566541, 41.3751026]]}, "properties": {"bicycle": "yes", "cycleway": "no", "foot": "yes", "highway": "primary", "lanes": "2", "name": "Rua Almirante Reis", "oneway": "no", "ref": "EN 13", "sidewalk:both": "separate", "surface": "asphalt"}}, {"type": "Feature", "geometry": {"type": "LineString", "coordinates": [[-8.6487245, 41.2462765], [-8.6486867, 41.2461172], [-8.6486676, 41.2460048]]}, "properties": {"highway": "primary", "lanes": "3", "lanes:backward": "2", "lanes:forward": "1", "name": "Rua Conselheiro Lu\u00eds Magalh\u00e3es", "oneway": "no", "ref": "EN 13", "surface": "asphalt"}}, {"type": "Feature", "geometry": {"type": "LineString", "coordinates": [[-8.7566541, 41.3751026], [-8.7567122, 41.3751758], [-8.7574598, 41.376117], [-8.7575023, 41.3761711]]}, "properties": {"bicycle": "yes", "cycleway": "no", "foot": "yes", "highway": "primary", "lanes": "2", "name": "Rua Almirante Reis", "oneway": "no", "ref": "EN 13", "sidewalk:both": "separate", "surface": "asphalt"}}, {"type": "Feature", "geometry": {"type": "LineString", "coordinates": [[-8.7516393, 41.3689172], [-8.7517148, 41.3690148], [-8.7519343, 41.3692934], [-8.7519993, 41.3693702]]}, "properties": {"bicycle": "yes", "cycleway": "no", "foot": "yes", "highway": "primary", "lanes": "2", "name": "Rua 5 de Outubro", "oneway": "no", "ref": "EN 13", "surface": "asphalt"}}, {"type": "Feature", "geometry": {"type": "LineString", "coordinates": [[-8.7519993, 41.3693702], [-8.7525555, 41.3700648], [-8.7526985, 41.370235], [-8.7530469, 41.3706639]]}, "properties": {"bicycle": "yes", "cycleway": "no", "foot": "yes", "highway": "primary", "lanes": "2", "name": "Rua 5 de Outubro", "oneway": "no", "ref": "EN 13", "surface": "asphalt"}}, {"type": "Feature", "geometry": {"type": "LineString", "coordinates": [[-8.7530469, 41.3706639], [-8.7531732, 41.3708204], [-8.7533432, 41.3710313], [-8.754107, 41.3719773]]}, "properties": {"bicycle": "yes", "cycleway": "no", "foot": "yes", "highway": "primary", "lanes": "2", "name": "Rua 5 de Outubro", "oneway": "no", "ref": "EN 13", "surface": "asphalt"}}, {"type": "Feature", "geometry": {"type": "LineString", "coordinates": [[-8.754107, 41.3719773], [-8.7542065, 41.372101], [-8.7543351, 41.3722598], [-8.7546316, 41.3726258], [-8.7547919, 41.3728237]]}, "properties": {"bicycle": "yes", "cycleway": "no", "foot": "yes", "highway": "primary", "lanes": "2", "name": "Rua 5 de Outubro", "oneway": "no", "ref": "EN 13", "surface": "asphalt"}}, {"type": "Feature", "geometry": {"type": "LineString", "coordinates": [[-8.7547919, 41.3728237], [-8.7548613, 41.3729061], [-8.7553732, 41.373527]]}, "properties": {"bicycle": "yes", "cycleway": "no", "foot": "yes", "highway": "primary", "lanes": "2", "name": "Rua 5 de Outubro", "oneway": "no", "ref": "EN 13", "surface": "asphalt"}}, {"type": "Feature", "geometry": {"type": "LineString", "coordinates": [[-8.7607807, 41.430243], [-8.7607129, 41.4303542], [-8.7599037, 41.4316815], [-8.7586833, 41.4337173], [-8.7585778, 41.4338933], [-8.7580259, 41.4347149], [-8.7567848, 41.4363446], [-8.7564147, 41.4369469]]}, "properties": {"highway": "primary", "lanes": "2", "lit": "yes", "oneway": "no", "ref": "EN 13", "sidewalk": "both", "smoothness": "good", "source": "bing", "surface": "asphalt"}}, {"type": "Feature", "geometry": {"type": "LineString", "coordinates": [[-8.7560321, 41.4378], [-8.7559312, 41.4380271], [-8.7558066, 41.438392], [-8.7556453, 41.4389704], [-8.7552587, 41.4403228], [-8.7548534, 41.4417223], [-8.7545918, 41.4426048], [-8.7542759, 41.443891]]}, "properties": {"highway": "primary", "lanes": "2", "lit": "yes", "oneway": "no", "ref": "EN 13", "sidewalk": "no", "smoothness": "excellent", "source": "bing", "surface": "asphalt"}}, {"type": "Feature", "geometry": {"type": "LineString", "coordinates": [[-8.7542759, 41.443891], [-8.7542396, 41.4440341]]}, "properties": {"highway": "primary", "lanes": "2", "lit": "yes", "oneway": "no", "ref": "EN 13", "sidewalk": "no", "smoothness": "excellent", "source": "bing", "surface": "asphalt"}}, {"type": "Feature", "geometry": {"type": "LineString", "coordinates": [[-8.7521196, 41.451454], [-8.7515235, 41.4536275], [-8.7513348, 41.4542998], [-8.7508589, 41.455942]]}, "properties": {"highway": "primary", "lanes": "2", "lit": "yes", "oneway": "no", "ref": "EN 13", "sidewalk": "no", "smoothness": "excellent", "source": "bing", "surface": "asphalt"}}, {"type": "Feature", "geometry": {"type": "LineString", "coordinates": [[-8.7504267, 41.4842103], [-8.7503554, 41.4840126], [-8.7501987, 41.4838323]]}, "properties": {"highway": "primary", "junction": "roundabout", "lanes": "2", "ref": "EN 13", "sidewalk": "no", "smoothness": "good", "source": "bing", "surface": "asphalt"}}, {"type": "Feature", "geometry": {"type": "LineString", "coordinates": [[-8.752185, 41.4512157], [-8.7521196, 41.451454]]}, "properties": {"highway": "primary", "lanes": "2", "lit": "yes", "oneway": "no", "ref": "EN 13", "sidewalk": "no", "smoothness": "excellent", "source": "bing", "surface": "asphalt"}}, {"type": "Feature", "geometry": {"type": "LineString", "coordinates": [[-8.7711559, 41.5201075], [-8.7710915, 41.5200882], [-8.7710224, 41.5200836], [-8.7709545, 41.5200942], [-8.7708936, 41.520119], [-8.7708449, 41.520156]]}, "properties": {"highway": "primary", "junction": "roundabout", "lane_markings": "no", "name": "Avenida de S\u00e3o Martinho", "postal_code": "4740-471", "ref": "EN 13", "surface": "asphalt"}}, {"type": "Feature", "geometry": {"type": "LineString", "coordinates": [[-8.7422985, 41.3574039], [-8.7425017, 41.3576594], [-8.7432174, 41.3585416]]}, "properties": {"highway": "primary", "lanes": "2", "name": "Rua 5 de Outubro", "oneway": "no", "ref": "EN 13", "surface": "asphalt"}}, {"type": "Feature", "geometry": {"type": "LineString", "coordinates": [[-8.7422396, 41.3573118], [-8.7422985, 41.3574039]]}, "properties": {"highway": "primary", "lanes": "2", "name": "Rua 5 de Outubro", "oneway": "no", "ref": "EN 13", "surface": "asphalt"}}, {"type": "Feature", "geometry": {"type": "LineString", "coordinates": [[-8.7421835, 41.3572157], [-8.7422396, 41.3573118]]}, "properties": {"highway": "primary", "lanes": "2", "name": "Rua 5 de Outubro", "oneway": "no", "ref": "EN 13", "surface": "asphalt"}}, {"type": "Feature", "geometry": {"type": "LineString", "coordinates": [[-8.7419545, 41.3565376], [-8.742056, 41.3568667], [-8.742067, 41.3569005], [-8.7421424, 41.3571324], [-8.7421835, 41.3572157]]}, "properties": {"highway": "primary", "lanes": "2", "name": "Rua 5 de Outubro", "oneway": "no", "ref": "EN 13", "surface": "asphalt"}}, {"type": "Feature", "geometry": {"type": "LineString", "coordinates": [[-8.7417968, 41.3560237], [-8.7418235, 41.3561041], [-8.7419545, 41.3565376]]}, "properties": {"highway": "primary", "lanes": "2", "name": "Rua 5 de Outubro", "oneway": "no", "ref": "EN 13", "surface": "asphalt"}}, {"type": "Feature", "geometry": {"type": "LineString", "coordinates": [[-8.741539, 41.3552013], [-8.7416147, 41.3554234], [-8.7417578, 41.3559008], [-8.7417968, 41.3560237]]}, "properties": {"highway": "primary", "lanes": "2", "name": "Rua 5 de Outubro", "oneway": "no", "ref": "EN 13", "surface": "asphalt"}}, {"type": "Feature", "geometry": {"type": "LineString", "coordinates": [[-8.7432174, 41.3585416], [-8.7435875, 41.3590166]]}, "properties": {"highway": "primary", "lanes": "2", "name": "Rua 5 de Outubro", "oneway": "no", "ref": "EN 13", "surface": "asphalt"}}, {"type": "Feature", "geometry": {"type": "LineString", "coordinates": [[-8.7435875, 41.3590166], [-8.7440966, 41.3596355], [-8.7444061, 41.3600117]]}, "properties": {"highway": "primary", "lanes": "2", "name": "Rua 5 de Outubro", "oneway": "no", "ref": "EN 13", "surface": "asphalt"}}, {"type": "Feature", "geometry": {"type": "LineString", "coordinates": [[-8.7444061, 41.3600117], [-8.744491, 41.3601149]]}, "properties": {"highway": "primary", "lanes": "2", "name": "Rua 5 de Outubro", "oneway": "no", "ref": "EN 13", "surface": "asphalt"}}, {"type": "Feature", "geometry": {"type": "LineString", "coordinates": [[-8.741096, 41.3536086], [-8.7410034, 41.3534469]]}, "properties": {"highway": "primary", "name": "Rua 5 de Outubro", "oneway": "yes", "ref": "EN 13", "surface": "asphalt"}}, {"type": "Feature", "geometry": {"type": "LineString", "coordinates": [[-8.7410034, 41.3534469], [-8.740987, 41.3534285], [-8.7409378, 41.3533741]]}, "properties": {"highway": "primary", "name": "Rua 5 de Outubro", "oneway": "yes", "ref": "EN 13", "surface": "asphalt"}}, {"type": "Feature", "geometry": {"type": "LineString", "coordinates": [[-8.7408591, 41.3534304], [-8.7408968, 41.3534553]]}, "properties": {"highway": "primary", "name": "Rua 5 de Outubro", "oneway": "yes", "ref": "EN 13", "surface": "asphalt"}}, {"type": "Feature", "geometry": {"type": "LineString", "coordinates": [[-8.7408968, 41.3534553], [-8.7409985, 41.3536137], [-8.7410254, 41.3536653], [-8.7410363, 41.3536868], [-8.741091, 41.3537392]]}, "properties": {"highway": "primary", "name": "Rua 5 de Outubro", "oneway": "yes", "ref": "EN 13", "surface": "asphalt"}}, {"type": "Feature", "geometry": {"type": "LineString", "coordinates": [[-8.7814484, 41.5396995], [-8.7814431, 41.5397698], [-8.7814761, 41.539872], [-8.7815265, 41.5399461]]}, "properties": {"highway": "primary", "junction": "roundabout", "lane_markings": "no", "lit": "yes", "name": "Avenida 19 de Agosto", "postal_code": "4740-209", "ref": "EN 13", "surface": "asphalt"}}, {"type": "Feature", "geometry": {"type": "LineString", "coordinates": [[-8.6959684, 41.297852], [-8.6959643, 41.2978705], [-8.695977, 41.2979267]]}, "properties": {"highway": "primary", "junction": "roundabout", "lanes": "2", "maxspeed": "50", "maxspeed:type": "sign", "ref": "EN 13", "surface": "asphalt"}}, {"type": "Feature", "geometry": {"type": "LineString", "coordinates": [[-8.695977, 41.2979267], [-8.6960001, 41.2979625], [-8.6960337, 41.2979934], [-8.6960758, 41.2980176], [-8.6961242, 41.2980338]]}, "properties": {"highway": "primary", "junction": "roundabout", "lanes": "2", "maxspeed": "50", "maxspeed:type": "sign", "ref": "EN 13", "surface": "asphalt"}}, {"type": "Feature", "geometry": {"type": "LineString", "coordinates": [[-8.6961242, 41.2980338], [-8.6961994, 41.2980415], [-8.6962329, 41.2980364]]}, "properties": {"highway": "primary", "junction": "roundabout", "lanes": "2", "maxspeed": "50", "maxspeed:type": "sign", "ref": "EN 13", "surface": "asphalt"}}, {"type": "Feature", "geometry": {"type": "LineString", "coordinates": [[-8.6964155, 41.2979047], [-8.6964181, 41.2978477], [-8.6963957, 41.2977933], [-8.6963507, 41.2977474], [-8.6962882, 41.2977151], [-8.6962151, 41.2977], [-8.6961739, 41.2977021]]}, "properties": {"highway": "primary", "junction": "roundabout", "lanes": "2", "maxspeed": "50", "maxspeed:type": "sign", "ref": "EN 13", "surface": "asphalt"}}, {"type": "Feature", "geometry": {"type": "LineString", "coordinates": [[-8.6961739, 41.2977021], [-8.6961394, 41.2977038], [-8.6960695, 41.2977261], [-8.6960133, 41.2977643], [-8.6959769, 41.2978143], [-8.6959684, 41.297852]]}, "properties": {"highway": "primary", "junction": "roundabout", "lanes": "2", "maxspeed": "50", "maxspeed:type": "sign", "ref": "EN 13", "surface": "asphalt"}}, {"type": "Feature", "geometry": {"type": "LineString", "coordinates": [[-8.6962329, 41.2980364], [-8.6962738, 41.2980303], [-8.6963391, 41.2980013], [-8.6963882, 41.2979578]]}, "properties": {"highway": "primary", "junction": "roundabout", "lanes": "2", "maxspeed": "50", "maxspeed:type": "sign", "ref": "EN 13", "surface": "asphalt"}}, {"type": "Feature", "geometry": {"type": "LineString", "coordinates": [[-8.8145967, 41.6897248], [-8.8146047, 41.689732]]}, "properties": {"highway": "primary", "lanes": "2", "maxspeed": "50", "oneway": "no", "ref": "EN 13", "surface": "asphalt"}}, {"type": "Feature", "geometry": {"type": "LineString", "coordinates": [[-8.8363003, 41.8783039], [-8.8363516, 41.8783347], [-8.8364387, 41.8783558], [-8.8364759, 41.8783542]]}, "properties": {"highway": "primary", "junction": "roundabout", "lanes": "2", "ref": "EN 13", "smoothness": "good", "source": "Bing", "surface": "asphalt"}}, {"type": "Feature", "geometry": {"type": "LineString", "coordinates": [[-8.7992694, 41.9042141], [-8.7991242, 41.9043492], [-8.7990873, 41.9043836]]}, "properties": {"highway": "primary", "lanes": "2", "maxspeed": "50", "oneway": "no", "ref": "EN 13", "source": "Bing", "surface": "asphalt"}}, {"type": "Feature", "geometry": {"type": "LineString", "coordinates": [[-8.64252, 41.237311], [-8.6428294, 41.2376093]]}, "properties": {"cycleway:both": "no", "divider": "double_solid_line", "highway": "primary", "lane_markings": "yes", "lanes": "4", "lanes:backward": "2", "lanes:forward": "2", "maxspeed": "70", "name": "Avenida de Dom Mendo", "oneway": "no", "placement:forward": "left_of:1", "ref": "EN 13", "surface": "asphalt", "width": "14"}}, {"type": "Feature", "geometry": {"type": "LineString", "coordinates": [[-8.6472785, 41.2421681], [-8.6475384, 41.2424626], [-8.6476645, 41.2426139]]}, "properties": {"cycleway:both": "no", "highway": "primary", "lane_markings": "yes", "lanes": "2", "maxspeed": "70", "name": "Avenida de Dom Mendo", "oneway": "yes", "placement": "middle_of:1", "ref": "EN 13", "surface": "asphalt", "width": "7"}}, {"type": "Feature", "geometry": {"type": "LineString", "coordinates": [[-8.6462633, 41.2411313], [-8.6472785, 41.2421681]]}, "properties": {"cycleway:both": "no", "highway": "primary", "lane_markings": "yes", "lanes": "1", "maxspeed": "70", "name": "Avenida de Dom Mendo", "oneway": "yes", "ref": "EN 13", "surface": "asphalt", "width": "3.5"}}, {"type": "Feature", "geometry": {"type": "LineString", "coordinates": [[-8.7769204, 41.6165294], [-8.7769106, 41.6167728]]}, "properties": {"highway": "primary", "lanes": "2", "lanes:backward": "1", "lanes:forward": "1", "oneway": "no", "ref": "EN 13", "surface": "asphalt"}}, {"type": "Feature", "geometry": {"type": "LineString", "coordinates": [[-8.7769362, 41.6161439], [-8.776921, 41.6165155]]}, "properties": {"highway": "primary", "lanes": "2", "lanes:backward": "1", "lanes:forward": "1", "oneway": "no", "ref": "EN 13", "surface": "asphalt"}}, {"type": "Feature", "geometry": {"type": "LineString", "coordinates": [[-8.8068922, 41.6805321], [-8.8068603, 41.6805521], [-8.8068381, 41.6805785], [-8.806828, 41.6806086], [-8.8068308, 41.6806397], [-8.8068464, 41.6806685]]}, "properties": {"highway": "primary", "junction": "roundabout", "lanes": "2", "ref": "EN 13", "surface": "asphalt"}}, {"type": "Feature", "geometry": {"type": "LineString", "coordinates": [[-8.8068464, 41.6806685], [-8.8068716, 41.6806914], [-8.8069046, 41.6807077]]}, "properties": {"highway": "primary", "junction": "roundabout", "lanes": "2", "ref": "EN 13", "surface": "asphalt"}}, {"type": "Feature", "geometry": {"type": "LineString", "coordinates": [[-8.8069782, 41.6805188], [-8.8069418, 41.680519], [-8.8069068, 41.6805265], [-8.8068922, 41.6805321]]}, "properties": {"highway": "primary", "junction": "roundabout", "lanes": "2", "ref": "EN 13", "surface": "asphalt"}}, {"type": "Feature", "geometry": {"type": "LineString", "coordinates": [[-8.8070927, 41.6806299], [-8.8070924, 41.6806026], [-8.8070793, 41.6805722], [-8.807054, 41.6805465], [-8.8070191, 41.680528], [-8.8069782, 41.6805188]]}, "properties": {"highway": "primary", "junction": "roundabout", "lanes": "2", "ref": "EN 13", "surface": "asphalt"}}, {"type": "Feature", "geometry": {"type": "LineString", "coordinates": [[-8.8070877, 41.6806473], [-8.8070927, 41.6806299]]}, "properties": {"highway": "primary", "junction": "roundabout", "lanes": "2", "ref": "EN 13", "surface": "asphalt"}}, {"type": "Feature", "geometry": {"type": "LineString", "coordinates": [[-8.8556988, 41.8077078], [-8.8556569, 41.8077559], [-8.8556371, 41.8078114], [-8.8556414, 41.8078688], [-8.8556693, 41.8079223], [-8.8557181, 41.8079667]]}, "properties": {"highway": "primary", "junction": "roundabout", "lanes": "2", "ref": "EN 13", "source": "Bing", "surface": "asphalt"}}, {"type": "Feature", "geometry": {"type": "LineString", "coordinates": [[-8.8560459, 41.8076946], [-8.8559888, 41.8076658], [-8.8559233, 41.80765], [-8.8558545, 41.8076483], [-8.8557878, 41.807661], [-8.8557284, 41.807687]]}, "properties": {"highway": "primary", "junction": "roundabout", "lanes": "2", "ref": "EN 13", "source": "Bing", "surface": "asphalt"}}, {"type": "Feature", "geometry": {"type": "LineString", "coordinates": [[-8.8557443, 41.8079818], [-8.8558138, 41.8080059], [-8.8558899, 41.8080129], [-8.8559652, 41.8080019], [-8.8560322, 41.8079742]]}, "properties": {"highway": "primary", "junction": "roundabout", "lanes": "2", "ref": "EN 13", "source": "Bing", "surface": "asphalt"}}, {"type": "Feature", "geometry": {"type": "LineString", "coordinates": [[-8.8560322, 41.8079742], [-8.856064, 41.8079521]]}, "properties": {"highway": "primary", "junction": "roundabout", "lanes": "2", "ref": "EN 13", "source": "Bing", "surface": "asphalt"}}, {"type": "Feature", "geometry": {"type": "LineString", "coordinates": [[-8.8557181, 41.8079667], [-8.8557443, 41.8079818]]}, "properties": {"highway": "primary", "junction": "roundabout", "lanes": "2", "ref": "EN 13", "source": "Bing", "surface": "asphalt"}}, {"type": "Feature", "geometry": {"type": "LineString", "coordinates": [[-8.8557284, 41.807687], [-8.8556988, 41.8077078]]}, "properties": {"highway": "primary", "junction": "roundabout", "lanes": "2", "ref": "EN 13", "source": "Bing", "surface": "asphalt"}}, {"type": "Feature", "geometry": {"type": "LineString", "coordinates": [[-8.856075, 41.807718], [-8.8560459, 41.8076946]]}, "properties": {"highway": "primary", "junction": "roundabout", "lanes": "2", "ref": "EN 13", "source": "Bing", "surface": "asphalt"}}, {"type": "Feature", "geometry": {"type": "LineString", "coordinates": [[-8.7209567, 41.3331383], [-8.7213371, 41.3337181], [-8.721584, 41.3340584], [-8.7219258, 41.3344426], [-8.7225327, 41.3350347]]}, "properties": {"highway": "primary", "lanes": "1", "maxspeed": "50", "oneway": "no", "ref": "EN 13", "surface": "asphalt"}}, {"type": "Feature", "geometry": {"type": "LineString", "coordinates": [[-8.7228179, 41.3352672], [-8.7229404, 41.3353721]]}, "properties": {"highway": "primary", "lanes": "1", "maxspeed": "50", "oneway": "no", "ref": "EN 13", "surface": "asphalt"}}, {"type": "Feature", "geometry": {"type": "LineString", "coordinates": [[-8.7225327, 41.3350347], [-8.7228179, 41.3352672]]}, "properties": {"highway": "primary", "lanes": "1", "maxspeed": "50", "oneway": "no", "ref": "EN 13", "surface": "asphalt"}}, {"type": "Feature", "geometry": {"type": "LineString", "coordinates": [[-8.7296143, 41.3392853], [-8.7296704, 41.3392592], [-8.7297151, 41.3392226], [-8.7297449, 41.3391784], [-8.7297578, 41.3391298]]}, "properties": {"highway": "primary", "junction": "roundabout", "lanes": "2", "maxspeed": "50", "ref": "EN 13", "surface": "asphalt"}}, {"type": "Feature", "geometry": {"type": "LineString", "coordinates": [[-8.729388, 41.3389642], [-8.7293371, 41.3389958], [-8.7292995, 41.3390366], [-8.7292779, 41.3390835]]}, "properties": {"highway": "primary", "junction": "roundabout", "lanes": "2", "maxspeed": "50", "ref": "EN 13", "surface": "asphalt"}}, {"type": "Feature", "geometry": {"type": "LineString", "coordinates": [[-8.7189616, 41.330089], [-8.7194491, 41.3308453], [-8.7195495, 41.3310011], [-8.719572, 41.3310359]]}, "properties": {"highway": "primary", "lanes": "1", "maxspeed": "50", "oneway": "no", "ref": "EN 13", "surface": "asphalt"}}, {"type": "Feature", "geometry": {"type": "LineString", "coordinates": [[-8.719572, 41.3310359], [-8.7196921, 41.331218]]}, "properties": {"highway": "primary", "lanes": "1", "maxspeed": "50", "oneway": "no", "ref": "EN 13", "surface": "asphalt"}}, {"type": "Feature", "geometry": {"type": "LineString", "coordinates": [[-8.718971, 41.3298906], [-8.7190034, 41.3298315], [-8.7190069, 41.3297677], [-8.7189811, 41.3297067], [-8.7189291, 41.3296561], [-8.7188572, 41.3296219], [-8.7187741, 41.3296083]]}, "properties": {"highway": "primary", "junction": "roundabout", "maxspeed": "50", "name": "Rotunda dos Tr\u00eas Pinheiros", "ref": "EN 13", "surface": "asphalt"}}, {"type": "Feature", "geometry": {"type": "LineString", "coordinates": [[-8.7187741, 41.3296083], [-8.7187104, 41.3296126], [-8.7186503, 41.3296291], [-8.718598, 41.3296568], [-8.718557, 41.3296937]]}, "properties": {"highway": "primary", "junction": "roundabout", "maxspeed": "50", "name": "Rotunda dos Tr\u00eas Pinheiros", "ref": "EN 13", "surface": "asphalt"}}, {"type": "Feature", "geometry": {"type": "LineString", "coordinates": [[-8.7185211, 41.3298166], [-8.7185469, 41.3298775], [-8.7185989, 41.3299281]]}, "properties": {"highway": "primary", "junction": "roundabout", "maxspeed": "50", "name": "Rotunda dos Tr\u00eas Pinheiros", "ref": "EN 13", "surface": "asphalt"}}, {"type": "Feature", "geometry": {"type": "LineString", "coordinates": [[-8.7185989, 41.3299281], [-8.7186451, 41.329953], [-8.7186978, 41.3299693], [-8.718754, 41.329976]]}, "properties": {"highway": "primary", "junction": "roundabout", "maxspeed": "50", "name": "Rotunda dos Tr\u00eas Pinheiros", "ref": "EN 13", "surface": "asphalt"}}, {"type": "Feature", "geometry": {"type": "LineString", "coordinates": [[-8.6625054, 41.2621318], [-8.6621298, 41.2614518]]}, "properties": {"divider": "solid_line", "highway": "primary", "lane_markings": "yes", "lanes": "3", "lanes:backward": "1", "lanes:forward": "2", "name": "Via Jos\u00e9 R\u00e9gio", "oneway": "no", "ref": "EN 13", "surface": "asphalt", "turn:lanes:backward": "through;right", "width": "11"}}, {"type": "Feature", "geometry": {"type": "LineString", "coordinates": [[-8.6620101, 41.2612349], [-8.661915, 41.2610126], [-8.6615865, 41.2603968]]}, "properties": {"highway": "primary", "lane_markings": "yes", "lanes": "2", "maxspeed": "50", "maxspeed:type": "sign", "name": "Via Jos\u00e9 R\u00e9gio", "oneway": "yes", "ref": "EN 13", "surface": "asphalt", "turn:lanes": "merge_to_right|", "width": "7"}}, {"type": "Feature", "geometry": {"type": "LineString", "coordinates": [[-8.6595721, 41.2589784], [-8.6604633, 41.2595066], [-8.6606491, 41.2596356], [-8.6608247, 41.2597768], [-8.6609354, 41.25987], [-8.6610387, 41.2599643], [-8.6612244, 41.2601483], [-8.6613907, 41.2603338], [-8.6615382, 41.2605248], [-8.6618398, 41.2610166], [-8.6620101, 41.2612349]]}, "properties": {"highway": "primary", "lane_markings": "yes", "lanes": "1", "maxspeed": "50", "maxspeed:type": "sign", "name": "Via Jos\u00e9 R\u00e9gio", "oneway": "yes", "ref": "EN 13", "sidewalk:both": "no", "surface": "asphalt", "width": "3.5"}}, {"type": "Feature", "geometry": {"type": "LineString", "coordinates": [[-8.6595721, 41.2589784], [-8.6583559, 41.2583374], [-8.6580967, 41.2581998], [-8.6567931, 41.2575052], [-8.656386, 41.2572894], [-8.6557677, 41.2569578]]}, "properties": {"divider": "solid_line", "highway": "primary", "lane_markings": "yes", "lanes": "2", "lanes:backward": "1", "lanes:forward": "1", "maxspeed": "50", "maxspeed:type": "sign", "name": "Via Jos\u00e9 R\u00e9gio", "oneway": "no", "ref": "EN 13", "surface": "asphalt", "width": "7.1"}}, {"type": "Feature", "geometry": {"type": "LineString", "coordinates": [[-8.6621298, 41.2614518], [-8.6620101, 41.2612349]]}, "properties": {"divider": "solid_line", "highway": "primary", "lane_markings": "yes", "lanes": "3", "lanes:backward": "1", "lanes:forward": "2", "maxspeed": "50", "maxspeed:type": "sign", "name": "Via Jos\u00e9 R\u00e9gio", "oneway": "no", "ref": "EN 13", "surface": "asphalt", "width": "11"}}, {"type": "Feature", "geometry": {"type": "LineString", "coordinates": [[-8.6634621, 41.2635335], [-8.6635137, 41.2636515], [-8.6636652, 41.263837], [-8.6638561, 41.2640364]]}, "properties": {"highway": "primary", "lane_markings": "yes", "lanes": "1", "maxspeed": "50", "maxspeed:type": "sign", "name": "Via Jos\u00e9 R\u00e9gio", "oneway": "yes", "ref": "EN 13", "surface": "asphalt", "width": "3.5"}}, {"type": "Feature", "geometry": {"type": "LineString", "coordinates": [[-8.6641173, 41.2643569], [-8.6639738, 41.2641821], [-8.6638561, 41.2640364]]}, "properties": {"divider": "solid_line", "highway": "primary", "lane_markings": "yes", "lanes": "2", "lanes:backward": "1", "lanes:forward": "1", "maxspeed": "50", "maxspeed:type": "sign", "name": "Via Jos\u00e9 R\u00e9gio", "oneway": "no", "ref": "EN 13", "surface": "asphalt", "width": "7"}}, {"type": "Feature", "geometry": {"type": "LineString", "coordinates": [[-8.6629571, 41.2627921], [-8.6628062, 41.2626378]]}, "properties": {"divider": "solid_line", "highway": "primary", "lane_markings": "yes", "lanes": "2", "name": "Via Jos\u00e9 R\u00e9gio", "oneway": "yes", "ref": "EN 13", "surface": "asphalt", "width": "7"}}, {"type": "Feature", "geometry": {"type": "LineString", "coordinates": [[-8.6631633, 41.2631506], [-8.6630637, 41.2629352], [-8.6629571, 41.2627921]]}, "properties": {"divider": "solid_line", "highway": "primary", "lane_markings": "yes", "lanes": "1", "name": "Via Jos\u00e9 R\u00e9gio", "oneway": "yes", "ref": "EN 13", "surface": "asphalt", "width": "3.5"}}, {"type": "Feature", "geometry": {"type": "LineString", "coordinates": [[-8.6629869, 41.2629723], [-8.6631633, 41.2631506]]}, "properties": {"divider": "solid_line", "highway": "primary", "lane_markings": "yes", "lanes": "2", "name": "Via Jos\u00e9 R\u00e9gio", "oneway": "yes", "ref": "EN 13", "surface": "asphalt", "turn:lanes:forward": "left|through", "width": "7"}}, {"type": "Feature", "geometry": {"type": "LineString", "coordinates": [[-8.6628062, 41.2626378], [-8.6628727, 41.2628066]]}, "properties": {"divider": "solid_line", "highway": "primary", "lane_markings": "yes", "lanes": "1", "name": "Via Jos\u00e9 R\u00e9gio", "oneway": "yes", "ref": "EN 13", "surface": "asphalt", "turn:lanes:backward": "left|through", "width": "3.5"}}, {"type": "Feature", "geometry": {"type": "LineString", "coordinates": [[-8.6628727, 41.2628066], [-8.6629184, 41.2628733]]}, "properties": {"divider": "solid_line", "highway": "primary", "lane_markings": "yes", "lanes": "1", "name": "Via Jos\u00e9 R\u00e9gio", "oneway": "yes", "ref": "EN 13", "surface": "asphalt", "width": "3.5"}}, {"type": "Feature", "geometry": {"type": "LineString", "coordinates": [[-8.6634621, 41.2635335], [-8.6631633, 41.2631506]]}, "properties": {"divider": "solid_line", "highway": "primary", "lane_markings": "yes", "lanes": "3", "lanes:backward": "2", "lanes:forward": "1", "name": "Via Jos\u00e9 R\u00e9gio", "oneway": "no", "ref": "EN 13", "surface": "asphalt", "turn:lanes:backward": "left|through", "width": "10.5"}}, {"type": "Feature", "geometry": {"type": "LineString", "coordinates": [[-8.6628062, 41.2626378], [-8.662701, 41.2624685], [-8.6626017, 41.2623021], [-8.6625054, 41.2621318]]}, "properties": {"divider": "solid_line", "highway": "primary", "lane_markings": "yes", "lanes": "3", "lanes:backward": "1", "lanes:forward": "2", "name": "Via Jos\u00e9 R\u00e9gio", "oneway": "no", "ref": "EN 13", "surface": "asphalt", "turn:lanes:forward": "left|through", "width": "11"}}, {"type": "Feature", "geometry": {"type": "LineString", "coordinates": [[-8.7115841, 41.3191709], [-8.7116034, 41.3191183], [-8.7116005, 41.3190637]]}, "properties": {"highway": "primary", "junction": "roundabout", "lanes": "2", "ref": "EN 13", "surface": "asphalt"}}, {"type": "Feature", "geometry": {"type": "LineString", "coordinates": [[-8.7116005, 41.3190637], [-8.7115785, 41.3190162], [-8.7115397, 41.3189753], [-8.7114872, 41.3189441], [-8.7114252, 41.3189252]]}, "properties": {"highway": "primary", "junction": "roundabout", "lanes": "2", "ref": "EN 13", "surface": "asphalt"}}, {"type": "Feature", "geometry": {"type": "LineString", "coordinates": [[-8.7114252, 41.3189252], [-8.7113532, 41.3189203], [-8.7112825, 41.3189319], [-8.7112198, 41.318959], [-8.7111709, 41.318999]]}, "properties": {"highway": "primary", "junction": "roundabout", "lanes": "2", "ref": "EN 13", "surface": "asphalt"}}, {"type": "Feature", "geometry": {"type": "LineString", "coordinates": [[-8.7025061, 41.3049257], [-8.7025193, 41.3049042], [-8.7025339, 41.3048585]]}, "properties": {"highway": "primary", "junction": "roundabout", "lanes": "2", "lit": "no", "maxspeed": "50", "ref": "EN 13", "source": "bing", "surface": "asphalt"}}, {"type": "Feature", "geometry": {"type": "LineString", "coordinates": [[-8.7025339, 41.3048585], [-8.702531, 41.3048055], [-8.7025077, 41.3047554], [-8.702466, 41.3047125], [-8.7024095, 41.3046806]]}, "properties": {"highway": "primary", "junction": "roundabout", "lanes": "2", "lit": "no", "maxspeed": "50", "ref": "EN 13", "source": "bing", "surface": "asphalt"}}, {"type": "Feature", "geometry": {"type": "LineString", "coordinates": [[-8.7024095, 41.3046806], [-8.7023659, 41.3046668], [-8.7023203, 41.3046598]]}, "properties": {"highway": "primary", "junction": "roundabout", "lanes": "2", "lit": "no", "maxspeed": "50", "ref": "EN 13", "source": "bing", "surface": "asphalt"}}, {"type": "Feature", "geometry": {"type": "LineString", "coordinates": [[-8.7023203, 41.3046598], [-8.7022497, 41.3046619], [-8.702183, 41.3046794], [-8.7021259, 41.3047107], [-8.7020834, 41.3047531]]}, "properties": {"highway": "primary", "junction": "roundabout", "lanes": "2", "lit": "no", "maxspeed": "50", "ref": "EN 13", "source": "bing", "surface": "asphalt"}}, {"type": "Feature", "geometry": {"type": "LineString", "coordinates": [[-8.6485438, 41.2432266], [-8.6484876, 41.2432409], [-8.6484344, 41.2432584], [-8.6484051, 41.2432721], [-8.6483773, 41.243288], [-8.6483357, 41.243321], [-8.6483086, 41.2433475], [-8.6482848, 41.2433782]]}, "properties": {"highway": "primary", "junction": "roundabout", "lane_markings": "yes", "lanes": "3", "ref": "EN 13", "surface": "asphalt", "width": "11"}}, {"type": "Feature", "geometry": {"type": "LineString", "coordinates": [[-8.8596188, 41.7240012], [-8.859683, 41.7241157], [-8.8597545, 41.7242666], [-8.8598089, 41.7244294], [-8.8599868, 41.7250783], [-8.8604949, 41.7271175], [-8.860523, 41.7272173]]}, "properties": {"highway": "primary", "lanes": "0", "oneway": "no", "ref": "EN 13", "surface": "asphalt"}}, {"type": "Feature", "geometry": {"type": "LineString", "coordinates": [[-8.860523, 41.7272173], [-8.860551, 41.7273171], [-8.8606835, 41.7278702]]}, "properties": {"highway": "primary", "lanes": "2", "maxspeed": "50", "oneway": "no", "ref": "EN 13", "surface": "asphalt"}}, {"type": "Feature", "geometry": {"type": "LineString", "coordinates": [[-8.7477075, 41.4805344], [-8.7481613, 41.4809014]]}, "properties": {"highway": "primary", "lit": "yes", "name": "Rua de S\u00e3o Bento", "oneway": "no", "postal_code": "4740-086", "ref": "EN 13", "sidewalk:left": "no", "sidewalk:right": "yes", "surface": "asphalt"}}, {"type": "Feature", "geometry": {"type": "MultiPolygon", "coordinates": [[[[-8.8482254, 41.7012812], [-8.848224, 41.7012244], [-8.8482047, 41.7011693], [-8.8481686, 41.7011193], [-8.8481076, 41.7010706], [-8.848031, 41.7010364], [-8.8479447, 41.7010192], [-8.8478555, 41.7010205], [-8.8477968, 41.7010318], [-8.8477155, 41.7010643], [-8.8476499, 41.7011127], [-8.8476054, 41.701173], [-8.8475857, 41.7012403], [-8.8475922, 41.701308], [-8.8476239, 41.7013717], [-8.8476782, 41.7014261], [-8.847727, 41.7014562], [-8.8477829, 41.7014786], [-8.8478435, 41.7014923], [-8.8478959, 41.7014968], [-8.8479776, 41.7014909], [-8.8480547, 41.7014696], [-8.848122, 41.7014345], [-8.8481752, 41.7013878], [-8.8482089, 41.7013368], [-8.8482254, 41.7012812]]]]}, "properties": {"highway": "primary", "junction": "roundabout", "lanes": "2", "ref": "EN 13"}}, {"type": "Feature", "geometry": {"type": "MultiPolygon", "coordinates": [[[[-8.7841371, 41.6778676], [-8.7841288, 41.6778381], [-8.7841109, 41.6778111], [-8.7840736, 41.6777817], [-8.7840252, 41.6777634], [-8.7839713, 41.6777582], [-8.7839183, 41.6777669], [-8.783893, 41.6777767], [-8.7838704, 41.6777897], [-8.7838382, 41.6778207], [-8.7838212, 41.6778578], [-8.7838214, 41.677897], [-8.7838386, 41.6779341], [-8.7838711, 41.677965], [-8.7839082, 41.6779838], [-8.7839509, 41.6779942], [-8.7840007, 41.6779948], [-8.7840483, 41.6779839], [-8.7840891, 41.6779626], [-8.784119, 41.6779328], [-8.7841352, 41.6778977], [-8.7841371, 41.6778676]]]]}, "properties": {"highway": "primary", "junction": "roundabout", "lanes": "2", "lit": "yes", "maxspeed": "50", "ref": "EN 13", "surface": "asphalt"}}, {"type": "Feature", "geometry": {"type": "MultiPolygon", "coordinates": [[[[-8.8315922, 41.6962242], [-8.8315909, 41.6961836], [-8.8315752, 41.6961446], [-8.8315464, 41.6961102], [-8.8315064, 41.6960826], [-8.8314804, 41.696071], [-8.8314336, 41.6960586], [-8.8313842, 41.6960549], [-8.8313351, 41.6960602], [-8.8312892, 41.6960741], [-8.831249, 41.696096], [-8.8312232, 41.6961177], [-8.8312034, 41.6961428], [-8.8311939, 41.6961608], [-8.8311841, 41.6962121], [-8.8311979, 41.6962629], [-8.8312335, 41.6963073], [-8.831287, 41.6963403], [-8.8313324, 41.6963546], [-8.8313811, 41.6963604], [-8.831444, 41.6963548], [-8.8315017, 41.6963352], [-8.8315485, 41.6963033], [-8.8315792, 41.6962636], [-8.8315922, 41.6962242]]]]}, "properties": {"highway": "primary", "junction": "roundabout", "lanes": "2", "ref": "EN 13", "surface": "asphalt"}}, {"type": "Feature", "geometry": {"type": "MultiPolygon", "coordinates": [[[[-8.8651085, 41.7439731], [-8.8651048, 41.7439282], [-8.8650809, 41.743887], [-8.8650396, 41.7438542], [-8.8649919, 41.7438353], [-8.8649386, 41.7438281], [-8.8648945, 41.7438316], [-8.8648529, 41.7438433], [-8.8648166, 41.7438623], [-8.8647955, 41.7438796], [-8.8647788, 41.7438994], [-8.8647617, 41.7439394], [-8.8647625, 41.7439814], [-8.8647811, 41.744021], [-8.8648156, 41.7440542], [-8.8648507, 41.7440731], [-8.864891, 41.744085], [-8.8649339, 41.7440891], [-8.8649811, 41.7440844], [-8.8650249, 41.7440704], [-8.865062, 41.7440481], [-8.8650896, 41.7440192], [-8.865102, 41.7439968], [-8.8651085, 41.7439731]]]]}, "properties": {"highway": "primary", "junction": "roundabout", "ref": "EN 13", "surface": "asphalt"}}, {"type": "Feature", "geometry": {"type": "MultiPolygon", "coordinates": [[[[-8.859703, 41.7237381], [-8.8596952, 41.7237085], [-8.8596782, 41.7236812], [-8.8596463, 41.7236533], [-8.859605, 41.7236337], [-8.8595577, 41.7236238], [-8.8595087, 41.7236247], [-8.8594682, 41.7236341], [-8.8594322, 41.7236508], [-8.8593988, 41.7236783], [-8.8593778, 41.723712], [-8.8593711, 41.7237488], [-8.8593788, 41.7237843], [-8.8593998, 41.7238166], [-8.8594324, 41.723843], [-8.8594737, 41.7238615], [-8.8595182, 41.7238701], [-8.8595642, 41.7238693], [-8.8596082, 41.723859], [-8.8596467, 41.7238402], [-8.859658, 41.7238321], [-8.8596845, 41.7238043], [-8.8596999, 41.7237722], [-8.859703, 41.7237381]]]]}, "properties": {"highway": "primary", "junction": "roundabout", "ref": "EN 13", "surface": "asphalt"}}, {"type": "Feature", "geometry": {"type": "MultiPolygon", "coordinates": [[[[-8.7409915, 41.9492157], [-8.7409883, 41.9491461], [-8.7409573, 41.9490804], [-8.7409016, 41.9490244], [-8.7408376, 41.948988], [-8.7407598, 41.9489643], [-8.7406764, 41.948957], [-8.7405934, 41.9489664], [-8.7405167, 41.948992], [-8.7404737, 41.949016], [-8.7404368, 41.9490451], [-8.740395, 41.9490974], [-8.7403728, 41.949156], [-8.7403719, 41.9492168], [-8.7403923, 41.9492758], [-8.7404326, 41.9493287], [-8.740476, 41.9493635], [-8.740528, 41.9493909], [-8.7406055, 41.949414], [-8.7406885, 41.949421], [-8.7407709, 41.9494113], [-8.740847, 41.9493857], [-8.7409173, 41.949341], [-8.7409669, 41.9492829], [-8.7409915, 41.9492157]]]]}, "properties": {"highway": "primary", "junction": "roundabout", "lanes": "2", "ref": "EN 13", "surface": "asphalt"}}, {"type": "Feature", "geometry": {"type": "MultiPolygon", "coordinates": [[[[-8.7550245, 41.9238291], [-8.7550126, 41.9237901], [-8.7549806, 41.9237581], [-8.7549338, 41.9237384], [-8.7549058, 41.9237343], [-8.7548556, 41.9237385], [-8.7548113, 41.9237566], [-8.7547798, 41.923786], [-8.7547657, 41.9238221], [-8.7547712, 41.9238595], [-8.7547956, 41.9238925], [-8.754835, 41.923916], [-8.7548835, 41.9239265], [-8.7549338, 41.9239224], [-8.7549732, 41.9239072], [-8.7550035, 41.923883], [-8.7550194, 41.9238572], [-8.7550245, 41.9238291]]]]}, "properties": {"highway": "primary", "junction": "roundabout", "ref": "EN 13"}}, {"type": "Feature", "geometry": {"type": "MultiPolygon", "coordinates": [[[[-8.7444162, 41.9383414], [-8.7444119, 41.9383139], [-8.7444032, 41.9382912], [-8.7443858, 41.9382642], [-8.744363, 41.938241], [-8.7443375, 41.9382228], [-8.7443043, 41.9382063], [-8.7442704, 41.9381954], [-8.7442342, 41.938189], [-8.7441958, 41.9381874], [-8.744164, 41.9381901], [-8.7441352, 41.9381956], [-8.7441004, 41.938207], [-8.7440758, 41.9382187], [-8.7440463, 41.9382384], [-8.7440222, 41.9382619], [-8.7440045, 41.9382883], [-8.7439962, 41.9383079], [-8.7439905, 41.9383285], [-8.7439901, 41.9383472], [-8.7439919, 41.9383679], [-8.7440006, 41.9383958], [-8.7440204, 41.9384278], [-8.7440421, 41.9384499], [-8.7440642, 41.9384663], [-8.7440956, 41.9384829], [-8.7441259, 41.9384937], [-8.7441575, 41.9385031], [-8.7441763, 41.938506], [-8.7442247, 41.9385037], [-8.7442639, 41.938498], [-8.744299, 41.9384876], [-8.7443328, 41.9384719], [-8.74436, 41.9384533], [-8.7443821, 41.9384322], [-8.7444047, 41.9383979], [-8.7444125, 41.9383743], [-8.744415, 41.9383593], [-8.7444162, 41.9383414]]]]}, "properties": {"highway": "primary", "junction": "roundabout", "lanes": "2", "ref": "EN 13", "source": "Bing", "surface": "asphalt"}}, {"type": "Feature", "geometry": {"type": "MultiPolygon", "coordinates": [[[[-8.8700855, 41.8241477], [-8.8700507, 41.8240581], [-8.8699776, 41.8239824], [-8.8698988, 41.8239386], [-8.8698072, 41.823912], [-8.869701, 41.8239048], [-8.8695965, 41.8239206], [-8.8695025, 41.8239582], [-8.869427, 41.8240143], [-8.86939, 41.82406], [-8.8693656, 41.8241103], [-8.8693545, 41.8241873], [-8.8693728, 41.8242636], [-8.8694192, 41.8243329], [-8.8694786, 41.8243828], [-8.8695472, 41.8244183], [-8.8696247, 41.8244414], [-8.8696828, 41.8244495], [-8.8697787, 41.8244475], [-8.8698706, 41.8244272], [-8.8699523, 41.8243897], [-8.8700182, 41.8243378], [-8.8700544, 41.8242915], [-8.8700778, 41.8242408], [-8.8700855, 41.8241477]]]]}, "properties": {"highway": "primary", "junction": "roundabout", "lanes": "2", "ref": "EN 13", "source": "Bing", "surface": "asphalt"}}, {"type": "Feature", "geometry": {"type": "MultiPolygon", "coordinates": [[[[-8.8653575, 41.7823964], [-8.8653424, 41.7823386], [-8.8653016, 41.7822881], [-8.8652663, 41.7822636], [-8.8652267, 41.782246], [-8.8651505, 41.7822306], [-8.8650755, 41.7822349], [-8.8650033, 41.7822587], [-8.8649464, 41.7822996], [-8.8649254, 41.7823256], [-8.8649039, 41.7823823], [-8.8649224, 41.7824686], [-8.8649667, 41.7825174], [-8.8650306, 41.782552], [-8.8650736, 41.7825638], [-8.8651524, 41.7825683], [-8.8652284, 41.7825524], [-8.8652702, 41.7825331], [-8.8653082, 41.782505], [-8.8653459, 41.7824532], [-8.8653575, 41.7823964]]]]}, "properties": {"highway": "primary", "junction": "roundabout", "ref": "EN 13", "source": "survey"}}, {"type": "Feature", "geometry": {"type": "MultiPolygon", "coordinates": [[[[-8.8128635, 41.6878576], [-8.8128616, 41.6878258], [-8.8128516, 41.6877962], [-8.812834, 41.6877687], [-8.8128095, 41.6877442], [-8.812779, 41.6877239], [-8.8127438, 41.6877084], [-8.8127052, 41.6876983], [-8.8126691, 41.6876943], [-8.8126326, 41.6876951], [-8.8125884, 41.6877027], [-8.8125474, 41.6877173], [-8.8125117, 41.6877382], [-8.812483, 41.6877644], [-8.8124626, 41.6877946], [-8.812452, 41.6878245], [-8.8124497, 41.6878554], [-8.8124556, 41.687886], [-8.8124696, 41.6879151], [-8.812491, 41.6879416], [-8.812519, 41.6879644], [-8.8125526, 41.6879825], [-8.8125907, 41.6879954], [-8.8126316, 41.6880023], [-8.8126735, 41.6880029], [-8.8127147, 41.6879973], [-8.8127535, 41.6879855], [-8.8127884, 41.6879682], [-8.8128183, 41.6879455], [-8.8128414, 41.6879188], [-8.8128567, 41.6878891], [-8.8128635, 41.6878576]]]]}, "properties": {"highway": "primary", "junction": "roundabout", "lanes": "2", "ref": "EN 13", "surface": "asphalt"}}, {"type": "Feature", "geometry": {"type": "MultiPolygon", "coordinates": [[[[-8.6863711, 41.9713624], [-8.6863651, 41.9713187], [-8.6863423, 41.9712782], [-8.6863045, 41.9712445], [-8.6862615, 41.9712226], [-8.6862123, 41.9712098], [-8.6861603, 41.9712068], [-8.6861038, 41.9712153], [-8.6860529, 41.9712353], [-8.6860118, 41.9712653], [-8.6859839, 41.9713028], [-8.6859744, 41.9713278], [-8.6859709, 41.9713536], [-8.6859803, 41.9714006], [-8.6860091, 41.971443], [-8.6860545, 41.9714764], [-8.6861116, 41.9714976], [-8.686145, 41.9715031], [-8.6861792, 41.9715042], [-8.6862428, 41.9714945], [-8.6862988, 41.9714701], [-8.6863414, 41.9714337], [-8.6863597, 41.9714055], [-8.6863711, 41.9713624]]]]}, "properties": {"highway": "primary", "junction": "roundabout", "ref": "EN 13"}}, {"type": "Feature", "geometry": {"type": "MultiPolygon", "coordinates": [[[[-8.7852831, 41.6808076], [-8.7852712, 41.6807718], [-8.7852468, 41.6807398], [-8.7852036, 41.6807095], [-8.7851498, 41.6806912], [-8.7850909, 41.6806869], [-8.7850332, 41.6806969], [-8.784983, 41.6807202], [-8.7849598, 41.6807385], [-8.7849415, 41.6807597], [-8.784924, 41.6807977], [-8.7849223, 41.6808379], [-8.7849364, 41.6808768], [-8.7849651, 41.6809108], [-8.785006, 41.680937], [-8.7850405, 41.6809496], [-8.7850778, 41.6809565], [-8.7851336, 41.6809558], [-8.7851865, 41.6809425], [-8.7852314, 41.6809177], [-8.7852642, 41.680884], [-8.7852817, 41.6808444], [-8.7852831, 41.6808076]]]]}, "properties": {"highway": "primary", "junction": "roundabout", "lanes": "1", "maxspeed": "90", "ref": "EN 13", "surface": "asphalt"}}, {"type": "Feature", "geometry": {"type": "MultiPolygon", "coordinates": [[[[-8.6940596, 41.9705074], [-8.6940471, 41.9704779], [-8.6940306, 41.9704595], [-8.6940087, 41.9704446], [-8.6939827, 41.970434], [-8.6939454, 41.9704275], [-8.6939071, 41.9704297], [-8.6938716, 41.9704405], [-8.6938448, 41.9704566], [-8.6938234, 41.9704799], [-8.6938124, 41.9705069], [-8.6938128, 41.9705352], [-8.6938247, 41.970562], [-8.6938427, 41.9705816], [-8.6938668, 41.9705972], [-8.6939032, 41.9706095], [-8.6939429, 41.9706126], [-8.693982, 41.9706062], [-8.6940164, 41.9705909], [-8.6940433, 41.9705673], [-8.6940583, 41.9705384], [-8.6940596, 41.9705074]]]]}, "properties": {"highway": "primary", "junction": "roundabout", "ref": "EN 13", "surface": "asphalt"}}, {"type": "Feature", "geometry": {"type": "MultiPolygon", "coordinates": [[[[-8.7694714, 41.6415961], [-8.7694559, 41.6415514], [-8.7694225, 41.6415125], [-8.7693746, 41.6414833], [-8.7693258, 41.6414711], [-8.769271, 41.6414672], [-8.7691893, 41.6414829], [-8.7691403, 41.6415106], [-8.7691043, 41.6415389], [-8.769088, 41.6415848], [-8.7690856, 41.6416258], [-8.7691031, 41.6416742], [-8.7691401, 41.641714], [-8.7691856, 41.6417405], [-8.7692129, 41.6417492], [-8.7692416, 41.6417547], [-8.7692604, 41.6417564], [-8.7693227, 41.6417527], [-8.769371, 41.6417386], [-8.7694126, 41.6417156], [-8.7694448, 41.6416852], [-8.7694676, 41.6416422], [-8.7694714, 41.6415961]]]]}, "properties": {"highway": "primary", "junction": "roundabout", "lanes": "2", "ref": "EN 13", "surface": "asphalt"}}, {"type": "Feature", "geometry": {"type": "MultiPolygon", "coordinates": [[[[-8.778214, 41.9167434], [-8.7782036, 41.9166969], [-8.7781821, 41.9166548], [-8.7781502, 41.9166166], [-8.778109, 41.9165837], [-8.7780601, 41.9165573], [-8.7780053, 41.9165383], [-8.7779466, 41.9165275], [-8.7778862, 41.9165253], [-8.7778264, 41.9165317], [-8.7777693, 41.9165466], [-8.7777172, 41.9165693], [-8.7776718, 41.9165991], [-8.7776347, 41.9166351], [-8.7776076, 41.9166759], [-8.7775917, 41.9167197], [-8.7775875, 41.9167651], [-8.7775952, 41.9168101], [-8.7776144, 41.9168533], [-8.7776446, 41.9168928], [-8.7776844, 41.9169272], [-8.7777325, 41.9169552], [-8.7777869, 41.9169758], [-8.7778457, 41.9169881], [-8.7779065, 41.9169918], [-8.7779694, 41.9169862], [-8.7780295, 41.9169713], [-8.7780843, 41.9169478], [-8.7781317, 41.9169165], [-8.7781697, 41.9168788], [-8.7781967, 41.9168362], [-8.7782117, 41.9167904], [-8.778214, 41.9167434]]]]}, "properties": {"highway": "primary", "junction": "roundabout", "lanes": "2", "ref": "EN 13", "surface": "asphalt"}}, {"type": "Feature", "geometry": {"type": "MultiPolygon", "coordinates": [[[[-8.8414567, 41.6947681], [-8.8414523, 41.6947251], [-8.841429, 41.6946857], [-8.8413904, 41.6946549], [-8.8413402, 41.6946352], [-8.8412841, 41.6946289], [-8.8412283, 41.6946367], [-8.8411791, 41.6946577], [-8.8411485, 41.6946821], [-8.8411236, 41.6947203], [-8.8411169, 41.6947626], [-8.8411293, 41.6948041], [-8.8411594, 41.6948403], [-8.8412021, 41.6948664], [-8.8412538, 41.6948809], [-8.841309, 41.6948822], [-8.8413619, 41.6948704], [-8.8414087, 41.6948452], [-8.8414416, 41.6948097], [-8.8414567, 41.6947681]]]]}, "properties": {"highway": "primary", "junction": "roundabout", "ref": "EN 13", "surface": "asphalt"}}]}