{"type": "FeatureCollection", "features": [{"type": "Feature", "geometry": {"type": "LineString", "coordinates": [[-7.9625639, 41.4874873], [-7.9624023, 41.4875453], [-7.9623237, 41.4875873]]}, "properties": {"highway": "primary", "lanes": "1", "oneway": "yes", "ref": "EN 206", "surface": "asphalt"}}, {"type": "Feature", "geometry": {"type": "LineString", "coordinates": [[-7.9633661, 41.4876447], [-7.9634975, 41.4876577], [-7.9636337, 41.4876618], [-7.9638822, 41.4876284], [-7.9641541, 41.487513], [-7.9642487, 41.487463]]}, "properties": {"highway": "primary", "ref": "EN 206", "surface": "asphalt"}}, {"type": "Feature", "geometry": {"type": "LineString", "coordinates": [[-7.9642487, 41.487463], [-7.9643477, 41.487473], [-7.9644122, 41.4874796], [-7.9644869, 41.487502]]}, "properties": {"highway": "primary", "oneway": "yes", "ref": "EN 206", "surface": "asphalt"}}, {"type": "Feature", "geometry": {"type": "LineString", "coordinates": [[-7.9629652, 41.4875998], [-7.9630631, 41.4876087], [-7.9632358, 41.4876373], [-7.9633661, 41.4876447]]}, "properties": {"highway": "primary", "lanes": "1", "oneway": "yes", "ref": "EN 206", "surface": "asphalt"}}, {"type": "Feature", "geometry": {"type": "LineString", "coordinates": [[-7.9623237, 41.4875873], [-7.9624278, 41.4875728], [-7.9625609, 41.4875703], [-7.9625974, 41.4875716]]}, "properties": {"highway": "primary", "lanes": "1", "oneway": "yes", "ref": "EN 206", "surface": "asphalt"}}, {"type": "Feature", "geometry": {"type": "LineString", "coordinates": [[-8.1852317, 41.451323], [-8.1849915, 41.4512209], [-8.1847821, 41.4510763], [-8.1846058, 41.450858], [-8.1844303, 41.4504662], [-8.1837887, 41.4490339], [-8.183669, 41.4488475], [-8.1827372, 41.4477284], [-8.1816376, 41.4464078], [-8.1814754, 41.4462589], [-8.1812467, 41.4461121], [-8.1809316, 41.4459996], [-8.1801036, 41.4458148], [-8.1797337, 41.4457064], [-8.1786983, 41.4453452], [-8.1783857, 41.4452667], [-8.1779451, 41.4452527]]}, "properties": {"highway": "primary", "lanes": "2", "oneway": "yes", "ref": "EN 206;EN 207", "source": "bing", "surface": "asphalt"}}, {"type": "Feature", "geometry": {"type": "LineString", "coordinates": [[-7.975635, 41.4802362], [-7.9758025, 41.48021], [-7.9761099, 41.4801779], [-7.9762537, 41.4801546], [-7.9763666, 41.4801138], [-7.9764487, 41.4800762], [-7.9767743, 41.4798737], [-7.9770012, 41.4798007], [-7.9771834, 41.4797954], [-7.977598, 41.4798258], [-7.9781305, 41.4798884], [-7.9784925, 41.4798872], [-7.9788858, 41.4798803], [-7.9791062, 41.4798321], [-7.9792912, 41.4797622], [-7.9794595, 41.4796484], [-7.9795912, 41.4795123], [-7.9796702, 41.4793455], [-7.9796896, 41.4792134], [-7.9795854, 41.4785477], [-7.9795824, 41.4784141], [-7.9795931, 41.4782481], [-7.9796253, 41.4781761], [-7.9797155, 41.4780875], [-7.9798995, 41.4779862], [-7.98015, 41.4778448], [-7.9803042, 41.4777335], [-7.9804119, 41.4776042], [-7.9804965, 41.4774231], [-7.9806356, 41.4769909], [-7.9806454, 41.4769593], [-7.9807834, 41.4765169], [-7.9808748, 41.4764049], [-7.9810225, 41.4763262], [-7.9811958, 41.4762664], [-7.9814933, 41.4761912], [-7.9817026, 41.4761309], [-7.9817507, 41.476117], [-7.9818021, 41.4761022], [-7.9820448, 41.4759827], [-7.9822941, 41.475787], [-7.982516, 41.4756396], [-7.9826629, 41.4755923], [-7.9828506, 41.475563], [-7.9831947, 41.4755536], [-7.983495, 41.4755387], [-7.9836558, 41.4754907], [-7.9838198, 41.4754092], [-7.9840733, 41.4752225], [-7.9842729, 41.4750892], [-7.9844202, 41.4750329], [-7.9845411, 41.4750156], [-7.9846471, 41.4750247], [-7.9847714, 41.4750549], [-7.9848929, 41.4751138], [-7.9849967, 41.475185], [-7.9850806, 41.4753205], [-7.9851104, 41.4753686], [-7.9852445, 41.4758663], [-7.9854275, 41.4765451], [-7.9855351, 41.4767728], [-7.9857252, 41.4769868], [-7.9859714, 41.4772071], [-7.9865647, 41.4776738], [-7.9871027, 41.4780953], [-7.9872912, 41.4781943], [-7.9874853, 41.4782616], [-7.9877413, 41.4782897], [-7.9880104, 41.4782903], [-7.9880476, 41.4782911], [-7.989035, 41.4783115], [-7.9891811, 41.4782884], [-7.9893311, 41.4782279], [-7.9893934, 41.4781982], [-7.9898503, 41.4779801], [-7.9900619, 41.4779167], [-7.9902657, 41.4778648], [-7.9904849, 41.4778447], [-7.9906893, 41.4778519], [-7.9909124, 41.4778871], [-7.9913816, 41.4780381], [-7.9915887, 41.4780809], [-7.9917349, 41.4780982], [-7.9919118, 41.4780723], [-7.9920772, 41.478006], [-7.992281, 41.477862], [-7.9927156, 41.4774902], [-7.9928117, 41.4773779], [-7.9928656, 41.4772828], [-7.9928925, 41.4771675], [-7.9929079, 41.477058], [-7.9928925, 41.4769284], [-7.9928969, 41.4766156], [-7.9929343, 41.4764811], [-7.9930182, 41.4763652], [-7.9932236, 41.4761534], [-7.9932935, 41.4760356], [-7.9933579, 41.4757543], [-7.9934362, 41.4755792], [-7.9935809, 41.4754088], [-7.99397, 41.4750987], [-7.9940912, 41.4750437], [-7.9942461, 41.4750007], [-7.9943907, 41.474991], [-7.9945861, 41.4750099], [-7.9948764, 41.4750395], [-7.9951319, 41.4750344], [-7.9953198, 41.4749764], [-7.9954563, 41.4748603], [-7.995606, 41.4746847], [-7.9959525, 41.4742742], [-7.9961365, 41.4741418], [-7.9963389, 41.4740794], [-7.9966846, 41.4740048], [-7.9970429, 41.4739227], [-7.9972019, 41.4738556], [-7.9974981, 41.4736578], [-7.9984154, 41.473036], [-7.9985307, 41.4729085], [-7.9985961, 41.4727789], [-7.9986008, 41.4726881], [-7.9985837, 41.4726048], [-7.9985615, 41.4725512], [-7.9983538, 41.4720786], [-7.9983461, 41.4719489], [-7.9983961, 41.4718424], [-7.9985022, 41.4717121], [-7.9986906, 41.4716262], [-7.9990486, 41.4715555], [-8.0001188, 41.4713498], [-8.0007173, 41.4712752], [-8.0017019, 41.4711444], [-8.0020161, 41.4711184], [-8.0021995, 41.4711562], [-8.0023817, 41.4712495], [-8.0024991, 41.4713794], [-8.0026222, 41.4716599], [-8.0028213, 41.4719479], [-8.0030572, 41.4722108], [-8.0032602, 41.4723831], [-8.0033346, 41.4725389], [-8.0033425, 41.4727534], [-8.003345, 41.4729446], [-8.0033928, 41.4731119], [-8.0034804, 41.4732194], [-8.0035883, 41.4733062], [-8.003922, 41.4735632], [-8.0040233, 41.4736777], [-8.0040772, 41.4737917], [-8.0040791, 41.4739257], [-8.0039996, 41.4741143], [-8.0038671, 41.4743291], [-8.0037761, 41.4745278], [-8.0037649, 41.4746668], [-8.0038033, 41.4747795], [-8.0038889, 41.4748829], [-8.004278, 41.4752671], [-8.0043975, 41.4753574], [-8.0045199, 41.4754135], [-8.0046846, 41.4754707], [-8.0049379, 41.4755277], [-8.0051204, 41.4755349], [-8.0053518, 41.4755154], [-8.0055776, 41.47544], [-8.0060882, 41.4751422], [-8.0063538, 41.4750115], [-8.0065879, 41.4749879], [-8.0067669, 41.4749959], [-8.0069198, 41.4750744], [-8.0070173, 41.4751926], [-8.0071221, 41.4754137], [-8.0072023, 41.4757447], [-8.0073211, 41.4759533], [-8.007459, 41.4760558], [-8.0076175, 41.4761076], [-8.0077907, 41.4761234], [-8.0079977, 41.4760877], [-8.0081802, 41.4760104], [-8.0084047, 41.4758978], [-8.0090517, 41.4755745], [-8.0092625, 41.4754945], [-8.0094623, 41.4754594], [-8.0097261, 41.4754622], [-8.0099261, 41.4755136], [-8.0101288, 41.4756315], [-8.0103723, 41.4758227], [-8.0107268, 41.4760833], [-8.0109034, 41.4761765], [-8.0111131, 41.4762357], [-8.0117479, 41.4762879], [-8.0130446, 41.4763389], [-8.0132319, 41.4763266], [-8.0134151, 41.4762628], [-8.0136468, 41.4761594], [-8.0141002, 41.4759441], [-8.0146404, 41.4757092], [-8.0151636, 41.4755419], [-8.0155728, 41.4753857], [-8.0157693, 41.4752787], [-8.0158799, 41.4751509], [-8.0159296, 41.4750296], [-8.0159548, 41.4748586], [-8.0159449, 41.4742177], [-8.0159121, 41.4740596], [-8.0157309, 41.4737322], [-8.0156542, 41.4734857], [-8.015612, 41.4732279], [-8.0155913, 41.4730952], [-8.0154937, 41.4728714], [-8.0152321, 41.4725387], [-8.015164, 41.4724359], [-8.0151235, 41.4723313], [-8.0151116, 41.4722457], [-8.0151769, 41.4721264], [-8.0153542, 41.471873], [-8.0154464, 41.4716185], [-8.0155199, 41.4714227], [-8.0155852, 41.4712055], [-8.0156148, 41.4710688], [-8.015614, 41.4709449], [-8.0156138, 41.4709117], [-8.0155567, 41.47067], [-8.0155567, 41.4705293], [-8.015577, 41.470403], [-8.0157077, 41.4701897], [-8.0158629, 41.4699541], [-8.0159119, 41.469792], [-8.0158996, 41.469535], [-8.0159119, 41.4693391], [-8.0160017, 41.4690883], [-8.0162274, 41.4687113], [-8.0163937, 41.4684335], [-8.0165611, 41.4682897], [-8.0168306, 41.4680939], [-8.0169059, 41.4680551], [-8.0173457, 41.4678438], [-8.0176268, 41.4676839], [-8.0178639, 41.467553], [-8.0183251, 41.4672984], [-8.0185252, 41.4671668], [-8.0186468, 41.4670265], [-8.018737, 41.4668218], [-8.0188367, 41.4665488], [-8.0188753, 41.4664592], [-8.0189661, 41.4663577], [-8.0192969, 41.4660928], [-8.0198486, 41.4656362], [-8.0200446, 41.4655547], [-8.0202535, 41.4655565], [-8.0205126, 41.4655789], [-8.020954, 41.4656362], [-8.0212813, 41.4656767], [-8.0214528, 41.4656583], [-8.0215863, 41.4656167], [-8.0217415, 41.4655248], [-8.0219652, 41.4652991], [-8.0220585, 41.4651333], [-8.0221144, 41.4649845], [-8.0221367, 41.464856], [-8.0221248, 41.4647482], [-8.0220812, 41.4645814], [-8.0219278, 41.4643054], [-8.0216925, 41.4639914], [-8.0216159, 41.4638094], [-8.0216269, 41.4636019], [-8.0217116, 41.4634262], [-8.0217996, 41.4632438]]}, "properties": {"highway": "primary", "old_ref": "EN 206", "ref": "EN 206", "surface": "asphalt"}}, {"type": "Feature", "geometry": {"type": "LineString", "coordinates": [[-7.9750094, 41.4804082], [-7.9749963, 41.4805539], [-7.9749452, 41.4806594], [-7.9748389, 41.4807478], [-7.974698, 41.480805]]}, "properties": {"highway": "primary", "lanes": "1", "old_ref": "EN 206", "oneway": "yes", "ref": "EN 206", "source": "Bing", "surface": "asphalt"}}, {"type": "Feature", "geometry": {"type": "LineString", "coordinates": [[-7.9737884, 41.4810214], [-7.9738972, 41.4810242], [-7.973986, 41.4810471], [-7.9741105, 41.4810586], [-7.9741913, 41.4810441], [-7.9743209, 41.4810035]]}, "properties": {"highway": "primary", "lanes": "1", "old_ref": "EN 206", "oneway": "yes", "ref": "EN 206", "source": "Bing", "surface": "asphalt"}}, {"type": "Feature", "geometry": {"type": "LineString", "coordinates": [[-7.9734439, 41.4810261], [-7.9734274, 41.4811148], [-7.973405, 41.4811853]]}, "properties": {"highway": "primary", "oneway": "yes", "ref": "EN 206", "surface": "asphalt"}}, {"type": "Feature", "geometry": {"type": "LineString", "coordinates": [[-7.9754771, 41.4803377], [-7.9755702, 41.4802912], [-7.975635, 41.4802362]]}, "properties": {"highway": "primary", "old_ref": "EN 206", "oneway": "yes", "ref": "EN 206", "surface": "asphalt"}}, {"type": "Feature", "geometry": {"type": "LineString", "coordinates": [[-8.7503867, 41.3676938], [-8.7503439, 41.3677373], [-8.7503222, 41.3677593]]}, "properties": {"highway": "primary", "lanes": "4", "name": "Avenida Portas Fronhas", "oneway": "no", "ref": "EN 206", "source": "bing", "surface": "asphalt"}}, {"type": "Feature", "geometry": {"type": "LineString", "coordinates": [[-8.30759, 41.4386874], [-8.3076503, 41.4385746], [-8.3076873, 41.4385127], [-8.3077539, 41.4384237], [-8.3078312, 41.4383449], [-8.3078981, 41.4382911], [-8.3080272, 41.4382107], [-8.3082052, 41.4381101], [-8.3087345, 41.4378132], [-8.3094343, 41.4374221], [-8.3103263, 41.4369481], [-8.3108614, 41.4367209], [-8.311483, 41.436544], [-8.3121438, 41.4364224], [-8.3128045, 41.4363752], [-8.3133088, 41.4363899], [-8.3135098, 41.4364097], [-8.3144058, 41.4365628], [-8.3223393, 41.4385505]]}, "properties": {"bicycle": "no", "carriage": "no", "foot": "no", "highway": "trunk", "horse": "no", "lanes": "2", "mofa": "no", "moped": "no", "motor_vehicle": "yes", "oneway": "yes", "parking:both": "no", "parking:both:restriction": "no_stopping", "ref": "EN 206", "surface": "asphalt"}}, {"type": "Feature", "geometry": {"type": "LineString", "coordinates": [[-7.6400852, 41.5019567], [-7.6402604, 41.5019815], [-7.6403971, 41.5020252], [-7.6405379, 41.5021073]]}, "properties": {"highway": "primary", "lanes": "1", "maxspeed": "50", "oneway": "yes", "ref": "EN 206;IC 5", "surface": "asphalt"}}, {"type": "Feature", "geometry": {"type": "LineString", "coordinates": [[-7.6405379, 41.5021073], [-7.6404546, 41.502], [-7.6404012, 41.5019312], [-7.640353, 41.5018413]]}, "properties": {"highway": "primary", "lanes": "1", "maxspeed": "50", "oneway": "yes", "ref": "EN 206;IC 5", "surface": "asphalt"}}, {"type": "Feature", "geometry": {"type": "LineString", "coordinates": [[-7.9743209, 41.4810035], [-7.9747312, 41.4808596]]}, "properties": {"bridge": "viaduct", "highway": "primary", "lanes": "1", "layer": "1", "old_ref": "EN 206", "oneway": "yes", "ref": "EN 206", "source": "Bing", "surface": "asphalt"}}, {"type": "Feature", "geometry": {"type": "LineString", "coordinates": [[-7.9747312, 41.4808596], [-7.9748814, 41.4807916], [-7.9750046, 41.4806957], [-7.9751041, 41.4805857], [-7.9752351, 41.4805203]]}, "properties": {"highway": "primary", "lanes": "1", "old_ref": "EN 206", "oneway": "yes", "ref": "EN 206", "source": "Bing", "surface": "asphalt"}}, {"type": "Feature", "geometry": {"type": "LineString", "coordinates": [[-8.7448943, 41.3719617], [-8.743382, 41.3731424], [-8.7430936, 41.3733605], [-8.742315, 41.3739638], [-8.7420344, 41.3741812], [-8.7417845, 41.3743751], [-8.7417402, 41.3744095], [-8.7417075, 41.3744348], [-8.7411276, 41.3748843], [-8.7407519, 41.3751827], [-8.7407325, 41.3751981], [-8.740557, 41.3753375], [-8.7405444, 41.3753516], [-8.7403697, 41.3754847], [-8.7401305, 41.3756763], [-8.7392878, 41.376327], [-8.7389089, 41.3766196]]}, "properties": {"highway": "primary", "lanes": "2", "name": "Rua S\u00e3o Miguel \"O Anjo\"", "oneway": "no", "ref": "EN 206", "surface": "asphalt"}}, {"type": "Feature", "geometry": {"type": "LineString", "coordinates": [[-8.7453513, 41.3715585], [-8.7453517, 41.3715959], [-8.7453674, 41.3716314], [-8.745397, 41.3716615], [-8.7454376, 41.3716832], [-8.7454851, 41.3716945]]}, "properties": {"highway": "primary", "junction": "roundabout", "ref": "EN 206", "surface": "asphalt"}}, {"type": "Feature", "geometry": {"type": "LineString", "coordinates": [[-8.1723873, 41.4445661], [-8.1727815, 41.4445754], [-8.1730966, 41.4445851], [-8.1734508, 41.4446003], [-8.173616, 41.4446232], [-8.1737388, 41.4446535], [-8.1738472, 41.4446885], [-8.1746606, 41.4451017]]}, "properties": {"fixme": "as vias t\u00eam \"ref\" diferentes: N206 e N207", "highway": "primary", "lanes": "2", "oneway": "yes", "ref": "EN 206", "source": "bing", "surface": "asphalt"}}, {"type": "Feature", "geometry": {"type": "LineString", "coordinates": [[-7.7951493, 41.5015643], [-7.7950082, 41.5014884], [-7.7948009, 41.5013319]]}, "properties": {"highway": "primary", "lanes": "1", "oneway": "yes", "ref": "EN 206", "surface": "asphalt"}}, {"type": "Feature", "geometry": {"type": "LineString", "coordinates": [[-7.6620035, 41.4906989], [-7.6620196, 41.4907583], [-7.6620601, 41.4908107], [-7.6621161, 41.4908484], [-7.6621846, 41.490872], [-7.6622593, 41.4908793], [-7.6623336, 41.4908696], [-7.6624006, 41.4908438], [-7.6624543, 41.4908042], [-7.6624899, 41.4907545], [-7.6625043, 41.4906966], [-7.662494, 41.4906382], [-7.6624601, 41.4905851], [-7.6624059, 41.4905425], [-7.6623296, 41.4905128], [-7.6622597, 41.4905041], [-7.6621894, 41.4905103], [-7.6621242, 41.4905311], [-7.6620826, 41.4905547], [-7.6620485, 41.4905842], [-7.6620135, 41.4906388], [-7.6620035, 41.4906989]]}, "properties": {"highway": "primary", "junction": "roundabout", "lane_markings": "no", "maxspeed:type": "PT:urban", "ref": "EN 206", "surface": "asphalt"}}, {"type": "Feature", "geometry": {"type": "LineString", "coordinates": [[-7.6620485, 41.4905842], [-7.661869, 41.4906449], [-7.6616103, 41.4906669], [-7.6597885, 41.4906989], [-7.659527, 41.4906802], [-7.6593434, 41.4906271]]}, "properties": {"highway": "primary", "lanes": "1", "maxspeed:type": "PT:urban", "oneway": "yes", "ref": "EN 206", "source": "Bing", "surface": "asphalt"}}, {"type": "Feature", "geometry": {"type": "LineString", "coordinates": [[-7.6593503, 41.4908512], [-7.6595295, 41.4907779], [-7.6597823, 41.4907602], [-7.6616037, 41.4907244], [-7.6618735, 41.4907463], [-7.6620601, 41.4908107]]}, "properties": {"highway": "primary", "lanes": "1", "maxspeed:type": "PT:urban", "oneway": "yes", "ref": "EN 206", "source": "Bing", "surface": "asphalt"}}, {"type": "Feature", "geometry": {"type": "LineString", "coordinates": [[-8.0217996, 41.4632438], [-8.02206, 41.4627096]]}, "properties": {"highway": "primary", "layer": "-1", "old_ref": "EN 206", "ref": "EN 206", "surface": "asphalt", "tunnel": "yes"}}, {"type": "Feature", "geometry": {"type": "LineString", "coordinates": [[-8.02206, 41.4627096], [-8.0222414, 41.4623612], [-8.022259, 41.4623264], [-8.022437, 41.4619756], [-8.0226808, 41.4614412], [-8.0227041, 41.46139], [-8.0228781, 41.461183], [-8.023192, 41.4609744], [-8.0238216, 41.4606064], [-8.0254193, 41.4596725], [-8.0256858, 41.459531], [-8.0259497, 41.4594125], [-8.0269314, 41.4591125], [-8.0273294, 41.4589952], [-8.027915, 41.4588125], [-8.0281962, 41.4587269]]}, "properties": {"highway": "primary", "old_ref": "EN 206", "ref": "EN 206", "surface": "asphalt"}}, {"type": "Feature", "geometry": {"type": "LineString", "coordinates": [[-8.1440974, 41.4575334], [-8.1451227, 41.4575978], [-8.145535, 41.4576348], [-8.1465194, 41.4577909], [-8.1476567, 41.4581324], [-8.1551764, 41.4607747], [-8.1557685, 41.4610307], [-8.1568615, 41.461571], [-8.1575486, 41.4619619], [-8.1587705, 41.4627701], [-8.1592855, 41.4631108], [-8.159862, 41.4634097], [-8.1602786, 41.4635622], [-8.1606792, 41.4636692], [-8.1610772, 41.4637321], [-8.161668, 41.4637766], [-8.1649425, 41.463925], [-8.1676342, 41.4640098], [-8.1684487, 41.4640225], [-8.169073, 41.4640002], [-8.1696691, 41.4639547], [-8.1700836, 41.4639053], [-8.1704037, 41.4638559], [-8.1711162, 41.4637457], [-8.1717436, 41.4636566], [-8.1724539, 41.4636095], [-8.1728638, 41.4636165], [-8.1733929, 41.46366], [-8.1741479, 41.463749], [-8.1747761, 41.4638091], [-8.1752549, 41.4638405], [-8.175816, 41.4638592], [-8.1761735, 41.4638557], [-8.1764867, 41.4638415], [-8.1768987, 41.4638051], [-8.1772901, 41.4637476], [-8.1776737, 41.4636738], [-8.1779983, 41.4635969], [-8.1783739, 41.4634909], [-8.178728, 41.4633769], [-8.1791648, 41.4632239], [-8.1795782, 41.463048], [-8.1800957, 41.4627825], [-8.1805983, 41.4624867], [-8.181754, 41.4617651], [-8.1839811, 41.4603771], [-8.1842673, 41.4601869], [-8.1844824, 41.4600213], [-8.1848249, 41.4597465], [-8.1849905, 41.459577], [-8.1852073, 41.4593201], [-8.185472, 41.4589412], [-8.1856503, 41.4587077], [-8.1862796, 41.4578362], [-8.1870877, 41.4567194], [-8.1873333, 41.4564096]]}, "properties": {"destination": "Porto; P\u00f3voa de Lanhoso; Guimar\u00e3es", "highway": "trunk", "lanes": "1", "maxspeed": "100", "oneway": "yes", "ref": "EN 206", "surface": "asphalt"}}, {"type": "Feature", "geometry": {"type": "LineString", "coordinates": [[-8.1762352, 41.4637913], [-8.1758244, 41.4637998], [-8.1752734, 41.4637831], [-8.1747847, 41.4637421], [-8.174201, 41.4636878], [-8.1734083, 41.4635926]]}, "properties": {"highway": "trunk", "lanes": "1", "oneway": "yes", "ref": "EN 206"}}, {"type": "Feature", "geometry": {"type": "LineString", "coordinates": [[-8.2745878, 41.4555212], [-8.2742625, 41.455476], [-8.2738191, 41.4554365], [-8.2734016, 41.4554169], [-8.2729922, 41.4554218]]}, "properties": {"bicycle": "no", "carriage": "no", "foot": "no", "highway": "trunk", "horse": "no", "lanes": "2", "maxspeed": "70", "mofa": "no", "moped": "no", "motor_vehicle": "yes", "oneway": "yes", "parking:lane:both": "no_stopping", "ref": "EN 206", "surface": "asphalt"}}, {"type": "Feature", "geometry": {"type": "LineString", "coordinates": [[-8.0706701, 41.4473427], [-8.070696, 41.4471715], [-8.0707838, 41.4465924], [-8.0708683, 41.4462714], [-8.070972, 41.4460799], [-8.0711177, 41.4459237], [-8.0712301, 41.4458372], [-8.0714254, 41.4457322], [-8.0717621, 41.4455959], [-8.0722672, 41.4453637], [-8.0724019, 41.4452223], [-8.0725299, 41.4450507], [-8.0726443, 41.4447831], [-8.0727396, 41.44456], [-8.0730215, 41.4438997], [-8.0731048, 41.4438123], [-8.0731562, 41.4437583], [-8.0733515, 41.4436069], [-8.0734549, 41.4435653], [-8.0736276, 41.4434958], [-8.0748824, 41.4431943]]}, "properties": {"foot": "yes", "highway": "primary", "oneway": "no", "ref": "EN 206", "surface": "asphalt"}}, {"type": "Feature", "geometry": {"type": "LineString", "coordinates": [[-8.0705281, 41.4480932], [-8.0706701, 41.4473427]]}, "properties": {"bridge": "yes", "highway": "primary", "layer": "1", "ref": "EN 206", "structure": "bridge", "surface": "asphalt"}}, {"type": "Feature", "geometry": {"type": "LineString", "coordinates": [[-8.1620111, 41.4470114], [-8.161739, 41.4469765]]}, "properties": {"highway": "primary", "name": "Rua de Cavadas", "oneway": "yes", "ref": "EN 206", "surface": "asphalt"}}, {"type": "Feature", "geometry": {"type": "LineString", "coordinates": [[-8.161739, 41.4469765], [-8.1619108, 41.4471216]]}, "properties": {"highway": "primary", "name": "Rua de Cavadas", "oneway": "yes", "ref": "EN 206", "surface": "asphalt"}}, {"type": "Feature", "geometry": {"type": "LineString", "coordinates": [[-8.2693117, 41.4560416], [-8.2716783, 41.4556542]]}, "properties": {"bicycle": "no", "bridge": "yes", "carriage": "no", "foot": "no", "highway": "trunk", "horse": "no", "lanes": "2", "layer": "1", "maxspeed": "90", "mofa": "no", "moped": "no", "motor_vehicle": "yes", "oneway": "yes", "parking:lane:both": "no_stopping", "ref": "EN 206", "surface": "asphalt"}}, {"type": "Feature", "geometry": {"type": "LineString", "coordinates": [[-8.2729922, 41.4554218], [-8.2727774, 41.4554328], [-8.2724684, 41.455457], [-8.2716477, 41.4555673], [-8.2706902, 41.4557226]]}, "properties": {"bicycle": "no", "bridge": "yes", "carriage": "no", "foot": "no", "highway": "trunk", "horse": "no", "lanes": "3", "layer": "1", "maxspeed": "90", "mofa": "no", "moped": "no", "motor_vehicle": "yes", "oneway": "yes", "parking:lane:both": "no_stopping", "ref": "EN 206", "surface": "asphalt"}}, {"type": "Feature", "geometry": {"type": "LineString", "coordinates": [[-8.2729932, 41.4555104], [-8.2733933, 41.4555076]]}, "properties": {"bicycle": "no", "carriage": "no", "foot": "no", "highway": "trunk", "horse": "no", "lanes": "2", "maxspeed": "90", "mofa": "no", "moped": "no", "motor_vehicle": "yes", "oneway": "yes", "parking:lane:both": "no_stopping", "ref": "EN 206", "surface": "asphalt"}}, {"type": "Feature", "geometry": {"type": "LineString", "coordinates": [[-8.2692974, 41.4559485], [-8.2679473, 41.4561613], [-8.2665907, 41.4563529], [-8.2663378, 41.4563597], [-8.2660436, 41.4563478], [-8.265732, 41.4563069], [-8.265463, 41.4562516], [-8.2651883, 41.4561727], [-8.2649515, 41.4560725], [-8.2647896, 41.4559956], [-8.2646305, 41.4559114], [-8.2644381, 41.4557958], [-8.2642841, 41.4556744], [-8.2641261, 41.4555309], [-8.2639605, 41.4553595]]}, "properties": {"bicycle": "no", "carriage": "no", "foot": "no", "highway": "trunk", "horse": "no", "lanes": "2", "maxspeed": "80", "mofa": "no", "moped": "no", "motor_vehicle": "yes", "oneway": "yes", "parking:lane:both": "no_stopping", "ref": "EN 206", "surface": "asphalt"}}, {"type": "Feature", "geometry": {"type": "LineString", "coordinates": [[-8.2129831, 41.451419], [-8.2133483, 41.4512467], [-8.2136245, 41.4511389], [-8.2139555, 41.4510498], [-8.2143191, 41.4509742], [-8.2147299, 41.4509447], [-8.2151759, 41.4509505], [-8.2156844, 41.451048]]}, "properties": {"highway": "trunk", "lanes": "2", "maxspeed": "70", "oneway": "yes", "ref": "EN 206"}}, {"type": "Feature", "geometry": {"type": "LineString", "coordinates": [[-8.2127214, 41.4515703], [-8.2129831, 41.451419]]}, "properties": {"bridge": "yes", "highway": "trunk", "lanes": "2", "layer": "1", "maxspeed": "70", "oneway": "yes", "ref": "EN 206"}}, {"type": "Feature", "geometry": {"type": "LineString", "coordinates": [[-8.2129087, 41.4513262], [-8.2126141, 41.4514963]]}, "properties": {"bridge": "yes", "highway": "trunk", "lanes": "2", "layer": "1", "maxspeed": "70", "oneway": "yes", "ref": "EN 206"}}, {"type": "Feature", "geometry": {"type": "LineString", "coordinates": [[-8.2085804, 41.4534644], [-8.2083093, 41.4535263], [-8.2076173, 41.4536317], [-8.207402, 41.4536575], [-8.207142, 41.4536787], [-8.2066717, 41.4536975], [-8.2062096, 41.4536914], [-8.2057908, 41.4536743], [-8.2052436, 41.4536125], [-8.204812, 41.4535401], [-8.2039976, 41.4533601], [-8.2028831, 41.45303], [-8.2007768, 41.452366], [-8.2002554, 41.4522737], [-8.1998558, 41.4522357]]}, "properties": {"highway": "trunk", "lanes": "2", "maxspeed": "70", "oneway": "yes", "ref": "EN 206"}}, {"type": "Feature", "geometry": {"type": "LineString", "coordinates": [[-8.2212715, 41.4566708], [-8.220659, 41.45662], [-8.220209, 41.4565392], [-8.2198071, 41.4564224], [-8.2195519, 41.4563303], [-8.2192774, 41.4561971], [-8.2190258, 41.4560458], [-8.2187925, 41.4558795], [-8.2185668, 41.4556941], [-8.2183624, 41.4554629], [-8.2182298, 41.4552812], [-8.2181163, 41.4550799], [-8.2180102, 41.4548337], [-8.2179421, 41.454572]]}, "properties": {"destination": "Fafe", "highway": "trunk", "lanes": "2", "maxheight": "7.8", "maxspeed": "70", "oneway": "yes", "ref": "EN 206", "surface": "asphalt"}}, {"type": "Feature", "geometry": {"type": "LineString", "coordinates": [[-8.2500064, 41.4439871], [-8.2501852, 41.4439781], [-8.2507305, 41.443986], [-8.2513791, 41.4440461]]}, "properties": {"bridge": "yes", "highway": "trunk", "lanes": "2", "layer": "1", "maxspeed": "100", "oneway": "yes", "ref": "EN 206", "surface": "asphalt", "turn:lanes": "none|merge_to_left"}}, {"type": "Feature", "geometry": {"type": "LineString", "coordinates": [[-8.2514024, 41.4439591], [-8.2507429, 41.4438955], [-8.2502047, 41.4438862], [-8.2499776, 41.4438976]]}, "properties": {"bridge": "yes", "highway": "trunk", "lanes": "2", "layer": "1", "maxspeed": "100", "oneway": "yes", "ref": "EN 206", "surface": "asphalt", "turn:lanes": "through|through;slight_right"}}, {"type": "Feature", "geometry": {"type": "LineString", "coordinates": [[-8.2531358, 41.4445527], [-8.2533221, 41.4446241], [-8.2541384, 41.4450747], [-8.2549869, 41.445548], [-8.2557107, 41.4460122], [-8.2561872, 41.4464191], [-8.2565974, 41.4468863], [-8.256909, 41.4474047], [-8.2575383, 41.4486465], [-8.2578681, 41.4490941], [-8.2581656, 41.4493774], [-8.2592393, 41.4502576], [-8.2598385, 41.4507353], [-8.2603452, 41.4512326], [-8.2607272, 41.4516681]]}, "properties": {"bicycle": "no", "carriage": "no", "foot": "no", "highway": "trunk", "horse": "no", "lanes": "1", "maxspeed": "100", "mofa": "no", "moped": "no", "motor_vehicle": "yes", "oneway": "yes", "parking:lane:both": "no_stopping", "ref": "EN 206", "surface": "asphalt"}}, {"type": "Feature", "geometry": {"type": "LineString", "coordinates": [[-8.3080593, 41.4380543], [-8.3078796, 41.4381621], [-8.3077991, 41.4382144], [-8.3077321, 41.4382647], [-8.307665, 41.438331], [-8.3075964, 41.4384061], [-8.3075443, 41.4384838], [-8.307496, 41.4385663], [-8.3074451, 41.4386568], [-8.3073871, 41.438764], [-8.3073297, 41.4388438], [-8.3072439, 41.4389322], [-8.3071393, 41.4390167], [-8.3070829, 41.4390566]]}, "properties": {"bicycle": "no", "carriage": "no", "destination": "Braga;Guimar\u00e3es", "destination:symbol": "none;centre", "foot": "no", "highway": "trunk", "horse": "no", "lanes": "1", "maxspeed": "50", "mofa": "no", "moped": "no", "motor_vehicle": "yes", "oneway": "yes", "parking:both": "no", "parking:both:restriction": "no_stopping", "ref": "EN 206", "surface": "asphalt"}}, {"type": "Feature", "geometry": {"type": "LineString", "coordinates": [[-8.3223393, 41.4385505], [-8.3227794, 41.4386367]]}, "properties": {"bicycle": "no", "bridge": "yes", "carriage": "no", "foot": "no", "highway": "trunk", "horse": "no", "lanes": "2", "layer": "1", "maxspeed": "90", "mofa": "no", "moped": "no", "motor_vehicle": "yes", "oneway": "yes", "parking:lane:both": "no_stopping", "ref": "EN 206", "structure": "bridge", "surface": "asphalt"}}, {"type": "Feature", "geometry": {"type": "LineString", "coordinates": [[-8.3228211, 41.4385346], [-8.3223794, 41.4384473]]}, "properties": {"bicycle": "no", "bridge": "yes", "carriage": "no", "foot": "no", "highway": "trunk", "horse": "no", "lanes": "2", "layer": "1", "maxspeed": "90", "mofa": "no", "moped": "no", "motor_vehicle": "yes", "oneway": "yes", "parking:lane:both": "no_stopping", "ref": "EN 206", "structure": "bridge", "surface": "asphalt"}}, {"type": "Feature", "geometry": {"type": "LineString", "coordinates": [[-8.263836, 41.455414], [-8.2640412, 41.4556034], [-8.2642788, 41.4558019], [-8.2645142, 41.455968], [-8.2648014, 41.4561125], [-8.2650187, 41.4562102], [-8.2652093, 41.4562757], [-8.2654384, 41.4563453], [-8.2657296, 41.4564056], [-8.2660772, 41.4564426], [-8.2663631, 41.4564495], [-8.2665821, 41.4564451], [-8.2668789, 41.4564189], [-8.2672087, 41.456373], [-8.2693117, 41.4560416]]}, "properties": {"bicycle": "no", "carriage": "no", "foot": "no", "highway": "trunk", "horse": "no", "lanes": "2", "maxspeed": "90", "mofa": "no", "moped": "no", "motor_vehicle": "yes", "oneway": "yes", "parking:lane:both": "no_stopping", "ref": "EN 206", "surface": "asphalt"}}, {"type": "Feature", "geometry": {"type": "LineString", "coordinates": [[-8.2618768, 41.4529289], [-8.2615681, 41.4525491], [-8.2606012, 41.4514092], [-8.2598063, 41.4506522], [-8.2589017, 41.4499118], [-8.2583813, 41.449488], [-8.2579073, 41.4490256], [-8.2576172, 41.4486384], [-8.2570065, 41.4474214], [-8.2566775, 41.4468997], [-8.2562575, 41.4464004], [-8.2557721, 41.4459834], [-8.255021, 41.4455112], [-8.2541925, 41.445037], [-8.2533572, 41.4445655], [-8.2523833, 41.444171], [-8.2515929, 41.443989], [-8.2514024, 41.4439591]]}, "properties": {"bicycle": "no", "carriage": "no", "foot": "no", "highway": "trunk", "horse": "no", "lanes": "1", "maxspeed": "100", "mofa": "no", "moped": "no", "motor_vehicle": "yes", "oneway": "yes", "parking:lane:both": "no_stopping", "ref": "EN 206", "surface": "asphalt"}}, {"type": "Feature", "geometry": {"type": "LineString", "coordinates": [[-8.2617721, 41.4529866], [-8.263836, 41.455414]]}, "properties": {"bicycle": "no", "bridge": "yes", "carriage": "no", "foot": "no", "highway": "trunk", "horse": "no", "lanes": "2", "layer": "1", "maxspeed": "100", "mofa": "no", "moped": "no", "motor_vehicle": "yes", "oneway": "yes", "parking:lane:both": "no_stopping", "ref": "EN 206", "surface": "asphalt"}}, {"type": "Feature", "geometry": {"type": "LineString", "coordinates": [[-8.2639605, 41.4553595], [-8.2618768, 41.4529289]]}, "properties": {"bicycle": "no", "bridge": "yes", "carriage": "no", "foot": "no", "highway": "trunk", "horse": "no", "lanes": "2", "layer": "1", "maxspeed": "90", "mofa": "no", "moped": "no", "motor_vehicle": "yes", "oneway": "yes", "parking:lane:both": "no_stopping", "ref": "EN 206", "surface": "asphalt"}}, {"type": "Feature", "geometry": {"type": "LineString", "coordinates": [[-8.7488773, 41.3688764], [-8.7477558, 41.3697477]]}, "properties": {"highway": "primary", "incline": "up", "lanes": "2", "name": "Avenida Portas Fronhas", "oneway": "no", "ref": "EN 206", "surface": "asphalt"}}, {"type": "Feature", "geometry": {"type": "LineString", "coordinates": [[-8.7493965, 41.3684665], [-8.7488773, 41.3688764]]}, "properties": {"highway": "primary", "layer": "-1", "name": "Avenida Portas Fronhas", "oneway": "no", "ref": "EN 206", "tunnel": "yes"}}, {"type": "Feature", "geometry": {"type": "LineString", "coordinates": [[-7.7948009, 41.5013319], [-7.794617, 41.5011711], [-7.7942389, 41.500917], [-7.7939028, 41.5008126], [-7.7935794, 41.5007871], [-7.7933551, 41.5007938], [-7.7931028, 41.5008013], [-7.7912207, 41.500857], [-7.7907887, 41.5009174], [-7.7904113, 41.5010168], [-7.7873964, 41.5025929], [-7.7866284, 41.502863], [-7.7854009, 41.5032988], [-7.7848721, 41.5034194], [-7.7845855, 41.5034193], [-7.7824218, 41.5031331], [-7.7818281, 41.5030424], [-7.7810597, 41.502909], [-7.7801046, 41.5028354], [-7.779195, 41.5027292], [-7.7786739, 41.5027203], [-7.777549, 41.5027584], [-7.7772682, 41.502711], [-7.7763565, 41.5024551], [-7.7758737, 41.5023668], [-7.7752299, 41.5022864], [-7.7748659, 41.5021686], [-7.7741841, 41.501764], [-7.7739035, 41.5015974], [-7.7735728, 41.5014784], [-7.7732376, 41.5014193], [-7.7729258, 41.5014015], [-7.7726204, 41.5014262], [-7.7722708, 41.5015161], [-7.770621, 41.5021125], [-7.7701282, 41.5022146], [-7.7694451, 41.5022752], [-7.7690871, 41.50238], [-7.7688058, 41.5025756], [-7.7685995, 41.502873], [-7.7682375, 41.5033305], [-7.7681352, 41.5034598], [-7.7679297, 41.5036022], [-7.7674994, 41.5038047], [-7.767065, 41.5042165], [-7.7668549, 41.5043337], [-7.7661861, 41.5045762], [-7.7658868, 41.5047312], [-7.7653863, 41.5051044], [-7.7651684, 41.5051558], [-7.764987, 41.505126], [-7.764836, 41.5050316], [-7.7647706, 41.5048976], [-7.764814, 41.5047181], [-7.7660376, 41.5035476], [-7.7662857, 41.5032386], [-7.7663978, 41.5029421], [-7.7663902, 41.502598], [-7.7662716, 41.5023336], [-7.7657175, 41.5016418], [-7.7654734, 41.5011443], [-7.7652944, 41.5009453], [-7.7639546, 41.5001029], [-7.7635424, 41.4999022], [-7.7625546, 41.4995644], [-7.7619582, 41.4994725], [-7.7614958, 41.4994814], [-7.7609969, 41.4995738], [-7.7593537, 41.5000239], [-7.7589766, 41.5000767], [-7.7587179, 41.5000472], [-7.7580775, 41.4997777], [-7.7577477, 41.4997231], [-7.7573896, 41.4997685], [-7.7571282, 41.4998976], [-7.7564548, 41.5004332], [-7.7562449, 41.500505], [-7.7560351, 41.5005449], [-7.7556381, 41.5005001], [-7.7544761, 41.5002278], [-7.7543065, 41.5001688], [-7.7541327, 41.5000704], [-7.7534729, 41.4995583], [-7.7533583, 41.4994829], [-7.753138, 41.4993378], [-7.7529765, 41.4992514], [-7.7526968, 41.4991205], [-7.7523891, 41.4989825], [-7.7523058, 41.4989469], [-7.751966, 41.4988077], [-7.7517103, 41.4987303], [-7.7516284, 41.4987173], [-7.7515205, 41.4987125], [-7.7511918, 41.4987135], [-7.750971, 41.4987457], [-7.7507662, 41.4987948], [-7.7506069, 41.4988618], [-7.7504127, 41.4989871], [-7.7491904, 41.4999977], [-7.748754, 41.5005372], [-7.7485062, 41.500707], [-7.7482801, 41.5007773], [-7.7480753, 41.5007999], [-7.7478796, 41.500779], [-7.7476839, 41.5007263], [-7.7448352, 41.4992892], [-7.7444382, 41.4991687], [-7.7437435, 41.499105], [-7.743498, 41.499082], [-7.7428493, 41.499022], [-7.7425306, 41.49903], [-7.7421959, 41.4991687], [-7.7413268, 41.4997846], [-7.7403748, 41.5004594], [-7.7401565, 41.5005341], [-7.7398695, 41.5005381], [-7.7396215, 41.5004926]]}, "properties": {"highway": "primary", "lanes": "2", "ref": "EN 206", "source": "Bing", "surface": "asphalt"}}, {"type": "Feature", "geometry": {"type": "LineString", "coordinates": [[-7.8912777, 41.514315], [-7.8913098, 41.5143615], [-7.8914402, 41.5144215], [-7.8918881, 41.514407], [-7.8925193, 41.5144612], [-7.8930044, 41.5145028], [-7.8933125, 41.5144886], [-7.8936489, 41.5144022], [-7.8940282, 41.514172], [-7.8951518, 41.513167], [-7.8953019, 41.5131113], [-7.8954493, 41.513095], [-7.8961325, 41.5131398], [-7.8964279, 41.5131502], [-7.8978626, 41.5130903], [-7.8980406, 41.5130127]]}, "properties": {"highway": "primary", "lanes": "2", "ref": "EN 206", "surface": "asphalt"}}, {"type": "Feature", "geometry": {"type": "LineString", "coordinates": [[-7.7948183, 41.5017174], [-7.7948325, 41.5017847], [-7.7950065, 41.5019776], [-7.7950819, 41.5020183], [-7.7951697, 41.5020339], [-7.7952613, 41.5020227], [-7.7953383, 41.5019869], [-7.7953914, 41.5019321], [-7.7954129, 41.5018644], [-7.7953987, 41.501798], [-7.7952239, 41.5016044], [-7.7951493, 41.5015643], [-7.7950609, 41.5015488], [-7.7949746, 41.5015587], [-7.7948931, 41.5015955], [-7.7948394, 41.5016512], [-7.7948183, 41.5017174]]}, "properties": {"highway": "primary", "junction": "roundabout", "lanes": "2", "old_ref": "EN 206;EN 312", "ref": "EN 206;EM 312", "surface": "asphalt"}}, {"type": "Feature", "geometry": {"type": "LineString", "coordinates": [[-7.7036076, 41.5004353], [-7.7036718, 41.5005112], [-7.7037671, 41.5005617], [-7.7038852, 41.5005817], [-7.7039997, 41.500567], [-7.7041008, 41.5005196], [-7.7041696, 41.5004472], [-7.7041963, 41.5003602], [-7.7041762, 41.5002722], [-7.7041146, 41.5001983], [-7.7040152, 41.5001452], [-7.7039017, 41.5001259], [-7.7038392, 41.5001339], [-7.7037819, 41.5001412], [-7.7036834, 41.5001876], [-7.7036136, 41.5002614], [-7.7035876, 41.5003495], [-7.7036076, 41.5004353]]}, "properties": {"highway": "primary", "junction": "roundabout", "lanes": "2", "ref": "EN 206", "source": "Bing", "surface": "asphalt"}}, {"type": "Feature", "geometry": {"type": "LineString", "coordinates": [[-7.6741764, 41.4949312], [-7.674035, 41.4948815]]}, "properties": {"bridge": "yes", "highway": "primary", "lanes": "2", "layer": "1", "oneway": "no", "ref": "EN 206", "source": "Bing", "surface": "asphalt"}}, {"type": "Feature", "geometry": {"type": "LineString", "coordinates": [[-7.9575015, 41.4914072], [-7.9577898, 41.4913266]]}, "properties": {"bridge": "yes", "highway": "primary", "layer": "1", "ref": "EN 206", "surface": "asphalt"}}, {"type": "Feature", "geometry": {"type": "LineString", "coordinates": [[-7.8911341, 41.513556], [-7.8912777, 41.514315]]}, "properties": {"bridge": "yes", "highway": "primary", "lanes": "2", "layer": "1", "ref": "EN 206", "surface": "asphalt"}}, {"type": "Feature", "geometry": {"type": "LineString", "coordinates": [[-7.7031166, 41.500444], [-7.7020378, 41.5005588], [-7.7010956, 41.5006676], [-7.69969, 41.5008299], [-7.6991397, 41.5008934], [-7.6955241, 41.501311], [-7.6931406, 41.5015862], [-7.6929415, 41.5016092], [-7.6927819, 41.5016276], [-7.6919305, 41.5017259], [-7.6906324, 41.5018758], [-7.6902112, 41.5019139], [-7.6898391, 41.5019007], [-7.689528, 41.5017963], [-7.6884279, 41.5013516], [-7.6880287, 41.5011902], [-7.6877891, 41.501087], [-7.6847, 41.4998678], [-7.684185, 41.4995946], [-7.6841278, 41.4995539], [-7.6825114, 41.498402], [-7.6809664, 41.4973607], [-7.6804997, 41.497135], [-7.6794791, 41.4967803], [-7.6793642, 41.4967404], [-7.6760087, 41.4955741], [-7.6741764, 41.4949312]]}, "properties": {"highway": "primary", "lanes": "2", "oneway": "no", "ref": "EN 206", "source": "Bing", "surface": "asphalt"}}, {"type": "Feature", "geometry": {"type": "LineString", "coordinates": [[-7.8980281, 41.5125425], [-7.8978709, 41.5124984], [-7.897494, 41.5125175], [-7.8971873, 41.5124858], [-7.8967367, 41.5123975], [-7.8964855, 41.5123483], [-7.8963078, 41.5122421], [-7.8962449, 41.51205], [-7.8963252, 41.5118827], [-7.8965409, 41.5117545], [-7.8971187, 41.5116281], [-7.8973184, 41.511523], [-7.8974512, 41.5113342], [-7.8975119, 41.5111035], [-7.8975063, 41.5108423], [-7.897375, 41.5104049], [-7.8973291, 41.5098215], [-7.8973749, 41.509619], [-7.8975011, 41.5094175], [-7.8982494, 41.5086429], [-7.8984158, 41.5084466], [-7.8985574, 41.5079587], [-7.8992531, 41.5065916], [-7.8995755, 41.5062597], [-7.8996624, 41.5060371], [-7.8995939, 41.5055804], [-7.899882, 41.5040728], [-7.8998635, 41.5038715], [-7.8997163, 41.5036517], [-7.8994806, 41.5035185], [-7.8985946, 41.5033687], [-7.8983646, 41.503241], [-7.898275, 41.5030764], [-7.8982756, 41.5026555], [-7.8981927, 41.5024582], [-7.898023, 41.5023191], [-7.8977305, 41.5022729], [-7.8971772, 41.5023242], [-7.8968828, 41.5022999], [-7.8966714, 41.5022196], [-7.8965011, 41.5020788], [-7.8964328, 41.5018717], [-7.8964372, 41.50167], [-7.8968663, 41.5009218], [-7.8970892, 41.5007003], [-7.8984366, 41.4998455], [-7.8986629, 41.4996486], [-7.8988043, 41.4994607], [-7.8991201, 41.4990413], [-7.8996111, 41.4986191], [-7.8999714, 41.498471], [-7.9005417, 41.498394], [-7.9007864, 41.4983091], [-7.9009884, 41.4981457], [-7.901275, 41.497661], [-7.9014547, 41.4974913], [-7.9016851, 41.4974339], [-7.9030351, 41.4973327], [-7.903333, 41.4973851], [-7.9035448, 41.4975058], [-7.9036615, 41.4976977], [-7.9036848, 41.4992187], [-7.9037678, 41.4994337], [-7.903932, 41.4995786], [-7.9041816, 41.4996536], [-7.9044203, 41.4996228], [-7.9046523, 41.4994917], [-7.9047798, 41.4992481], [-7.9049761, 41.4989052], [-7.9052007, 41.4987534], [-7.905388, 41.4987113], [-7.9055009, 41.4986859], [-7.9057723, 41.4986979], [-7.9060223, 41.4987882], [-7.9070272, 41.4994897], [-7.9071904, 41.4996712], [-7.9075486, 41.5003272], [-7.9077491, 41.5004853], [-7.9079947, 41.5005328], [-7.9082562, 41.5005045], [-7.9084497, 41.5004109], [-7.9085884, 41.5002731], [-7.9091037, 41.4994507], [-7.9091532, 41.4992776], [-7.9091335, 41.4991269], [-7.9087751, 41.4981565], [-7.9086128, 41.4970425], [-7.9086343, 41.4968722], [-7.9087275, 41.4967348], [-7.9088852, 41.4966003], [-7.9091359, 41.4965124], [-7.9094638, 41.496511], [-7.9102625, 41.4966107], [-7.9105288, 41.4966846], [-7.9115586, 41.4971983], [-7.9117994, 41.4972808], [-7.9120603, 41.4973089], [-7.9134429, 41.4973149], [-7.9136859, 41.4973486], [-7.9139574, 41.497473], [-7.9151097, 41.4983018], [-7.9153494, 41.4984089], [-7.9156105, 41.4984571], [-7.9159252, 41.4984428], [-7.9162076, 41.4983629], [-7.9167157, 41.4980592], [-7.9168291, 41.4979915], [-7.9170922, 41.4979043], [-7.9214072, 41.4971278], [-7.9216434, 41.4970852], [-7.92271, 41.4968932], [-7.9229558, 41.496849], [-7.9236928, 41.4967094], [-7.9239562, 41.4966409], [-7.9250311, 41.4960564], [-7.9268013, 41.4955115], [-7.9279347, 41.4951625], [-7.9284827, 41.4949938], [-7.9287336, 41.4948589], [-7.9289162, 41.4946518], [-7.929697, 41.4931722], [-7.9298773, 41.4928306], [-7.9300694, 41.492646], [-7.9303137, 41.4925284], [-7.9306271, 41.4924644], [-7.9313718, 41.4924059], [-7.9316255, 41.4923593], [-7.9318317, 41.4922506], [-7.9319496, 41.4921136], [-7.9319848, 41.4919288], [-7.9319158, 41.4917412], [-7.9312765, 41.4910818], [-7.931187, 41.4909289], [-7.9311705, 41.490731], [-7.9312162, 41.4905646], [-7.9313243, 41.4904401]]}, "properties": {"highway": "primary", "lanes": "2", "ref": "EN 206", "surface": "asphalt"}}, {"type": "Feature", "geometry": {"type": "LineString", "coordinates": [[-7.9577898, 41.4913266], [-7.9580059, 41.4912946], [-7.9584852, 41.4913614], [-7.9587592, 41.4913841], [-7.9589394, 41.4913502], [-7.9594438, 41.4910567], [-7.9600887, 41.490531], [-7.9602052, 41.490445], [-7.9604151, 41.4903731], [-7.9615124, 41.4903073], [-7.9625406, 41.4903392], [-7.9628261, 41.4902957], [-7.9629229, 41.490255], [-7.9630133, 41.490217], [-7.9631729, 41.4900896], [-7.9632736, 41.4898931], [-7.9633062, 41.4897721], [-7.9632907, 41.4896875], [-7.9631348, 41.489435], [-7.9629316, 41.4892251], [-7.9627385, 41.4890561], [-7.962076, 41.4887566], [-7.9619211, 41.4885998], [-7.9618663, 41.4884864], [-7.9618688, 41.4883611], [-7.9619632, 41.4881354], [-7.9620704, 41.4878213], [-7.9621273, 41.4877225], [-7.9622176, 41.4876426], [-7.9623237, 41.4875873]]}, "properties": {"highway": "primary", "ref": "EN 206", "surface": "asphalt"}}, {"type": "Feature", "geometry": {"type": "LineString", "coordinates": [[-7.674035, 41.4948815], [-7.6709787, 41.4938204], [-7.6707327, 41.493735], [-7.6698788, 41.4934181], [-7.6696539, 41.4932946]]}, "properties": {"highway": "primary", "lanes": "2", "oneway": "no", "ref": "EN 206", "source": "Bing", "surface": "asphalt"}}, {"type": "Feature", "geometry": {"type": "LineString", "coordinates": [[-7.8319694, 41.5212899], [-7.8319752, 41.5212844], [-7.8321093, 41.5212429], [-7.8323066, 41.5212297], [-7.8325141, 41.5212862], [-7.8332852, 41.521763], [-7.8335368, 41.5218498], [-7.8338714, 41.5218645], [-7.8341066, 41.5218187], [-7.8348022, 41.5215539], [-7.8350697, 41.5215296], [-7.8353287, 41.5215753], [-7.8361835, 41.5219177], [-7.8364002, 41.5220045], [-7.8366696, 41.5221527], [-7.836864, 41.5223354], [-7.837205, 41.5228839], [-7.83751, 41.5231405], [-7.8378062, 41.5232873], [-7.8381942, 41.5233901], [-7.8386129, 41.5234245], [-7.8389921, 41.523376], [-7.8398763, 41.5231264], [-7.8400577, 41.5230494], [-7.840205, 41.5229868], [-7.8403192, 41.5229383], [-7.8406787, 41.5226692], [-7.8409518, 41.522319], [-7.841217, 41.5217138], [-7.8413885, 41.5215725], [-7.841576, 41.521532], [-7.8417937, 41.5215584], [-7.8419185, 41.5216233], [-7.8420006, 41.521666], [-7.8421362, 41.5218528], [-7.842308, 41.5220642], [-7.8425264, 41.5221964], [-7.8433412, 41.5224428], [-7.8438418, 41.5226872], [-7.8443767, 41.5230568], [-7.8447703, 41.5232372], [-7.8457707, 41.523437], [-7.8463899, 41.5236619], [-7.8467269, 41.5238553], [-7.8474767, 41.5244146], [-7.8479922, 41.5247992], [-7.8480664, 41.5248352], [-7.8494945, 41.5255274], [-7.849751, 41.5256024], [-7.8500244, 41.5256245], [-7.8503176, 41.5255818], [-7.8506382, 41.5254607], [-7.8512027, 41.5250465], [-7.8515204, 41.5248909], [-7.8521882, 41.5246698], [-7.8532038, 41.5241657], [-7.8540863, 41.5238718], [-7.8545333, 41.5237348], [-7.8552812, 41.5235056], [-7.857418, 41.5228507], [-7.8576569, 41.5227587], [-7.8578499, 41.5226227], [-7.858393, 41.5219599], [-7.8585723, 41.521835], [-7.8588086, 41.5217646], [-7.8590129, 41.5217814], [-7.8591919, 41.5218787], [-7.8592828, 41.5220054], [-7.8593552, 41.5223121]]}, "properties": {"highway": "primary", "ref": "EN 206", "surface": "asphalt"}}, {"type": "Feature", "geometry": {"type": "LineString", "coordinates": [[-7.7953805, 41.50244], [-7.7952482, 41.5022138], [-7.7952289, 41.5021404], [-7.7952396, 41.5020792], [-7.7952613, 41.5020227]]}, "properties": {"highway": "primary", "lanes": "1", "maxspeed:type": "PT:urban", "old_ref": "EN 206;EN 312", "oneway": "yes", "ref": "EN 206;EM 312", "surface": "asphalt"}}, {"type": "Feature", "geometry": {"type": "LineString", "coordinates": [[-7.7041696, 41.5004472], [-7.7043823, 41.5003364], [-7.704662, 41.5002627]]}, "properties": {"highway": "primary", "lanes": "1", "oneway": "yes", "ref": "EN 206", "source": "Bing", "surface": "asphalt"}}, {"type": "Feature", "geometry": {"type": "LineString", "coordinates": [[-7.7031166, 41.500444], [-7.7034123, 41.5004521], [-7.7036718, 41.5005112]]}, "properties": {"highway": "primary", "lanes": "1", "oneway": "yes", "ref": "EN 206", "source": "Bing", "surface": "asphalt"}}, {"type": "Feature", "geometry": {"type": "LineString", "coordinates": [[-7.7950065, 41.5019776], [-7.7952191, 41.5022962], [-7.7953805, 41.50244]]}, "properties": {"destination": "Ribeira de Pena", "highway": "primary", "lanes": "1", "maxspeed:type": "PT:urban", "old_ref": "EN 206;EN 312", "oneway": "yes", "ref": "EN 206;EM 312", "surface": "asphalt"}}, {"type": "Feature", "geometry": {"type": "LineString", "coordinates": [[-7.7036136, 41.5002614], [-7.7033948, 41.5003691], [-7.7031166, 41.500444]]}, "properties": {"highway": "primary", "lanes": "1", "oneway": "yes", "ref": "EN 206", "source": "Bing", "surface": "asphalt"}}, {"type": "Feature", "geometry": {"type": "LineString", "coordinates": [[-7.704662, 41.5002627], [-7.7043531, 41.5002559], [-7.7041146, 41.5001983]]}, "properties": {"highway": "primary", "lanes": "1", "oneway": "yes", "ref": "EN 206", "source": "Bing", "surface": "asphalt"}}, {"type": "Feature", "geometry": {"type": "LineString", "coordinates": [[-7.7948009, 41.5013319], [-7.7948804, 41.5014609], [-7.7949044, 41.5015398], [-7.7948931, 41.5015955]]}, "properties": {"highway": "primary", "lanes": "2", "maxspeed:type": "PT:urban", "oneway": "yes", "ref": "EN 206", "surface": "asphalt"}}, {"type": "Feature", "geometry": {"type": "LineString", "coordinates": [[-7.8980406, 41.5130127], [-7.8981092, 41.512911], [-7.8980986, 41.5126394], [-7.8980281, 41.5125425]]}, "properties": {"bridge": "yes", "highway": "primary", "lanes": "2", "layer": "1", "ref": "EN 206", "surface": "asphalt", "wikidata": "Q104138889"}}, {"type": "Feature", "geometry": {"type": "LineString", "coordinates": [[-7.6624899, 41.4907545], [-7.662641, 41.4906883], [-7.6628476, 41.4906125], [-7.6629719, 41.4905196], [-7.6630523, 41.4903782], [-7.6630795, 41.4901133]]}, "properties": {"highway": "primary", "lanes": "2", "oneway": "yes", "ref": "EN 206", "source": "Bing", "surface": "asphalt"}}, {"type": "Feature", "geometry": {"type": "LineString", "coordinates": [[-7.6630795, 41.4901133], [-7.662986, 41.490361], [-7.662839, 41.4905082], [-7.6626458, 41.4905627], [-7.6624059, 41.4905425]]}, "properties": {"highway": "primary", "lanes": "1", "oneway": "yes", "ref": "EN 206", "source": "Bing", "surface": "asphalt"}}, {"type": "Feature", "geometry": {"type": "LineString", "coordinates": [[-7.6582051, 41.4906981], [-7.6580714, 41.4906836], [-7.6574905, 41.490585], [-7.6570749, 41.4904627], [-7.6565309, 41.4901314], [-7.6563155, 41.4900431], [-7.6560893, 41.4899794], [-7.6557895, 41.4899451], [-7.6555525, 41.4899591], [-7.6543823, 41.4902335], [-7.6541866, 41.4903309], [-7.6540418, 41.4904525], [-7.6539542, 41.4906249], [-7.6539378, 41.4907331], [-7.6539934, 41.4913579], [-7.6539554, 41.4915162], [-7.653805, 41.4917989], [-7.6537837, 41.4919221], [-7.6540222, 41.4923382], [-7.6540337, 41.492492], [-7.6539608, 41.492786], [-7.6538701, 41.492956], [-7.6537141, 41.4930755], [-7.6531841, 41.493354], [-7.6527316, 41.4937384], [-7.6525976, 41.4938523], [-7.6525085, 41.493968], [-7.6524802, 41.4940701], [-7.6525207, 41.4944845], [-7.6524945, 41.4946118], [-7.6524762, 41.4946462], [-7.6524459, 41.4947029], [-7.6522202, 41.4949882], [-7.6517656, 41.4955628], [-7.651527, 41.4958644], [-7.6514692, 41.4959999], [-7.6514171, 41.4965449], [-7.6512942, 41.496806], [-7.6511013, 41.4969673], [-7.6509221, 41.497049], [-7.6505786, 41.4970879], [-7.6503948, 41.497172], [-7.6502873, 41.4973085], [-7.6501858, 41.4978822], [-7.650177, 41.4984455]]}, "properties": {"highway": "primary", "lanes": "2", "maxspeed:type": "PT:rural", "ref": "EN 206;IC 5", "source": "Bing", "surface": "asphalt"}}, {"type": "Feature", "geometry": {"type": "LineString", "coordinates": [[-7.6453891, 41.5023692], [-7.6451817, 41.5025772], [-7.6449328, 41.5027776], [-7.6446937, 41.5029473], [-7.644462, 41.5030855], [-7.6442437, 41.5031793], [-7.6430573, 41.5035761], [-7.6430012, 41.5035949], [-7.6425882, 41.5037331], [-7.6423761, 41.503778], [-7.642195, 41.5037843], [-7.6420136, 41.5037631], [-7.641823, 41.5037071], [-7.641658, 41.5036308], [-7.6415071, 41.5035191], [-7.6413996, 41.5033843], [-7.6410196, 41.5028086], [-7.6409736, 41.502739], [-7.6407872, 41.5024565], [-7.6407622, 41.5024187], [-7.640722, 41.5023578], [-7.6406155, 41.5021965], [-7.6405379, 41.5021073]]}, "properties": {"highway": "primary", "lane_markings": "no", "lanes": "2", "maxspeed": "50", "maxspeed:type": "PT:urban", "name": "Avenida Miguel Torga", "oneway": "no", "postal_code": "5450-034", "ref": "EN 206;IC 5", "surface": "asphalt"}}, {"type": "Feature", "geometry": {"type": "LineString", "coordinates": [[-7.9735538, 41.481072], [-7.9736168, 41.4810775], [-7.9736564, 41.4810746], [-7.9737008, 41.4810652], [-7.973742, 41.4810497], [-7.9737884, 41.4810214], [-7.9738261, 41.4809829], [-7.9738491, 41.4809382], [-7.9738559, 41.4808907], [-7.9738458, 41.4808436], [-7.9738199, 41.4808001], [-7.9737797, 41.4807631], [-7.9737214, 41.4807327], [-7.9736538, 41.4807161], [-7.9735827, 41.480715], [-7.9735142, 41.4807293], [-7.9734505, 41.4807603], [-7.9734027, 41.4808046], [-7.9733755, 41.4808578], [-7.9733715, 41.4809147], [-7.9733947, 41.4809751], [-7.9734439, 41.4810261], [-7.9734948, 41.4810545], [-7.9735538, 41.481072]]}, "properties": {"highway": "primary", "junction": "roundabout", "lanes": "2", "old_ref": "EN 206", "ref": "EN 206", "source": "Bing", "surface": "asphalt"}}, {"type": "Feature", "geometry": {"type": "LineString", "coordinates": [[-7.9751643, 41.4805127], [-7.9752351, 41.4805203], [-7.9752827, 41.4805166], [-7.9753285, 41.480506], [-7.97537, 41.4804891], [-7.9754064, 41.4804665], [-7.9754449, 41.4804288], [-7.975469, 41.4803848], [-7.9754771, 41.4803377], [-7.9754687, 41.4802906], [-7.9754442, 41.4802466], [-7.9754054, 41.480209], [-7.975347, 41.4801768], [-7.9752785, 41.480159], [-7.975206, 41.4801572], [-7.975136, 41.4801714], [-7.9750747, 41.4802004], [-7.9750292, 41.4802399], [-7.9750004, 41.4802873], [-7.9749907, 41.480339], [-7.9749956, 41.4803743], [-7.9750094, 41.4804082], [-7.9750464, 41.4804541], [-7.9750995, 41.48049], [-7.9751643, 41.4805127]]}, "properties": {"highway": "primary", "junction": "roundabout", "lanes": "2", "old_ref": "EN 206", "ref": "EN 206", "source": "Bing", "surface": "asphalt"}}, {"type": "Feature", "geometry": {"type": "LineString", "coordinates": [[-7.974698, 41.480805], [-7.9742836, 41.4809542]]}, "properties": {"bridge": "viaduct", "highway": "primary", "lanes": "1", "layer": "1", "old_ref": "EN 206", "oneway": "yes", "ref": "EN 206", "source": "Bing", "surface": "asphalt"}}, {"type": "Feature", "geometry": {"type": "LineString", "coordinates": [[-7.9633661, 41.4876447], [-7.96316, 41.4875845], [-7.9630487, 41.487523], [-7.9630189, 41.4874987]]}, "properties": {"highway": "primary", "lanes": "1", "oneway": "yes", "ref": "EN 206", "surface": "asphalt"}}, {"type": "Feature", "geometry": {"type": "LineString", "coordinates": [[-7.9742836, 41.4809542], [-7.9741733, 41.4809926], [-7.9740959, 41.4810049], [-7.973992, 41.4809888], [-7.9739185, 41.4809482], [-7.9738559, 41.4808907]]}, "properties": {"highway": "primary", "lanes": "1", "old_ref": "EN 206", "oneway": "yes", "ref": "EN 206", "source": "Bing", "surface": "asphalt"}}, {"type": "Feature", "geometry": {"type": "LineString", "coordinates": [[-8.7451794, 41.3717454], [-8.7453003, 41.3717253], [-8.7454851, 41.3716945]]}, "properties": {"highway": "primary", "name": "Avenida Portas Fronhas", "oneway": "yes", "ref": "EN 206", "surface": "asphalt"}}, {"type": "Feature", "geometry": {"type": "LineString", "coordinates": [[-8.7457063, 41.3713349], [-8.7455957, 41.3713947], [-8.745475, 41.37146]]}, "properties": {"highway": "primary", "name": "Avenida Portas Fronhas", "oneway": "yes", "ref": "EN 206", "surface": "asphalt"}}, {"type": "Feature", "geometry": {"type": "LineString", "coordinates": [[-8.7453513, 41.3715585], [-8.7452582, 41.3716598], [-8.7451794, 41.3717454]]}, "properties": {"highway": "primary", "name": "Avenida Portas Fronhas", "oneway": "yes", "ref": "EN 206", "surface": "asphalt"}}, {"type": "Feature", "geometry": {"type": "LineString", "coordinates": [[-8.745637, 41.3715052], [-8.7456691, 41.3714262], [-8.7457063, 41.3713349]]}, "properties": {"highway": "primary", "name": "Avenida Portas Fronhas", "oneway": "yes", "ref": "EN 206", "surface": "asphalt"}}, {"type": "Feature", "geometry": {"type": "LineString", "coordinates": [[-8.7368199, 41.3782417], [-8.7374173, 41.3778733], [-8.7377546, 41.3776079]]}, "properties": {"highway": "primary", "name": "Rua S\u00e3o Miguel \"O Anjo\"", "oneway": "yes", "ref": "EN 206", "surface": "asphalt"}}, {"type": "Feature", "geometry": {"type": "LineString", "coordinates": [[-8.7389089, 41.3766196], [-8.7384369, 41.3769724], [-8.7383593, 41.3770315], [-8.7380897, 41.3772393]]}, "properties": {"highway": "primary", "name": "Rua S\u00e3o Miguel \"O Anjo\"", "oneway": "yes", "ref": "EN 206", "surface": "asphalt"}}, {"type": "Feature", "geometry": {"type": "LineString", "coordinates": [[-8.649691, 41.4149368], [-8.6496246, 41.4149458], [-8.6490414, 41.4150526], [-8.6486982, 41.4151154], [-8.6483359, 41.4151734], [-8.6481049, 41.4151986], [-8.6478546, 41.4152122], [-8.6476064, 41.4152157], [-8.647425, 41.4152098], [-8.647245, 41.4152039], [-8.6469056, 41.4151928], [-8.6468228, 41.4151901], [-8.6466042, 41.4151829], [-8.64567, 41.4151524], [-8.6456071, 41.4151503], [-8.6455453, 41.4151489]]}, "properties": {"highway": "primary", "name": "Rua da F\u00e1brica", "oneway": "no", "ref": "EN 206", "sidewalk:both": "yes", "surface": "asphalt"}}, {"type": "Feature", "geometry": {"type": "LineString", "coordinates": [[-8.6500269, 41.4149592], [-8.6500234, 41.4149783], [-8.6500221, 41.4149989], [-8.6500352, 41.4150264], [-8.6500475, 41.4150434], [-8.6500606, 41.4150577], [-8.6500858, 41.4150713], [-8.6501193, 41.4150838], [-8.6501685, 41.4150948]]}, "properties": {"highway": "primary", "junction": "roundabout", "ref": "EN 206"}}, {"type": "Feature", "geometry": {"type": "LineString", "coordinates": [[-8.6504467, 41.4148075], [-8.6502717, 41.4148431], [-8.6501898, 41.4148537]]}, "properties": {"highway": "primary", "name": "Rua da F\u00e1brica", "oneway": "yes", "ref": "EN 206", "sidewalk:right": "yes"}}, {"type": "Feature", "geometry": {"type": "LineString", "coordinates": [[-8.65035, 41.4149609], [-8.6503763, 41.4148832], [-8.6504467, 41.4148075]]}, "properties": {"highway": "primary", "name": "Rua da F\u00e1brica", "oneway": "yes", "ref": "EN 206"}}, {"type": "Feature", "geometry": {"type": "LineString", "coordinates": [[-8.649691, 41.4149368], [-8.6497542, 41.4149387], [-8.6499047, 41.4149257], [-8.6499442, 41.41493], [-8.64998, 41.4149398], [-8.6499981, 41.4149463], [-8.6500269, 41.4149592]]}, "properties": {"highway": "primary", "name": "Rua da F\u00e1brica", "oneway": "yes", "ref": "EN 206"}}, {"type": "Feature", "geometry": {"type": "LineString", "coordinates": [[-8.1894432, 41.4552278], [-8.1889854, 41.4553046], [-8.1885865, 41.4554149], [-8.1882236, 41.4555639], [-8.188018, 41.4556775], [-8.1878788, 41.4557711], [-8.187618, 41.4559779], [-8.1873687, 41.4562276], [-8.1872555, 41.4563712], [-8.1870532, 41.4566016]]}, "properties": {"highway": "trunk", "lanes": "1", "maxspeed": "100", "oneway": "yes", "ref": "EN 206", "surface": "asphalt"}}, {"type": "Feature", "geometry": {"type": "LineString", "coordinates": [[-8.1923343, 41.4554513], [-8.1928146, 41.4554734], [-8.1931713, 41.4554775], [-8.1935357, 41.4554472], [-8.1937534, 41.4554153], [-8.1939778, 41.4553624], [-8.1942976, 41.4552673], [-8.1946094, 41.4551439], [-8.1949282, 41.4549592], [-8.1971705, 41.4533934], [-8.1979302, 41.452866], [-8.1983014, 41.4526664], [-8.1985682, 41.4525589], [-8.1988223, 41.4524784], [-8.1990643, 41.4524216], [-8.1993497, 41.4523748], [-8.1998575, 41.4523485]]}, "properties": {"highway": "trunk", "lanes": "2", "maxheight": "6", "maxspeed": "100", "oneway": "yes", "ref": "EN 206", "surface": "asphalt"}}, {"type": "Feature", "geometry": {"type": "LineString", "coordinates": [[-8.1923633, 41.4553389], [-8.1900048, 41.4551938]]}, "properties": {"bridge": "viaduct", "highway": "trunk", "lanes": "2", "layer": "1", "maxspeed": "100", "oneway": "yes", "ref": "EN 206", "source": "bing", "surface": "asphalt", "turn:lanes": "slight_left|slight_right"}}, {"type": "Feature", "geometry": {"type": "LineString", "coordinates": [[-8.1894574, 41.4553178], [-8.1897269, 41.455303], [-8.1900179, 41.4552995], [-8.1907695, 41.4553477], [-8.1923343, 41.4554513]]}, "properties": {"bridge": "viaduct", "highway": "trunk", "lanes": "2", "layer": "1", "maxspeed": "100", "oneway": "yes", "ref": "EN 206", "source": "bing", "surface": "asphalt"}}, {"type": "Feature", "geometry": {"type": "LineString", "coordinates": [[-8.1998558, 41.4522357], [-8.199339, 41.4522666], [-8.1990463, 41.4523105], [-8.1987715, 41.4523682], [-8.1985117, 41.4524529], [-8.1982189, 41.4525752], [-8.1978434, 41.4527753], [-8.1970349, 41.4533317], [-8.1948716, 41.454862], [-8.19453, 41.4550481]]}, "properties": {"highway": "trunk", "lanes": "2", "maxspeed": "100", "oneway": "yes", "ref": "EN 206"}}, {"type": "Feature", "geometry": {"type": "LineString", "coordinates": [[-8.203945, 41.4534626], [-8.2047702, 41.4536473], [-8.205252, 41.4537197], [-8.2058216, 41.4537731], [-8.206197, 41.4537986], [-8.2066816, 41.4538055], [-8.2071546, 41.4537844], [-8.2076291, 41.45374], [-8.2083443, 41.4536258], [-8.2088742, 41.4535099], [-8.2093284, 41.4533817], [-8.2097254, 41.4532438], [-8.2102394, 41.4530226], [-8.210555, 41.4528735], [-8.2109317, 41.4526742], [-8.2114828, 41.4523585]]}, "properties": {"highway": "trunk", "lanes": "2", "maxspeed": "70", "oneway": "yes", "ref": "EN 206"}}, {"type": "Feature", "geometry": {"type": "LineString", "coordinates": [[-8.0784679, 41.4423182], [-8.077945, 41.4424237], [-8.077851, 41.4424469], [-8.0774708, 41.4425424], [-8.0774003, 41.4425583], [-8.0770347, 41.4426429]]}, "properties": {"highway": "primary", "oneway": "yes", "ref": "EN 206", "surface": "asphalt"}}, {"type": "Feature", "geometry": {"type": "LineString", "coordinates": [[-8.0748824, 41.4431943], [-8.0754716, 41.4430696], [-8.0758634, 41.4429939], [-8.076131, 41.4429288], [-8.0776024, 41.4425729], [-8.0777677, 41.4425325], [-8.0779705, 41.4424751], [-8.0784679, 41.4423182]]}, "properties": {"foot": "yes", "highway": "primary", "oneway": "yes", "ref": "EN 206", "surface": "asphalt"}}, {"type": "Feature", "geometry": {"type": "LineString", "coordinates": [[-8.0784679, 41.4423182], [-8.0788155, 41.4422369], [-8.0790288, 41.4421987], [-8.0792335, 41.4421947], [-8.0793972, 41.4422098], [-8.079534, 41.442239]]}, "properties": {"foot": "yes", "highway": "primary", "oneway": "no", "ref": "EN 206", "surface": "asphalt"}}, {"type": "Feature", "geometry": {"type": "LineString", "coordinates": [[-8.079534, 41.442239], [-8.0796993, 41.4422919], [-8.0806989, 41.4427342], [-8.0809663, 41.4428208], [-8.081192, 41.4428682], [-8.0815083, 41.4428826], [-8.0827505, 41.4429354], [-8.0835863, 41.4429767]]}, "properties": {"foot": "yes", "highway": "primary", "oneway": "no", "ref": "EN 206", "surface": "asphalt"}}, {"type": "Feature", "geometry": {"type": "LineString", "coordinates": [[-8.0607192, 41.4513647], [-8.0608418, 41.4513087], [-8.0610399, 41.4512137], [-8.0610426, 41.4512124], [-8.0612143, 41.4510574], [-8.0614303, 41.4508794], [-8.0615761, 41.4507469], [-8.0617279, 41.4506594], [-8.0618645, 41.4506165], [-8.0622738, 41.4505295], [-8.0625394, 41.4504521], [-8.0627486, 41.4503275], [-8.0630396, 41.4501345], [-8.0632166, 41.4500189], [-8.0632763, 41.4499887], [-8.0634453, 41.4499445], [-8.063684, 41.4499168], [-8.0641802, 41.4498379], [-8.0647703, 41.4496992], [-8.0656202, 41.4493962], [-8.0659772, 41.4492508], [-8.0662129, 41.4490943], [-8.0665496, 41.4489025], [-8.0666056, 41.4488668], [-8.0666843, 41.4488167], [-8.0668527, 41.4487611], [-8.0670008, 41.4487561], [-8.0672433, 41.448746], [-8.0675261, 41.4487561], [-8.0688949, 41.4488815], [-8.0693445, 41.4489227], [-8.0695834, 41.4489183], [-8.069897, 41.4488438], [-8.0700819, 41.4487652], [-8.0702611, 41.4486288], [-8.0704, 41.4484623], [-8.0704896, 41.4482692], [-8.0705281, 41.4480932]]}, "properties": {"highway": "primary", "ref": "EN 206", "surface": "asphalt"}}, {"type": "Feature", "geometry": {"type": "LineString", "coordinates": [[-8.0600301, 41.4523274], [-8.0600325, 41.4523198], [-8.0600638, 41.4522203], [-8.060107, 41.451973], [-8.0601409, 41.4518204], [-8.060181, 41.451714], [-8.0602335, 41.4516493], [-8.0603291, 41.4515568], [-8.0604248, 41.4515049], [-8.0605811, 41.4514305], [-8.0607192, 41.4513647]]}, "properties": {"highway": "primary", "ref": "EN 206", "surface": "asphalt"}}, {"type": "Feature", "geometry": {"type": "LineString", "coordinates": [[-8.0575105, 41.4541557], [-8.0577245, 41.4540786], [-8.0580182, 41.453994], [-8.0583345, 41.4539375], [-8.0584851, 41.4538642], [-8.0586357, 41.4537344], [-8.0587261, 41.4536215], [-8.0589332, 41.4531457], [-8.0589595, 41.4530853], [-8.0590725, 41.4529837], [-8.0592156, 41.4528708], [-8.0597502, 41.4526168], [-8.059916, 41.4524846], [-8.0599808, 41.4524083], [-8.0600301, 41.4523274]]}, "properties": {"highway": "primary", "ref": "EN 206", "surface": "asphalt"}}, {"type": "Feature", "geometry": {"type": "LineString", "coordinates": [[-8.0533653, 41.4549788], [-8.0535155, 41.4548753], [-8.0539205, 41.4545416], [-8.0541096, 41.454433], [-8.0542518, 41.4543968], [-8.0543751, 41.4543878], [-8.054572, 41.4544065], [-8.054676, 41.4544588], [-8.054811, 41.4545205], [-8.0554561, 41.4548491], [-8.0560837, 41.4551879], [-8.0562701, 41.4552421], [-8.0564042, 41.4552432], [-8.0565266, 41.4552361], [-8.0565866, 41.45522], [-8.0567167, 41.4551587], [-8.0568602, 41.4550431], [-8.0569635, 41.4549105], [-8.0570547, 41.4547496], [-8.0571845, 41.4545025], [-8.0573223, 41.4543024], [-8.0575105, 41.4541557]]}, "properties": {"highway": "primary", "ref": "EN 206", "surface": "asphalt"}}, {"type": "Feature", "geometry": {"type": "LineString", "coordinates": [[-8.0489651, 41.4569006], [-8.0494245, 41.4569785], [-8.0498, 41.4570187], [-8.0504693, 41.4570838], [-8.0506261, 41.4570528], [-8.0508219, 41.4569564], [-8.0509989, 41.4568337], [-8.0512913, 41.4566186], [-8.0521362, 41.4561503], [-8.0522435, 41.4560638], [-8.0523105, 41.4559533], [-8.0524741, 41.4554969], [-8.0525465, 41.4554005], [-8.0527457, 41.4552622], [-8.0531239, 41.4550874], [-8.0533653, 41.4549788]]}, "properties": {"highway": "primary", "ref": "EN 206", "surface": "asphalt"}}, {"type": "Feature", "geometry": {"type": "LineString", "coordinates": [[-8.0327064, 41.4585165], [-8.0328324, 41.4584587], [-8.0329263, 41.4584024], [-8.0333915, 41.4580908], [-8.033619, 41.4579355], [-8.0340803, 41.457632], [-8.0341917, 41.4575586], [-8.0343157, 41.4575003], [-8.0344773, 41.4574631], [-8.0346604, 41.4574626], [-8.0353779, 41.4575667], [-8.0355361, 41.4575883], [-8.0356944, 41.4575993], [-8.0358573, 41.4575953], [-8.0359988, 41.4575827], [-8.0361758, 41.4575501], [-8.0367478, 41.457429], [-8.0368695, 41.4574102], [-8.0369986, 41.4573903], [-8.0371213, 41.4573852], [-8.0372594, 41.4573908], [-8.0373929, 41.4574194], [-8.0375357, 41.4574636], [-8.0376497, 41.4575154], [-8.0377664, 41.4575863], [-8.0378629, 41.4576677], [-8.0379514, 41.4577667], [-8.0380104, 41.4578682], [-8.0380446, 41.4579521], [-8.0380742, 41.4580672], [-8.0380701, 41.4581752], [-8.0380543, 41.4582542], [-8.0378228, 41.4589081], [-8.0378019, 41.459024], [-8.0378032, 41.4591228], [-8.0378334, 41.4592059], [-8.037893, 41.4593047], [-8.0380485, 41.4594092], [-8.0381757, 41.4594584], [-8.0383718, 41.4595098], [-8.038687, 41.4594725], [-8.0389176, 41.459367], [-8.0408782, 41.4584685], [-8.0410649, 41.4583414], [-8.0412695, 41.4581597], [-8.0413372, 41.4580889], [-8.0421465, 41.4572363], [-8.0423419, 41.4571294], [-8.0424001, 41.4570976], [-8.0425054, 41.4570646], [-8.0427268, 41.4570246], [-8.0429253, 41.4570303], [-8.0432383, 41.4571047], [-8.0434382, 41.4571489], [-8.0435478, 41.4571732], [-8.044918, 41.4574766], [-8.0451658, 41.4574654], [-8.0452972, 41.4574463], [-8.0455869, 41.4573046], [-8.0457492, 41.4572011], [-8.0460938, 41.4569731], [-8.0463671, 41.4568414], [-8.04683, 41.4567054], [-8.047371, 41.4565437], [-8.0475555, 41.4565297], [-8.0477807, 41.4565437], [-8.0480559, 41.4566093], [-8.0485159, 41.4567558], [-8.0489087, 41.4568824], [-8.0489651, 41.4569006]]}, "properties": {"highway": "primary", "ref": "EN 206", "surface": "asphalt"}}, {"type": "Feature", "geometry": {"type": "LineString", "coordinates": [[-7.973405, 41.4811853], [-7.9734881, 41.4811388], [-7.9736168, 41.4810775]]}, "properties": {"highway": "primary", "oneway": "yes", "ref": "EN 206", "surface": "asphalt"}}, {"type": "Feature", "geometry": {"type": "LineString", "coordinates": [[-7.975635, 41.4802362], [-7.97557, 41.4802204], [-7.9754054, 41.480209]]}, "properties": {"highway": "primary", "old_ref": "EN 206", "oneway": "yes", "ref": "EN 206", "surface": "asphalt"}}, {"type": "Feature", "geometry": {"type": "LineString", "coordinates": [[-7.964831, 41.4874887], [-7.9648547, 41.4874496], [-7.9648635, 41.4874071], [-7.9648567, 41.4873644], [-7.9648347, 41.4873247], [-7.9648127, 41.4873037], [-7.9647992, 41.4872908], [-7.9647529, 41.4872654], [-7.9646991, 41.4872504], [-7.9646419, 41.4872467], [-7.9645855, 41.4872547], [-7.9645513, 41.4872675], [-7.9645341, 41.4872739], [-7.9644915, 41.4873027], [-7.9644608, 41.487339], [-7.9644444, 41.4873802], [-7.9644434, 41.4874232], [-7.9644579, 41.4874649], [-7.9644869, 41.487502], [-7.9645282, 41.4875319], [-7.9645787, 41.4875523], [-7.9646348, 41.4875618], [-7.9646921, 41.4875596], [-7.9647465, 41.4875458], [-7.964794, 41.4875216], [-7.964831, 41.4874887]]}, "properties": {"highway": "primary", "junction": "roundabout", "ref": "EN 206", "source": "Bing", "surface": "asphalt"}}, {"type": "Feature", "geometry": {"type": "LineString", "coordinates": [[-7.9644444, 41.4873802], [-7.9643748, 41.4873847], [-7.9643268, 41.4874145], [-7.9642487, 41.487463]]}, "properties": {"highway": "primary", "oneway": "yes", "ref": "EN 206", "source": "Bing", "surface": "asphalt"}}, {"type": "Feature", "geometry": {"type": "LineString", "coordinates": [[-7.964895, 41.4870807], [-7.9650035, 41.4870398], [-7.9654219, 41.4869407], [-7.9662119, 41.4867837], [-7.9662577, 41.4867573], [-7.9664947, 41.4866208], [-7.9667875, 41.4862954], [-7.966978, 41.4860838], [-7.9687642, 41.4840988], [-7.9688852, 41.4840199], [-7.9690475, 41.4839592], [-7.9693826, 41.4839652], [-7.9700387, 41.4841697], [-7.9702971, 41.484196], [-7.9704731, 41.484156], [-7.9705198, 41.4841454], [-7.9711454, 41.4837991], [-7.971305, 41.4836615], [-7.9713581, 41.4835086], [-7.9713144, 41.4829705], [-7.9712301, 41.4827994], [-7.9710937, 41.482648], [-7.9709331, 41.4825432], [-7.9703336, 41.482349], [-7.9701346, 41.482216], [-7.9700256, 41.482016], [-7.9701447, 41.4813553], [-7.9702733, 41.4811838], [-7.9704708, 41.4810925], [-7.970714, 41.4810798], [-7.9709346, 41.4811429], [-7.9711705, 41.4812807], [-7.9713708, 41.4814128], [-7.971762, 41.4816708], [-7.9719874, 41.481724], [-7.9722307, 41.4817028], [-7.9732782, 41.4812892], [-7.9733675, 41.4812187], [-7.973405, 41.4811853]]}, "properties": {"highway": "primary", "ref": "EN 206", "source": "Bing", "surface": "asphalt"}}, {"type": "Feature", "geometry": {"type": "LineString", "coordinates": [[-8.0835863, 41.4429767], [-8.0838362, 41.4429967], [-8.0841668, 41.4429752], [-8.0844371, 41.4429097], [-8.0846326, 41.4428368], [-8.0846635, 41.4428253], [-8.0861122, 41.4421881], [-8.0873203, 41.441662], [-8.0874008, 41.4416304], [-8.0877239, 41.4415], [-8.0878364, 41.4414613], [-8.088154, 41.4413871], [-8.0889475, 41.4412871], [-8.0891947, 41.4412559], [-8.0892366, 41.4412509], [-8.0895166, 41.4412177], [-8.0897327, 41.4412309], [-8.0898771, 41.4412576], [-8.0899277, 41.4412791], [-8.0900217, 41.4413191], [-8.0901466, 41.4413837], [-8.091076, 41.4419665], [-8.0915876, 41.4422874]]}, "properties": {"foot": "yes", "highway": "primary", "oneway": "no", "ref": "EN 206", "surface": "asphalt"}}, {"type": "Feature", "geometry": {"type": "LineString", "coordinates": [[-8.0915876, 41.4422874], [-8.0917049, 41.4423595]]}, "properties": {"bridge": "yes", "foot": "yes", "highway": "primary", "layer": "1", "oneway": "no", "ref": "EN 206", "surface": "asphalt"}}, {"type": "Feature", "geometry": {"type": "LineString", "coordinates": [[-8.2157612, 41.4509502], [-8.2153869, 41.4508678], [-8.2150686, 41.4508356], [-8.2147377, 41.4508385], [-8.2143069, 41.4508616], [-8.2139362, 41.4509321], [-8.2135633, 41.4510453], [-8.2133, 41.4511546], [-8.2129087, 41.4513262]]}, "properties": {"highway": "trunk", "lanes": "2", "maxspeed": "70", "oneway": "yes", "ref": "EN 206"}}, {"type": "Feature", "geometry": {"type": "LineString", "coordinates": [[-8.218948, 41.45614], [-8.2191962, 41.4562822], [-8.2194649, 41.4564109], [-8.2197608, 41.4565311], [-8.2201825, 41.4566486], [-8.2206407, 41.4567263], [-8.2212585, 41.456784], [-8.2241056, 41.4568104], [-8.2245537, 41.4567924], [-8.2250284, 41.4567428], [-8.2254572, 41.4566772], [-8.2259159, 41.4565868], [-8.227563, 41.4561785]]}, "properties": {"highway": "trunk", "lanes": "2", "maxspeed": "90", "oneway": "yes", "ref": "EN 206", "surface": "asphalt"}}, {"type": "Feature", "geometry": {"type": "LineString", "coordinates": [[-8.7503222, 41.3677593], [-8.7501362, 41.3678938]]}, "properties": {"highway": "primary", "lanes": "2", "name": "Avenida Portas Fronhas", "oneway": "no", "ref": "EN 206", "source": "bing", "surface": "asphalt"}}, {"type": "Feature", "geometry": {"type": "LineString", "coordinates": [[-8.7474254, 41.3699979], [-8.7469164, 41.3703864], [-8.7457591, 41.3712872], [-8.7457063, 41.3713349]]}, "properties": {"highway": "primary", "lanes": "2", "name": "Avenida Portas Fronhas", "oneway": "no", "ref": "EN 206", "surface": "asphalt"}}, {"type": "Feature", "geometry": {"type": "LineString", "coordinates": [[-8.0917049, 41.4423595], [-8.0928319, 41.4430703], [-8.0938753, 41.443728], [-8.0940889, 41.4438938], [-8.0941736, 41.4439762], [-8.094347, 41.4441449], [-8.0944614, 41.4442971], [-8.0945667, 41.4444372], [-8.0949473, 41.4448898], [-8.0950493, 41.4449641], [-8.095261, 41.4450903], [-8.0954944, 41.4451633], [-8.0957529, 41.4452027], [-8.0962247, 41.4452523], [-8.0968824, 41.4453141], [-8.0972367, 41.4453064], [-8.0975149, 41.445272], [-8.0978456, 41.4451828], [-8.0980547, 41.4451319], [-8.098246, 41.4450853], [-8.0985057, 41.4450899], [-8.098676, 41.445115], [-8.0989981, 41.4452028], [-8.0992798, 41.4452286], [-8.0994445, 41.4451991], [-8.0996196, 41.4451653], [-8.099777, 41.4450987], [-8.0998819, 41.4450199], [-8.1000434, 41.4448215], [-8.1003095, 41.4443733], [-8.100494, 41.4442062], [-8.1007029, 41.4441129], [-8.1009365, 41.4440708], [-8.1011342, 41.4440708], [-8.1013758, 41.4441325], [-8.101579, 41.4442313], [-8.1018202, 41.4444521], [-8.1021007, 41.4447294], [-8.1023917, 41.4449805], [-8.1026114, 41.4450916], [-8.1028859, 41.4451539], [-8.1031837, 41.4451713], [-8.1035093, 41.4451395], [-8.1048365, 41.4449672], [-8.1050768, 41.4449089], [-8.1052455, 41.4447893], [-8.1053678, 41.444618], [-8.1057128, 41.4440989], [-8.1057523, 41.4440487], [-8.1058568, 41.4439545], [-8.1071427, 41.4431921], [-8.1074267, 41.4431058], [-8.1076885, 41.4430751], [-8.1079368, 41.4430684], [-8.1081131, 41.4430636], [-8.1084922, 41.4430329], [-8.1086858, 41.4429843], [-8.1088954, 41.4428795], [-8.1092124, 41.4427104], [-8.1094648, 41.4426259], [-8.1097227, 41.4426299], [-8.1099914, 41.4426983], [-8.1102601, 41.4428111], [-8.1108081, 41.4430447], [-8.1110069, 41.443093], [-8.1111573, 41.4431011], [-8.1113185, 41.443093], [-8.1120227, 41.4430206], [-8.1124364, 41.4429562], [-8.1148114, 41.4424808], [-8.1154773, 41.442356], [-8.1157943, 41.4423319], [-8.1160897, 41.44236], [-8.1163908, 41.4424326], [-8.1169935, 41.4426133], [-8.1172235, 41.4426822], [-8.1174293, 41.4427127], [-8.1175242, 41.4427265], [-8.1176372, 41.4427185], [-8.1178092, 41.4426621], [-8.1179757, 41.4425775], [-8.1204189, 41.4409936], [-8.120774, 41.4407601], [-8.1209653, 41.4406885], [-8.1211282, 41.4406532], [-8.1214565, 41.4406726], [-8.1220252, 41.4407756], [-8.1226662, 41.4408919], [-8.1228949, 41.4409808], [-8.1231819, 41.4411316], [-8.1235634, 41.441341], [-8.1238374, 41.4414417], [-8.1241075, 41.4414845], [-8.1243036, 41.4414847], [-8.1245619, 41.4414547], [-8.1248263, 41.4413648], [-8.1250188, 41.441262], [-8.1251621, 41.4411606], [-8.1253142, 41.4409545], [-8.1255265, 41.4403496], [-8.1257819, 41.4397621], [-8.1260353, 41.4393716], [-8.1260924, 41.4392918], [-8.1262323, 41.4391798], [-8.1263891, 41.4390892], [-8.1276655, 41.4385838], [-8.127965, 41.4384719], [-8.1282205, 41.4384225], [-8.1284376, 41.4384158], [-8.1289037, 41.438441], [-8.1291297, 41.4384329], [-8.1293016, 41.4384007], [-8.1294951, 41.4383363], [-8.129624, 41.4382597], [-8.1297367, 41.4381638], [-8.1300552, 41.4378612], [-8.1302558, 41.4377129], [-8.1304874, 41.4376201], [-8.1306938, 41.4375805], [-8.1309631, 41.4375968], [-8.1313939, 41.4376688], [-8.1317047, 41.4376986], [-8.1321135, 41.4377023], [-8.1322767, 41.437701], [-8.1333265, 41.4376692], [-8.1335982, 41.4375966], [-8.1338009, 41.4375234], [-8.1339214, 41.4374338], [-8.1340057, 41.437316], [-8.1340723, 41.4371973], [-8.1341798, 41.4368023], [-8.1342444, 41.4365392], [-8.1343217, 41.436403], [-8.134465, 41.436282], [-8.1346212, 41.4362158], [-8.1347939, 41.4361856], [-8.1350077, 41.4361853], [-8.1351957, 41.4362256], [-8.1353838, 41.4363303], [-8.1355073, 41.4364915], [-8.1355854, 41.4366584], [-8.1356903, 41.4369516], [-8.1358268, 41.4373872], [-8.1358307, 41.4375781], [-8.1357983, 41.4377323], [-8.1356952, 41.4379392], [-8.1354034, 41.4382837], [-8.135283, 41.438463], [-8.1352296, 41.4385852], [-8.1352185, 41.4387203], [-8.1352871, 41.439315], [-8.1354191, 41.4398932], [-8.1356309, 41.4405556], [-8.1357652, 41.4409463], [-8.1358405, 41.4410832], [-8.1359644, 41.4412343], [-8.1361467, 41.4414618], [-8.1362234, 41.4415817], [-8.1362649, 41.4416995], [-8.1362816, 41.4417827], [-8.1362972, 41.4418606], [-8.1363025, 41.4420136], [-8.1362864, 41.4422271], [-8.1360897, 41.4434728], [-8.1360835, 41.4435119], [-8.1360602, 41.443627], [-8.1359307, 41.4439711], [-8.1358378, 41.4441325], [-8.1356066, 41.4444619], [-8.1355351, 41.4445845], [-8.1354964, 41.444721], [-8.1355141, 41.4448809], [-8.1355551, 41.4450493], [-8.1355923, 41.4451086], [-8.1357484, 41.4452938], [-8.1359512, 41.445424], [-8.136158, 41.4454959], [-8.1363205, 41.4455309], [-8.1365028, 41.4455367], [-8.1366772, 41.445521], [-8.1368836, 41.4454658], [-8.1373338, 41.4452309], [-8.1381246, 41.4448182], [-8.1382854, 41.4447468], [-8.1384382, 41.4447059], [-8.1386605, 41.4446798], [-8.1389588, 41.4447069], [-8.1396848, 41.4448111]]}, "properties": {"foot": "yes", "highway": "primary", "oneway": "no", "ref": "EN 206", "surface": "asphalt"}}, {"type": "Feature", "geometry": {"type": "LineString", "coordinates": [[-8.1900048, 41.4551938], [-8.1897289, 41.4552152], [-8.1894432, 41.4552278]]}, "properties": {"bridge": "viaduct", "highway": "trunk", "lanes": "1", "layer": "1", "maxspeed": "100", "oneway": "yes", "ref": "EN 206", "source": "bing", "surface": "asphalt"}}, {"type": "Feature", "geometry": {"type": "LineString", "coordinates": [[-7.6396012, 41.5020537], [-7.6400852, 41.5019567], [-7.6402633, 41.5019251], [-7.6403219, 41.501891], [-7.640353, 41.5018413], [-7.6403418, 41.5017926], [-7.6403111, 41.5017555], [-7.6402628, 41.501733], [-7.6401856, 41.5017186], [-7.6397114, 41.5018156], [-7.6396575, 41.5018303]]}, "properties": {"highway": "primary", "lanes": "1", "maxspeed": "50", "oneway": "yes", "ref": "EN 206;IC 5", "surface": "asphalt"}}, {"type": "Feature", "geometry": {"type": "LineString", "coordinates": [[-8.1717465, 41.4635931], [-8.171108, 41.463688], [-8.1700728, 41.4638628], [-8.1696537, 41.4639136], [-8.1690712, 41.4639608], [-8.1684491, 41.4639798], [-8.1676314, 41.4639617], [-8.1649562, 41.4638751], [-8.1616622, 41.4637325], [-8.1611013, 41.4636935], [-8.1606989, 41.4636247], [-8.1603216, 41.4635202], [-8.159892, 41.4633704], [-8.1593166, 41.46306], [-8.1575785, 41.4619185], [-8.1566094, 41.4613759], [-8.1553062, 41.4607679], [-8.1481045, 41.45822], [-8.14655, 41.4577464], [-8.1454801, 41.4575689], [-8.1440988, 41.4574661]]}, "properties": {"highway": "trunk", "lanes": "1", "oneway": "yes", "ref": "EN 206", "surface": "asphalt"}}, {"type": "Feature", "geometry": {"type": "LineString", "coordinates": [[-8.1734083, 41.4635926], [-8.1728609, 41.4635502], [-8.1724613, 41.4635509], [-8.1717465, 41.4635931]]}, "properties": {"highway": "trunk", "lanes": "2", "oneway": "yes", "ref": "EN 206", "turn:lanes": "none|merge_to_left"}}, {"type": "Feature", "geometry": {"type": "LineString", "coordinates": [[-8.1870532, 41.4566016], [-8.1861706, 41.4578086], [-8.1855922, 41.4586824]]}, "properties": {"highway": "trunk", "lanes": "2", "maxspeed": "100", "oneway": "yes", "ref": "EN 206", "surface": "asphalt", "turn:lanes": "none|merge_to_left"}}, {"type": "Feature", "geometry": {"type": "LineString", "coordinates": [[-8.1855922, 41.4586824], [-8.1854006, 41.4589529], [-8.1851639, 41.4593074], [-8.1849536, 41.4595623], [-8.1847834, 41.4597295], [-8.1844617, 41.4600015], [-8.1842296, 41.4601742], [-8.1839571, 41.4603486], [-8.1817096, 41.4617276]]}, "properties": {"highway": "trunk", "lanes": "1", "maxspeed": "100", "oneway": "yes", "ref": "EN 206"}}, {"type": "Feature", "geometry": {"type": "LineString", "coordinates": [[-8.1817096, 41.4617276], [-8.1805686, 41.4624474], [-8.1800646, 41.4627469], [-8.1795386, 41.463008], [-8.1791398, 41.463185], [-8.1787102, 41.4633438], [-8.1783446, 41.463452], [-8.177975, 41.4635525]]}, "properties": {"highway": "trunk", "lanes": "2", "maxspeed": "100", "oneway": "yes", "ref": "EN 206"}}, {"type": "Feature", "geometry": {"type": "LineString", "coordinates": [[-8.1873333, 41.4564096], [-8.1874645, 41.4562617], [-8.1876679, 41.4560626], [-8.1879183, 41.4558591], [-8.1880876, 41.455748], [-8.1882814, 41.4556389], [-8.1886329, 41.4554901], [-8.1890005, 41.4553869], [-8.1894574, 41.4553178]]}, "properties": {"highway": "trunk", "lanes": "2", "maxspeed": "100", "oneway": "yes", "ref": "EN 206", "surface": "asphalt"}}, {"type": "Feature", "geometry": {"type": "LineString", "coordinates": [[-8.2354834, 41.4546598], [-8.2361203, 41.4542994], [-8.2367838, 41.4538488], [-8.24346, 41.4491243], [-8.2443266, 41.4485275], [-8.2449017, 41.448006], [-8.2451441, 41.4477473], [-8.2453842, 41.4474107]]}, "properties": {"highway": "trunk", "lanes": "2", "maxspeed": "90", "oneway": "yes", "ref": "EN 206", "surface": "asphalt"}}, {"type": "Feature", "geometry": {"type": "LineString", "coordinates": [[-8.2477111, 41.4446543], [-8.2480841, 41.4444767], [-8.248492, 41.4443106], [-8.2489246, 41.444171], [-8.2494255, 41.4440481]]}, "properties": {"highway": "trunk", "lanes": "3", "maxspeed": "90", "oneway": "yes", "ref": "EN 206", "surface": "asphalt", "turn:lanes": "none|none|merge_to_left"}}, {"type": "Feature", "geometry": {"type": "LineString", "coordinates": [[-8.2716783, 41.4556542], [-8.272498, 41.4555472]]}, "properties": {"bicycle": "no", "bridge": "yes", "carriage": "no", "foot": "no", "highway": "trunk", "horse": "no", "lanes": "3", "layer": "1", "maxspeed": "90", "mofa": "no", "moped": "no", "motor_vehicle": "yes", "oneway": "yes", "parking:lane:both": "no_stopping", "ref": "EN 206", "surface": "asphalt", "turn:lanes": "through|through|slight_right"}}, {"type": "Feature", "geometry": {"type": "LineString", "coordinates": [[-8.2744941, 41.4555891], [-8.2745614, 41.4555981], [-8.2748175, 41.4556416]]}, "properties": {"bicycle": "no", "carriage": "no", "foot": "no", "highway": "trunk", "horse": "no", "lanes": "1", "maxspeed": "90", "mofa": "no", "moped": "no", "motor_vehicle": "yes", "oneway": "yes", "parking:lane:both": "no_stopping", "ref": "EN 206", "surface": "asphalt"}}, {"type": "Feature", "geometry": {"type": "LineString", "coordinates": [[-8.272498, 41.4555472], [-8.2727907, 41.4555195], [-8.2729932, 41.4555104]]}, "properties": {"bicycle": "no", "bridge": "yes", "carriage": "no", "foot": "no", "highway": "trunk", "horse": "no", "lanes": "2", "layer": "1", "maxspeed": "90", "mofa": "no", "moped": "no", "motor_vehicle": "yes", "oneway": "yes", "parking:lane:both": "no_stopping", "ref": "EN 206", "surface": "asphalt"}}, {"type": "Feature", "geometry": {"type": "LineString", "coordinates": [[-8.2733933, 41.4555076], [-8.2737913, 41.4555248], [-8.2744941, 41.4555891]]}, "properties": {"bicycle": "no", "carriage": "no", "foot": "no", "highway": "trunk", "horse": "no", "lanes": "2", "maxspeed": "90", "mofa": "no", "moped": "no", "motor_vehicle": "yes", "oneway": "yes", "parking:lane:both": "no_stopping", "ref": "EN 206", "surface": "asphalt", "turn:lanes": "none|merge_to_left"}}, {"type": "Feature", "geometry": {"type": "LineString", "coordinates": [[-8.177975, 41.4635525], [-8.1776526, 41.4636288], [-8.1773494, 41.4636904], [-8.1768967, 41.4637466], [-8.1764802, 41.4637839], [-8.1762352, 41.4637913]]}, "properties": {"highway": "trunk", "lanes": "2", "maxspeed": "100", "oneway": "yes", "ref": "EN 206", "turn:lanes": "through|through;right"}}, {"type": "Feature", "geometry": {"type": "LineString", "coordinates": [[-8.2453842, 41.4474107], [-8.2456335, 41.4469647]]}, "properties": {"highway": "trunk", "lanes": "2", "maxspeed": "90", "oneway": "yes", "ref": "EN 206", "surface": "asphalt", "turn:lanes": "through|through;slight_right"}}, {"type": "Feature", "geometry": {"type": "LineString", "coordinates": [[-8.246004, 41.4463018], [-8.2463232, 41.4458027], [-8.2466509, 41.4454199], [-8.2470409, 41.4450853], [-8.2472323, 41.4449368], [-8.2474672, 41.4447851], [-8.2477111, 41.4446543]]}, "properties": {"highway": "trunk", "lanes": "2", "maxspeed": "90", "oneway": "yes", "ref": "EN 206", "surface": "asphalt"}}, {"type": "Feature", "geometry": {"type": "LineString", "coordinates": [[-8.0770347, 41.4426429], [-8.0764536, 41.4427883]]}, "properties": {"highway": "primary", "name": "Estrada Nacional 206", "oneway": "yes", "ref": "EN 206", "surface": "asphalt", "turn:lanes": "left|through"}}, {"type": "Feature", "geometry": {"type": "LineString", "coordinates": [[-8.0764536, 41.4427883], [-8.07606, 41.4428752], [-8.0756992, 41.4429702], [-8.0748824, 41.4431943]]}, "properties": {"highway": "primary", "oneway": "yes", "ref": "EN 206", "surface": "asphalt"}}, {"type": "Feature", "geometry": {"type": "LineString", "coordinates": [[-8.3223794, 41.4384473], [-8.3144345, 41.4364534], [-8.3133485, 41.4362884], [-8.3128171, 41.4362692], [-8.3120972, 41.4363274]]}, "properties": {"bicycle": "no", "carriage": "no", "foot": "no", "highway": "trunk", "horse": "no", "lanes": "2", "mofa": "no", "moped": "no", "motor_vehicle": "yes", "oneway": "yes", "parking:both": "no", "parking:both:restriction": "no_stopping", "ref": "EN 206", "surface": "asphalt"}}, {"type": "Feature", "geometry": {"type": "LineString", "coordinates": [[-8.7501362, 41.3678938], [-8.7493965, 41.3684665]]}, "properties": {"highway": "primary", "incline": "down", "lanes": "2", "name": "Avenida Portas Fronhas", "oneway": "no", "ref": "EN 206", "source": "bing", "surface": "asphalt"}}, {"type": "Feature", "geometry": {"type": "LineString", "coordinates": [[-8.7477558, 41.3697477], [-8.7474254, 41.3699979]]}, "properties": {"highway": "primary", "lanes": "2", "name": "Avenida Portas Fronhas", "oneway": "no", "ref": "EN 206", "surface": "asphalt"}}, {"type": "Feature", "geometry": {"type": "LineString", "coordinates": [[-7.6460337, 41.5014614], [-7.6459889, 41.5015415], [-7.6458446, 41.5017655], [-7.6457085, 41.5019703], [-7.6454828, 41.5022657], [-7.6453891, 41.5023692]]}, "properties": {"highway": "primary", "lane_markings": "no", "lanes": "2", "maxspeed": "50", "maxspeed:type": "PT:urban", "name": "Avenida Miguel Torga", "oneway": "no", "postal_code": "5450-034", "ref": "EN 206;IC 5", "surface": "asphalt"}}, {"type": "Feature", "geometry": {"type": "LineString", "coordinates": [[-8.6499716, 41.4148862], [-8.6499532, 41.4148903], [-8.649691, 41.4149368]]}, "properties": {"destination": "Famalic\u00e3o", "highway": "primary", "name": "Rua da F\u00e1brica", "oneway": "yes", "ref": "EN 206", "sidewalk:right": "yes"}}, {"type": "Feature", "geometry": {"type": "LineString", "coordinates": [[-8.6501898, 41.4148537], [-8.6501298, 41.4148623]]}, "properties": {"highway": "primary", "junction": "roundabout", "ref": "EN 206", "sidewalk:right": "yes"}}, {"type": "Feature", "geometry": {"type": "LineString", "coordinates": [[-8.6548429, 41.4140074], [-8.653732, 41.4142069], [-8.6529927, 41.4143397], [-8.6528445, 41.4143663], [-8.6520009, 41.4145178], [-8.6512088, 41.41466], [-8.6509268, 41.4147145]]}, "properties": {"highway": "primary", "name": "Rua da F\u00e1brica", "oneway": "no", "ref": "EN 206", "surface": "asphalt"}}, {"type": "Feature", "geometry": {"type": "LineString", "coordinates": [[-7.650177, 41.4984455], [-7.6501354, 41.4985347], [-7.6500862, 41.4986003], [-7.6500316, 41.498647], [-7.6499145, 41.498697], [-7.6495338, 41.4987838], [-7.649405, 41.4988343], [-7.6488804, 41.4991145], [-7.6487626, 41.4991774], [-7.6486248, 41.4992732], [-7.6484663, 41.4994135], [-7.6479298, 41.4998885], [-7.6478028, 41.500001], [-7.6473644, 41.5003891], [-7.6469593, 41.5008462], [-7.6468642, 41.5009318], [-7.6467087, 41.5010259], [-7.6465113, 41.5011142], [-7.6463932, 41.5011608], [-7.6463497, 41.501178]]}, "properties": {"highway": "primary", "lanes": "2", "lit": "yes", "maxspeed:type": "PT:urban", "name": "Rua Imperador Teod\u00f3sio", "postal_code": "5450-022", "ref": "EN 206;IC 5", "sidewalk": "both", "sidewalk:both:surface": "paving_stones", "source": "Bing", "surface": "asphalt"}}, {"type": "Feature", "geometry": {"type": "LineString", "coordinates": [[-7.6696539, 41.4932946], [-7.6695392, 41.4931533], [-7.669508, 41.4931148]]}, "properties": {"highway": "primary", "lanes": "2", "oneway": "no", "ref": "EN 206", "source": "Bing", "surface": "asphalt"}}, {"type": "Feature", "geometry": {"type": "LineString", "coordinates": [[-7.669508, 41.4931148], [-7.6693798, 41.4929421], [-7.6693154, 41.4927512], [-7.6692255, 41.4922842], [-7.6690579, 41.4912494], [-7.6688755, 41.490988], [-7.6685066, 41.4906184], [-7.6682715, 41.4904681], [-7.6673117, 41.490151], [-7.6664912, 41.4897911], [-7.6661174, 41.4895265], [-7.6657922, 41.4889498], [-7.6653779, 41.488585], [-7.6649059, 41.4883359], [-7.6645931, 41.4882604], [-7.6641871, 41.4882838], [-7.6637586, 41.4884491], [-7.6634516, 41.4886909], [-7.663305, 41.4888868], [-7.6632255, 41.4889931], [-7.6631369, 41.4892292], [-7.6630795, 41.4901133]]}, "properties": {"highway": "primary", "lanes": "2", "oneway": "no", "ref": "EN 206", "source": "Bing", "surface": "asphalt"}}, {"type": "Feature", "geometry": {"type": "LineString", "coordinates": [[-8.6453315, 41.4151428], [-8.6451099, 41.4151353], [-8.6440156, 41.4150982], [-8.6435868, 41.4150976], [-8.643177, 41.4151747], [-8.6425714, 41.4154114]]}, "properties": {"highway": "primary", "name": "Rua do Cubo", "oneway": "no", "ref": "EN 206", "surface": "asphalt"}}, {"type": "Feature", "geometry": {"type": "LineString", "coordinates": [[-8.6455453, 41.4151489], [-8.6453315, 41.4151428]]}, "properties": {"bridge": "yes", "highway": "primary", "layer": "1", "oneway": "no", "ref": "EN 206", "surface": "asphalt"}}, {"type": "Feature", "geometry": {"type": "LineString", "coordinates": [[-8.6344444, 41.4184234], [-8.6344085, 41.4184438], [-8.6336763, 41.4188606], [-8.6329313, 41.4192847], [-8.6326588, 41.4194398], [-8.6322638, 41.4196647], [-8.6321112, 41.4197516], [-8.6313976, 41.4201577], [-8.6309132, 41.4204334], [-8.6300721, 41.4209216], [-8.6299169, 41.4209921], [-8.6296403, 41.4210812], [-8.62948, 41.4211057], [-8.6293012, 41.4211071], [-8.625748, 41.4207169], [-8.6254361, 41.4206969], [-8.6252682, 41.4206861], [-8.6246777, 41.4206736], [-8.6245834, 41.4206743], [-8.6245344, 41.4206747], [-8.6244647, 41.4206754], [-8.6242747, 41.4206794], [-8.6211331, 41.4207454], [-8.6210441, 41.4207473], [-8.6209763, 41.420755], [-8.6207218, 41.4207839], [-8.6206348, 41.420799], [-8.6204493, 41.4208488], [-8.6186492, 41.4214883], [-8.6185593, 41.421521], [-8.6184778, 41.4215501], [-8.6180498, 41.4216987]]}, "properties": {"highway": "primary", "oneway": "no", "ref": "EN 206", "surface": "asphalt"}}, {"type": "Feature", "geometry": {"type": "LineString", "coordinates": [[-8.6648815, 41.4120368], [-8.6647011, 41.4120925], [-8.6637383, 41.4123897], [-8.6630703, 41.4125453], [-8.6625447, 41.4126363]]}, "properties": {"highway": "primary", "name": "Rua da Senhora de F\u00e1tima", "oneway": "no", "ref": "EN 206", "surface": "asphalt"}}, {"type": "Feature", "geometry": {"type": "LineString", "coordinates": [[-8.7455469, 41.3716924], [-8.745593, 41.3716779], [-8.7456307, 41.3716534], [-8.7456566, 41.3716213], [-8.7456679, 41.3715847], [-8.7456635, 41.3715474]]}, "properties": {"highway": "primary", "junction": "roundabout", "ref": "EN 206", "surface": "asphalt"}}, {"type": "Feature", "geometry": {"type": "LineString", "coordinates": [[-7.964895, 41.4870807], [-7.9648234, 41.4870962], [-7.9647553, 41.4871309], [-7.9646888, 41.4871934], [-7.9646679, 41.487213], [-7.9646419, 41.4872467]]}, "properties": {"highway": "primary", "oneway": "yes", "ref": "EN 206", "source": "Bing", "surface": "asphalt"}}, {"type": "Feature", "geometry": {"type": "LineString", "coordinates": [[-7.9648127, 41.4873037], [-7.9648092, 41.487258], [-7.9648123, 41.4872273], [-7.9648157, 41.487193], [-7.9648443, 41.4871448], [-7.964895, 41.4870807]]}, "properties": {"highway": "primary", "oneway": "yes", "ref": "EN 206", "source": "Bing", "surface": "asphalt"}}, {"type": "Feature", "geometry": {"type": "LineString", "coordinates": [[-8.3227794, 41.4386367], [-8.3233443, 41.4387138], [-8.3238303, 41.4387764], [-8.3242761, 41.4388318], [-8.3247252, 41.4388863], [-8.3253848, 41.4389644], [-8.3278556, 41.439276], [-8.3283623, 41.4393413], [-8.328676, 41.4393855], [-8.3289757, 41.4394306], [-8.3292209, 41.4394735], [-8.3293181, 41.4394924]]}, "properties": {"bicycle": "no", "carriage": "no", "foot": "no", "highway": "trunk", "horse": "no", "lanes": "2", "maxspeed": "70", "mofa": "no", "moped": "no", "motor_vehicle": "yes", "oneway": "yes", "parking:lane:both": "no_stopping", "ref": "EN 206", "surface": "asphalt"}}, {"type": "Feature", "geometry": {"type": "LineString", "coordinates": [[-8.3288598, 41.4392987], [-8.3285148, 41.4392522], [-8.3282255, 41.4392158], [-8.3276945, 41.4391462], [-8.3253937, 41.4388604], [-8.3247122, 41.4387779], [-8.3242338, 41.4387201], [-8.3237697, 41.438661], [-8.3233061, 41.4386009], [-8.3228211, 41.4385346]]}, "properties": {"bicycle": "no", "carriage": "no", "foot": "no", "highway": "trunk", "horse": "no", "lanes": "2", "maxspeed": "70", "mofa": "no", "moped": "no", "motor_vehicle": "yes", "oneway": "yes", "parking:lane:both": "no_stopping", "ref": "EN 206", "surface": "asphalt"}}, {"type": "Feature", "geometry": {"type": "LineString", "coordinates": [[-7.9313243, 41.4904401], [-7.9315063, 41.4903255], [-7.9316365, 41.4902789], [-7.9323178, 41.490161], [-7.9325516, 41.4901205], [-7.932786, 41.4901098], [-7.9330024, 41.4901426], [-7.9339585, 41.4904645], [-7.9342963, 41.4904704], [-7.9345727, 41.490383], [-7.935512, 41.489543], [-7.9357552, 41.4894039], [-7.9361016, 41.4893011], [-7.9364673, 41.4892965], [-7.9373831, 41.4894609], [-7.9376858, 41.4895775], [-7.9378622, 41.4897162], [-7.9380026, 41.4899022], [-7.9380656, 41.4900736], [-7.9380851, 41.490244], [-7.9380502, 41.490403], [-7.9378197, 41.4908479], [-7.9377918, 41.4910542], [-7.937846, 41.4911813], [-7.9379531, 41.4913038], [-7.9395197, 41.492426], [-7.9396405, 41.4925885], [-7.9399208, 41.493144], [-7.9401024, 41.4933111], [-7.9415916, 41.4941204], [-7.9417572, 41.4942719], [-7.9420116, 41.4947001], [-7.9421474, 41.4947958], [-7.9423388, 41.4948361], [-7.9433313, 41.4948168], [-7.9436721, 41.4947642], [-7.9443231, 41.4944779], [-7.9446604, 41.4944342], [-7.9449182, 41.4945046], [-7.9451094, 41.4946397], [-7.9452025, 41.4948029], [-7.945325, 41.4954115], [-7.9455065, 41.4956479], [-7.9457836, 41.4957649], [-7.9460951, 41.4957928], [-7.9463937, 41.4957412], [-7.9465999, 41.4956121], [-7.9467098, 41.4954415], [-7.9467231, 41.4952629], [-7.9465429, 41.4947428], [-7.9462851, 41.4941388], [-7.9462878, 41.4939146], [-7.9465541, 41.4930133], [-7.9466426, 41.4928567], [-7.9473602, 41.4924598], [-7.9475185, 41.492286], [-7.9477716, 41.491756], [-7.9479247, 41.4916166], [-7.9485754, 41.4913256], [-7.9487682, 41.4911993], [-7.948872, 41.490995], [-7.9488539, 41.4907628], [-7.9486317, 41.4901833], [-7.9486716, 41.4899507], [-7.948888, 41.4897888], [-7.9491579, 41.4897268], [-7.9496395, 41.4897618], [-7.9502026, 41.4898027], [-7.9505095, 41.4897212], [-7.9507005, 41.4896277], [-7.9508385, 41.4894701], [-7.9510336, 41.4890431], [-7.9510944, 41.4889099], [-7.9513457, 41.4887543], [-7.951557, 41.4887295], [-7.9522297, 41.4888675], [-7.952457, 41.4888879], [-7.9530638, 41.4888977], [-7.9537871, 41.4890197], [-7.9540107, 41.489006], [-7.9551596, 41.4885598], [-7.9554564, 41.488436], [-7.9555635, 41.488391], [-7.955704, 41.48829], [-7.9562411, 41.4876847], [-7.9563687, 41.4876408], [-7.9565883, 41.4876101], [-7.9568485, 41.4876593], [-7.9573269, 41.4880272], [-7.9574877, 41.4882603], [-7.957496, 41.4883613], [-7.9575019, 41.4884338], [-7.957412, 41.4889722], [-7.9568687, 41.4898006], [-7.9567468, 41.491057], [-7.9568289, 41.4912669], [-7.9570329, 41.491411], [-7.957127, 41.4914236], [-7.9572711, 41.4914428], [-7.9575015, 41.4914072]]}, "properties": {"highway": "primary", "lanes": "2", "name": "Rua Dona Leonor de Alvim", "ref": "EN 206", "surface": "asphalt"}}, {"type": "Feature", "geometry": {"type": "LineString", "coordinates": [[-7.7953805, 41.50244], [-7.7955023, 41.502622], [-7.7955616, 41.5028746], [-7.7955528, 41.5030783], [-7.795442, 41.5033444], [-7.7951873, 41.5037182], [-7.7943599, 41.5049033], [-7.7941156, 41.5052533], [-7.7938616, 41.505513], [-7.7933887, 41.5058919], [-7.7932119, 41.5060902], [-7.7931349, 41.50629], [-7.7931573, 41.5068383], [-7.7931283, 41.507077], [-7.7929152, 41.5076105], [-7.7928775, 41.5078274], [-7.7929013, 41.508025], [-7.79319, 41.5091367], [-7.7934586, 41.5098435], [-7.7935902, 41.5100799], [-7.7937585, 41.5102737], [-7.7940745, 41.5104877], [-7.794629, 41.5107719], [-7.7950566, 41.5109345], [-7.7955123, 41.5109935], [-7.7961598, 41.511001], [-7.7966575, 41.5110068], [-7.7969175, 41.5111095], [-7.7971414, 41.5113018], [-7.7975849, 41.512195], [-7.7976254, 41.5123861], [-7.7976348, 41.5131141], [-7.7976834, 41.5134538], [-7.7978596, 41.5138071], [-7.7981481, 41.5140946], [-7.7988412, 41.5145446], [-7.7992055, 41.5147362], [-7.7996092, 41.5148734], [-7.8003988, 41.5150484], [-7.8007683, 41.515151], [-7.8011572, 41.5153285], [-7.8024055, 41.5161357], [-7.8026121, 41.5162523], [-7.8031656, 41.5164663], [-7.8038791, 41.5167154], [-7.8046571, 41.5169871], [-7.8051605, 41.5171827], [-7.8053866, 41.5173281], [-7.8055827, 41.5174614], [-7.8057502, 41.5176287], [-7.8058976, 41.5178351], [-7.8060298, 41.5180685], [-7.8067997, 41.5194208], [-7.8072106, 41.5201631]]}, "properties": {"highway": "primary", "lanes": "2", "maxspeed:type": "PT:rural", "old_ref": "EN 206;EN 312", "ref": "EN 206;EM 312", "surface": "asphalt"}}, {"type": "Feature", "geometry": {"type": "LineString", "coordinates": [[-8.0288628, 41.458529], [-8.0289404, 41.4585052], [-8.0290595, 41.4584688], [-8.0296507, 41.4582908], [-8.0297418, 41.4582627], [-8.029998, 41.4581918], [-8.0302324, 41.4581224], [-8.0303554, 41.4580994], [-8.0305249, 41.4580941], [-8.030619, 41.4580983], [-8.0307215, 41.4581103], [-8.0307397, 41.4581124], [-8.0309978, 41.4581581], [-8.0313975, 41.4582805], [-8.0320372, 41.4584898], [-8.0322276, 41.4585466], [-8.0323282, 41.4585657], [-8.0324422, 41.4585722], [-8.0324985, 41.4585702], [-8.0325629, 41.4585597], [-8.032642, 41.4585391], [-8.0327064, 41.4585165]]}, "properties": {"highway": "primary", "name": "Rua Vila de Gandarela", "ref": "EN 206", "surface": "asphalt"}}, {"type": "Feature", "geometry": {"type": "LineString", "coordinates": [[-8.2494101, 41.4439539], [-8.2488747, 41.4440786], [-8.2484307, 41.4442227], [-8.2480293, 41.4443717], [-8.247649, 41.4445749], [-8.2474036, 41.4447019], [-8.2471536, 41.4448624], [-8.2469435, 41.4450268], [-8.2465111, 41.445417], [-8.2461883, 41.4457836], [-8.2459084, 41.4462616], [-8.245251, 41.4473842], [-8.2450388, 41.4476853], [-8.2447946, 41.4479583], [-8.2442461, 41.4484876], [-8.2434251, 41.4490917], [-8.2367389, 41.4538144], [-8.2360591, 41.4542675], [-8.2354582, 41.4545979], [-8.2350476, 41.4547664], [-8.2346233, 41.4548885]]}, "properties": {"destination": "Fafe", "highway": "trunk", "lanes": "2", "maxspeed": "70", "oneway": "yes", "ref": "EN 206", "surface": "asphalt"}}, {"type": "Feature", "geometry": {"type": "LineString", "coordinates": [[-8.2346233, 41.4548885], [-8.2340743, 41.4549832], [-8.2335627, 41.4550183], [-8.2328994, 41.4550451], [-8.2319795, 41.4551229], [-8.2313861, 41.4551907], [-8.2308678, 41.4552839], [-8.2302362, 41.4554034], [-8.2289261, 41.4557267]]}, "properties": {"destination": "Fafe", "highway": "trunk", "lanes": "2", "maxspeed": "70", "oneway": "yes", "ref": "EN 206", "surface": "asphalt"}}, {"type": "Feature", "geometry": {"type": "LineString", "coordinates": [[-8.2156844, 41.451048], [-8.2161613, 41.4512095], [-8.216605, 41.4514479], [-8.2168741, 41.4516517], [-8.2170754, 41.45183], [-8.2172741, 41.4520628], [-8.2173979, 41.4522792], [-8.2174976, 41.4525041], [-8.217574, 41.4527301], [-8.2176327, 41.4530226], [-8.2176928, 41.4536377]]}, "properties": {"highway": "trunk", "lanes": "2", "maxspeed": "90", "oneway": "yes", "ref": "EN 206", "surface": "asphalt"}}, {"type": "Feature", "geometry": {"type": "LineString", "coordinates": [[-8.2176928, 41.4536377], [-8.2177334, 41.4542474], [-8.2177959, 41.4545791], [-8.2178729, 41.454856], [-8.2179795, 41.4551123], [-8.2181062, 41.4553257], [-8.2182526, 41.4555212], [-8.2184586, 41.4557392], [-8.2186804, 41.4559497], [-8.218948, 41.45614]]}, "properties": {"highway": "trunk", "lanes": "2", "maxspeed": "90", "oneway": "yes", "ref": "EN 206", "surface": "asphalt"}}, {"type": "Feature", "geometry": {"type": "LineString", "coordinates": [[-8.227563, 41.4561785], [-8.2302553, 41.455511], [-8.230715, 41.4554199], [-8.2312332, 41.4553344], [-8.2319771, 41.4552361]]}, "properties": {"highway": "trunk", "lanes": "2", "maxspeed": "90", "oneway": "yes", "ref": "EN 206", "surface": "asphalt"}}, {"type": "Feature", "geometry": {"type": "LineString", "coordinates": [[-8.2319771, 41.4552361], [-8.2328968, 41.4551538], [-8.2335949, 41.4551146], [-8.2341177, 41.4550668], [-8.2346686, 41.4549594], [-8.2350847, 41.4548277], [-8.2354834, 41.4546598]]}, "properties": {"highway": "trunk", "lanes": "2", "maxspeed": "90", "oneway": "yes", "ref": "EN 206", "surface": "asphalt"}}, {"type": "Feature", "geometry": {"type": "LineString", "coordinates": [[-8.2289261, 41.4557267], [-8.2258835, 41.4564775], [-8.2254443, 41.4565665], [-8.2250207, 41.4566358], [-8.2245355, 41.4566856], [-8.2241109, 41.4567026], [-8.2223894, 41.4566904], [-8.2212715, 41.4566708]]}, "properties": {"destination": "Fafe", "highway": "trunk", "lanes": "2", "maxspeed": "70", "oneway": "yes", "ref": "EN 206", "surface": "asphalt"}}, {"type": "Feature", "geometry": {"type": "LineString", "coordinates": [[-8.2179421, 41.454572], [-8.2178821, 41.454232], [-8.2178478, 41.4536467], [-8.2177812, 41.4530206], [-8.2177227, 41.4527026], [-8.2176414, 41.4524759], [-8.2175351, 41.4522397], [-8.2174021, 41.4520153], [-8.2171989, 41.4517734], [-8.2169793, 41.4515745], [-8.2167083, 41.4513725], [-8.2162512, 41.4511178], [-8.2157612, 41.4509502]]}, "properties": {"destination": "Fafe", "highway": "trunk", "lanes": "2", "maxspeed": "70", "oneway": "yes", "ref": "EN 206", "surface": "asphalt"}}, {"type": "Feature", "geometry": {"type": "LineString", "coordinates": [[-8.2126141, 41.4514963], [-8.2108038, 41.4526257], [-8.2101689, 41.4529282], [-8.2098129, 41.453084], [-8.2093128, 41.4532696], [-8.20883, 41.4534074], [-8.2085804, 41.4534644]]}, "properties": {"highway": "trunk", "lanes": "2", "maxspeed": "70", "oneway": "yes", "ref": "EN 206"}}, {"type": "Feature", "geometry": {"type": "LineString", "coordinates": [[-8.1998575, 41.4523485], [-8.2000882, 41.4523633], [-8.2007204, 41.4524692], [-8.202829, 41.4531302], [-8.203945, 41.4534626]]}, "properties": {"highway": "trunk", "lanes": "2", "maxspeed": "70", "oneway": "yes", "ref": "EN 206"}}, {"type": "Feature", "geometry": {"type": "LineString", "coordinates": [[-8.2114828, 41.4523585], [-8.2127214, 41.4515703]]}, "properties": {"highway": "trunk", "lanes": "2", "maxspeed": "70", "oneway": "yes", "ref": "EN 206"}}, {"type": "Feature", "geometry": {"type": "LineString", "coordinates": [[-8.19453, 41.4550481], [-8.1942492, 41.4551686], [-8.1939419, 41.4552602], [-8.1937301, 41.4553079], [-8.1935093, 41.4553402], [-8.1931862, 41.4553647], [-8.1928444, 41.455362], [-8.1923633, 41.4553389]]}, "properties": {"highway": "trunk", "lanes": "2", "maxheight": "5.9", "maxspeed": "100", "oneway": "yes", "ref": "EN 206", "surface": "asphalt"}}, {"type": "Feature", "geometry": {"type": "LineString", "coordinates": [[-8.3066639, 41.4394782], [-8.3067866, 41.4393998], [-8.3069902, 41.439273], [-8.3071406, 41.43917], [-8.3072529, 41.4390848], [-8.3073361, 41.4390131], [-8.3074244, 41.4389257], [-8.3074856, 41.4388582], [-8.3075402, 41.4387792], [-8.30759, 41.4386874]]}, "properties": {"bicycle": "no", "carriage": "no", "foot": "no", "highway": "trunk", "horse": "no", "lanes": "2", "mofa": "no", "moped": "no", "motor_vehicle": "yes", "oneway": "yes", "parking:both": "no", "parking:both:restriction": "no_stopping", "ref": "EN 206", "surface": "asphalt"}}, {"type": "Feature", "geometry": {"type": "LineString", "coordinates": [[-8.1852482, 41.4514255], [-8.1856973, 41.4515984], [-8.1864396, 41.4519141], [-8.1866583, 41.4520435], [-8.1868144, 41.4522035], [-8.1869538, 41.4524365], [-8.1869827, 41.4525081], [-8.1869907, 41.4525424]]}, "properties": {"fixme": "as vias t\u00eam \"ref\" diferentes: N206 e N207", "highway": "primary", "lanes": "2", "oneway": "yes", "ref": "EN 206", "source": "bing", "surface": "asphalt"}}, {"type": "Feature", "geometry": {"type": "LineString", "coordinates": [[-8.185106, 41.4513643], [-8.1852482, 41.4514255]]}, "properties": {"bridge": "yes", "fixme": "as vias t\u00eam \"ref\" diferentes: N206 e N207", "highway": "primary", "lanes": "2", "layer": "1", "oneway": "yes", "ref": "EN 206", "source": "bing", "surface": "asphalt"}}, {"type": "Feature", "geometry": {"type": "LineString", "coordinates": [[-8.3061873, 41.4396059], [-8.3061335, 41.439642], [-8.3060074, 41.4397285], [-8.3059135, 41.4397828], [-8.3058304, 41.439825], [-8.3057821, 41.4398451], [-8.3057231, 41.4398652], [-8.3056534, 41.4398773], [-8.3055917, 41.4398833], [-8.3055166, 41.4398853], [-8.3054629, 41.4398893], [-8.3054012, 41.4398994], [-8.3053414, 41.4399083], [-8.3052631, 41.4399379], [-8.3051982, 41.4399776]]}, "properties": {"bicycle": "no", "carriage": "no", "destination": "Braga;Guimar\u00e3es", "foot": "no", "highway": "trunk", "horse": "no", "lanes": "2", "mofa": "no", "moped": "no", "motor_vehicle": "yes", "oneway": "yes", "parking:both": "no", "parking:both:restriction": "no_stopping", "ref": "EN 206", "surface": "asphalt"}}, {"type": "Feature", "geometry": {"type": "LineString", "coordinates": [[-8.306579, 41.4393839], [-8.3061873, 41.4396059]]}, "properties": {"bicycle": "no", "carriage": "no", "destination": "Braga;Guimar\u00e3es", "foot": "no", "highway": "trunk", "horse": "no", "lanes": "3", "mofa": "no", "moped": "no", "motor_vehicle": "yes", "oneway": "yes", "parking:both": "no", "parking:both:restriction": "no_stopping", "ref": "EN 206", "surface": "asphalt"}}, {"type": "Feature", "geometry": {"type": "LineString", "coordinates": [[-8.309357, 41.4373286], [-8.3088524, 41.4376085], [-8.3084406, 41.4378425], [-8.3082095, 41.4379711], [-8.3080593, 41.4380543]]}, "properties": {"bicycle": "no", "carriage": "no", "destination:lanes": "Braga;Guimar\u00e3es|Fafe;Santo Tirso", "destination:symbol:lanes": "none;centre|motorway;none", "foot": "no", "highway": "trunk", "horse": "no", "lanes": "2", "maxspeed": "50", "mofa": "no", "moped": "no", "motor_vehicle": "yes", "oneway": "yes", "parking:both": "no", "parking:both:restriction": "no_stopping", "ref": "EN 206", "surface": "asphalt", "turn:lanes": "slight_left|slight_right"}}, {"type": "Feature", "geometry": {"type": "LineString", "coordinates": [[-8.3120972, 41.4363274], [-8.311434, 41.4364337], [-8.310793, 41.4366261], [-8.3102698, 41.4368392], [-8.309357, 41.4373286]]}, "properties": {"bicycle": "no", "carriage": "no", "destination:lanes": "Braga;Guimar\u00e3es|Fafe;Santo Tirso", "destination:symbol:lanes": "none;centre|motorway;none", "foot": "no", "highway": "trunk", "horse": "no", "lanes": "2", "mofa": "no", "moped": "no", "motor_vehicle": "yes", "oneway": "yes", "parking:both": "no", "parking:both:restriction": "no_stopping", "ref": "EN 206", "surface": "asphalt"}}, {"type": "Feature", "geometry": {"type": "LineString", "coordinates": [[-8.3297718, 41.4394845], [-8.3296847, 41.4394626], [-8.3296016, 41.4394418], [-8.3294224, 41.4394009], [-8.3291826, 41.4393538], [-8.3288598, 41.4392987]]}, "properties": {"bicycle": "no", "carriage": "no", "foot": "no", "highway": "trunk", "horse": "no", "lanes": "2", "maxspeed": "50", "mofa": "no", "moped": "no", "motor_vehicle": "yes", "oneway": "yes", "parking:lane:both": "no_stopping", "ref": "EN 206"}}, {"type": "Feature", "geometry": {"type": "LineString", "coordinates": [[-8.3070829, 41.4390566], [-8.3070454, 41.4390831], [-8.3069247, 41.4391715], [-8.3067826, 41.439266], [-8.306579, 41.4393839]]}, "properties": {"bicycle": "no", "carriage": "no", "destination": "Braga;Guimar\u00e3es", "destination:symbol": "none;centre", "foot": "no", "highway": "trunk", "horse": "no", "lanes": "2", "maxspeed": "50", "mofa": "no", "moped": "no", "motor_vehicle": "yes", "oneway": "yes", "parking:both": "no", "parking:both:restriction": "no_stopping", "ref": "EN 206", "surface": "asphalt"}}, {"type": "Feature", "geometry": {"type": "LineString", "coordinates": [[-8.3063574, 41.439668], [-8.3066639, 41.4394782]]}, "properties": {"bicycle": "no", "carriage": "no", "foot": "no", "highway": "trunk", "horse": "no", "lanes": "3", "mofa": "no", "moped": "no", "motor_vehicle": "yes", "oneway": "yes", "parking:both": "no", "parking:both:restriction": "no_stopping", "ref": "EN 206", "surface": "asphalt"}}, {"type": "Feature", "geometry": {"type": "LineString", "coordinates": [[-8.3056021, 41.440298], [-8.3056941, 41.44024], [-8.3057499, 41.4401849], [-8.3057969, 41.4401025], [-8.3058506, 41.4400128], [-8.3059146, 41.4399401], [-8.3060187, 41.4398632], [-8.3063574, 41.439668]]}, "properties": {"bicycle": "no", "carriage": "no", "foot": "no", "highway": "trunk", "horse": "no", "lanes": "2", "mofa": "no", "moped": "no", "motor_vehicle": "yes", "oneway": "yes", "parking:both": "no", "parking:both:restriction": "no_stopping", "ref": "EN 206", "surface": "asphalt"}}, {"type": "Feature", "geometry": {"type": "LineString", "coordinates": [[-8.1772862, 41.4453652], [-8.1780255, 41.4453091], [-8.178367, 41.4453331], [-8.178665, 41.4454079], [-8.1796984, 41.4457683], [-8.1800744, 41.4458786], [-8.1808993, 41.4460626], [-8.1811973, 41.4461691], [-8.1814109, 41.4463061], [-8.1815643, 41.4464471], [-8.1835902, 41.4488801], [-8.1837053, 41.4490594], [-8.1837603, 41.4491822]]}, "properties": {"highway": "primary", "lanes": "2", "maxspeed": "60", "oneway": "yes", "ref": "EN 206;EN 207", "source": "bing", "surface": "asphalt"}}, {"type": "Feature", "geometry": {"type": "LineString", "coordinates": [[-8.1694866, 41.445254], [-8.1695285, 41.4451969], [-8.169668, 41.4450766], [-8.1702875, 41.4446194], [-8.1705442, 41.4444963], [-8.1706584, 41.444451], [-8.1708066, 41.4444122], [-8.1709561, 41.4443869], [-8.1711782, 41.444368], [-8.1713556, 41.4443661], [-8.1714845, 41.4443751], [-8.1716185, 41.4443984], [-8.1721694, 41.444516], [-8.1723873, 41.4445661]]}, "properties": {"fixme": "as vias t\u00eam \"ref\" diferentes: N206 e N207", "highway": "primary", "lanes": "2", "oneway": "yes", "ref": "EN 206", "source": "bing", "surface": "asphalt"}}, {"type": "Feature", "geometry": {"type": "LineString", "coordinates": [[-8.15331, 41.4467326], [-8.1534699, 41.4467654], [-8.1539648, 41.4468606], [-8.1541634, 41.4468856], [-8.1543446, 41.4468725], [-8.1545227, 41.4468126], [-8.1551188, 41.4465435], [-8.1552593, 41.4464584], [-8.1553791, 41.4463607], [-8.1554542, 41.4462428], [-8.155491, 41.4461515], [-8.1555935, 41.445712], [-8.155644, 41.4455841], [-8.1557316, 41.4454692], [-8.155882, 41.4453743], [-8.1567294, 41.4450073], [-8.1570628, 41.4449456], [-8.1573375, 41.4449739], [-8.1576843, 41.4450291], [-8.1581424, 41.4451241], [-8.1583597, 41.4452029], [-8.1585087, 41.4453243], [-8.1586383, 41.4454808]]}, "properties": {"foot": "yes", "highway": "primary", "oneway": "no", "ref": "EN 206", "surface": "asphalt"}}, {"type": "Feature", "geometry": {"type": "LineString", "coordinates": [[-8.1396848, 41.4448111], [-8.1401689, 41.4448845], [-8.1412467, 41.4451073], [-8.1415075, 41.445142], [-8.1417343, 41.4451409], [-8.1422395, 41.4451038], [-8.1430993, 41.4450625], [-8.1433034, 41.4450746], [-8.1435662, 41.445131], [-8.1439479, 41.445277], [-8.1446022, 41.4455288]]}, "properties": {"foot": "yes", "highway": "primary", "name": "Rua do Souto das Cales", "oneway": "no", "ref": "EN 206", "surface": "asphalt"}}, {"type": "Feature", "geometry": {"type": "LineString", "coordinates": [[-8.1446022, 41.4455288], [-8.1459198, 41.4460468], [-8.1459996, 41.4460643], [-8.1461268, 41.4460893], [-8.1462421, 41.4460912], [-8.1464029, 41.4460722], [-8.1467747, 41.445993], [-8.1476828, 41.4457924], [-8.1479366, 41.4457743], [-8.148122, 41.4457661], [-8.148542, 41.4457995], [-8.148945, 41.4458599], [-8.1497348, 41.4459445], [-8.1499175, 41.4460009], [-8.1500072, 41.4460577], [-8.1501001, 41.4461258], [-8.1505454, 41.4465033], [-8.1509966, 41.4468557], [-8.1511132, 41.4469274], [-8.1512484, 41.4469714], [-8.1514157, 41.4469823], [-8.1515982, 41.4469489], [-8.1518447, 41.4468861], [-8.1524881, 41.4467031], [-8.1526791, 41.4466715], [-8.1528979, 41.4466634], [-8.1530974, 41.4466911], [-8.15331, 41.4467326]]}, "properties": {"foot": "yes", "highway": "primary", "name": "Rua de Docim", "oneway": "no", "ref": "EN 206", "surface": "asphalt"}}, {"type": "Feature", "geometry": {"type": "LineString", "coordinates": [[-8.7358184, 41.3790201], [-8.7359882, 41.3788881], [-8.7368199, 41.3782417]]}, "properties": {"highway": "primary", "lit": "yes", "name": "Rua S\u00e3o Miguel \"O Anjo\"", "oneway": "no", "ref": "EN 206", "surface": "asphalt"}}, {"type": "Feature", "geometry": {"type": "LineString", "coordinates": [[-7.7394914, 41.500464], [-7.7392853, 41.5004131], [-7.738842, 41.5003115], [-7.7384509, 41.5002867], [-7.7380798, 41.5003414], [-7.7372693, 41.5006062], [-7.7361687, 41.5008187], [-7.7358733, 41.5008179], [-7.7355594, 41.5007349], [-7.7345843, 41.5003451], [-7.7342633, 41.5001774], [-7.7339826, 41.5000307], [-7.7318675, 41.4988401], [-7.7317576, 41.4987782], [-7.7315775, 41.4986031], [-7.7308278, 41.497381], [-7.7305137, 41.4970616], [-7.7300986, 41.4967693], [-7.7295241, 41.4965273], [-7.7290882, 41.4964112], [-7.7280898, 41.4961723], [-7.727183, 41.4959553], [-7.7268869, 41.4958845], [-7.7266315, 41.4958233], [-7.7254173, 41.4955324], [-7.7249145, 41.4954106], [-7.7239817, 41.4951855], [-7.7229966, 41.4949522], [-7.7227664, 41.4948951], [-7.7225052, 41.494889], [-7.7222213, 41.4949332], [-7.721347, 41.4951761], [-7.7210064, 41.4953437], [-7.7188207, 41.4966712], [-7.718183, 41.4970614], [-7.7177535, 41.4972727], [-7.7165375, 41.4977003], [-7.7132965, 41.4988399], [-7.7131931, 41.4988762], [-7.7127323, 41.4990382], [-7.7123244, 41.4991816], [-7.7119727, 41.4993053], [-7.7116201, 41.4994092], [-7.7114971, 41.4994402], [-7.7113959, 41.4994624], [-7.7112986, 41.4994812], [-7.7111587, 41.4995023], [-7.7085633, 41.4998088], [-7.7062614, 41.5000766], [-7.704662, 41.5002627]]}, "properties": {"highway": "primary", "lanes": "2", "ref": "EN 206", "source": "Bing", "surface": "asphalt"}}, {"type": "Feature", "geometry": {"type": "LineString", "coordinates": [[-7.7396215, 41.5004926], [-7.7394914, 41.500464]]}, "properties": {"bridge": "yes", "highway": "primary", "lanes": "2", "layer": "1", "ref": "EN 206", "source": "Bing", "surface": "asphalt"}}, {"type": "Feature", "geometry": {"type": "LineString", "coordinates": [[-8.3293181, 41.4394924], [-8.3294754, 41.439523], [-8.3297258, 41.4395793]]}, "properties": {"bicycle": "no", "carriage": "no", "foot": "no", "highway": "trunk", "horse": "no", "lanes": "2", "maxspeed": "70", "mofa": "no", "moped": "no", "motor_vehicle": "yes", "oneway": "yes", "parking:lane:both": "no_stopping", "ref": "EN 206", "surface": "asphalt"}}, {"type": "Feature", "geometry": {"type": "LineString", "coordinates": [[-8.6421413, 41.415587], [-8.6419575, 41.4156592], [-8.6417701, 41.4157329], [-8.6415634, 41.4158142], [-8.6407389, 41.4160465], [-8.6397786, 41.4163], [-8.639653, 41.4163342], [-8.6374841, 41.4169246], [-8.6370399, 41.4170455], [-8.6368239, 41.4171043], [-8.6366048, 41.4171937], [-8.6363163, 41.4173579], [-8.6359567, 41.4175626], [-8.6344888, 41.4183981], [-8.6344444, 41.4184234]]}, "properties": {"highway": "primary", "name": "Rua do Cubo", "oneway": "no", "ref": "EN 206", "surface": "asphalt"}}, {"type": "Feature", "geometry": {"type": "LineString", "coordinates": [[-8.6423511, 41.415501], [-8.6421413, 41.415587]]}, "properties": {"highway": "primary", "name": "Rua do Cubo", "oneway": "no", "ref": "EN 206", "surface": "asphalt"}}, {"type": "Feature", "geometry": {"type": "LineString", "coordinates": [[-8.1754007, 41.4454239], [-8.175671, 41.4454664], [-8.1759281, 41.4454683], [-8.1764086, 41.4454318]]}, "properties": {"fixme": "as vias t\u00eam \"ref\" diferentes: N206 e N207", "highway": "primary", "lanes": "2", "oneway": "yes", "ref": "EN 206", "source": "bing", "surface": "asphalt"}}, {"type": "Feature", "geometry": {"type": "LineString", "coordinates": [[-8.1749849, 41.4452723], [-8.1751932, 41.4453632], [-8.1754007, 41.4454239]]}, "properties": {"fixme": "as vias t\u00eam \"ref\" diferentes: N206 e N207", "highway": "primary", "lanes": "2", "oneway": "yes", "ref": "EN 206", "source": "bing", "surface": "asphalt", "turn:lanes": "through|through;slight_right"}}, {"type": "Feature", "geometry": {"type": "LineString", "coordinates": [[-8.1737649, 41.4445764], [-8.1736229, 41.4445401], [-8.173503, 41.4445278], [-8.1726949, 41.4445055], [-8.1724337, 41.444504], [-8.1717416, 41.4443579], [-8.1716589, 41.4443238], [-8.171504, 41.4442982], [-8.1714115, 41.4442836], [-8.1713188, 41.4442845], [-8.1711449, 41.4442929], [-8.1709815, 41.4443112], [-8.1707811, 41.4443399], [-8.170611, 41.444391], [-8.1704506, 41.4444495], [-8.1702236, 41.4445679], [-8.169468, 41.4451256], [-8.1694227, 41.4451511], [-8.1693843, 41.4451691]]}, "properties": {"highway": "primary", "lanes": "2", "oneway": "yes", "ref": "EN 206;EN 207", "source": "bing", "surface": "asphalt"}}, {"type": "Feature", "geometry": {"type": "LineString", "coordinates": [[-8.1779451, 41.4452527], [-8.1767595, 41.4453334]]}, "properties": {"highway": "primary", "lanes": "2", "oneway": "yes", "ref": "EN 206;EN 207", "source": "bing", "surface": "asphalt", "turn:lanes": "left|through;slight_right"}}, {"type": "Feature", "geometry": {"type": "LineString", "coordinates": [[-8.1761828, 41.4453745], [-8.175924, 41.4454009], [-8.1756795, 41.445399], [-8.1754357, 41.4453661]]}, "properties": {"highway": "primary", "lanes": "3", "oneway": "yes", "ref": "EN 206;EN 207", "source": "bing", "surface": "asphalt", "turn:lanes": "through|through|slight_right"}}, {"type": "Feature", "geometry": {"type": "LineString", "coordinates": [[-8.1767595, 41.4453334], [-8.1761828, 41.4453745]]}, "properties": {"highway": "primary", "lanes": "2", "oneway": "yes", "ref": "EN 206;EN 207", "source": "bing", "surface": "asphalt", "turn:lanes": "through|slight_right"}}, {"type": "Feature", "geometry": {"type": "LineString", "coordinates": [[-8.1746606, 41.4451017], [-8.1749849, 41.4452723]]}, "properties": {"fixme": "as vias t\u00eam \"ref\" diferentes: N206 e N207", "highway": "primary", "lanes": "3", "oneway": "yes", "ref": "EN 206", "source": "bing", "surface": "asphalt", "turn:lanes": "through|through;slight_right|right"}}, {"type": "Feature", "geometry": {"type": "LineString", "coordinates": [[-8.1754357, 41.4453661], [-8.1752149, 41.4452913], [-8.1743141, 41.4448428]]}, "properties": {"highway": "primary", "lanes": "2", "oneway": "yes", "ref": "EN 206;EN 207", "source": "bing", "surface": "asphalt"}}, {"type": "Feature", "geometry": {"type": "LineString", "coordinates": [[-8.1743141, 41.4448428], [-8.1739107, 41.4446316], [-8.1737649, 41.4445764]]}, "properties": {"highway": "primary", "lanes": "2", "oneway": "yes", "ref": "EN 206;EN 207", "source": "bing", "surface": "asphalt", "turn:lanes": "through|through;slight_right"}}, {"type": "Feature", "geometry": {"type": "LineString", "coordinates": [[-8.0288628, 41.458529], [-8.0287147, 41.4585391], [-8.0285965, 41.4585388]]}, "properties": {"highway": "primary", "oneway": "yes", "ref": "EN 206", "surface": "asphalt"}}, {"type": "Feature", "geometry": {"type": "LineString", "coordinates": [[-8.0286593, 41.4586468], [-8.0287466, 41.4585902], [-8.0288628, 41.458529]]}, "properties": {"highway": "primary", "oneway": "yes", "ref": "EN 206", "surface": "asphalt"}}, {"type": "Feature", "geometry": {"type": "LineString", "coordinates": [[-8.028367, 41.4586145], [-8.0282816, 41.4586751], [-8.0281962, 41.4587269]]}, "properties": {"highway": "primary", "old_ref": "EN 206", "oneway": "yes", "ref": "EN 206", "surface": "asphalt"}}, {"type": "Feature", "geometry": {"type": "LineString", "coordinates": [[-8.0281962, 41.4587269], [-8.0283152, 41.4587201], [-8.0284395, 41.4587247]]}, "properties": {"highway": "primary", "old_ref": "EN 206", "oneway": "yes", "ref": "EN 206", "surface": "asphalt"}}, {"type": "Feature", "geometry": {"type": "LineString", "coordinates": [[-8.2456335, 41.4469647], [-8.246004, 41.4463018]]}, "properties": {"highway": "trunk", "lanes": "3", "maxspeed": "90", "oneway": "yes", "ref": "EN 206", "surface": "asphalt"}}, {"type": "Feature", "geometry": {"type": "LineString", "coordinates": [[-8.2499776, 41.4438976], [-8.2498687, 41.4439031], [-8.2494101, 41.4439539]]}, "properties": {"bridge": "yes", "highway": "trunk", "lanes": "3", "layer": "1", "maxspeed": "100", "oneway": "yes", "ref": "EN 206", "surface": "asphalt"}}, {"type": "Feature", "geometry": {"type": "LineString", "coordinates": [[-8.2494255, 41.4440481], [-8.2497564, 41.4439998], [-8.2500064, 41.4439871]]}, "properties": {"bridge": "yes", "highway": "trunk", "lanes": "3", "layer": "1", "maxspeed": "100", "oneway": "yes", "ref": "EN 206", "surface": "asphalt", "turn:lanes": "||merge_to_left"}}, {"type": "Feature", "geometry": {"type": "LineString", "coordinates": [[-8.2513791, 41.4440461], [-8.2515688, 41.444074], [-8.252351, 41.4442518], [-8.2531358, 41.4445527]]}, "properties": {"bicycle": "no", "carriage": "no", "foot": "no", "highway": "trunk", "horse": "no", "lanes": "2", "maxspeed": "100", "mofa": "no", "moped": "no", "motor_vehicle": "yes", "oneway": "yes", "parking:lane:both": "no_stopping", "ref": "EN 206", "surface": "asphalt"}}, {"type": "Feature", "geometry": {"type": "LineString", "coordinates": [[-8.2607272, 41.4516681], [-8.2617721, 41.4529866]]}, "properties": {"bicycle": "no", "carriage": "no", "foot": "no", "highway": "trunk", "horse": "no", "lanes": "2", "maxspeed": "100", "mofa": "no", "moped": "no", "motor_vehicle": "yes", "oneway": "yes", "parking:lane:both": "no_stopping", "ref": "EN 206", "surface": "asphalt"}}, {"type": "Feature", "geometry": {"type": "LineString", "coordinates": [[-8.2706902, 41.4557226], [-8.2692974, 41.4559485]]}, "properties": {"bicycle": "no", "bridge": "yes", "carriage": "no", "foot": "no", "highway": "trunk", "horse": "no", "lanes": "2", "layer": "1", "maxspeed": "90", "mofa": "no", "moped": "no", "motor_vehicle": "yes", "oneway": "yes", "parking:lane:both": "no_stopping", "ref": "EN 206", "surface": "asphalt"}}, {"type": "Feature", "geometry": {"type": "LineString", "coordinates": [[-8.65035, 41.4149609], [-8.650338, 41.414927], [-8.6503135, 41.4148971], [-8.6502785, 41.4148737], [-8.6502361, 41.4148588], [-8.6501898, 41.4148537]]}, "properties": {"highway": "primary", "junction": "roundabout", "ref": "EN 206"}}, {"type": "Feature", "geometry": {"type": "LineString", "coordinates": [[-8.6501298, 41.4148623], [-8.6500834, 41.4148836], [-8.650049, 41.4149152], [-8.6500396, 41.4149308], [-8.6500269, 41.4149592]]}, "properties": {"highway": "primary", "junction": "roundabout", "ref": "EN 206"}}, {"type": "Feature", "geometry": {"type": "LineString", "coordinates": [[-8.6501298, 41.4148623], [-8.6499716, 41.4148862]]}, "properties": {"destination": "Famalic\u00e3o", "highway": "primary", "name": "Rua da F\u00e1brica", "oneway": "yes", "ref": "EN 206", "sidewalk:right": "yes"}}, {"type": "Feature", "geometry": {"type": "LineString", "coordinates": [[-7.6460716, 41.5013936], [-7.6460337, 41.5014614]]}, "properties": {"highway": "primary", "lane_markings": "no", "lanes": "2", "maxspeed": "50", "maxspeed:type": "PT:urban", "name": "Avenida Miguel Torga", "oneway": "no", "postal_code": "5450-034", "ref": "EN 206;IC 5", "surface": "asphalt"}}, {"type": "Feature", "geometry": {"type": "LineString", "coordinates": [[-7.8613318, 41.5228712], [-7.8618157, 41.5225741], [-7.8619346, 41.5225137], [-7.862065, 41.5224624], [-7.86226, 41.5224095], [-7.8629106, 41.5223061], [-7.8631895, 41.5222241], [-7.8639539, 41.5217522], [-7.8642877, 41.521627], [-7.8648484, 41.5215604], [-7.8655989, 41.5215083], [-7.8664124, 41.5212305], [-7.8667103, 41.5211819], [-7.8669995, 41.5211868], [-7.8678126, 41.5213444], [-7.8682365, 41.5213609], [-7.8691218, 41.5211966], [-7.8694775, 41.5210719], [-7.8701277, 41.5206714], [-7.8703413, 41.5205045], [-7.8708135, 41.5199862], [-7.8709769, 41.5199051], [-7.8711712, 41.5198835], [-7.8717944, 41.5199468], [-7.8720586, 41.5199298], [-7.8736683, 41.5195891], [-7.875052, 41.5193495], [-7.8753292, 41.5192904], [-7.8755345, 41.5192008], [-7.8765265, 41.5184027], [-7.876674, 41.5183231], [-7.8768885, 41.5182764], [-7.8770503, 41.5182778], [-7.8777549, 41.5183695], [-7.8779696, 41.5184313], [-7.8781224, 41.5185397], [-7.8782249, 41.5186648], [-7.8785468, 41.5194911], [-7.8786913, 41.5196924], [-7.8792486, 41.5202745], [-7.8795558, 41.5204211], [-7.879838, 41.5204821], [-7.8801524, 41.520473], [-7.8804109, 41.5203982], [-7.8804692, 41.5203813], [-7.8806331, 41.5202867], [-7.8811342, 41.5199976], [-7.8813705, 41.5199386], [-7.8816826, 41.5199667], [-7.8822758, 41.5202459], [-7.8825605, 41.5203231], [-7.8828858, 41.5203183], [-7.8836449, 41.5200509], [-7.8844507, 41.5196097], [-7.8851354, 41.5189591], [-7.8852472, 41.5187991], [-7.885363, 41.5183426], [-7.8855173, 41.5182098], [-7.8861885, 41.5179993], [-7.8863708, 41.5178709], [-7.8867415, 41.5173871], [-7.8870004, 41.5170908], [-7.8873637, 41.5168071], [-7.8885201, 41.5162259], [-7.8886498, 41.5160964], [-7.8886959, 41.5159306], [-7.888639, 41.5155433], [-7.8887024, 41.5151742], [-7.8889017, 41.5147588], [-7.8897003, 41.5141615], [-7.8907617, 41.5135032], [-7.8909464, 41.5134484], [-7.8910334, 41.5134541], [-7.8910911, 41.5134829], [-7.8911341, 41.513556]]}, "properties": {"highway": "primary", "lane_markings": "yes", "lanes": "2", "ref": "EN 206", "surface": "asphalt"}}, {"type": "Feature", "geometry": {"type": "LineString", "coordinates": [[-7.8613318, 41.5228712], [-7.8612287, 41.5229223], [-7.8611241, 41.5229745], [-7.860998, 41.5230347], [-7.8608559, 41.523093], [-7.860711, 41.5231271], [-7.8605877, 41.5231452], [-7.8604401, 41.5231492], [-7.8603033, 41.5231392], [-7.8601531, 41.5231151], [-7.8599949, 41.5230689], [-7.8598661, 41.5230167], [-7.8597669, 41.5229604], [-7.8596516, 41.522862], [-7.8595496, 41.5227476], [-7.8595408, 41.5227327], [-7.8595041, 41.5226713], [-7.8594504, 41.5225488], [-7.8594075, 41.5224142], [-7.8593552, 41.5223121]]}, "properties": {"highway": "primary", "oneway": "yes", "ref": "EN 206"}}, {"type": "Feature", "geometry": {"type": "LineString", "coordinates": [[-7.8593552, 41.5223121], [-7.8593458, 41.5224243], [-7.8593646, 41.5225287], [-7.8593968, 41.5226492], [-7.859445, 41.5227556], [-7.8595362, 41.5228741], [-7.8596435, 41.5229785], [-7.8597884, 41.5230689], [-7.8598272, 41.5230868], [-7.8599493, 41.5231432], [-7.860135, 41.5231929], [-7.8602229, 41.5232095], [-7.8603865, 41.5232315], [-7.8605367, 41.5232336], [-7.8607352, 41.5232074], [-7.8608827, 41.5231653], [-7.8610517, 41.523089], [-7.8611804, 41.5230006], [-7.8613318, 41.5228712]]}, "properties": {"highway": "primary", "oneway": "yes", "ref": "EN 206"}}, {"type": "Feature", "geometry": {"type": "LineString", "coordinates": [[-7.8075057, 41.5203682], [-7.8076241, 41.5204174], [-7.807818, 41.5204476]]}, "properties": {"highway": "primary", "ref": "EN 206", "surface": "asphalt"}}, {"type": "Feature", "geometry": {"type": "LineString", "coordinates": [[-7.8179402, 41.5126423], [-7.81825, 41.5127233]]}, "properties": {"bridge": "yes", "highway": "primary", "layer": "1", "ref": "EN 206", "surface": "asphalt"}}, {"type": "Feature", "geometry": {"type": "LineString", "coordinates": [[-7.81825, 41.5127233], [-7.8184981, 41.5128607], [-7.8186764, 41.5130406], [-7.8187894, 41.5132303], [-7.8190578, 41.5137706], [-7.8192281, 41.5139768], [-7.8196194, 41.5143408], [-7.8197731, 41.5145006], [-7.8198872, 41.5147007], [-7.8199911, 41.5150487], [-7.8202244, 41.5160847], [-7.8203956, 41.5167035], [-7.820502, 41.5169422], [-7.8206983, 41.5171217], [-7.820997, 41.5172405], [-7.8211632, 41.5172739], [-7.8213567, 41.5172604], [-7.8222227, 41.517049], [-7.8224411, 41.5170456], [-7.8226689, 41.5171037], [-7.822817, 41.5171938], [-7.8229559, 41.5173661], [-7.8229951, 41.5175624], [-7.8229638, 41.5181026], [-7.8230462, 41.5184167], [-7.8231162, 41.518542], [-7.8238908, 41.5195651], [-7.8240018, 41.5198855], [-7.8240021, 41.5200743], [-7.8238487, 41.5207177], [-7.8238631, 41.521056], [-7.8240218, 41.5213288], [-7.8249093, 41.5221102], [-7.8251202, 41.5221989], [-7.8253781, 41.5222002], [-7.8256071, 41.5221292], [-7.8264451, 41.5215237], [-7.8266528, 41.5214148], [-7.8268637, 41.5213604], [-7.8271094, 41.5213551], [-7.8284013, 41.5216779], [-7.8285936, 41.5217626], [-7.8287908, 41.521943], [-7.8288771, 41.5221058], [-7.8290419, 41.5229082], [-7.8291563, 41.5231412], [-7.8293519, 41.5232687], [-7.8296087, 41.5233551], [-7.8299013, 41.5233534], [-7.8301915, 41.5232745], [-7.8304751, 41.5230934], [-7.8315116, 41.5221647], [-7.8316813, 41.5218965], [-7.8318404, 41.521485], [-7.831885, 41.5213697], [-7.8319022, 41.5213534]]}, "properties": {"highway": "primary", "ref": "EN 206", "surface": "asphalt"}}, {"type": "Feature", "geometry": {"type": "LineString", "coordinates": [[-7.8319022, 41.5213534], [-7.8319694, 41.5212899]]}, "properties": {"bridge": "yes", "highway": "primary", "layer": "1", "ref": "EN 206", "surface": "asphalt"}}, {"type": "Feature", "geometry": {"type": "LineString", "coordinates": [[-8.6503321, 41.4150318], [-8.6503483, 41.4149974], [-8.65035, 41.4149609]]}, "properties": {"highway": "primary", "junction": "roundabout", "ref": "EN 206"}}, {"type": "Feature", "geometry": {"type": "LineString", "coordinates": [[-8.6501685, 41.4150948], [-8.6502172, 41.4150941], [-8.6502634, 41.4150825], [-8.6503029, 41.415061], [-8.6503321, 41.4150318]]}, "properties": {"highway": "primary", "junction": "roundabout", "ref": "EN 206"}}, {"type": "Feature", "geometry": {"type": "LineString", "coordinates": [[-8.6509268, 41.4147145], [-8.6507097, 41.4147565], [-8.6504467, 41.4148075]]}, "properties": {"highway": "primary", "name": "Rua da F\u00e1brica", "oneway": "no", "ref": "EN 206", "surface": "asphalt"}}, {"type": "Feature", "geometry": {"type": "LineString", "coordinates": [[-8.7454851, 41.3716945], [-8.745509, 41.3716955], [-8.7455161, 41.3716958], [-8.7455469, 41.3716924]]}, "properties": {"highway": "primary", "junction": "roundabout", "ref": "EN 206", "surface": "asphalt"}}, {"type": "Feature", "geometry": {"type": "LineString", "coordinates": [[-8.745475, 41.37146], [-8.7454555, 41.3714652], [-8.7454319, 41.3714716], [-8.7453984, 41.3714901], [-8.7453725, 41.3715144], [-8.745359, 41.3715357], [-8.7453513, 41.3715585]]}, "properties": {"highway": "primary", "junction": "roundabout", "ref": "EN 206", "surface": "asphalt"}}, {"type": "Feature", "geometry": {"type": "LineString", "coordinates": [[-8.6713531, 41.4075131], [-8.6712952, 41.4075399]]}, "properties": {"highway": "primary", "name": "Rua da Senhora de F\u00e1tima", "oneway": "no", "ref": "EN 206", "surface": "asphalt"}}, {"type": "Feature", "geometry": {"type": "LineString", "coordinates": [[-8.6683317, 41.4109224], [-8.6681432, 41.4110233], [-8.6648815, 41.4120368]]}, "properties": {"highway": "primary", "name": "Rua da Senhora de F\u00e1tima", "oneway": "no", "ref": "EN 206", "surface": "asphalt"}}, {"type": "Feature", "geometry": {"type": "LineString", "coordinates": [[-8.6425714, 41.4154114], [-8.6423511, 41.415501]]}, "properties": {"highway": "primary", "name": "Rua do Cubo", "oneway": "no", "ref": "EN 206", "surface": "asphalt"}}, {"type": "Feature", "geometry": {"type": "LineString", "coordinates": [[-8.738216, 41.3772449], [-8.7385023, 41.3770197], [-8.7389089, 41.3766196]]}, "properties": {"highway": "primary", "name": "Rua S\u00e3o Miguel \"O Anjo\"", "oneway": "yes", "ref": "EN 206", "surface": "asphalt"}}, {"type": "Feature", "geometry": {"type": "LineString", "coordinates": [[-8.73802, 41.3773991], [-8.7380403, 41.3773831], [-8.738216, 41.3772449]]}, "properties": {"highway": "primary", "name": "Rua S\u00e3o Miguel \"O Anjo\"", "oneway": "yes", "ref": "EN 206", "surface": "asphalt"}}, {"type": "Feature", "geometry": {"type": "LineString", "coordinates": [[-8.7378602, 41.3774157], [-8.7374157, 41.3777573], [-8.737344, 41.3778124], [-8.7368199, 41.3782417]]}, "properties": {"highway": "primary", "name": "Rua S\u00e3o Miguel \"O Anjo\"", "oneway": "yes", "ref": "EN 206", "surface": "asphalt"}}, {"type": "Feature", "geometry": {"type": "LineString", "coordinates": [[-8.7380897, 41.3772393], [-8.7378602, 41.3774157]]}, "properties": {"highway": "primary", "name": "Rua S\u00e3o Miguel \"O Anjo\"", "oneway": "yes", "ref": "EN 206", "surface": "asphalt"}}, {"type": "Feature", "geometry": {"type": "LineString", "coordinates": [[-8.7379904, 41.3774224], [-8.73802, 41.3773991]]}, "properties": {"highway": "primary", "name": "Rua S\u00e3o Miguel \"O Anjo\"", "oneway": "yes", "ref": "EN 206", "surface": "asphalt"}}, {"type": "Feature", "geometry": {"type": "LineString", "coordinates": [[-8.7377546, 41.3776079], [-8.7379904, 41.3774224]]}, "properties": {"highway": "primary", "name": "Rua S\u00e3o Miguel \"O Anjo\"", "oneway": "yes", "ref": "EN 206", "surface": "asphalt"}}, {"type": "Feature", "geometry": {"type": "LineString", "coordinates": [[-8.745637, 41.3715052], [-8.745604, 41.3714803], [-8.7455629, 41.3714638], [-8.745517, 41.3714568], [-8.745475, 41.37146]]}, "properties": {"highway": "primary", "junction": "roundabout", "ref": "EN 206", "surface": "asphalt"}}, {"type": "Feature", "geometry": {"type": "LineString", "coordinates": [[-8.1837603, 41.4491822], [-8.1843417, 41.45048], [-8.1845238, 41.4508865], [-8.1847118, 41.4511194], [-8.1849382, 41.4512756], [-8.185106, 41.4513643]]}, "properties": {"highway": "primary", "lanes": "2", "oneway": "yes", "ref": "EN 206;EN 207", "source": "bing", "surface": "asphalt"}}, {"type": "Feature", "geometry": {"type": "LineString", "coordinates": [[-8.1764086, 41.4454318], [-8.1772862, 41.4453652]]}, "properties": {"highway": "primary", "lanes": "2", "oneway": "yes", "ref": "EN 206;EN 207", "source": "bing", "surface": "asphalt"}}, {"type": "Feature", "geometry": {"type": "LineString", "coordinates": [[-8.7004037, 41.3919453], [-8.7003979, 41.3918549], [-8.7003535, 41.3917708], [-8.7002751, 41.391702]]}, "properties": {"highway": "primary", "junction": "roundabout", "ref": "EN 206"}}, {"type": "Feature", "geometry": {"type": "LineString", "coordinates": [[-8.655864, 41.4138232], [-8.6548429, 41.4140074]]}, "properties": {"highway": "primary", "name": "Rua da Senhora de F\u00e1tima", "oneway": "no", "ref": "EN 206", "surface": "asphalt"}}, {"type": "Feature", "geometry": {"type": "LineString", "coordinates": [[-8.6625447, 41.4126363], [-8.6623789, 41.4126667]]}, "properties": {"highway": "primary", "name": "Rua da Senhora de F\u00e1tima", "oneway": "no", "ref": "EN 206", "surface": "asphalt"}}, {"type": "Feature", "geometry": {"type": "LineString", "coordinates": [[-8.6623789, 41.4126667], [-8.6599441, 41.4130953]]}, "properties": {"highway": "primary", "name": "Rua da Senhora de F\u00e1tima", "oneway": "no", "ref": "EN 206", "surface": "asphalt"}}, {"type": "Feature", "geometry": {"type": "LineString", "coordinates": [[-8.6599441, 41.4130953], [-8.659003, 41.4132609], [-8.6581422, 41.4134151], [-8.655864, 41.4138232]]}, "properties": {"highway": "primary", "name": "Rua da Senhora de F\u00e1tima", "oneway": "no", "ref": "EN 206", "surface": "asphalt"}}, {"type": "Feature", "geometry": {"type": "LineString", "coordinates": [[-8.6710536, 41.4076415], [-8.6703525, 41.4079273], [-8.669995, 41.4080731]]}, "properties": {"highway": "primary", "name": "Rua da Senhora de F\u00e1tima", "oneway": "no", "ref": "EN 206", "surface": "asphalt"}}, {"type": "Feature", "geometry": {"type": "LineString", "coordinates": [[-8.6712952, 41.4075399], [-8.6710536, 41.4076415]]}, "properties": {"highway": "primary", "name": "Rua da Senhora de F\u00e1tima", "oneway": "no", "ref": "EN 206", "surface": "asphalt"}}, {"type": "Feature", "geometry": {"type": "LineString", "coordinates": [[-8.669995, 41.4080731], [-8.6683096, 41.4087899], [-8.6680619, 41.4089741], [-8.6678305, 41.4093089], [-8.6678239, 41.4094475], [-8.6678666, 41.4095782], [-8.6684628, 41.4105046], [-8.6684905, 41.4106197], [-8.6684775, 41.4107155], [-8.6684138, 41.4108369], [-8.6683317, 41.4109224]]}, "properties": {"highway": "primary", "name": "Rua da Senhora de F\u00e1tima", "oneway": "no", "ref": "EN 206", "surface": "asphalt"}}, {"type": "Feature", "geometry": {"type": "LineString", "coordinates": [[-8.7301621, 41.3815193], [-8.7322083, 41.3807665], [-8.7339431, 41.3801419], [-8.7340294, 41.3801094], [-8.7340826, 41.3800894], [-8.7344512, 41.3799507], [-8.7346103, 41.3798783], [-8.7347528, 41.3798008], [-8.734866, 41.3797347], [-8.7351767, 41.3795121], [-8.7353642, 41.379373], [-8.7354277, 41.3793237], [-8.735635, 41.3791609]]}, "properties": {"highway": "primary", "lit": "yes", "name": "Rua da Pedreira", "oneway": "no", "ref": "EN 206", "surface": "asphalt"}}, {"type": "Feature", "geometry": {"type": "LineString", "coordinates": [[-8.7451794, 41.3717454], [-8.7448943, 41.3719617]]}, "properties": {"highway": "primary", "lanes": "2", "name": "Avenida Portas Fronhas", "oneway": "no", "ref": "EN 206", "surface": "asphalt"}}, {"type": "Feature", "geometry": {"type": "LineString", "coordinates": [[-8.735635, 41.3791609], [-8.7358184, 41.3790201]]}, "properties": {"highway": "primary", "lit": "yes", "name": "Rua S\u00e3o Miguel \"O Anjo\"", "oneway": "no", "ref": "EN 206", "surface": "asphalt"}}, {"type": "Feature", "geometry": {"type": "LineString", "coordinates": [[-8.7456635, 41.3715474], [-8.7456531, 41.3715253], [-8.745637, 41.3715052]]}, "properties": {"highway": "primary", "junction": "roundabout", "ref": "EN 206", "surface": "asphalt"}}, {"type": "Feature", "geometry": {"type": "LineString", "coordinates": [[-7.8075057, 41.5203682], [-7.8074129, 41.5202923], [-7.8073351, 41.5202421], [-7.8072761, 41.5201959], [-7.8072106, 41.5201631]]}, "properties": {"highway": "primary", "lanes": "2", "maxspeed:type": "PT:rural", "old_ref": "EN 206;EN 312", "oneway": "yes", "ref": "EN 206;EM 312", "surface": "asphalt"}}, {"type": "Feature", "geometry": {"type": "LineString", "coordinates": [[-7.8072106, 41.5201631], [-7.8073142, 41.5202892], [-7.8073891, 41.5203372], [-7.8074567, 41.5203623], [-7.8074956, 41.520367], [-7.8075057, 41.5203682]]}, "properties": {"highway": "primary", "lanes": "2", "maxspeed:type": "PT:rural", "old_ref": "EN 206;EN 312", "oneway": "yes", "ref": "EN 206;EM 312", "surface": "asphalt"}}, {"type": "Feature", "geometry": {"type": "LineString", "coordinates": [[-7.807818, 41.5204476], [-7.8081791, 41.5204438], [-7.8092443, 41.5204325], [-7.8096148, 41.5205112], [-7.8098363, 41.5206298], [-7.8104974, 41.5211283], [-7.8107586, 41.5212467], [-7.8109876, 41.5212763], [-7.8111948, 41.5212693], [-7.8114983, 41.5211646], [-7.8117095, 41.5210362], [-7.8118481, 41.5209266], [-7.8120464, 41.5207139], [-7.8126763, 41.5200193], [-7.8129811, 41.5197271], [-7.8132223, 41.5195547], [-7.8135937, 41.5193681], [-7.8136938, 41.5193178], [-7.813915, 41.519176], [-7.8140862, 41.5190201], [-7.8141967, 41.518837], [-7.8142728, 41.5186238], [-7.8142479, 41.5182195], [-7.8142078, 41.5179098], [-7.8142272, 41.5176029], [-7.8145071, 41.5168337], [-7.8145463, 41.5167273], [-7.8150646, 41.5153194], [-7.8152182, 41.5150364], [-7.8153641, 41.5148789], [-7.8155908, 41.5147209], [-7.8161994, 41.5143669], [-7.8164229, 41.5142062], [-7.8165823, 41.5140215], [-7.8168299, 41.5135098], [-7.8169653, 41.513096], [-7.817149, 41.5128671], [-7.8173998, 41.5127103], [-7.817693, 41.5126279], [-7.8179402, 41.5126423]]}, "properties": {"highway": "primary", "ref": "EN 206", "surface": "asphalt"}}, {"type": "Feature", "geometry": {"type": "LineString", "coordinates": [[-8.1586383, 41.4454808], [-8.1587022, 41.4455579], [-8.1590595, 41.4459938], [-8.1592036, 41.4461043], [-8.1593691, 41.4461756], [-8.1595785, 41.4462051], [-8.1601966, 41.4461964], [-8.1604146, 41.4462194], [-8.1606035, 41.4462886], [-8.1607761, 41.4464036], [-8.1611198, 41.446653], [-8.1613049, 41.4467777], [-8.1613423, 41.4467991], [-8.161739, 41.4469765]]}, "properties": {"foot": "yes", "highway": "primary", "name": "Rua de Cavadas", "oneway": "no", "ref": "EN 206", "surface": "asphalt"}}, {"type": "Feature", "geometry": {"type": "MultiPolygon", "coordinates": [[[[-7.6625043, 41.4906966], [-7.662494, 41.4906382], [-7.6624601, 41.4905851], [-7.6624059, 41.4905425], [-7.6623296, 41.4905128], [-7.6622597, 41.4905041], [-7.6621894, 41.4905103], [-7.6621242, 41.4905311], [-7.6620826, 41.4905547], [-7.6620485, 41.4905842], [-7.6620135, 41.4906388], [-7.6620035, 41.4906989], [-7.6620196, 41.4907583], [-7.6620601, 41.4908107], [-7.6621161, 41.4908484], [-7.6621846, 41.490872], [-7.6622593, 41.4908793], [-7.6623336, 41.4908696], [-7.6624006, 41.4908438], [-7.6624543, 41.4908042], [-7.6624899, 41.4907545], [-7.6625043, 41.4906966]]]]}, "properties": {"highway": "primary", "junction": "roundabout", "lane_markings": "no", "maxspeed:type": "PT:urban", "ref": "EN 206", "surface": "asphalt"}}, {"type": "Feature", "geometry": {"type": "MultiPolygon", "coordinates": [[[[-7.7954129, 41.5018644], [-7.7953987, 41.501798], [-7.7952239, 41.5016044], [-7.7951493, 41.5015643], [-7.7950609, 41.5015488], [-7.7949746, 41.5015587], [-7.7948931, 41.5015955], [-7.7948394, 41.5016512], [-7.7948183, 41.5017174], [-7.7948325, 41.5017847], [-7.7950065, 41.5019776], [-7.7950819, 41.5020183], [-7.7951697, 41.5020339], [-7.7952613, 41.5020227], [-7.7953383, 41.5019869], [-7.7953914, 41.5019321], [-7.7954129, 41.5018644]]]]}, "properties": {"highway": "primary", "junction": "roundabout", "lanes": "2", "old_ref": "EN 206;EN 312", "ref": "EN 206;EM 312", "surface": "asphalt"}}, {"type": "Feature", "geometry": {"type": "MultiPolygon", "coordinates": [[[[-7.7041963, 41.5003602], [-7.7041762, 41.5002722], [-7.7041146, 41.5001983], [-7.7040152, 41.5001452], [-7.7039017, 41.5001259], [-7.7038392, 41.5001339], [-7.7037819, 41.5001412], [-7.7036834, 41.5001876], [-7.7036136, 41.5002614], [-7.7035876, 41.5003495], [-7.7036076, 41.5004353], [-7.7036718, 41.5005112], [-7.7037671, 41.5005617], [-7.7038852, 41.5005817], [-7.7039997, 41.500567], [-7.7041008, 41.5005196], [-7.7041696, 41.5004472], [-7.7041963, 41.5003602]]]]}, "properties": {"highway": "primary", "junction": "roundabout", "lanes": "2", "ref": "EN 206", "source": "Bing", "surface": "asphalt"}}, {"type": "Feature", "geometry": {"type": "MultiPolygon", "coordinates": [[[[-7.9738559, 41.4808907], [-7.9738458, 41.4808436], [-7.9738199, 41.4808001], [-7.9737797, 41.4807631], [-7.9737214, 41.4807327], [-7.9736538, 41.4807161], [-7.9735827, 41.480715], [-7.9735142, 41.4807293], [-7.9734505, 41.4807603], [-7.9734027, 41.4808046], [-7.9733755, 41.4808578], [-7.9733715, 41.4809147], [-7.9733947, 41.4809751], [-7.9734439, 41.4810261], [-7.9734948, 41.4810545], [-7.9735538, 41.481072], [-7.9736168, 41.4810775], [-7.9736564, 41.4810746], [-7.9737008, 41.4810652], [-7.973742, 41.4810497], [-7.9737884, 41.4810214], [-7.9738261, 41.4809829], [-7.9738491, 41.4809382], [-7.9738559, 41.4808907]]]]}, "properties": {"highway": "primary", "junction": "roundabout", "lanes": "2", "old_ref": "EN 206", "ref": "EN 206", "source": "Bing", "surface": "asphalt"}}, {"type": "Feature", "geometry": {"type": "MultiPolygon", "coordinates": [[[[-7.9754771, 41.4803377], [-7.9754687, 41.4802906], [-7.9754442, 41.4802466], [-7.9754054, 41.480209], [-7.975347, 41.4801768], [-7.9752785, 41.480159], [-7.975206, 41.4801572], [-7.975136, 41.4801714], [-7.9750747, 41.4802004], [-7.9750292, 41.4802399], [-7.9750004, 41.4802873], [-7.9749907, 41.480339], [-7.9749956, 41.4803743], [-7.9750094, 41.4804082], [-7.9750464, 41.4804541], [-7.9750995, 41.48049], [-7.9751643, 41.4805127], [-7.9752351, 41.4805203], [-7.9752827, 41.4805166], [-7.9753285, 41.480506], [-7.97537, 41.4804891], [-7.9754064, 41.4804665], [-7.9754449, 41.4804288], [-7.975469, 41.4803848], [-7.9754771, 41.4803377]]]]}, "properties": {"highway": "primary", "junction": "roundabout", "lanes": "2", "old_ref": "EN 206", "ref": "EN 206", "source": "Bing", "surface": "asphalt"}}, {"type": "Feature", "geometry": {"type": "MultiPolygon", "coordinates": [[[[-7.9648635, 41.4874071], [-7.9648567, 41.4873644], [-7.9648347, 41.4873247], [-7.9648127, 41.4873037], [-7.9647992, 41.4872908], [-7.9647529, 41.4872654], [-7.9646991, 41.4872504], [-7.9646419, 41.4872467], [-7.9645855, 41.4872547], [-7.9645513, 41.4872675], [-7.9645341, 41.4872739], [-7.9644915, 41.4873027], [-7.9644608, 41.487339], [-7.9644444, 41.4873802], [-7.9644434, 41.4874232], [-7.9644579, 41.4874649], [-7.9644869, 41.487502], [-7.9645282, 41.4875319], [-7.9645787, 41.4875523], [-7.9646348, 41.4875618], [-7.9646921, 41.4875596], [-7.9647465, 41.4875458], [-7.964794, 41.4875216], [-7.964831, 41.4874887], [-7.9648547, 41.4874496], [-7.9648635, 41.4874071]]]]}, "properties": {"highway": "primary", "junction": "roundabout", "ref": "EN 206", "source": "Bing", "surface": "asphalt"}}]}