{"type": "FeatureCollection", "features": [{"type": "Feature", "geometry": {"type": "LineString", "coordinates": [[-7.8546901, 40.5304439], [-7.8547478, 40.5303006], [-7.8547665, 40.5302323]]}, "properties": {"highway": "primary", "name": "Avenida Jo\u00e3o XXIII", "oneway": "yes", "ref": "EN 231", "source": "bing", "surface": "sett"}}, {"type": "Feature", "geometry": {"type": "LineString", "coordinates": [[-7.9115051, 40.647616], [-7.9115079, 40.6475725], [-7.9114961, 40.6475365], [-7.911494, 40.6475302], [-7.9114646, 40.6474927], [-7.9114223, 40.6474632]]}, "properties": {"highway": "primary", "junction": "roundabout", "lanes": "2", "name": "Rotunda da Quinta da Saudade", "ref": "EN 231", "source": "Bing", "surface": "asphalt"}}, {"type": "Feature", "geometry": {"type": "LineString", "coordinates": [[-7.7179456, 40.4309072], [-7.7178473, 40.4308974], [-7.717748, 40.430878], [-7.71763, 40.4308372], [-7.717349, 40.4306682], [-7.7169373, 40.4304142], [-7.7168413, 40.4303618], [-7.7161602, 40.4299398], [-7.7159871, 40.4298041], [-7.7158414, 40.429672], [-7.715646, 40.429455], [-7.7154467, 40.4291835], [-7.7153434, 40.4290292], [-7.7151491, 40.4287463], [-7.7148313, 40.4282614], [-7.7147964, 40.4281736], [-7.7147968, 40.4281238], [-7.7147886, 40.4280447]]}, "properties": {"highway": "primary", "lanes": "2", "name": "Avenida Terras de Sena", "oneway": "yes", "ref": "EN 231", "surface": "asphalt"}}, {"type": "Feature", "geometry": {"type": "LineString", "coordinates": [[-7.8539123, 40.5335029], [-7.8538735, 40.5336258], [-7.8535596, 40.5346626], [-7.8535495, 40.5346959], [-7.8535284, 40.5348984], [-7.8535367, 40.5350404]]}, "properties": {"highway": "primary", "name": "Avenida Jo\u00e3o XXIII", "ref": "EN 231"}}, {"type": "Feature", "geometry": {"type": "LineString", "coordinates": [[-7.911255, 40.6477305], [-7.9112798, 40.6477611], [-7.9113177, 40.647808], [-7.9113649, 40.647889], [-7.9114034, 40.6479725], [-7.9115126, 40.648208], [-7.9116275, 40.6484356], [-7.9117663, 40.6486665], [-7.9118373, 40.6487872], [-7.9118833, 40.648886], [-7.9119095, 40.6489679], [-7.911917, 40.649069], [-7.9119157, 40.649093], [-7.9119117, 40.64918]]}, "properties": {"highway": "primary", "lanes": "2", "name": "Avenida Doutor Alexandre Alves", "oneway": "yes", "ref": "EN 231", "source": "Bing", "surface": "asphalt"}}, {"type": "Feature", "geometry": {"type": "LineString", "coordinates": [[-7.909971, 40.6446912], [-7.9099994, 40.6447599], [-7.9100058, 40.6447754], [-7.9100096, 40.6447848], [-7.9100965, 40.6449979], [-7.9101158, 40.6450452], [-7.9101823, 40.6452082], [-7.9104238, 40.6457538], [-7.9104451, 40.6457995], [-7.9111051, 40.6472803], [-7.9111368, 40.6473622], [-7.9111381, 40.6473694], [-7.9111455, 40.6474107], [-7.9111519, 40.647455], [-7.9111501, 40.6475008]]}, "properties": {"highway": "primary", "lanes": "2", "name": "Avenida Doutor Alexandre Alves", "oneway": "yes", "ref": "EN 231", "source": "Bing", "surface": "asphalt"}}, {"type": "Feature", "geometry": {"type": "LineString", "coordinates": [[-7.9183061, 40.6225683], [-7.9182428, 40.6226674], [-7.91818, 40.6227658], [-7.9180964, 40.6228756], [-7.9179998, 40.6229581], [-7.9178592, 40.6230369], [-7.917683, 40.6231195], [-7.917627, 40.6231457], [-7.917567, 40.6231848], [-7.9174259, 40.6232707], [-7.9172911, 40.6233739], [-7.9172144, 40.6234418], [-7.9171403, 40.6235159], [-7.9161939, 40.6247439], [-7.9160948, 40.624851], [-7.9160188, 40.6249042], [-7.9158462, 40.6249918]]}, "properties": {"highway": "primary", "lanes": "2", "maxspeed": "50", "name": "Avenida Dr. Alexandre Alves", "oneway": "yes", "ref": "EN 231", "source": "Bing", "surface": "asphalt"}}, {"type": "Feature", "geometry": {"type": "LineString", "coordinates": [[-7.9186833, 40.6227363], [-7.9187576, 40.6227264], [-7.9188319, 40.6227069], [-7.9188977, 40.6226763], [-7.9189544, 40.6226366], [-7.9189998, 40.6225892], [-7.9190321, 40.622536], [-7.9190502, 40.6224791], [-7.9190532, 40.6224206], [-7.9190412, 40.6223627], [-7.9190145, 40.6223078], [-7.9189743, 40.6222578], [-7.9189219, 40.6222148]]}, "properties": {"highway": "primary", "junction": "roundabout", "lanes": "3", "ref": "EN 231", "source": "Bing", "surface": "asphalt"}}, {"type": "Feature", "geometry": {"type": "LineString", "coordinates": [[-7.9197455, 40.6193891], [-7.9195155, 40.6197707], [-7.9190356, 40.6206455], [-7.9189445, 40.6208609], [-7.918925, 40.6209195], [-7.9188984, 40.6209996], [-7.9188588, 40.6211812], [-7.918828, 40.6213611], [-7.9187588, 40.6218181], [-7.9187168, 40.6219856], [-7.918655, 40.6220683], [-7.9185611, 40.622149]]}, "properties": {"highway": "primary", "lanes": "1", "oneway": "yes", "ref": "EN 231", "source": "Bing", "surface": "asphalt"}}, {"type": "Feature", "geometry": {"type": "LineString", "coordinates": [[-7.9197455, 40.6193891], [-7.9197776, 40.619325], [-7.9200328, 40.6188187], [-7.9201555, 40.6185703], [-7.9203482, 40.6181805], [-7.9204184, 40.6180394]]}, "properties": {"highway": "primary", "lanes": "2", "ref": "EN 231", "source": "Bing", "surface": "asphalt"}}, {"type": "Feature", "geometry": {"type": "LineString", "coordinates": [[-7.9189657, 40.6211965], [-7.9189893, 40.6210822], [-7.9190249, 40.6209486], [-7.9190783, 40.6208], [-7.9191232, 40.6206881], [-7.9195726, 40.619775], [-7.9197455, 40.6193891]]}, "properties": {"highway": "primary", "lanes": "1", "oneway": "yes", "ref": "EN 231", "source": "Bing", "surface": "asphalt"}}, {"type": "Feature", "geometry": {"type": "LineString", "coordinates": [[-7.8228271, 40.5025496], [-7.8226476, 40.5026403], [-7.8225706, 40.5026905], [-7.8224718, 40.5027842], [-7.8223589, 40.5029625], [-7.8222991, 40.5031494], [-7.8221484, 40.5041156], [-7.8218067, 40.5046867], [-7.8206833, 40.5061167], [-7.8199733, 40.506795], [-7.8192583, 40.5071183], [-7.8179667, 40.5075383], [-7.8174517, 40.5076467], [-7.8169467, 40.5076433], [-7.8167083, 40.5075933], [-7.8163067, 40.5073817], [-7.8160467, 40.5070317], [-7.815735, 40.506285], [-7.8155267, 40.5059467], [-7.81469, 40.505255], [-7.8145627, 40.5051763], [-7.8143017, 40.505015], [-7.8140416, 40.5049633], [-7.8136441, 40.504936], [-7.8129051, 40.5048834], [-7.8124878, 40.5047196], [-7.8122756, 40.5045285], [-7.8114305, 40.5033636], [-7.8112727, 40.5031462], [-7.8110986, 40.502778], [-7.8110791, 40.5027367], [-7.8110405, 40.5022733], [-7.8111563, 40.5011746], [-7.8110161, 40.5006888], [-7.8107948, 40.5004173], [-7.8105306, 40.5002128], [-7.8099117, 40.4997617], [-7.809063, 40.4992269], [-7.8089233, 40.4990869], [-7.8088433, 40.4990067], [-7.8087609, 40.498801], [-7.8087759, 40.4982577], [-7.8087679, 40.4982238], [-7.8087537, 40.4981639], [-7.808726, 40.4980467], [-7.8086696, 40.4978507], [-7.8086429, 40.497758], [-7.80856, 40.49747], [-7.8085502, 40.4973163], [-7.8085333, 40.4970533], [-7.8084919, 40.4969478], [-7.8083682, 40.4966325], [-7.8083461, 40.4965763], [-7.8083156, 40.4964984], [-7.8083023, 40.4964285], [-7.8082848, 40.4963364], [-7.8082481, 40.4961375], [-7.8081955, 40.4958524], [-7.8081111, 40.4953954], [-7.8081643, 40.4952803], [-7.8082035, 40.4951956], [-7.8083174, 40.4950926], [-7.808345, 40.4950653], [-7.8086104, 40.4948026], [-7.8086483, 40.494765], [-7.8087855, 40.4947281], [-7.8089238, 40.4946909], [-7.8089966, 40.4946713], [-7.809503, 40.494525], [-7.8097688, 40.4943812], [-7.810217, 40.4938889], [-7.8105166, 40.4935136], [-7.8111388, 40.4924691], [-7.8111605, 40.4923691], [-7.8112101, 40.4921409], [-7.8111995, 40.4919427], [-7.8110877, 40.491688], [-7.8108046, 40.4914144], [-7.8106311, 40.4913193]]}, "properties": {"highway": "primary", "lanes": "2", "ref": "EN 231", "surface": "asphalt"}}, {"type": "Feature", "geometry": {"type": "LineString", "coordinates": [[-7.8520624, 40.527813], [-7.8520297, 40.527847], [-7.8520096, 40.5278862], [-7.8520037, 40.5279281], [-7.8520142, 40.5279748], [-7.8520422, 40.5280171], [-7.8520851, 40.5280514], [-7.8521393, 40.5280748]]}, "properties": {"highway": "primary", "junction": "roundabout", "layer": "1", "ref": "EN 231", "source": "bing", "surface": "asphalt"}}, {"type": "Feature", "geometry": {"type": "LineString", "coordinates": [[-7.7158439, 40.3396268], [-7.7156648, 40.3396571], [-7.7153521, 40.3397188], [-7.7151698, 40.3397682], [-7.7149581, 40.3398519], [-7.7145366, 40.3400998], [-7.7143466, 40.3401956], [-7.7140337, 40.3402967], [-7.7136597, 40.3403951], [-7.7135052, 40.3404017], [-7.7133647, 40.3403825], [-7.7132347, 40.3403357], [-7.711446, 40.3394419], [-7.7111055, 40.3393379], [-7.7104503, 40.3391354], [-7.7098435, 40.3388471], [-7.7086908, 40.3384321], [-7.7085163, 40.3383926], [-7.7083417, 40.3383803], [-7.7080129, 40.3384184], [-7.7078621, 40.3384022], [-7.7077515, 40.3383632], [-7.7076529, 40.338297], [-7.7075387, 40.338151], [-7.7073529, 40.337818], [-7.7071139, 40.3374268], [-7.7068883, 40.3370582], [-7.7067813, 40.3368999], [-7.706617, 40.3367788], [-7.7064548, 40.336699], [-7.7062688, 40.3366419], [-7.7060886, 40.3366189], [-7.7058435, 40.3366116], [-7.7057081, 40.3365839], [-7.705528, 40.3364899], [-7.7049494, 40.3359649], [-7.7047395, 40.3358275], [-7.7045113, 40.3357577], [-7.7038522, 40.3356175], [-7.7035699, 40.3355293], [-7.7033156, 40.3353901], [-7.7031822, 40.3352595], [-7.7030161, 40.3350248], [-7.702826, 40.3348967], [-7.7025841, 40.3348071], [-7.7023932, 40.3346644], [-7.702232, 40.3343758], [-7.701529, 40.3328586], [-7.701333, 40.3325212], [-7.7010376, 40.3320067], [-7.7007363, 40.3315511], [-7.7005854, 40.331367], [-7.7004257, 40.3312101], [-7.7001641, 40.3310643], [-7.6998621, 40.3309457], [-7.6993613, 40.3308111], [-7.6992114, 40.3307398], [-7.6991149, 40.3306414], [-7.6987254, 40.3299931], [-7.6985198, 40.3296976], [-7.6984095, 40.3295836], [-7.6983052, 40.3295013], [-7.6978546, 40.3292232], [-7.6978058, 40.3291695], [-7.6977268, 40.3290376], [-7.6977259, 40.3277367], [-7.6977124, 40.3276022], [-7.6976464, 40.3275087], [-7.6975495, 40.3274256], [-7.6973511, 40.3273428]]}, "properties": {"highway": "primary", "oneway": "no", "ref": "EN 231", "source": "Bing"}}, {"type": "Feature", "geometry": {"type": "LineString", "coordinates": [[-7.6659454, 40.295745], [-7.6655362, 40.2952562], [-7.6654939, 40.2951881]]}, "properties": {"bridge": "yes", "highway": "primary", "layer": "1", "oneway": "no", "ref": "EN 231", "source": "Bing"}}, {"type": "Feature", "geometry": {"type": "LineString", "coordinates": [[-7.6654939, 40.2951881], [-7.6654729, 40.2951378], [-7.6654621, 40.2951043], [-7.6654561, 40.2950673], [-7.6654549, 40.2950306]]}, "properties": {"highway": "primary", "ref": "EN 231"}}, {"type": "Feature", "geometry": {"type": "LineString", "coordinates": [[-7.7163298, 40.3397237], [-7.7164956, 40.3398154], [-7.7167798, 40.3398796], [-7.7169424, 40.3399171], [-7.7170869, 40.3399763], [-7.7171816, 40.3400404], [-7.7172634, 40.3401194], [-7.7173055, 40.3401985]]}, "properties": {"highway": "primary", "oneway": "no", "ref": "EN 231", "source": "Bing"}}, {"type": "Feature", "geometry": {"type": "LineString", "coordinates": [[-7.7128671, 40.4014936], [-7.7129046, 40.4014971], [-7.7129409, 40.4014894], [-7.7129707, 40.4014717], [-7.7129892, 40.4014467], [-7.7129938, 40.4014183], [-7.7129836, 40.4013905], [-7.7129603, 40.4013678], [-7.7129276, 40.4013538]]}, "properties": {"highway": "primary", "junction": "roundabout", "ref": "EN 231", "source": "bing", "surface": "asphalt"}}, {"type": "Feature", "geometry": {"type": "LineString", "coordinates": [[-7.8854063, 40.5729543], [-7.8854397, 40.572998], [-7.8854869, 40.5730336], [-7.8855446, 40.5730587], [-7.8855922, 40.5730695], [-7.8856416, 40.5730731]]}, "properties": {"highway": "primary", "junction": "roundabout", "lane_markings": "yes", "lanes": "2", "ref": "EN 231", "source": "bing", "surface": "asphalt"}}, {"type": "Feature", "geometry": {"type": "LineString", "coordinates": [[-7.8674214, 40.5579227], [-7.8671868, 40.5572945], [-7.8669581, 40.5567071], [-7.8668645, 40.5564668], [-7.8667092, 40.5562184], [-7.8665092, 40.5560128], [-7.8654363, 40.5550975], [-7.8650715, 40.5547903], [-7.8644017, 40.5542264], [-7.8641093, 40.5539802], [-7.8637775, 40.5537782], [-7.8633046, 40.5536441], [-7.8625728, 40.5534922], [-7.8616787, 40.5532937], [-7.8611846, 40.5530738], [-7.8608129, 40.5528039], [-7.8600504, 40.5522403], [-7.8597476, 40.5520068], [-7.8594633, 40.5517942], [-7.8590321, 40.5514771], [-7.8588166, 40.5513029], [-7.8587065, 40.5511147], [-7.8585682, 40.5506764], [-7.8584453, 40.5499832], [-7.8584862, 40.5495299], [-7.8586876, 40.5491109], [-7.8591432, 40.5486646], [-7.8597361, 40.5483399], [-7.8605041, 40.5479323], [-7.8606964, 40.5478041], [-7.8608826, 40.5476482], [-7.8610682, 40.5474518], [-7.8612476, 40.5471886], [-7.861385, 40.5469254], [-7.861478, 40.5467325], [-7.8615369, 40.5464237], [-7.8615555, 40.5462548], [-7.8615243, 40.5460128], [-7.8614415, 40.5457245], [-7.8613578, 40.5455003], [-7.8611048, 40.5450633], [-7.860777, 40.5445396], [-7.8607469, 40.5444927], [-7.8603115, 40.5438067]]}, "properties": {"highway": "primary", "lanes": "2", "ref": "EN 231", "source": "Bing", "surface": "asphalt"}}, {"type": "Feature", "geometry": {"type": "LineString", "coordinates": [[-7.9107161, 40.6300772], [-7.9106256, 40.6303031], [-7.9105131, 40.6304359], [-7.9094774, 40.6315533], [-7.9093081, 40.631736], [-7.9092043, 40.6318604], [-7.9091843, 40.6318809], [-7.9089675, 40.6321211], [-7.9087992, 40.6323049], [-7.9079454, 40.6332612], [-7.9079172, 40.633286], [-7.9077933, 40.6333948], [-7.9076862, 40.6334612], [-7.9075263, 40.6335216]]}, "properties": {"highway": "primary", "lanes": "2", "maxspeed": "50", "name": "Avenida Dr. Alexandre Alves", "oneway": "yes", "ref": "EN 231", "surface": "asphalt"}}, {"type": "Feature", "geometry": {"type": "LineString", "coordinates": [[-7.9138248, 40.6277859], [-7.9137859, 40.6278582], [-7.913708, 40.6279458], [-7.9135473, 40.6280743], [-7.9133051, 40.6282576], [-7.9125494, 40.6288298], [-7.9123795, 40.6289585], [-7.9123487, 40.6289821], [-7.9116482, 40.6295184], [-7.9113203, 40.6297695], [-7.9111736, 40.6298292], [-7.9110178, 40.6298803]]}, "properties": {"access": "yes", "highway": "primary", "horse": "permissive", "lanes": "2", "maxspeed": "50", "name": "Avenida Dr. Alexandre Alves", "oneway": "yes", "ref": "EN 231", "surface": "asphalt"}}, {"type": "Feature", "geometry": {"type": "LineString", "coordinates": [[-7.909813, 40.6433688], [-7.9097936, 40.6432975], [-7.909757, 40.6432107], [-7.9096992, 40.6430147], [-7.9096857, 40.6429467], [-7.9096712, 40.6428793], [-7.9096444, 40.6426611], [-7.9096166, 40.6424769], [-7.9095984, 40.6423508], [-7.9095946, 40.6422195], [-7.9096045, 40.6419795], [-7.9096481, 40.6413622], [-7.9096559, 40.6413208], [-7.9096908, 40.6411925], [-7.9097196, 40.6411346], [-7.9098106, 40.6410244]]}, "properties": {"highway": "primary", "lanes": "2", "maxspeed": "50", "name": "Avenida Ant\u00f3nio Almeida Henriques", "name:etymology:wikidata": "Q16336402", "oneway": "yes", "ref": "EN 231", "surface": "asphalt"}}, {"type": "Feature", "geometry": {"type": "LineString", "coordinates": [[-7.9094391, 40.6410144], [-7.9094903, 40.6410688], [-7.9095091, 40.6411095], [-7.9095272, 40.6411571], [-7.9095335, 40.6412029], [-7.9095356, 40.6413164], [-7.9095318, 40.6414423], [-7.9094929, 40.6419384], [-7.9094819, 40.642122], [-7.9094819, 40.6423065], [-7.9094892, 40.6424166], [-7.9094952, 40.6424775], [-7.9095061, 40.6425759], [-7.9095155, 40.6426544], [-7.9095241, 40.6427387], [-7.9095587, 40.6430213], [-7.9095618, 40.6430797], [-7.909564, 40.6431228], [-7.9095597, 40.6431614], [-7.9095499, 40.6432236], [-7.909526, 40.6433249], [-7.9094701, 40.6434455]]}, "properties": {"highway": "primary", "lanes": "2", "maxspeed": "50", "name": "Avenida Ant\u00f3nio Almeida Henriques", "name:etymology:wikidata": "Q16336402", "oneway": "yes", "ref": "EN 231", "surface": "asphalt"}}, {"type": "Feature", "geometry": {"type": "LineString", "coordinates": [[-7.9075705, 40.6365185], [-7.9077603, 40.6366365], [-7.9077891, 40.6366615], [-7.9078331, 40.6366995], [-7.9079016, 40.636778], [-7.9079116, 40.6367953], [-7.9081584, 40.6372187], [-7.9083254, 40.6375064], [-7.9084441, 40.6377105], [-7.9093342, 40.6392405], [-7.9093795, 40.6393184], [-7.9094817, 40.639539], [-7.9095298, 40.639685], [-7.9095721, 40.6398531], [-7.9095969, 40.6400168], [-7.9096116, 40.6401178], [-7.9096123, 40.640146], [-7.9096123, 40.6402114], [-7.909608, 40.6403106], [-7.909591, 40.6404007], [-7.9095707, 40.6404799], [-7.9095349, 40.6405661], [-7.909502, 40.6406216], [-7.9094606, 40.6407071]]}, "properties": {"highway": "primary", "lanes": "2", "maxspeed": "50", "name": "Avenida Ant\u00f3nio Almeida Henriques", "name:etymology:wikidata": "Q16336402", "oneway": "yes", "ref": "EN 231", "surface": "asphalt"}}, {"type": "Feature", "geometry": {"type": "LineString", "coordinates": [[-7.9077899, 40.6361388], [-7.907611, 40.6360068], [-7.9075606, 40.6359294], [-7.9075118, 40.6358545], [-7.9074268, 40.6356933], [-7.9073523, 40.6355335], [-7.9072719, 40.6353014], [-7.9072379, 40.6351184], [-7.9072253, 40.6349478], [-7.9072245, 40.6347337], [-7.9072647, 40.634523], [-7.907327, 40.6343074], [-7.9073396, 40.634284], [-7.907416, 40.634143], [-7.9075326, 40.6340238], [-7.9076247, 40.6339267]]}, "properties": {"highway": "primary", "lanes": "2", "maxspeed": "50", "name": "Avenida Ant\u00f3nio Almeida Henriques", "name:etymology:wikidata": "Q16336402", "oneway": "yes", "ref": "EN 231", "surface": "asphalt"}}, {"type": "Feature", "geometry": {"type": "LineString", "coordinates": [[-7.9098064, 40.6407092], [-7.9097699, 40.6406286], [-7.9097604, 40.6406015], [-7.9097332, 40.6405234], [-7.9097213, 40.6404446], [-7.909721, 40.6404048], [-7.9097211, 40.6403693], [-7.9097238, 40.6401969], [-7.9097118, 40.6400218], [-7.9096904, 40.6398958], [-7.9096833, 40.6398536], [-7.9096489, 40.6396864], [-7.9095979, 40.6395284], [-7.9095305, 40.6393703], [-7.9094412, 40.6392064], [-7.9093477, 40.6390349], [-7.9090561, 40.6385287], [-7.908872, 40.6382092], [-7.9085233, 40.6376039], [-7.9084334, 40.6374479], [-7.9082614, 40.6371484], [-7.9080347, 40.6367559], [-7.908028, 40.6367442], [-7.9079797, 40.6366041], [-7.9079567, 40.6364684]]}, "properties": {"highway": "primary", "lanes": "2", "maxspeed": "50", "name": "Avenida Ant\u00f3nio Almeida Henriques", "name:etymology:wikidata": "Q16336402", "oneway": "yes", "ref": "EN 231", "surface": "asphalt"}}, {"type": "Feature", "geometry": {"type": "LineString", "coordinates": [[-7.9073533, 40.6337677], [-7.9073199, 40.6339731], [-7.9072739, 40.6341156], [-7.9072183, 40.6342567], [-7.907212, 40.6342728], [-7.9071839, 40.6343259], [-7.9071144, 40.6346275], [-7.9070917, 40.6348724], [-7.9070945, 40.6350907], [-7.9071255, 40.635278], [-7.9071494, 40.635385], [-7.9071814, 40.6354877], [-7.9072558, 40.6356707], [-7.9073812, 40.6359288], [-7.9074023, 40.6359732], [-7.9074321, 40.6360358], [-7.9074475, 40.6361376], [-7.9074595, 40.6362953]]}, "properties": {"highway": "primary", "lanes": "2", "maxspeed": "50", "name": "Avenida Ant\u00f3nio Almeida Henriques", "name:etymology:wikidata": "Q16336402", "oneway": "yes", "ref": "EN 231", "surface": "asphalt"}}, {"type": "Feature", "geometry": {"type": "LineString", "coordinates": [[-7.9078817, 40.6336702], [-7.9079249, 40.633507], [-7.9079888, 40.633383], [-7.9080264, 40.6333416], [-7.9081708, 40.633183], [-7.9083609, 40.6329741], [-7.9086501, 40.6326564], [-7.9089325, 40.632346], [-7.909319, 40.6319219], [-7.9094776, 40.631747], [-7.9104104, 40.6307219], [-7.910617, 40.6304949], [-7.9107505, 40.6303754], [-7.9109664, 40.6302729]]}, "properties": {"highway": "primary", "lanes": "2", "maxspeed": "50", "name": "Avenida Dr. Alexandre Alves", "oneway": "yes", "ref": "EN 231", "surface": "asphalt"}}, {"type": "Feature", "geometry": {"type": "LineString", "coordinates": [[-7.907997, 40.6364061], [-7.9080086, 40.6363374], [-7.9079902, 40.6362695], [-7.907944, 40.6362098], [-7.9078747, 40.6361646], [-7.9077899, 40.6361388]]}, "properties": {"highway": "primary", "junction": "roundabout", "lanes": "3", "ref": "EN 231", "surface": "asphalt"}}, {"type": "Feature", "geometry": {"type": "LineString", "coordinates": [[-7.9156873, 40.6252289], [-7.9156603, 40.6253538], [-7.9156118, 40.625493], [-7.9154444, 40.6257097], [-7.9153341, 40.6258532], [-7.9151185, 40.6261337], [-7.9141688, 40.6273692], [-7.9139503, 40.6276194]]}, "properties": {"highway": "primary", "lanes": "2", "maxspeed": "50", "name": "Avenida Dr. Alexandre Alves", "oneway": "yes", "ref": "EN 231", "source": "Bing", "surface": "asphalt"}}, {"type": "Feature", "geometry": {"type": "LineString", "coordinates": [[-7.9078817, 40.6336702], [-7.9078468, 40.6336063], [-7.907786, 40.6335547], [-7.9077061, 40.6335213], [-7.9076162, 40.6335099], [-7.9075263, 40.6335216]]}, "properties": {"highway": "primary", "junction": "roundabout", "lanes": "3", "ref": "EN 231", "surface": "asphalt"}}, {"type": "Feature", "geometry": {"type": "LineString", "coordinates": [[-7.9110178, 40.6298803], [-7.9109502, 40.6298788], [-7.9108843, 40.6298906], [-7.9108155, 40.6299201], [-7.9107616, 40.6299638], [-7.9107274, 40.6300179], [-7.9107161, 40.6300772]]}, "properties": {"highway": "primary", "junction": "roundabout", "lanes": "3", "ref": "EN 231", "surface": "asphalt"}}, {"type": "Feature", "geometry": {"type": "LineString", "coordinates": [[-7.9140253, 40.6279316], [-7.9140915, 40.6279288], [-7.914164, 40.6279017], [-7.9142156, 40.6278623], [-7.9142468, 40.627812], [-7.914254, 40.6277567], [-7.9142365, 40.6277028]]}, "properties": {"highway": "primary", "junction": "roundabout", "lanes": "2", "ref": "EN 231", "surface": "asphalt"}}, {"type": "Feature", "geometry": {"type": "LineString", "coordinates": [[-7.9112284, 40.6301256], [-7.9112992, 40.6299682], [-7.9113846, 40.6298445], [-7.911516, 40.6297246], [-7.9117321, 40.6295607], [-7.9121183, 40.6292678], [-7.9124467, 40.6290187], [-7.9124923, 40.6289841], [-7.9128569, 40.6287075], [-7.9129877, 40.6286083], [-7.9131484, 40.6284864], [-7.9137212, 40.6280763], [-7.9137932, 40.6280247], [-7.9140253, 40.6279316]]}, "properties": {"highway": "primary", "lanes": "2", "maxspeed": "50", "name": "Avenida Dr. Alexandre Alves", "oneway": "yes", "ref": "EN 231", "surface": "asphalt"}}, {"type": "Feature", "geometry": {"type": "LineString", "coordinates": [[-7.9142365, 40.6277028], [-7.9142369, 40.6275535], [-7.9142459, 40.6274796], [-7.9142658, 40.627418], [-7.9143619, 40.6272796], [-7.9148719, 40.6266205], [-7.9151431, 40.6262689], [-7.9152029, 40.6261914], [-7.9154545, 40.6258644], [-7.9155788, 40.6256966], [-7.915703, 40.6255289], [-7.9159485, 40.6253686]]}, "properties": {"highway": "primary", "lanes": "2", "maxspeed": "50", "name": "Avenida Dr. Alexandre Alves", "oneway": "yes", "ref": "EN 231", "surface": "asphalt"}}, {"type": "Feature", "geometry": {"type": "LineString", "coordinates": [[-7.9156873, 40.6252289], [-7.9157248, 40.6252875], [-7.9157857, 40.6253334], [-7.9158631, 40.6253615], [-7.9159485, 40.6253686]]}, "properties": {"highway": "primary", "junction": "roundabout", "lanes": "3", "ref": "EN 231", "surface": "asphalt"}}, {"type": "Feature", "geometry": {"type": "LineString", "coordinates": [[-7.9161687, 40.6250985], [-7.916175, 40.6250322], [-7.916204, 40.6249438], [-7.9162448, 40.6248652], [-7.9162904, 40.6247788], [-7.9170698, 40.6237553], [-7.9171942, 40.6236092], [-7.9173338, 40.6234687], [-7.9174366, 40.623392], [-7.9175326, 40.6233292], [-7.917627, 40.6232735], [-7.9177424, 40.6232244], [-7.9178272, 40.6231942]]}, "properties": {"highway": "primary", "lanes": "2", "maxspeed": "50", "name": "Avenida Dr. Alexandre Alves", "oneway": "yes", "ref": "EN 231", "source": "Bing", "surface": "asphalt"}}, {"type": "Feature", "geometry": {"type": "LineString", "coordinates": [[-7.7087757, 40.3825187], [-7.7088288, 40.3826161], [-7.7089609, 40.3827023], [-7.7090251, 40.3827085]]}, "properties": {"bridge": "yes", "highway": "primary", "layer": "1", "maxweight:signed": "no", "oneway": "no", "ref": "EN 231", "sidewalk": "both", "smoothness": "good", "source": "Bing", "surface": "asphalt"}}, {"type": "Feature", "geometry": {"type": "LineString", "coordinates": [[-7.7211536, 40.4180472], [-7.7211031, 40.4180605], [-7.7210591, 40.4180835], [-7.7210245, 40.4181145], [-7.721002, 40.4181514], [-7.7209937, 40.4181831], [-7.7209943, 40.4182154], [-7.7210109, 40.4182602], [-7.7210445, 40.4182992], [-7.7210919, 40.4183286], [-7.7211487, 40.4183458], [-7.7212191, 40.4183484], [-7.7212863, 40.4183323], [-7.7213421, 40.4182995], [-7.7213795, 40.418254]]}, "properties": {"highway": "primary", "junction": "roundabout", "lanes": "2", "name": "Variante de Seia", "ref": "EN 231"}}, {"type": "Feature", "geometry": {"type": "LineString", "coordinates": [[-7.7212191, 40.4183484], [-7.7212983, 40.4183968], [-7.7214298, 40.418505], [-7.7215478, 40.4186234]]}, "properties": {"highway": "primary", "name": "Variante de Seia", "oneway": "yes", "ref": "EN 231", "source": "bing"}}, {"type": "Feature", "geometry": {"type": "LineString", "coordinates": [[-7.7209792, 40.4179545], [-7.7210061, 40.4180251], [-7.7210203, 40.4180623], [-7.721002, 40.4181514]]}, "properties": {"highway": "primary", "name": "Variante de Seia", "oneway": "yes", "ref": "EN 231", "source": "bing"}}, {"type": "Feature", "geometry": {"type": "LineString", "coordinates": [[-7.7187426, 40.432496], [-7.7191113, 40.432477]]}, "properties": {"highway": "primary", "oneway": "yes", "ref": "EN 231", "surface": "asphalt"}}, {"type": "Feature", "geometry": {"type": "LineString", "coordinates": [[-7.7211536, 40.4180472], [-7.7211025, 40.4180169], [-7.7209792, 40.4179545]]}, "properties": {"highway": "primary", "name": "Variante de Seia", "oneway": "yes", "ref": "EN 231", "source": "bing"}}, {"type": "Feature", "geometry": {"type": "LineString", "coordinates": [[-7.7209792, 40.4179545], [-7.7206297, 40.4175593], [-7.7205116, 40.4174258], [-7.7202472, 40.4171268], [-7.7200359, 40.4168697], [-7.7198703, 40.4166269], [-7.7197757, 40.4164551], [-7.7196976, 40.4162793], [-7.7196363, 40.4160804], [-7.7195979, 40.4158751], [-7.7195759, 40.4156638], [-7.7195738, 40.4154559], [-7.7196672, 40.414233], [-7.7197081, 40.4136508], [-7.7197148, 40.4134167], [-7.7197074, 40.4133284], [-7.7196927, 40.4131539], [-7.7196571, 40.4129935], [-7.7196354, 40.4128957], [-7.7195579, 40.4126626], [-7.7194242, 40.4124081], [-7.719311, 40.412242], [-7.7191775, 40.4120684], [-7.7190312, 40.4119195], [-7.7187987, 40.4117265], [-7.7185777, 40.4115705], [-7.7182747, 40.4114044], [-7.7178579, 40.4112167], [-7.7169213, 40.4108695], [-7.7165855, 40.4107163], [-7.7162459, 40.4105297], [-7.7157993, 40.4102645], [-7.7154957, 40.4101142], [-7.7152862, 40.410028], [-7.7150126, 40.4099398], [-7.7147092, 40.4098708], [-7.7139966, 40.4097502], [-7.7125694, 40.4094991], [-7.7122642, 40.4094594], [-7.7119776, 40.4094415], [-7.7116298, 40.4094448], [-7.7112678, 40.4094827], [-7.7109133, 40.4095492], [-7.7103652, 40.4096734], [-7.710048, 40.4097334], [-7.7097307, 40.4097665], [-7.7094115, 40.4097869], [-7.7081558, 40.4098076], [-7.7079255, 40.4098079], [-7.7076936, 40.4097857]]}, "properties": {"highway": "primary", "lanes:forward": "2", "name": "Variante de Seia", "ref": "EN 231", "surface": "asphalt"}}, {"type": "Feature", "geometry": {"type": "LineString", "coordinates": [[-7.7215478, 40.4186234], [-7.72147, 40.4184846], [-7.7213958, 40.4183584], [-7.7213795, 40.418254]]}, "properties": {"highway": "primary", "name": "Variante de Seia", "oneway": "yes", "ref": "EN 231", "source": "bing"}}, {"type": "Feature", "geometry": {"type": "LineString", "coordinates": [[-7.7146211, 40.4280624], [-7.7146903, 40.4281738], [-7.7151903, 40.428924], [-7.7154747, 40.4293506], [-7.7155164, 40.4294131], [-7.7156559, 40.4295969], [-7.7157527, 40.429703], [-7.7160468, 40.4299811], [-7.7161275, 40.4300326], [-7.7165143, 40.4302793], [-7.7172675, 40.4307377], [-7.7176795, 40.4309757], [-7.7177165, 40.430997], [-7.7178314, 40.4310634], [-7.7178472, 40.4310746], [-7.7179364, 40.4311378]]}, "properties": {"highway": "primary", "lanes": "2", "name": "Avenida Terras de Sena", "oneway": "yes", "ref": "EN 231", "surface": "asphalt"}}, {"type": "Feature", "geometry": {"type": "LineString", "coordinates": [[-7.7215478, 40.4186234], [-7.721698, 40.4188501], [-7.721824, 40.4191401], [-7.7218894, 40.4193781], [-7.721924, 40.4196495], [-7.7219047, 40.4199119], [-7.7218574, 40.4201561], [-7.7217577, 40.4204291], [-7.7216087, 40.4207507], [-7.7214297, 40.421058], [-7.7211376, 40.4215594], [-7.7211159, 40.4215966], [-7.7205348, 40.4225792], [-7.720466, 40.4226946], [-7.7200637, 40.4233695], [-7.7198922, 40.4236192], [-7.719712, 40.4238348], [-7.7194867, 40.4240642], [-7.7192464, 40.4242735], [-7.7188699, 40.4245254], [-7.7185878, 40.4246894], [-7.7183073, 40.4248267], [-7.7179409, 40.4250005], [-7.7177615, 40.4250856], [-7.7173491, 40.4252954], [-7.7172887, 40.4253317], [-7.7170992, 40.4254457], [-7.716854, 40.425629], [-7.7166734, 40.425793], [-7.7165122, 40.4259693], [-7.7164199, 40.4260923], [-7.7162932, 40.4262936], [-7.7162316, 40.4263916], [-7.7158964, 40.4270718], [-7.7158007, 40.4272213], [-7.7156881, 40.4273632], [-7.7155606, 40.4274744], [-7.7154135, 40.4275803], [-7.7152616, 40.4276654], [-7.7151712, 40.4276994], [-7.7151105, 40.4277222]]}, "properties": {"highway": "primary", "name": "Variante de Seia", "ref": "EN 231", "source": "bing", "surface": "asphalt"}}, {"type": "Feature", "geometry": {"type": "LineString", "coordinates": [[-7.7191113, 40.432477], [-7.7189084, 40.4323276], [-7.7188082, 40.4322527]]}, "properties": {"highway": "primary", "oneway": "yes", "ref": "EN 231", "surface": "asphalt"}}, {"type": "Feature", "geometry": {"type": "LineString", "coordinates": [[-7.8521393, 40.5280748], [-7.8522383, 40.5281662], [-7.8523236, 40.5282449], [-7.8524202, 40.5282881]]}, "properties": {"highway": "primary", "oneway": "yes", "ref": "EN 231"}}, {"type": "Feature", "geometry": {"type": "LineString", "coordinates": [[-7.8538607, 40.529191], [-7.8541932, 40.5294875], [-7.854368, 40.5296954], [-7.8543769, 40.5297066]]}, "properties": {"highway": "primary", "ref": "EN 231", "surface": "sett"}}, {"type": "Feature", "geometry": {"type": "LineString", "coordinates": [[-7.7076936, 40.4097857], [-7.7075624, 40.4097429], [-7.707435, 40.4097118], [-7.7073172, 40.4096729], [-7.7072071, 40.4096156]]}, "properties": {"highway": "primary", "lanes:forward": "2", "oneway": "yes", "ref": "EN 231", "surface": "asphalt"}}, {"type": "Feature", "geometry": {"type": "LineString", "coordinates": [[-7.7071308, 40.409755], [-7.7072596, 40.4097389], [-7.7073538, 40.4097426], [-7.7075812, 40.4097673], [-7.7076936, 40.4097857]]}, "properties": {"highway": "primary", "oneway": "yes", "ref": "EN 231", "surface": "asphalt"}}, {"type": "Feature", "geometry": {"type": "LineString", "coordinates": [[-7.7071587, 40.4095086], [-7.7070979, 40.4094648], [-7.7070214, 40.4094391], [-7.7069391, 40.4094345], [-7.7068595, 40.409451], [-7.7067916, 40.4094867], [-7.7067495, 40.4095285], [-7.7067244, 40.4095775], [-7.706718, 40.4096196], [-7.7067243, 40.4096618], [-7.7067429, 40.4097018], [-7.706773, 40.4097375], [-7.7068053, 40.4097625], [-7.7068433, 40.4097824], [-7.7068854, 40.4097966], [-7.7069646, 40.4098061], [-7.7070435, 40.4097956], [-7.7071308, 40.409755], [-7.7071731, 40.4097146], [-7.7071992, 40.4096669], [-7.7072071, 40.4096156]]}, "properties": {"highway": "primary", "junction": "roundabout", "ref": "EN 231", "surface": "asphalt"}}, {"type": "Feature", "geometry": {"type": "LineString", "coordinates": [[-7.7096053, 40.4066932], [-7.709576, 40.4068302], [-7.7095435, 40.4069347], [-7.7094884, 40.4070634], [-7.7093708, 40.4072326], [-7.7088265, 40.4078938], [-7.7087867, 40.4079421], [-7.7084582, 40.408302], [-7.7081102, 40.4086172], [-7.7077419, 40.4089626], [-7.7075452, 40.4091256], [-7.7074124, 40.4092216], [-7.7072833, 40.4093105]]}, "properties": {"highway": "primary", "ref": "EN 231", "source": "Bing", "surface": "asphalt"}}, {"type": "Feature", "geometry": {"type": "LineString", "coordinates": [[-7.8539123, 40.5335029], [-7.8539447, 40.5335041], [-7.853976, 40.5334977], [-7.8540032, 40.5334842], [-7.8540235, 40.5334649], [-7.8540351, 40.5334419], [-7.8540367, 40.5334172], [-7.8540282, 40.5333934], [-7.8540104, 40.5333727], [-7.8539851, 40.5333573], [-7.8539547, 40.5333485]]}, "properties": {"highway": "primary", "junction": "roundabout", "ref": "EN 231"}}, {"type": "Feature", "geometry": {"type": "LineString", "coordinates": [[-7.7129276, 40.4013538], [-7.713012, 40.401261], [-7.7132309, 40.4009995], [-7.7135302, 40.4007722], [-7.7135644, 40.4007421], [-7.7135943, 40.4007084], [-7.7135989, 40.4006706]]}, "properties": {"highway": "primary", "name": "Rua de Santo Ant\u00f3nio", "oneway": "yes", "ref": "EN 231", "surface": "asphalt"}}, {"type": "Feature", "geometry": {"type": "LineString", "coordinates": [[-7.7125773, 40.4008718], [-7.7125548, 40.4009163], [-7.7125358, 40.4009776], [-7.7125595, 40.4010406], [-7.7128538, 40.401358]]}, "properties": {"highway": "primary", "lane_markings": "no", "name": "Avenida Dona Ana Nogueira", "oneway": "yes", "ref": "EN 231", "source": "Bing", "surface": "asphalt"}}, {"type": "Feature", "geometry": {"type": "LineString", "coordinates": [[-7.8234633, 40.5022538], [-7.8228271, 40.5025496]]}, "properties": {"bridge": "yes", "highway": "primary", "layer": "1", "ref": "EN 231", "surface": "asphalt"}}, {"type": "Feature", "geometry": {"type": "LineString", "coordinates": [[-7.8525604, 40.5283773], [-7.8527808, 40.5285137]]}, "properties": {"bridge": "viaduct", "highway": "primary", "layer": "1", "ref": "EN 231", "surface": "sett"}}, {"type": "Feature", "geometry": {"type": "LineString", "coordinates": [[-7.8546144, 40.5298288], [-7.8544101, 40.5297237], [-7.8543769, 40.5297066]]}, "properties": {"highway": "primary", "oneway": "yes", "ref": "EN 231", "source": "bing", "surface": "sett"}}, {"type": "Feature", "geometry": {"type": "LineString", "coordinates": [[-7.8546015, 40.5302746], [-7.8546901, 40.5304439]]}, "properties": {"highway": "primary", "name": "Avenida Jo\u00e3o XXIII", "oneway": "yes", "ref": "EN 231", "source": "bing", "surface": "sett"}}, {"type": "Feature", "geometry": {"type": "LineString", "coordinates": [[-7.8543769, 40.5297066], [-7.8543871, 40.5297364], [-7.8544515, 40.5299239]]}, "properties": {"highway": "primary", "oneway": "yes", "ref": "EN 231", "source": "bing", "surface": "sett"}}, {"type": "Feature", "geometry": {"type": "LineString", "coordinates": [[-7.8546901, 40.5304439], [-7.854689, 40.5304711], [-7.8546713, 40.5309327], [-7.8546498, 40.5310468], [-7.8545684, 40.5313367], [-7.8544115, 40.5317991], [-7.8543748, 40.531929], [-7.8543449, 40.5320352], [-7.8539547, 40.5333485]]}, "properties": {"highway": "primary", "lanes": "1", "maxspeed": "50", "name": "Avenida Jo\u00e3o XXIII", "ref": "EN 231", "surface": "sett"}}, {"type": "Feature", "geometry": {"type": "LineString", "coordinates": [[-7.8535367, 40.5350404], [-7.8535743, 40.5351382], [-7.8536246, 40.5352457], [-7.8537412, 40.5354126], [-7.8541125, 40.5357999], [-7.8544675, 40.5362472], [-7.854576, 40.536384], [-7.8551471, 40.5370991], [-7.8553711, 40.5373711], [-7.8560606, 40.5382083], [-7.8563671, 40.5385804]]}, "properties": {"highway": "primary", "name": "Avenida da Liberdade", "ref": "EN 231", "surface": "asphalt"}}, {"type": "Feature", "geometry": {"type": "LineString", "coordinates": [[-7.8546015, 40.5302746], [-7.8546896, 40.530266], [-7.8547665, 40.5302323]]}, "properties": {"highway": "primary", "junction": "roundabout", "ref": "EN 231", "source": "bing", "surface": "sett"}}, {"type": "Feature", "geometry": {"type": "LineString", "coordinates": [[-7.8518874, 40.5277752], [-7.8517126, 40.5276827], [-7.8516019, 40.5275132], [-7.8514399, 40.5270671], [-7.8510617, 40.5255649], [-7.8510309, 40.5255251], [-7.85069, 40.525085], [-7.8503418, 40.5248419], [-7.8494555, 40.524223], [-7.8479667, 40.5231833], [-7.8474467, 40.52262], [-7.8466433, 40.5215717], [-7.8462, 40.5211683], [-7.8460522, 40.5210834], [-7.8458149, 40.5209471], [-7.8456596, 40.5208652], [-7.8449206, 40.5205749], [-7.8442695, 40.5203396], [-7.8439353, 40.5202124], [-7.8437597, 40.5201037], [-7.8435732, 40.5199582], [-7.8434513, 40.5197977], [-7.8431376, 40.5192965], [-7.8431, 40.5192365], [-7.8418033, 40.517165], [-7.8415617, 40.5168633], [-7.8414133, 40.5167367], [-7.841225, 40.5166567], [-7.8401217, 40.5163533], [-7.8394786, 40.5161471], [-7.8381883, 40.5157333], [-7.837685, 40.51546], [-7.8374933, 40.515195], [-7.8374717, 40.5148667], [-7.83758, 40.5145417], [-7.838148, 40.5139004], [-7.838307, 40.5137199], [-7.8390425, 40.5127672], [-7.8391576, 40.5125755], [-7.8392412, 40.5123917], [-7.8394983, 40.5114517], [-7.8395803, 40.5112664], [-7.8397057, 40.5110973], [-7.8398876, 40.5109281], [-7.8408117, 40.5102833], [-7.841965, 40.5096533], [-7.8421462, 40.509521], [-7.8422574, 40.5093394], [-7.8423039, 40.5091719], [-7.8422509, 40.5084918], [-7.8421892, 40.5082935], [-7.8420437, 40.5081076], [-7.8418428, 40.5079568], [-7.840995, 40.507535], [-7.8389483, 40.5064417], [-7.83797, 40.5057033], [-7.8375267, 40.5054583], [-7.8370548, 40.5052893], [-7.836733, 40.5052097], [-7.835015, 40.50472], [-7.8344467, 40.5044767], [-7.834305, 40.5043617], [-7.8341833, 40.50405], [-7.834215, 40.5029583], [-7.8341067, 40.502615], [-7.8332467, 40.5017017], [-7.8331, 40.5013468], [-7.8329104, 40.5007767], [-7.8328383, 40.5006156], [-7.8327283, 40.500495], [-7.8325804, 40.5003677], [-7.832422, 40.5002868], [-7.832381, 40.5002729], [-7.8322545, 40.50023], [-7.8318781, 40.5001621], [-7.8313417, 40.5001911], [-7.8303276, 40.5003244], [-7.8271275, 40.5006573], [-7.8268799, 40.5006902], [-7.8268518, 40.5006941], [-7.8265913, 40.5007313], [-7.8250312, 40.5009181], [-7.8247487, 40.5009603], [-7.8246847, 40.5009774], [-7.82458, 40.5010054], [-7.8244125, 40.5010818], [-7.8242677, 40.5011871], [-7.8241485, 40.5013088], [-7.8240207, 40.501498], [-7.8238866, 40.5017959], [-7.8237816, 40.5019665], [-7.8236463, 40.502114], [-7.8235575, 40.5021936], [-7.8234633, 40.5022538]]}, "properties": {"highway": "primary", "lanes": "2", "layer": "1", "ref": "EN 231", "surface": "asphalt"}}, {"type": "Feature", "geometry": {"type": "LineString", "coordinates": [[-7.8524202, 40.5282881], [-7.8524315, 40.5282953], [-7.8525604, 40.5283773]]}, "properties": {"highway": "primary", "ref": "EN 231", "surface": "sett"}}, {"type": "Feature", "geometry": {"type": "LineString", "coordinates": [[-7.8518874, 40.5277752], [-7.8520037, 40.5279281]]}, "properties": {"highway": "primary", "layer": "1", "oneway": "yes", "ref": "EN 231"}}, {"type": "Feature", "geometry": {"type": "LineString", "coordinates": [[-7.8520624, 40.527813], [-7.8518874, 40.5277752]]}, "properties": {"highway": "primary", "layer": "1", "oneway": "yes", "ref": "EN 231"}}, {"type": "Feature", "geometry": {"type": "LineString", "coordinates": [[-7.8568168, 40.5391109], [-7.8567929, 40.5389624]]}, "properties": {"highway": "primary", "oneway": "yes", "ref": "EN 231", "source": "Bing"}}, {"type": "Feature", "geometry": {"type": "LineString", "coordinates": [[-7.8566026, 40.5387026], [-7.8563671, 40.5385804]]}, "properties": {"highway": "primary", "name": "Avenida da Liberdade", "oneway": "yes", "ref": "EN 231", "surface": "asphalt"}}, {"type": "Feature", "geometry": {"type": "LineString", "coordinates": [[-7.8566276, 40.5390315], [-7.8568168, 40.5391109]]}, "properties": {"highway": "primary", "oneway": "yes", "ref": "EN 231", "source": "Bing", "surface": "asphalt"}}, {"type": "Feature", "geometry": {"type": "LineString", "coordinates": [[-7.8563671, 40.5385804], [-7.8564282, 40.538785]]}, "properties": {"highway": "primary", "name": "Avenida da Liberdade", "oneway": "yes", "ref": "EN 231"}}, {"type": "Feature", "geometry": {"type": "LineString", "coordinates": [[-7.712676, 40.4015928], [-7.7114918, 40.4024221], [-7.7113934, 40.4025087], [-7.7113531, 40.4025805], [-7.7113351, 40.402646], [-7.711342, 40.4027284], [-7.7113975, 40.4028784], [-7.7114364, 40.4029777], [-7.7116139, 40.4033982], [-7.7116556, 40.4035873], [-7.7116511, 40.4036657], [-7.7116299, 40.4037506]]}, "properties": {"highway": "primary", "ref": "EN 231", "sidewalk": "both", "source": "Bing", "surface": "asphalt"}}, {"type": "Feature", "geometry": {"type": "LineString", "coordinates": [[-7.7128009, 40.4014291], [-7.7127457, 40.4014904], [-7.712676, 40.4015928]]}, "properties": {"highway": "primary", "lanes": "1", "oneway": "yes", "ref": "EN 231", "source": "Bing", "surface": "asphalt"}}, {"type": "Feature", "geometry": {"type": "LineString", "coordinates": [[-7.7122595, 40.3924033], [-7.7124175, 40.3925312], [-7.7127835, 40.3927539], [-7.7129078, 40.3928805], [-7.712962, 40.393042], [-7.7128721, 40.3933189], [-7.7128313, 40.3934447], [-7.7128283, 40.3936404], [-7.7128959, 40.3937655], [-7.7129596, 40.3938194], [-7.7133267, 40.3940712], [-7.7135043, 40.3942144], [-7.7135923, 40.3944329], [-7.713604, 40.3946807], [-7.7135718, 40.3950974], [-7.7134506, 40.3952875], [-7.7133895, 40.3953834], [-7.7131641, 40.3955795], [-7.7130032, 40.3958083], [-7.7130139, 40.3961842], [-7.712971, 40.3963639], [-7.7128101, 40.3965028], [-7.7124024, 40.3966254], [-7.7122553, 40.3966915], [-7.7121333, 40.3967762], [-7.7120056, 40.3968916], [-7.7118981, 40.3970094], [-7.7118981, 40.3970843], [-7.7119117, 40.3971796], [-7.712089, 40.3975545], [-7.7121446, 40.3976729], [-7.7121645, 40.3977659], [-7.7121234, 40.3978837], [-7.7117456, 40.3985413], [-7.7115551, 40.3988973], [-7.7115507, 40.3989934], [-7.7116302, 40.3991136]]}, "properties": {"highway": "primary", "lanes": "2", "name": "Avenida Doutor Joaquim Ferreira da Fonseca", "oneway": "no", "ref": "EN 231", "sidewalk": "no", "smoothness": "good", "source": "Bing", "surface": "asphalt"}}, {"type": "Feature", "geometry": {"type": "LineString", "coordinates": [[-7.7116302, 40.3991136], [-7.7117694, 40.399338], [-7.7117914, 40.3994217], [-7.7117715, 40.3995333], [-7.7116793, 40.3997688], [-7.7116715, 40.3997887], [-7.7116471, 40.3999037], [-7.711667, 40.3999972], [-7.7116728, 40.4000244], [-7.711775, 40.4001343], [-7.7122703, 40.400428], [-7.7123622, 40.4005155]]}, "properties": {"highway": "primary", "lanes": "2", "name": "Avenida Dona Ana Nogueira", "oneway": "no", "ref": "EN 231", "smoothness": "intermediate", "source": "Bing", "surface": "asphalt"}}, {"type": "Feature", "geometry": {"type": "LineString", "coordinates": [[-7.7135989, 40.4006706], [-7.7135692, 40.4006099], [-7.7135123, 40.4005597], [-7.7134253, 40.400497], [-7.7133709, 40.4004797], [-7.7132842, 40.4004746], [-7.7132254, 40.4005134], [-7.7131022, 40.4006451], [-7.7129416, 40.4007811], [-7.7128387, 40.4008407], [-7.712707, 40.4008765], [-7.7126335, 40.400883], [-7.7125773, 40.4008718]]}, "properties": {"highway": "primary", "name": "Avenida 25 de Abril", "oneway": "yes", "ref": "EN 231", "surface": "asphalt"}}, {"type": "Feature", "geometry": {"type": "LineString", "coordinates": [[-7.8856401, 40.572687], [-7.8852793, 40.5725848]]}, "properties": {"highway": "primary", "lane_markings": "yes", "lanes": "1", "oneway": "yes", "ref": "EN 231", "source": "bing", "surface": "asphalt"}}, {"type": "Feature", "geometry": {"type": "LineString", "coordinates": [[-7.712676, 40.4015928], [-7.7128671, 40.4014936]]}, "properties": {"highway": "primary", "lanes": "1", "oneway": "yes", "ref": "EN 231", "source": "Bing", "surface": "asphalt"}}, {"type": "Feature", "geometry": {"type": "LineString", "coordinates": [[-7.8524202, 40.5282881], [-7.8523691, 40.5280357]]}, "properties": {"highway": "primary", "oneway": "yes", "ref": "EN 231"}}, {"type": "Feature", "geometry": {"type": "LineString", "coordinates": [[-7.8858356, 40.5732195], [-7.8858212, 40.5730161]]}, "properties": {"highway": "primary", "lane_markings": "yes", "lanes": "1", "oneway": "yes", "ref": "EN 231", "source": "bing", "surface": "asphalt"}}, {"type": "Feature", "geometry": {"type": "LineString", "coordinates": [[-7.8856416, 40.5730731], [-7.8857086, 40.5731236], [-7.8858356, 40.5732195]]}, "properties": {"highway": "primary", "lane_markings": "yes", "lanes": "1", "oneway": "yes", "ref": "EN 231", "source": "bing", "surface": "asphalt"}}, {"type": "Feature", "geometry": {"type": "LineString", "coordinates": [[-7.8852793, 40.5725848], [-7.8853503, 40.5727089], [-7.885406, 40.5728063]]}, "properties": {"highway": "primary", "lane_markings": "yes", "lanes": "1", "oneway": "yes", "ref": "EN 231", "source": "bing", "surface": "asphalt"}}, {"type": "Feature", "geometry": {"type": "LineString", "coordinates": [[-7.9113706, 40.6474442], [-7.9113336, 40.6474202], [-7.9113007, 40.6473923], [-7.9112713, 40.6473629], [-7.9112576, 40.6473397], [-7.9112521, 40.6473304], [-7.9112209, 40.6472526], [-7.9105716, 40.645801], [-7.9105575, 40.6457635], [-7.9105006, 40.645638], [-7.9104012, 40.6454135], [-7.9102978, 40.6451799], [-7.9101316, 40.6447726], [-7.9101256, 40.6447578], [-7.9101217, 40.6447482], [-7.9101053, 40.6447071], [-7.9100749, 40.6446334], [-7.9099359, 40.6442032], [-7.9099315, 40.6441871], [-7.9098906, 40.6440258], [-7.9098841, 40.6439102], [-7.9098883, 40.6438678], [-7.9099041, 40.6436579]]}, "properties": {"highway": "primary", "lanes": "2", "name": "Avenida Doutor Alexandre Alves", "oneway": "yes", "ref": "EN 231", "source": "Bing", "surface": "asphalt"}}, {"type": "Feature", "geometry": {"type": "LineString", "coordinates": [[-7.9123017, 40.6490726], [-7.9122496, 40.6490418], [-7.912158, 40.6489826], [-7.912078, 40.6489145], [-7.9120122, 40.6488445], [-7.9119674, 40.6487871], [-7.9118987, 40.6486828], [-7.9118295, 40.6485617], [-7.9117575, 40.6484373], [-7.9116833, 40.6482935], [-7.9116257, 40.648182], [-7.9115818, 40.6480899], [-7.9115664, 40.6480577], [-7.911519, 40.6479546], [-7.9114988, 40.6479106], [-7.9114839, 40.647858], [-7.9114744, 40.6477776], [-7.9114586, 40.6476868]]}, "properties": {"highway": "primary", "lanes": "2", "name": "Avenida Doutor Alexandre Alves", "oneway": "yes", "ref": "EN 231", "source": "Bing", "surface": "asphalt"}}, {"type": "Feature", "geometry": {"type": "LineString", "coordinates": [[-7.7240754, 40.2484624], [-7.7240485, 40.2485609], [-7.7240589, 40.2488825], [-7.7240593, 40.2488925], [-7.7240512, 40.2490235], [-7.7240378, 40.2492672]]}, "properties": {"highway": "primary", "oneway": "yes", "ref": "EN 231"}}, {"type": "Feature", "geometry": {"type": "LineString", "coordinates": [[-7.7071587, 40.4095086], [-7.7072287, 40.4093813], [-7.707256, 40.4093459], [-7.7072833, 40.4093105]]}, "properties": {"highway": "primary", "oneway": "yes", "ref": "EN 231", "source": "Bing", "surface": "asphalt"}}, {"type": "Feature", "geometry": {"type": "LineString", "coordinates": [[-7.6880913, 40.3301173], [-7.6880928, 40.3299964], [-7.6881195, 40.3298947], [-7.6881659, 40.329786], [-7.6882829, 40.3294768], [-7.6883645, 40.3293264], [-7.6885784, 40.3290063], [-7.6886158, 40.328941], [-7.6886625, 40.3288382], [-7.6887104, 40.328689], [-7.6887245, 40.328598], [-7.6887251, 40.3285132], [-7.688638, 40.3280551], [-7.6885897, 40.3279693], [-7.6885012, 40.3278548], [-7.6883744, 40.3277408], [-7.6881465, 40.3275751]]}, "properties": {"highway": "primary", "name": "Avenida Pedro Vaz Leal", "oneway": "no", "ref": "EN 231", "source": "Bing"}}, {"type": "Feature", "geometry": {"type": "LineString", "coordinates": [[-7.6879378, 40.3309488], [-7.6878356, 40.3308337]]}, "properties": {"bridge": "yes", "highway": "primary", "layer": "1", "name": "Avenida Padre Francisco Borges de Assun\u00e7\u00e3o", "oneway": "no", "ref": "EN 231", "source": "Bing"}}, {"type": "Feature", "geometry": {"type": "LineString", "coordinates": [[-7.6789197, 40.327022], [-7.6788119, 40.3269186], [-7.6787139, 40.3268022], [-7.6786817, 40.3266795], [-7.678686, 40.3266682], [-7.6787046, 40.3265976], [-7.6787368, 40.326526], [-7.6794277, 40.3256726], [-7.6795707, 40.3254464], [-7.6796365, 40.3252972], [-7.6796513, 40.3251437], [-7.679629, 40.3248677], [-7.679577, 40.3247139], [-7.6794434, 40.3245528], [-7.6793875, 40.3244988]]}, "properties": {"highway": "primary", "oneway": "no", "ref": "EN 231", "source": "Bing"}}, {"type": "Feature", "geometry": {"type": "LineString", "coordinates": [[-7.6854074, 40.3096277], [-7.6852429, 40.3095255], [-7.6851247, 40.3093777]]}, "properties": {"bridge": "yes", "highway": "primary", "layer": "1", "oneway": "no", "ref": "EN 231", "source": "Bing"}}, {"type": "Feature", "geometry": {"type": "LineString", "coordinates": [[-7.6851247, 40.3093777], [-7.6850899, 40.3093239], [-7.685045, 40.3091988], [-7.6850015, 40.3090623], [-7.684958, 40.3088871], [-7.6849517, 40.3087788], [-7.684958, 40.308677], [-7.6849785, 40.3085841], [-7.6850117, 40.3084944], [-7.6851176, 40.3082545], [-7.6852403, 40.3080404], [-7.685355, 40.307889], [-7.6855588, 40.3076763], [-7.6859243, 40.3072902], [-7.6861489, 40.3069235], [-7.6863528, 40.3065717], [-7.6865674, 40.3062772], [-7.68708, 40.3057528], [-7.6873359, 40.3055505], [-7.6875437, 40.3054508], [-7.6878569, 40.3053639], [-7.6880694, 40.3052872], [-7.6881823, 40.3052083], [-7.6882789, 40.305092], [-7.688356, 40.3049341], [-7.688416, 40.304685], [-7.6884526, 40.3043559], [-7.6884692, 40.3040625], [-7.6884234, 40.3033971], [-7.6883162, 40.3027589], [-7.6883162, 40.3024644], [-7.6884127, 40.302178], [-7.6889384, 40.3012534], [-7.6890028, 40.3009916], [-7.6890055, 40.3008473], [-7.6889813, 40.3007133], [-7.6888633, 40.3004515], [-7.6887037, 40.3002925], [-7.6884603, 40.300136], [-7.6881607, 40.3000201], [-7.6876312, 40.2998349], [-7.687112, 40.2996872], [-7.6866195, 40.2995599], [-7.6848701, 40.299264], [-7.6843679, 40.2991914], [-7.6840542, 40.2991791], [-7.6831985, 40.2992405], [-7.6828867, 40.2992405], [-7.6818507, 40.2991317], [-7.6812331, 40.2990702], [-7.6808858, 40.2990666], [-7.6804891, 40.299091], [-7.6801297, 40.2991196], [-7.6798025, 40.2991728], [-7.6794752, 40.2992464], [-7.679325, 40.2993201], [-7.679207, 40.2994428], [-7.679148, 40.2996637], [-7.6791909, 40.2999992], [-7.679148, 40.3001138], [-7.6790836, 40.3001792], [-7.6789173, 40.3002529], [-7.6786706, 40.3002611], [-7.6774207, 40.3000892], [-7.6772007, 40.3000197], [-7.6770294, 40.2998787], [-7.6767397, 40.2995432], [-7.6765895, 40.2994451], [-7.6764926, 40.2994142], [-7.6763371, 40.2994019], [-7.6760688, 40.2994469], [-7.6759508, 40.299451], [-7.6758385, 40.2994205], [-7.6757309, 40.2993651], [-7.6756504, 40.2992914]]}, "properties": {"highway": "primary", "oneway": "no", "ref": "EN 231", "source": "Bing"}}, {"type": "Feature", "geometry": {"type": "LineString", "coordinates": [[-7.712223, 40.3753792], [-7.7121427, 40.3754446], [-7.7120807, 40.3755908], [-7.7121062, 40.3757313]]}, "properties": {"bridge": "yes", "highway": "primary", "layer": "1", "oneway": "no", "ref": "EN 231", "source": "Bing"}}, {"type": "Feature", "geometry": {"type": "LineString", "coordinates": [[-7.7153933, 40.3576152], [-7.7154154, 40.3576298], [-7.7154544, 40.3576554], [-7.7155311, 40.3577058], [-7.7157462, 40.3577456], [-7.7162069, 40.3578046]]}, "properties": {"highway": "primary", "oneway": "no", "ref": "EN 231", "source": "Bing", "surface": "asphalt"}}, {"type": "Feature", "geometry": {"type": "LineString", "coordinates": [[-7.7152986, 40.3573594], [-7.7153196, 40.3575146], [-7.7153933, 40.3576152]]}, "properties": {"bridge": "yes", "highway": "primary", "layer": "1", "oneway": "no", "ref": "EN 231", "source": "Bing", "surface": "asphalt"}}, {"type": "Feature", "geometry": {"type": "LineString", "coordinates": [[-7.7121062, 40.3757313], [-7.7125439, 40.3762219], [-7.7126266, 40.3763507], [-7.7129744, 40.3771564], [-7.7129784, 40.3772592], [-7.7129516, 40.3773924], [-7.7129003, 40.3774883], [-7.712639, 40.3777561], [-7.7126044, 40.3778636], [-7.7126107, 40.3780022], [-7.7128391, 40.3784349], [-7.7128631, 40.3785313], [-7.7129501, 40.3808935], [-7.7130632, 40.3811687], [-7.7130833, 40.3813184], [-7.7130562, 40.3814451], [-7.712986, 40.3815396], [-7.7128072, 40.3816187], [-7.7119132, 40.3818951], [-7.7117319, 40.381909], [-7.7115441, 40.3818941], [-7.7113888, 40.3818457], [-7.7109526, 40.3816455], [-7.7107782, 40.3815949], [-7.7104855, 40.3816026], [-7.709625, 40.3817806], [-7.7092138, 40.381922], [-7.7090457, 40.3820445], [-7.708926, 40.3821917], [-7.7088273, 40.382345], [-7.7087757, 40.3825187]]}, "properties": {"highway": "primary", "lanes": "2", "oneway": "no", "ref": "EN 231", "sidewalk": "no", "smoothness": "good", "source": "Bing", "surface": "asphalt"}}, {"type": "Feature", "geometry": {"type": "LineString", "coordinates": [[-7.7090251, 40.3827085], [-7.7091479, 40.3826774], [-7.7093526, 40.3823869], [-7.7094546, 40.382366], [-7.7100082, 40.3823883], [-7.7100827, 40.3824067], [-7.7101919, 40.3824635], [-7.710278, 40.3825583], [-7.710418, 40.3827716], [-7.7105409, 40.3829781], [-7.710634, 40.3830959], [-7.7107239, 40.383192], [-7.7108306, 40.3832709], [-7.7109434, 40.3833338], [-7.7117506, 40.3837306], [-7.7119035, 40.383798], [-7.7120216, 40.3838235], [-7.7121804, 40.3838359], [-7.7126088, 40.3838404], [-7.7128144, 40.3838548], [-7.7129298, 40.3839303], [-7.7133959, 40.3841551], [-7.7137255, 40.3842405], [-7.714028, 40.3842548], [-7.7143422, 40.3841941], [-7.7146125, 40.3841147], [-7.7149147, 40.3840979], [-7.7154009, 40.3841008], [-7.7154649, 40.3841012], [-7.7155615, 40.3841058], [-7.7160824, 40.384131], [-7.7163828, 40.3842536], [-7.7165223, 40.3844988], [-7.7165008, 40.3847521], [-7.716297, 40.3849483], [-7.7160073, 40.3850218], [-7.7155996, 40.3850872], [-7.7153099, 40.3852343], [-7.7149666, 40.3855448], [-7.7148378, 40.385839], [-7.7145911, 40.3861005], [-7.7144023, 40.3862614], [-7.7143304, 40.3864324], [-7.7143316, 40.3865798], [-7.7143904, 40.386719], [-7.7145612, 40.386944], [-7.7147126, 40.3871762], [-7.7148498, 40.3875135], [-7.7148797, 40.387812], [-7.7145044, 40.3893607], [-7.7144306, 40.3896062], [-7.7142907, 40.3898514], [-7.7141007, 40.3901007], [-7.7138747, 40.390334], [-7.7133358, 40.3906849], [-7.7125614, 40.3912006], [-7.7122746, 40.3914643], [-7.7122415, 40.3916246], [-7.7122166, 40.3922265], [-7.7122595, 40.3924033]]}, "properties": {"highway": "primary", "lanes": "2", "oneway": "no", "ref": "EN 231", "sidewalk": "no", "smoothness": "good", "source": "Bing", "surface": "asphalt"}}, {"type": "Feature", "geometry": {"type": "LineString", "coordinates": [[-7.6881465, 40.3275751], [-7.6879425, 40.3274391]]}, "properties": {"highway": "primary", "name": "Avenida Pedro Vaz Leal", "oneway": "no", "ref": "EN 231", "source": "Bing"}}, {"type": "Feature", "geometry": {"type": "LineString", "coordinates": [[-7.6837339, 40.3260101], [-7.6834777, 40.3259294], [-7.6832812, 40.3259265], [-7.6830787, 40.3259642], [-7.6828627, 40.3260547], [-7.6820291, 40.3265568], [-7.6818038, 40.3266713], [-7.6807631, 40.3269412], [-7.6804617, 40.3270552], [-7.6802851, 40.3271753], [-7.680055, 40.3273338], [-7.6798526, 40.3274155], [-7.6797131, 40.3274503], [-7.6795546, 40.3274383], [-7.6794476, 40.3274094], [-7.6792894, 40.3273112], [-7.6791821, 40.3272294]]}, "properties": {"highway": "primary", "oneway": "no", "ref": "EN 231", "source": "Bing"}}, {"type": "Feature", "geometry": {"type": "LineString", "coordinates": [[-7.9067152, 40.5798647], [-7.9055156, 40.5798633]]}, "properties": {"bridge": "yes", "highway": "primary", "layer": "1", "ref": "EN 231", "source": "Bing"}}, {"type": "Feature", "geometry": {"type": "LineString", "coordinates": [[-7.9055156, 40.5798633], [-7.9053644, 40.5798733], [-7.9051764, 40.5799219], [-7.9049623, 40.5800595], [-7.9041717, 40.5807117], [-7.9040759, 40.5807448], [-7.9038093, 40.5808368], [-7.9034329, 40.5809136], [-7.9021247, 40.581196], [-7.9016635, 40.5812031], [-7.9007412, 40.5811978], [-7.9003247, 40.5811888], [-7.8996848, 40.5812442], [-7.8987624, 40.5813604], [-7.8983413, 40.58138], [-7.8980104, 40.5813216], [-7.897906, 40.5813032], [-7.8954943, 40.5807743], [-7.8950943, 40.5806474], [-7.8948049, 40.5804919], [-7.8943461, 40.580206], [-7.8939884, 40.5800827], [-7.8933202, 40.5799504], [-7.8922967, 40.5797449], [-7.8919179, 40.5797342], [-7.8916685, 40.57982], [-7.8914426, 40.5799665], [-7.8909203, 40.5803096], [-7.8905038, 40.580449], [-7.8899415, 40.580592], [-7.8892003, 40.5807921], [-7.888918, 40.5809315], [-7.8886074, 40.5811585], [-7.887758, 40.58185], [-7.8876827, 40.5820466], [-7.887678, 40.5822842], [-7.8877698, 40.5827149], [-7.8877915, 40.5828885], [-7.8878051, 40.5829972], [-7.8877274, 40.5832778], [-7.8874922, 40.5834904], [-7.8871722, 40.5836816], [-7.8865392, 40.5840569], [-7.8864145, 40.5842695], [-7.8864357, 40.5845286], [-7.8865628, 40.5853613], [-7.8865087, 40.5856079], [-7.8863698, 40.5857508], [-7.8861651, 40.5858169], [-7.8858993, 40.5858259], [-7.8857087, 40.5857472], [-7.8855722, 40.5855185], [-7.8855699, 40.5851486], [-7.8856051, 40.5842838], [-7.8854946, 40.5840015], [-7.8851628, 40.5837727], [-7.8841158, 40.5832903], [-7.8838899, 40.5830651], [-7.8838123, 40.5828167], [-7.8839111, 40.5825112], [-7.8842664, 40.5820805], [-7.8860145, 40.5798951]]}, "properties": {"highway": "primary", "ref": "EN 231", "source": "Bing"}}, {"type": "Feature", "geometry": {"type": "LineString", "coordinates": [[-7.7072833, 40.4093105], [-7.7072313, 40.4093361], [-7.7071332, 40.4093842], [-7.7070214, 40.4094391]]}, "properties": {"highway": "primary", "oneway": "yes", "ref": "EN 231", "source": "Bing", "surface": "asphalt"}}, {"type": "Feature", "geometry": {"type": "LineString", "coordinates": [[-7.9224376, 40.6102564], [-7.9224526, 40.6101945], [-7.9225683, 40.6097173], [-7.9231558, 40.607418], [-7.9232283, 40.607134], [-7.9233358, 40.6067134], [-7.9235931, 40.6061657], [-7.9238096, 40.605903], [-7.9240864, 40.6056394], [-7.924305, 40.6054581], [-7.9243567, 40.6054165], [-7.9277204, 40.6027123], [-7.928011, 40.6024826], [-7.9304094, 40.6005425], [-7.9307694, 40.6002359], [-7.9309164, 40.6000471], [-7.9309678, 40.5999419], [-7.9310211, 40.5997571], [-7.9310102, 40.5995729], [-7.9307827, 40.5985435], [-7.9306993, 40.5983699], [-7.9306735, 40.5983366], [-7.9305791, 40.5982145], [-7.9304822, 40.5981129]]}, "properties": {"highway": "primary", "lanes": "2", "ref": "EN 231", "source": "Bing", "surface": "asphalt"}}, {"type": "Feature", "geometry": {"type": "LineString", "coordinates": [[-7.9224376, 40.6102564], [-7.9221904, 40.6111133], [-7.9221307, 40.6113292]]}, "properties": {"highway": "primary", "lanes": "1", "oneway": "yes", "ref": "EN 231", "surface": "asphalt"}}, {"type": "Feature", "geometry": {"type": "LineString", "coordinates": [[-7.9219043, 40.6124704], [-7.9219682, 40.6122582], [-7.9220327, 40.6120329], [-7.9220918, 40.6118223]]}, "properties": {"highway": "primary", "lanes": "1", "oneway": "yes", "ref": "EN 231", "surface": "asphalt"}}, {"type": "Feature", "geometry": {"type": "LineString", "coordinates": [[-7.6793875, 40.3244988], [-7.6791815, 40.3243001]]}, "properties": {"bridge": "yes", "highway": "primary", "layer": "1", "oneway": "no", "ref": "EN 231", "source": "Bing"}}, {"type": "Feature", "geometry": {"type": "LineString", "coordinates": [[-7.6791815, 40.3243001], [-7.6791064, 40.3242142], [-7.6790679, 40.3241357], [-7.6790601, 40.3241169], [-7.6790352, 40.3240191], [-7.679075, 40.3238627], [-7.6791752, 40.3237185], [-7.6793317, 40.3236069], [-7.6794863, 40.3235385], [-7.6796697, 40.3235067], [-7.679836, 40.3235067], [-7.6803017, 40.3235385], [-7.6804636, 40.3235251], [-7.6806448, 40.3234855], [-7.6807544, 40.3234316], [-7.6809572, 40.3232776], [-7.6811354, 40.3231592], [-7.6811449, 40.3231529], [-7.6813514, 40.3230813], [-7.6824203, 40.3228369], [-7.6826228, 40.3227521], [-7.6827586, 40.3226633], [-7.6831002, 40.3223308], [-7.6831807, 40.3222102], [-7.6832736, 40.3220335], [-7.6834238, 40.3217226], [-7.6834918, 40.3216028], [-7.6835428, 40.3215353], [-7.6835965, 40.3214801], [-7.6839746, 40.3212367], [-7.6840793, 40.3211386], [-7.6841426, 40.3210273], [-7.6842885, 40.3205026], [-7.6843099, 40.3203819], [-7.6843143, 40.3202666], [-7.6842965, 40.3200752], [-7.6843099, 40.3199648], [-7.6843448, 40.3198482], [-7.6846684, 40.3191623], [-7.6846988, 40.3190077], [-7.6847069, 40.3188625], [-7.6846791, 40.318606], [-7.6844548, 40.317615], [-7.6844333, 40.3174555], [-7.6844548, 40.3173205], [-7.6844869, 40.3172428], [-7.6845406, 40.3171691], [-7.6847864, 40.3169536], [-7.6853211, 40.316482], [-7.6854941, 40.316338], [-7.685643, 40.3162141], [-7.6858039, 40.31612], [-7.6859648, 40.3160545], [-7.6864611, 40.315893], [-7.6866488, 40.3158071], [-7.6870136, 40.3156128], [-7.6871316, 40.3155228], [-7.6872255, 40.3154267], [-7.6882715, 40.3141832], [-7.6883922, 40.3140789], [-7.6885424, 40.3139644], [-7.6888938, 40.3137067], [-7.6890628, 40.3136064], [-7.6892388, 40.3135259], [-7.6894329, 40.3134531], [-7.6896341, 40.3134203], [-7.6898219, 40.3134081], [-7.6900847, 40.3134306], [-7.6903234, 40.3134837], [-7.6906426, 40.3135717], [-7.6909984, 40.3136731], [-7.6911415, 40.3137108], [-7.6912773, 40.3137304], [-7.6919354, 40.3137353], [-7.692707, 40.3137054], [-7.6929237, 40.3137007], [-7.69312, 40.313727], [-7.6934925, 40.3137976], [-7.6937429, 40.3137913], [-7.6939283, 40.3137476], [-7.6941, 40.3137005], [-7.6942281, 40.3136739], [-7.6943557, 40.3136178], [-7.6944856, 40.3135389], [-7.6949035, 40.31324], [-7.6950274, 40.3131597], [-7.6950902, 40.3130987], [-7.6951295, 40.3130471], [-7.6951678, 40.3129573], [-7.6951804, 40.3128328], [-7.6951462, 40.3126716], [-7.6950521, 40.3125489], [-7.6949781, 40.3124887], [-7.6948731, 40.312405], [-7.6945801, 40.3121789], [-7.6942985, 40.3119334], [-7.6940544, 40.311686], [-7.6936484, 40.3112352], [-7.6932122, 40.3107267], [-7.6929708, 40.3104895], [-7.6927043, 40.3102698], [-7.6921249, 40.3099589], [-7.691627, 40.3096979], [-7.6913775, 40.3095793], [-7.6911093, 40.3094647], [-7.6907365, 40.3093563], [-7.6905192, 40.3093093], [-7.6902795, 40.309288], [-7.690133, 40.3093032], [-7.6899791, 40.3093371], [-7.6890708, 40.3095875], [-7.68858, 40.3097204], [-7.6883601, 40.3097859], [-7.6881616, 40.3098574], [-7.6880943, 40.3098969], [-7.6879192, 40.3099998], [-7.6877974, 40.3100834], [-7.6877133, 40.3101316], [-7.6876187, 40.3101621], [-7.6874916, 40.3101786], [-7.6873505, 40.3101763], [-7.6872377, 40.3101494], [-7.6870996, 40.3101], [-7.6868034, 40.3099098], [-7.6865888, 40.3098198], [-7.6862991, 40.3097625], [-7.6855959, 40.3096906], [-7.6854944, 40.3096643], [-7.6854372, 40.3096444], [-7.6854074, 40.3096277]]}, "properties": {"highway": "primary", "oneway": "no", "ref": "EN 231", "source": "Bing"}}, {"type": "Feature", "geometry": {"type": "LineString", "coordinates": [[-7.7861501, 40.4776361], [-7.7855111, 40.4772465], [-7.7851364, 40.477018], [-7.7849777, 40.4769774], [-7.78486, 40.4769883], [-7.7843958, 40.4770743], [-7.7837069, 40.4772019], [-7.7830517, 40.4773233], [-7.783012, 40.4773274], [-7.7819016, 40.4774425], [-7.7817905, 40.477454], [-7.7816582, 40.4774577], [-7.7815937, 40.4774595], [-7.7815586, 40.4774605], [-7.7813815, 40.4774301], [-7.7813423, 40.4774024], [-7.7809179, 40.4769465], [-7.7808925, 40.4769192], [-7.7808713, 40.4768964], [-7.7805367, 40.476537], [-7.7803851, 40.4764621], [-7.78032, 40.4764299], [-7.7801406, 40.4763412], [-7.7801319, 40.4763377], [-7.7778666, 40.4753906], [-7.7775192, 40.475242], [-7.7771864, 40.4750996], [-7.7766127, 40.4748606], [-7.7762252, 40.4746945], [-7.7759287, 40.4745763]]}, "properties": {"highway": "primary", "lane_markings": "no", "name": "Rua do Com\u00e9rcio", "ref": "EN 231", "surface": "sett"}}, {"type": "Feature", "geometry": {"type": "LineString", "coordinates": [[-7.7747375, 40.474065], [-7.7745454, 40.4739923], [-7.7741353, 40.4738057], [-7.7740905, 40.4737852], [-7.7737174, 40.4736343], [-7.7735356, 40.4735526], [-7.7731702, 40.4733884], [-7.7727955, 40.4732341], [-7.7726721, 40.4731821], [-7.7721107, 40.4729455], [-7.7714316, 40.4726592], [-7.7707082, 40.4723509], [-7.7703807, 40.4722035], [-7.7702501, 40.4721488], [-7.7700968, 40.4720845], [-7.7692612, 40.4717344], [-7.7687787, 40.4715191], [-7.7685868, 40.4714323], [-7.7682613, 40.4712928], [-7.767891, 40.471139], [-7.767587, 40.4710049], [-7.7671581, 40.4708166], [-7.7668682, 40.4706661], [-7.7665684, 40.4704885], [-7.7663949, 40.4703857], [-7.7649979, 40.4695398], [-7.7648551, 40.4694502], [-7.7644326, 40.46921], [-7.7641361, 40.4690194], [-7.7641103, 40.4690028], [-7.7632441, 40.468485], [-7.7626931, 40.4682197], [-7.7624817, 40.4681179], [-7.7623705, 40.4680643], [-7.7621777, 40.4679755], [-7.7612, 40.467525], [-7.7609385, 40.4674218], [-7.7607777, 40.4673583], [-7.7603767, 40.4672], [-7.7578317, 40.4665833], [-7.7578172, 40.4665777], [-7.7574678, 40.4664539], [-7.7572291, 40.4663081], [-7.756418, 40.4657295], [-7.7560796, 40.4654881], [-7.7560263, 40.46545], [-7.7554749, 40.4650557], [-7.7541267, 40.4640917], [-7.754005, 40.4640405], [-7.7532831, 40.4637369], [-7.7526686, 40.4634784], [-7.7524785, 40.4633985], [-7.752387, 40.4633594], [-7.7522961, 40.4633147], [-7.752261, 40.4632974], [-7.7517583, 40.46305], [-7.751355, 40.4626867], [-7.7507367, 40.46183], [-7.750295, 40.4613183], [-7.7489862, 40.4601332], [-7.7489539, 40.460104], [-7.747955, 40.4591994], [-7.74779, 40.45905], [-7.7468317, 40.45778], [-7.7465233, 40.457455], [-7.7452298, 40.4563863], [-7.7451753, 40.4563413], [-7.7451064, 40.4562843], [-7.7439433, 40.4553233], [-7.7434267, 40.4548317], [-7.74294, 40.4540683], [-7.7411546, 40.4504307], [-7.7405097, 40.449022], [-7.740455, 40.448911], [-7.7402336, 40.4485045], [-7.740135, 40.4483533], [-7.7395883, 40.4477417], [-7.7380549, 40.4464408], [-7.7380023, 40.4463962], [-7.7371265, 40.4456531], [-7.7370239, 40.4455661], [-7.7369093, 40.4454688], [-7.7368205, 40.4453935], [-7.7366341, 40.4452354], [-7.7365112, 40.4451312], [-7.7364339, 40.4450638], [-7.7351253, 40.4439232], [-7.7349229, 40.4437468], [-7.734856, 40.4436865], [-7.7343354, 40.4432176], [-7.7342244, 40.4431176], [-7.7338761, 40.4428212], [-7.7336907, 40.4426634], [-7.733176, 40.4422255], [-7.7326795, 40.441803], [-7.7317175, 40.4410027], [-7.7313964, 40.440733], [-7.731187, 40.4405729], [-7.7309539, 40.440427], [-7.730731, 40.4403115], [-7.7304799, 40.4402065], [-7.7297972, 40.440034], [-7.7293696, 40.4399209], [-7.7290061, 40.4397605], [-7.7287769, 40.4395756], [-7.7286618, 40.4394548], [-7.728568, 40.4393181], [-7.7284797, 40.4390882], [-7.7284368, 40.4388841], [-7.7284582, 40.4385003], [-7.7285441, 40.4376837], [-7.7285387, 40.4373816], [-7.7284958, 40.437157], [-7.7284164, 40.4369459], [-7.7282812, 40.4367324], [-7.728079, 40.4365172], [-7.7253251, 40.4350831], [-7.722949, 40.4339146], [-7.7226271, 40.4338088], [-7.722316, 40.4337598], [-7.7219297, 40.4337925], [-7.7215328, 40.4338415], [-7.7212175, 40.4338599], [-7.7209105, 40.4338496], [-7.7205779, 40.4337435], [-7.7203097, 40.4335797], [-7.7201792, 40.4334143], [-7.7200844, 40.4332943], [-7.7197732, 40.4328039], [-7.7196755, 40.4327015], [-7.7195694, 40.4326247], [-7.7194118, 40.4325585], [-7.7192613, 40.4325126], [-7.7191113, 40.432477]]}, "properties": {"highway": "primary", "lanes": "2", "ref": "EN 231", "surface": "asphalt"}}, {"type": "Feature", "geometry": {"type": "LineString", "coordinates": [[-7.7162069, 40.3578046], [-7.7165444, 40.3578755]]}, "properties": {"highway": "primary", "oneway": "no", "ref": "EN 231", "source": "Bing", "surface": "asphalt"}}, {"type": "Feature", "geometry": {"type": "LineString", "coordinates": [[-7.7165444, 40.3578755], [-7.716928, 40.3579308], [-7.7171071, 40.3579704], [-7.7172751, 40.3580536], [-7.718285, 40.3588108], [-7.7184376, 40.3589196], [-7.7184709, 40.3589415], [-7.7187848, 40.3591742], [-7.7193672, 40.3595982], [-7.7195349, 40.3597652], [-7.7196956, 40.3598361], [-7.7197716, 40.3598696], [-7.7199961, 40.3599233], [-7.7202537, 40.3599402], [-7.7203861, 40.3599579], [-7.7204367, 40.3599796], [-7.7204825, 40.3599992], [-7.7212295, 40.3607834], [-7.7212948, 40.3608483], [-7.7214638, 40.3609377], [-7.7218289, 40.3610388], [-7.7220262, 40.3611219], [-7.7221335, 40.3612691], [-7.7223293, 40.3616387], [-7.722391, 40.3617082], [-7.7225871, 40.3619291], [-7.7227591, 40.3621129], [-7.7228043, 40.3622163], [-7.7228737, 40.3623809], [-7.7229735, 40.3629097], [-7.7230782, 40.3633022], [-7.723142, 40.3634518], [-7.7236631, 40.3641739], [-7.7237405, 40.3643433], [-7.7237751, 40.3645214], [-7.723777, 40.3646933], [-7.7237637, 40.3651852], [-7.7237913, 40.3653082], [-7.7238411, 40.3653927], [-7.7239155, 40.3654585], [-7.7240233, 40.3655153], [-7.7243252, 40.3656146], [-7.7248478, 40.3657653], [-7.7249485, 40.36582], [-7.7250287, 40.3658995], [-7.7250936, 40.3659885], [-7.7251199, 40.3660563], [-7.7251217, 40.3661615], [-7.7250816, 40.3662737], [-7.7249557, 40.3664512], [-7.7245017, 40.3670179], [-7.7239466, 40.3677108], [-7.7237088, 40.3679592], [-7.7235823, 40.3680353], [-7.7234558, 40.3681051], [-7.7232711, 40.3681642], [-7.7230128, 40.3682358], [-7.7228658, 40.3682457], [-7.7226971, 40.3682356], [-7.7220697, 40.3680676], [-7.7218796, 40.3680452], [-7.7217378, 40.3680623], [-7.7216124, 40.3680919], [-7.7213982, 40.3682049], [-7.7210183, 40.3684645], [-7.7209003, 40.3685248], [-7.7207637, 40.3685752], [-7.720349, 40.3687004], [-7.7202214, 40.3687229], [-7.7200528, 40.3687424], [-7.719765, 40.3687334], [-7.7196488, 40.3687369], [-7.7195211, 40.368763], [-7.7194261, 40.3688078], [-7.7192778, 40.3689275], [-7.7191829, 40.3690623], [-7.7190083, 40.3694351], [-7.7189846, 40.3695618], [-7.718969, 40.3697135], [-7.7189127, 40.3698326], [-7.7188478, 40.3698966], [-7.7187503, 40.3699482], [-7.7186287, 40.3699715], [-7.718499, 40.3699761], [-7.7182493, 40.3699319], [-7.7176539, 40.3697587], [-7.7175518, 40.3697439], [-7.7174498, 40.3697415], [-7.7173479, 40.3697555], [-7.7170286, 40.369831], [-7.7167766, 40.3698935], [-7.7166473, 40.369928], [-7.7165522, 40.3699721], [-7.7160078, 40.3703674], [-7.7154794, 40.3707767], [-7.7147204, 40.3713973], [-7.7144415, 40.3715697], [-7.7143135, 40.37162], [-7.7141856, 40.3716578], [-7.7134114, 40.3716916], [-7.7132667, 40.3717164], [-7.713122, 40.3717599], [-7.7130122, 40.3718111], [-7.7129432, 40.3718623], [-7.7128735, 40.3720213], [-7.7128241, 40.3722003], [-7.7127497, 40.3725197], [-7.7126377, 40.3727254], [-7.7125993, 40.3728533], [-7.7125853, 40.3729855], [-7.712604, 40.3731052], [-7.7126374, 40.3732514], [-7.7126954, 40.3733539], [-7.7129196, 40.3735873], [-7.7131014, 40.373806], [-7.7132178, 40.3739748], [-7.7132927, 40.3741642], [-7.713343, 40.3743536], [-7.7133612, 40.3745619], [-7.7133348, 40.3747715], [-7.7132815, 40.3748754], [-7.7131874, 40.3749793], [-7.7130634, 40.375053], [-7.7129394, 40.3751081], [-7.7124458, 40.3752716], [-7.712223, 40.3753792]]}, "properties": {"highway": "primary", "lanes": "2", "oneway": "no", "ref": "EN 231", "smoothness": "good", "source": "Bing", "surface": "asphalt"}}, {"type": "Feature", "geometry": {"type": "LineString", "coordinates": [[-7.6670106, 40.2959755], [-7.6668921, 40.2959726]]}, "properties": {"highway": "primary", "oneway": "no", "ref": "EN 231", "source": "Bing"}}, {"type": "Feature", "geometry": {"type": "LineString", "coordinates": [[-7.6668921, 40.2959726], [-7.6664298, 40.2959596], [-7.6662106, 40.2959104], [-7.6660602, 40.2958441], [-7.6659454, 40.295745]]}, "properties": {"highway": "primary", "oneway": "no", "ref": "EN 231", "source": "Bing"}}, {"type": "Feature", "geometry": {"type": "LineString", "coordinates": [[-7.6654549, 40.2950306], [-7.6654567, 40.294989], [-7.6654627, 40.2949418], [-7.6654681, 40.2949144], [-7.6654801, 40.2948851], [-7.6655065, 40.2948388], [-7.6655581, 40.2947706], [-7.6656181, 40.2947157], [-7.6656871, 40.2946704], [-7.6657646, 40.2946333], [-7.6658414, 40.2946049], [-7.6665309, 40.294394], [-7.6669676, 40.2942813], [-7.6673624, 40.2941894], [-7.6684036, 40.293985], [-7.6684972, 40.2939594], [-7.6685848, 40.293931], [-7.6686677, 40.2938944], [-7.6687289, 40.2938614], [-7.6687889, 40.2938175], [-7.6688483, 40.2937679], [-7.6688945, 40.2937122], [-7.6689281, 40.2936564], [-7.6689725, 40.2935584], [-7.6690434, 40.2933826], [-7.6691058, 40.2932565], [-7.6691394, 40.2932187], [-7.6691809, 40.2931828], [-7.669215, 40.2931592], [-7.6692462, 40.2931446], [-7.6693026, 40.2931244], [-7.6693818, 40.2931098], [-7.6694695, 40.2931089], [-7.6695836, 40.2931196], [-7.6696591, 40.2931299], [-7.6697443, 40.2931537], [-7.6698411, 40.2931851], [-7.6704441, 40.2934897], [-7.6705414, 40.2935328], [-7.6706614, 40.2935685], [-7.6707581, 40.293592], [-7.6708306, 40.2935959], [-7.6709015, 40.2935987], [-7.6709591, 40.2935978], [-7.6710395, 40.2935886], [-7.6711223, 40.2935694], [-7.6712355, 40.2935306], [-7.6713252, 40.2934842], [-7.6713964, 40.2934406], [-7.671474, 40.2933625], [-7.6715268, 40.2932966], [-7.6716324, 40.2931107], [-7.6717285, 40.2929166], [-7.6718005, 40.2927573], [-7.6719277, 40.2925101], [-7.6719673, 40.2924414], [-7.6720083, 40.2923749], [-7.6720538, 40.2923096], [-7.6720938, 40.2922663], [-7.6721606, 40.292218], [-7.6722398, 40.2921805], [-7.672319, 40.2921604], [-7.6723781, 40.2921517], [-7.6724631, 40.292154], [-7.6725363, 40.2921631], [-7.6726095, 40.2921823], [-7.6726767, 40.2922098], [-7.6727439, 40.2922473], [-7.6728019, 40.2922908], [-7.67302, 40.2925101], [-7.673054, 40.2925404], [-7.6731076, 40.292576], [-7.6731653, 40.2926099], [-7.6732421, 40.292645], [-7.6733525, 40.2926712], [-7.6734521, 40.2926896], [-7.673583, 40.292706], [-7.6738266, 40.2927234], [-7.6739419, 40.2927317], [-7.6740667, 40.2927353], [-7.6742455, 40.292739], [-7.6743296, 40.2927335], [-7.6744016, 40.2927234], [-7.6744772, 40.2927115], [-7.6745725, 40.2926859], [-7.6748169, 40.2926035], [-7.6749009, 40.2925861], [-7.6749801, 40.2925788], [-7.6750486, 40.2925824], [-7.675129, 40.2925916], [-7.6752286, 40.2926117], [-7.6755659, 40.2927106], [-7.6756655, 40.2927317], [-7.6757616, 40.29275], [-7.6759032, 40.2927646], [-7.6760088, 40.2927655], [-7.6761217, 40.2927591], [-7.6762609, 40.2927436], [-7.6764337, 40.2927179], [-7.6766042, 40.2926841], [-7.6767074, 40.2926566], [-7.6768226, 40.2926163], [-7.6769325, 40.292565], [-7.6771011, 40.2924671], [-7.6772383, 40.2923931], [-7.6776031, 40.2922581], [-7.6779249, 40.2921476], [-7.6781127, 40.2921067], [-7.6781862, 40.2920972], [-7.6782954, 40.2920885], [-7.6790792, 40.2920423], [-7.6793673, 40.2920203], [-7.6794826, 40.2920166], [-7.6796218, 40.2920185], [-7.6797166, 40.2920258], [-7.679821, 40.2920459], [-7.6799507, 40.2920798], [-7.6802832, 40.2921732], [-7.6804344, 40.292219], [-7.6810142, 40.2923847], [-7.681325, 40.2924799], [-7.6814811, 40.2925339], [-7.6815507, 40.2925669], [-7.6820072, 40.292835], [-7.6821593, 40.2929148], [-7.6822181, 40.2929386], [-7.6822721, 40.2929523], [-7.6823357, 40.2929615], [-7.6824149, 40.292966], [-7.6824954, 40.2929633], [-7.682565, 40.2929532], [-7.682625, 40.2929331], [-7.6826814, 40.2929084], [-7.6827586, 40.2928659], [-7.6836585, 40.2923609], [-7.6837269, 40.292316], [-7.6837761, 40.2922785], [-7.6838109, 40.2922455], [-7.6838433, 40.2922107], [-7.6838745, 40.2921585], [-7.6838937, 40.2921173], [-7.6839117, 40.2920569], [-7.6839213, 40.2919837], [-7.6839261, 40.2907284], [-7.6839357, 40.2906671], [-7.6839562, 40.2906021], [-7.6839898, 40.2905471], [-7.6840346, 40.2904898], [-7.6840798, 40.2904519], [-7.6841374, 40.2904135], [-7.6842098, 40.2903799], [-7.6843226, 40.2903378], [-7.685945, 40.2899668], [-7.6863532, 40.2898474], [-7.6864607, 40.2897877], [-7.686547, 40.2897233], [-7.6866189, 40.2896567], [-7.6866798, 40.2895772], [-7.6867128, 40.2895013], [-7.6867397, 40.2894168], [-7.6867503, 40.2893314], [-7.6867438, 40.2892189], [-7.6866994, 40.2891023], [-7.6866374, 40.288983], [-7.686572, 40.2888965], [-7.6865567, 40.2888763], [-7.6864043, 40.2886563], [-7.6863427, 40.2885478], [-7.6863228, 40.288456], [-7.6863185, 40.2883719], [-7.6863334, 40.2882835], [-7.6865598, 40.2876468], [-7.6866082, 40.2875228], [-7.6866425, 40.2873781], [-7.6865894, 40.287044], [-7.6865336, 40.2866366], [-7.6865476, 40.286323], [-7.6865842, 40.2860299], [-7.6865898, 40.2859853], [-7.6866055, 40.2857755], [-7.6865867, 40.2856752], [-7.6865535, 40.2855998], [-7.6864794, 40.2855177], [-7.6862718, 40.2853588], [-7.6861978, 40.2852476], [-7.6861774, 40.2851736], [-7.6861764, 40.2850982], [-7.686179, 40.2850184], [-7.6862048, 40.2849282], [-7.6863099, 40.2848211], [-7.6867266, 40.284479], [-7.6868871, 40.284378], [-7.6870182, 40.2843116], [-7.6870856, 40.2842921], [-7.6871607, 40.2842777], [-7.6872647, 40.2842728], [-7.687378, 40.284288], [-7.6874912, 40.2843222], [-7.6880244, 40.2846726], [-7.6884911, 40.2850082], [-7.6885421, 40.2850614], [-7.6885743, 40.2851166], [-7.6886038, 40.2851944], [-7.6886091, 40.2852517], [-7.6886038, 40.2853131], [-7.688585, 40.2854092], [-7.6885394, 40.2855565], [-7.6885206, 40.285712], [-7.688534, 40.2858123], [-7.6885662, 40.2858778], [-7.6886145, 40.2859392], [-7.688695, 40.2859964], [-7.6887888, 40.2860374], [-7.6889229, 40.2860742], [-7.6895345, 40.2861499], [-7.6896579, 40.2861744], [-7.6897464, 40.2862031], [-7.689851, 40.2862522], [-7.6899148, 40.2863107], [-7.6899502, 40.2863913], [-7.6899797, 40.2864691], [-7.6900435, 40.2867281], [-7.6901004, 40.2868169], [-7.6901722, 40.2868918], [-7.6908911, 40.287391], [-7.690969, 40.2874389], [-7.6910392, 40.2874655], [-7.69117, 40.2875056], [-7.6916588, 40.2875964], [-7.691964, 40.2876693], [-7.6921389, 40.2877315], [-7.6922751, 40.2877838], [-7.6924554, 40.2878645], [-7.6925761, 40.287932], [-7.6926914, 40.2880077], [-7.6928115, 40.2880948], [-7.6929275, 40.2881816], [-7.6930321, 40.2882532], [-7.693126, 40.2883085], [-7.6932252, 40.2883616], [-7.6933915, 40.2884189], [-7.6935518, 40.2884631], [-7.6938233, 40.2885008], [-7.694054, 40.2885171], [-7.6945925, 40.2885613], [-7.6947085, 40.2885826], [-7.6948292, 40.2886153], [-7.6949251, 40.2886513], [-7.6949955, 40.288687], [-7.6953656, 40.288867], [-7.6955909, 40.2889611], [-7.6957223, 40.2890061], [-7.695894, 40.2890491], [-7.6961059, 40.2890777], [-7.6975322, 40.2892078], [-7.6977045, 40.2891903], [-7.6978541, 40.2891587], [-7.6980022, 40.2891043], [-7.6981116, 40.2890442], [-7.6981953, 40.2889734], [-7.6982731, 40.2888977], [-7.6983798, 40.2887741], [-7.6987532, 40.2881632], [-7.6988686, 40.2880097], [-7.699059, 40.2877356], [-7.6992457, 40.2874376], [-7.6996056, 40.2869271], [-7.6996947, 40.286819], [-7.6997752, 40.2867473], [-7.6998591, 40.2866683], [-7.6999629, 40.2865816], [-7.7000279, 40.2865038], [-7.7000648, 40.2864118], [-7.7000892, 40.2863259], [-7.7001265, 40.2859392], [-7.7001533, 40.2857857], [-7.7002133, 40.285681], [-7.7002982, 40.2856282], [-7.7003873, 40.2855905], [-7.7007166, 40.2854972], [-7.7008373, 40.2854399], [-7.7009235, 40.2853824], [-7.7009822, 40.2853315], [-7.7010331, 40.2852701], [-7.7011157, 40.2851567], [-7.7011645, 40.2850471], [-7.7011806, 40.2849325], [-7.701176, 40.2848774], [-7.7011688, 40.2848369], [-7.7011538, 40.2847811], [-7.7011157, 40.2846984], [-7.7009869, 40.2845101], [-7.7008936, 40.2843534], [-7.7008588, 40.2842348], [-7.7008668, 40.2841652], [-7.7009097, 40.2840874], [-7.7009607, 40.2840302], [-7.7010519, 40.2839585], [-7.7011377, 40.2839033], [-7.701304, 40.2838214], [-7.7015585, 40.2836213], [-7.7017771, 40.2834914], [-7.7019476, 40.2833751], [-7.7020963, 40.2832474], [-7.7022337, 40.2830971], [-7.702368, 40.2829326], [-7.7024368, 40.282834], [-7.702524, 40.2827031], [-7.7026028, 40.2825418], [-7.7026411, 40.2823784], [-7.7026457, 40.2822275], [-7.7027018, 40.2821228], [-7.7026558, 40.2818346], [-7.7026049, 40.281718], [-7.7025512, 40.2816464], [-7.7024922, 40.2815952], [-7.7024198, 40.2815441], [-7.7022347, 40.2814418], [-7.7021623, 40.2813824], [-7.7020705, 40.2813018], [-7.7020389, 40.2812371], [-7.7020383, 40.2811463], [-7.7020577, 40.2810591], [-7.7020953, 40.2809363], [-7.7021543, 40.2808136], [-7.7021731, 40.2807072], [-7.702165, 40.2805946], [-7.7021301, 40.2804903], [-7.7020658, 40.2804084], [-7.7020175, 40.2803614], [-7.7016232, 40.2800442], [-7.7015588, 40.2799849], [-7.7014864, 40.2798907], [-7.7013362, 40.2796534], [-7.7013121, 40.2795429], [-7.7013067, 40.2794344], [-7.7013255, 40.2793403], [-7.7013952, 40.2792687], [-7.7014569, 40.2792216], [-7.7015722, 40.2791643], [-7.7017057, 40.2791], [-7.7018297, 40.279017], [-7.7018914, 40.2789494], [-7.7019317, 40.2788758], [-7.7019558, 40.2787878], [-7.7019397, 40.2786793], [-7.7019021, 40.2785791], [-7.7018351, 40.2784665], [-7.7017734, 40.2783601], [-7.7016393, 40.2781555], [-7.7016199, 40.2780605], [-7.7016312, 40.2779529], [-7.7016661, 40.2778792], [-7.7017278, 40.277826], [-7.7018083, 40.2777687], [-7.7019203, 40.2777249], [-7.7029263, 40.2774269], [-7.7030716, 40.2773738], [-7.7032674, 40.2772899], [-7.7034337, 40.277204], [-7.7036107, 40.2770955], [-7.7038467, 40.2769257], [-7.7042464, 40.2766535], [-7.7045274, 40.2764235], [-7.7047507, 40.2762115], [-7.7049223, 40.2760089], [-7.7050725, 40.2758145], [-7.7051262, 40.2757326], [-7.7051557, 40.2756733], [-7.7051952, 40.2756121], [-7.7052254, 40.2755587], [-7.7052844, 40.2754339], [-7.705322, 40.2752947], [-7.7053676, 40.2751126], [-7.705381, 40.2745437], [-7.7054078, 40.2738745], [-7.7054266, 40.2737538], [-7.7054775, 40.2736453], [-7.7055359, 40.2735749], [-7.7056251, 40.2735164], [-7.7058685, 40.2733866], [-7.7059973, 40.2733129], [-7.7060703, 40.2732544], [-7.7061481, 40.2731767], [-7.706244, 40.2730674], [-7.7069922, 40.2718814], [-7.7073685, 40.2713062], [-7.7074329, 40.2712325], [-7.7075348, 40.2711486], [-7.7076233, 40.2710872], [-7.7077386, 40.2710156], [-7.7078352, 40.2709644], [-7.7079392, 40.2709145], [-7.7083475, 40.2707475], [-7.7084521, 40.270684], [-7.7085138, 40.2706165], [-7.7085558, 40.2705438], [-7.7085782, 40.2704651], [-7.7085728, 40.2703832], [-7.7085406, 40.2702911], [-7.708487, 40.2702174], [-7.7084306, 40.2701683], [-7.7083555, 40.2701151], [-7.708259, 40.2700824], [-7.7081758, 40.270066], [-7.7080927, 40.270066], [-7.707912, 40.2700813], [-7.7078379, 40.2700762], [-7.7077681, 40.270068], [-7.7076743, 40.2700414], [-7.7076066, 40.2700058], [-7.7075267, 40.2699186], [-7.7074785, 40.2698388], [-7.7073926, 40.2696219], [-7.7073578, 40.2694357], [-7.7073497, 40.2692637], [-7.7073706, 40.2691135], [-7.7074543, 40.2689547], [-7.7075402, 40.2688319], [-7.7076474, 40.2687112], [-7.7077675, 40.2686305], [-7.7081837, 40.2684227], [-7.7090449, 40.2679928], [-7.7091468, 40.2679191], [-7.7092514, 40.2678311], [-7.7093554, 40.26773], [-7.709584, 40.2674464], [-7.709693, 40.2673471], [-7.7097664, 40.2673031], [-7.7098597, 40.2672716], [-7.7099246, 40.2672581], [-7.7100095, 40.2672529], [-7.7100936, 40.267256], [-7.7101601, 40.2672716], [-7.7102787, 40.2673236], [-7.7111021, 40.267782], [-7.7112282, 40.2678311], [-7.7113382, 40.2678557], [-7.7114311, 40.2678628], [-7.7115501, 40.2678618], [-7.7116654, 40.2678536], [-7.7118022, 40.267827], [-7.7119229, 40.26778], [-7.7120483, 40.2677136], [-7.7123269, 40.2674903], [-7.7123976, 40.2674218], [-7.7124486, 40.2673584], [-7.7125237, 40.2672478], [-7.712563, 40.2671383], [-7.7125827, 40.2670432], [-7.7125844, 40.2669418], [-7.7125586, 40.2668037], [-7.712513, 40.2666932], [-7.7124861, 40.266595], [-7.7124835, 40.2665111], [-7.7125093, 40.2664056], [-7.7125844, 40.2663074], [-7.7126971, 40.2662337], [-7.7128366, 40.2662051], [-7.7129904, 40.266202], [-7.713049, 40.2662042], [-7.713132, 40.2662073], [-7.7132747, 40.2662429], [-7.7133954, 40.266288], [-7.7135, 40.2663432], [-7.7135933, 40.266412], [-7.7143422, 40.2670329], [-7.7144603, 40.2671128], [-7.7145568, 40.2671598], [-7.7146876, 40.2672061], [-7.7147982, 40.2672212], [-7.7148804, 40.2672202], [-7.7149988, 40.2671815], [-7.7151362, 40.2671128], [-7.7152327, 40.2670514], [-7.7153203, 40.2669705], [-7.7153829, 40.2669101], [-7.7154366, 40.2668487], [-7.715517, 40.2667464], [-7.71556, 40.2666605], [-7.7156082, 40.2665663], [-7.7156592, 40.2663923], [-7.7157176, 40.2660272], [-7.7157558, 40.2659073], [-7.7158034, 40.265798], [-7.7158604, 40.2657067], [-7.7159221, 40.2656351], [-7.7159811, 40.2655737], [-7.7160615, 40.2655123], [-7.7165765, 40.2651009], [-7.7167991, 40.264929], [-7.7170315, 40.2647274], [-7.717113, 40.2646465], [-7.7172068, 40.2645381], [-7.7173162, 40.2643817], [-7.7173839, 40.2642024], [-7.7174235, 40.264046], [-7.7174321, 40.2638483], [-7.7174235, 40.2636448], [-7.7173162, 40.262908], [-7.7173055, 40.262777], [-7.7173588, 40.2626847], [-7.7174339, 40.2626274], [-7.7175626, 40.262566], [-7.7176967, 40.2625128], [-7.7180776, 40.2623286], [-7.7182224, 40.2622426], [-7.7183247, 40.262122], [-7.7184427, 40.2619337], [-7.7185178, 40.2616308], [-7.7184573, 40.2612858], [-7.7183876, 40.2609543], [-7.7183492, 40.2608333], [-7.7182892, 40.2607088], [-7.7182388, 40.2606153], [-7.7181932, 40.2605421], [-7.7181164, 40.2604596], [-7.7179939, 40.2603534], [-7.7178379, 40.2602288], [-7.7176146, 40.2600932], [-7.7165392, 40.2594902], [-7.7164453, 40.2594493], [-7.7163098, 40.2594063], [-7.7161038, 40.2593547], [-7.716055, 40.2593428], [-7.715984, 40.2593193], [-7.7159215, 40.2592892], [-7.7158847, 40.2592651], [-7.7158579, 40.2592446], [-7.7158177, 40.2591965], [-7.7157927, 40.2591582], [-7.7157814, 40.2591105], [-7.7157774, 40.2590726], [-7.7157814, 40.2590378], [-7.7157922, 40.2589826], [-7.7158056, 40.2589416], [-7.7158284, 40.2588915], [-7.7162475, 40.2579978], [-7.7164364, 40.2576435], [-7.7164899, 40.2575617], [-7.7165437, 40.2574962], [-7.7172223, 40.2567788], [-7.717288, 40.256701], [-7.7173564, 40.2566191], [-7.7174101, 40.2565485], [-7.7176142, 40.2562018], [-7.7177066, 40.2560443], [-7.7177668, 40.255965], [-7.7178205, 40.2559066], [-7.7178806, 40.2558558], [-7.7179795, 40.255782], [-7.7181105, 40.2556869], [-7.7185071, 40.2553673], [-7.7185703, 40.2553114], [-7.7186348, 40.2552523], [-7.7187057, 40.2551671], [-7.7187959, 40.2550441], [-7.7189184, 40.2548588], [-7.7189979, 40.2547424], [-7.719086, 40.2546423], [-7.7191677, 40.2545587], [-7.7192966, 40.2544488], [-7.7204676, 40.2534715], [-7.72163, 40.2525204], [-7.7217503, 40.252404], [-7.7218212, 40.2523318], [-7.7218964, 40.2522433], [-7.7219716, 40.2521465], [-7.7221656, 40.2519037], [-7.7234463, 40.2504046], [-7.7236908, 40.2500883], [-7.7237133, 40.2500593], [-7.7237589, 40.2499958], [-7.7238313, 40.2498628], [-7.7239737, 40.2494824], [-7.7240378, 40.2492672]]}, "properties": {"highway": "primary", "lanes": "2", "ref": "EN 231", "surface": "asphalt"}}, {"type": "Feature", "geometry": {"type": "LineString", "coordinates": [[-7.9178272, 40.6231942], [-7.918087, 40.6230733], [-7.9186833, 40.6227363]]}, "properties": {"highway": "primary", "lanes": "3", "maxspeed": "50", "name": "Avenida Dr. Alexandre Alves", "oneway": "yes", "ref": "EN 231", "source": "Bing", "surface": "asphalt"}}, {"type": "Feature", "geometry": {"type": "LineString", "coordinates": [[-7.9188608, 40.6218078], [-7.9189657, 40.6211965]]}, "properties": {"highway": "primary", "lanes": "2", "oneway": "yes", "ref": "EN 231", "source": "Bing", "turn:lanes": "left|"}}, {"type": "Feature", "geometry": {"type": "LineString", "coordinates": [[-7.9189219, 40.6222148], [-7.9189011, 40.6221264], [-7.9188639, 40.6219883], [-7.9188608, 40.6218078]]}, "properties": {"highway": "primary", "lanes": "1", "oneway": "yes", "ref": "EN 231", "source": "Bing"}}, {"type": "Feature", "geometry": {"type": "LineString", "coordinates": [[-7.9111246, 40.6475388], [-7.9111141, 40.6475851], [-7.911123, 40.6476316], [-7.9111504, 40.6476737], [-7.9111937, 40.6477072]]}, "properties": {"highway": "primary", "junction": "roundabout", "lanes": "2", "name": "Rotunda da Quinta da Saudade", "ref": "EN 231", "source": "Bing", "surface": "asphalt"}}, {"type": "Feature", "geometry": {"type": "LineString", "coordinates": [[-7.9114223, 40.6474632], [-7.9113706, 40.6474442]]}, "properties": {"highway": "primary", "junction": "roundabout", "lanes": "2", "name": "Rotunda da Quinta da Saudade", "ref": "EN 231", "source": "Bing", "surface": "asphalt"}}, {"type": "Feature", "geometry": {"type": "LineString", "coordinates": [[-7.9111501, 40.6475008], [-7.9111246, 40.6475388]]}, "properties": {"highway": "primary", "junction": "roundabout", "lanes": "2", "name": "Rotunda da Quinta da Saudade", "ref": "EN 231", "source": "Bing", "surface": "asphalt"}}, {"type": "Feature", "geometry": {"type": "LineString", "coordinates": [[-7.9113706, 40.6474442], [-7.9113093, 40.6474373], [-7.911285, 40.6474404], [-7.9112482, 40.6474452], [-7.9111933, 40.6474671], [-7.9111501, 40.6475008]]}, "properties": {"highway": "primary", "junction": "roundabout", "lanes": "2", "name": "Rotunda da Quinta da Saudade", "ref": "EN 231", "source": "Bing", "surface": "asphalt"}}, {"type": "Feature", "geometry": {"type": "LineString", "coordinates": [[-7.911255, 40.6477305], [-7.91131, 40.6477368], [-7.9113652, 40.6477311], [-7.9114161, 40.647714], [-7.9114586, 40.6476868]]}, "properties": {"highway": "primary", "junction": "roundabout", "lanes": "2", "name": "Rotunda da Quinta da Saudade", "ref": "EN 231", "source": "Bing", "surface": "asphalt"}}, {"type": "Feature", "geometry": {"type": "LineString", "coordinates": [[-7.9098106, 40.6410244], [-7.9098376, 40.6410039], [-7.9098557, 40.6409862], [-7.9098817, 40.6409476], [-7.9098889, 40.640937], [-7.9099038, 40.640883], [-7.9098992, 40.6408277], [-7.9098754, 40.6407752], [-7.9098397, 40.6407343], [-7.9098064, 40.6407092]]}, "properties": {"highway": "primary", "junction": "roundabout", "lanes": "3", "ref": "EN 231", "surface": "asphalt"}}, {"type": "Feature", "geometry": {"type": "LineString", "coordinates": [[-7.9158462, 40.6249918], [-7.9157786, 40.6250196], [-7.9157249, 40.6250614], [-7.9156901, 40.6251135], [-7.9156771, 40.625171], [-7.9156873, 40.6252289]]}, "properties": {"highway": "primary", "junction": "roundabout", "lanes": "3", "ref": "EN 231", "surface": "asphalt"}}, {"type": "Feature", "geometry": {"type": "LineString", "coordinates": [[-7.9161687, 40.6250985], [-7.9161281, 40.6250486], [-7.9160697, 40.6250102], [-7.9159989, 40.6249867], [-7.915922, 40.6249804], [-7.9158462, 40.6249918]]}, "properties": {"highway": "primary", "junction": "roundabout", "lanes": "3", "ref": "EN 231", "surface": "asphalt"}}, {"type": "Feature", "geometry": {"type": "LineString", "coordinates": [[-7.9159485, 40.6253686], [-7.9159988, 40.6253624], [-7.9160466, 40.6253488], [-7.9161091, 40.6253157], [-7.9161561, 40.6252702], [-7.9161833, 40.6252161], [-7.9161883, 40.6251584], [-7.9161796, 40.625125], [-7.9161687, 40.6250985]]}, "properties": {"highway": "primary", "junction": "roundabout", "lanes": "3", "ref": "EN 231", "surface": "asphalt"}}, {"type": "Feature", "geometry": {"type": "LineString", "coordinates": [[-7.9204184, 40.6180394], [-7.920551, 40.6177727], [-7.9206684, 40.6174649], [-7.9207822, 40.6170544], [-7.9208427, 40.6168491], [-7.9211359, 40.6156351], [-7.9214884, 40.6141757], [-7.9219043, 40.6124704]]}, "properties": {"highway": "primary", "lanes": "2", "ref": "EN 231", "source": "Bing", "surface": "asphalt"}}, {"type": "Feature", "geometry": {"type": "LineString", "coordinates": [[-7.9220918, 40.6118223], [-7.9221217, 40.6117042], [-7.9221497, 40.6115799]]}, "properties": {"highway": "primary", "oneway": "yes", "ref": "EN 231"}}, {"type": "Feature", "geometry": {"type": "LineString", "coordinates": [[-7.9220725, 40.6115673], [-7.9220411, 40.611675], [-7.921962, 40.6120227], [-7.9219128, 40.6122934], [-7.9219043, 40.6124704]]}, "properties": {"highway": "primary", "oneway": "yes", "ref": "EN 231"}}, {"type": "Feature", "geometry": {"type": "LineString", "coordinates": [[-7.9221889, 40.6114327], [-7.9222621, 40.6111429], [-7.9223412, 40.6107406], [-7.9224376, 40.6102564]]}, "properties": {"highway": "primary", "lanes": "1", "oneway": "yes", "ref": "EN 231", "surface": "asphalt"}}, {"type": "Feature", "geometry": {"type": "LineString", "coordinates": [[-7.9221307, 40.6113292], [-7.9221152, 40.6113957], [-7.9220725, 40.6115673]]}, "properties": {"highway": "primary", "oneway": "yes", "ref": "EN 231"}}, {"type": "Feature", "geometry": {"type": "LineString", "coordinates": [[-7.9166871, 40.5974976], [-7.9165355, 40.5973545], [-7.916451, 40.5971521], [-7.9164158, 40.5969566], [-7.9164266, 40.5965783], [-7.9164528, 40.596469], [-7.9164786, 40.5963611], [-7.9166151, 40.5961407], [-7.9167494, 40.5960041], [-7.9170202, 40.5958512], [-7.9172672, 40.5957722], [-7.9195081, 40.5952107], [-7.9197487, 40.5951083], [-7.9199264, 40.5949943], [-7.9200842, 40.5948396], [-7.9201745, 40.5946768], [-7.9202404, 40.5945139], [-7.9202573, 40.5943603], [-7.9202362, 40.5941624], [-7.9201929, 40.5937554], [-7.9201255, 40.5935682], [-7.920003, 40.5933902], [-7.9198513, 40.5932448], [-7.9194726, 40.5929993], [-7.9193274, 40.5929051], [-7.9191956, 40.5927969], [-7.9190747, 40.5926467], [-7.9190486, 40.5926143], [-7.9187069, 40.5918337], [-7.9185737, 40.5916255], [-7.9183689, 40.5913952], [-7.9180589, 40.5911369], [-7.9173131, 40.590627], [-7.9157877, 40.5895842], [-7.9155147, 40.589441], [-7.9152309, 40.5893538], [-7.9152114, 40.5893498], [-7.914581, 40.5892206], [-7.9142867, 40.5891243], [-7.914061, 40.5889902], [-7.9138855, 40.5888339], [-7.913749, 40.5886447], [-7.9137122, 40.588421], [-7.913723, 40.5882268], [-7.9138054, 40.5880179], [-7.9142235, 40.5873582], [-7.9143427, 40.5870883], [-7.9144918, 40.5856759], [-7.9144734, 40.5855212], [-7.9144091, 40.5853351], [-7.9142727, 40.5851571], [-7.9141057, 40.5850291], [-7.9136033, 40.5847743], [-7.9134179, 40.5846265], [-7.9132831, 40.5844381], [-7.9128878, 40.5835283], [-7.9128538, 40.5833421], [-7.9129001, 40.5831525], [-7.9132233, 40.5826452], [-7.9132785, 40.582473], [-7.9132769, 40.5822647], [-7.9131942, 40.5820681], [-7.9129798, 40.5817814], [-7.9128796, 40.5816475], [-7.9125865, 40.5812557], [-7.9123634, 40.581027], [-7.9120741, 40.5808344], [-7.911812, 40.5807012], [-7.9114578, 40.5805769], [-7.9105346, 40.5803418], [-7.9100093, 40.580208], [-7.9097412, 40.5801592], [-7.9095298, 40.580151], [-7.909297, 40.5801638], [-7.9086275, 40.5802778], [-7.9084004, 40.5802966], [-7.9083594, 40.5803], [-7.9083316, 40.5802953], [-7.9081786, 40.5802697], [-7.9079366, 40.5801941], [-7.9072809, 40.5799393], [-7.907019, 40.5798846], [-7.9067152, 40.5798647]]}, "properties": {"highway": "primary", "lanes": "2", "maxspeed": "90", "ref": "EN 231", "source": "Bing", "surface": "asphalt"}}, {"type": "Feature", "geometry": {"type": "LineString", "coordinates": [[-7.7173055, 40.3401985], [-7.7173351, 40.3402775], [-7.7173378, 40.34038], [-7.7173138, 40.3404769], [-7.7172608, 40.3406091], [-7.7170305, 40.3410505], [-7.7169514, 40.3412553], [-7.7168799, 40.3416813], [-7.7168139, 40.341835], [-7.716743, 40.3419406], [-7.7166449, 40.3420425], [-7.7164877, 40.3421463], [-7.7162438, 40.3422406], [-7.7157546, 40.3423904], [-7.7155224, 40.342473], [-7.7153899, 40.3425444], [-7.7153009, 40.3426133], [-7.7152216, 40.3426914], [-7.7151699, 40.3428068], [-7.7151412, 40.342912], [-7.7151441, 40.3430376], [-7.7151791, 40.3431924], [-7.715237, 40.3433084], [-7.7153191, 40.3434133], [-7.7154494, 40.3435268], [-7.7159226, 40.3438687], [-7.7160682, 40.3440273], [-7.7161652, 40.3441914], [-7.7165494, 40.3450439], [-7.7166297, 40.3451591], [-7.7167441, 40.3452594], [-7.7168828, 40.345338], [-7.7170694, 40.3453911], [-7.7172491, 40.3454021], [-7.7176572, 40.3453613], [-7.7178175, 40.3453573], [-7.7179838, 40.34537], [-7.718296, 40.3454253], [-7.7184479, 40.3454713], [-7.7186205, 40.3455559], [-7.7187909, 40.3456806], [-7.7196527, 40.3464561], [-7.7197259, 40.3465697], [-7.7197628, 40.3466814], [-7.719773, 40.3467869], [-7.7197517, 40.3469202], [-7.7196882, 40.3472161], [-7.7196879, 40.3473343], [-7.7197225, 40.3474331], [-7.7197959, 40.3475208], [-7.719914, 40.3475827], [-7.7201365, 40.3476483], [-7.7202962, 40.347698], [-7.7204377, 40.3477632], [-7.7205549, 40.3478507], [-7.7206287, 40.3479449], [-7.7206808, 40.3480594], [-7.720796, 40.3484481], [-7.7208732, 40.348595], [-7.720948, 40.3486697], [-7.7210433, 40.3487351], [-7.7211604, 40.3487839], [-7.7214677, 40.3488758], [-7.7217263, 40.3489604], [-7.721991, 40.3490737], [-7.7221695, 40.3491711], [-7.722348, 40.3492833], [-7.7225299, 40.3494498], [-7.7227021, 40.3496349], [-7.7228259, 40.3497982], [-7.7229302, 40.3499726], [-7.7231835, 40.350487], [-7.7232816, 40.3505975], [-7.7234017, 40.3506803], [-7.7237174, 40.350838], [-7.7238973, 40.3509446], [-7.7240529, 40.3510715], [-7.7241786, 40.3512247], [-7.7243043, 40.3514463], [-7.7245333, 40.3520941], [-7.7247225, 40.3525822], [-7.7248165, 40.3527127], [-7.7249226, 40.3527949], [-7.7251041, 40.3529012], [-7.7265067, 40.3535692], [-7.726672, 40.3536327], [-7.7268374, 40.3536703], [-7.7272995, 40.3537613], [-7.7274548, 40.353805], [-7.7276102, 40.353871], [-7.7291141, 40.3547357], [-7.7292912, 40.3548612], [-7.7293991, 40.3549591], [-7.7295071, 40.3550718], [-7.7296159, 40.3552265], [-7.7296973, 40.3553964], [-7.7297714, 40.3555904], [-7.7300954, 40.3567291], [-7.7301785, 40.3570823]]}, "properties": {"highway": "primary", "lanes": "2", "oneway": "no", "ref": "EN 231", "smoothness": "good", "source": "Bing", "surface": "asphalt"}}, {"type": "Feature", "geometry": {"type": "LineString", "coordinates": [[-7.7301785, 40.3570823], [-7.730201, 40.3572153], [-7.7302015, 40.3573613], [-7.7301779, 40.3574635], [-7.7301349, 40.3575657], [-7.7300537, 40.3576997], [-7.729958, 40.3578032], [-7.7298404, 40.3578789], [-7.7297161, 40.3579303], [-7.7295568, 40.3579647]]}, "properties": {"highway": "primary", "oneway": "no", "ref": "EN 231", "source": "Bing"}}, {"type": "Feature", "geometry": {"type": "LineString", "coordinates": [[-7.7295568, 40.3579647], [-7.7293808, 40.3579662], [-7.7292096, 40.3579473], [-7.7290447, 40.3578944], [-7.7288068, 40.3577619], [-7.7279056, 40.3573694], [-7.7259744, 40.3568462], [-7.7254165, 40.3566909], [-7.725041, 40.3566663], [-7.724526, 40.3567154], [-7.7242041, 40.3567563], [-7.7238608, 40.35665], [-7.7232707, 40.356372], [-7.7228416, 40.3563311], [-7.7224124, 40.3561022], [-7.7217054, 40.3557763], [-7.7215293, 40.355627], [-7.7213288, 40.3554809], [-7.7205763, 40.3551942], [-7.7205134, 40.3551702], [-7.7197534, 40.3546788], [-7.7195659, 40.3545889], [-7.719344, 40.3545406], [-7.7191039, 40.3545699], [-7.7189684, 40.3546878], [-7.7179599, 40.3554563], [-7.7176381, 40.355579], [-7.7172733, 40.3555626], [-7.7167261, 40.3554482], [-7.7163935, 40.3554305], [-7.7162517, 40.3554736], [-7.7161284, 40.3555426], [-7.7160419, 40.3556627], [-7.716018, 40.355767], [-7.7160042, 40.3558781], [-7.7161038, 40.3560613], [-7.7162878, 40.3563259], [-7.7163221, 40.3564906], [-7.7162458, 40.3566489], [-7.716151, 40.3567649], [-7.7159017, 40.3568828], [-7.715529, 40.3570398], [-7.7153678, 40.3571952], [-7.7152986, 40.3573594]]}, "properties": {"highway": "primary", "oneway": "no", "ref": "EN 231", "source": "Bing", "surface": "asphalt"}}, {"type": "Feature", "geometry": {"type": "LineString", "coordinates": [[-7.786876, 40.4780787], [-7.7861501, 40.4776361]]}, "properties": {"highway": "primary", "lane_markings": "no", "ref": "EN 231", "surface": "sett"}}, {"type": "Feature", "geometry": {"type": "LineString", "coordinates": [[-7.7759287, 40.4745763], [-7.7753453, 40.4743237], [-7.7751033, 40.4742193], [-7.7747375, 40.474065]]}, "properties": {"highway": "primary", "lane_markings": "no", "name": "Rua do Com\u00e9rcio", "ref": "EN 231", "surface": "asphalt"}}, {"type": "Feature", "geometry": {"type": "LineString", "coordinates": [[-7.718037, 40.4309182], [-7.7179456, 40.4309072]]}, "properties": {"highway": "primary", "name": "Avenida Terras de Sena", "oneway": "yes", "ref": "EN 231", "surface": "asphalt"}}, {"type": "Feature", "geometry": {"type": "LineString", "coordinates": [[-7.7123622, 40.4005155], [-7.7124386, 40.4006545], [-7.7125271, 40.4008311], [-7.7125773, 40.4008718]]}, "properties": {"highway": "primary", "name": "Avenida Dona Ana Nogueira", "oneway": "no", "ref": "EN 231", "source": "Bing", "surface": "asphalt"}}, {"type": "Feature", "geometry": {"type": "LineString", "coordinates": [[-7.7129276, 40.4013538], [-7.7128903, 40.4013503], [-7.7128538, 40.401358], [-7.7128241, 40.4013756], [-7.7128055, 40.4014007], [-7.7128009, 40.4014291], [-7.712811, 40.4014569], [-7.7128344, 40.4014796], [-7.7128671, 40.4014936]]}, "properties": {"highway": "primary", "junction": "roundabout", "lane_markings": "no", "ref": "EN 231", "source": "bing", "surface": "asphalt"}}, {"type": "Feature", "geometry": {"type": "LineString", "coordinates": [[-7.7072071, 40.4096156], [-7.7071938, 40.4095592], [-7.7071587, 40.4095086]]}, "properties": {"highway": "primary", "junction": "roundabout", "ref": "EN 231", "surface": "asphalt"}}, {"type": "Feature", "geometry": {"type": "LineString", "coordinates": [[-7.7213795, 40.418254], [-7.7213926, 40.4182155], [-7.7213899, 40.4181661], [-7.7213667, 40.4181199], [-7.7213253, 40.4180818], [-7.7212701, 40.4180558], [-7.7211536, 40.4180472]]}, "properties": {"highway": "primary", "junction": "roundabout", "lanes": "2", "name": "Variante de Seia", "ref": "EN 231"}}, {"type": "Feature", "geometry": {"type": "LineString", "coordinates": [[-7.8860145, 40.5798951], [-7.8866334, 40.5790945], [-7.8867228, 40.5787657], [-7.8866804, 40.5784887], [-7.8865628, 40.5776076], [-7.8865522, 40.5775274], [-7.8863892, 40.5762971], [-7.8863722, 40.576169], [-7.886325, 40.5758222], [-7.8862503, 40.5752743], [-7.8862466, 40.575247], [-7.886211, 40.5749662], [-7.8862071, 40.5749386], [-7.886177, 40.5747361], [-7.8861745, 40.5747179], [-7.8860993, 40.57423], [-7.8860438, 40.5740214], [-7.8860321, 40.5739772], [-7.885904, 40.5734955], [-7.8858532, 40.573294], [-7.8858416, 40.573245], [-7.8858356, 40.5732195]]}, "properties": {"highway": "primary", "name": "Avenida S\u00e1 Carneiro", "ref": "EN 231", "source": "Bing"}}, {"type": "Feature", "geometry": {"type": "LineString", "coordinates": [[-7.8527808, 40.5285137], [-7.8529817, 40.5286571], [-7.853012, 40.5286788]]}, "properties": {"highway": "primary", "ref": "EN 231", "surface": "sett"}}, {"type": "Feature", "geometry": {"type": "LineString", "coordinates": [[-7.8102582, 40.4911806], [-7.8099371, 40.4911141], [-7.8091242, 40.4909456], [-7.8086896, 40.4908631], [-7.8065806, 40.4902645], [-7.8061663, 40.490105], [-7.805885, 40.4899367], [-7.8048701, 40.4893325], [-7.8048183, 40.4893017], [-7.8043577, 40.4892017], [-7.8036496, 40.489137], [-7.8023777, 40.4890207], [-7.8018196, 40.4889134], [-7.8011496, 40.4885577], [-7.8003706, 40.4880371], [-7.7998483, 40.4878017], [-7.7984683, 40.48731], [-7.797955, 40.4870717], [-7.7969067, 40.48619], [-7.79644, 40.485875], [-7.7958204, 40.4855263], [-7.7940267, 40.4845167], [-7.7937558, 40.4844173], [-7.7930771, 40.4842281], [-7.7927879, 40.4841366], [-7.7925882, 40.4840286], [-7.7923939, 40.4838997], [-7.7918088, 40.4834385], [-7.7909883, 40.4828017], [-7.7906917, 40.4824817], [-7.7906048, 40.4822898], [-7.7905675, 40.4821504], [-7.7905182, 40.4819663], [-7.7903785, 40.481597], [-7.79025, 40.4814017], [-7.789627, 40.4807781], [-7.7892931, 40.4803776], [-7.78927, 40.48035], [-7.7883015, 40.4790196], [-7.7878733, 40.4786867], [-7.7870576, 40.4781894], [-7.786876, 40.4780787]]}, "properties": {"highway": "primary", "lanes": "2", "ref": "EN 231", "surface": "asphalt"}}, {"type": "Feature", "geometry": {"type": "LineString", "coordinates": [[-7.8106311, 40.4913193], [-7.8102582, 40.4911806]]}, "properties": {"bridge": "yes", "highway": "primary", "layer": "1", "ref": "EN 231", "surface": "asphalt"}}, {"type": "Feature", "geometry": {"type": "LineString", "coordinates": [[-7.6756235, 40.2992389], [-7.6756025, 40.2991505], [-7.6756239, 40.2990032], [-7.6757899, 40.2988659], [-7.6762512, 40.2986123], [-7.6764014, 40.2984445], [-7.6764497, 40.2982522], [-7.6764068, 40.2980763], [-7.6762888, 40.2979167], [-7.6760746, 40.2977267], [-7.6758757, 40.2976058], [-7.6756558, 40.2975403], [-7.6754305, 40.2975281], [-7.6751032, 40.2975526], [-7.6746154, 40.2975958], [-7.6744488, 40.2976017], [-7.6742936, 40.2975794], [-7.6741166, 40.2975446], [-7.6739395, 40.2974894], [-7.6728016, 40.2970455], [-7.6726356, 40.2970092], [-7.6724697, 40.2969984], [-7.6720133, 40.2970125], [-7.6713968, 40.2970475], [-7.6711594, 40.2971191], [-7.6710428, 40.2972285], [-7.6707902, 40.2976999], [-7.6705328, 40.2979167], [-7.6701952, 40.2981358], [-7.67005, 40.2982031], [-7.6698783, 40.2982154], [-7.6697442, 40.2981868], [-7.6697205, 40.2981698]]}, "properties": {"highway": "primary", "oneway": "no", "ref": "EN 231", "source": "Bing"}}, {"type": "Feature", "geometry": {"type": "LineString", "coordinates": [[-7.6756504, 40.2992914], [-7.6756235, 40.2992389]]}, "properties": {"bridge": "yes", "highway": "primary", "layer": "1", "oneway": "no", "ref": "EN 231", "source": "Bing"}}, {"type": "Feature", "geometry": {"type": "LineString", "coordinates": [[-7.6696427, 40.2981142], [-7.6696158, 40.2980949], [-7.6695403, 40.2979781], [-7.6695242, 40.2978595], [-7.6695457, 40.2976017], [-7.6694652, 40.2974258], [-7.6693901, 40.2972785], [-7.6690694, 40.2967957], [-7.6689292, 40.2966547], [-7.6687026, 40.2965269], [-7.6680696, 40.2962636], [-7.6675988, 40.2960737], [-7.6673211, 40.2960153], [-7.667101, 40.2959851], [-7.6670106, 40.2959755]]}, "properties": {"highway": "primary", "oneway": "no", "ref": "EN 231", "source": "Bing"}}, {"type": "Feature", "geometry": {"type": "LineString", "coordinates": [[-7.6697205, 40.2981698], [-7.6696427, 40.2981142]]}, "properties": {"bridge": "yes", "highway": "primary", "layer": "1", "oneway": "no", "ref": "EN 231", "source": "Bing"}}, {"type": "Feature", "geometry": {"type": "LineString", "coordinates": [[-7.9096032, 40.643725], [-7.9096726, 40.6438394], [-7.9097048, 40.6439034], [-7.9097279, 40.6439494], [-7.909762, 40.6440433], [-7.909858, 40.6443575]]}, "properties": {"highway": "primary", "lanes": "2", "name": "Avenida Doutor Alexandre Alves", "oneway": "yes", "ref": "EN 231", "source": "Bing", "surface": "asphalt"}}, {"type": "Feature", "geometry": {"type": "LineString", "coordinates": [[-7.909858, 40.6443575], [-7.909971, 40.6446912]]}, "properties": {"highway": "primary", "lanes": "2", "name": "Avenida Doutor Alexandre Alves", "oneway": "yes", "ref": "EN 231", "source": "Bing", "surface": "asphalt"}}, {"type": "Feature", "geometry": {"type": "LineString", "coordinates": [[-7.9076247, 40.6339267], [-7.9076918, 40.6339145], [-7.9077664, 40.6338885], [-7.9078273, 40.6338467], [-7.907869, 40.633793], [-7.9078877, 40.6337324]]}, "properties": {"highway": "primary", "junction": "roundabout", "lanes": "3", "ref": "EN 231", "surface": "asphalt"}}, {"type": "Feature", "geometry": {"type": "LineString", "coordinates": [[-7.907345, 40.633707], [-7.9073533, 40.6337677]]}, "properties": {"highway": "primary", "junction": "roundabout", "lanes": "3", "ref": "EN 231", "surface": "asphalt"}}, {"type": "Feature", "geometry": {"type": "LineString", "coordinates": [[-7.9075705, 40.6365185], [-7.9076482, 40.6365474], [-7.9077339, 40.6365567], [-7.9078192, 40.6365456], [-7.907896, 40.6365152], [-7.9079567, 40.6364684]]}, "properties": {"highway": "primary", "junction": "roundabout", "lanes": "3", "ref": "EN 231", "surface": "asphalt"}}, {"type": "Feature", "geometry": {"type": "LineString", "coordinates": [[-7.9074595, 40.6362953], [-7.9074521, 40.6363582], [-7.9074695, 40.6364199], [-7.9075102, 40.636475], [-7.9075705, 40.6365185]]}, "properties": {"highway": "primary", "junction": "roundabout", "lanes": "3", "ref": "EN 231", "surface": "asphalt"}}, {"type": "Feature", "geometry": {"type": "LineString", "coordinates": [[-7.9094606, 40.6407071], [-7.9094092, 40.6407487], [-7.909372, 40.6408054], [-7.9093598, 40.6408543], [-7.9093633, 40.6409038], [-7.9093821, 40.6409512], [-7.9094153, 40.6409939], [-7.9094391, 40.6410144]]}, "properties": {"highway": "primary", "junction": "roundabout", "lanes": "3", "ref": "EN 231", "surface": "asphalt"}}, {"type": "Feature", "geometry": {"type": "LineString", "coordinates": [[-7.9098064, 40.6407092], [-7.909752, 40.6406824], [-7.9096874, 40.6406656], [-7.909602, 40.6406625], [-7.9095196, 40.6406796], [-7.9094606, 40.6407071]]}, "properties": {"highway": "primary", "junction": "roundabout", "lanes": "3", "ref": "EN 231", "surface": "asphalt"}}, {"type": "Feature", "geometry": {"type": "LineString", "coordinates": [[-7.9111937, 40.6477072], [-7.911223, 40.6477209], [-7.911255, 40.6477305]]}, "properties": {"highway": "primary", "junction": "roundabout", "lanes": "2", "name": "Rotunda da Quinta da Saudade", "ref": "EN 231", "source": "Bing", "surface": "asphalt"}}, {"type": "Feature", "geometry": {"type": "LineString", "coordinates": [[-7.9114586, 40.6476868], [-7.9114881, 40.6476538], [-7.9115051, 40.647616]]}, "properties": {"highway": "primary", "junction": "roundabout", "lanes": "2", "name": "Rotunda da Quinta da Saudade", "ref": "EN 231", "source": "Bing", "surface": "asphalt"}}, {"type": "Feature", "geometry": {"type": "LineString", "coordinates": [[-7.9094391, 40.6410144], [-7.909467, 40.6410329], [-7.9095306, 40.6410602], [-7.9096015, 40.6410737], [-7.9096745, 40.6410725], [-7.9097446, 40.6410565], [-7.9098106, 40.6410244]]}, "properties": {"highway": "primary", "junction": "roundabout", "lanes": "3", "ref": "EN 231", "surface": "asphalt"}}, {"type": "Feature", "geometry": {"type": "LineString", "coordinates": [[-7.9079567, 40.6364684], [-7.907997, 40.6364061]]}, "properties": {"highway": "primary", "junction": "roundabout", "lanes": "3", "ref": "EN 231", "surface": "asphalt"}}, {"type": "Feature", "geometry": {"type": "LineString", "coordinates": [[-7.9077899, 40.6361388], [-7.9077042, 40.6361348], [-7.9076209, 40.6361508], [-7.907548, 40.6361853], [-7.9074924, 40.6362351], [-7.9074595, 40.6362953]]}, "properties": {"highway": "primary", "junction": "roundabout", "lanes": "3", "ref": "EN 231", "surface": "asphalt"}}, {"type": "Feature", "geometry": {"type": "LineString", "coordinates": [[-7.9073533, 40.6337677], [-7.907388, 40.6338279], [-7.9074458, 40.6338768], [-7.907521, 40.6339094], [-7.9076058, 40.6339224], [-7.9076247, 40.6339267]]}, "properties": {"highway": "primary", "junction": "roundabout", "lanes": "3", "ref": "EN 231", "surface": "asphalt"}}, {"type": "Feature", "geometry": {"type": "LineString", "coordinates": [[-7.9074724, 40.6335432], [-7.9074553, 40.6335501], [-7.9073983, 40.6335932], [-7.9073605, 40.6336471], [-7.907345, 40.633707]]}, "properties": {"highway": "primary", "junction": "roundabout", "lanes": "3", "ref": "EN 231", "surface": "asphalt"}}, {"type": "Feature", "geometry": {"type": "LineString", "coordinates": [[-7.7116299, 40.4037506], [-7.7115731, 40.4038414], [-7.7111883, 40.4042705], [-7.7108698, 40.4047], [-7.710753, 40.4048316], [-7.7106617, 40.4049017], [-7.7105363, 40.4049624], [-7.709965, 40.4051682]]}, "properties": {"highway": "primary", "ref": "EN 231", "sidewalk": "left", "source": "Bing", "surface": "asphalt"}}, {"type": "Feature", "geometry": {"type": "LineString", "coordinates": [[-7.8856401, 40.572687], [-7.8855665, 40.5726954], [-7.8854993, 40.5727197], [-7.8854442, 40.5727578], [-7.885406, 40.5728063]]}, "properties": {"highway": "primary", "junction": "roundabout", "lane_markings": "yes", "lanes": "2", "ref": "EN 231", "source": "bing", "surface": "asphalt"}}, {"type": "Feature", "geometry": {"type": "LineString", "coordinates": [[-7.8858754, 40.5728056], [-7.8858368, 40.5727571], [-7.8857814, 40.5727192], [-7.8857139, 40.5726951], [-7.8856401, 40.572687]]}, "properties": {"highway": "primary", "junction": "roundabout", "lane_markings": "yes", "lanes": "2", "ref": "EN 231", "source": "bing", "surface": "asphalt"}}, {"type": "Feature", "geometry": {"type": "LineString", "coordinates": [[-7.8852793, 40.5725848], [-7.883836, 40.5718543], [-7.883784, 40.571828], [-7.8814984, 40.5707184], [-7.8800465, 40.5699966], [-7.878691, 40.5693425], [-7.8767844, 40.5683811], [-7.8740172, 40.5669934], [-7.8723537, 40.5661462], [-7.8720926, 40.5659156], [-7.8718832, 40.5656475], [-7.8715397, 40.5650469], [-7.8710465, 40.5640578], [-7.8707585, 40.5636349], [-7.8706785, 40.5635491], [-7.8704893, 40.5633468], [-7.8700946, 40.5629247], [-7.8695326, 40.5623175], [-7.8690791, 40.5618298], [-7.8687515, 40.5614774]]}, "properties": {"highway": "primary", "lanes": "2", "ref": "EN 231", "source": "Bing", "surface": "asphalt"}}, {"type": "Feature", "geometry": {"type": "LineString", "coordinates": [[-7.8687515, 40.5614774], [-7.8686174, 40.5611753], [-7.8685468, 40.5609626], [-7.8684766, 40.5607665], [-7.868216, 40.5600388], [-7.8681915, 40.5599705], [-7.8677303, 40.5587496], [-7.8674702, 40.5580533]]}, "properties": {"highway": "primary", "lanes": "2", "ref": "EN 231", "source": "Bing", "surface": "asphalt"}}, {"type": "Feature", "geometry": {"type": "LineString", "coordinates": [[-7.8539547, 40.5333485], [-7.8539223, 40.5333473], [-7.853891, 40.5333538], [-7.8538638, 40.5333673], [-7.8538435, 40.5333865], [-7.853832, 40.5334096], [-7.8538304, 40.5334342], [-7.8538389, 40.533458], [-7.8538567, 40.5334787], [-7.853882, 40.5334941], [-7.8539123, 40.5335029]]}, "properties": {"highway": "primary", "junction": "roundabout", "ref": "EN 231"}}, {"type": "Feature", "geometry": {"type": "LineString", "coordinates": [[-7.8547665, 40.5302323], [-7.8548206, 40.5301789], [-7.8548819, 40.5300123], [-7.8548705, 40.5299453], [-7.8548262, 40.5298869], [-7.8547559, 40.5298457], [-7.8546704, 40.5298282], [-7.8546144, 40.5298288]]}, "properties": {"highway": "primary", "junction": "roundabout", "ref": "EN 231", "source": "bing", "surface": "sett"}}, {"type": "Feature", "geometry": {"type": "LineString", "coordinates": [[-7.8544515, 40.5299239], [-7.8543901, 40.5300906]]}, "properties": {"highway": "primary", "junction": "roundabout", "ref": "EN 231", "source": "bing", "surface": "sett"}}, {"type": "Feature", "geometry": {"type": "LineString", "coordinates": [[-7.8546144, 40.5298288], [-7.8545241, 40.5298616], [-7.8544831, 40.529888], [-7.8544515, 40.5299239]]}, "properties": {"highway": "primary", "junction": "roundabout", "ref": "EN 231", "source": "bing", "surface": "sett"}}, {"type": "Feature", "geometry": {"type": "LineString", "coordinates": [[-7.8535536, 40.528988], [-7.8537567, 40.5291183], [-7.8538139, 40.5291583], [-7.8538607, 40.529191]]}, "properties": {"highway": "primary", "ref": "EN 231", "surface": "sett"}}, {"type": "Feature", "geometry": {"type": "LineString", "coordinates": [[-7.8524278, 40.5279207], [-7.8524159, 40.5278711], [-7.8523844, 40.5278267], [-7.8523364, 40.5277918], [-7.8522767, 40.52777], [-7.8522109, 40.5277632]]}, "properties": {"highway": "primary", "junction": "roundabout", "layer": "1", "ref": "EN 231", "source": "bing", "surface": "asphalt"}}, {"type": "Feature", "geometry": {"type": "LineString", "coordinates": [[-7.8523691, 40.5280357], [-7.8524018, 40.5280018], [-7.8524218, 40.5279625], [-7.8524278, 40.5279207]]}, "properties": {"highway": "primary", "junction": "roundabout", "layer": "1", "ref": "EN 231", "source": "bing", "surface": "asphalt"}}, {"type": "Feature", "geometry": {"type": "LineString", "coordinates": [[-7.8543901, 40.5300906], [-7.8544015, 40.5301574], [-7.8544457, 40.5302159]]}, "properties": {"highway": "primary", "junction": "roundabout", "ref": "EN 231", "source": "bing", "surface": "sett"}}, {"type": "Feature", "geometry": {"type": "LineString", "coordinates": [[-7.8544457, 40.5302159], [-7.8545159, 40.530257], [-7.8546015, 40.5302746]]}, "properties": {"highway": "primary", "junction": "roundabout", "ref": "EN 231", "source": "bing", "surface": "sett"}}, {"type": "Feature", "geometry": {"type": "LineString", "coordinates": [[-7.8674702, 40.5580533], [-7.8674214, 40.5579227]]}, "properties": {"highway": "primary", "lanes": "2", "ref": "EN 231", "source": "Bing", "surface": "asphalt"}}, {"type": "Feature", "geometry": {"type": "LineString", "coordinates": [[-7.885406, 40.5728063], [-7.8853888, 40.5728551], [-7.8853889, 40.5729056], [-7.8854063, 40.5729543]]}, "properties": {"highway": "primary", "junction": "roundabout", "lane_markings": "yes", "lanes": "2", "ref": "EN 231", "source": "bing", "surface": "asphalt"}}, {"type": "Feature", "geometry": {"type": "LineString", "coordinates": [[-7.885876, 40.5729533], [-7.885893, 40.5729046], [-7.8858927, 40.5728542], [-7.8858754, 40.5728056]]}, "properties": {"highway": "primary", "junction": "roundabout", "lane_markings": "yes", "lanes": "2", "ref": "EN 231", "source": "bing", "surface": "asphalt"}}, {"type": "Feature", "geometry": {"type": "LineString", "coordinates": [[-7.8522109, 40.5277632], [-7.8521562, 40.5277697], [-7.8521055, 40.5277866], [-7.8520624, 40.527813]]}, "properties": {"highway": "primary", "junction": "roundabout", "layer": "1", "ref": "EN 231", "source": "bing", "surface": "asphalt"}}, {"type": "Feature", "geometry": {"type": "LineString", "coordinates": [[-7.8521393, 40.5280748], [-7.8522, 40.5280852], [-7.852262, 40.5280817], [-7.8523201, 40.5280648], [-7.8523691, 40.5280357]]}, "properties": {"highway": "primary", "junction": "roundabout", "layer": "1", "ref": "EN 231", "source": "bing", "surface": "asphalt"}}, {"type": "Feature", "geometry": {"type": "LineString", "coordinates": [[-7.6973511, 40.3273428], [-7.6972306, 40.3273346], [-7.6970334, 40.3273677], [-7.6958483, 40.327686], [-7.6953596, 40.3279281], [-7.6951563, 40.3280084], [-7.6949056, 40.3280752], [-7.6942485, 40.3281669], [-7.6940377, 40.3282419], [-7.6937095, 40.3284238], [-7.6927357, 40.3289397], [-7.6924619, 40.3290942], [-7.6919681, 40.3293729], [-7.6917399, 40.3294477], [-7.6915146, 40.3294799], [-7.6910052, 40.3295323], [-7.6907244, 40.3296034], [-7.6904407, 40.3297066], [-7.6901483, 40.3298635], [-7.689729, 40.3302019], [-7.6895178, 40.3303601], [-7.6889618, 40.3306402], [-7.6888848, 40.330679], [-7.6882625, 40.3309898], [-7.6881726, 40.3310022], [-7.6880544, 40.3309931], [-7.6879378, 40.3309488]]}, "properties": {"highway": "primary", "name": "Avenida Padre Francisco Borges de Assun\u00e7\u00e3o", "oneway": "no", "ref": "EN 231", "source": "Bing"}}, {"type": "Feature", "geometry": {"type": "LineString", "coordinates": [[-7.6878356, 40.3308337], [-7.6878143, 40.3307776], [-7.6880545, 40.3303331], [-7.6880775, 40.3302906], [-7.6880913, 40.3301173]]}, "properties": {"highway": "primary", "name": "Avenida Padre Francisco Borges de Assun\u00e7\u00e3o", "oneway": "no", "ref": "EN 231", "source": "Bing"}}, {"type": "Feature", "geometry": {"type": "LineString", "coordinates": [[-7.6879425, 40.3274391], [-7.6876617, 40.3272766], [-7.6873275, 40.3270912], [-7.6869057, 40.3268881], [-7.6866103, 40.3268022], [-7.6863661, 40.3267501], [-7.6862825, 40.3267036], [-7.6862107, 40.326639], [-7.6861597, 40.3265486], [-7.6860357, 40.3263414], [-7.6859366, 40.326251], [-7.6858191, 40.3261674], [-7.685661, 40.326128], [-7.6855384, 40.3261158], [-7.6854646, 40.3261085], [-7.6851841, 40.3260987], [-7.6848615, 40.3261478], [-7.6844538, 40.3262051], [-7.6842285, 40.3261805], [-7.6837339, 40.3260101]]}, "properties": {"highway": "primary", "name": "Avenida Pedro Vaz Leal", "oneway": "no", "ref": "EN 231", "source": "Bing"}}, {"type": "Feature", "geometry": {"type": "LineString", "coordinates": [[-7.8601617, 40.5435773], [-7.8601303, 40.5435214], [-7.8601102, 40.5434856], [-7.8599406, 40.5432242], [-7.8598667, 40.5431063], [-7.8594905, 40.5424979], [-7.8594485, 40.5424398], [-7.8591188, 40.5419205], [-7.8590434, 40.5418018], [-7.8585408, 40.541191], [-7.8580337, 40.5405838], [-7.8577691, 40.540267], [-7.857397, 40.5398263], [-7.8570259, 40.5393868], [-7.8569058, 40.5392336], [-7.8568168, 40.5391109]]}, "properties": {"highway": "primary", "lanes": "2", "ref": "EN 231", "source": "Bing", "surface": "asphalt"}}, {"type": "Feature", "geometry": {"type": "LineString", "coordinates": [[-7.8603115, 40.5438067], [-7.8602739, 40.5437516], [-7.8601617, 40.5435773]]}, "properties": {"highway": "primary", "lanes": "2", "ref": "EN 231", "source": "Bing", "surface": "asphalt"}}, {"type": "Feature", "geometry": {"type": "LineString", "coordinates": [[-7.9301519, 40.5979008], [-7.9299649, 40.5978139], [-7.9299365, 40.5978056], [-7.9298399, 40.5977775], [-7.9297076, 40.5977489], [-7.9295002, 40.5977415], [-7.929251, 40.5977522], [-7.9289683, 40.5977917], [-7.9259682, 40.5983892]]}, "properties": {"highway": "primary", "lanes": "2", "ref": "EN 231", "source": "Bing", "surface": "asphalt"}}, {"type": "Feature", "geometry": {"type": "LineString", "coordinates": [[-7.9185611, 40.622149], [-7.9184887, 40.6221692], [-7.9184229, 40.6221998], [-7.9183663, 40.6222395], [-7.9183209, 40.6222869], [-7.9182886, 40.62234], [-7.9182705, 40.622397], [-7.9182674, 40.6224555], [-7.9182795, 40.6225133], [-7.9183061, 40.6225683]]}, "properties": {"highway": "primary", "junction": "roundabout", "lanes": "3", "ref": "EN 231", "source": "Bing", "surface": "asphalt"}}, {"type": "Feature", "geometry": {"type": "LineString", "coordinates": [[-7.9183061, 40.6225683], [-7.9183464, 40.6226182], [-7.9183988, 40.6226612], [-7.9184612, 40.6226957], [-7.9185312, 40.6227202], [-7.9186062, 40.6227339], [-7.9186833, 40.6227363]]}, "properties": {"highway": "primary", "junction": "roundabout", "lanes": "3", "ref": "EN 231", "source": "Bing", "surface": "asphalt"}}, {"type": "Feature", "geometry": {"type": "LineString", "coordinates": [[-7.9138248, 40.6277859], [-7.9138395, 40.6278302], [-7.9138698, 40.6278696], [-7.9139132, 40.6279012], [-7.9139664, 40.6279224], [-7.9140253, 40.6279316]]}, "properties": {"highway": "primary", "junction": "roundabout", "lanes": "2", "ref": "EN 231", "surface": "asphalt"}}, {"type": "Feature", "geometry": {"type": "LineString", "coordinates": [[-7.9139503, 40.6276194], [-7.9138941, 40.6276474], [-7.913852, 40.6276872], [-7.9138281, 40.6277349], [-7.9138248, 40.6277859]]}, "properties": {"highway": "primary", "junction": "roundabout", "lanes": "2", "ref": "EN 231", "surface": "asphalt"}}, {"type": "Feature", "geometry": {"type": "LineString", "coordinates": [[-7.9112284, 40.6301256], [-7.9112362, 40.6300603], [-7.9112153, 40.6299965], [-7.9111681, 40.6299415], [-7.9110997, 40.6299013], [-7.9110178, 40.6298803]]}, "properties": {"highway": "primary", "junction": "roundabout", "lanes": "3", "ref": "EN 231", "surface": "asphalt"}}, {"type": "Feature", "geometry": {"type": "LineString", "coordinates": [[-7.9107161, 40.6300772], [-7.9107288, 40.6301364], [-7.9107643, 40.63019], [-7.9108193, 40.630233], [-7.9108888, 40.6302615], [-7.9109664, 40.6302729]]}, "properties": {"highway": "primary", "junction": "roundabout", "lanes": "3", "ref": "EN 231", "surface": "asphalt"}}, {"type": "Feature", "geometry": {"type": "LineString", "coordinates": [[-7.9075263, 40.6335216], [-7.9074724, 40.6335432]]}, "properties": {"highway": "primary", "junction": "roundabout", "lanes": "3", "ref": "EN 231", "surface": "asphalt"}}, {"type": "Feature", "geometry": {"type": "LineString", "coordinates": [[-7.9078877, 40.6337324], [-7.9078817, 40.6336702]]}, "properties": {"highway": "primary", "junction": "roundabout", "lanes": "3", "ref": "EN 231", "surface": "asphalt"}}, {"type": "Feature", "geometry": {"type": "LineString", "coordinates": [[-7.9109664, 40.6302729], [-7.9110533, 40.6302643], [-7.9111315, 40.6302342], [-7.9111922, 40.6301862], [-7.9112284, 40.6301256]]}, "properties": {"highway": "primary", "junction": "roundabout", "lanes": "3", "ref": "EN 231", "surface": "asphalt"}}, {"type": "Feature", "geometry": {"type": "LineString", "coordinates": [[-7.9142365, 40.6277028], [-7.9141998, 40.6276594], [-7.9141471, 40.6276269], [-7.9140837, 40.6276084], [-7.9140158, 40.6276058], [-7.9139503, 40.6276194]]}, "properties": {"highway": "primary", "junction": "roundabout", "lanes": "2", "ref": "EN 231", "surface": "asphalt"}}, {"type": "Feature", "geometry": {"type": "LineString", "coordinates": [[-7.9189219, 40.6222148], [-7.9188595, 40.6221804], [-7.9187895, 40.6221558], [-7.9187144, 40.6221421], [-7.9186374, 40.6221398], [-7.9185611, 40.622149]]}, "properties": {"highway": "primary", "junction": "roundabout", "lanes": "3", "ref": "EN 231", "source": "Bing", "surface": "asphalt"}}, {"type": "Feature", "geometry": {"type": "LineString", "coordinates": [[-7.9304822, 40.5981129], [-7.9302959, 40.5979807], [-7.9301519, 40.5979008]]}, "properties": {"highway": "primary", "lanes": "2", "ref": "EN 231", "source": "Bing", "surface": "asphalt"}}, {"type": "Feature", "geometry": {"type": "LineString", "coordinates": [[-7.8856416, 40.5730731], [-7.8857074, 40.5730663], [-7.8857686, 40.5730469], [-7.8858212, 40.5730161]]}, "properties": {"highway": "primary", "junction": "roundabout", "lane_markings": "yes", "lanes": "2", "ref": "EN 231", "source": "bing", "surface": "asphalt"}}, {"type": "Feature", "geometry": {"type": "LineString", "coordinates": [[-7.8858212, 40.5730161], [-7.8858527, 40.5729867], [-7.885876, 40.5729533]]}, "properties": {"highway": "primary", "junction": "roundabout", "lane_markings": "yes", "lanes": "2", "ref": "EN 231", "source": "bing", "surface": "asphalt"}}, {"type": "Feature", "geometry": {"type": "LineString", "coordinates": [[-7.9256533, 40.5984503], [-7.9254089, 40.5984985]]}, "properties": {"highway": "primary", "lanes": "2", "maxspeed": "90", "ref": "EN 231", "source": "Bing", "surface": "asphalt"}}, {"type": "Feature", "geometry": {"type": "LineString", "coordinates": [[-7.9221497, 40.6115799], [-7.9221889, 40.6114327]]}, "properties": {"highway": "primary", "oneway": "yes", "ref": "EN 231"}}, {"type": "Feature", "geometry": {"type": "LineString", "coordinates": [[-7.9254089, 40.5984985], [-7.9251775, 40.5985438], [-7.9248875, 40.5986005], [-7.9239458, 40.5987846], [-7.9234297, 40.5988855], [-7.9232293, 40.5989085], [-7.9230321, 40.5989044], [-7.922835, 40.5988838], [-7.9227971, 40.5988731], [-7.9226781, 40.5988394], [-7.922614, 40.5988213], [-7.9223746, 40.5987045], [-7.9213043, 40.5980419], [-7.9202589, 40.5973947], [-7.9200011, 40.5972845], [-7.919752, 40.5972368], [-7.9195477, 40.5972303], [-7.9193141, 40.5972478], [-7.9190933, 40.5973042], [-7.9177807, 40.5977183], [-7.9175185, 40.597761], [-7.9173257, 40.5977545], [-7.9171177, 40.5977199], [-7.9168208, 40.5976037], [-7.9167557, 40.597552], [-7.9166871, 40.5974976]]}, "properties": {"highway": "primary", "lanes": "2", "maxspeed": "90", "ref": "EN 231", "source": "Bing", "surface": "asphalt"}}, {"type": "Feature", "geometry": {"type": "LineString", "coordinates": [[-7.9259682, 40.5983892], [-7.9256533, 40.5984503]]}, "properties": {"highway": "primary", "lanes": "2", "ref": "EN 231", "source": "Bing", "surface": "asphalt"}}]}