{"type": "FeatureCollection", "features": [{"type": "Feature", "geometry": {"type": "LineString", "coordinates": [[-7.8951035, 40.3149182], [-7.8950596, 40.3147557], [-7.8950673, 40.3146232]]}, "properties": {"highway": "primary", "oneway": "yes", "ref": "EN 230", "surface": "asphalt"}}, {"type": "Feature", "geometry": {"type": "LineString", "coordinates": [[-7.8174453, 40.3032479], [-7.817441, 40.3032101], [-7.8174341, 40.3031762], [-7.8174212, 40.3031209], [-7.817397, 40.3030594], [-7.8173742, 40.3030176], [-7.8173418, 40.3029673], [-7.8173035, 40.3029281], [-7.8172517, 40.3028817], [-7.817189, 40.3028428], [-7.8171371, 40.3028259], [-7.8170476, 40.3028057], [-7.8167872, 40.3027869], [-7.8167032, 40.3027763], [-7.8166225, 40.3027574], [-7.8165466, 40.3027309], [-7.8164528, 40.3026948], [-7.816355, 40.3026417], [-7.8157716, 40.3022269], [-7.8156816, 40.3021599], [-7.815585, 40.3020633], [-7.8155452, 40.3019898], [-7.8155342, 40.3019246], [-7.8155445, 40.3018545], [-7.8157617, 40.3013093], [-7.8157863, 40.3012059], [-7.8158005, 40.3010895], [-7.8157982, 40.3010169], [-7.8157834, 40.3009265], [-7.81575, 40.3008143], [-7.8155319, 40.3003309], [-7.8154921, 40.3002734], [-7.8154325, 40.3002254], [-7.8153528, 40.3001845], [-7.8152684, 40.3001592], [-7.8151822, 40.3001448], [-7.8150351, 40.3001352], [-7.8148378, 40.3001381], [-7.8145629, 40.3001466], [-7.8143776, 40.300145], [-7.8142427, 40.300134], [-7.8137785, 40.3000695], [-7.8135986, 40.3000556], [-7.8130085, 40.3000401], [-7.8127783, 40.30002], [-7.812638, 40.2999981], [-7.8125319, 40.2999735], [-7.8124078, 40.2999296], [-7.8122856, 40.2998749], [-7.8121679, 40.2998229], [-7.8120611, 40.2997929], [-7.81197, 40.29978], [-7.8118741, 40.2997787], [-7.8117815, 40.2997942], [-7.811718, 40.2998105], [-7.8116616, 40.2998378], [-7.8115495, 40.2999036], [-7.8114161, 40.2999893], [-7.8112755, 40.3000915], [-7.8111093, 40.3002249], [-7.810989, 40.3003385], [-7.8108676, 40.3004585], [-7.8106899, 40.3006675], [-7.81048, 40.300905], [-7.8103788, 40.300998], [-7.8101769, 40.3011403], [-7.8097365, 40.301438], [-7.8096053, 40.3015203], [-7.8094418, 40.3016053], [-7.8091829, 40.3017349], [-7.8090809, 40.301777], [-7.8089574, 40.301819], [-7.8088812, 40.3018276], [-7.808787, 40.3018307], [-7.8087019, 40.3018141], [-7.8086455, 40.3017947], [-7.8081433, 40.3014728], [-7.8080453, 40.3014192], [-7.8079562, 40.3013821], [-7.8078659, 40.3013678], [-7.8077756, 40.3013673], [-7.8076755, 40.301359], [-7.8075884, 40.3013389], [-7.8075233, 40.3013152], [-7.8074762, 40.3012914], [-7.8074242, 40.3012458], [-7.8073644, 40.3011797], [-7.8073129, 40.3010987], [-7.8072227, 40.3009088], [-7.8072044, 40.3008328], [-7.8071982, 40.3007525], [-7.8072046, 40.300675], [-7.8072317, 40.3005583], [-7.80726, 40.3004719], [-7.8072918, 40.3003991], [-7.8073484, 40.3002921], [-7.8075424, 40.300046], [-7.8076753, 40.2998657], [-7.8078006, 40.2996616], [-7.8078279, 40.2995595], [-7.8078156, 40.2994684], [-7.8077873, 40.2993877], [-7.8077307, 40.2993123], [-7.8076957, 40.2992753], [-7.8076365, 40.2992177], [-7.8075576, 40.2991685], [-7.807461, 40.299114], [-7.8073729, 40.2990725], [-7.8072991, 40.2990545], [-7.8071947, 40.299042], [-7.8071148, 40.2990528], [-7.8070548, 40.2990746], [-7.8069886, 40.29911], [-7.806773, 40.299273], [-7.806687, 40.2993235], [-7.806577, 40.2993718], [-7.8061088, 40.2995513], [-7.80595, 40.2996046], [-7.8058073, 40.2996376], [-7.8056802, 40.2996596], [-7.8055531, 40.2996706], [-7.805399, 40.299679], [-7.8051809, 40.2996656], [-7.8049857, 40.2996442], [-7.8047008, 40.2996074], [-7.8045401, 40.2995734], [-7.8038657, 40.2994142], [-7.8037738, 40.2993842], [-7.8037261, 40.2993623], [-7.8036819, 40.2993377], [-7.8036204, 40.2992928], [-7.8035047, 40.2991974], [-7.8033884, 40.2991248], [-7.8032997, 40.2990921], [-7.8032049, 40.2990705], [-7.8029092, 40.2990201], [-7.8028276, 40.2989999], [-7.8021462, 40.2987536], [-7.8019996, 40.2987194], [-7.8017627, 40.2986871], [-7.8016039, 40.2986614], [-7.8013047, 40.2985864], [-7.8005667, 40.2983733], [-7.8004673, 40.2983533], [-7.800368, 40.2983415], [-7.8002413, 40.2983426], [-7.8001577, 40.2983546], [-7.8000742, 40.298375], [-7.799975, 40.2984101], [-7.799883, 40.2984645], [-7.7998246, 40.298512], [-7.7997733, 40.2985677], [-7.7997248, 40.2986516], [-7.799658, 40.2988761], [-7.7996056, 40.2989785], [-7.7994972, 40.2991447], [-7.7992467, 40.2994917], [-7.7991132, 40.2996454], [-7.7990409, 40.2997167], [-7.7989627, 40.2997641], [-7.7988666, 40.2998061], [-7.798632, 40.2998715], [-7.7984945, 40.2999205], [-7.7981592, 40.3000583], [-7.7980739, 40.3000777], [-7.7979921, 40.3000861], [-7.7978877, 40.3000852], [-7.7977725, 40.3000705], [-7.7972682, 40.2999679], [-7.7971886, 40.2999613], [-7.7970936, 40.2999612], [-7.7969986, 40.2999694], [-7.7969243, 40.299987], [-7.7968656, 40.3000125], [-7.7968093, 40.3000449], [-7.7967507, 40.3000999], [-7.7966857, 40.3001797], [-7.796645, 40.300253], [-7.7966209, 40.3003482], [-7.7966155, 40.300524], [-7.7966672, 40.3009253], [-7.7966733, 40.3010319], [-7.7966648, 40.3011292], [-7.7966506, 40.3012287], [-7.7966224, 40.3013492], [-7.7966011, 40.3014084], [-7.7965827, 40.3014676], [-7.7965495, 40.3015409], [-7.7965062, 40.3015999], [-7.7964426, 40.3016496], [-7.7963771, 40.3016851], [-7.7962222, 40.3017514], [-7.7961201, 40.3018047], [-7.7959529, 40.3019222], [-7.7959023, 40.3019532], [-7.7958244, 40.3019842], [-7.7956317, 40.3020339], [-7.7954593, 40.3020792], [-7.7953135, 40.3021257], [-7.7951543, 40.3021895], [-7.7950213, 40.3022435], [-7.7948882, 40.3023106], [-7.7947976, 40.3023461], [-7.7946755, 40.3023774], [-7.7945865, 40.3023956], [-7.7941724, 40.3024377], [-7.7931836, 40.3026003], [-7.7930277, 40.302622], [-7.7929149, 40.302628], [-7.7927124, 40.302619], [-7.7924568, 40.3025821], [-7.7912837, 40.3024084], [-7.7911, 40.3023941], [-7.7904497, 40.3023254], [-7.790167, 40.302303], [-7.7899289, 40.3023121], [-7.7896933, 40.302335], [-7.789254, 40.3023884], [-7.7889498, 40.3024417], [-7.7887157, 40.3024966], [-7.7885473, 40.3025609], [-7.7884283, 40.3026271], [-7.7876267, 40.3032217], [-7.7875255, 40.3032879], [-7.7873984, 40.3033502], [-7.787248, 40.3034153], [-7.7863677, 40.3036599], [-7.7861576, 40.3037242], [-7.7859471, 40.3038], [-7.7856112, 40.3039646], [-7.7851505, 40.3042125], [-7.785043, 40.3042535], [-7.7849036, 40.3042715], [-7.7847589, 40.3042698], [-7.7845955, 40.3042429], [-7.7844477, 40.3042161], [-7.7841477, 40.3041497], [-7.7840304, 40.3040912], [-7.7839339, 40.3040287], [-7.7838241, 40.3039474], [-7.7837329, 40.3039044], [-7.7836365, 40.3038772], [-7.7835105, 40.3038478], [-7.7833455, 40.3037846], [-7.7829089, 40.3035539]]}, "properties": {"highway": "primary", "ref": "EN 230"}}, {"type": "Feature", "geometry": {"type": "LineString", "coordinates": [[-7.7540183, 40.2845767], [-7.7539611, 40.2844869], [-7.7538928, 40.2843629], [-7.7538455, 40.2842089], [-7.7538085, 40.2840985], [-7.7537772, 40.283971], [-7.7537368, 40.283682], [-7.7536902, 40.2831717], [-7.7536608, 40.2825806], [-7.7536385, 40.2819895], [-7.7536069, 40.2812417], [-7.7536117, 40.2811212], [-7.7536278, 40.2810006], [-7.753671, 40.2808619], [-7.7537197, 40.2807792], [-7.7537683, 40.2806923], [-7.7538601, 40.280561], [-7.7539536, 40.2804682], [-7.7540471, 40.2803967], [-7.7541893, 40.2802963], [-7.7543131, 40.2802272], [-7.7544825, 40.2801602], [-7.7546351, 40.2801146], [-7.75489, 40.2800574], [-7.7550587, 40.2800027], [-7.755226, 40.2799434], [-7.7554347, 40.279834], [-7.755645, 40.279707], [-7.7557087, 40.2796374], [-7.7557667, 40.279555], [-7.7558019, 40.2794693], [-7.7558148, 40.2793707], [-7.7558126, 40.2792248], [-7.7557817, 40.2790565], [-7.7557436, 40.2789423], [-7.7556543, 40.2787999], [-7.7555365, 40.2786856], [-7.7552737, 40.2784354], [-7.7552017, 40.2783578], [-7.7550765, 40.2782209], [-7.7550057, 40.2781303], [-7.7549477, 40.278038], [-7.7549279, 40.2780002], [-7.7548896, 40.2778901], [-7.7548783, 40.27776], [-7.7548854, 40.2775939], [-7.754926, 40.2774151], [-7.7550695, 40.2768791], [-7.7551349, 40.2765453], [-7.7551706, 40.2763589], [-7.7551768, 40.2762454], [-7.75518, 40.2761883], [-7.7551826, 40.2761053], [-7.7551654, 40.2760111], [-7.755141, 40.2758828], [-7.7550032, 40.2747614], [-7.755002, 40.2745925], [-7.7550107, 40.2744255], [-7.7550243, 40.27433], [-7.7550478, 40.2742308], [-7.7550842, 40.2741142], [-7.7551848, 40.2738733], [-7.7552422, 40.2737793], [-7.7553095, 40.2736777], [-7.7555481, 40.273366], [-7.7559306, 40.2730082], [-7.7560458, 40.2729005], [-7.7562085, 40.2727097], [-7.7563934, 40.2723778], [-7.7565017, 40.27213], [-7.7572055, 40.2703139], [-7.7574415, 40.2689768], [-7.7574922, 40.2687065], [-7.7575289, 40.2685998], [-7.7575689, 40.2685048], [-7.7576593, 40.2683566], [-7.7578884, 40.2680812], [-7.7582199, 40.2677965], [-7.7582838, 40.267732], [-7.7583408, 40.267657], [-7.7583899, 40.2675473], [-7.7584117, 40.2674533], [-7.7584159, 40.2673312], [-7.7584016, 40.2672419], [-7.7583756, 40.2671902], [-7.7583332, 40.2671285], [-7.7582785, 40.2670585], [-7.7581794, 40.2669753], [-7.7580774, 40.2669208], [-7.7579583, 40.2668798], [-7.7578378, 40.2668612], [-7.757719, 40.2668587], [-7.7575511, 40.2668698], [-7.7573987, 40.2669044], [-7.7572476, 40.2669577], [-7.7571027, 40.2670096], [-7.7567527, 40.2672036], [-7.7554356, 40.2680431], [-7.7553089, 40.2681493], [-7.7551663, 40.2682676], [-7.7550409, 40.268414], [-7.7549543, 40.2685196], [-7.7548677, 40.2686496], [-7.7547589, 40.2688446], [-7.7546832, 40.2690192], [-7.7545384, 40.2694045], [-7.754427, 40.2695878], [-7.75433, 40.2697363], [-7.7542223, 40.2698808], [-7.7540842, 40.2700195], [-7.7538877, 40.270182], [-7.7537283, 40.2703081], [-7.7535494, 40.2704489], [-7.7534015, 40.2705517], [-7.7532217, 40.2706383], [-7.7530445, 40.2707071], [-7.7528567, 40.2707516], [-7.7526726, 40.2707652], [-7.7525354, 40.2707679], [-7.7524141, 40.2707585], [-7.7518218, 40.2706431], [-7.7516014, 40.2706087], [-7.7514415, 40.2706065], [-7.7512987, 40.2706191], [-7.7511795, 40.2706375], [-7.751055, 40.27066], [-7.7509254, 40.2707091], [-7.7507373, 40.270823], [-7.7501409, 40.2713021], [-7.7500098, 40.271382], [-7.7498725, 40.2714442], [-7.7497033, 40.2714983], [-7.7491875, 40.2716533], [-7.749049, 40.271711], [-7.7488781, 40.2718143], [-7.748795, 40.2718904], [-7.7487146, 40.2719725], [-7.7486471, 40.2720707], [-7.7486069, 40.2721794], [-7.7485896, 40.272298], [-7.748589, 40.2724101], [-7.7486042, 40.2725302], [-7.7486806, 40.2727938], [-7.749, 40.2738546], [-7.7490253, 40.2740527], [-7.7490327, 40.2741741], [-7.7490347, 40.2742914], [-7.7490334, 40.2743882], [-7.7490163, 40.2745053], [-7.7489797, 40.2746863], [-7.7489388, 40.2748092], [-7.7488767, 40.2749483], [-7.7487787, 40.2751185], [-7.748674, 40.2752562], [-7.7485479, 40.2753859], [-7.7484225, 40.2755034], [-7.7482227, 40.2756574], [-7.7473841, 40.2761175], [-7.7472153, 40.2762328], [-7.7470752, 40.2763513], [-7.746935, 40.27649], [-7.7468535, 40.2765921], [-7.7467932, 40.2766942], [-7.7467311, 40.2768578], [-7.7466919, 40.2769906], [-7.7465802, 40.2775899], [-7.7465339, 40.2777888], [-7.746455, 40.2779652], [-7.7463624, 40.2781041], [-7.746255, 40.2782221], [-7.7461423, 40.278324], [-7.7459909, 40.2784456], [-7.7458183, 40.278555], [-7.7453824, 40.2788045], [-7.7451955, 40.2789073], [-7.745045, 40.2789567], [-7.744826, 40.27901], [-7.7446682, 40.2790346], [-7.7445574, 40.2790448], [-7.744436, 40.279047], [-7.744316, 40.2790386], [-7.7441907, 40.2790221], [-7.7440038, 40.2789851], [-7.7438946, 40.2789451], [-7.743812, 40.2789092], [-7.7436415, 40.278817], [-7.743513, 40.278734], [-7.7433684, 40.2785833], [-7.7432901, 40.2784792], [-7.7431972, 40.2783177], [-7.7430733, 40.278034], [-7.7426063, 40.2767622], [-7.7425395, 40.2765212], [-7.7424993, 40.2763288], [-7.7424666, 40.2761061], [-7.7424033, 40.2756933], [-7.7423744, 40.275546], [-7.7423367, 40.2754233], [-7.7422672, 40.2752762], [-7.7421847, 40.275143], [-7.742078, 40.2750378], [-7.7419634, 40.2749711], [-7.741851, 40.2749107], [-7.7417006, 40.2748628], [-7.741571, 40.2748424], [-7.7414201, 40.2748341], [-7.7412872, 40.2748419], [-7.7410847, 40.2748749], [-7.7408958, 40.2749298], [-7.7407175, 40.2749929], [-7.7401611, 40.2752278], [-7.7399948, 40.275277], [-7.7398053, 40.2753118], [-7.7396469, 40.2753251], [-7.7394884, 40.2753262], [-7.7392936, 40.2753142], [-7.7391594, 40.2752869], [-7.7390358, 40.2752595], [-7.7388896, 40.2752089], [-7.7386716, 40.2751134], [-7.7385015, 40.2750078], [-7.738395, 40.2749081], [-7.7382677, 40.2747647], [-7.7381961, 40.2746435], [-7.738136, 40.2744823], [-7.7381123, 40.2743518], [-7.7381257, 40.2741656], [-7.7381638, 40.2740043], [-7.7382114, 40.273839], [-7.7382566, 40.2737496], [-7.7383236, 40.2736176], [-7.738476, 40.2733724], [-7.738686, 40.2730251], [-7.7387389, 40.2728992], [-7.7387853, 40.2727286], [-7.7388176, 40.2725507], [-7.7388356, 40.2723201], [-7.738909, 40.2698938], [-7.7389189, 40.2697416], [-7.7389638, 40.2695726], [-7.7390194, 40.2694279], [-7.7392334, 40.2690645], [-7.7392949, 40.2689142], [-7.7393166, 40.2687843], [-7.7393141, 40.2686287], [-7.739285, 40.268465], [-7.73916, 40.2679683], [-7.7391342, 40.2677974], [-7.739135, 40.2676333], [-7.7391748, 40.2674744], [-7.7392323, 40.2673019], [-7.7393307, 40.2671681], [-7.7394492, 40.2670554], [-7.7395847, 40.2669493], [-7.7397551, 40.2668491], [-7.7399786, 40.2667585], [-7.7402021, 40.2666939], [-7.7409137, 40.2665421], [-7.7410798, 40.2664943], [-7.7412843, 40.2664215], [-7.74147, 40.2663317], [-7.7415644, 40.2662852], [-7.741613, 40.2662563], [-7.7416828, 40.2662045], [-7.7420399, 40.2658962], [-7.7421745, 40.265803], [-7.7423054, 40.2657187], [-7.7424448, 40.2656506], [-7.7425788, 40.265599], [-7.7427359, 40.265551], [-7.7428753, 40.2655198], [-7.7430728, 40.2655023], [-7.7432702, 40.265501], [-7.7439875, 40.2655479], [-7.7442318, 40.2655525], [-7.7444945, 40.2655389], [-7.7448499, 40.2654882], [-7.745041, 40.265444], [-7.745215, 40.2653867], [-7.7453659, 40.2653151], [-7.7455009, 40.2652476], [-7.7456698, 40.2651491], [-7.7457791, 40.2650653], [-7.7459081, 40.2649616], [-7.7460106, 40.2648417], [-7.7460915, 40.2647026], [-7.7461724, 40.2645392], [-7.7462276, 40.2643799], [-7.7462722, 40.2641862], [-7.7462926, 40.2640948], [-7.7463078, 40.2639913], [-7.7463274, 40.2638288], [-7.7463227, 40.2631983], [-7.7463455, 40.2627073], [-7.7463484, 40.2625331], [-7.7463354, 40.2623913], [-7.7462818, 40.2622483], [-7.7462122, 40.2621174], [-7.7461543, 40.2620597], [-7.7460804, 40.262002], [-7.7459486, 40.261919], [-7.7452437, 40.2615862], [-7.7450595, 40.2614764], [-7.744972, 40.2614099], [-7.7448952, 40.2613393], [-7.7448147, 40.2612496], [-7.7447502, 40.2611478], [-7.744695, 40.2610524], [-7.7446302, 40.2608857]]}, "properties": {"highway": "primary", "ref": "EN 230"}}, {"type": "Feature", "geometry": {"type": "LineString", "coordinates": [[-7.7446302, 40.2608857], [-7.7445377, 40.2602723], [-7.7445047, 40.2601783], [-7.7444632, 40.2600809], [-7.7443631, 40.2599607], [-7.7442711, 40.2598709], [-7.7441681, 40.2597922], [-7.74402, 40.2597053], [-7.7438774, 40.2596527], [-7.743655, 40.2595803], [-7.743326, 40.2594894], [-7.7430608, 40.2594147], [-7.7429213, 40.2593553], [-7.74275, 40.2592595], [-7.7426472, 40.2591781], [-7.7425232, 40.2590764], [-7.7424336, 40.258967], [-7.7423653, 40.2588657], [-7.7422606, 40.2586915], [-7.7420079, 40.2580906], [-7.7419597, 40.2579377], [-7.7419417, 40.2578144], [-7.7419449, 40.2576951], [-7.7419773, 40.2575361], [-7.7420203, 40.2574015], [-7.7420884, 40.2572586], [-7.7421936, 40.2571239], [-7.7422829, 40.2570444], [-7.7423456, 40.2569933], [-7.7424763, 40.2568951], [-7.7428408, 40.2567313], [-7.7431814, 40.2565995], [-7.7434582, 40.2564591], [-7.7435524, 40.2564006], [-7.7436254, 40.2563381], [-7.7437022, 40.2562414], [-7.7437711, 40.2561311], [-7.7438028, 40.2560411], [-7.7438108, 40.2559247], [-7.7437925, 40.2558222], [-7.7437396, 40.2557135], [-7.7436603, 40.2556097], [-7.7435985, 40.2555416], [-7.7431275, 40.2551714], [-7.7424937, 40.2546453], [-7.7423841, 40.2545418], [-7.7422433, 40.254335], [-7.7421961, 40.2542325], [-7.7421621, 40.2541295], [-7.7421521, 40.2540213], [-7.7421467, 40.2538877], [-7.742184, 40.2536278], [-7.7422184, 40.2535013], [-7.7422995, 40.2533641], [-7.7423756, 40.2532583], [-7.7425027, 40.2531142], [-7.7426537, 40.2529858], [-7.7428873, 40.2527916], [-7.7430373, 40.2526289], [-7.743264, 40.2522743], [-7.7434695, 40.2520165], [-7.7436995, 40.2518179], [-7.7439707, 40.2516066], [-7.7440611, 40.2515052], [-7.744092, 40.2514293], [-7.7441, 40.251365]]}, "properties": {"highway": "primary", "ref": "EN 230", "surface": "asphalt"}}, {"type": "Feature", "geometry": {"type": "LineString", "coordinates": [[-7.5949492, 40.2403428], [-7.5950763, 40.240258], [-7.5951754, 40.2401762], [-7.5952841, 40.2400422], [-7.59611, 40.23871], [-7.59627, 40.23853], [-7.59645, 40.2384033], [-7.5966585, 40.2383309], [-7.5968792, 40.2383051], [-7.5971, 40.23833], [-7.5972745, 40.2383841], [-7.59743, 40.23846], [-7.5979654, 40.2389297], [-7.59849, 40.23939], [-7.5986401, 40.2394651], [-7.5988095, 40.2395055], [-7.599, 40.23951], [-7.59989, 40.2393], [-7.6001547, 40.2392683], [-7.60041, 40.23928], [-7.6011914, 40.2393836], [-7.60146, 40.23938], [-7.60175, 40.23928], [-7.6022511, 40.2389741], [-7.60242, 40.2389], [-7.602615, 40.2388841], [-7.602848, 40.238919], [-7.60318, 40.2391], [-7.6042522, 40.2398916], [-7.6048114, 40.2403045], [-7.60574, 40.24099], [-7.60627, 40.24129], [-7.6065567, 40.2414393], [-7.60672, 40.24148], [-7.6068408, 40.241475], [-7.6069742, 40.2414519], [-7.607162, 40.2413728], [-7.6073153, 40.2412346], [-7.6075153, 40.2408233], [-7.60763, 40.24068], [-7.6077903, 40.2405869], [-7.607941, 40.2405264], [-7.6081508, 40.2405055], [-7.6083459, 40.2405353], [-7.60854, 40.24057], [-7.6098, 40.24098], [-7.610039, 40.240974], [-7.61024, 40.24091], [-7.6103576, 40.240817], [-7.6106941, 40.2404318], [-7.6107647, 40.2402929], [-7.61087, 40.23924], [-7.6109297, 40.2389853], [-7.6110275, 40.238803], [-7.61118, 40.23864], [-7.6114, 40.23853], [-7.6117142, 40.238441], [-7.6132731, 40.238313], [-7.61356, 40.23833], [-7.61378, 40.23838], [-7.6141725, 40.2385729], [-7.6143858, 40.2386496], [-7.6144291, 40.2386586], [-7.61458, 40.23869], [-7.6154127, 40.2387214], [-7.6156, 40.23876], [-7.61584, 40.23885], [-7.61608, 40.23902], [-7.61621, 40.23919], [-7.61627, 40.2394], [-7.616249, 40.2396222], [-7.61619, 40.23983], [-7.61584, 40.24038], [-7.6158163, 40.2405309], [-7.61584, 40.24066], [-7.6159564, 40.2407754], [-7.6161127, 40.240868], [-7.6162739, 40.240918], [-7.6164541, 40.2409317], [-7.61705, 40.2409], [-7.617211, 40.2409033], [-7.61741, 40.24095], [-7.61782, 40.24117], [-7.6179788, 40.2413294], [-7.6180836, 40.2414816], [-7.61816, 40.24167], [-7.61815, 40.24245], [-7.61819, 40.24261], [-7.61838, 40.24279], [-7.61898, 40.24316], [-7.6191, 40.24326], [-7.61921, 40.24345], [-7.6192005, 40.2436846], [-7.6190786, 40.2440937], [-7.61908, 40.24426], [-7.61947, 40.24499], [-7.6196, 40.24569], [-7.61957, 40.24592], [-7.61918, 40.24655], [-7.619131, 40.2466741], [-7.61912, 40.24682], [-7.6191903, 40.2469548], [-7.6193222, 40.2470426], [-7.6199007, 40.2472907], [-7.62009, 40.24743], [-7.620205, 40.2475729], [-7.6202418, 40.2476489], [-7.62032, 40.24781], [-7.620512, 40.2484084], [-7.6205089, 40.2486554], [-7.6204773, 40.2489023], [-7.62018, 40.24958], [-7.62016, 40.24985]]}, "properties": {"highway": "primary", "name": "Estrada Nacional 230", "ref": "EN 230", "source:name": "C\u00e2mara Municipal da Covilh\u00e3", "source:name:date": "2025-05-07"}}, {"type": "Feature", "geometry": {"type": "LineString", "coordinates": [[-7.51356, 40.25161], [-7.51314, 40.25133], [-7.513, 40.25117], [-7.51279, 40.25079], [-7.51276, 40.25059], [-7.5128, 40.25042], [-7.5130028, 40.2500974], [-7.51324, 40.24972], [-7.51348, 40.24953], [-7.5156437, 40.2487401], [-7.51589, 40.24861]]}, "properties": {"alt_name": "Estrada do Espertim", "highway": "primary", "name": "Estrada Nacional 230", "ref": "EN 230", "source:name": "C\u00e2mara Municipal da Covilh\u00e3", "source:name:date": "2025-05-04", "surface": "asphalt"}}, {"type": "Feature", "geometry": {"type": "LineString", "coordinates": [[-7.6244591, 40.2584347], [-7.6245056, 40.2583942], [-7.6246037, 40.2583089], [-7.62512, 40.25786], [-7.62539, 40.25746], [-7.6255, 40.25684], [-7.6254685, 40.2565165], [-7.62551, 40.25627], [-7.6257253, 40.2559071], [-7.6258974, 40.2557518], [-7.62606, 40.25564], [-7.6262915, 40.2555291], [-7.6264537, 40.2554406], [-7.6265542, 40.255352], [-7.6266911, 40.2550322], [-7.62679, 40.25485], [-7.6271608, 40.2544636], [-7.6271844, 40.2543288], [-7.6271137, 40.2542075], [-7.6267, 40.25392], [-7.62658, 40.25375], [-7.62655, 40.25356], [-7.62663, 40.25338], [-7.6267528, 40.2532674], [-7.62688, 40.2532], [-7.62874, 40.25267], [-7.62888, 40.25257], [-7.62892, 40.25239], [-7.6286052, 40.2514637], [-7.6285929, 40.2514257], [-7.6285824, 40.2513686], [-7.6285813, 40.2513625], [-7.62861, 40.25116], [-7.6286715, 40.2510628], [-7.62879, 40.25098], [-7.6289373, 40.2509391], [-7.62917, 40.25092], [-7.62978, 40.25094], [-7.6299568, 40.2509127], [-7.63095, 40.25061], [-7.6312774, 40.25061], [-7.6321496, 40.2506982], [-7.632384, 40.2507177], [-7.63322, 40.25079], [-7.6333903, 40.2507831], [-7.6335368, 40.2507364], [-7.6338353, 40.2505455], [-7.63411, 40.25047], [-7.63437, 40.25045], [-7.63498, 40.25052], [-7.63511, 40.2505], [-7.63529, 40.25041], [-7.6353385, 40.25031], [-7.63533, 40.25021], [-7.6352763, 40.2499419], [-7.63527, 40.24971], [-7.6353142, 40.2494296], [-7.6354758, 40.2488842], [-7.6355723, 40.2484982]]}, "properties": {"alt_name": "Avenida da Nossa Senhora da Sa\u00fade", "highway": "primary", "name": "Avenida Nossa Senhora da Sa\u00fade", "ref": "EN 230", "source:name": "C\u00e2mara Municipal da Covilh\u00e3", "source:name:date": "2025-05-07"}}, {"type": "Feature", "geometry": {"type": "LineString", "coordinates": [[-7.6231629, 40.259346], [-7.6232632, 40.2593274], [-7.6233306, 40.2592965], [-7.6237366, 40.2590131], [-7.6242, 40.25866], [-7.6242737, 40.258596], [-7.624294, 40.2585783]]}, "properties": {"alt_name": "Rua do Padre Alfredo Santos Marques", "highway": "primary", "name": "Rua Padre Alfredo Santos Marques", "ref": "EN 230", "source:name": "C\u00e2mara Municipal da Covilh\u00e3", "source:name:date": "2025-05-07"}}, {"type": "Feature", "geometry": {"type": "LineString", "coordinates": [[-7.8714272, 40.3071258], [-7.871281, 40.3067452]]}, "properties": {"bridge": "yes", "highway": "primary", "layer": "1", "name": "Ponte das Tr\u00eas Entradas", "priority": "backward", "ref": "EN 230", "surface": "asphalt"}}, {"type": "Feature", "geometry": {"type": "LineString", "coordinates": [[-7.869465, 40.3050183], [-7.868016, 40.3038394], [-7.8679586, 40.3038015], [-7.8679011, 40.3037636], [-7.867788, 40.303718], [-7.8676375, 40.3036652], [-7.8675479, 40.303648], [-7.8674367, 40.3036322], [-7.8672971, 40.3036363], [-7.8671691, 40.3036539], [-7.8670519, 40.3036867], [-7.8668931, 40.3037329], [-7.8667369, 40.3037849], [-7.8665742, 40.303861], [-7.8664583, 40.3039233], [-7.8661483, 40.3040887], [-7.8656461, 40.3043951], [-7.8655325, 40.3044518], [-7.8654082, 40.3045014], [-7.8652839, 40.3045456], [-7.8651576, 40.3045736], [-7.8650597, 40.3045912], [-7.8649252, 40.3046044], [-7.8647641, 40.3046115], [-7.8645931, 40.3046094], [-7.8643656, 40.3045865], [-7.8642388, 40.3045594], [-7.8641509, 40.3045215], [-7.864071, 40.304466], [-7.8639817, 40.3043825], [-7.8638835, 40.3043044], [-7.8637482, 40.3042058], [-7.8635603, 40.3040719], [-7.8633681, 40.3038863], [-7.8632235, 40.3037527], [-7.8631426, 40.3036693], [-7.8630886, 40.3036022], [-7.8630556, 40.3035229], [-7.8630388, 40.3034595], [-7.8630367, 40.303385], [-7.8630597, 40.303305], [-7.8631347, 40.3031309], [-7.8633098, 40.302672], [-7.8633465, 40.3025299], [-7.8633602, 40.3023953], [-7.8633408, 40.3022515], [-7.8633134, 40.302144], [-7.86325, 40.3020252], [-7.8631949, 40.3019469], [-7.8631217, 40.3018617], [-7.8630285, 40.3017955], [-7.8629353, 40.3017522], [-7.8628511, 40.3017345], [-7.862737, 40.3017129], [-7.8626131, 40.3017141], [-7.8625042, 40.3017292], [-7.8623851, 40.3017639], [-7.862287, 40.3018123], [-7.8621933, 40.3018817], [-7.8620926, 40.3019778], [-7.8620212, 40.302074], [-7.8619013, 40.3022645], [-7.8618596, 40.3023286], [-7.8617936, 40.3024061], [-7.8616648, 40.3025219], [-7.8611453, 40.3030275], [-7.8610149, 40.3031747], [-7.8609227, 40.3032941], [-7.8608223, 40.3034319], [-7.8607341, 40.3035559], [-7.860705, 40.3036367], [-7.8606926, 40.3037075], [-7.8606982, 40.3037874], [-7.8607275, 40.3039014], [-7.8609044, 40.3044234], [-7.8609139, 40.3044886], [-7.8609054, 40.3045493], [-7.8608703, 40.3046522], [-7.860781, 40.3048298], [-7.8607519, 40.3049109], [-7.8607491, 40.3050371], [-7.8607654, 40.3051556], [-7.8607697, 40.3052695], [-7.860736, 40.3053733], [-7.8606748, 40.3054433], [-7.8605325, 40.3055759], [-7.8604689, 40.3056342], [-7.8604236, 40.3057081], [-7.8603963, 40.3057912], [-7.8604062, 40.3060482], [-7.86038, 40.3061355], [-7.8603319, 40.3061952], [-7.8602508, 40.3062503], [-7.8595498, 40.3064877]]}, "properties": {"highway": "primary", "lanes": "2", "ref": "EN 230", "surface": "asphalt"}}, {"type": "Feature", "geometry": {"type": "LineString", "coordinates": [[-7.5271401, 40.2360742], [-7.5271753, 40.2360745], [-7.5272093, 40.2360676], [-7.5272397, 40.2360539], [-7.5272654, 40.2360331], [-7.5272823, 40.2360075], [-7.5272889, 40.2359793], [-7.5272838, 40.2359486], [-7.5272665, 40.2359205], [-7.5272387, 40.2358979], [-7.5272069, 40.2358841], [-7.5271713, 40.2358776], [-7.5271347, 40.2358789], [-7.5270947, 40.2358902], [-7.5270617, 40.2359108], [-7.5270392, 40.2359384], [-7.5270308, 40.2359616], [-7.5270299, 40.2359856], [-7.5270367, 40.236009], [-7.527055, 40.2360354], [-7.5270828, 40.2360564], [-7.5271176, 40.2360701], [-7.5271401, 40.2360742]]}, "properties": {"highway": "primary", "junction": "roundabout", "ref": "EN 230"}}, {"type": "Feature", "geometry": {"type": "LineString", "coordinates": [[-7.527484, 40.2357444], [-7.5275238, 40.2356874]]}, "properties": {"highway": "primary", "ref": "EN 230"}}, {"type": "Feature", "geometry": {"type": "LineString", "coordinates": [[-7.7439876, 40.2511392], [-7.7439317, 40.2510855], [-7.7438526, 40.2510279], [-7.743755, 40.2509871], [-7.7435324, 40.2509384], [-7.7432557, 40.2508996], [-7.7431168, 40.2508806], [-7.7429999, 40.2508425], [-7.7428808, 40.2507777], [-7.7427674, 40.2506561], [-7.7427095, 40.2505439], [-7.7426858, 40.2503955], [-7.7427025, 40.2499726], [-7.7427832, 40.2492258], [-7.7432, 40.2481468], [-7.7433316, 40.2478805], [-7.743454, 40.2477644], [-7.7436101, 40.2476779], [-7.7438154, 40.2476148], [-7.7441412, 40.2475604], [-7.7443747, 40.2474966], [-7.7448759, 40.2472708], [-7.7450571, 40.2472094], [-7.7452455, 40.2471796], [-7.7458524, 40.2471335], [-7.7459892, 40.2470881], [-7.746116, 40.2470161], [-7.7461967, 40.2469417], [-7.7462664, 40.2468022], [-7.7463506, 40.2464441], [-7.7464287, 40.2460701], [-7.7464718, 40.245977], [-7.7465341, 40.2458894], [-7.7466179, 40.2458183], [-7.7467671, 40.2457229], [-7.7470202, 40.2456235], [-7.7482429, 40.2452042], [-7.748435, 40.24517], [-7.7486352, 40.2451522], [-7.7488169, 40.2451602], [-7.749645, 40.2452441], [-7.7497837, 40.245236], [-7.74991, 40.245195], [-7.7499962, 40.2451434], [-7.7500701, 40.2450823], [-7.750144, 40.2449696], [-7.75017, 40.2448327], [-7.7501652, 40.2447075], [-7.7501373, 40.2446305], [-7.7500663, 40.2445536], [-7.7498835, 40.2443846], [-7.7497992, 40.2442814], [-7.7497384, 40.2441757], [-7.7497083, 40.24407], [-7.7497096, 40.2439915], [-7.7497478, 40.243913], [-7.7498181, 40.2438123], [-7.7502334, 40.2434026], [-7.7503392, 40.2432925], [-7.7506678, 40.2427267], [-7.750781, 40.2425836], [-7.7508952, 40.2424685], [-7.7509852, 40.2423987], [-7.7511583, 40.2422843], [-7.7529117, 40.2412317], [-7.7530596, 40.2411698], [-7.7532198, 40.241122], [-7.7536233, 40.2410464], [-7.7539931, 40.2409662], [-7.7541233, 40.240895], [-7.7542035, 40.240831], [-7.7542836, 40.2407341], [-7.7543501, 40.2405932], [-7.7543365, 40.2404993], [-7.7542982, 40.2404259], [-7.754218, 40.2403451], [-7.7541009, 40.2402925], [-7.7539158, 40.24022], [-7.7533379, 40.2399931], [-7.7531394, 40.2399178], [-7.7529725, 40.2398848], [-7.7527872, 40.2398706], [-7.7526577, 40.2398838], [-7.7520491, 40.2399482], [-7.7519082, 40.2399421], [-7.7517525, 40.2399159], [-7.7516404, 40.2398592], [-7.7515541, 40.2398046], [-7.7512501, 40.2395823], [-7.7510631, 40.2394775], [-7.7509167, 40.2394417], [-7.7507771, 40.2394346], [-7.7505752, 40.2394825], [-7.7502725, 40.2396113], [-7.7489521, 40.2402338], [-7.7479321, 40.2407195], [-7.7477254, 40.2408055], [-7.7475944, 40.2408484], [-7.7474633, 40.2408867], [-7.7473215, 40.2409219], [-7.7457582, 40.2411356], [-7.7455486, 40.241158], [-7.7453206, 40.2411804], [-7.7451936, 40.2411759], [-7.7450605, 40.2411541], [-7.7449305, 40.2410948], [-7.7448427, 40.2410325], [-7.7447614, 40.2409497], [-7.7443196, 40.2402466], [-7.7438317, 40.2395107], [-7.7437694, 40.2394449], [-7.7436541, 40.2393757], [-7.743545, 40.2393417], [-7.7434211, 40.2393328], [-7.7432603, 40.2393427], [-7.7431726, 40.2393765], [-7.7430586, 40.2394301], [-7.7429229, 40.2395419], [-7.7425325, 40.2399162], [-7.742406, 40.2400045], [-7.7422702, 40.24006], [-7.7420927, 40.2400868], [-7.7415617, 40.240071], [-7.7413937, 40.2400834], [-7.7412854, 40.2401246], [-7.7411489, 40.240207], [-7.7408585, 40.2404181], [-7.7406763, 40.2405354], [-7.740445, 40.2406433], [-7.7386295, 40.2412253], [-7.7384752, 40.2412512], [-7.7383458, 40.2412548], [-7.7382163, 40.2412536], [-7.7369955, 40.2412532], [-7.7368321, 40.2412725], [-7.7367196, 40.2413033], [-7.7366317, 40.2413387], [-7.7365214, 40.2414076], [-7.7364512, 40.2414928], [-7.7363978, 40.2415834], [-7.7363748, 40.2417114], [-7.7363528, 40.2422707], [-7.7363178, 40.2423893], [-7.7362695, 40.242472], [-7.7362027, 40.2425407], [-7.7361055, 40.2426027], [-7.7359898, 40.24266], [-7.7358469, 40.2426931], [-7.7349985, 40.2427953], [-7.73479, 40.2428317], [-7.7345988, 40.242869], [-7.73442, 40.2429297], [-7.7337498, 40.2431758], [-7.733657, 40.243225], [-7.7335888, 40.2432836], [-7.7335232, 40.2433678], [-7.7334811, 40.2434471], [-7.7334575, 40.2435498], [-7.7334704, 40.2441252], [-7.7334913, 40.2444613], [-7.7334527, 40.2447701], [-7.733388, 40.2449488], [-7.7332517, 40.2451594], [-7.733035, 40.2454167], [-7.7321983, 40.2462], [-7.7320319, 40.2463379], [-7.7318968, 40.2464152], [-7.7317343, 40.2464979], [-7.7312581, 40.2467004], [-7.731054, 40.2468045], [-7.7309017, 40.2469183], [-7.729815, 40.2478983], [-7.7294717, 40.2481483], [-7.729313, 40.2482259], [-7.7291263, 40.2482931], [-7.728857, 40.2483602], [-7.7286133, 40.2483927], [-7.7268942, 40.2484759], [-7.7253501, 40.2483518], [-7.7250067, 40.2483483], [-7.7245627, 40.2484027], [-7.7241635, 40.2484516], [-7.7240977, 40.2484597], [-7.7240754, 40.2484624], [-7.7237583, 40.2485083], [-7.723573, 40.2485365], [-7.7233104, 40.2485667], [-7.7230567, 40.248615], [-7.7228644, 40.248659], [-7.7226764, 40.2487224], [-7.7216445, 40.2491329], [-7.7206549, 40.2495701], [-7.7205296, 40.2496201], [-7.7204072, 40.2496524], [-7.7202775, 40.2496679], [-7.7201725, 40.2496746], [-7.7200049, 40.2496791], [-7.7192923, 40.2496857], [-7.7187545, 40.2497102], [-7.7181598, 40.2497458], [-7.7175856, 40.2497892], [-7.7173918, 40.2498114], [-7.71723, 40.249837], [-7.7169108, 40.2499193], [-7.7154009, 40.2503142], [-7.7153353, 40.2503253], [-7.7152691, 40.2503297], [-7.7152086, 40.2503253], [-7.7150599, 40.2502786], [-7.714901, 40.2501985], [-7.7133666, 40.2494333], [-7.713233, 40.2493577], [-7.7130932, 40.2492423], [-7.7123052, 40.2485461], [-7.7121204, 40.2483976], [-7.710985, 40.2476717], [-7.7102017, 40.247315], [-7.7098934, 40.247268], [-7.7097846, 40.2472691], [-7.7097026, 40.2472749], [-7.7096207, 40.2472982], [-7.709559, 40.2473355], [-7.7094724, 40.2474128], [-7.7094245, 40.2474795], [-7.7094042, 40.2475602], [-7.7093929, 40.2478788], [-7.7094065, 40.2484164], [-7.7094378, 40.248621], [-7.7095091, 40.2488872], [-7.7096583, 40.249325], [-7.7098633, 40.2496591], [-7.7100004, 40.2498695], [-7.7100491, 40.2499935], [-7.7100954, 40.2501194], [-7.7103167, 40.2509283], [-7.7106423, 40.2516947], [-7.7107606, 40.2519169], [-7.7108311, 40.2520216], [-7.7109806, 40.2521967], [-7.7111275, 40.2523556], [-7.7111636, 40.2524322], [-7.7111683, 40.2525179], [-7.711148, 40.2526145], [-7.7110901, 40.2526871], [-7.7109648, 40.252794], [-7.7108125, 40.2529011], [-7.7106034, 40.253002], [-7.7103666, 40.2530672], [-7.7099139, 40.2531794], [-7.709818, 40.2532265], [-7.7097114, 40.2533021], [-7.709655, 40.253372], [-7.7096139, 40.2534358], [-7.7095655, 40.2535397], [-7.7095516, 40.2536578], [-7.7095671, 40.2537862], [-7.7096383, 40.2539735], [-7.7096587, 40.254052], [-7.7096569, 40.254136], [-7.709616, 40.2542251], [-7.7095291, 40.2543119], [-7.7092577, 40.2545262], [-7.7091244, 40.2546854], [-7.7089722, 40.2549358], [-7.7081967, 40.2567364], [-7.7081044, 40.2568634], [-7.7079987, 40.2569498], [-7.7078636, 40.2570398], [-7.7075248, 40.2571812], [-7.7074223, 40.2572172], [-7.7073147, 40.2572283], [-7.7072477, 40.2572176], [-7.7071806, 40.2571989], [-7.7071089, 40.2571501], [-7.7070557, 40.2570839], [-7.7070423, 40.2570503], [-7.7070147, 40.2569581], [-7.7069646, 40.2567749], [-7.7069224, 40.2566769], [-7.7068222, 40.2565417], [-7.7061312, 40.2557894], [-7.7060263, 40.2556791], [-7.7059001, 40.2555687], [-7.7054734, 40.2552656], [-7.7052427, 40.2551431], [-7.7051583, 40.2550983], [-7.7046917, 40.2549083], [-7.7044591, 40.254872], [-7.704202, 40.2548599], [-7.7039343, 40.254864], [-7.7037067, 40.2548902], [-7.7034551, 40.2549387], [-7.7031701, 40.2550208], [-7.7026011, 40.2552341], [-7.7024083, 40.2552837], [-7.7022209, 40.255317], [-7.7017293, 40.2553493], [-7.7015458, 40.2553735], [-7.70146, 40.2553933], [-7.7013356, 40.2554475], [-7.701227, 40.2555139], [-7.7011216, 40.255602], [-7.7010428, 40.2556925], [-7.7009437, 40.2559402], [-7.7008677, 40.2560965], [-7.7007898, 40.2561929], [-7.7007429, 40.2562431], [-7.70068, 40.2562933], [-7.700577, 40.2563303], [-7.7004792, 40.2563429], [-7.7003794, 40.2563276], [-7.7002817, 40.2562927], [-7.7002398, 40.2562477], [-7.7001942, 40.2561637], [-7.700168, 40.2560758], [-7.7000127, 40.2553658], [-7.7000195, 40.2552052], [-7.7001433, 40.2544551], [-7.7002405, 40.2541399], [-7.7002635, 40.2539079], [-7.7002634, 40.2538034], [-7.7002473, 40.2536948], [-7.7001967, 40.2535567], [-7.6998837, 40.2526539], [-7.6995017, 40.25167], [-7.6993509, 40.2514521], [-7.6991036, 40.2511671], [-7.698993, 40.2510397], [-7.6988514, 40.2509196], [-7.698774, 40.2508809], [-7.6986913, 40.2508584], [-7.6985676, 40.2508453], [-7.698437, 40.2508557], [-7.6983102, 40.2508858], [-7.6981877, 40.2509405], [-7.697812, 40.2512051], [-7.6976753, 40.2513502], [-7.6976395, 40.2514325], [-7.6976091, 40.251527], [-7.6975694, 40.251708], [-7.6975254, 40.2518572], [-7.6973699, 40.2522659], [-7.6972463, 40.2524889], [-7.6971334, 40.2526288], [-7.6969727, 40.2527789], [-7.6968924, 40.2528924], [-7.6968545, 40.2529897], [-7.6968359, 40.2532279], [-7.6968093, 40.2533328], [-7.6967614, 40.2534055], [-7.6967083, 40.2534539], [-7.6964381, 40.2536358], [-7.6963343, 40.2537083], [-7.6962638, 40.2537486], [-7.6961933, 40.2537727], [-7.6960919, 40.253794], [-7.6955993, 40.2538429], [-7.6954945, 40.2538675], [-7.6953933, 40.2538994], [-7.6952867, 40.2539617], [-7.69476, 40.2544767], [-7.6946889, 40.2545295], [-7.6946268, 40.2545538], [-7.6945532, 40.254568], [-7.694485, 40.2545741], [-7.6943701, 40.25457], [-7.6942978, 40.2545517], [-7.6942327, 40.2545191], [-7.6941664, 40.2544621], [-7.6941297, 40.2543932], [-7.6940886, 40.254314], [-7.6940103, 40.2540183], [-7.6939441, 40.2533659], [-7.6939469, 40.253185], [-7.6939824, 40.2530485], [-7.6940364, 40.2528979], [-7.6943464, 40.2522722], [-7.6943643, 40.25218], [-7.6943715, 40.2520975], [-7.6943386, 40.2520002], [-7.6942817, 40.251915], [-7.6942133, 40.2518537], [-7.694129, 40.2518126], [-7.6939728, 40.2517631], [-7.6938351, 40.2517541], [-7.6937191, 40.2517766], [-7.6936508, 40.2518011], [-7.6935171, 40.2518428], [-7.6934099, 40.2518499], [-7.6932946, 40.2518264], [-7.6931953, 40.2517886], [-7.6931418, 40.2517447], [-7.6930898, 40.2516629], [-7.6930113, 40.251496], [-7.6929224, 40.2513886], [-7.6928255, 40.2513197], [-7.6927327, 40.2512712], [-7.692547, 40.2512146], [-7.6924733, 40.2511705], [-7.6923842, 40.2511025], [-7.692306, 40.2509665], [-7.6923048, 40.2508892], [-7.6923447, 40.2508157], [-7.692419, 40.2507239], [-7.6925093, 40.2505768], [-7.6925836, 40.2503921], [-7.692667, 40.250082], [-7.6927186, 40.2498165], [-7.6927294, 40.2495917], [-7.6927244, 40.2492066], [-7.6927155, 40.2491031], [-7.6926722, 40.2489934], [-7.6925961, 40.2488269], [-7.6925979, 40.2487372], [-7.692623, 40.2486549], [-7.692798, 40.2484308], [-7.6929093, 40.2482776], [-7.6929725, 40.2480969], [-7.6930019, 40.2479433], [-7.6930129, 40.2477388], [-7.693, 40.2475383], [-7.6929739, 40.2473973], [-7.6929425, 40.2472684], [-7.692885, 40.2471283], [-7.6928236, 40.2470041], [-7.692725, 40.2468717], [-7.692332, 40.2464558], [-7.6922634, 40.2463896], [-7.6921893, 40.2463316], [-7.6921127, 40.2462918], [-7.6920201, 40.2462682], [-7.6918781, 40.2462591], [-7.691797, 40.2462679], [-7.6913117, 40.2464343], [-7.6912151, 40.2464607], [-7.6911212, 40.246475], [-7.6910493, 40.2464665], [-7.690972, 40.24645], [-7.6908839, 40.2464168], [-7.6907949, 40.2463359], [-7.6907537, 40.246255], [-7.6907456, 40.2461661], [-7.6907528, 40.2460926], [-7.6908022, 40.2459759], [-7.6908488, 40.2458471], [-7.6908466, 40.2457234], [-7.6908265, 40.2455986], [-7.6906683, 40.2450683], [-7.6906498, 40.2449691], [-7.6906472, 40.244874], [-7.6907376, 40.2445436], [-7.6907483, 40.2443917], [-7.6906714, 40.2438993], [-7.6905849, 40.2435942], [-7.690525, 40.2434533], [-7.6904474, 40.2433508], [-7.6900138, 40.2429239], [-7.6899276, 40.2427879], [-7.6898934, 40.2426943], [-7.6898605, 40.2424009], [-7.6898223, 40.242209], [-7.6897617, 40.24204], [-7.6896108, 40.2416885], [-7.6895555, 40.2415925], [-7.6894847, 40.2415263], [-7.689329, 40.2414206], [-7.68916, 40.2413453], [-7.6890466, 40.24131], [-7.6884871, 40.2411356], [-7.6883897, 40.241123], [-7.6882817, 40.2411185], [-7.6881693, 40.2411289], [-7.6877275, 40.2411861], [-7.6875616, 40.2412202], [-7.6874075, 40.2412612], [-7.6872534, 40.2413184], [-7.6869333, 40.2414921], [-7.6867652, 40.2416257], [-7.6865333, 40.2418363], [-7.6863897, 40.2419829], [-7.6862939, 40.2420849], [-7.6861603, 40.2422396], [-7.6860723, 40.2423758], [-7.6859763, 40.2425768], [-7.6859352, 40.2426395], [-7.6858729, 40.2427102], [-7.6857854, 40.2427972], [-7.6856061, 40.2429401], [-7.6854979, 40.2430338], [-7.6853737, 40.2431721], [-7.6852075, 40.2435184], [-7.6851309, 40.2436094], [-7.6850196, 40.2437188], [-7.6849242, 40.2437988], [-7.6847862, 40.2438789], [-7.6846501, 40.2439205], [-7.6844869, 40.24396], [-7.6839372, 40.2440594], [-7.6837203, 40.2441221], [-7.6835804, 40.2441788], [-7.6834016, 40.2442842], [-7.6830146, 40.2445701], [-7.6829199, 40.2446248], [-7.6828313, 40.2446612], [-7.6826542, 40.2447096], [-7.6821453, 40.2448309], [-7.6820357, 40.244882], [-7.681942, 40.2449432], [-7.6818478, 40.2450164], [-7.6817429, 40.2451341], [-7.6816553, 40.2452641], [-7.6816256, 40.2453553], [-7.6816008, 40.2455391], [-7.6816051, 40.2457107], [-7.6816188, 40.2458924], [-7.6820279, 40.2474381], [-7.6821355, 40.2477639], [-7.6822039, 40.2479806], [-7.6822315, 40.2481142], [-7.6822325, 40.2482316], [-7.6822096, 40.2485293], [-7.6822008, 40.2487065], [-7.682208, 40.2489], [-7.6823152, 40.2496138], [-7.6823504, 40.2497202], [-7.6824123, 40.2498346], [-7.6824775, 40.2499236], [-7.6827359, 40.2502113], [-7.6827765, 40.2502962], [-7.6827734, 40.2503653], [-7.6827305, 40.2504445], [-7.6825381, 40.2506451], [-7.6824706, 40.2507646], [-7.6824683, 40.250882], [-7.6825355, 40.2513865], [-7.682511, 40.251531], [-7.6824669, 40.251654], [-7.682397, 40.2517662], [-7.6823249, 40.251875], [-7.6822942, 40.2519638], [-7.6822953, 40.252073], [-7.6823326, 40.2522348], [-7.6823472, 40.2523795], [-7.6823386, 40.2524925], [-7.6823051, 40.2525672], [-7.6822237, 40.2526946], [-7.6815779, 40.2535675], [-7.6815217, 40.2536254], [-7.6814561, 40.2536686], [-7.6813533, 40.2536916], [-7.681258, 40.2536852], [-7.6811627, 40.2536565], [-7.6810939, 40.2536101], [-7.6810464, 40.2535553], [-7.6810228, 40.2534905], [-7.6809537, 40.2529809], [-7.6809032, 40.2526671], [-7.68085, 40.2525337], [-7.6808008, 40.2524118], [-7.680045, 40.2510937], [-7.6799409, 40.250957], [-7.6798251, 40.2508421], [-7.6795149, 40.2506102], [-7.679364, 40.2504838], [-7.6792515, 40.2503564], [-7.6792017, 40.250272], [-7.6787717, 40.249307], [-7.6782205, 40.2484692], [-7.678105, 40.248337], [-7.6779918, 40.2482142], [-7.6778573, 40.2480873], [-7.6776255, 40.2479024], [-7.6774434, 40.247772], [-7.6771106, 40.2475888], [-7.676903, 40.2475012], [-7.6766954, 40.2474299], [-7.676551, 40.2474024], [-7.6764171, 40.2473992], [-7.6762662, 40.2474293], [-7.67612, 40.2474779], [-7.6759763, 40.2475607], [-7.6754672, 40.2479297], [-7.6753417, 40.2480123], [-7.6752099, 40.2480759], [-7.675067, 40.2481158], [-7.67494, 40.2481354], [-7.6746097, 40.2481381], [-7.673825, 40.2481204], [-7.673704, 40.2481261], [-7.6735883, 40.248152], [-7.6735084, 40.2482028], [-7.6734339, 40.2482779], [-7.673164, 40.2486467], [-7.6730636, 40.2487692], [-7.6729419, 40.2488796], [-7.6727278, 40.248997], [-7.6725961, 40.2490779], [-7.6724012, 40.2492288], [-7.6720111, 40.2496708], [-7.6719211, 40.2497276], [-7.6718418, 40.2497591], [-7.6717278, 40.2497617], [-7.6716469, 40.2497488], [-7.671566, 40.2497197], [-7.6714998, 40.2496858], [-7.6714499, 40.2496374], [-7.6714372, 40.249579], [-7.6714479, 40.249502]]}, "properties": {"highway": "primary", "ref": "EN 230"}}, {"type": "Feature", "geometry": {"type": "LineString", "coordinates": [[-7.6461093, 40.2473577], [-7.646121, 40.2472857], [-7.64604, 40.2469], [-7.64606, 40.24677], [-7.64616, 40.2466102], [-7.6466271, 40.2461026], [-7.6468, 40.24595], [-7.6469501, 40.2458936], [-7.6471762, 40.2458228], [-7.64741, 40.24571], [-7.64759, 40.24554], [-7.6476562, 40.2454153], [-7.6477027, 40.2453279], [-7.64776, 40.24522], [-7.6479441, 40.2450209], [-7.6481818, 40.2448747], [-7.6484859, 40.2447793], [-7.6489293, 40.2447462], [-7.649098, 40.2446851], [-7.64939, 40.24445], [-7.64964, 40.24434], [-7.64991, 40.24432], [-7.6506805, 40.2444709], [-7.6508641, 40.2444726], [-7.6510005, 40.2444113], [-7.65108, 40.24435], [-7.6511358, 40.2442378], [-7.6511158, 40.2441112], [-7.6508777, 40.2437147], [-7.65082, 40.24355], [-7.65083, 40.24337], [-7.65097, 40.24302], [-7.650964, 40.2428833], [-7.65092, 40.24279], [-7.65071, 40.24255], [-7.65002, 40.24226], [-7.6498291, 40.2421303], [-7.64923, 40.24166], [-7.6491603, 40.2415169], [-7.6491, 40.2412], [-7.64911, 40.24096], [-7.6492, 40.24078], [-7.6492386, 40.2407333], [-7.64987, 40.23997], [-7.65001, 40.23989], [-7.65018, 40.23985], [-7.65049, 40.23986], [-7.65143, 40.24007], [-7.6517241, 40.2401245], [-7.6520727, 40.2401162], [-7.65226, 40.24005], [-7.65235, 40.23997], [-7.65244, 40.23984], [-7.65243, 40.2397], [-7.65206, 40.23878], [-7.65201, 40.23837], [-7.65203, 40.23816]]}, "properties": {"highway": "primary", "ref": "EN 230"}}, {"type": "Feature", "geometry": {"type": "LineString", "coordinates": [[-7.5817856, 40.2382218], [-7.58665, 40.237905], [-7.5871367, 40.2378727], [-7.5881702, 40.2378142], [-7.5882119, 40.2378145], [-7.590676, 40.2376662], [-7.5909568, 40.2376936], [-7.5911997, 40.2377428], [-7.5913558, 40.237806], [-7.5915214, 40.2378982], [-7.5916231, 40.2379611], [-7.591765, 40.23811], [-7.5918631, 40.2382988], [-7.5919063, 40.238382], [-7.5919315, 40.2386407], [-7.5918385, 40.2389412], [-7.5916773, 40.239144], [-7.5910185, 40.239738], [-7.5908261, 40.2400105], [-7.5907925, 40.2402547], [-7.5908132, 40.2403299], [-7.5908866, 40.2405968]]}, "properties": {"highway": "primary", "name": "Estrada Nacional 230", "ref": "EN 230", "source:name": "C\u00e2mara Municipal da Covilh\u00e3", "source:name:date": "2025-05-07"}}, {"type": "Feature", "geometry": {"type": "LineString", "coordinates": [[-7.6205017, 40.2506464], [-7.62134, 40.2526], [-7.62133, 40.25297], [-7.6211598, 40.2537351], [-7.6210863, 40.2540448], [-7.6211024, 40.254242], [-7.6212088, 40.2545914], [-7.6218568, 40.2571026], [-7.6222184, 40.2583051], [-7.6223466, 40.2589021], [-7.6223716, 40.2589408], [-7.6224132, 40.2589865], [-7.6224621, 40.2590217]]}, "properties": {"alt_name": "Avenida de Primeiro de Maio;Avenida de 1\u00ba de Maio", "highway": "primary", "lanes": "2", "name": "Avenida Primeiro de Maio", "ref": "EN 230", "source:name": "C\u00e2mara Municipal da Covilh\u00e3", "source:name:date": "2025-05-07", "surface": "asphalt"}}, {"type": "Feature", "geometry": {"type": "LineString", "coordinates": [[-7.7847951, 40.291634], [-7.7848359, 40.2910501]]}, "properties": {"bridge": "yes", "highway": "primary", "layer": "1", "ref": "EN 230"}}, {"type": "Feature", "geometry": {"type": "LineString", "coordinates": [[-7.7756527, 40.28914], [-7.7755614, 40.2891789], [-7.7754991, 40.2892278], [-7.775429, 40.2893411], [-7.775401, 40.2894359], [-7.7754068, 40.2895268], [-7.7755715, 40.2905068], [-7.7755626, 40.2906122], [-7.7755511, 40.290674], [-7.7754917, 40.29077], [-7.7754186, 40.2908479], [-7.7752987, 40.2909258], [-7.775184, 40.2909709], [-7.7750485, 40.2910001], [-7.7748849, 40.2910059], [-7.7741727, 40.2909953], [-7.773924, 40.2910146], [-7.7736327, 40.2910721], [-7.7720979, 40.2915204], [-7.7719154, 40.2915931], [-7.7718086, 40.2916374], [-7.7717278, 40.2916817], [-7.7715993, 40.2917678], [-7.7714566, 40.2919003], [-7.7711558, 40.2922279], [-7.7707952, 40.2925952], [-7.7706613, 40.2927075], [-7.77057, 40.2927617], [-7.7704569, 40.292829], [-7.770325, 40.2928844], [-7.7702035, 40.292928], [-7.7700449, 40.2929674], [-7.7688617, 40.2931494], [-7.7687359, 40.2931531], [-7.7686296, 40.2931423], [-7.7685218, 40.2931153], [-7.7684369, 40.2930823], [-7.7683495, 40.2930235], [-7.768263, 40.2929377], [-7.7682164, 40.2928718], [-7.7681829, 40.2927702], [-7.7681022, 40.2923636], [-7.7680249, 40.2922341], [-7.7679476, 40.2921325], [-7.7678471, 40.2920305], [-7.767666, 40.2918553], [-7.7672379, 40.2914218], [-7.767168, 40.2913606], [-7.7670721, 40.2912915], [-7.7669526, 40.2912326], [-7.766776, 40.2911736], [-7.7666496, 40.291156], [-7.7665232, 40.2911502], [-7.7663389, 40.2911681], [-7.7660896, 40.2912019], [-7.7649718, 40.2913841], [-7.7648126, 40.2914316], [-7.7646674, 40.2915041], [-7.7645481, 40.2915884], [-7.7643145, 40.2918321], [-7.7642211, 40.2918993], [-7.764046, 40.291987], [-7.7629033, 40.2924083], [-7.7626039, 40.2925021], [-7.7613433, 40.2928377], [-7.7610012, 40.2929356], [-7.7608046, 40.292978], [-7.7606654, 40.2929779], [-7.760543, 40.2929724], [-7.7604184, 40.2929506], [-7.7602837, 40.2929138], [-7.7601032, 40.2928472], [-7.7599313, 40.2927636], [-7.7598252, 40.2926923], [-7.759722, 40.2925934], [-7.7596476, 40.2925146], [-7.7595731, 40.2923883], [-7.7595275, 40.2922601], [-7.7594973, 40.2921079], [-7.7595156, 40.29164], [-7.7595214, 40.2914914], [-7.7595178, 40.2914201], [-7.7594986, 40.2913488], [-7.7594446, 40.2912299], [-7.7593782, 40.2911191], [-7.7592712, 40.2910006], [-7.7588224, 40.2906235], [-7.7587114, 40.290516], [-7.7586485, 40.290428], [-7.7585857, 40.2903082], [-7.7585353, 40.2902015], [-7.7584943, 40.2900653], [-7.7584444, 40.2898068], [-7.7584298, 40.2896884], [-7.7584024, 40.289571], [-7.7583491, 40.2894575], [-7.7582897, 40.2893483], [-7.75822, 40.2892669], [-7.7581431, 40.2892049], [-7.7579732, 40.2891292], [-7.7577533, 40.289068], [-7.7573354, 40.2889563], [-7.7572287, 40.288932], [-7.7558823, 40.2885965], [-7.7557382, 40.2885468], [-7.75564, 40.2885078], [-7.7555306, 40.2884432], [-7.7554303, 40.2883565], [-7.7552965, 40.2882336], [-7.755183, 40.2881031], [-7.7550875, 40.2879664], [-7.7548058, 40.2876207], [-7.7547101, 40.2874798], [-7.7546311, 40.2873411], [-7.7545767, 40.2872022], [-7.7545574, 40.2871206], [-7.7545385, 40.286953], [-7.754551, 40.2868048], [-7.754622, 40.286618], [-7.7547042, 40.2864739], [-7.7550506, 40.2859962], [-7.755151, 40.2858128], [-7.7551744, 40.2857255], [-7.7551978, 40.2856212], [-7.7551883, 40.2855414], [-7.7551732, 40.2854617], [-7.7551332, 40.2853862], [-7.7550821, 40.285315], [-7.7549966, 40.2852238], [-7.7548536, 40.2851268], [-7.7547188, 40.2850547], [-7.7544023, 40.2848853], [-7.7542467, 40.2847929], [-7.7541297, 40.2846976], [-7.7540183, 40.2845767]]}, "properties": {"highway": "primary", "ref": "EN 230"}}, {"type": "Feature", "geometry": {"type": "LineString", "coordinates": [[-7.5908866, 40.2405968], [-7.5909466, 40.2407707]]}, "properties": {"bridge": "yes", "highway": "primary", "layer": "1", "name": "Estrada Nacional 230", "ref": "EN 230", "source:name": "C\u00e2mara Municipal da Covilh\u00e3", "source:name:date": "2025-05-07"}}, {"type": "Feature", "geometry": {"type": "LineString", "coordinates": [[-7.5909466, 40.2407707], [-7.5911479, 40.2412626], [-7.5912554, 40.2413772], [-7.5913723, 40.24147], [-7.5915427, 40.2415416], [-7.5917415, 40.2415842], [-7.5920701, 40.2415424], [-7.5923815, 40.2414366], [-7.5935644, 40.2409369], [-7.5940818, 40.2407169]]}, "properties": {"highway": "primary", "name": "Estrada Nacional 230", "ref": "EN 230", "source:name": "C\u00e2mara Municipal da Covilh\u00e3", "source:name:date": "2025-05-07"}}, {"type": "Feature", "geometry": {"type": "LineString", "coordinates": [[-7.5268744, 40.2389175], [-7.52771, 40.23828], [-7.52781, 40.23812], [-7.52787, 40.23788], [-7.5278661, 40.2376272], [-7.52776, 40.23743], [-7.5276952, 40.2373615], [-7.5276672, 40.2373318], [-7.5275124, 40.2372087], [-7.5273969, 40.2371198], [-7.5271643, 40.2369505], [-7.5271254, 40.2369038], [-7.5271011, 40.2368746], [-7.5270849, 40.2368453], [-7.5270522, 40.2367863], [-7.527049, 40.2366639], [-7.5271083, 40.2363587], [-7.5271294, 40.2362764]]}, "properties": {"highway": "primary", "name": "Avenida Viriato", "ref": "EN 230"}}, {"type": "Feature", "geometry": {"type": "LineString", "coordinates": [[-7.7829089, 40.3035539], [-7.7827042, 40.303449], [-7.7825696, 40.3033611], [-7.7824727, 40.3032734], [-7.7824122, 40.3031797], [-7.7823587, 40.3030835], [-7.7823253, 40.3029612], [-7.7823205, 40.3028667], [-7.7823368, 40.3027649], [-7.782385, 40.3026167], [-7.7826157, 40.3019872], [-7.7826811, 40.3018034], [-7.7827102, 40.301675], [-7.7827106, 40.3016042], [-7.7827267, 40.3015333], [-7.7827708, 40.3014803], [-7.7828358, 40.3014233], [-7.7829448, 40.301345], [-7.7830434, 40.3012477], [-7.7831367, 40.3011286], [-7.7832742, 40.3008411], [-7.7833753, 40.3007121], [-7.7834679, 40.3006319], [-7.783577, 40.3005474], [-7.7837043, 40.3004748], [-7.78469, 40.3], [-7.7847968, 40.2999595], [-7.7849036, 40.2999309], [-7.7850704, 40.2999094], [-7.7852689, 40.2998901], [-7.7854166, 40.2998515], [-7.7854824, 40.299812], [-7.7855327, 40.2997645], [-7.7855908, 40.2996696], [-7.7856216, 40.2995767], [-7.7856283, 40.2994596]]}, "properties": {"highway": "primary", "ref": "EN 230", "surface": "asphalt"}}, {"type": "Feature", "geometry": {"type": "LineString", "coordinates": [[-7.7844198, 40.2946047], [-7.7844338, 40.2945536], [-7.7845017, 40.2943383], [-7.7847037, 40.2937573], [-7.785025, 40.2928333], [-7.7850446, 40.2927355], [-7.7850539, 40.2926377], [-7.7850568, 40.2924976], [-7.7850427, 40.2923797], [-7.7850156, 40.2922579], [-7.7848356, 40.2918576], [-7.7848052, 40.2917411], [-7.7847969, 40.2916539], [-7.7847951, 40.291634]]}, "properties": {"highway": "primary", "ref": "EN 230"}}, {"type": "Feature", "geometry": {"type": "LineString", "coordinates": [[-7.7852615, 40.2986644], [-7.7851838, 40.2985829], [-7.7850959, 40.2985157], [-7.7850135, 40.2984566], [-7.784854, 40.2983584], [-7.7845719, 40.2981784], [-7.7844224, 40.2980776], [-7.78426, 40.2979348], [-7.7841755, 40.2978396], [-7.7840965, 40.2977189], [-7.7840591, 40.2976298], [-7.7840206, 40.2975033], [-7.7840077, 40.2974188], [-7.7839871, 40.2972929], [-7.7840292, 40.2961668], [-7.7840311, 40.296116]]}, "properties": {"highway": "primary", "ref": "EN 230", "sidewalk": "both", "surface": "asphalt"}}, {"type": "Feature", "geometry": {"type": "LineString", "coordinates": [[-7.8950673, 40.3146232], [-7.894942, 40.3147116], [-7.8949267, 40.3147224], [-7.8948939, 40.3147445], [-7.8948003, 40.3148076]]}, "properties": {"highway": "primary", "oneway": "yes", "ref": "EN 230", "surface": "asphalt"}}, {"type": "Feature", "geometry": {"type": "LineString", "coordinates": [[-7.8777587, 40.3060924], [-7.8776894, 40.3060993], [-7.8776217, 40.3061173], [-7.8775395, 40.3061522], [-7.877465, 40.3061944], [-7.8772157, 40.3063445], [-7.8771306, 40.3064213]]}, "properties": {"highway": "primary", "lanes": "1", "oneway": "yes", "ref": "EN 230", "surface": "asphalt"}}, {"type": "Feature", "geometry": {"type": "LineString", "coordinates": [[-7.8771306, 40.3064213], [-7.8769377, 40.3065144], [-7.8767946, 40.3065594], [-7.8766395, 40.3065844], [-7.8763335, 40.3065926], [-7.8760029, 40.3066443], [-7.8756749, 40.3067404], [-7.8754745, 40.3068273], [-7.8751364, 40.3069968], [-7.8748863, 40.3071292], [-7.8746948, 40.3072079], [-7.8743778, 40.3073018], [-7.8738827, 40.3074391], [-7.8734977, 40.3075487], [-7.8726487, 40.3077876], [-7.8725101, 40.3078133], [-7.8723627, 40.3078206], [-7.872195, 40.3078135], [-7.8720564, 40.3077858], [-7.8718807, 40.3077255], [-7.8717579, 40.307652], [-7.8716649, 40.3075581], [-7.8716089, 40.3074785], [-7.8715198, 40.3073286]]}, "properties": {"highway": "primary", "lanes": "2", "ref": "EN 230", "surface": "asphalt"}}, {"type": "Feature", "geometry": {"type": "LineString", "coordinates": [[-7.878769, 40.3065913], [-7.8782956, 40.3062823]]}, "properties": {"highway": "primary", "lanes": "2", "ref": "EN 230", "surface": "asphalt"}}, {"type": "Feature", "geometry": {"type": "LineString", "coordinates": [[-7.8714853, 40.3072493], [-7.8714272, 40.3071258]]}, "properties": {"highway": "primary", "oneway": "no", "ref": "EN 230"}}, {"type": "Feature", "geometry": {"type": "LineString", "coordinates": [[-7.8771306, 40.3064213], [-7.8772306, 40.3063894], [-7.8774996, 40.3062369]]}, "properties": {"highway": "primary", "oneway": "yes", "ref": "EN 230"}}, {"type": "Feature", "geometry": {"type": "LineString", "coordinates": [[-7.7843865, 40.2946949], [-7.7844198, 40.2946047]]}, "properties": {"highway": "primary", "ref": "EN 230"}}, {"type": "Feature", "geometry": {"type": "LineString", "coordinates": [[-7.7840523, 40.2956662], [-7.7840787, 40.2955791], [-7.7841955, 40.2952503], [-7.7843341, 40.2948367], [-7.7843865, 40.2946949]]}, "properties": {"highway": "primary", "ref": "EN 230"}}, {"type": "Feature", "geometry": {"type": "LineString", "coordinates": [[-7.7840311, 40.296116], [-7.7840422, 40.2958191], [-7.7840523, 40.2956662]]}, "properties": {"highway": "primary", "ref": "EN 230"}}, {"type": "Feature", "geometry": {"type": "LineString", "coordinates": [[-7.8950673, 40.3146232], [-7.8951467, 40.314505], [-7.895505, 40.3139283], [-7.8955758, 40.3138492], [-7.895724, 40.313736], [-7.8958532, 40.3136824], [-7.896006, 40.3136302], [-7.8973488, 40.3132634], [-7.8992257, 40.3127479], [-7.9003516, 40.3124406], [-7.9005405, 40.3124005], [-7.9007747, 40.312357], [-7.9011353, 40.312314], [-7.9021729, 40.3121882], [-7.9038278, 40.3120176]]}, "properties": {"highway": "primary", "name": "Rua da Ribeira de Santiago", "oneway": "no", "ref": "EN 230", "surface": "asphalt"}}, {"type": "Feature", "geometry": {"type": "LineString", "coordinates": [[-7.9088878, 40.3111686], [-7.9091783, 40.31115], [-7.909627, 40.3111217], [-7.9110943, 40.3110349], [-7.9112945, 40.311009], [-7.9114806, 40.3109504], [-7.911881, 40.3108196], [-7.913858, 40.3101107], [-7.9140195, 40.3100593], [-7.9141053, 40.3100278], [-7.9142678, 40.3099912], [-7.9144612, 40.309972], [-7.9146496, 40.3099717], [-7.9148093, 40.3100014], [-7.9150289, 40.3100672], [-7.9164267, 40.3104583], [-7.9165176, 40.3104845], [-7.9166734, 40.3105069], [-7.9167527, 40.3105066], [-7.916837, 40.3104911], [-7.9169459, 40.3104526], [-7.9170572, 40.3104024], [-7.917177, 40.310344], [-7.9172622, 40.3102855], [-7.9173832, 40.3101883], [-7.9175774, 40.3099987], [-7.9177701, 40.3097293], [-7.9178229, 40.3096627], [-7.917897, 40.3095938], [-7.91801, 40.3095151], [-7.9181311, 40.3094485], [-7.9185336, 40.3092474], [-7.9194563, 40.3087865], [-7.9195692, 40.3087212]]}, "properties": {"highway": "primary", "name": "Avenida Fam\u00edlia Hall Themido", "oneway": "no", "ref": "EN 230"}}, {"type": "Feature", "geometry": {"type": "LineString", "coordinates": [[-7.9038278, 40.3120176], [-7.9042183, 40.3119767], [-7.9044135, 40.311964], [-7.9045061, 40.3119652], [-7.9047258, 40.3119969], [-7.9050814, 40.3121016], [-7.9052327, 40.3121322], [-7.9053956, 40.3121554], [-7.905527, 40.3121561], [-7.9056767, 40.312145], [-7.9073627, 40.3118848], [-7.9075538, 40.3118537], [-7.9076899, 40.3118165], [-7.9078352, 40.311756], [-7.9079525, 40.3116858], [-7.9082892, 40.3114294], [-7.908404, 40.3113363], [-7.9085088, 40.3112756], [-7.9086193, 40.3112261], [-7.9087667, 40.3111909], [-7.9088878, 40.3111686]]}, "properties": {"highway": "primary", "oneway": "no", "ref": "EN 230"}}, {"type": "Feature", "geometry": {"type": "LineString", "coordinates": [[-7.9048032, 40.2985215], [-7.9046634, 40.2985402], [-7.9045456, 40.2985427], [-7.9043358, 40.2985026], [-7.9040841, 40.2984669], [-7.9038417, 40.2984728], [-7.9036634, 40.2984906], [-7.9035672, 40.2985019], [-7.9032851, 40.298527], [-7.9031153, 40.2985305], [-7.902937, 40.2985417], [-7.9027175, 40.2985514], [-7.9025253, 40.2985698], [-7.9023798, 40.2986062], [-7.9021996, 40.2986904], [-7.9020758, 40.298784], [-7.9017717, 40.2990208], [-7.9016542, 40.2991072], [-7.9016347, 40.2991169], [-7.9015711, 40.2991485], [-7.9014318, 40.2992096], [-7.9012792, 40.2992648], [-7.9010787, 40.2993227], [-7.900849, 40.299397], [-7.900638, 40.2994039], [-7.900484, 40.299389], [-7.9002779, 40.299338], [-7.9001586, 40.2993217], [-7.8999811, 40.2993451], [-7.8998426, 40.299431], [-7.8997125, 40.2995868], [-7.8994781, 40.2998758], [-7.8993726, 40.2999841], [-7.8992309, 40.3000886], [-7.8990348, 40.3000902], [-7.8985548, 40.3000473], [-7.8983564, 40.3000342], [-7.8981571, 40.3000717], [-7.8979289, 40.3001357], [-7.8978108, 40.3001767], [-7.8976579, 40.3002178], [-7.8975422, 40.300296], [-7.8973845, 40.3004211], [-7.897323, 40.3005829], [-7.8972604, 40.3008508], [-7.8972111, 40.3009586], [-7.8971554, 40.3010435], [-7.8970307, 40.3011325], [-7.8969359, 40.3011913], [-7.8967714, 40.3012294], [-7.8965812, 40.3012495], [-7.8962273, 40.3012484], [-7.8960349, 40.3012715], [-7.8957685, 40.3013408], [-7.8954631, 40.3015147], [-7.8952347, 40.3017764], [-7.8950421, 40.3019348], [-7.8949626, 40.3019846], [-7.8949221, 40.3019967], [-7.8948812, 40.302009], [-7.8947801, 40.3020294], [-7.8946561, 40.3020245], [-7.8945348, 40.3019938], [-7.8944093, 40.3019535], [-7.8940262, 40.3017954], [-7.8938498, 40.3017264], [-7.8937009, 40.3016687], [-7.8935601, 40.301639], [-7.8934179, 40.3016492], [-7.8932771, 40.3016861], [-7.8930531, 40.3017904], [-7.8928359, 40.3018528], [-7.8923598, 40.3019929], [-7.8922042, 40.3020809], [-7.8919494, 40.3022435], [-7.8917818, 40.3023744], [-7.8916705, 40.3025646], [-7.8915457, 40.3028888], [-7.8914545, 40.302986], [-7.8913687, 40.3030423], [-7.8912603, 40.3030846], [-7.8910798, 40.3031435]]}, "properties": {"highway": "primary", "lane_markings": "yes", "lanes": "2", "oneway": "no", "ref": "EN 230", "surface": "asphalt"}}, {"type": "Feature", "geometry": {"type": "LineString", "coordinates": [[-7.9195692, 40.3087212], [-7.9196358, 40.3086608], [-7.9196808, 40.3086219], [-7.9197208, 40.3085262], [-7.9197789, 40.3084072], [-7.9198177, 40.3083628], [-7.9198516, 40.308344], [-7.9199108, 40.3083223], [-7.9199768, 40.3083011], [-7.9201129, 40.3082551], [-7.9202174, 40.3082201], [-7.9203523, 40.3081698], [-7.9205218, 40.3081198], [-7.920592, 40.3081122], [-7.9206379, 40.308106], [-7.9206995, 40.3081202], [-7.9208054, 40.3081554], [-7.9209238, 40.3081976], [-7.9210245, 40.3082169], [-7.9211084, 40.3082256], [-7.9211824, 40.3082279], [-7.921294, 40.3082291], [-7.9214363, 40.3082291], [-7.9215288, 40.3082208], [-7.9216226, 40.3082136], [-7.9217164, 40.308193], [-7.9217787, 40.3081594], [-7.9218714, 40.308091], [-7.9219269, 40.3080353], [-7.9220959, 40.3076612], [-7.9221615, 40.307523], [-7.9222029, 40.3074332], [-7.9222244, 40.307343], [-7.922219, 40.3072737], [-7.9222093, 40.3072378], [-7.922179, 40.3071643], [-7.9221285, 40.3070924], [-7.9220069, 40.3069435], [-7.9216437, 40.3064606], [-7.9216021, 40.3063954], [-7.92158, 40.3063119], [-7.9215848, 40.3062648], [-7.921592, 40.3062192], [-7.921605, 40.3061901], [-7.921656, 40.3061259], [-7.9217099, 40.3060769], [-7.9218139, 40.3060032], [-7.9224426, 40.3055704], [-7.9225237, 40.3055167], [-7.9226029, 40.3054478], [-7.9226873, 40.3053648], [-7.922772, 40.3052507], [-7.9230158, 40.3049354], [-7.9230564, 40.3048725], [-7.923113, 40.3047826], [-7.9231536, 40.3046993], [-7.9231634, 40.3046364], [-7.9231598, 40.3045688], [-7.9231328, 40.3044816], [-7.922979, 40.3042068], [-7.9226975, 40.303704], [-7.9226328, 40.3036288], [-7.9225692, 40.3035806], [-7.922499, 40.3035466], [-7.9224007, 40.3035251], [-7.9222913, 40.3035244], [-7.9220273, 40.303555], [-7.9219356, 40.3035522], [-7.9218426, 40.3035347], [-7.921727, 40.3034992], [-7.9216366, 40.3034546], [-7.9215633, 40.3033975], [-7.9214895, 40.3033194], [-7.9212726, 40.3030538], [-7.9211674, 40.3029577], [-7.9210625, 40.302889], [-7.9209767, 40.3028482], [-7.9208918, 40.3028149], [-7.9200886, 40.3025759], [-7.9200346, 40.302567]]}, "properties": {"highway": "primary", "name": "Avenida Principal", "oneway": "no", "ref": "EN 230", "surface": "asphalt"}}, {"type": "Feature", "geometry": {"type": "LineString", "coordinates": [[-7.871033, 40.306716], [-7.8708555, 40.3066715], [-7.8707053, 40.3066056], [-7.8705898, 40.3065192], [-7.8705101, 40.3064507], [-7.8704353, 40.3063917], [-7.870385, 40.3063281], [-7.870328, 40.3062348], [-7.8703031, 40.306151], [-7.8702763, 40.3060963], [-7.8702373, 40.3060211], [-7.8701722, 40.3058955], [-7.8701555, 40.3058597], [-7.8700937, 40.3057646], [-7.8699319, 40.3055532], [-7.8697254, 40.3052981], [-7.8695317, 40.3050907], [-7.869465, 40.3050183]]}, "properties": {"highway": "primary", "name": "Rua Joaquim Martins da Fonseca", "ref": "EN 230"}}, {"type": "Feature", "geometry": {"type": "LineString", "coordinates": [[-7.7441, 40.251365], [-7.744087, 40.25127], [-7.7440433, 40.2511926]]}, "properties": {"highway": "primary", "ref": "EN 230"}}, {"type": "Feature", "geometry": {"type": "LineString", "coordinates": [[-7.7440433, 40.2511926], [-7.7439876, 40.2511392]]}, "properties": {"bridge": "yes", "highway": "primary", "layer": "1", "ref": "EN 230"}}, {"type": "Feature", "geometry": {"type": "LineString", "coordinates": [[-7.5051002, 40.2727348], [-7.5052618, 40.2726294], [-7.5054198, 40.27249], [-7.5055832, 40.2723183], [-7.5059434, 40.2717027], [-7.5062867, 40.271127], [-7.5064604, 40.2709299], [-7.5066303, 40.2707841], [-7.5068973, 40.2705495], [-7.5071064, 40.2703951], [-7.5072595, 40.2703147], [-7.5079129, 40.2700339], [-7.5080328, 40.2699584], [-7.5080568, 40.2699363]]}, "properties": {"alt_name": "Estrada do Bilhar", "highway": "primary", "name": "Estrada Nacional 230", "oneway": "no", "ref": "EN 230", "source:name": "C\u00e2mara Municipal da Covilh\u00e3", "source:name:date": "2025-05-04"}}, {"type": "Feature", "geometry": {"type": "LineString", "coordinates": [[-7.5128359, 40.2597656], [-7.5127383, 40.259702]]}, "properties": {"alt_name": "Estrada da Meia L\u00e9gua", "bridge": "yes", "highway": "primary", "layer": "1", "name": "Estrada Nacional 230", "ref": "EN 230", "source:name": "C\u00e2mara Municipal da Covilh\u00e3", "source:name:date": "2025-05-04"}}, {"type": "Feature", "geometry": {"type": "LineString", "coordinates": [[-7.5127383, 40.259702], [-7.5126418, 40.2596434], [-7.5125566, 40.2595641], [-7.5125484, 40.2595438], [-7.5125286, 40.2594945], [-7.5125159, 40.2593414], [-7.5125392, 40.2590725], [-7.5125832, 40.2588758], [-7.5126357, 40.2587109], [-7.5127811, 40.2583908], [-7.5128548, 40.2582152], [-7.5128975, 40.2580936], [-7.5129322, 40.2579367], [-7.5129404, 40.2577769], [-7.512938, 40.2572538], [-7.5129479, 40.2569884], [-7.5129735, 40.2567784], [-7.5129993, 40.2566661], [-7.5130357, 40.2565775], [-7.5132507, 40.2561515], [-7.5133371, 40.2559851], [-7.5134316, 40.2558491], [-7.5134449, 40.255836], [-7.5135481, 40.2557337], [-7.5137251, 40.2555962], [-7.5137753, 40.2555572], [-7.5141991, 40.2552418], [-7.5142818, 40.2551603], [-7.5143325, 40.2551052], [-7.5144047, 40.2549879], [-7.5145664, 40.254572], [-7.5146306, 40.2544746], [-7.5146867, 40.2544195], [-7.5146985, 40.2544115], [-7.5147558, 40.254373], [-7.5148602, 40.254335], [-7.51523, 40.2542318], [-7.5153318, 40.2541666], [-7.515395, 40.2540875], [-7.5154286, 40.2539793], [-7.5154171, 40.2538605], [-7.5153523, 40.2537542]]}, "properties": {"alt_name": "Estrada da Meia L\u00e9gua", "highway": "primary", "name": "Estrada Nacional 230", "ref": "EN 230", "source:name": "C\u00e2mara Municipal da Covilh\u00e3", "source:name:date": "2025-05-04"}}, {"type": "Feature", "geometry": {"type": "LineString", "coordinates": [[-7.5136985, 40.2519872], [-7.5136998, 40.2519056]]}, "properties": {"alt_name": "Estrada do Ribeiro Negro", "bridge": "yes", "highway": "primary", "layer": "1", "name": "Estrada Nacional 230", "ref": "EN 230", "source:name": "C\u00e2mara Municipal da Covilh\u00e3", "source:name:date": "2025-05-04"}}, {"type": "Feature", "geometry": {"type": "LineString", "coordinates": [[-7.5102449, 40.264967], [-7.5102404, 40.2649007], [-7.5102467, 40.2648194], [-7.5104267, 40.2642601], [-7.510494, 40.264115], [-7.5105937, 40.2639674], [-7.5107384, 40.2637964], [-7.5112633, 40.2633736], [-7.5113831, 40.263269], [-7.5114704, 40.2631444], [-7.5121024, 40.2619722], [-7.5121693, 40.2618486], [-7.512185, 40.2618125], [-7.5122265, 40.2617326], [-7.5122802, 40.2616453], [-7.512347, 40.2615177], [-7.5124964, 40.2613578], [-7.512962, 40.2611043], [-7.5130681, 40.261005], [-7.5131388, 40.2608758], [-7.5131471, 40.2608367], [-7.5131751, 40.2607058], [-7.5131498, 40.2602826], [-7.5131425, 40.2601958], [-7.5131112, 40.2600385], [-7.5130499, 40.2599278], [-7.5129855, 40.2598581], [-7.5129573, 40.2598407], [-7.5128359, 40.2597656]]}, "properties": {"alt_name": "Estrada da Quinta Nova", "highway": "primary", "name": "Estrada Nacional 230", "ref": "EN 230", "source:name": "C\u00e2mara Municipal da Covilh\u00e3", "source:name:date": "2025-05-04"}}, {"type": "Feature", "geometry": {"type": "LineString", "coordinates": [[-7.5108976, 40.2656618], [-7.5108169, 40.2656079]]}, "properties": {"alt_name": "Estrada da Ribeira da \u00c1gua Alta", "bridge": "yes", "highway": "primary", "layer": "1", "name": "Estrada Nacional 230", "ref": "EN 230", "source:name": "C\u00e2mara Municipal da Covilh\u00e3", "source:name:date": "2025-05-04"}}, {"type": "Feature", "geometry": {"type": "LineString", "coordinates": [[-7.871281, 40.3067452], [-7.871033, 40.306716]]}, "properties": {"bridge": "yes", "highway": "primary", "layer": "1", "name": "Ponte das Tr\u00eas Entradas", "priority": "backward", "ref": "EN 230", "surface": "asphalt"}}, {"type": "Feature", "geometry": {"type": "LineString", "coordinates": [[-7.8782956, 40.3062823], [-7.8781425, 40.306178], [-7.8780708, 40.3061441], [-7.8779952, 40.3061213], [-7.8779182, 40.3061086], [-7.8777587, 40.3060924]]}, "properties": {"highway": "primary", "lanes": "2", "oneway": "yes", "ref": "EN 230", "surface": "asphalt", "turn:lanes": "left|through"}}, {"type": "Feature", "geometry": {"type": "LineString", "coordinates": [[-7.8715198, 40.3073286], [-7.8714853, 40.3072493]]}, "properties": {"highway": "primary", "oneway": "no", "ref": "EN 230"}}, {"type": "Feature", "geometry": {"type": "LineString", "coordinates": [[-7.9200346, 40.302567], [-7.9199655, 40.3025665], [-7.9198338, 40.3025593], [-7.9197191, 40.3025582], [-7.919579, 40.3025732], [-7.9193867, 40.3025938], [-7.9191775, 40.3025931], [-7.919041, 40.3025744], [-7.918916, 40.302542], [-7.9185692, 40.3024385], [-7.9184174, 40.3024066], [-7.9182889, 40.302396], [-7.9181445, 40.3023942], [-7.9178809, 40.3024149], [-7.9172118, 40.3024591], [-7.9171163, 40.3024625], [-7.9170153, 40.3024574], [-7.9169152, 40.3024435], [-7.9168275, 40.3024281], [-7.9167252, 40.3023957], [-7.9166194, 40.3023486], [-7.9164155, 40.3022375], [-7.9160498, 40.3020083], [-7.9159626, 40.3019469], [-7.9159173, 40.3018911], [-7.9158858, 40.3018214], [-7.9158763, 40.3017768], [-7.9158717, 40.301716], [-7.9158949, 40.3016249], [-7.9159494, 40.3015034], [-7.9161335, 40.3012133], [-7.9162394, 40.3010839], [-7.9163391, 40.3009835], [-7.9164728, 40.3008616], [-7.9166147, 40.300771], [-7.9167466, 40.3006998], [-7.9169579, 40.3005992], [-7.9171585, 40.3005187], [-7.9172892, 40.3004695], [-7.9174035, 40.3004267], [-7.9175039, 40.3003733], [-7.9175843, 40.3003133], [-7.9176434, 40.3002171], [-7.9176666, 40.3001162], [-7.9176699, 40.300026], [-7.917639, 40.2999585], [-7.9176042, 40.2998875], [-7.9175214, 40.2998196], [-7.9173917, 40.2997511], [-7.9172639, 40.2997254], [-7.9171073, 40.2997324], [-7.916986, 40.2997548], [-7.9167487, 40.2998231], [-7.9165748, 40.2998575], [-7.9163759, 40.2998839], [-7.9160825, 40.2998986], [-7.9158616, 40.2999318], [-7.9157681, 40.2999571], [-7.9155128, 40.3000522], [-7.9153731, 40.3000804], [-7.9152056, 40.3000887], [-7.9150894, 40.3000757], [-7.9149854, 40.3000462], [-7.9148655, 40.2999873], [-7.9146715, 40.2998718], [-7.9144874, 40.2997581], [-7.9143684, 40.2996946], [-7.9142518, 40.299666], [-7.9141573, 40.2996449], [-7.9140395, 40.299641], [-7.9139365, 40.2996482], [-7.9136237, 40.2996815], [-7.9131932, 40.2997455], [-7.9130205, 40.2997939], [-7.9129059, 40.2998464], [-7.9127958, 40.2999003], [-7.9127392, 40.2999316], [-7.9125993, 40.2999913], [-7.9124462, 40.3000253], [-7.9122938, 40.3000451], [-7.9121221, 40.3000536], [-7.9116074, 40.3001191], [-7.9110523, 40.300205], [-7.9108554, 40.3002468], [-7.9106396, 40.3003077], [-7.9104744, 40.3003733], [-7.9093095, 40.3009565], [-7.9091642, 40.301058], [-7.9090408, 40.3011544], [-7.9089318, 40.3012753], [-7.9088514, 40.3013304], [-7.9087732, 40.3013594], [-7.9086879, 40.3013834], [-7.9085665, 40.3013846], [-7.9084498, 40.3013732], [-7.9083681, 40.3013382], [-7.9083337, 40.3013173], [-7.9082773, 40.3012829], [-7.9081273, 40.3011911], [-7.9079716, 40.3011235], [-7.9078697, 40.3010932], [-7.9077244, 40.3010853], [-7.9075895, 40.3011062], [-7.9073321, 40.3011328], [-7.9069888, 40.3011861], [-7.9068841, 40.3011756], [-7.906783, 40.3011604], [-7.906676, 40.3011278], [-7.9065766, 40.3010882], [-7.9064844, 40.3010239], [-7.9064166, 40.3009626], [-7.9063719, 40.3008938], [-7.9063024, 40.3006257], [-7.9062563, 40.3005185], [-7.9061836, 40.300409], [-7.9058628, 40.3000642], [-7.9057663, 40.2999425], [-7.9056783, 40.2998033], [-7.9056167, 40.2996637], [-7.905581, 40.2995464], [-7.905578, 40.2994321], [-7.9056138, 40.2993464], [-7.9057612, 40.2991274], [-7.9058149, 40.2990207], [-7.9057926, 40.2989353], [-7.9057387, 40.298849], [-7.9056809, 40.2987861], [-7.9055212, 40.298664], [-7.905353, 40.2985578]]}, "properties": {"highway": "primary", "lane_markings": "yes", "lanes": "2", "oneway": "no", "ref": "EN 230", "surface": "asphalt"}}, {"type": "Feature", "geometry": {"type": "LineString", "coordinates": [[-7.905353, 40.2985578], [-7.9052182, 40.2985119], [-7.9050787, 40.2984976], [-7.9049283, 40.2984962], [-7.9048032, 40.2985215]]}, "properties": {"highway": "primary", "lane_markings": "yes", "lanes": "2", "oneway": "no", "ref": "EN 230", "shoulder": "right", "surface": "asphalt"}}, {"type": "Feature", "geometry": {"type": "LineString", "coordinates": [[-7.7848359, 40.2910501], [-7.7848367, 40.290895], [-7.7848137, 40.2908375], [-7.7847674, 40.2907661], [-7.7846825, 40.2907005], [-7.7845647, 40.2906409], [-7.7836753, 40.2903495], [-7.7834433, 40.2902849], [-7.7832175, 40.2902437], [-7.7824665, 40.290172], [-7.7822723, 40.2901659], [-7.7820657, 40.2901775], [-7.7818708, 40.2902047], [-7.7816921, 40.2902466], [-7.7815575, 40.2902866], [-7.781423, 40.2903285], [-7.7812959, 40.2903455], [-7.7811715, 40.2903486], [-7.7810252, 40.2903258], [-7.7809153, 40.2902991], [-7.7808254, 40.2902536], [-7.7803118, 40.2899299], [-7.7798398, 40.2896598], [-7.7796876, 40.2895969], [-7.7795667, 40.2895658], [-7.7793715, 40.2895391], [-7.7791837, 40.2895175], [-7.7784664, 40.2894632], [-7.7782588, 40.2894509], [-7.7781059, 40.2894564], [-7.7779776, 40.2894735], [-7.7778373, 40.2895135], [-7.7776911, 40.2895804], [-7.7773535, 40.289811], [-7.7772312, 40.2898687], [-7.7771311, 40.2898954], [-7.7769723, 40.2899109], [-7.7768268, 40.289898], [-7.7767054, 40.2898566], [-7.7766191, 40.2897965], [-7.7765276, 40.2897008], [-7.7762831, 40.2892872], [-7.776144, 40.2891728], [-7.7760528, 40.2891246], [-7.7759904, 40.2891072], [-7.7758735, 40.2890976], [-7.7758055, 40.2891023], [-7.7757962, 40.2891042]]}, "properties": {"highway": "primary", "ref": "EN 230"}}, {"type": "Feature", "geometry": {"type": "LineString", "coordinates": [[-7.7757962, 40.2891042], [-7.7756527, 40.28914]]}, "properties": {"bridge": "yes", "highway": "primary", "layer": "1", "ref": "EN 230"}}, {"type": "Feature", "geometry": {"type": "LineString", "coordinates": [[-7.5272889, 40.2359793], [-7.5273931, 40.2358893], [-7.527484, 40.2357444]]}, "properties": {"highway": "primary", "oneway": "yes", "ref": "EN 230"}}, {"type": "Feature", "geometry": {"type": "LineString", "coordinates": [[-7.527484, 40.2357444], [-7.5273583, 40.2358504], [-7.5272387, 40.2358979]]}, "properties": {"highway": "primary", "oneway": "yes", "ref": "EN 230"}}, {"type": "Feature", "geometry": {"type": "LineString", "coordinates": [[-7.5487138, 40.2335488], [-7.5487867, 40.2334033], [-7.5489038, 40.2332404], [-7.5490493, 40.2330992], [-7.5493547, 40.2329426], [-7.5496884, 40.2328574], [-7.5501517, 40.2328526], [-7.5505114, 40.2329345], [-7.5516786, 40.2335843], [-7.5521143, 40.2338036], [-7.5523629, 40.2338755], [-7.552621, 40.2339111], [-7.5528354, 40.2339106], [-7.5530403, 40.2338884], [-7.5534987, 40.2337497], [-7.5552078, 40.2332164], [-7.5555875, 40.2331635], [-7.5558722, 40.2331775], [-7.5561379, 40.2332278], [-7.5563669, 40.2333112], [-7.5565963, 40.2334218], [-7.5568186, 40.2336004], [-7.5569932, 40.233774], [-7.5579614, 40.2353658], [-7.5590015, 40.2370586], [-7.5591438, 40.2371969], [-7.5593336, 40.2373496], [-7.5595964, 40.2374907], [-7.5598592, 40.2375861], [-7.5601518, 40.2376531], [-7.5604922, 40.2376836], [-7.5620702, 40.2376018], [-7.5626984, 40.2375936], [-7.5629968, 40.2376314], [-7.5632858, 40.2376909], [-7.5639363, 40.23797], [-7.5651935, 40.2385695], [-7.5654939, 40.2386797], [-7.5657848, 40.2387681], [-7.5661195, 40.2388258], [-7.5664826, 40.238869], [-7.5670202, 40.2388495], [-7.5673891, 40.2388007], [-7.5678672, 40.2386871], [-7.5683136, 40.2385389], [-7.5695313, 40.2381677], [-7.5699934, 40.2380868], [-7.5702744, 40.2380739], [-7.5706883, 40.23809], [-7.5764497, 40.2384834], [-7.5772597, 40.2384903], [-7.5779456, 40.2384584], [-7.5817856, 40.2382218]]}, "properties": {"highway": "primary", "lanes": "1", "name": "Estrada Nacional 230", "oneway": "no", "ref": "EN 230", "source:name": "C\u00e2mara Municipal da Covilh\u00e3", "source:name:date": "2025-05-07", "surface": "asphalt"}}, {"type": "Feature", "geometry": {"type": "LineString", "coordinates": [[-7.5271401, 40.2360742], [-7.5271478, 40.2361724], [-7.5271294, 40.2362764]]}, "properties": {"highway": "primary", "oneway": "yes", "ref": "EN 230"}}, {"type": "Feature", "geometry": {"type": "LineString", "coordinates": [[-7.5271294, 40.2362764], [-7.5271908, 40.2361712], [-7.5272397, 40.2360539]]}, "properties": {"highway": "primary", "oneway": "yes", "ref": "EN 230"}}, {"type": "Feature", "geometry": {"type": "LineString", "coordinates": [[-7.65203, 40.23816], [-7.6521213, 40.2380635]]}, "properties": {"highway": "primary", "ref": "EN 230"}}, {"type": "Feature", "geometry": {"type": "LineString", "coordinates": [[-7.652276, 40.2379476], [-7.6521213, 40.2380635]]}, "properties": {"highway": "primary", "ref": "EN 230"}}, {"type": "Feature", "geometry": {"type": "LineString", "coordinates": [[-7.5945783, 40.2405089], [-7.5949492, 40.2403428]]}, "properties": {"highway": "primary", "name": "Estrada Nacional 230", "ref": "EN 230", "source:name": "C\u00e2mara Municipal da Covilh\u00e3", "source:name:date": "2025-05-07"}}, {"type": "Feature", "geometry": {"type": "LineString", "coordinates": [[-7.5943383, 40.2406095], [-7.5945783, 40.2405089]]}, "properties": {"highway": "primary", "name": "Estrada Nacional 230", "ref": "EN 230", "source:name": "C\u00e2mara Municipal da Covilh\u00e3", "source:name:date": "2025-05-07"}}, {"type": "Feature", "geometry": {"type": "LineString", "coordinates": [[-7.5940818, 40.2407169], [-7.5943383, 40.2406095]]}, "properties": {"highway": "primary", "name": "Estrada Nacional 230", "ref": "EN 230", "source:name": "C\u00e2mara Municipal da Covilh\u00e3", "source:name:date": "2025-05-07"}}, {"type": "Feature", "geometry": {"type": "LineString", "coordinates": [[-7.5226131, 40.2417651], [-7.52307, 40.2416], [-7.5247764, 40.2404004], [-7.5249559, 40.2402742], [-7.526038, 40.2395135], [-7.5260731, 40.2394888], [-7.5264649, 40.2392134], [-7.52674, 40.23902], [-7.5268744, 40.2389175]]}, "properties": {"highway": "primary", "name": "Avenida Viriato", "ref": "EN 230", "surface": "asphalt"}}, {"type": "Feature", "geometry": {"type": "LineString", "coordinates": [[-7.5172581, 40.2446481], [-7.5175813, 40.2445485], [-7.5177319, 40.2444914], [-7.51893, 40.24385], [-7.51911, 40.2438], [-7.5192225, 40.2437846], [-7.5196204, 40.2438576], [-7.51975, 40.24385], [-7.51994, 40.24378], [-7.52008, 40.24369], [-7.5204294, 40.2432903], [-7.52073, 40.24299], [-7.52096, 40.24288], [-7.52144, 40.24276], [-7.52157, 40.24268], [-7.52165, 40.24257], [-7.52172, 40.24224], [-7.52188, 40.24203], [-7.5224535, 40.2418228], [-7.5225216, 40.2417982], [-7.5226131, 40.2417651]]}, "properties": {"highway": "primary", "name": "Rua Viriato", "ref": "EN 230", "surface": "asphalt"}}, {"type": "Feature", "geometry": {"type": "LineString", "coordinates": [[-7.6355723, 40.2484982], [-7.63572, 40.24831], [-7.6359, 40.24818], [-7.63602, 40.24816], [-7.63624, 40.24816], [-7.6366425, 40.2483083], [-7.6368003, 40.2483272], [-7.636958, 40.2483028], [-7.6375321, 40.2480359], [-7.63776, 40.24793], [-7.63801, 40.24786], [-7.6382753, 40.2478591], [-7.6385642, 40.2478981], [-7.6399356, 40.2483146], [-7.6402163, 40.2483577], [-7.6404637, 40.2483609], [-7.6412963, 40.248279], [-7.6417, 40.2483], [-7.64201, 40.2484], [-7.6423537, 40.2485822], [-7.64265, 40.24875], [-7.64276, 40.24893], [-7.64277, 40.24941], [-7.6428268, 40.2495114], [-7.6428546, 40.2495359], [-7.64295, 40.24962], [-7.6432062, 40.2498161], [-7.643358, 40.2498528], [-7.64356, 40.24984]]}, "properties": {"highway": "primary", "ref": "EN 230"}}, {"type": "Feature", "geometry": {"type": "LineString", "coordinates": [[-7.64356, 40.24984], [-7.6436211, 40.2498051]]}, "properties": {"bridge": "yes", "highway": "primary", "layer": "1", "ref": "EN 230"}}, {"type": "Feature", "geometry": {"type": "LineString", "coordinates": [[-7.6436211, 40.2498051], [-7.6437, 40.24976], [-7.6439748, 40.2494069], [-7.64499, 40.24838], [-7.6452302, 40.2481889], [-7.645825, 40.2478361], [-7.6459878, 40.2476681], [-7.6460876, 40.2474914], [-7.6460944, 40.2474493]]}, "properties": {"highway": "primary", "ref": "EN 230"}}, {"type": "Feature", "geometry": {"type": "LineString", "coordinates": [[-7.6460944, 40.2474493], [-7.6461093, 40.2473577]]}, "properties": {"bridge": "yes", "highway": "primary", "layer": "1", "ref": "EN 230"}}, {"type": "Feature", "geometry": {"type": "LineString", "coordinates": [[-7.6714591, 40.2494234], [-7.6718128, 40.2484478], [-7.6718399, 40.2482268], [-7.6717693, 40.2477619], [-7.6717751, 40.2475741], [-7.6718342, 40.2474227], [-7.672113, 40.2469651], [-7.672271, 40.2467456], [-7.6724969, 40.2465955], [-7.673176, 40.2463329], [-7.6733202, 40.2462407], [-7.673434, 40.2461292], [-7.6740917, 40.2450737], [-7.6743139, 40.2449053], [-7.6752754, 40.2442659], [-7.6754633, 40.2441187], [-7.6755983, 40.2439587], [-7.6756417, 40.2437837], [-7.675535, 40.2433537], [-7.6754815, 40.2432707], [-7.6754017, 40.243147], [-7.67509, 40.242877], [-7.67482, 40.2427404], [-7.6736433, 40.2424437], [-7.6734721, 40.2424353], [-7.6728137, 40.2424561], [-7.672605, 40.242432], [-7.6720572, 40.2422998], [-7.6717912, 40.242277], [-7.6709556, 40.24243], [-7.6707972, 40.2424302], [-7.6706387, 40.2423649], [-7.6705365, 40.2422449], [-7.6705249, 40.2421036], [-7.6706046, 40.2419637], [-7.6713965, 40.241308], [-7.6720574, 40.240986], [-7.6724317, 40.2407624], [-7.6739217, 40.2395904], [-7.6741582, 40.2394084], [-7.6743183, 40.2392337], [-7.6745667, 40.2388337], [-7.674785, 40.2386037], [-7.6755658, 40.2382056], [-7.6758117, 40.2380554], [-7.6760017, 40.237872], [-7.676052, 40.2376905], [-7.6760363, 40.2374724], [-7.6757399, 40.236863], [-7.6756774, 40.2367057], [-7.675603, 40.2361407], [-7.6755, 40.2358237], [-7.6751976, 40.2353935], [-7.6750637, 40.2352828], [-7.6748863, 40.2352102], [-7.6747469, 40.2351948], [-7.6740823, 40.2352123], [-7.6738822, 40.2351793], [-7.6737296, 40.2351191], [-7.6736343, 40.235037], [-7.6720818, 40.2330415], [-7.6719733, 40.2329454], [-7.6718645, 40.2328558], [-7.6717467, 40.232832], [-7.6714847, 40.2328489], [-7.669955, 40.233082], [-7.6696666, 40.2331639], [-7.669235, 40.2333188], [-7.6690117, 40.2333587], [-7.6683921, 40.2333962], [-7.668145, 40.2334337], [-7.6678617, 40.233527], [-7.6675715, 40.2337055], [-7.6672674, 40.2339311], [-7.6671927, 40.2340658], [-7.6671802, 40.2342479], [-7.6672759, 40.234484], [-7.6674068, 40.2346333], [-7.6676739, 40.2348361], [-7.6677638, 40.2349634], [-7.6678059, 40.2350908], [-7.667785, 40.2352689], [-7.6676049, 40.2355482], [-7.6674439, 40.2356743], [-7.6671541, 40.2358039], [-7.6669829, 40.2358905], [-7.6668403, 40.2360428], [-7.6667001, 40.2364355], [-7.6665896, 40.236533], [-7.6664219, 40.2365757], [-7.666282, 40.236554], [-7.6658802, 40.2362972], [-7.6657197, 40.2362534], [-7.6655349, 40.2362346], [-7.6653167, 40.236307], [-7.6650933, 40.236437], [-7.6647892, 40.2367775], [-7.6646283, 40.236892], [-7.664194, 40.2370807], [-7.6640367, 40.2372037], [-7.6638489, 40.2375714], [-7.6636133, 40.2378954], [-7.6634928, 40.2379577], [-7.6633424, 40.237994], [-7.6632004, 40.2379742], [-7.6620158, 40.2374985], [-7.661705, 40.2374054], [-7.6613852, 40.23735], [-7.661064, 40.2373614], [-7.6607906, 40.2374239], [-7.6605475, 40.2375453], [-7.6603617, 40.2376886], [-7.6602389, 40.2378586], [-7.6601686, 40.2380688], [-7.6601502, 40.2382674], [-7.6601995, 40.2384294], [-7.6603825, 40.238759], [-7.6603927, 40.2389044], [-7.6603173, 40.2390237], [-7.660175, 40.239092], [-7.6598215, 40.239196], [-7.65964, 40.2392854], [-7.6592929, 40.2398054], [-7.6591251, 40.2398958], [-7.6589239, 40.2399023], [-7.6587901, 40.2398487], [-7.6584601, 40.2394727], [-7.6583067, 40.239352], [-7.6581081, 40.2392639], [-7.6578712, 40.2392415], [-7.6576591, 40.2392719], [-7.6574921, 40.2393423], [-7.6569658, 40.2397997], [-7.6568067, 40.239852], [-7.6566859, 40.2398573], [-7.656565, 40.2398262], [-7.6564516, 40.2397443], [-7.656253, 40.2394782], [-7.6561069, 40.239285], [-7.6557067, 40.2389504], [-7.6553683, 40.2384907], [-7.6551874, 40.2383674], [-7.6550064, 40.2382806], [-7.6547879, 40.2382379], [-7.65412, 40.238272], [-7.6537983, 40.238237], [-7.6536083, 40.2381812], [-7.6527918, 40.2378954], [-7.6526052, 40.2378722], [-7.65242, 40.2378936], [-7.652276, 40.2379476]]}, "properties": {"highway": "primary", "ref": "EN 230"}}, {"type": "Feature", "geometry": {"type": "LineString", "coordinates": [[-7.6714479, 40.249502], [-7.6714591, 40.2494234]]}, "properties": {"bridge": "yes", "highway": "primary", "layer": "1", "ref": "EN 230"}}, {"type": "Feature", "geometry": {"type": "LineString", "coordinates": [[-7.6243836, 40.2585003], [-7.6244591, 40.2584347]]}, "properties": {"alt_name": "Avenida da Nossa Senhora da Sa\u00fade", "bridge": "yes", "highway": "primary", "layer": "1", "name": "Avenida Nossa Senhora da Sa\u00fade", "ref": "EN 230", "source:name": "C\u00e2mara Municipal da Covilh\u00e3", "source:name:date": "2025-05-07"}}, {"type": "Feature", "geometry": {"type": "LineString", "coordinates": [[-7.8908158, 40.3033105], [-7.8907661, 40.3033674], [-7.8907345, 40.3034208], [-7.8906938, 40.3035035], [-7.8906711, 40.3035655]]}, "properties": {"highway": "primary", "lane_markings": "yes", "lanes": "2", "oneway": "no", "ref": "EN 230", "surface": "asphalt"}}, {"type": "Feature", "geometry": {"type": "LineString", "coordinates": [[-7.8910798, 40.3031435], [-7.8909886, 40.3031801], [-7.8909305, 40.3032157], [-7.8908687, 40.3032585], [-7.8908158, 40.3033105]]}, "properties": {"highway": "primary", "lane_markings": "yes", "lanes": "2", "oneway": "no", "ref": "EN 230", "surface": "asphalt"}}, {"type": "Feature", "geometry": {"type": "LineString", "coordinates": [[-7.8906711, 40.3035655], [-7.8906102, 40.3037623], [-7.8905625, 40.3038992], [-7.8904721, 40.3040181], [-7.8899533, 40.3045786], [-7.8898353, 40.3047866], [-7.8897223, 40.3050688], [-7.8896608, 40.3052328], [-7.889674, 40.3054059], [-7.8896883, 40.3055253], [-7.8896778, 40.3056425], [-7.8896475, 40.3057352], [-7.8895514, 40.3058521], [-7.8894284, 40.3059439], [-7.8892217, 40.3060676], [-7.889048, 40.3061777], [-7.8888909, 40.3062806], [-7.8887757, 40.3062998], [-7.8886542, 40.3063013], [-7.8883642, 40.3062842], [-7.8880987, 40.3062877], [-7.8878882, 40.3063184], [-7.887711, 40.3063592], [-7.8875413, 40.3064354], [-7.8874285, 40.3065226], [-7.8873342, 40.3066163], [-7.8872618, 40.3067384], [-7.8872119, 40.3068782], [-7.8871656, 40.3069575], [-7.8870907, 40.307023], [-7.8869732, 40.3070979], [-7.8867347, 40.3071787], [-7.8861064, 40.307354], [-7.8858711, 40.3074337], [-7.885763, 40.3074959], [-7.8856705, 40.3075561], [-7.8856208, 40.3076305], [-7.8856031, 40.3077271], [-7.8855862, 40.3078255], [-7.8855752, 40.3079082], [-7.8855348, 40.3079826], [-7.8854522, 40.3080472], [-7.8853445, 40.3080861], [-7.8852119, 40.3080986], [-7.8850838, 40.3080835], [-7.8848919, 40.3080512], [-7.8847424, 40.3080338], [-7.8845825, 40.3080341], [-7.8844462, 40.3080441], [-7.8843001, 40.3080619], [-7.8841686, 40.3080584], [-7.8840677, 40.3080341], [-7.8839809, 40.3080041], [-7.8839148, 40.3079639], [-7.8838388, 40.3079064], [-7.883734, 40.3078494], [-7.8836292, 40.3078075], [-7.8835239, 40.3077721], [-7.8833991, 40.3077276], [-7.8832055, 40.307694], [-7.8830434, 40.3076689], [-7.882815, 40.3076369], [-7.8825895, 40.307624], [-7.882351, 40.3076325], [-7.8821467, 40.3076534], [-7.8817278, 40.30772], [-7.881566, 40.3077312], [-7.8814538, 40.3077274], [-7.8813528, 40.3077129], [-7.8812488, 40.3076897], [-7.8811323, 40.3076476], [-7.8809183, 40.3075524], [-7.8807648, 40.3074983], [-7.8806009, 40.3074644], [-7.8804585, 40.3074544], [-7.8803328, 40.3074626], [-7.8802191, 40.3074827], [-7.8801138, 40.3074965], [-7.8800305, 40.3074985], [-7.8799459, 40.3074919], [-7.8798519, 40.3074729], [-7.8797723, 40.3074379], [-7.8796906, 40.3073883], [-7.8796312, 40.3073204], [-7.8795725, 40.3072436], [-7.8794829, 40.3071163], [-7.8793694, 40.3070216], [-7.8792423, 40.3069318], [-7.878769, 40.3065913]]}, "properties": {"highway": "primary", "oneway": "no", "ref": "EN 230"}}, {"type": "Feature", "geometry": {"type": "LineString", "coordinates": [[-7.8595498, 40.3064877], [-7.8594389, 40.3065123], [-7.859337, 40.3065117], [-7.8592416, 40.3064874], [-7.8589809, 40.3063701], [-7.8588498, 40.3063099], [-7.8587186, 40.3062887], [-7.8586186, 40.3063011], [-7.8585186, 40.3063457], [-7.8583996, 40.3064113], [-7.8582745, 40.3064562], [-7.8581086, 40.3064863], [-7.8573933, 40.3065933], [-7.8572681, 40.3065895], [-7.857185, 40.3065582], [-7.857097, 40.3065047], [-7.8568454, 40.3063324], [-7.8567533, 40.3062886], [-7.8565919, 40.3062429], [-7.8562018, 40.3061904], [-7.8560655, 40.3061547], [-7.8559803, 40.3061006], [-7.8559182, 40.3060383], [-7.8554083, 40.30552], [-7.8553396, 40.3054508], [-7.8552408, 40.3053816], [-7.8551033, 40.3052983], [-7.8549979, 40.3052613], [-7.8548805, 40.3052242], [-7.8546578, 40.305196], [-7.854459, 40.3051994], [-7.8543132, 40.3052146], [-7.8541825, 40.3052275], [-7.8540381, 40.3052581], [-7.8539178, 40.3053048], [-7.8538005, 40.3053775], [-7.8537321, 40.3054357], [-7.8536607, 40.3055237], [-7.8536082, 40.3056264], [-7.8533667, 40.3063345], [-7.8533166, 40.3064545], [-7.8532275, 40.3065676], [-7.8531206, 40.3066597], [-7.8529591, 40.3067978], [-7.8526862, 40.3070185], [-7.8525256, 40.3070881], [-7.8523559, 40.3071436], [-7.8521384, 40.3072007], [-7.851957, 40.307228], [-7.8517626, 40.3072366], [-7.8516241, 40.3072473], [-7.8514735, 40.3072671], [-7.8513709, 40.3073022], [-7.8512832, 40.3073494], [-7.8512037, 40.3074221], [-7.8511061, 40.3075202], [-7.8510072, 40.3075877], [-7.8509118, 40.3076218], [-7.8508194, 40.3076375], [-7.850727, 40.3076257], [-7.8506226, 40.3076004], [-7.8503781, 40.3075363], [-7.8502359, 40.3075089], [-7.8501631, 40.3075095], [-7.8500573, 40.307525], [-7.8499683, 40.3075625], [-7.849795, 40.3077027], [-7.8497373, 40.3077347], [-7.8496747, 40.3077556], [-7.8496152, 40.3077637], [-7.8495341, 40.3077651], [-7.8494824, 40.3077532], [-7.8494141, 40.3077315], [-7.8493348, 40.3076948], [-7.8492545, 40.3076328], [-7.8490402, 40.3074363], [-7.8489514, 40.3073779], [-7.8488458, 40.3073418], [-7.8487643, 40.3073278], [-7.8486711, 40.3073236], [-7.847885, 40.3073433], [-7.8477977, 40.3073307], [-7.84772, 40.307307], [-7.847642, 40.3072671], [-7.8475486, 40.307224], [-7.8473095, 40.3070856], [-7.8470486, 40.3069399], [-7.8468456, 40.3068], [-7.8467801, 40.3067283], [-7.8466879, 40.3066087], [-7.8466024, 40.3064763], [-7.8461707, 40.3057571], [-7.8461457, 40.3056857], [-7.8460606, 40.305145], [-7.846029, 40.3049592], [-7.8459917, 40.3048333], [-7.8453168, 40.303453], [-7.8452405, 40.3033198], [-7.845172, 40.3032362], [-7.8450973, 40.3031759], [-7.8450322, 40.3031337], [-7.8449102, 40.3030953], [-7.8447545, 40.3030747], [-7.8445848, 40.3030785], [-7.8443527, 40.3030962], [-7.8438833, 40.3031118], [-7.8437726, 40.3031334], [-7.8436437, 40.3031768], [-7.8435574, 40.3032201], [-7.8434627, 40.3032828], [-7.842442, 40.303764], [-7.8423214, 40.303833], [-7.8422404, 40.3038876], [-7.8421829, 40.3039478], [-7.8420948, 40.3040693], [-7.8420424, 40.3041396], [-7.8420078, 40.30417], [-7.8419691, 40.3041972], [-7.8418814, 40.3042395], [-7.8416437, 40.3043311], [-7.8415475, 40.3043903], [-7.8413054, 40.3045441], [-7.8412175, 40.3045835], [-7.8411337, 40.3046118], [-7.8408886, 40.3046864], [-7.8408124, 40.3047069], [-7.840674, 40.3047302], [-7.8404423, 40.3047648], [-7.8403148, 40.304801], [-7.8401933, 40.3048511], [-7.8394452, 40.3052514], [-7.8393692, 40.3052833], [-7.8393047, 40.3053033], [-7.8392194, 40.305317], [-7.8386527, 40.3053259], [-7.8384528, 40.3053379], [-7.8379199, 40.3053925], [-7.8378361, 40.3054001], [-7.8371125, 40.3054647], [-7.8370101, 40.3054746], [-7.8368407, 40.305491], [-7.8367233, 40.3055017], [-7.8364979, 40.305522], [-7.8362808, 40.3055327], [-7.8361008, 40.3055224], [-7.8359343, 40.3055069], [-7.8355921, 40.3054292], [-7.835474, 40.3053951], [-7.8353808, 40.3053609], [-7.8352827, 40.3053145], [-7.8351523, 40.3052453], [-7.8349436, 40.3051271]]}, "properties": {"highway": "primary", "ref": "EN 230"}}, {"type": "Feature", "geometry": {"type": "LineString", "coordinates": [[-7.8349436, 40.3051271], [-7.8347515, 40.3050205]]}, "properties": {"bridge": "yes", "highway": "primary", "lanes": "2", "layer": "1", "ref": "EN 230", "surface": "asphalt"}}, {"type": "Feature", "geometry": {"type": "LineString", "coordinates": [[-7.8347515, 40.3050205], [-7.8347129, 40.3049963], [-7.8346426, 40.3049491], [-7.8345591, 40.304851], [-7.8342001, 40.3043179], [-7.8341642, 40.3042153], [-7.8341591, 40.3041479], [-7.8341936, 40.3040714], [-7.8342579, 40.3039992], [-7.8344141, 40.3038215], [-7.8345066, 40.3036783], [-7.8345639, 40.3035438], [-7.8345767, 40.3034167], [-7.8345485, 40.3032229], [-7.8345473, 40.3032141], [-7.834505, 40.30308], [-7.8344535, 40.3030016], [-7.8343779, 40.3029343], [-7.8343183, 40.3028916], [-7.8342331, 40.3028468], [-7.8341417, 40.302827], [-7.8340214, 40.3028091], [-7.8338967, 40.30281], [-7.8337513, 40.3028229], [-7.8336304, 40.3028514], [-7.8331885, 40.3029687], [-7.8330411, 40.3030014], [-7.832885, 40.3030257], [-7.8327077, 40.3030271], [-7.8325979, 40.3030212], [-7.8323033, 40.302974], [-7.8318315, 40.3028871], [-7.8316121, 40.3028688], [-7.8315016, 40.3028793], [-7.8313662, 40.302901], [-7.8312139, 40.3029448], [-7.8310976, 40.3030103], [-7.8310372, 40.3030594], [-7.8308898, 40.3032191], [-7.8308173, 40.3032714], [-7.8307192, 40.3032987], [-7.830609, 40.3033076], [-7.8305239, 40.303296], [-7.8304409, 40.3032659], [-7.8303772, 40.3032157], [-7.8303191, 40.3031223], [-7.8303093, 40.3030417], [-7.830338, 40.3029617], [-7.8304169, 40.3028174], [-7.8304476, 40.3027174], [-7.8304372, 40.3026472], [-7.8304076, 40.3025696], [-7.8303511, 40.302501], [-7.8302512, 40.3024527], [-7.8302105, 40.3024417], [-7.8301207, 40.3024165], [-7.8300022, 40.3024233], [-7.8299026, 40.3024543], [-7.8298214, 40.3024846], [-7.8297402, 40.3025443], [-7.8296373, 40.3026277], [-7.8293026, 40.3028475], [-7.8291627, 40.3029401], [-7.829083, 40.3029974], [-7.8290082, 40.3030658], [-7.82883, 40.303368], [-7.8287219, 40.3034868], [-7.8286283, 40.3035687], [-7.8285087, 40.3036515], [-7.8281251, 40.3039053], [-7.8279803, 40.3039769], [-7.8277824, 40.3040485], [-7.8275865, 40.3040984], [-7.8267459, 40.3043042], [-7.8265996, 40.3043323], [-7.8264831, 40.304339], [-7.8263762, 40.304342], [-7.8254878, 40.3043155], [-7.8254689, 40.3043149], [-7.82384, 40.3042433], [-7.8236706, 40.3042474], [-7.8235377, 40.3042816], [-7.8231682, 40.3044078], [-7.8230376, 40.3044319], [-7.822945, 40.3044217], [-7.8228594, 40.3044072], [-7.8227738, 40.3043743], [-7.8226943, 40.3043158], [-7.8226402, 40.3042483], [-7.8226247, 40.3041845], [-7.8226134, 40.3040872], [-7.8226193, 40.303969], [-7.8228257, 40.3026556], [-7.82281, 40.3025671], [-7.8227888, 40.3025225], [-7.8227573, 40.3024772], [-7.8226948, 40.3024275], [-7.8226286, 40.3023847], [-7.822565, 40.3023633], [-7.8225264, 40.3023645], [-7.8224831, 40.3023658], [-7.822394, 40.3023792], [-7.8223345, 40.3024007], [-7.8222732, 40.3024326], [-7.8222116, 40.3024717], [-7.8220561, 40.3026025], [-7.8219241, 40.3027027], [-7.8218299, 40.3027466], [-7.8217549, 40.3027745], [-7.82168, 40.3027942], [-7.8216057, 40.3028076], [-7.8214855, 40.3028211], [-7.8212261, 40.3028381], [-7.8210729, 40.3028481], [-7.8209087, 40.3028532], [-7.8205136, 40.302845], [-7.8198551, 40.3028052], [-7.8197686, 40.3027941], [-7.8196641, 40.3027748], [-7.8195831, 40.3027556], [-7.8194985, 40.3027226], [-7.819243, 40.3025995], [-7.8191707, 40.3025891], [-7.8190984, 40.3025951], [-7.8190222, 40.3026127], [-7.8189922, 40.3026237], [-7.818938, 40.3026436], [-7.8188827, 40.3026744], [-7.8187971, 40.302732], [-7.8186736, 40.3028218], [-7.8185501, 40.3029281], [-7.8184914, 40.302994], [-7.8184291, 40.3030872], [-7.8183593, 40.3032286], [-7.8183075, 40.3033407], [-7.8182628, 40.3034172], [-7.8181994, 40.3034672], [-7.8181264, 40.3035018], [-7.8180467, 40.3035246], [-7.8179669, 40.3035364], [-7.8178842, 40.3035405], [-7.817827, 40.3035401], [-7.817775, 40.3035365], [-7.8177255, 40.3035299], [-7.8176819, 40.3035201], [-7.8176477, 40.3035098], [-7.8176169, 40.3034976], [-7.8175878, 40.3034851], [-7.8175655, 40.3034732], [-7.8175389, 40.3034566], [-7.8175082, 40.3034296]]}, "properties": {"highway": "primary", "ref": "EN 230", "surface": "asphalt"}}, {"type": "Feature", "geometry": {"type": "LineString", "coordinates": [[-7.8175082, 40.3034296], [-7.8174878, 40.3034066], [-7.8174695, 40.3033776], [-7.8174563, 40.3033461], [-7.8174495, 40.3033181], [-7.8174456, 40.3032815], [-7.8174453, 40.3032479]]}, "properties": {"bridge": "yes", "highway": "primary", "layer": "1", "ref": "EN 230"}}, {"type": "Feature", "geometry": {"type": "LineString", "coordinates": [[-7.5153523, 40.2537542], [-7.5153078, 40.2536887], [-7.51524, 40.25364], [-7.51515, 40.2536], [-7.51405, 40.25352], [-7.51387, 40.25347], [-7.51373, 40.25336], [-7.51368, 40.25323], [-7.513686, 40.2528281], [-7.5136985, 40.2519872]]}, "properties": {"alt_name": "Estrada do Ribeiro Negro", "highway": "primary", "name": "Estrada Nacional 230", "ref": "EN 230", "source:name": "C\u00e2mara Municipal da Covilh\u00e3", "source:name:date": "2025-05-04"}}, {"type": "Feature", "geometry": {"type": "LineString", "coordinates": [[-7.5108169, 40.2656079], [-7.5107939, 40.2655926], [-7.5104555, 40.2653867], [-7.5103411, 40.2652568], [-7.5102655, 40.2651005], [-7.5102449, 40.264967]]}, "properties": {"alt_name": "Estrada da Ribeira da \u00c1gua Alta", "highway": "primary", "name": "Estrada Nacional 230", "ref": "EN 230", "source:name": "C\u00e2mara Municipal da Covilh\u00e3", "source:name:date": "2025-05-04"}}, {"type": "Feature", "geometry": {"type": "LineString", "coordinates": [[-7.505083, 40.2752735], [-7.5050811, 40.2753125], [-7.5050681, 40.2753502], [-7.505018, 40.2754195], [-7.5049867, 40.2754798]]}, "properties": {"alt_name": "Estrada da Palmat\u00f3ria", "highway": "primary", "name": "Estrada Nacional 230", "oneway": "yes", "ref": "EN 230", "source:name": "C\u00e2mara Municipal da Covilh\u00e3", "source:name:date": "2025-05-04"}}, {"type": "Feature", "geometry": {"type": "LineString", "coordinates": [[-7.5050648, 40.2751742], [-7.504982, 40.275125], [-7.504869, 40.2750648], [-7.5047364, 40.2750011], [-7.5046035, 40.2749297], [-7.504267, 40.2747146], [-7.5039946, 40.2745409], [-7.5037355, 40.2743717], [-7.5036491, 40.2743023], [-7.503596, 40.274243], [-7.5035634, 40.2741637], [-7.5035582, 40.2740871], [-7.5035859, 40.273996], [-7.5037016, 40.2738469], [-7.5039426, 40.2736004], [-7.5042171, 40.2733227], [-7.5043386, 40.2732235], [-7.5045242, 40.2730986], [-7.5046675, 40.2730044], [-7.504883, 40.2728793], [-7.5051002, 40.2727348]]}, "properties": {"alt_name": "Estrada da Palmat\u00f3ria", "highway": "primary", "name": "Estrada Nacional 230", "oneway": "no", "ref": "EN 230", "source:name": "C\u00e2mara Municipal da Covilh\u00e3", "source:name:date": "2025-05-04"}}, {"type": "Feature", "geometry": {"type": "LineString", "coordinates": [[-7.5049867, 40.2754798], [-7.5050489, 40.2754566], [-7.5051252, 40.2754181], [-7.5051519, 40.2753917], [-7.5051687, 40.2753572], [-7.5051682, 40.2753065], [-7.505154, 40.275261], [-7.5051291, 40.2752219], [-7.5050648, 40.2751742]]}, "properties": {"alt_name": "Estrada da Palmat\u00f3ria", "highway": "primary", "name": "Estrada Nacional 230", "oneway": "yes", "ref": "EN 230", "source:name": "C\u00e2mara Municipal da Covilh\u00e3", "source:name:date": "2025-05-04"}}, {"type": "Feature", "geometry": {"type": "LineString", "coordinates": [[-7.5099412, 40.267375], [-7.5100367, 40.2668279], [-7.5101182, 40.2666693], [-7.5102329, 40.2665479], [-7.5108373, 40.2662036], [-7.5109788, 40.2660943], [-7.51106, 40.26593], [-7.5110334, 40.2658413], [-7.511, 40.26573], [-7.5108976, 40.2656618]]}, "properties": {"alt_name": "Estrada da Ribeira da \u00c1gua Alta", "highway": "primary", "name": "Estrada Nacional 230", "oneway": "no", "ref": "EN 230", "source:name": "C\u00e2mara Municipal da Covilh\u00e3", "source:name:date": "2025-05-04"}}, {"type": "Feature", "geometry": {"type": "LineString", "coordinates": [[-7.5080568, 40.2699363], [-7.5081088, 40.2698884], [-7.5081477, 40.2698165], [-7.5081653, 40.2697019], [-7.50824, 40.26903], [-7.50832, 40.26881], [-7.50849, 40.2686], [-7.5087, 40.26845], [-7.50958, 40.26801], [-7.50972, 40.26789], [-7.50989, 40.26761], [-7.5099412, 40.267375]]}, "properties": {"alt_name": "Estrada do Sete Capotes", "highway": "primary", "name": "Estrada Nacional 230", "oneway": "no", "ref": "EN 230", "source:name": "C\u00e2mara Municipal da Covilh\u00e3", "source:name:date": "2025-05-04"}}, {"type": "Feature", "geometry": {"type": "LineString", "coordinates": [[-7.8777686, 40.3061526], [-7.8778959, 40.3061584], [-7.8780124, 40.3061769], [-7.8781048, 40.3062004], [-7.8782956, 40.3062823]]}, "properties": {"highway": "primary", "oneway": "yes", "ref": "EN 230"}}, {"type": "Feature", "geometry": {"type": "LineString", "coordinates": [[-7.8774996, 40.3062369], [-7.8775899, 40.3061926], [-7.8776505, 40.3061713], [-7.8777095, 40.306156], [-7.8777686, 40.3061526]]}, "properties": {"highway": "primary", "lanes": "2", "oneway": "yes", "ref": "EN 230", "surface": "asphalt", "turn:lanes": "left|through;right"}}, {"type": "Feature", "geometry": {"type": "LineString", "coordinates": [[-7.5050648, 40.2751742], [-7.5050804, 40.2752376], [-7.505083, 40.2752735]]}, "properties": {"alt_name": "Estrada da Palmat\u00f3ria", "highway": "primary", "name": "Estrada Nacional 230", "oneway": "yes", "ref": "EN 230", "source:name": "C\u00e2mara Municipal da Covilh\u00e3", "source:name:date": "2025-05-04"}}, {"type": "Feature", "geometry": {"type": "LineString", "coordinates": [[-7.51589, 40.24861], [-7.51597, 40.24848], [-7.51598, 40.24827], [-7.51582, 40.2478], [-7.51571, 40.24689], [-7.51575, 40.24678], [-7.51594, 40.2466], [-7.51658, 40.24625], [-7.51677, 40.24605], [-7.51678, 40.2458], [-7.51658, 40.2454], [-7.51688, 40.24488], [-7.51708, 40.24474], [-7.5172581, 40.2446481]]}, "properties": {"alt_name": "Estrada do Espertim", "highway": "primary", "name": "Estrada Nacional 230", "ref": "EN 230", "source:name": "C\u00e2mara Municipal da Covilh\u00e3", "source:name:date": "2025-05-04", "surface": "asphalt"}}, {"type": "Feature", "geometry": {"type": "LineString", "coordinates": [[-7.5136998, 40.2519056], [-7.5137, 40.25189], [-7.51366, 40.25175], [-7.51356, 40.25161]]}, "properties": {"alt_name": "Estrada do Ribeiro Negro", "highway": "primary", "name": "Estrada Nacional 230", "ref": "EN 230", "source:name": "C\u00e2mara Municipal da Covilh\u00e3", "source:name:date": "2025-05-04", "surface": "asphalt"}}, {"type": "Feature", "geometry": {"type": "LineString", "coordinates": [[-7.624294, 40.2585783], [-7.6243836, 40.2585003]]}, "properties": {"alt_name": "Avenida da Nossa Senhora da Sa\u00fade", "highway": "primary", "name": "Avenida Nossa Senhora da Sa\u00fade", "ref": "EN 230", "source:name": "C\u00e2mara Municipal da Covilh\u00e3", "source:name:date": "2025-05-07"}}, {"type": "Feature", "geometry": {"type": "LineString", "coordinates": [[-7.6229378, 40.2592847], [-7.6230548, 40.2593249], [-7.6230897, 40.2593394], [-7.6231629, 40.259346]]}, "properties": {"highway": "primary", "name": "Avenida das Termas", "ref": "EN 230", "source:name": "C\u00e2mara Municipal da Covilh\u00e3", "source:name:date": "2025-05-07"}}, {"type": "Feature", "geometry": {"type": "LineString", "coordinates": [[-7.6224621, 40.2590217], [-7.6224882, 40.2590371]]}, "properties": {"highway": "primary", "lanes": "2", "name": "Avenida das Termas", "ref": "EN 230", "source:name": "C\u00e2mara Municipal da Covilh\u00e3", "source:name:date": "2025-05-07", "surface": "asphalt"}}, {"type": "Feature", "geometry": {"type": "LineString", "coordinates": [[-7.62016, 40.24985], [-7.6203756, 40.2503526], [-7.6205017, 40.2506464]]}, "properties": {"alt_name": "Avenida de Primeiro de Maio;Avenida de 1\u00ba de Maio", "highway": "primary", "name": "Avenida Primeiro de Maio", "ref": "EN 230", "source:name": "C\u00e2mara Municipal da Covilh\u00e3", "source:name:date": "2025-05-07"}}, {"type": "Feature", "geometry": {"type": "LineString", "coordinates": [[-7.5275238, 40.2356874], [-7.5280142, 40.2350831], [-7.5281534, 40.2349115], [-7.5282209, 40.2348259], [-7.5287564, 40.2342805], [-7.5291621, 40.2338177], [-7.52927, 40.2335832], [-7.5293182, 40.2334186], [-7.5293147, 40.2332645], [-7.5292564, 40.2331415], [-7.5291276, 40.2330298], [-7.528978, 40.2329348], [-7.528808, 40.2328268], [-7.5285737, 40.2326214], [-7.5284857, 40.2324942], [-7.528415, 40.2323617], [-7.5284138, 40.2321916], [-7.5284676, 40.2320557], [-7.528592, 40.2319119], [-7.5288043, 40.2318144], [-7.5294825, 40.2316118], [-7.5295383, 40.2315965], [-7.5295837, 40.231583], [-7.5296669, 40.2315583], [-7.5302192, 40.2314198], [-7.5304457, 40.2313977], [-7.5306209, 40.2314117], [-7.5307781, 40.231469], [-7.5308591, 40.23154], [-7.5309528, 40.2316575], [-7.5310697, 40.2318695], [-7.531199, 40.2321498], [-7.5313572, 40.2324036], [-7.5315037, 40.2325566], [-7.5316667, 40.2327033], [-7.5317514, 40.2327601], [-7.5320141, 40.2329365], [-7.5323224, 40.2330872], [-7.5328187, 40.2331999], [-7.533585, 40.2332597], [-7.5337443, 40.2332551], [-7.5339116, 40.2332503], [-7.5357383, 40.2331979], [-7.5365175, 40.2331755], [-7.5371017, 40.2332417], [-7.5375825, 40.2333632], [-7.5376028, 40.2333732], [-7.5377128, 40.2334273], [-7.537949, 40.2335613], [-7.538796, 40.2340771], [-7.5394817, 40.2344947], [-7.5408233, 40.2353117], [-7.5413125, 40.2355581], [-7.5418492, 40.2357197], [-7.5431075, 40.2358377], [-7.5435083, 40.2358815], [-7.5457066, 40.2361367], [-7.545845, 40.2361517], [-7.5460537, 40.2361716], [-7.5464743, 40.2362122], [-7.5472345, 40.2362852], [-7.5475218, 40.2362921], [-7.5478764, 40.2362206], [-7.5479656, 40.2362026], [-7.5481812, 40.2361012], [-7.5483967, 40.2359709], [-7.5485412, 40.2358317], [-7.5486858, 40.2356454], [-7.5487567, 40.2354187], [-7.5487686, 40.2352573], [-7.5487719, 40.2352123], [-7.5486847, 40.2340655], [-7.5486674, 40.2338385], [-7.5487138, 40.2335488]]}, "properties": {"highway": "primary", "lanes": "1", "name": "Avenida Viriato", "oneway": "no", "ref": "EN 230", "surface": "asphalt"}}, {"type": "Feature", "geometry": {"type": "LineString", "coordinates": [[-7.7856283, 40.2994596], [-7.7855909, 40.2993326], [-7.78534, 40.2987998], [-7.7852917, 40.2987099], [-7.7852615, 40.2986644]]}, "properties": {"highway": "primary", "ref": "EN 230", "sidewalk": "right", "surface": "asphalt"}}, {"type": "Feature", "geometry": {"type": "LineString", "coordinates": [[-7.8370101, 40.3054746], [-7.8370001, 40.3054103]]}, "properties": {"highway": "primary", "ref": "EN 230"}}, {"type": "Feature", "geometry": {"type": "MultiPolygon", "coordinates": [[[[-7.5272889, 40.2359793], [-7.5272838, 40.2359486], [-7.5272665, 40.2359205], [-7.5272387, 40.2358979], [-7.5272069, 40.2358841], [-7.5271713, 40.2358776], [-7.5271347, 40.2358789], [-7.5270947, 40.2358902], [-7.5270617, 40.2359108], [-7.5270392, 40.2359384], [-7.5270308, 40.2359616], [-7.5270299, 40.2359856], [-7.5270367, 40.236009], [-7.527055, 40.2360354], [-7.5270828, 40.2360564], [-7.5271176, 40.2360701], [-7.5271401, 40.2360742], [-7.5271753, 40.2360745], [-7.5272093, 40.2360676], [-7.5272397, 40.2360539], [-7.5272654, 40.2360331], [-7.5272823, 40.2360075], [-7.5272889, 40.2359793]]]]}, "properties": {"highway": "primary", "junction": "roundabout", "ref": "EN 230"}}]}