{"type": "FeatureCollection", "features": [{"type": "Feature", "geometry": {"type": "LineString", "coordinates": [[-8.5964182, 40.3427832], [-8.5963557, 40.3429216], [-8.5962719, 40.3430954], [-8.596252, 40.3431321], [-8.5962239, 40.3431735], [-8.5961846, 40.3432158], [-8.5961377, 40.3432577], [-8.595819, 40.3434806], [-8.5954563, 40.3437333], [-8.5952579, 40.343869], [-8.5952076, 40.3439017], [-8.5951478, 40.3439406], [-8.5950684, 40.3440039], [-8.5950123, 40.344059], [-8.5949656, 40.3441179], [-8.5949139, 40.3442544], [-8.5948982, 40.344299], [-8.5948106, 40.3444815], [-8.5947644, 40.3445989], [-8.5947011, 40.3447599], [-8.5946687, 40.3448421], [-8.5946432, 40.344907], [-8.5946226, 40.3449671], [-8.5945829, 40.3451426], [-8.5945692, 40.3452884], [-8.5945624, 40.345456], [-8.5945429, 40.3459345], [-8.5945369, 40.3461523]]}, "properties": {"highway": "primary", "name": "Rua Doutor Jos\u00e9 de Almeida", "name:etymology": "Ant\u00f3nio Jos\u00e9 de Almeida", "name:etymology:wikidata": "Q551542", "oneway": "no", "ref": "EN 335", "width": "8"}}, {"type": "Feature", "geometry": {"type": "LineString", "coordinates": [[-8.5975678, 40.3410821], [-8.5976745, 40.3410428], [-8.5979645, 40.3409361], [-8.5982437, 40.340834], [-8.5987748, 40.3406379], [-8.5988231, 40.3406205], [-8.598986, 40.3405615], [-8.5991712, 40.3404949], [-8.5992509, 40.3404663], [-8.5993026, 40.3404477], [-8.5993144, 40.3404435], [-8.5993592, 40.3404274], [-8.599438, 40.3403991], [-8.5997413, 40.3402901], [-8.6002646, 40.3401019], [-8.6009098, 40.3398747], [-8.6010933, 40.3398101], [-8.6011444, 40.3397921], [-8.6012476, 40.3397557], [-8.6016122, 40.339622], [-8.6016945, 40.3395918], [-8.601791, 40.3395564], [-8.602015, 40.3394742], [-8.6022253, 40.3393971], [-8.6026329, 40.3392474], [-8.6029134, 40.3391443], [-8.603469, 40.3389348], [-8.6037929, 40.3387898], [-8.6040253, 40.3386737]]}, "properties": {"highway": "primary", "lanes": "2", "oneway": "no", "ref": "EN 335", "surface": "asphalt"}}, {"type": "Feature", "geometry": {"type": "LineString", "coordinates": [[-8.6017839, 40.3670896], [-8.6017692, 40.367113], [-8.6017175, 40.3671912], [-8.6016658, 40.3672694], [-8.6016066, 40.3673589], [-8.6015413, 40.3674577], [-8.6014755, 40.3675572], [-8.6014009, 40.3676701], [-8.6001488, 40.3695638], [-8.6001023, 40.3696317], [-8.5988997, 40.371387], [-8.5984488, 40.3719044], [-8.5978692, 40.3723992], [-8.5972563, 40.3728093], [-8.5961979, 40.373391], [-8.5950327, 40.3740236], [-8.5931708, 40.3750343], [-8.5931073, 40.3750688], [-8.5906906, 40.3763807]]}, "properties": {"highway": "primary", "lanes": "2", "oneway": "no", "ref": "EN 335", "surface": "asphalt"}}, {"type": "Feature", "geometry": {"type": "LineString", "coordinates": [[-8.5862796, 40.4206867], [-8.5862229, 40.4211876], [-8.5860931, 40.4220962], [-8.5860862, 40.4221817], [-8.5860497, 40.4224594], [-8.5859374, 40.4235701]]}, "properties": {"highway": "primary", "lanes": "2", "maxspeed": "50", "oneway": "no", "ref": "EN 335", "surface": "asphalt"}}, {"type": "Feature", "geometry": {"type": "LineString", "coordinates": [[-8.6361935, 40.2628592], [-8.636244, 40.2630142], [-8.6366142, 40.2639767], [-8.6368854, 40.2645298], [-8.6369219, 40.2645936], [-8.63726, 40.2651842], [-8.637871, 40.2660224], [-8.6380136, 40.2661962], [-8.6385306, 40.266801], [-8.6385812, 40.2668551], [-8.638778, 40.267065], [-8.6398278, 40.2683168], [-8.641174, 40.2698308], [-8.6421917, 40.2710226], [-8.6427919, 40.2718605], [-8.6429431, 40.272161], [-8.643257, 40.2727848], [-8.6435532, 40.2738084], [-8.643664, 40.2747165], [-8.6436478, 40.2763377], [-8.643548, 40.2784939]]}, "properties": {"highway": "primary", "lanes": "2", "oneway": "no", "ref": "EN 335", "surface": "asphalt"}}, {"type": "Feature", "geometry": {"type": "LineString", "coordinates": [[-8.635328, 40.2607706], [-8.6353799, 40.2607891], [-8.6354093, 40.2607957], [-8.635487, 40.2608016], [-8.635564, 40.2607917], [-8.6356348, 40.2607665], [-8.6356943, 40.260728], [-8.6357356, 40.2606829], [-8.6357612, 40.2606314], [-8.6357695, 40.2605768], [-8.6357554, 40.2605099], [-8.6357155, 40.2604493], [-8.6356538, 40.2604007], [-8.6355757, 40.2603684], [-8.6354913, 40.2603556], [-8.6354056, 40.2603621], [-8.6353262, 40.2603873], [-8.6352598, 40.2604291], [-8.6352257, 40.2604644], [-8.6352013, 40.2605041], [-8.6351849, 40.2605685], [-8.6351936, 40.2606337], [-8.6352269, 40.2606942], [-8.6352817, 40.2607447], [-8.635328, 40.2607706]]}, "properties": {"highway": "primary", "junction": "roundabout", "lanes": "1", "ref": "EN 335", "surface": "asphalt"}}, {"type": "Feature", "geometry": {"type": "LineString", "coordinates": [[-8.6027197, 40.3633355], [-8.6027395, 40.3633665], [-8.6027668, 40.363394], [-8.6028006, 40.3634169], [-8.6028397, 40.3634343], [-8.6028825, 40.3634456], [-8.6029274, 40.3634503], [-8.6029727, 40.3634482], [-8.6030165, 40.3634394], [-8.6030571, 40.3634244], [-8.6030931, 40.3634035], [-8.603123, 40.3633777], [-8.6031458, 40.363348], [-8.6031605, 40.3633154], [-8.6031666, 40.3632813], [-8.6031639, 40.3632469], [-8.6031524, 40.3632136], [-8.6031326, 40.3631826], [-8.6031053, 40.3631552], [-8.6030715, 40.3631324], [-8.6030324, 40.363115], [-8.6029898, 40.3631038], [-8.602945, 40.3630991], [-8.6029, 40.3631011], [-8.6028563, 40.3631098], [-8.6028157, 40.3631249], [-8.6027797, 40.3631456], [-8.6027496, 40.3631713], [-8.6027268, 40.363201], [-8.6027119, 40.3632336], [-8.6027057, 40.3632677], [-8.6027083, 40.3633021], [-8.6027197, 40.3633355]]}, "properties": {"highway": "primary", "junction": "roundabout", "lanes": "2", "maxspeed": "50", "ref": "EN 335", "source": "bing", "surface": "asphalt"}}, {"type": "Feature", "geometry": {"type": "LineString", "coordinates": [[-8.6029279, 40.3636179], [-8.6028599, 40.3649783], [-8.6028484, 40.3651054], [-8.602828, 40.3652277], [-8.6028038, 40.3653302], [-8.6027719, 40.3654282], [-8.6027394, 40.3655152], [-8.6027095, 40.3655958], [-8.6026718, 40.3656677], [-8.6026469, 40.3657219], [-8.6026348, 40.3657481]]}, "properties": {"highway": "primary", "lanes": "2", "maxspeed": "90", "oneway": "no", "ref": "EN 335", "surface": "asphalt"}}, {"type": "Feature", "geometry": {"type": "LineString", "coordinates": [[-8.6020445, 40.3665221], [-8.6021177, 40.3665604], [-8.6022023, 40.3665808], [-8.602291, 40.3665817], [-8.602349, 40.3665712], [-8.6024031, 40.3665523], [-8.6024724, 40.36651], [-8.6025226, 40.3664542], [-8.6025494, 40.3663897], [-8.6025504, 40.366322], [-8.6025367, 40.3662781], [-8.602512, 40.3662371], [-8.6024565, 40.3661843], [-8.6023833, 40.366146], [-8.6022987, 40.3661256], [-8.6022099, 40.3661247], [-8.6021523, 40.3661351], [-8.6020984, 40.3661539], [-8.6020291, 40.3661961], [-8.6019788, 40.3662518], [-8.6019518, 40.3663162], [-8.6019506, 40.3663838], [-8.6019643, 40.366428], [-8.6019891, 40.3664693], [-8.6020445, 40.3665221]]}, "properties": {"highway": "primary", "junction": "roundabout", "lanes": "2", "ref": "EN 234;EN 335", "source": "bing", "surface": "asphalt"}}, {"type": "Feature", "geometry": {"type": "LineString", "coordinates": [[-8.6062313, 40.3583728], [-8.6062819, 40.358414], [-8.6063477, 40.3584402], [-8.6064211, 40.3584483], [-8.6064837, 40.3584401], [-8.6065393, 40.3584193], [-8.6065851, 40.3583876], [-8.6066176, 40.3583474], [-8.6066341, 40.3583019], [-8.6066355, 40.358269], [-8.6066284, 40.3582366], [-8.6066027, 40.3581916], [-8.6065611, 40.3581541], [-8.6065071, 40.3581274], [-8.6064452, 40.3581137], [-8.6064025, 40.3581125], [-8.6063603, 40.3581175], [-8.606301, 40.3581366], [-8.6062516, 40.3581678], [-8.606216, 40.3582085], [-8.6061973, 40.3582554], [-8.6061951, 40.3582884], [-8.6062015, 40.358321], [-8.6062313, 40.3583728]]}, "properties": {"highway": "primary", "junction": "roundabout", "lanes": "2", "maxspeed": "50", "ref": "EN 335", "source": "bing", "surface": "asphalt"}}, {"type": "Feature", "geometry": {"type": "LineString", "coordinates": [[-8.6493588, 40.287289], [-8.6494292, 40.2871135], [-8.6495284, 40.2867936], [-8.6497161, 40.2864335], [-8.6500487, 40.285922], [-8.6502962, 40.2853263]]}, "properties": {"highway": "primary", "lanes": "2", "name": "Rua da Capela de Santa Euf\u00e9mia", "oneway": "no", "ref": "EN 335", "surface": "asphalt"}}, {"type": "Feature", "geometry": {"type": "LineString", "coordinates": [[-8.643561, 40.2790499], [-8.6436304, 40.2790412], [-8.643692, 40.2790174], [-8.6437415, 40.2789807], [-8.6437744, 40.2789345], [-8.6437876, 40.278886], [-8.6437825, 40.2788367], [-8.6437595, 40.2787904], [-8.6437291, 40.2787579], [-8.6436897, 40.2787314], [-8.6436435, 40.2787125], [-8.6435801, 40.2787009], [-8.643515, 40.2787034], [-8.6434534, 40.2787198], [-8.6434224, 40.2787346], [-8.6433948, 40.2787529], [-8.6433714, 40.2787744], [-8.6433389, 40.278826], [-8.6433299, 40.2788829], [-8.6433455, 40.2789389], [-8.643366, 40.2789695], [-8.6433939, 40.2789964], [-8.6434281, 40.2790186], [-8.6434914, 40.2790421], [-8.643561, 40.2790499]]}, "properties": {"highway": "primary", "junction": "roundabout", "ref": "EN 335", "surface": "asphalt"}}, {"type": "Feature", "geometry": {"type": "LineString", "coordinates": [[-8.6220743, 40.5740276], [-8.6220273, 40.5741023], [-8.6219583, 40.5741871]]}, "properties": {"highway": "primary", "lanes": "1", "name": "Rua do Paraiso", "oneway": "yes", "ref": "EN 335", "surface": "asphalt"}}, {"type": "Feature", "geometry": {"type": "LineString", "coordinates": [[-8.622138, 40.574195], [-8.6221038, 40.5741159], [-8.6220743, 40.5740276]]}, "properties": {"highway": "primary", "lanes": "1", "name": "Rua do Paraiso", "oneway": "yes", "ref": "EN 335", "surface": "asphalt"}}, {"type": "Feature", "geometry": {"type": "LineString", "coordinates": [[-8.6220958, 40.5741792], [-8.6220496, 40.5741723], [-8.6220026, 40.574175], [-8.6219583, 40.5741871], [-8.6219142, 40.5742118], [-8.6218825, 40.5742451], [-8.6218657, 40.5742841], [-8.6218652, 40.5743252], [-8.6218812, 40.5743645], [-8.6219018, 40.5743893], [-8.6219291, 40.5744101], [-8.6219774, 40.574431], [-8.6220318, 40.5744394], [-8.622087, 40.5744345], [-8.6221375, 40.5744168], [-8.6221792, 40.5743871], [-8.6222039, 40.5743534], [-8.6222149, 40.5743157], [-8.6222114, 40.5742772], [-8.6221935, 40.5742411], [-8.6221693, 40.5742156], [-8.622138, 40.574195], [-8.6220958, 40.5741792]]}, "properties": {"highway": "primary", "junction": "roundabout", "lanes": "2", "lit": "yes", "maxspeed": "50", "ref": "EN 335", "smoothness": "excellent", "surface": "asphalt"}}, {"type": "Feature", "geometry": {"type": "LineString", "coordinates": [[-8.5857145, 40.4239341], [-8.5857293, 40.4239726], [-8.5857471, 40.4239959], [-8.5857706, 40.424016], [-8.5858212, 40.4240412], [-8.5858799, 40.4240523], [-8.5859402, 40.4240479], [-8.5859921, 40.42403], [-8.5860306, 40.4240041], [-8.5860579, 40.423971], [-8.5860718, 40.4239333], [-8.5860711, 40.4238942], [-8.586056, 40.4238568], [-8.5860379, 40.4238337], [-8.5860142, 40.4238138], [-8.5859704, 40.4237915], [-8.5859201, 40.4237798], [-8.5858674, 40.4237796], [-8.585817, 40.4237911], [-8.5857867, 40.4238047], [-8.5857605, 40.4238225], [-8.5857309, 40.4238557], [-8.5857151, 40.423894], [-8.5857145, 40.4239341]]}, "properties": {"highway": "primary", "junction": "roundabout", "lanes": "2", "maxspeed": "50", "ref": "EN 334;EN 335", "surface": "asphalt"}}, {"type": "Feature", "geometry": {"type": "LineString", "coordinates": [[-8.6067714, 40.3579202], [-8.6064452, 40.3581137]]}, "properties": {"highway": "primary", "lanes": "1", "oneway": "yes", "ref": "EN 335", "source": "Bing", "surface": "asphalt"}}, {"type": "Feature", "geometry": {"type": "LineString", "coordinates": [[-8.6066284, 40.3582366], [-8.6067714, 40.3579202]]}, "properties": {"highway": "primary", "lanes": "1", "oneway": "yes", "ref": "EN 335", "source": "Bing", "surface": "asphalt"}}, {"type": "Feature", "geometry": {"type": "LineString", "coordinates": [[-8.6105276, 40.3525146], [-8.6105695, 40.3525599], [-8.6106309, 40.3525894], [-8.6107027, 40.3525988], [-8.6107734, 40.3525865], [-8.6108328, 40.3525547], [-8.6108716, 40.3525078], [-8.6108837, 40.3524534], [-8.6108677, 40.3523994], [-8.6108259, 40.3523542], [-8.6107646, 40.3523247], [-8.6106931, 40.3523153], [-8.6106224, 40.3523275], [-8.610563, 40.3523593], [-8.6105243, 40.352406], [-8.6105117, 40.3524607], [-8.6105276, 40.3525146]]}, "properties": {"highway": "primary", "junction": "roundabout", "lanes": "2", "maxspeed": "50", "ref": "EN 335", "source": "bing", "surface": "asphalt"}}, {"type": "Feature", "geometry": {"type": "LineString", "coordinates": [[-8.6105324, 40.3527276], [-8.6101384, 40.3534569], [-8.6097517, 40.354128], [-8.6090597, 40.355338], [-8.6085715, 40.356033], [-8.608019, 40.3566461], [-8.6067714, 40.3579202]]}, "properties": {"highway": "primary", "lanes": "2", "maxspeed": "50", "oneway": "no", "ref": "EN 335", "source": "Bing", "surface": "asphalt"}}, {"type": "Feature", "geometry": {"type": "LineString", "coordinates": [[-8.5852457, 40.4401413], [-8.585283, 40.4401192], [-8.5853034, 40.4400996], [-8.5853184, 40.4400774], [-8.58533, 40.440034], [-8.5853267, 40.440005], [-8.5853149, 40.4399772], [-8.5853004, 40.4399579], [-8.5852817, 40.4399407], [-8.5852469, 40.4399201], [-8.5852062, 40.4399071], [-8.5851625, 40.4399027], [-8.5851188, 40.439907], [-8.5850728, 40.4399223], [-8.5850349, 40.4399472], [-8.5850082, 40.4399795], [-8.5849953, 40.4400163], [-8.5849973, 40.4400545], [-8.5850139, 40.4400904], [-8.5850438, 40.4401211], [-8.5850903, 40.4401459], [-8.585145, 40.4401576], [-8.5852017, 40.4401546], [-8.5852457, 40.4401413]]}, "properties": {"highway": "primary", "junction": "roundabout", "lanes": "2", "maxspeed": "50", "name": "Rua Principal", "ref": "EN 335"}}, {"type": "Feature", "geometry": {"type": "LineString", "coordinates": [[-8.579626, 40.446219], [-8.5796612, 40.4462083], [-8.5796863, 40.4461943], [-8.5797067, 40.4461764], [-8.5797258, 40.4461453], [-8.5797307, 40.4461112], [-8.5797208, 40.4460777], [-8.5796969, 40.4460481], [-8.5796694, 40.4460297], [-8.5796365, 40.4460175], [-8.5796006, 40.4460123], [-8.5795746, 40.4460131], [-8.5795493, 40.4460175], [-8.5795214, 40.4460274], [-8.5794971, 40.4460417], [-8.5794775, 40.4460597], [-8.5794637, 40.4460807], [-8.5794563, 40.4461034], [-8.5794563, 40.4461312], [-8.579466, 40.446158], [-8.5794846, 40.4461819], [-8.5795107, 40.4462013], [-8.579551, 40.446217], [-8.5795883, 40.446222], [-8.579626, 40.446219]]}, "properties": {"highway": "primary", "junction": "roundabout", "ref": "EN 335"}}, {"type": "Feature", "geometry": {"type": "LineString", "coordinates": [[-8.5797081, 40.4458464], [-8.5796151, 40.4459401], [-8.5795874, 40.4459679]]}, "properties": {"bicycle": "yes", "cycleway": "shared", "foot": "designated", "highway": "primary", "horse": "yes", "lanes": "1", "maxspeed": "50", "name": "Rua Principal", "oneway": "yes", "ref": "EN 335", "surface": "asphalt"}}, {"type": "Feature", "geometry": {"type": "LineString", "coordinates": [[-8.5877133, 40.5001712], [-8.5875688, 40.5001054]]}, "properties": {"bicycle": "yes", "cycleway": "shared", "foot": "designated", "highway": "primary", "horse": "yes", "lanes": "1", "name": "Rua Sobreiro", "oneway": "yes", "ref": "EN 335", "surface": "asphalt"}}, {"type": "Feature", "geometry": {"type": "LineString", "coordinates": [[-8.5876407, 40.5002124], [-8.5876163, 40.5002417], [-8.5876019, 40.5002747], [-8.5875984, 40.5003094], [-8.587606, 40.5003437], [-8.5876243, 40.5003755], [-8.5876567, 40.5004064], [-8.587699, 40.5004294], [-8.5877479, 40.5004427], [-8.5877828, 40.5004456], [-8.5878177, 40.5004436], [-8.5878648, 40.5004325], [-8.5879064, 40.5004125], [-8.5879397, 40.5003849], [-8.5879637, 40.500349], [-8.5879736, 40.5003094], [-8.5879685, 40.5002693], [-8.5879486, 40.5002314], [-8.5879154, 40.5001993], [-8.5878711, 40.5001756], [-8.5878198, 40.5001624], [-8.5877657, 40.5001609], [-8.5877133, 40.5001712], [-8.5876737, 40.5001884], [-8.5876407, 40.5002124]]}, "properties": {"highway": "primary", "junction": "roundabout", "lanes": "2", "maxspeed": "50", "name": "Rotunda do Sobreiro", "ref": "EN 335", "surface": "asphalt"}}, {"type": "Feature", "geometry": {"type": "LineString", "coordinates": [[-8.6651096, 40.2323919], [-8.665353, 40.2327195], [-8.6655421, 40.2331063]]}, "properties": {"bridge": "viaduct", "highway": "primary", "lanes": "2", "layer": "1", "name": "Rua Jos\u00e9 Rama Bernardes", "oneway": "no", "ref": "EN 335", "source": "bing", "surface": "asphalt"}}, {"type": "Feature", "geometry": {"type": "LineString", "coordinates": [[-8.6452393, 40.1991525], [-8.6454114, 40.1991911], [-8.6456309, 40.1992767]]}, "properties": {"highway": "primary", "lanes": "1", "maxspeed": "50", "maxspeed:type": "sign", "name": "Rua da Lavariz", "oneway": "yes", "ref": "EN 335", "surface": "asphalt"}}, {"type": "Feature", "geometry": {"type": "LineString", "coordinates": [[-8.6456309, 40.1992767], [-8.6455053, 40.1991542], [-8.6454824, 40.1991042], [-8.6454595, 40.1990542]]}, "properties": {"highway": "primary", "lanes": "1", "name": "Rua da Lavariz", "oneway": "yes", "ref": "EN 335", "surface": "asphalt"}}, {"type": "Feature", "geometry": {"type": "LineString", "coordinates": [[-8.6486315, 40.2025809], [-8.6486623, 40.2025817], [-8.6486936, 40.2025745], [-8.6487177, 40.2025625], [-8.6487371, 40.2025444], [-8.6487484, 40.2025226], [-8.6487506, 40.2024993], [-8.6487435, 40.2024765], [-8.6487313, 40.2024599], [-8.6487197, 40.2024499], [-8.6487061, 40.2024415], [-8.6486753, 40.2024311], [-8.6486417, 40.202429], [-8.6486091, 40.2024355], [-8.6485812, 40.2024498], [-8.648561, 40.2024704], [-8.6485509, 40.202495], [-8.6485519, 40.2025207], [-8.6485603, 40.2025394], [-8.648578, 40.2025587], [-8.6486025, 40.2025729], [-8.6486315, 40.2025809]]}, "properties": {"highway": "primary", "junction": "roundabout", "name": "Rotunda da Serra\u00e7\u00e3o", "ref": "EN 335"}}, {"type": "Feature", "geometry": {"type": "LineString", "coordinates": [[-8.6485741, 40.2042557], [-8.6485386, 40.2042638], [-8.648508, 40.2042806], [-8.6484862, 40.2043041], [-8.6484756, 40.2043317], [-8.6484774, 40.2043605], [-8.6484831, 40.2043714], [-8.6484914, 40.2043872], [-8.6485156, 40.2044087], [-8.6485476, 40.2044232], [-8.648584, 40.204429], [-8.6486208, 40.2044255], [-8.6486543, 40.2044132], [-8.6486768, 40.2043973], [-8.6486929, 40.2043773], [-8.6487015, 40.2043548], [-8.6487019, 40.2043314], [-8.6486941, 40.2043088], [-8.6486746, 40.2042847], [-8.6486459, 40.2042667], [-8.6486112, 40.2042566], [-8.6485741, 40.2042557]]}, "properties": {"highway": "primary", "junction": "roundabout", "maxspeed": "40", "name": "Rotunda da Feira", "ref": "EN 335"}}, {"type": "Feature", "geometry": {"type": "LineString", "coordinates": [[-8.6484914, 40.2043872], [-8.6484985, 40.2044457], [-8.6484924, 40.2045438], [-8.6484529, 40.2046812], [-8.6482635, 40.2053391], [-8.6482344, 40.2054632]]}, "properties": {"highway": "primary", "lanes": "1", "maxspeed": "40", "name": "Avenida da Liberdade", "oneway": "yes", "ref": "EN 335", "surface": "asphalt"}}, {"type": "Feature", "geometry": {"type": "LineString", "coordinates": [[-8.6530882, 40.218289], [-8.6532152, 40.2185192], [-8.6536095, 40.219363], [-8.6538241, 40.2198259], [-8.6539126, 40.2200266], [-8.653985, 40.2201659], [-8.654036, 40.2202355], [-8.6540923, 40.2202785], [-8.6541755, 40.2203317], [-8.6543042, 40.2203829], [-8.6544061, 40.2204075], [-8.6546234, 40.2204239], [-8.6550311, 40.2204464], [-8.6552108, 40.2204751], [-8.6553664, 40.2205386], [-8.6554844, 40.2206226], [-8.6555783, 40.2207188]]}, "properties": {"highway": "primary", "lanes": "2", "name": "Rua do Esp\u00edrito Santo", "oneway": "no", "ref": "EN 335", "surface": "asphalt"}}, {"type": "Feature", "geometry": {"type": "LineString", "coordinates": [[-8.6530882, 40.218289], [-8.6529938, 40.218074], [-8.6525449, 40.2170422], [-8.65213, 40.2161607], [-8.6514111, 40.2150055], [-8.650864, 40.2140224], [-8.6508379, 40.2139786], [-8.6501022, 40.2127443]]}, "properties": {"highway": "primary", "lanes": "2", "name": "Rua Maria Leonor Joyce", "oneway": "no", "ref": "EN 335", "surface": "asphalt"}}, {"type": "Feature", "geometry": {"type": "LineString", "coordinates": [[-8.6137492, 40.3405246], [-8.6138969, 40.340904]]}, "properties": {"highway": "primary", "lanes": "1", "oneway": "yes", "ref": "EN 335", "surface": "asphalt"}}, {"type": "Feature", "geometry": {"type": "LineString", "coordinates": [[-8.6104439, 40.3343373], [-8.6105334, 40.3343227], [-8.6106132, 40.3342886], [-8.6106763, 40.3342381], [-8.6107171, 40.3341757]]}, "properties": {"highway": "primary", "junction": "roundabout", "lanes": "2", "maxspeed": "50", "ref": "EN 335", "surface": "asphalt"}}, {"type": "Feature", "geometry": {"type": "LineString", "coordinates": [[-8.6135934, 40.340459], [-8.6136647, 40.3405009], [-8.6137492, 40.3405246], [-8.6138192, 40.340529], [-8.6138885, 40.3405207], [-8.6139534, 40.3405002], [-8.6140303, 40.3404529], [-8.6140825, 40.3403889], [-8.6141033, 40.3403245], [-8.6140987, 40.3402582], [-8.6140691, 40.3401959], [-8.6140169, 40.3401428], [-8.6139809, 40.3401195], [-8.6139405, 40.340101]]}, "properties": {"highway": "primary", "junction": "roundabout", "lanes": "2", "maxspeed": "50", "ref": "EN 335", "surface": "asphalt"}}, {"type": "Feature", "geometry": {"type": "LineString", "coordinates": [[-8.5944534, 40.3462309], [-8.5941634, 40.346295], [-8.5923236, 40.3467064], [-8.5922305, 40.3467301], [-8.5921139, 40.3467572], [-8.591775, 40.3468472], [-8.5915258, 40.3469228], [-8.5913397, 40.3469764], [-8.5910666, 40.3470218]]}, "properties": {"highway": "primary", "lanes": "2", "maxspeed": "50", "name": "Largo Conselheiro Ferreira Freire", "oneway": "no", "ref": "EN 335", "surface": "paving_stones", "width": "7.5"}}, {"type": "Feature", "geometry": {"type": "LineString", "coordinates": [[-8.5944643, 40.3462493], [-8.5944824, 40.3462641], [-8.5945057, 40.3462737], [-8.5945318, 40.3462772], [-8.594558, 40.3462741], [-8.5945797, 40.3462659], [-8.5945972, 40.3462532], [-8.5946091, 40.3462371], [-8.5946144, 40.3462192], [-8.5946125, 40.3462008], [-8.5946026, 40.3461821], [-8.5945854, 40.3461668], [-8.5945627, 40.3461565], [-8.5945369, 40.3461523], [-8.5945113, 40.3461543], [-8.5944879, 40.3461623], [-8.5944689, 40.3461754], [-8.594456, 40.3461923], [-8.5944507, 40.3462114], [-8.5944534, 40.3462309], [-8.5944643, 40.3462493]]}, "properties": {"highway": "primary", "junction": "roundabout", "ref": "EN 335", "source": "bing"}}, {"type": "Feature", "geometry": {"type": "LineString", "coordinates": [[-8.5971583, 40.3410329], [-8.5971253, 40.3410424], [-8.5970969, 40.3410584], [-8.5970752, 40.3410795], [-8.5970618, 40.3411044], [-8.5970576, 40.341131]]}, "properties": {"highway": "primary", "junction": "roundabout", "ref": "EN 335"}}, {"type": "Feature", "geometry": {"type": "LineString", "coordinates": [[-8.5975678, 40.3410821], [-8.5974112, 40.3410905], [-8.5973468, 40.341089], [-8.5972972, 40.3410767]]}, "properties": {"highway": "primary", "oneway": "yes", "ref": "EN 335"}}, {"type": "Feature", "geometry": {"type": "LineString", "coordinates": [[-8.5970923, 40.3413528], [-8.5965306, 40.3425327], [-8.5964936, 40.3426163], [-8.5964746, 40.3426585]]}, "properties": {"highway": "primary", "maxspeed": "50", "name": "Rua Doutor Jos\u00e9 de Almeida", "name:etymology": "Ant\u00f3nio Jos\u00e9 de Almeida", "name:etymology:wikidata": "Q551542", "ref": "EN 335"}}, {"type": "Feature", "geometry": {"type": "LineString", "coordinates": [[-8.6403402, 40.2947586], [-8.6404575, 40.2944504], [-8.6424208, 40.2892991], [-8.6426502, 40.2886922], [-8.6431206, 40.2869592], [-8.6433186, 40.2855851], [-8.6433854, 40.2838193], [-8.6434795, 40.2804603], [-8.6435236, 40.2792413]]}, "properties": {"highway": "primary", "lanes": "2", "oneway": "no", "ref": "EN 335", "surface": "asphalt"}}, {"type": "Feature", "geometry": {"type": "LineString", "coordinates": [[-8.5970923, 40.3413528], [-8.5972638, 40.3412092]]}, "properties": {"highway": "primary", "oneway": "yes", "ref": "EN 335"}}, {"type": "Feature", "geometry": {"type": "LineString", "coordinates": [[-8.59706, 40.3411482], [-8.5970748, 40.3412421], [-8.5970923, 40.3413528]]}, "properties": {"highway": "primary", "oneway": "yes", "ref": "EN 335"}}, {"type": "Feature", "geometry": {"type": "LineString", "coordinates": [[-8.5858113, 40.4352734], [-8.5858635, 40.4352538], [-8.5859067, 40.4352181], [-8.5859282, 40.435177], [-8.5859314, 40.4351437], [-8.5859181, 40.4351007], [-8.585885, 40.4350628], [-8.585838, 40.4350366], [-8.5858025, 40.435027], [-8.5857444, 40.4350245], [-8.5857083, 40.4350309], [-8.5856577, 40.4350527], [-8.5856259, 40.4350792], [-8.585602, 40.4351195], [-8.5855968, 40.4351501], [-8.5856064, 40.4351937], [-8.5856438, 40.4352397], [-8.5856714, 40.4352597], [-8.5857151, 40.4352729], [-8.5857728, 40.4352784], [-8.5858113, 40.4352734]]}, "properties": {"highway": "primary", "junction": "roundabout", "lanes": "2", "maxspeed": "50", "ref": "EN 335", "surface": "asphalt"}}, {"type": "Feature", "geometry": {"type": "LineString", "coordinates": [[-8.5857487, 40.4347732], [-8.5856081, 40.4339983], [-8.5855035, 40.4335579], [-8.5851264, 40.4321594]]}, "properties": {"bicycle": "yes", "cycleway": "shared", "foot": "designated", "highway": "primary", "horse": "yes", "lanes": "2", "maxspeed": "50", "oneway": "no", "ref": "EN 335", "surface": "asphalt"}}, {"type": "Feature", "geometry": {"type": "LineString", "coordinates": [[-8.586278, 40.4204966], [-8.5862796, 40.4206867]]}, "properties": {"highway": "primary", "lanes": "1", "oneway": "yes", "ref": "EN 335", "surface": "asphalt"}}, {"type": "Feature", "geometry": {"type": "LineString", "coordinates": [[-8.5864445, 40.4202891], [-8.5863336, 40.420128]]}, "properties": {"highway": "primary", "lanes": "1", "oneway": "yes", "ref": "EN 335", "surface": "asphalt"}}, {"type": "Feature", "geometry": {"type": "LineString", "coordinates": [[-8.586278, 40.4204966], [-8.5863121, 40.4205124], [-8.5863516, 40.4205171], [-8.5863905, 40.4205099], [-8.5864228, 40.4204919], [-8.5864586, 40.4204596], [-8.586485, 40.4204229], [-8.5865012, 40.4203819], [-8.5865068, 40.420354], [-8.586498, 40.4203265], [-8.5864762, 40.4203038], [-8.5864445, 40.4202891], [-8.5864079, 40.4202848], [-8.5863719, 40.4202915], [-8.586342, 40.4203081], [-8.5862977, 40.4203462], [-8.5862698, 40.420378], [-8.5862511, 40.4204124], [-8.586245, 40.4204424], [-8.5862544, 40.420472], [-8.586278, 40.4204966]]}, "properties": {"highway": "primary", "junction": "roundabout", "ref": "EN 335", "source": "bing", "surface": "asphalt"}}, {"type": "Feature", "geometry": {"type": "LineString", "coordinates": [[-8.5862796, 40.4206867], [-8.5863905, 40.4205099]]}, "properties": {"highway": "primary", "lanes": "1", "oneway": "yes", "ref": "EN 335", "surface": "asphalt"}}, {"type": "Feature", "geometry": {"type": "LineString", "coordinates": [[-8.5997392, 40.5176041], [-8.5997785, 40.5175841], [-8.5998105, 40.517548], [-8.5998201, 40.5175129], [-8.599815, 40.5174813], [-8.5997944, 40.517449], [-8.5997766, 40.5174337], [-8.5997369, 40.5174142], [-8.5996992, 40.5174068], [-8.5996521, 40.5174091], [-8.5996295, 40.5174149], [-8.5995902, 40.5174348], [-8.5995622, 40.5174639], [-8.599549, 40.5174983], [-8.5995502, 40.5175273], [-8.5995662, 40.5175611], [-8.5995926, 40.5175861], [-8.5996548, 40.5176105], [-8.599702, 40.5176121], [-8.5997392, 40.5176041]]}, "properties": {"highway": "primary", "junction": "roundabout", "lanes": "2", "maxspeed": "50", "name": "Rotunda do Arieiro", "ref": "EN 335", "surface": "asphalt"}}, {"type": "Feature", "geometry": {"type": "LineString", "coordinates": [[-8.5996295, 40.5174149], [-8.5995875, 40.5173134], [-8.5995455, 40.5172119], [-8.5993492, 40.5166727], [-8.5991462, 40.5162326], [-8.5988611, 40.5157575], [-8.5987174, 40.5155179], [-8.5966707, 40.5121694], [-8.5966497, 40.5121356], [-8.5958391, 40.5108012]]}, "properties": {"bicycle": "yes", "cycleway": "shared", "foot": "designated", "highway": "primary", "horse": "yes", "lanes": "2", "maxspeed": "50", "name": "Rua Arieiro", "oneway": "no", "ref": "EN 335", "surface": "asphalt"}}, {"type": "Feature", "geometry": {"type": "LineString", "coordinates": [[-8.6000342, 40.5259163], [-8.6000207, 40.5258968], [-8.5999948, 40.5258757], [-8.5999617, 40.5258616], [-8.5999218, 40.5258556], [-8.5998814, 40.5258597], [-8.599845, 40.5258736], [-8.5998165, 40.5258956], [-8.5997988, 40.5259234], [-8.5997937, 40.5259488], [-8.5997979, 40.5259743], [-8.5998109, 40.525998], [-8.5998319, 40.5260182], [-8.5998616, 40.5260343], [-8.5998962, 40.5260431], [-8.5999327, 40.5260439], [-8.5999679, 40.5260366], [-8.5999977, 40.5260226], [-8.600023, 40.5260007], [-8.6000384, 40.5259739], [-8.6000422, 40.5259449], [-8.6000342, 40.5259163]]}, "properties": {"highway": "primary", "junction": "roundabout", "lanes": "1", "maxspeed": "50", "name": "Rotunda dos Quatro Caminhos", "ref": "EN 335;ER 333", "surface": "asphalt"}}, {"type": "Feature", "geometry": {"type": "LineString", "coordinates": [[-8.5997687, 40.5256879], [-8.5998002, 40.5258202], [-8.5998052, 40.5258591], [-8.5997988, 40.5259234]]}, "properties": {"bicycle": "yes", "cycleway": "shared", "foot": "designated", "highway": "primary", "horse": "yes", "lanes": "1", "name": "Rua Manuel de Oliveira", "oneway": "yes", "ref": "EN 335;ER 333", "surface": "asphalt"}}, {"type": "Feature", "geometry": {"type": "LineString", "coordinates": [[-8.5997687, 40.5256879], [-8.5997468, 40.5255975], [-8.5997091, 40.5254416]]}, "properties": {"bicycle": "yes", "cycleway": "shared", "foot": "designated", "highway": "primary", "horse": "yes", "lanes": "2", "maxspeed": "50", "name": "Rua Manuel de Oliveira", "oneway": "no", "ref": "EN 335;ER 333"}}, {"type": "Feature", "geometry": {"type": "LineString", "coordinates": [[-8.5999617, 40.5258616], [-8.5999233, 40.5258157], [-8.5998585, 40.5257563], [-8.5998127, 40.525717], [-8.5997687, 40.5256879]]}, "properties": {"bicycle": "yes", "cycleway": "shared", "foot": "designated", "highway": "primary", "horse": "yes", "lanes": "1", "name": "Rua Manuel de Oliveira", "oneway": "yes", "ref": "EN 335;ER 333", "surface": "asphalt"}}, {"type": "Feature", "geometry": {"type": "LineString", "coordinates": [[-8.5998319, 40.5260182], [-8.5998501, 40.5260609], [-8.5998484, 40.5261842]]}, "properties": {"bicycle": "yes", "cycleway": "shared", "foot": "designated", "highway": "primary", "horse": "yes", "lanes": "1", "maxspeed": "50", "name": "Rua Manuel de Oliveira", "oneway": "yes", "ref": "EN 335", "surface": "asphalt"}}, {"type": "Feature", "geometry": {"type": "LineString", "coordinates": [[-8.5998484, 40.5261842], [-8.5999111, 40.5261125], [-8.5999415, 40.5260809], [-8.5999679, 40.5260366]]}, "properties": {"bicycle": "yes", "cycleway": "shared", "foot": "designated", "highway": "primary", "horse": "yes", "lanes": "1", "maxspeed": "50", "name": "Rua Manuel de Oliveira", "oneway": "yes", "ref": "EN 335", "surface": "asphalt"}}, {"type": "Feature", "geometry": {"type": "LineString", "coordinates": [[-8.6006737, 40.5332518], [-8.6004048, 40.5330057], [-8.6001414, 40.532708], [-8.6001098, 40.5326118], [-8.600093, 40.532561], [-8.6000748, 40.5324213], [-8.6000815, 40.5322521], [-8.6000744, 40.5320276], [-8.6000444, 40.5317267], [-8.6000329, 40.5314796], [-8.6000027, 40.5311248], [-8.600043, 40.530902], [-8.6000846, 40.5307077], [-8.600092, 40.5306585]]}, "properties": {"bicycle": "yes", "cycleway": "shared", "foot": "designated", "highway": "primary", "horse": "yes", "lanes": "2", "name": "Rua do Roque", "oneway": "no", "ref": "EN 335", "surface": "asphalt"}}, {"type": "Feature", "geometry": {"type": "LineString", "coordinates": [[-8.6009444, 40.5333765], [-8.6008342, 40.5333304], [-8.6006737, 40.5332518]]}, "properties": {"highway": "primary", "lanes": "1", "name": "Rua do Roque", "oneway": "yes", "ref": "EN 335", "surface": "asphalt"}}, {"type": "Feature", "geometry": {"type": "LineString", "coordinates": [[-8.6010073, 40.5334276], [-8.6009895, 40.5334027], [-8.6009619, 40.5333835], [-8.6009444, 40.5333765], [-8.6009111, 40.5333703], [-8.6008769, 40.533372], [-8.600845, 40.5333814], [-8.6008183, 40.5333978], [-8.6007993, 40.5334195], [-8.6007899, 40.5334446], [-8.60079, 40.5334666], [-8.6008014, 40.5334942], [-8.6008243, 40.5335173], [-8.6008561, 40.5335332], [-8.600893, 40.5335402], [-8.6009215, 40.533539], [-8.6009504, 40.5335318], [-8.6009757, 40.5335189], [-8.6009955, 40.5335013], [-8.601011, 40.5334724], [-8.6010133, 40.5334556], [-8.6010073, 40.5334276]]}, "properties": {"highway": "primary", "junction": "roundabout", "lanes": "2", "ref": "EN 335", "surface": "asphalt"}}, {"type": "Feature", "geometry": {"type": "LineString", "coordinates": [[-8.6006737, 40.5332518], [-8.6007566, 40.5333903], [-8.6007899, 40.5334446]]}, "properties": {"highway": "primary", "lanes": "1", "name": "Rua do Roque", "oneway": "yes", "ref": "EN 335", "surface": "asphalt"}}, {"type": "Feature", "geometry": {"type": "LineString", "coordinates": [[-8.6011361, 40.5336133], [-8.6010569, 40.533531], [-8.6010486, 40.5335204], [-8.601011, 40.5334724]]}, "properties": {"highway": "primary", "lanes": "1", "name": "Rua do Paraiso", "oneway": "yes", "ref": "EN 335", "surface": "asphalt"}}, {"type": "Feature", "geometry": {"type": "LineString", "coordinates": [[-8.6009215, 40.533539], [-8.601015, 40.5335687], [-8.6011361, 40.5336133]]}, "properties": {"highway": "primary", "lanes": "1", "name": "Rua do Paraiso", "oneway": "yes", "ref": "EN 335", "surface": "asphalt"}}, {"type": "Feature", "geometry": {"type": "LineString", "coordinates": [[-8.6136915, 40.3397161], [-8.6136633, 40.33999], [-8.6136283, 40.3401236]]}, "properties": {"highway": "primary", "lanes": "1", "oneway": "yes", "ref": "EN 335", "surface": "asphalt"}}, {"type": "Feature", "geometry": {"type": "LineString", "coordinates": [[-8.6138969, 40.340904], [-8.6138911, 40.3410263], [-8.6143021, 40.3439951], [-8.6143483, 40.3444116], [-8.6143531, 40.3448183], [-8.6143334, 40.3452348], [-8.6142723, 40.3456692], [-8.6141567, 40.3461327], [-8.6139996, 40.3465774], [-8.6137868, 40.3470398], [-8.6133477, 40.3478408], [-8.6122252, 40.3498153], [-8.6108867, 40.3521449]]}, "properties": {"highway": "primary", "lanes": "2", "maxspeed": "90", "oneway": "no", "ref": "EN 335", "surface": "asphalt"}}, {"type": "Feature", "geometry": {"type": "LineString", "coordinates": [[-8.6139405, 40.340101], [-8.6138032, 40.3399645], [-8.6136915, 40.3397161]]}, "properties": {"highway": "primary", "lanes": "1", "oneway": "yes", "ref": "EN 335", "surface": "asphalt"}}, {"type": "Feature", "geometry": {"type": "LineString", "coordinates": [[-8.6138969, 40.340904], [-8.6139534, 40.3405002]]}, "properties": {"highway": "primary", "lanes": "1", "oneway": "yes", "ref": "EN 335", "surface": "asphalt"}}, {"type": "Feature", "geometry": {"type": "LineString", "coordinates": [[-8.6101208, 40.3341357], [-8.6100846, 40.3344032], [-8.6100565, 40.3345555]]}, "properties": {"highway": "primary", "oneway": "yes", "ref": "EN 335"}}, {"type": "Feature", "geometry": {"type": "LineString", "coordinates": [[-8.6108363, 40.334753], [-8.6111214, 40.3352232], [-8.6121445, 40.3368323], [-8.6132065, 40.3385008], [-8.6133941, 40.3388422], [-8.6135495, 40.3391615], [-8.6136562, 40.3394942], [-8.6136915, 40.3397161]]}, "properties": {"highway": "primary", "lanes": "2", "maxspeed": "90", "oneway": "no", "ref": "EN 335", "surface": "asphalt"}}, {"type": "Feature", "geometry": {"type": "LineString", "coordinates": [[-8.6107264, 40.3340593], [-8.6107679, 40.3338176], [-8.6108324, 40.3335847]]}, "properties": {"highway": "primary", "lanes": "1", "oneway": "yes", "ref": "EN 335", "surface": "asphalt"}}, {"type": "Feature", "geometry": {"type": "LineString", "coordinates": [[-8.6104439, 40.3343373], [-8.610609, 40.3344754], [-8.6108363, 40.334753]]}, "properties": {"highway": "primary", "lanes": "1", "maxspeed": "50", "oneway": "yes", "ref": "EN 335", "surface": "asphalt"}}, {"type": "Feature", "geometry": {"type": "LineString", "coordinates": [[-8.6100565, 40.3345555], [-8.6101859, 40.3344534], [-8.6102823, 40.3343828], [-8.6103528, 40.3343312]]}, "properties": {"highway": "primary", "oneway": "yes", "ref": "EN 335"}}, {"type": "Feature", "geometry": {"type": "LineString", "coordinates": [[-8.6151536, 40.3281051], [-8.6153153, 40.3279006], [-8.615412, 40.3277782], [-8.6160005, 40.3270334], [-8.6160992, 40.3268989], [-8.6164325, 40.3264879], [-8.6166205, 40.3262477], [-8.6169358, 40.325869], [-8.6172568, 40.3256477], [-8.6184993, 40.3248985], [-8.6185165, 40.3248882], [-8.6196191, 40.3242234], [-8.6200083, 40.3239691], [-8.6200441, 40.3239313], [-8.6202433, 40.3237212], [-8.6207726, 40.3227612], [-8.6208699, 40.3226094], [-8.6209892, 40.3224521], [-8.6211436, 40.3223213], [-8.6214453, 40.3221061], [-8.6223637, 40.3214507], [-8.622875, 40.3210889], [-8.6231211, 40.3208789], [-8.6233227, 40.3207069], [-8.6236715, 40.3203766], [-8.6237561, 40.3202949], [-8.6237837, 40.3202682]]}, "properties": {"highway": "primary", "lanes": "2", "maxspeed": "90", "oneway": "no", "ref": "EN 335", "surface": "asphalt"}}, {"type": "Feature", "geometry": {"type": "LineString", "coordinates": [[-8.6108363, 40.334753], [-8.6107545, 40.3344391], [-8.6107295, 40.3342632], [-8.6107171, 40.3341757]]}, "properties": {"highway": "primary", "lanes": "1", "oneway": "yes", "ref": "EN 335", "surface": "asphalt"}}, {"type": "Feature", "geometry": {"type": "LineString", "coordinates": [[-8.6108324, 40.3335847], [-8.6106043, 40.3337399], [-8.6104596, 40.3338106], [-8.6102884, 40.3338942]]}, "properties": {"highway": "primary", "lanes": "1", "oneway": "yes", "ref": "EN 335", "surface": "asphalt"}}, {"type": "Feature", "geometry": {"type": "LineString", "coordinates": [[-8.6486941, 40.2043088], [-8.6486758, 40.2042056], [-8.6486904, 40.2041428], [-8.6488285, 40.2035497], [-8.6488381, 40.2033511], [-8.6487701, 40.2029815], [-8.6487064, 40.2027626], [-8.6486815, 40.2026772], [-8.6486936, 40.2025745]]}, "properties": {"highway": "primary", "maxspeed": "40", "name": "Avenida da Liberdade", "oneway": "yes", "ref": "EN 335"}}, {"type": "Feature", "geometry": {"type": "LineString", "coordinates": [[-8.6484071, 40.2022071], [-8.6476239, 40.2012975], [-8.6475292, 40.2011067], [-8.6474858, 40.2010192], [-8.6474287, 40.200904], [-8.6473556, 40.2007567], [-8.6470552, 40.200347], [-8.646716, 40.1999655], [-8.6465996, 40.1998346], [-8.6461699, 40.1995668], [-8.6461069, 40.1995327], [-8.6458904, 40.1994155], [-8.6456653, 40.1992951], [-8.6456309, 40.1992767]]}, "properties": {"highway": "primary", "lanes": "2", "maxspeed": "50", "maxspeed:type": "sign", "name": "Rua da Lavariz", "oneway": "no", "ref": "EN 335", "surface": "asphalt"}}, {"type": "Feature", "geometry": {"type": "LineString", "coordinates": [[-8.6482139, 40.2059764], [-8.6484572, 40.2058708], [-8.6484237, 40.2058306], [-8.6483497, 40.2056665], [-8.6483108, 40.2054705]]}, "properties": {"highway": "primary", "maxspeed": "40", "name": "Largo do Alhastro", "oneway": "yes", "ref": "EN 335"}}, {"type": "Feature", "geometry": {"type": "LineString", "coordinates": [[-8.6485603, 40.2025394], [-8.6485844, 40.2026205], [-8.6486035, 40.2026654], [-8.6486145, 40.2026911], [-8.6486347, 40.2027718], [-8.6486917, 40.2029995], [-8.6487728, 40.2033589], [-8.6487507, 40.2036058], [-8.6486149, 40.20413], [-8.6486005, 40.2041856], [-8.6485741, 40.2042557]]}, "properties": {"highway": "primary", "maxspeed": "40", "name": "Avenida da Liberdade", "oneway": "yes", "ref": "EN 335"}}, {"type": "Feature", "geometry": {"type": "LineString", "coordinates": [[-8.5854311, 40.348045], [-8.5852488, 40.3480849], [-8.5851099, 40.3481115], [-8.5848788, 40.348117]]}, "properties": {"highway": "primary", "maxspeed": "50", "oneway": "yes", "ref": "EN 335"}}, {"type": "Feature", "geometry": {"type": "LineString", "coordinates": [[-8.5850513, 40.3483452], [-8.585199, 40.3482122], [-8.5854311, 40.348045]]}, "properties": {"highway": "primary", "maxspeed": "50", "oneway": "yes", "ref": "EN 335"}}, {"type": "Feature", "geometry": {"type": "LineString", "coordinates": [[-8.6060499, 40.3586611], [-8.6064211, 40.3584483]]}, "properties": {"highway": "primary", "lanes": "1", "oneway": "yes", "ref": "EN 335", "surface": "asphalt"}}, {"type": "Feature", "geometry": {"type": "LineString", "coordinates": [[-8.6029582, 40.3629379], [-8.6028563, 40.3631098]]}, "properties": {"highway": "primary", "lanes": "1", "oneway": "yes", "ref": "EN 335", "source": "bing", "surface": "asphalt"}}, {"type": "Feature", "geometry": {"type": "LineString", "coordinates": [[-8.6029582, 40.3629379], [-8.6030083, 40.3623876], [-8.6030981, 40.3620371], [-8.6033366, 40.3615452], [-8.603399, 40.3614646], [-8.6036688, 40.361116], [-8.6052842, 40.3594505], [-8.6059453, 40.3587689], [-8.6060499, 40.3586611]]}, "properties": {"highway": "primary", "lanes": "2", "maxspeed": "90", "oneway": "no", "ref": "EN 335", "source": "bing", "surface": "asphalt"}}, {"type": "Feature", "geometry": {"type": "LineString", "coordinates": [[-8.6062015, 40.358321], [-8.6060499, 40.3586611]]}, "properties": {"highway": "primary", "lanes": "1", "oneway": "yes", "ref": "EN 335", "surface": "asphalt"}}, {"type": "Feature", "geometry": {"type": "LineString", "coordinates": [[-8.6030324, 40.363115], [-8.6029582, 40.3629379]]}, "properties": {"highway": "primary", "lanes": "1", "oneway": "yes", "ref": "EN 335", "source": "bing", "surface": "asphalt"}}, {"type": "Feature", "geometry": {"type": "LineString", "coordinates": [[-8.6354093, 40.2607957], [-8.6356325, 40.2610521]]}, "properties": {"highway": "primary", "oneway": "yes", "ref": "EN 335", "source": "bing", "surface": "asphalt"}}, {"type": "Feature", "geometry": {"type": "LineString", "coordinates": [[-8.6356325, 40.2610521], [-8.6356943, 40.260728]]}, "properties": {"highway": "primary", "oneway": "yes", "ref": "EN 335", "source": "bing", "surface": "asphalt"}}, {"type": "Feature", "geometry": {"type": "LineString", "coordinates": [[-8.5859374, 40.4235701], [-8.5858638, 40.4237134], [-8.585817, 40.4237911]]}, "properties": {"highway": "primary", "lanes": "1", "oneway": "yes", "ref": "EN 335", "source": "bing"}}, {"type": "Feature", "geometry": {"type": "LineString", "coordinates": [[-8.5858312, 40.4242637], [-8.5858976, 40.4241322], [-8.5859402, 40.4240479]]}, "properties": {"highway": "primary", "lanes": "1", "name": "Rua Central", "oneway": "yes", "ref": "EN 335", "source": "bing", "surface": "asphalt"}}, {"type": "Feature", "geometry": {"type": "LineString", "coordinates": [[-8.5860142, 40.4238138], [-8.5859374, 40.4235701]]}, "properties": {"highway": "primary", "lanes": "1", "oneway": "yes", "ref": "EN 335", "source": "bing"}}, {"type": "Feature", "geometry": {"type": "LineString", "coordinates": [[-8.5863336, 40.420128], [-8.5862977, 40.4203462]]}, "properties": {"highway": "primary", "lanes": "1", "oneway": "yes", "ref": "EN 335"}}, {"type": "Feature", "geometry": {"type": "LineString", "coordinates": [[-8.5857706, 40.424016], [-8.5858312, 40.4242637]]}, "properties": {"highway": "primary", "lanes": "1", "name": "Rua Central", "oneway": "yes", "ref": "EN 335", "source": "bing", "surface": "asphalt"}}, {"type": "Feature", "geometry": {"type": "LineString", "coordinates": [[-8.6108259, 40.3523542], [-8.6108867, 40.3521449]]}, "properties": {"highway": "primary", "lanes": "1", "maxspeed": "90", "oneway": "yes", "ref": "EN 335", "source": "bing", "surface": "asphalt"}}, {"type": "Feature", "geometry": {"type": "LineString", "coordinates": [[-8.6029279, 40.3636179], [-8.6030165, 40.3634394]]}, "properties": {"highway": "primary", "lanes": "1", "oneway": "yes", "ref": "EN 335", "source": "bing", "surface": "asphalt"}}, {"type": "Feature", "geometry": {"type": "LineString", "coordinates": [[-8.6108867, 40.3521449], [-8.6106931, 40.3523153]]}, "properties": {"highway": "primary", "lanes": "1", "maxspeed": "90", "oneway": "yes", "ref": "EN 335", "source": "bing", "surface": "asphalt"}}, {"type": "Feature", "geometry": {"type": "LineString", "coordinates": [[-8.6028397, 40.3634343], [-8.6029279, 40.3636179]]}, "properties": {"highway": "primary", "lanes": "1", "oneway": "yes", "ref": "EN 335", "source": "bing", "surface": "asphalt"}}, {"type": "Feature", "geometry": {"type": "LineString", "coordinates": [[-8.5877979, 40.3791046], [-8.5875388, 40.3797476], [-8.5871278, 40.3812939], [-8.5865122, 40.3838151], [-8.5865059, 40.384006], [-8.5865735, 40.3842439], [-8.5871945, 40.3858156], [-8.5873031, 40.386152], [-8.5877454, 40.3887141], [-8.5878294, 40.3892007], [-8.5881155, 40.3908566], [-8.5882025, 40.39136], [-8.5886949, 40.3942543], [-8.5887765, 40.3946381], [-8.5889673, 40.3951022], [-8.5893028, 40.3959181], [-8.5893468, 40.3960256], [-8.5894188, 40.3962013], [-8.5896753, 40.3968278]]}, "properties": {"highway": "primary", "lanes": "2", "maxspeed": "50", "name": "Rua Fonte", "oneway": "no", "ref": "EN 335", "surface": "asphalt"}}, {"type": "Feature", "geometry": {"type": "LineString", "coordinates": [[-8.6026348, 40.3657481], [-8.6026074, 40.3657759], [-8.6025655, 40.3658184], [-8.6025233, 40.3658613], [-8.6023054, 40.366086], [-8.6022099, 40.3661247]]}, "properties": {"highway": "primary", "lanes": "1", "maxspeed": "90", "oneway": "yes", "ref": "EN 335", "surface": "asphalt"}}, {"type": "Feature", "geometry": {"type": "LineString", "coordinates": [[-8.6017839, 40.3670896], [-8.601813, 40.3670567], [-8.6018615, 40.3670018], [-8.6019014, 40.3669566], [-8.601941, 40.3669119], [-8.6019797, 40.3668682], [-8.6021481, 40.3666776], [-8.6022087, 40.366637], [-8.602291, 40.3665817]]}, "properties": {"highway": "primary", "lanes": "1", "maxspeed": "50", "oneway": "yes", "ref": "EN 335", "surface": "asphalt"}}, {"type": "Feature", "geometry": {"type": "LineString", "coordinates": [[-8.6019891, 40.3664693], [-8.6019825, 40.3666912], [-8.6017839, 40.3670896]]}, "properties": {"highway": "primary", "lanes": "1", "maxspeed": "50", "oneway": "yes", "ref": "EN 335", "surface": "asphalt"}}, {"type": "Feature", "geometry": {"type": "LineString", "coordinates": [[-8.602512, 40.3662371], [-8.6025225, 40.3660288], [-8.6026348, 40.3657481]]}, "properties": {"highway": "primary", "lanes": "1", "maxspeed": "90", "oneway": "yes", "ref": "EN 335", "surface": "asphalt"}}, {"type": "Feature", "geometry": {"type": "LineString", "coordinates": [[-8.5906906, 40.3763807], [-8.5899444, 40.3767719], [-8.5894798, 40.3770559], [-8.5892016, 40.3772784], [-8.5890993, 40.3773603], [-8.5889037, 40.3775167], [-8.5884738, 40.377958], [-8.5881839, 40.3783502], [-8.5881335, 40.3784183], [-8.5879327, 40.3787559], [-8.5877979, 40.3791046]]}, "properties": {"highway": "primary", "lanes": "1", "oneway": "yes", "ref": "EN 335", "source": "bing", "surface": "asphalt"}}, {"type": "Feature", "geometry": {"type": "LineString", "coordinates": [[-8.5877979, 40.3791046], [-8.5882134, 40.3784463], [-8.588567, 40.3779906], [-8.588978, 40.3775704], [-8.5891718, 40.3774177], [-8.5892809, 40.3773317], [-8.5895416, 40.3771264], [-8.5900007, 40.3768178], [-8.5906906, 40.3763807]]}, "properties": {"highway": "primary", "lanes": "1", "oneway": "yes", "ref": "EN 335", "source": "bing", "surface": "asphalt"}}, {"type": "Feature", "geometry": {"type": "LineString", "coordinates": [[-8.6105324, 40.3527276], [-8.6107027, 40.3525988]]}, "properties": {"highway": "primary", "lanes": "1", "oneway": "yes", "ref": "EN 335", "source": "bing", "surface": "asphalt"}}, {"type": "Feature", "geometry": {"type": "LineString", "coordinates": [[-8.6105695, 40.3525599], [-8.6105324, 40.3527276]]}, "properties": {"highway": "primary", "lanes": "1", "oneway": "yes", "ref": "EN 335", "source": "bing", "surface": "asphalt"}}, {"type": "Feature", "geometry": {"type": "LineString", "coordinates": [[-8.5899221, 40.3470209], [-8.5897305, 40.347038], [-8.5896805, 40.3470428], [-8.5896124, 40.3470486], [-8.5889046, 40.3471268], [-8.588609, 40.347164], [-8.5881941, 40.347229], [-8.5878722, 40.3472797], [-8.5877574, 40.3472984], [-8.5873117, 40.3473712], [-8.5872613, 40.3473796], [-8.5870362, 40.34743], [-8.5868091, 40.3474922], [-8.5865203, 40.3475906]]}, "properties": {"highway": "primary", "lanes": "2", "maxspeed": "50", "name": "Rua dos Bombeiros Volunt\u00e1rios", "oneway": "no", "ref": "EN 335", "surface": "asphalt"}}, {"type": "Feature", "geometry": {"type": "LineString", "coordinates": [[-8.5863502, 40.3476662], [-8.5861329, 40.3477531], [-8.5857064, 40.3479238], [-8.5854311, 40.348045]]}, "properties": {"highway": "primary", "lanes": "2", "maxspeed": "50", "oneway": "no", "ref": "EN 335"}}, {"type": "Feature", "geometry": {"type": "LineString", "coordinates": [[-8.5973116, 40.3411578], [-8.5975678, 40.3410821]]}, "properties": {"highway": "primary", "oneway": "yes", "ref": "EN 335"}}, {"type": "Feature", "geometry": {"type": "LineString", "coordinates": [[-8.6040253, 40.3386737], [-8.6040947, 40.3386377], [-8.6054001, 40.3379142], [-8.6064852, 40.3373112], [-8.6065281, 40.3372873], [-8.6075359, 40.3367171], [-8.6083509, 40.336256], [-8.6087746, 40.3360354], [-8.6088739, 40.3359823], [-8.6089444, 40.3359202], [-8.6092195, 40.3356253], [-8.6099415, 40.3347025], [-8.6100565, 40.3345555]]}, "properties": {"highway": "primary", "lanes": "2", "oneway": "no", "ref": "EN 335"}}, {"type": "Feature", "geometry": {"type": "LineString", "coordinates": [[-8.6664266, 40.2356933], [-8.6662655, 40.2351969], [-8.6660232, 40.2344936], [-8.6656497, 40.2334165], [-8.6655421, 40.2331063]]}, "properties": {"highway": "primary", "lanes": "2", "name": "Rua Jos\u00e9 Rama Bernardes", "oneway": "no", "ref": "EN 335", "surface": "asphalt"}}, {"type": "Feature", "geometry": {"type": "LineString", "coordinates": [[-8.6683215, 40.2428851], [-8.6683818, 40.2421094], [-8.668352, 40.2413235], [-8.6681938, 40.2407633], [-8.6675902, 40.2390058], [-8.6672576, 40.2380148], [-8.6668672, 40.2368673], [-8.6668345, 40.2367713], [-8.6668172, 40.2367204], [-8.6664266, 40.2356933]]}, "properties": {"highway": "primary", "lanes": "2", "name": "Rua Chefe Santos", "oneway": "no", "ref": "EN 335", "surface": "asphalt"}}, {"type": "Feature", "geometry": {"type": "LineString", "coordinates": [[-8.5750169, 40.4505782], [-8.5750858, 40.4505265], [-8.5751832, 40.4504228], [-8.5754328, 40.450101], [-8.5767818, 40.4485368], [-8.5781143, 40.4473239], [-8.5785597, 40.4469126], [-8.5792786, 40.4462487]]}, "properties": {"bicycle": "yes", "cycleway": "shared", "foot": "designated", "highway": "primary", "horse": "yes", "lanes": "2", "maxspeed": "50", "name": "Rua Principal", "oneway": "no", "ref": "EN 335", "surface": "asphalt"}}, {"type": "Feature", "geometry": {"type": "LineString", "coordinates": [[-8.5748922, 40.4506813], [-8.5748698, 40.4506465], [-8.5748293, 40.4506163], [-8.5747856, 40.4506006], [-8.5747457, 40.4505957], [-8.5747168, 40.450597], [-8.5746696, 40.4506083], [-8.5746261, 40.4506328], [-8.5745957, 40.4506672], [-8.574584, 40.4506973], [-8.5745821, 40.4507195], [-8.5745931, 40.4507606], [-8.5746186, 40.4507933], [-8.5746611, 40.4508206], [-8.5746918, 40.450831], [-8.5747268, 40.4508363], [-8.5747711, 40.4508345], [-8.5748276, 40.4508169], [-8.5748634, 40.4507923], [-8.574887, 40.4507622], [-8.5748989, 40.4507204], [-8.5748922, 40.4506813]]}, "properties": {"highway": "primary", "junction": "roundabout", "maxspeed": "40", "name": "Rotunda Marv\u00e3o", "ref": "EN 335", "surface": "asphalt"}}, {"type": "Feature", "geometry": {"type": "LineString", "coordinates": [[-8.5750169, 40.4505782], [-8.5749472, 40.4505966], [-8.5748787, 40.4505994], [-8.5747856, 40.4506006]]}, "properties": {"bicycle": "yes", "cycleway": "shared", "foot": "designated", "highway": "primary", "horse": "yes", "lanes": "1", "maxspeed": "50", "name": "Rua Principal", "oneway": "yes", "ref": "EN 335", "surface": "asphalt"}}, {"type": "Feature", "geometry": {"type": "LineString", "coordinates": [[-8.5748989, 40.4507204], [-8.5749354, 40.4506589], [-8.5749767, 40.4506231], [-8.5750169, 40.4505782]]}, "properties": {"bicycle": "yes", "cycleway": "shared", "foot": "designated", "highway": "primary", "horse": "yes", "lanes": "1", "maxspeed": "50", "name": "Rua Principal", "oneway": "yes", "ref": "EN 335", "surface": "asphalt"}}, {"type": "Feature", "geometry": {"type": "LineString", "coordinates": [[-8.5746611, 40.4508206], [-8.5746867, 40.4508714], [-8.5746981, 40.4509746]]}, "properties": {"bicycle": "yes", "cycleway": "shared", "foot": "designated", "highway": "primary", "horse": "yes", "lanes": "1", "maxspeed": "50", "name": "Rua Principal", "oneway": "yes", "ref": "EN 335", "surface": "asphalt"}}, {"type": "Feature", "geometry": {"type": "LineString", "coordinates": [[-8.5746981, 40.4509746], [-8.5747361, 40.4509358], [-8.5747892, 40.4508695], [-8.5748276, 40.4508169]]}, "properties": {"bicycle": "yes", "cycleway": "shared", "foot": "designated", "highway": "primary", "horse": "yes", "lanes": "1", "maxspeed": "50", "name": "Rua Principal", "oneway": "yes", "ref": "EN 335", "surface": "asphalt"}}, {"type": "Feature", "geometry": {"type": "LineString", "coordinates": [[-8.6002375, 40.5292468], [-8.6002806, 40.5286644], [-8.6002629, 40.528216], [-8.6001465, 40.5275181], [-8.6001225, 40.5274151], [-8.6000296, 40.5270161], [-8.599961, 40.5268383], [-8.5999041, 40.5265683], [-8.5998484, 40.5261842]]}, "properties": {"bicycle": "yes", "cycleway": "shared", "foot": "designated", "highway": "primary", "horse": "yes", "lanes": "2", "name": "Rua Manoel de Oliveira", "oneway": "no", "ref": "EN 335", "surface": "asphalt"}}, {"type": "Feature", "geometry": {"type": "LineString", "coordinates": [[-8.5999065, 40.5209707], [-8.5999423, 40.5208929], [-8.5999165, 40.5207341], [-8.5998554, 40.520559], [-8.5998053, 40.5202902], [-8.5998178, 40.5198602], [-8.5998356, 40.5194364], [-8.5998589, 40.5189967], [-8.599872, 40.5189062], [-8.5998902, 40.5185876], [-8.5999037, 40.5183725], [-8.5998827, 40.5181968], [-8.5997527, 40.5178156], [-8.5997329, 40.5176947], [-8.599702, 40.5176121]]}, "properties": {"bicycle": "yes", "cycleway": "shared", "foot": "designated", "highway": "primary", "horse": "yes", "lanes": "2", "maxspeed": "50", "name": "Rua Arieiro", "oneway": "no", "ref": "EN 335", "surface": "asphalt"}}, {"type": "Feature", "geometry": {"type": "LineString", "coordinates": [[-8.5958391, 40.5108012], [-8.5945169, 40.5086985], [-8.5941254, 40.5081328], [-8.5938621, 40.5076913], [-8.593064, 40.5064444], [-8.5929735, 40.506303], [-8.5927658, 40.5059797], [-8.5926476, 40.5057967], [-8.5922973, 40.5052505], [-8.5922413, 40.5051633], [-8.5918347, 40.5045304], [-8.5910088, 40.5036255], [-8.5908944, 40.5035002], [-8.590435, 40.5030041], [-8.5903031, 40.5028633], [-8.5893008, 40.5017882], [-8.5882792, 40.5007785], [-8.5880427, 40.5005652], [-8.5880083, 40.5005318]]}, "properties": {"bicycle": "yes", "cycleway": "shared", "foot": "designated", "highway": "primary", "horse": "yes", "lanes": "2", "maxspeed": "50", "name": "Rua Sobreiro", "oneway": "no", "ref": "EN 335", "surface": "asphalt"}}, {"type": "Feature", "geometry": {"type": "LineString", "coordinates": [[-8.6220743, 40.5740276], [-8.622081, 40.5739735], [-8.6221083, 40.5737518], [-8.6224213, 40.5712111], [-8.6224354, 40.5710964], [-8.6225114, 40.5704795], [-8.6226202, 40.5699273], [-8.6226351, 40.5698788], [-8.62293, 40.568918], [-8.6231209, 40.5684279], [-8.6236618, 40.5673207], [-8.623757, 40.5671062], [-8.6239715, 40.566658], [-8.6240984, 40.5664103], [-8.6242061, 40.5661871], [-8.6244583, 40.565657], [-8.6245771, 40.5653545], [-8.6246023, 40.5652492], [-8.624612, 40.5651551], [-8.6246093, 40.565065], [-8.6245976, 40.5649583], [-8.6245705, 40.5648465], [-8.6244454, 40.5643698], [-8.6243807, 40.5640456], [-8.6241751, 40.5630134], [-8.6241601, 40.5629203], [-8.6241526, 40.5628541], [-8.6241607, 40.5627424], [-8.6241703, 40.562664], [-8.6243182, 40.5621317], [-8.6244264, 40.5617626], [-8.6244743, 40.5615992], [-8.6246005, 40.5610863], [-8.62466, 40.5608444], [-8.6246759, 40.5605808], [-8.6246805, 40.5605046], [-8.6246402, 40.5601937], [-8.6242642, 40.55729], [-8.6242478, 40.5572046], [-8.6241989, 40.5569505], [-8.6234926, 40.555743], [-8.6232115, 40.5553678], [-8.622887, 40.555095], [-8.6199028, 40.5532594], [-8.6197567, 40.5531704], [-8.6186417, 40.5524916], [-8.6185517, 40.5524336], [-8.6183584, 40.5523031], [-8.6180365, 40.552087], [-8.6178088, 40.5519696], [-8.61755, 40.5517924], [-8.6173502, 40.5516335], [-8.6170264, 40.5513558], [-8.6167538, 40.5511102], [-8.6156821, 40.5499775], [-8.615075, 40.5493463], [-8.6140883, 40.5483544], [-8.6133353, 40.5476281], [-8.6117912, 40.5460374], [-8.6115196, 40.5457692], [-8.6112809, 40.5455138], [-8.611129, 40.5453347], [-8.6110331, 40.5451864], [-8.6109479, 40.5450227], [-8.6108911, 40.5448467], [-8.6108436, 40.5446366], [-8.6108033, 40.544282], [-8.6107597, 40.5438558], [-8.6107259, 40.5436375], [-8.6107023, 40.5434], [-8.610615, 40.5430378], [-8.6103795, 40.5422338], [-8.6102659, 40.5418015], [-8.6097231, 40.5396698], [-8.6095685, 40.5392942], [-8.6091608, 40.5387457], [-8.6087827, 40.5382628], [-8.6083874, 40.53791], [-8.6077216, 40.5375134], [-8.6069136, 40.5370238], [-8.6053759, 40.5361246], [-8.6052636, 40.5360582], [-8.6037597, 40.5351687], [-8.6033521, 40.5349399], [-8.6029364, 40.5346877], [-8.6028315, 40.534625], [-8.602677, 40.5345393], [-8.6024854, 40.5344263], [-8.602113, 40.5342166], [-8.6018379, 40.5340487], [-8.6015389, 40.533847], [-8.6011361, 40.5336133]]}, "properties": {"bicycle": "yes", "foot": "designated", "highway": "primary", "horse": "yes", "lanes": "2", "maxspeed": "50", "name": "Rua do Paraiso", "oneway": "no", "ref": "EN 335", "surface": "asphalt"}}, {"type": "Feature", "geometry": {"type": "LineString", "coordinates": [[-8.5851136, 40.497546], [-8.5850684, 40.4974895], [-8.5846546, 40.4972014], [-8.5839745, 40.4968306], [-8.5837207, 40.4966873], [-8.5834414, 40.4964978], [-8.5827825, 40.4957771], [-8.5825382, 40.4955837], [-8.5824041, 40.4954776], [-8.5816727, 40.4948987], [-8.5814925, 40.4946341], [-8.5812995, 40.4942615], [-8.5811797, 40.4941088], [-8.5810683, 40.4939734], [-8.5805854, 40.493444], [-8.5803279, 40.4931618], [-8.5801006, 40.4928722], [-8.5799793, 40.4926415], [-8.5799077, 40.4924588], [-8.5798619, 40.4923419], [-8.579741, 40.4919828], [-8.5796929, 40.4917218], [-8.5797992, 40.4910111], [-8.5798153, 40.4909038], [-8.5798424, 40.4907106], [-8.5798503, 40.4906546], [-8.5799213, 40.490072], [-8.5798845, 40.4898207], [-8.5798179, 40.4895692], [-8.5796265, 40.4892571]]}, "properties": {"bicycle": "yes", "cycleway": "shared", "foot": "designated", "highway": "primary", "horse": "yes", "lanes": "2", "maxspeed": "50", "name": "Rua Caneira", "oneway": "no", "ref": "EN 335", "surface": "asphalt"}}, {"type": "Feature", "geometry": {"type": "LineString", "coordinates": [[-8.5796265, 40.4892571], [-8.5794494, 40.4890694], [-8.5789608, 40.4885866], [-8.5783805, 40.4880502], [-8.578038, 40.4876771], [-8.5777764, 40.4872171], [-8.5777133, 40.4871132], [-8.5774507, 40.4866005]]}, "properties": {"bicycle": "yes", "cycleway": "shared", "foot": "designated", "highway": "primary", "horse": "yes", "lanes": "2", "maxspeed": "50", "name": "Rua Lagoinha", "oneway": "no", "ref": "EN 335", "surface": "asphalt"}}, {"type": "Feature", "geometry": {"type": "LineString", "coordinates": [[-8.5774507, 40.4866005], [-8.5774436, 40.4864062], [-8.5774721, 40.4862738], [-8.5775141, 40.4860786], [-8.5779172, 40.4854978], [-8.5779913, 40.485391], [-8.5781253, 40.4850117], [-8.5781045, 40.4845642], [-8.5781417, 40.483738]]}, "properties": {"bicycle": "yes", "cycleway": "shared", "foot": "designated", "highway": "primary", "horse": "yes", "lanes": "2", "name": "Rua Manoel da Silva Cravo", "oneway": "no", "ref": "EN 335", "surface": "asphalt"}}, {"type": "Feature", "geometry": {"type": "LineString", "coordinates": [[-8.5781073, 40.4822723], [-8.5781377, 40.482225], [-8.5781947, 40.4821508], [-8.5782982, 40.4820694], [-8.5785914, 40.4818446], [-8.579054, 40.4814468], [-8.579094, 40.4814123], [-8.5794492, 40.4811069], [-8.5795346, 40.4809754]]}, "properties": {"bicycle": "yes", "cycleway": "shared", "foot": "designated", "highway": "primary", "horse": "yes", "lanes": "2", "maxspeed": "50", "name": "Rua Manuel Nunes Ferreira Neves", "oneway": "no", "ref": "EN 335", "surface": "asphalt"}}, {"type": "Feature", "geometry": {"type": "LineString", "coordinates": [[-8.5781417, 40.483738], [-8.5781412, 40.4836372], [-8.5781406, 40.4834991], [-8.5781419, 40.483389], [-8.5781223, 40.4829693], [-8.5780961, 40.4827096], [-8.5780832, 40.4825813], [-8.5781073, 40.4822723]]}, "properties": {"bicycle": "yes", "cycleway": "shared", "foot": "designated", "highway": "primary", "horse": "yes", "lanes": "2", "name": "Rua Professor Jaime Oliveira", "oneway": "no", "ref": "EN 335", "surface": "asphalt"}}, {"type": "Feature", "geometry": {"type": "LineString", "coordinates": [[-8.5795346, 40.4809754], [-8.579532, 40.480754], [-8.5790304, 40.4794725], [-8.5789528, 40.4792741], [-8.5788254, 40.4786746], [-8.5785157, 40.4769775], [-8.5784312, 40.4765086], [-8.5779407, 40.4735707], [-8.5778141, 40.4732904]]}, "properties": {"bicycle": "yes", "cycleway": "shared", "foot": "designated", "highway": "primary", "horse": "yes", "lanes": "2", "maxspeed": "50", "name": "Rua Vale", "oneway": "no", "ref": "EN 335", "surface": "asphalt"}}, {"type": "Feature", "geometry": {"type": "LineString", "coordinates": [[-8.5778141, 40.4732904], [-8.5771094, 40.4720775], [-8.5769685, 40.4717749], [-8.5765889, 40.4705861], [-8.5763108, 40.4696727], [-8.5762277, 40.4694238], [-8.5760445, 40.4688753]]}, "properties": {"bicycle": "yes", "cycleway": "shared", "foot": "designated", "highway": "primary", "horse": "yes", "lanes": "2", "name": "Rua Quinta do Gordo", "oneway": "no", "ref": "EN 335", "surface": "asphalt"}}, {"type": "Feature", "geometry": {"type": "LineString", "coordinates": [[-8.5760445, 40.4688753], [-8.5759681, 40.4685096], [-8.5759387, 40.4676016], [-8.5759451, 40.4674256], [-8.5759248, 40.4668283], [-8.5758763, 40.465403], [-8.5758525, 40.4651063], [-8.5758227, 40.4647344], [-8.575585, 40.4630676], [-8.5755146, 40.4624947], [-8.5753388, 40.4619425], [-8.5752561, 40.4617218], [-8.574173, 40.4597092], [-8.5737541, 40.4590269], [-8.5734193, 40.4586456], [-8.5729792, 40.458129], [-8.5728448, 40.4578969], [-8.5727906, 40.457618], [-8.572735, 40.4571821], [-8.5727295, 40.4570731], [-8.5727155, 40.4567988], [-8.5727342, 40.4565327], [-8.5730233, 40.4554894], [-8.5730881, 40.4552593], [-8.5736452, 40.4531974], [-8.5737654, 40.4527524], [-8.573987, 40.4519605], [-8.5741833, 40.4516287], [-8.5745741, 40.4511483], [-8.5746981, 40.4509746]]}, "properties": {"bicycle": "yes", "cycleway": "shared", "foot": "designated", "highway": "primary", "horse": "yes", "lanes": "2", "maxspeed": "50", "name": "Rua Principal", "oneway": "no", "ref": "EN 335", "surface": "asphalt"}}, {"type": "Feature", "geometry": {"type": "LineString", "coordinates": [[-8.5889216, 40.4007627], [-8.5887317, 40.4015554], [-8.5887028, 40.4017425], [-8.5886388, 40.4020565], [-8.5886118, 40.402333], [-8.5886754, 40.4031848], [-8.5886936, 40.4051425], [-8.5886822, 40.4067282], [-8.5886511, 40.4071387], [-8.5885567, 40.4074387], [-8.5883575, 40.4078184], [-8.5878937, 40.4086189], [-8.5869532, 40.4102383], [-8.5869398, 40.4102607], [-8.586011, 40.4118117], [-8.5858743, 40.4120553], [-8.5857448, 40.4123558], [-8.5856916, 40.412564], [-8.5856385, 40.4128303], [-8.5855112, 40.4138459], [-8.585465, 40.4142926], [-8.5854709, 40.4146026], [-8.5857235, 40.4162647], [-8.5859681, 40.4178238], [-8.5861621, 40.4189985], [-8.5863108, 40.4199221], [-8.5863336, 40.420128]]}, "properties": {"highway": "primary", "lanes": "2", "oneway": "no", "ref": "EN 335", "surface": "asphalt"}}, {"type": "Feature", "geometry": {"type": "LineString", "coordinates": [[-8.5851264, 40.4321594], [-8.585016, 40.431743], [-8.5849442, 40.4312429], [-8.5850237, 40.4305871], [-8.5851358, 40.4295144], [-8.5854336, 40.4274232], [-8.5855004, 40.4268607], [-8.5855204, 40.4266996], [-8.5855283, 40.4266356], [-8.585545, 40.4265009], [-8.5855629, 40.426396], [-8.5858191, 40.4243793], [-8.5858312, 40.4242637]]}, "properties": {"bicycle": "yes", "cycleway": "shared", "foot": "designated", "highway": "primary", "horse": "yes", "lanes": "2", "maxspeed": "50", "name": "Rua Central", "oneway": "no", "ref": "EN 335", "surface": "asphalt"}}, {"type": "Feature", "geometry": {"type": "LineString", "coordinates": [[-8.657678, 40.2254314], [-8.6580643, 40.2255072], [-8.658299, 40.2255734], [-8.6584858, 40.2256565], [-8.6586065, 40.2257384], [-8.6587175, 40.2258356], [-8.6590389, 40.226133], [-8.6590715, 40.2261632], [-8.6599881, 40.2270015], [-8.6605375, 40.227504], [-8.6611612, 40.2280745]]}, "properties": {"highway": "primary", "lanes": "2", "name": "Rua Casal dos Moutinhos", "oneway": "no", "ref": "EN 335", "surface": "asphalt"}}, {"type": "Feature", "geometry": {"type": "LineString", "coordinates": [[-8.6573079, 40.2253577], [-8.657678, 40.2254314]]}, "properties": {"bridge": "yes", "highway": "primary", "layer": "1", "name": "Rua Casal dos Moutinhos", "oneway": "no", "ref": "EN 335"}}, {"type": "Feature", "geometry": {"type": "LineString", "coordinates": [[-8.599527, 40.5244297], [-8.5995307, 40.5243269], [-8.599548, 40.5240377], [-8.599544, 40.5238995], [-8.5995443, 40.5238536], [-8.5995473, 40.5238139], [-8.5995503, 40.5237779], [-8.5995507, 40.5237363], [-8.5995465, 40.5236177], [-8.5995446, 40.523531], [-8.5995484, 40.5234193], [-8.5995496, 40.5233055], [-8.5995494, 40.5231569], [-8.5995502, 40.5229854], [-8.5996044, 40.522621], [-8.599626, 40.5224294], [-8.5997219, 40.5217563], [-8.5997659, 40.5214842], [-8.5999065, 40.5209707]]}, "properties": {"bicycle": "yes", "cycleway": "shared", "foot": "designated", "highway": "primary", "horse": "yes", "lanes": "2", "maxspeed": "50", "name": "Rua Doutor Jos\u00e9 de Carvalho", "oneway": "no", "ref": "EN 335", "surface": "asphalt"}}, {"type": "Feature", "geometry": {"type": "LineString", "coordinates": [[-8.5997091, 40.5254416], [-8.5996518, 40.5251563], [-8.5996151, 40.5249737], [-8.5995833, 40.5248291], [-8.5995415, 40.5246643]]}, "properties": {"bicycle": "yes", "cycleway": "shared", "foot": "designated", "highway": "primary", "horse": "yes", "lanes": "2", "maxspeed": "50", "name": "Pra\u00e7a de S\u00e3o Pedro", "oneway": "no", "ref": "EN 335;ER 333", "surface": "asphalt"}}, {"type": "Feature", "geometry": {"type": "LineString", "coordinates": [[-8.6476261, 40.2889147], [-8.6476897, 40.2888539]]}, "properties": {"bridge": "yes", "highway": "primary", "lanes": "2", "layer": "1", "name": "Rua da Capela de Santa Euf\u00e9mia", "oneway": "no", "ref": "EN 335", "surface": "asphalt"}}, {"type": "Feature", "geometry": {"type": "LineString", "coordinates": [[-8.6407283, 40.2948286], [-8.6408258, 40.2948347], [-8.6409483, 40.2948199], [-8.641072, 40.2947856], [-8.6412045, 40.2947244], [-8.6413208, 40.2946418], [-8.6422971, 40.2937744], [-8.6431522, 40.2930221], [-8.6434304, 40.2927774], [-8.6446414, 40.2917121], [-8.6457311, 40.2907493]]}, "properties": {"highway": "primary", "lanes": "2", "name": "Rua de Cantanhede", "oneway": "no", "ref": "EN 335", "surface": "asphalt"}}, {"type": "Feature", "geometry": {"type": "LineString", "coordinates": [[-8.5995415, 40.5246643], [-8.599527, 40.5244297]]}, "properties": {"bicycle": "yes", "cycleway": "shared", "foot": "designated", "highway": "primary", "horse": "yes", "lanes": "2", "maxspeed": "50", "name": "Pra\u00e7a de S\u00e3o Pedro", "oneway": "no", "ref": "EN 335", "surface": "asphalt"}}, {"type": "Feature", "geometry": {"type": "LineString", "coordinates": [[-8.6378421, 40.3014451], [-8.6381739, 40.3005818], [-8.6395217, 40.2970018], [-8.6396292, 40.2967244], [-8.6398085, 40.2962262], [-8.6401815, 40.2951752]]}, "properties": {"highway": "primary", "lanes": "2", "maxspeed": "90", "oneway": "no", "ref": "EN 335", "surface": "asphalt"}}, {"type": "Feature", "geometry": {"type": "LineString", "coordinates": [[-8.6378757, 40.3016519], [-8.6379066, 40.3016257], [-8.6379266, 40.3015939], [-8.6379341, 40.3015591], [-8.6379284, 40.3015242], [-8.6379101, 40.3014918], [-8.6378805, 40.3014647], [-8.6378421, 40.3014451], [-8.637798, 40.3014345], [-8.6377518, 40.3014338], [-8.6377072, 40.3014431], [-8.6376678, 40.3014615], [-8.6376369, 40.3014877], [-8.6376169, 40.3015195], [-8.6376094, 40.3015543], [-8.6376151, 40.3015893], [-8.6376334, 40.3016216], [-8.637663, 40.3016487], [-8.6377014, 40.3016683], [-8.6377455, 40.3016789], [-8.6377917, 40.3016796], [-8.6378363, 40.3016704], [-8.6378757, 40.3016519]]}, "properties": {"highway": "primary", "junction": "roundabout", "ref": "EN 335"}}, {"type": "Feature", "geometry": {"type": "LineString", "coordinates": [[-8.5880083, 40.5005318], [-8.5879494, 40.500446], [-8.5879383, 40.500412], [-8.5879397, 40.5003849]]}, "properties": {"highway": "primary", "lanes": "1", "name": "Rua Sobreiro", "oneway": "yes", "ref": "EN 335", "surface": "asphalt"}}, {"type": "Feature", "geometry": {"type": "LineString", "coordinates": [[-8.5878177, 40.5004436], [-8.5878844, 40.5004599], [-8.587925, 40.5004769], [-8.5880083, 40.5005318]]}, "properties": {"highway": "primary", "lanes": "1", "name": "Rua Sobreiro", "oneway": "yes", "ref": "EN 335", "surface": "asphalt"}}, {"type": "Feature", "geometry": {"type": "LineString", "coordinates": [[-8.5875688, 40.5001054], [-8.5876171, 40.5002064], [-8.5876163, 40.5002417]]}, "properties": {"highway": "primary", "lanes": "1", "name": "Rua Sobreiro", "oneway": "yes", "ref": "EN 335", "surface": "asphalt"}}, {"type": "Feature", "geometry": {"type": "LineString", "coordinates": [[-8.5875688, 40.5001054], [-8.586667, 40.4991489], [-8.5862213, 40.4986838], [-8.5859299, 40.4983796], [-8.5851912, 40.4976253], [-8.5851136, 40.497546]]}, "properties": {"bicycle": "yes", "cycleway": "shared", "foot": "designated", "highway": "primary", "horse": "yes", "lanes": "2", "name": "Rua Sobreiro", "oneway": "no", "ref": "EN 335", "surface": "asphalt"}}, {"type": "Feature", "geometry": {"type": "LineString", "coordinates": [[-8.5792786, 40.4462487], [-8.5793645, 40.446215], [-8.5794356, 40.4461987], [-8.5795107, 40.4462013]]}, "properties": {"highway": "primary", "lanes": "1", "name": "Rua Principal", "oneway": "yes", "ref": "EN 335", "surface": "asphalt"}}, {"type": "Feature", "geometry": {"type": "LineString", "coordinates": [[-8.5794563, 40.4461034], [-8.5792786, 40.4462487]]}, "properties": {"bicycle": "yes", "cycleway": "shared", "foot": "designated", "highway": "primary", "horse": "yes", "lanes": "1", "maxspeed": "50", "name": "Rua Principal", "oneway": "yes", "ref": "EN 335", "surface": "asphalt"}}, {"type": "Feature", "geometry": {"type": "LineString", "coordinates": [[-8.5797081, 40.4458464], [-8.5797963, 40.4457654], [-8.5803411, 40.4452676], [-8.580455, 40.4451568], [-8.5814116, 40.444226], [-8.5817337, 40.4439126], [-8.582873, 40.4429266], [-8.5829874, 40.4428277], [-8.5835523, 40.4423388], [-8.5841338, 40.4418091], [-8.5847179, 40.4411038], [-8.5850446, 40.4403806]]}, "properties": {"bicycle": "yes", "cycleway": "shared", "foot": "designated", "highway": "primary", "horse": "yes", "lanes": "2", "maxspeed": "50", "name": "Rua Principal", "oneway": "no", "ref": "EN 335", "surface": "asphalt"}}, {"type": "Feature", "geometry": {"type": "LineString", "coordinates": [[-8.5796969, 40.4460481], [-8.5796998, 40.4459905], [-8.5797081, 40.4458464]]}, "properties": {"highway": "primary", "lanes": "1", "name": "Rua Principal", "oneway": "yes", "ref": "EN 335", "surface": "asphalt"}}, {"type": "Feature", "geometry": {"type": "LineString", "coordinates": [[-8.5795874, 40.4459679], [-8.5795493, 40.4460175]]}, "properties": {"bicycle": "yes", "cycleway": "shared", "foot": "designated", "highway": "primary", "horse": "yes", "lanes": "1", "maxspeed": "50", "name": "Rua Principal", "oneway": "yes", "ref": "EN 335", "surface": "asphalt"}}, {"type": "Feature", "geometry": {"type": "LineString", "coordinates": [[-8.5850438, 40.4401211], [-8.5850562, 40.4401716], [-8.5850446, 40.4403806]]}, "properties": {"highway": "primary", "lanes": "1", "name": "Rua Principal", "oneway": "yes", "ref": "EN 335", "surface": "asphalt"}}, {"type": "Feature", "geometry": {"type": "LineString", "coordinates": [[-8.5850446, 40.4403806], [-8.5851781, 40.4401902], [-8.5852017, 40.4401546]]}, "properties": {"highway": "primary", "lanes": "1", "name": "Rua Principal", "oneway": "yes", "ref": "EN 335", "surface": "asphalt"}}, {"type": "Feature", "geometry": {"type": "LineString", "coordinates": [[-8.5852817, 40.4399407], [-8.5852708, 40.4398785], [-8.5852469, 40.4396229]]}, "properties": {"highway": "primary", "lanes": "1", "name": "Rua Principal", "oneway": "yes", "ref": "EN 335", "surface": "asphalt"}}, {"type": "Feature", "geometry": {"type": "LineString", "coordinates": [[-8.5852469, 40.4396229], [-8.5851408, 40.4398621], [-8.5851188, 40.439907]]}, "properties": {"highway": "primary", "lanes": "1", "name": "Rua Principal", "oneway": "yes", "ref": "EN 335", "surface": "asphalt"}}, {"type": "Feature", "geometry": {"type": "LineString", "coordinates": [[-8.5852469, 40.4396229], [-8.5852524, 40.4395634], [-8.5854985, 40.4374186], [-8.585646, 40.4360745], [-8.5857358, 40.4354874]]}, "properties": {"bicycle": "yes", "cycleway": "shared", "foot": "designated", "highway": "primary", "horse": "yes", "lanes": "2", "maxspeed": "50", "name": "Rua Principal", "oneway": "no", "ref": "EN 335", "surface": "asphalt"}}, {"type": "Feature", "geometry": {"type": "LineString", "coordinates": [[-8.6457311, 40.2907493], [-8.6467019, 40.2898137], [-8.6472378, 40.2892816], [-8.6476261, 40.2889147]]}, "properties": {"highway": "primary", "lanes": "2", "name": "Rua da Capela de Santa Euf\u00e9mia", "oneway": "no", "ref": "EN 335", "surface": "asphalt"}}, {"type": "Feature", "geometry": {"type": "LineString", "coordinates": [[-8.6524852, 40.2815805], [-8.6525487, 40.2812467], [-8.6525538, 40.2812199]]}, "properties": {"highway": "primary", "lanes": "2", "name": "Largo Silva Ferr\u00e3o", "oneway": "no", "ref": "EN 335", "surface": "asphalt"}}, {"type": "Feature", "geometry": {"type": "LineString", "coordinates": [[-8.6525801, 40.2810816], [-8.6525959, 40.2809984], [-8.6526489, 40.2806188], [-8.6527816, 40.2799733], [-8.6529954, 40.2789037], [-8.652979, 40.2785599]]}, "properties": {"highway": "primary", "lanes": "2", "name": "Rua Angelino Gomes Ferr\u00e3o", "oneway": "no", "ref": "EN 335", "surface": "asphalt"}}, {"type": "Feature", "geometry": {"type": "LineString", "coordinates": [[-8.652979, 40.2785599], [-8.6529965, 40.2784326], [-8.6530419, 40.2781833], [-8.6531223, 40.2776882], [-8.6531496, 40.2776123], [-8.6534496, 40.2770292], [-8.6541013, 40.2759896], [-8.6541916, 40.2758575], [-8.6544625, 40.2754201]]}, "properties": {"highway": "primary", "lanes": "2", "name": "Rua da Alegria", "oneway": "no", "ref": "EN 335", "surface": "asphalt"}}, {"type": "Feature", "geometry": {"type": "LineString", "coordinates": [[-8.6544625, 40.2754201], [-8.6545048, 40.2753466], [-8.6545305, 40.2753019], [-8.6546765, 40.2750481], [-8.6548048, 40.2748478], [-8.6548917, 40.2746724], [-8.6549686, 40.2744646], [-8.6549898, 40.2742147], [-8.6550482, 40.2735094], [-8.6550804, 40.2725025], [-8.6551041, 40.2716741], [-8.6551184, 40.2714777], [-8.6551877, 40.2698421], [-8.6552628, 40.268958], [-8.6556604, 40.268212]]}, "properties": {"highway": "primary", "lanes": "2", "name": "Rua do Sobreiro", "oneway": "no", "ref": "EN 335", "surface": "asphalt"}}, {"type": "Feature", "geometry": {"type": "LineString", "coordinates": [[-8.6622009, 40.2540726], [-8.6622597, 40.2538955], [-8.6622794, 40.2538362], [-8.6623526, 40.2536474], [-8.6623969, 40.2534587], [-8.6626197, 40.2524562], [-8.6627793, 40.2520446], [-8.6628839, 40.251763], [-8.6630246, 40.251418], [-8.6631378, 40.2511011], [-8.6633308, 40.2506975], [-8.6636055, 40.2502182], [-8.6638919, 40.2497942], [-8.6641411, 40.2494371], [-8.6642016, 40.2493583], [-8.6650297, 40.2481971], [-8.6657057, 40.2472665], [-8.6661204, 40.2466548], [-8.6672053, 40.2451835], [-8.6672715, 40.2451044], [-8.6677036, 40.2444341], [-8.6680291, 40.2438413], [-8.6683215, 40.2428851]]}, "properties": {"highway": "primary", "lanes": "2", "name": "Rua Principal do Amieiro", "oneway": "no", "ref": "EN 335", "surface": "asphalt"}}, {"type": "Feature", "geometry": {"type": "LineString", "coordinates": [[-8.6611612, 40.2280745], [-8.6611851, 40.2280964], [-8.6623545, 40.2293824], [-8.6633754, 40.2304919], [-8.6641692, 40.2313545], [-8.6642378, 40.2314251], [-8.6647363, 40.2319949], [-8.6651096, 40.2323919]]}, "properties": {"highway": "primary", "lanes": "2", "name": "Rua Jos\u00e9 Rama Bernardes", "oneway": "no", "ref": "EN 335", "surface": "asphalt"}}, {"type": "Feature", "geometry": {"type": "LineString", "coordinates": [[-8.6555783, 40.2207188], [-8.6556534, 40.2208683], [-8.6557204, 40.2211325], [-8.655758, 40.2215114], [-8.6557365, 40.2216834], [-8.6556507, 40.2221299], [-8.6556507, 40.2222835], [-8.6556641, 40.2224412], [-8.655699, 40.2225436], [-8.6557456, 40.222649], [-8.6558572, 40.2228221], [-8.6559323, 40.2229614], [-8.6559591, 40.2230351], [-8.6559726, 40.2231293], [-8.6559672, 40.223244], [-8.6557888, 40.2240161], [-8.6557861, 40.2241492], [-8.655813, 40.2242106], [-8.6558586, 40.2242659], [-8.6559203, 40.2243171], [-8.6564486, 40.2245936], [-8.6566498, 40.2246939], [-8.6568185, 40.2248362], [-8.6568939, 40.2249561], [-8.6569583, 40.2250953], [-8.6570226, 40.2251998], [-8.6571058, 40.2252735], [-8.6571863, 40.2253165], [-8.6573079, 40.2253577]]}, "properties": {"highway": "primary", "lanes": "2", "name": "Rua Casal dos Moutinhos", "oneway": "no", "ref": "EN 335", "surface": "asphalt"}}, {"type": "Feature", "geometry": {"type": "LineString", "coordinates": [[-8.6501022, 40.2127443], [-8.6498463, 40.2123259], [-8.6497888, 40.2122319], [-8.6494907, 40.2117447], [-8.6492184, 40.2112812], [-8.6491806, 40.2111578], [-8.6490923, 40.2108213], [-8.649071, 40.210749], [-8.6490256, 40.2105833], [-8.6487043, 40.2093945], [-8.6485894, 40.2089507], [-8.6483856, 40.2081478], [-8.6481496, 40.2072137], [-8.6481769, 40.2067576], [-8.6481954, 40.206333], [-8.6482139, 40.2059764]]}, "properties": {"highway": "primary", "lanes": "2", "name": "Rua 13 de Julho", "oneway": "no", "ref": "EN 335", "surface": "asphalt"}}, {"type": "Feature", "geometry": {"type": "LineString", "coordinates": [[-8.6482344, 40.2054632], [-8.6482281, 40.2056209], [-8.6482139, 40.2059764]]}, "properties": {"highway": "primary", "maxspeed": "40", "name": "Largo do Alhastro", "oneway": "yes", "ref": "EN 335"}}, {"type": "Feature", "geometry": {"type": "LineString", "coordinates": [[-8.6483108, 40.2054705], [-8.6483464, 40.2053266], [-8.6483925, 40.2051566], [-8.6485186, 40.2046915], [-8.6485586, 40.2045442], [-8.6486032, 40.2044785], [-8.6486543, 40.2044132]]}, "properties": {"highway": "primary", "lanes": "1", "maxspeed": "40", "name": "Avenida da Liberdade", "oneway": "yes", "ref": "EN 335", "surface": "asphalt"}}, {"type": "Feature", "geometry": {"type": "LineString", "coordinates": [[-8.5863394, 40.3476213], [-8.5863402, 40.3476444], [-8.5863502, 40.3476662], [-8.5863669, 40.3476835], [-8.5863892, 40.3476965], [-8.5864155, 40.3477041], [-8.5864435, 40.3477058], [-8.586471, 40.3477013], [-8.5864966, 40.3476906], [-8.586517, 40.3476747], [-8.5865304, 40.3476549], [-8.5865355, 40.3476331], [-8.5865321, 40.347611], [-8.5865203, 40.3475906], [-8.5865006, 40.3475735], [-8.5864752, 40.3475616], [-8.5864462, 40.3475561], [-8.5864164, 40.3475574], [-8.5863885, 40.3475655], [-8.5863647, 40.3475799], [-8.5863478, 40.3475991], [-8.5863394, 40.3476213]]}, "properties": {"highway": "primary", "junction": "roundabout", "ref": "EN 335"}}, {"type": "Feature", "geometry": {"type": "LineString", "coordinates": [[-8.6436435, 40.2787125], [-8.643548, 40.2784939]]}, "properties": {"highway": "primary", "lanes": "2", "oneway": "yes", "ref": "EN 335", "surface": "asphalt"}}, {"type": "Feature", "geometry": {"type": "LineString", "coordinates": [[-8.6435236, 40.2792413], [-8.6436304, 40.2790412]]}, "properties": {"highway": "primary", "lanes": "2", "oneway": "yes", "ref": "EN 335", "surface": "asphalt"}}, {"type": "Feature", "geometry": {"type": "LineString", "coordinates": [[-8.6434281, 40.2790186], [-8.6435236, 40.2792413]]}, "properties": {"highway": "primary", "oneway": "yes", "ref": "EN 335"}}, {"type": "Feature", "geometry": {"type": "LineString", "coordinates": [[-8.643548, 40.2784939], [-8.6434534, 40.2787198]]}, "properties": {"highway": "primary", "oneway": "yes", "ref": "EN 335", "surface": "asphalt"}}, {"type": "Feature", "geometry": {"type": "LineString", "coordinates": [[-8.6401815, 40.2951752], [-8.6403402, 40.2947586]]}, "properties": {"highway": "primary", "lanes": "2", "maxspeed": "90", "oneway": "no", "ref": "EN 335", "surface": "asphalt"}}, {"type": "Feature", "geometry": {"type": "LineString", "coordinates": [[-8.5893561, 40.3979646], [-8.5892839, 40.3981741], [-8.5891318, 40.3986067], [-8.5891124, 40.3989458], [-8.5891662, 40.3994403], [-8.589101, 40.3999708], [-8.5889216, 40.4007627]]}, "properties": {"highway": "primary", "lanes": "2", "maxspeed": "50", "name": "Rua Fonte", "oneway": "no", "ref": "EN 335", "surface": "asphalt"}}, {"type": "Feature", "geometry": {"type": "LineString", "coordinates": [[-8.5893908, 40.3978641], [-8.5893561, 40.3979646]]}, "properties": {"bridge": "yes", "highway": "primary", "lanes": "2", "layer": "1", "maxspeed": "50", "name": "Rua Fonte", "oneway": "no", "ref": "EN 335", "surface": "asphalt"}}, {"type": "Feature", "geometry": {"type": "LineString", "coordinates": [[-8.5895656, 40.3973571], [-8.5894436, 40.3977109], [-8.5893908, 40.3978641]]}, "properties": {"highway": "primary", "lanes": "2", "maxspeed": "50", "name": "Rua Fonte", "oneway": "no", "ref": "EN 335", "surface": "asphalt"}}, {"type": "Feature", "geometry": {"type": "LineString", "coordinates": [[-8.5896679, 40.3970706], [-8.5895656, 40.3973571]]}, "properties": {"highway": "primary", "lanes": "2", "maxspeed": "50", "name": "Rua Fonte", "oneway": "no", "ref": "EN 335", "surface": "asphalt"}}, {"type": "Feature", "geometry": {"type": "LineString", "coordinates": [[-8.5896753, 40.3968278], [-8.5896679, 40.3970706]]}, "properties": {"highway": "primary", "lanes": "2", "maxspeed": "50", "name": "Rua Fonte", "oneway": "no", "ref": "EN 335", "surface": "asphalt"}}, {"type": "Feature", "geometry": {"type": "LineString", "coordinates": [[-8.600092, 40.5306585], [-8.6001491, 40.5304395], [-8.6001763, 40.5303037], [-8.6002001, 40.5299986], [-8.6002375, 40.5292468]]}, "properties": {"bicycle": "yes", "cycleway": "shared", "foot": "designated", "highway": "primary", "horse": "yes", "lanes": "2", "name": "Rua do Paraiso", "oneway": "no", "ref": "EN 335", "surface": "asphalt"}}, {"type": "Feature", "geometry": {"type": "LineString", "coordinates": [[-8.5910666, 40.3470218], [-8.5909286, 40.347022], [-8.5906699, 40.3470223], [-8.5903499, 40.3470228], [-8.5903133, 40.3470232], [-8.5901398, 40.3470058]]}, "properties": {"highway": "primary", "lanes": "2", "maxspeed": "50", "name": "Rua dos Bombeiros Volunt\u00e1rios", "oneway": "no", "ref": "EN 335", "surface": "asphalt"}}, {"type": "Feature", "geometry": {"type": "LineString", "coordinates": [[-8.5899221, 40.3470209], [-8.589927, 40.3470478], [-8.5899428, 40.3470721], [-8.5899681, 40.3470912], [-8.59, 40.3471033], [-8.5900353, 40.3471069], [-8.5900703, 40.3471017], [-8.5900978, 40.3470903], [-8.5901199, 40.3470736], [-8.590135, 40.3470527], [-8.5901418, 40.3470295], [-8.5901398, 40.3470058]]}, "properties": {"highway": "primary", "junction": "roundabout", "lanes": "2", "maxspeed": "50", "name": "Rua dos Bombeiros Volunt\u00e1rios", "oneway": "yes", "ref": "EN 335", "surface": "asphalt"}}, {"type": "Feature", "geometry": {"type": "LineString", "coordinates": [[-8.6350059, 40.3059812], [-8.635261, 40.3055083], [-8.6354531, 40.3051988], [-8.6355678, 40.305014], [-8.6356871, 40.3048367], [-8.6369699, 40.3029301], [-8.6374955, 40.302071], [-8.6375829, 40.3019141], [-8.6376531, 40.3017608], [-8.6377014, 40.3016683]]}, "properties": {"highway": "primary", "lanes": "2", "maxspeed": "90", "oneway": "no", "ref": "EN 335", "surface": "asphalt"}}, {"type": "Feature", "geometry": {"type": "LineString", "coordinates": [[-8.6349643, 40.3060597], [-8.6350059, 40.3059812]]}, "properties": {"bridge": "yes", "highway": "primary", "lanes": "2", "layer": "1", "maxspeed": "90", "name": "Estrada Nova", "oneway": "no", "ref": "EN 335", "surface": "asphalt"}}, {"type": "Feature", "geometry": {"type": "LineString", "coordinates": [[-8.6263232, 40.3178742], [-8.6265018, 40.3176998], [-8.6267476, 40.3174463], [-8.627107, 40.3170504], [-8.6275373, 40.3165443], [-8.6276983, 40.316355], [-8.6280443, 40.3159308], [-8.6282857, 40.3154503], [-8.6283558, 40.3150483], [-8.6282999, 40.3146654], [-8.6281597, 40.3140613], [-8.6281524, 40.3138833], [-8.6282146, 40.3136875], [-8.628377, 40.3134836], [-8.6294353, 40.3125527], [-8.6295568, 40.3124473], [-8.6325243, 40.3099836], [-8.6327485, 40.3097203], [-8.6336785, 40.3083909], [-8.6340952, 40.3077293], [-8.6346496, 40.3066568], [-8.6347799, 40.3064009], [-8.6349643, 40.3060597]]}, "properties": {"highway": "primary", "lanes": "2", "maxspeed": "90", "oneway": "no", "ref": "EN 335", "surface": "asphalt"}}, {"type": "Feature", "geometry": {"type": "LineString", "coordinates": [[-8.6108324, 40.3335847], [-8.610987, 40.3333858], [-8.611744, 40.3324117], [-8.6123357, 40.3316975], [-8.6124085, 40.3315993], [-8.6129306, 40.330925], [-8.6151536, 40.3281051]]}, "properties": {"highway": "primary", "lanes": "2", "maxspeed": "90", "oneway": "no", "ref": "EN 335", "surface": "asphalt"}}, {"type": "Feature", "geometry": {"type": "LineString", "coordinates": [[-8.59706, 40.3411482], [-8.5970752, 40.3411791], [-8.5971029, 40.3412044], [-8.5971399, 40.3412214], [-8.5971822, 40.3412281], [-8.5972251, 40.3412239], [-8.5972638, 40.3412092]]}, "properties": {"highway": "primary", "junction": "roundabout", "ref": "EN 335"}}, {"type": "Feature", "geometry": {"type": "LineString", "coordinates": [[-8.6107264, 40.3340593], [-8.6106947, 40.333992], [-8.6106378, 40.3339351], [-8.6105611, 40.333894], [-8.6104716, 40.3338725], [-8.6103778, 40.3338725], [-8.6102884, 40.3338942]]}, "properties": {"highway": "primary", "junction": "roundabout", "lanes": "2", "maxspeed": "50", "ref": "EN 335", "surface": "asphalt"}}, {"type": "Feature", "geometry": {"type": "LineString", "coordinates": [[-8.6107171, 40.3341757], [-8.6107314, 40.334118], [-8.6107264, 40.3340593]]}, "properties": {"highway": "primary", "junction": "roundabout", "lanes": "2", "maxspeed": "50", "ref": "EN 335", "surface": "asphalt"}}, {"type": "Feature", "geometry": {"type": "LineString", "coordinates": [[-8.6238646, 40.3201987], [-8.623997, 40.3200772], [-8.6240792, 40.3199924], [-8.6242196, 40.3198555], [-8.6243815, 40.319705], [-8.6250549, 40.3190686], [-8.6258069, 40.3183599], [-8.6263232, 40.3178742]]}, "properties": {"highway": "primary", "lanes": "2", "maxspeed": "90", "oneway": "no", "ref": "EN 335", "surface": "asphalt"}}, {"type": "Feature", "geometry": {"type": "LineString", "coordinates": [[-8.6237837, 40.3202682], [-8.6238646, 40.3201987]]}, "properties": {"highway": "primary", "lanes": "2", "maxspeed": "90", "oneway": "no", "ref": "EN 335", "surface": "asphalt"}}, {"type": "Feature", "geometry": {"type": "LineString", "coordinates": [[-8.6101208, 40.3341357], [-8.6101467, 40.3342026], [-8.6101972, 40.3342607], [-8.610268, 40.3343049], [-8.6103528, 40.3343312]]}, "properties": {"highway": "primary", "junction": "roundabout", "lanes": "2", "maxspeed": "50", "ref": "EN 335", "surface": "asphalt"}}, {"type": "Feature", "geometry": {"type": "LineString", "coordinates": [[-8.6102884, 40.3338942], [-8.6102106, 40.3339362], [-8.6101536, 40.3339944], [-8.6101226, 40.3340631], [-8.6101208, 40.3341357]]}, "properties": {"highway": "primary", "junction": "roundabout", "lanes": "2", "maxspeed": "50", "ref": "EN 335", "surface": "asphalt"}}, {"type": "Feature", "geometry": {"type": "LineString", "coordinates": [[-8.6103528, 40.3343312], [-8.6104439, 40.3343373]]}, "properties": {"highway": "primary", "junction": "roundabout", "lanes": "2", "maxspeed": "50", "ref": "EN 335", "surface": "asphalt"}}, {"type": "Feature", "geometry": {"type": "LineString", "coordinates": [[-8.5973116, 40.3411578], [-8.5973171, 40.3411301], [-8.5973122, 40.3411023], [-8.5972972, 40.3410767]]}, "properties": {"highway": "primary", "junction": "roundabout", "ref": "EN 335"}}, {"type": "Feature", "geometry": {"type": "LineString", "coordinates": [[-8.5972972, 40.3410767], [-8.5972698, 40.3410529], [-8.597234, 40.341037], [-8.5971934, 40.3410305]]}, "properties": {"highway": "primary", "junction": "roundabout", "ref": "EN 335"}}, {"type": "Feature", "geometry": {"type": "LineString", "coordinates": [[-8.5971934, 40.3410305], [-8.5971583, 40.3410329]]}, "properties": {"highway": "primary", "junction": "roundabout", "ref": "EN 335"}}, {"type": "Feature", "geometry": {"type": "LineString", "coordinates": [[-8.5970576, 40.341131], [-8.59706, 40.3411482]]}, "properties": {"highway": "primary", "junction": "roundabout", "ref": "EN 335"}}, {"type": "Feature", "geometry": {"type": "LineString", "coordinates": [[-8.5972638, 40.3412092], [-8.5972932, 40.3411865], [-8.5973116, 40.3411578]]}, "properties": {"highway": "primary", "junction": "roundabout", "ref": "EN 335"}}, {"type": "Feature", "geometry": {"type": "LineString", "coordinates": [[-8.6356325, 40.2610521], [-8.6357165, 40.2613381], [-8.6360308, 40.2623598], [-8.6361935, 40.2628592]]}, "properties": {"highway": "primary", "lanes": "2", "oneway": "no", "ref": "EN 335", "surface": "asphalt"}}, {"type": "Feature", "geometry": {"type": "LineString", "coordinates": [[-8.6556604, 40.268212], [-8.6559172, 40.26773], [-8.6567755, 40.2661746], [-8.6574407, 40.2647501], [-8.6581381, 40.263039], [-8.6584922, 40.2614753], [-8.658975, 40.2598706], [-8.6592861, 40.2584296], [-8.6594009, 40.2580645], [-8.6594653, 40.2579008], [-8.659535, 40.2577493], [-8.6596638, 40.2575037], [-8.6597925, 40.2573113], [-8.6598563, 40.2572256]]}, "properties": {"highway": "primary", "lanes": "2", "name": "Rua Principal do Amieiro", "oneway": "no", "ref": "EN 335", "surface": "asphalt"}}, {"type": "Feature", "geometry": {"type": "LineString", "coordinates": [[-8.6609928, 40.256163], [-8.6616687, 40.2552623], [-8.6618431, 40.2549491], [-8.6622009, 40.2540726]]}, "properties": {"highway": "primary", "lanes": "2", "name": "Rua Principal do Amieiro", "oneway": "no", "ref": "EN 335", "surface": "asphalt"}}, {"type": "Feature", "geometry": {"type": "LineString", "coordinates": [[-8.6524665, 40.2816992], [-8.6524852, 40.2815805]]}, "properties": {"highway": "primary", "lanes": "2", "name": "Largo Silva Ferr\u00e3o", "oneway": "no", "ref": "EN 335", "surface": "asphalt"}}, {"type": "Feature", "geometry": {"type": "LineString", "coordinates": [[-8.6525538, 40.2812199], [-8.6525801, 40.2810816]]}, "properties": {"highway": "primary", "lanes": "2", "name": "Rua Angelino Gomes Ferr\u00e3o", "oneway": "no", "ref": "EN 335", "surface": "asphalt"}}, {"type": "Feature", "geometry": {"type": "LineString", "coordinates": [[-8.6476897, 40.2888539], [-8.648595, 40.2880663], [-8.6488431, 40.2878508], [-8.6490408, 40.2876732], [-8.6491636, 40.287563], [-8.6491953, 40.2875262], [-8.649225, 40.2874905], [-8.6492691, 40.2874375], [-8.6493588, 40.287289]]}, "properties": {"highway": "primary", "lanes": "2", "name": "Rua da Capela de Santa Euf\u00e9mia", "oneway": "no", "ref": "EN 335", "surface": "asphalt"}}, {"type": "Feature", "geometry": {"type": "LineString", "coordinates": [[-8.6598563, 40.2572256], [-8.6599052, 40.2571598], [-8.6602517, 40.2567756], [-8.6606234, 40.2564557], [-8.6608185, 40.2562878], [-8.6609928, 40.256163]]}, "properties": {"highway": "primary", "lanes": "2", "name": "Rua Principal do Amieiro", "oneway": "no", "ref": "EN 335", "surface": "asphalt"}}, {"type": "Feature", "geometry": {"type": "LineString", "coordinates": [[-8.6136283, 40.3401236], [-8.6135659, 40.340173], [-8.6135259, 40.3402343]]}, "properties": {"highway": "primary", "junction": "roundabout", "lanes": "2", "maxspeed": "50", "ref": "EN 335", "surface": "asphalt"}}, {"type": "Feature", "geometry": {"type": "LineString", "coordinates": [[-8.5901398, 40.3470058], [-8.590127, 40.3469806], [-8.5901044, 40.3469598], [-8.5900744, 40.3469456], [-8.5900399, 40.3469394], [-8.5900047, 40.3469418], [-8.5899723, 40.3469527], [-8.589946, 40.3469708], [-8.5899287, 40.3469943], [-8.5899221, 40.3470209]]}, "properties": {"highway": "primary", "junction": "roundabout", "lanes": "2", "maxspeed": "50", "name": "Rua dos Bombeiros Volunt\u00e1rios", "oneway": "yes", "ref": "EN 335", "surface": "asphalt"}}, {"type": "Feature", "geometry": {"type": "LineString", "coordinates": [[-8.5964746, 40.3426585], [-8.5964182, 40.3427832]]}, "properties": {"highway": "primary", "name": "Rua Doutor Jos\u00e9 de Almeida", "name:etymology": "Ant\u00f3nio Jos\u00e9 de Almeida", "name:etymology:wikidata": "Q551542", "oneway": "no", "ref": "EN 335", "width": "8"}}, {"type": "Feature", "geometry": {"type": "LineString", "coordinates": [[-8.6139405, 40.340101], [-8.6138624, 40.3400811], [-8.6137801, 40.3400783], [-8.6137001, 40.3400928], [-8.6136283, 40.3401236]]}, "properties": {"highway": "primary", "junction": "roundabout", "lanes": "2", "maxspeed": "50", "ref": "EN 335", "surface": "asphalt"}}, {"type": "Feature", "geometry": {"type": "LineString", "coordinates": [[-8.6135259, 40.3402343], [-8.6135117, 40.340302], [-8.613521, 40.3403591], [-8.6135488, 40.3404126], [-8.6135934, 40.340459]]}, "properties": {"highway": "primary", "junction": "roundabout", "lanes": "2", "maxspeed": "50", "ref": "EN 335", "surface": "asphalt"}}, {"type": "Feature", "geometry": {"type": "MultiPolygon", "coordinates": [[[[-8.6357695, 40.2605768], [-8.6357554, 40.2605099], [-8.6357155, 40.2604493], [-8.6356538, 40.2604007], [-8.6355757, 40.2603684], [-8.6354913, 40.2603556], [-8.6354056, 40.2603621], [-8.6353262, 40.2603873], [-8.6352598, 40.2604291], [-8.6352257, 40.2604644], [-8.6352013, 40.2605041], [-8.6351849, 40.2605685], [-8.6351936, 40.2606337], [-8.6352269, 40.2606942], [-8.6352817, 40.2607447], [-8.635328, 40.2607706], [-8.6353799, 40.2607891], [-8.6354093, 40.2607957], [-8.635487, 40.2608016], [-8.635564, 40.2607917], [-8.6356348, 40.2607665], [-8.6356943, 40.260728], [-8.6357356, 40.2606829], [-8.6357612, 40.2606314], [-8.6357695, 40.2605768]]]]}, "properties": {"highway": "primary", "junction": "roundabout", "lanes": "1", "ref": "EN 335", "surface": "asphalt"}}, {"type": "Feature", "geometry": {"type": "MultiPolygon", "coordinates": [[[[-8.6031666, 40.3632813], [-8.6031639, 40.3632469], [-8.6031524, 40.3632136], [-8.6031326, 40.3631826], [-8.6031053, 40.3631552], [-8.6030715, 40.3631324], [-8.6030324, 40.363115], [-8.6029898, 40.3631038], [-8.602945, 40.3630991], [-8.6029, 40.3631011], [-8.6028563, 40.3631098], [-8.6028157, 40.3631249], [-8.6027797, 40.3631456], [-8.6027496, 40.3631713], [-8.6027268, 40.363201], [-8.6027119, 40.3632336], [-8.6027057, 40.3632677], [-8.6027083, 40.3633021], [-8.6027197, 40.3633355], [-8.6027395, 40.3633665], [-8.6027668, 40.363394], [-8.6028006, 40.3634169], [-8.6028397, 40.3634343], [-8.6028825, 40.3634456], [-8.6029274, 40.3634503], [-8.6029727, 40.3634482], [-8.6030165, 40.3634394], [-8.6030571, 40.3634244], [-8.6030931, 40.3634035], [-8.603123, 40.3633777], [-8.6031458, 40.363348], [-8.6031605, 40.3633154], [-8.6031666, 40.3632813]]]]}, "properties": {"highway": "primary", "junction": "roundabout", "lanes": "2", "maxspeed": "50", "ref": "EN 335", "source": "bing", "surface": "asphalt"}}, {"type": "Feature", "geometry": {"type": "MultiPolygon", "coordinates": [[[[-8.6025504, 40.366322], [-8.6025367, 40.3662781], [-8.602512, 40.3662371], [-8.6024565, 40.3661843], [-8.6023833, 40.366146], [-8.6022987, 40.3661256], [-8.6022099, 40.3661247], [-8.6021523, 40.3661351], [-8.6020984, 40.3661539], [-8.6020291, 40.3661961], [-8.6019788, 40.3662518], [-8.6019518, 40.3663162], [-8.6019506, 40.3663838], [-8.6019643, 40.366428], [-8.6019891, 40.3664693], [-8.6020445, 40.3665221], [-8.6021177, 40.3665604], [-8.6022023, 40.3665808], [-8.602291, 40.3665817], [-8.602349, 40.3665712], [-8.6024031, 40.3665523], [-8.6024724, 40.36651], [-8.6025226, 40.3664542], [-8.6025494, 40.3663897], [-8.6025504, 40.366322]]]]}, "properties": {"highway": "primary", "junction": "roundabout", "lanes": "2", "ref": "EN 234;EN 335", "source": "bing", "surface": "asphalt"}}, {"type": "Feature", "geometry": {"type": "MultiPolygon", "coordinates": [[[[-8.6066355, 40.358269], [-8.6066284, 40.3582366], [-8.6066027, 40.3581916], [-8.6065611, 40.3581541], [-8.6065071, 40.3581274], [-8.6064452, 40.3581137], [-8.6064025, 40.3581125], [-8.6063603, 40.3581175], [-8.606301, 40.3581366], [-8.6062516, 40.3581678], [-8.606216, 40.3582085], [-8.6061973, 40.3582554], [-8.6061951, 40.3582884], [-8.6062015, 40.358321], [-8.6062313, 40.3583728], [-8.6062819, 40.358414], [-8.6063477, 40.3584402], [-8.6064211, 40.3584483], [-8.6064837, 40.3584401], [-8.6065393, 40.3584193], [-8.6065851, 40.3583876], [-8.6066176, 40.3583474], [-8.6066341, 40.3583019], [-8.6066355, 40.358269]]]]}, "properties": {"highway": "primary", "junction": "roundabout", "lanes": "2", "maxspeed": "50", "ref": "EN 335", "source": "bing", "surface": "asphalt"}}, {"type": "Feature", "geometry": {"type": "MultiPolygon", "coordinates": [[[[-8.6437876, 40.278886], [-8.6437825, 40.2788367], [-8.6437595, 40.2787904], [-8.6437291, 40.2787579], [-8.6436897, 40.2787314], [-8.6436435, 40.2787125], [-8.6435801, 40.2787009], [-8.643515, 40.2787034], [-8.6434534, 40.2787198], [-8.6434224, 40.2787346], [-8.6433948, 40.2787529], [-8.6433714, 40.2787744], [-8.6433389, 40.278826], [-8.6433299, 40.2788829], [-8.6433455, 40.2789389], [-8.643366, 40.2789695], [-8.6433939, 40.2789964], [-8.6434281, 40.2790186], [-8.6434914, 40.2790421], [-8.643561, 40.2790499], [-8.6436304, 40.2790412], [-8.643692, 40.2790174], [-8.6437415, 40.2789807], [-8.6437744, 40.2789345], [-8.6437876, 40.278886]]]]}, "properties": {"highway": "primary", "junction": "roundabout", "ref": "EN 335", "surface": "asphalt"}}, {"type": "Feature", "geometry": {"type": "MultiPolygon", "coordinates": [[[[-8.6222149, 40.5743157], [-8.6222114, 40.5742772], [-8.6221935, 40.5742411], [-8.6221693, 40.5742156], [-8.622138, 40.574195], [-8.6220958, 40.5741792], [-8.6220496, 40.5741723], [-8.6220026, 40.574175], [-8.6219583, 40.5741871], [-8.6219142, 40.5742118], [-8.6218825, 40.5742451], [-8.6218657, 40.5742841], [-8.6218652, 40.5743252], [-8.6218812, 40.5743645], [-8.6219018, 40.5743893], [-8.6219291, 40.5744101], [-8.6219774, 40.574431], [-8.6220318, 40.5744394], [-8.622087, 40.5744345], [-8.6221375, 40.5744168], [-8.6221792, 40.5743871], [-8.6222039, 40.5743534], [-8.6222149, 40.5743157]]]]}, "properties": {"highway": "primary", "junction": "roundabout", "lanes": "2", "lit": "yes", "maxspeed": "50", "ref": "EN 335", "smoothness": "excellent", "surface": "asphalt"}}, {"type": "Feature", "geometry": {"type": "MultiPolygon", "coordinates": [[[[-8.5860718, 40.4239333], [-8.5860711, 40.4238942], [-8.586056, 40.4238568], [-8.5860379, 40.4238337], [-8.5860142, 40.4238138], [-8.5859704, 40.4237915], [-8.5859201, 40.4237798], [-8.5858674, 40.4237796], [-8.585817, 40.4237911], [-8.5857867, 40.4238047], [-8.5857605, 40.4238225], [-8.5857309, 40.4238557], [-8.5857151, 40.423894], [-8.5857145, 40.4239341], [-8.5857293, 40.4239726], [-8.5857471, 40.4239959], [-8.5857706, 40.424016], [-8.5858212, 40.4240412], [-8.5858799, 40.4240523], [-8.5859402, 40.4240479], [-8.5859921, 40.42403], [-8.5860306, 40.4240041], [-8.5860579, 40.423971], [-8.5860718, 40.4239333]]]]}, "properties": {"highway": "primary", "junction": "roundabout", "lanes": "2", "maxspeed": "50", "ref": "EN 334;EN 335", "surface": "asphalt"}}, {"type": "Feature", "geometry": {"type": "MultiPolygon", "coordinates": [[[[-8.6108837, 40.3524534], [-8.6108677, 40.3523994], [-8.6108259, 40.3523542], [-8.6107646, 40.3523247], [-8.6106931, 40.3523153], [-8.6106224, 40.3523275], [-8.610563, 40.3523593], [-8.6105243, 40.352406], [-8.6105117, 40.3524607], [-8.6105276, 40.3525146], [-8.6105695, 40.3525599], [-8.6106309, 40.3525894], [-8.6107027, 40.3525988], [-8.6107734, 40.3525865], [-8.6108328, 40.3525547], [-8.6108716, 40.3525078], [-8.6108837, 40.3524534]]]]}, "properties": {"highway": "primary", "junction": "roundabout", "lanes": "2", "maxspeed": "50", "ref": "EN 335", "source": "bing", "surface": "asphalt"}}, {"type": "Feature", "geometry": {"type": "MultiPolygon", "coordinates": [[[[-8.58533, 40.440034], [-8.5853267, 40.440005], [-8.5853149, 40.4399772], [-8.5853004, 40.4399579], [-8.5852817, 40.4399407], [-8.5852469, 40.4399201], [-8.5852062, 40.4399071], [-8.5851625, 40.4399027], [-8.5851188, 40.439907], [-8.5850728, 40.4399223], [-8.5850349, 40.4399472], [-8.5850082, 40.4399795], [-8.5849953, 40.4400163], [-8.5849973, 40.4400545], [-8.5850139, 40.4400904], [-8.5850438, 40.4401211], [-8.5850903, 40.4401459], [-8.585145, 40.4401576], [-8.5852017, 40.4401546], [-8.5852457, 40.4401413], [-8.585283, 40.4401192], [-8.5853034, 40.4400996], [-8.5853184, 40.4400774], [-8.58533, 40.440034]]]]}, "properties": {"highway": "primary", "junction": "roundabout", "lanes": "2", "maxspeed": "50", "name": "Rua Principal", "ref": "EN 335"}}, {"type": "Feature", "geometry": {"type": "MultiPolygon", "coordinates": [[[[-8.5797307, 40.4461112], [-8.5797208, 40.4460777], [-8.5796969, 40.4460481], [-8.5796694, 40.4460297], [-8.5796365, 40.4460175], [-8.5796006, 40.4460123], [-8.5795746, 40.4460131], [-8.5795493, 40.4460175], [-8.5795214, 40.4460274], [-8.5794971, 40.4460417], [-8.5794775, 40.4460597], [-8.5794637, 40.4460807], [-8.5794563, 40.4461034], [-8.5794563, 40.4461312], [-8.579466, 40.446158], [-8.5794846, 40.4461819], [-8.5795107, 40.4462013], [-8.579551, 40.446217], [-8.5795883, 40.446222], [-8.579626, 40.446219], [-8.5796612, 40.4462083], [-8.5796863, 40.4461943], [-8.5797067, 40.4461764], [-8.5797258, 40.4461453], [-8.5797307, 40.4461112]]]]}, "properties": {"highway": "primary", "junction": "roundabout", "ref": "EN 335"}}, {"type": "Feature", "geometry": {"type": "MultiPolygon", "coordinates": [[[[-8.5879736, 40.5003094], [-8.5879685, 40.5002693], [-8.5879486, 40.5002314], [-8.5879154, 40.5001993], [-8.5878711, 40.5001756], [-8.5878198, 40.5001624], [-8.5877657, 40.5001609], [-8.5877133, 40.5001712], [-8.5876737, 40.5001884], [-8.5876407, 40.5002124], [-8.5876163, 40.5002417], [-8.5876019, 40.5002747], [-8.5875984, 40.5003094], [-8.587606, 40.5003437], [-8.5876243, 40.5003755], [-8.5876567, 40.5004064], [-8.587699, 40.5004294], [-8.5877479, 40.5004427], [-8.5877828, 40.5004456], [-8.5878177, 40.5004436], [-8.5878648, 40.5004325], [-8.5879064, 40.5004125], [-8.5879397, 40.5003849], [-8.5879637, 40.500349], [-8.5879736, 40.5003094]]]]}, "properties": {"highway": "primary", "junction": "roundabout", "lanes": "2", "maxspeed": "50", "name": "Rotunda do Sobreiro", "ref": "EN 335", "surface": "asphalt"}}, {"type": "Feature", "geometry": {"type": "MultiPolygon", "coordinates": [[[[-8.6487506, 40.2024993], [-8.6487435, 40.2024765], [-8.6487313, 40.2024599], [-8.6487197, 40.2024499], [-8.6487061, 40.2024415], [-8.6486753, 40.2024311], [-8.6486417, 40.202429], [-8.6486091, 40.2024355], [-8.6485812, 40.2024498], [-8.648561, 40.2024704], [-8.6485509, 40.202495], [-8.6485519, 40.2025207], [-8.6485603, 40.2025394], [-8.648578, 40.2025587], [-8.6486025, 40.2025729], [-8.6486315, 40.2025809], [-8.6486623, 40.2025817], [-8.6486936, 40.2025745], [-8.6487177, 40.2025625], [-8.6487371, 40.2025444], [-8.6487484, 40.2025226], [-8.6487506, 40.2024993]]]]}, "properties": {"highway": "primary", "junction": "roundabout", "name": "Rotunda da Serra\u00e7\u00e3o", "ref": "EN 335"}}, {"type": "Feature", "geometry": {"type": "MultiPolygon", "coordinates": [[[[-8.6487019, 40.2043314], [-8.6486941, 40.2043088], [-8.6486746, 40.2042847], [-8.6486459, 40.2042667], [-8.6486112, 40.2042566], [-8.6485741, 40.2042557], [-8.6485386, 40.2042638], [-8.648508, 40.2042806], [-8.6484862, 40.2043041], [-8.6484756, 40.2043317], [-8.6484774, 40.2043605], [-8.6484831, 40.2043714], [-8.6484914, 40.2043872], [-8.6485156, 40.2044087], [-8.6485476, 40.2044232], [-8.648584, 40.204429], [-8.6486208, 40.2044255], [-8.6486543, 40.2044132], [-8.6486768, 40.2043973], [-8.6486929, 40.2043773], [-8.6487015, 40.2043548], [-8.6487019, 40.2043314]]]]}, "properties": {"highway": "primary", "junction": "roundabout", "maxspeed": "40", "name": "Rotunda da Feira", "ref": "EN 335"}}, {"type": "Feature", "geometry": {"type": "MultiPolygon", "coordinates": [[[[-8.5946144, 40.3462192], [-8.5946125, 40.3462008], [-8.5946026, 40.3461821], [-8.5945854, 40.3461668], [-8.5945627, 40.3461565], [-8.5945369, 40.3461523], [-8.5945113, 40.3461543], [-8.5944879, 40.3461623], [-8.5944689, 40.3461754], [-8.594456, 40.3461923], [-8.5944507, 40.3462114], [-8.5944534, 40.3462309], [-8.5944643, 40.3462493], [-8.5944824, 40.3462641], [-8.5945057, 40.3462737], [-8.5945318, 40.3462772], [-8.594558, 40.3462741], [-8.5945797, 40.3462659], [-8.5945972, 40.3462532], [-8.5946091, 40.3462371], [-8.5946144, 40.3462192]]]]}, "properties": {"highway": "primary", "junction": "roundabout", "ref": "EN 335", "source": "bing"}}, {"type": "Feature", "geometry": {"type": "MultiPolygon", "coordinates": [[[[-8.5859314, 40.4351437], [-8.5859181, 40.4351007], [-8.585885, 40.4350628], [-8.585838, 40.4350366], [-8.5858025, 40.435027], [-8.5857444, 40.4350245], [-8.5857083, 40.4350309], [-8.5856577, 40.4350527], [-8.5856259, 40.4350792], [-8.585602, 40.4351195], [-8.5855968, 40.4351501], [-8.5856064, 40.4351937], [-8.5856438, 40.4352397], [-8.5856714, 40.4352597], [-8.5857151, 40.4352729], [-8.5857728, 40.4352784], [-8.5858113, 40.4352734], [-8.5858635, 40.4352538], [-8.5859067, 40.4352181], [-8.5859282, 40.435177], [-8.5859314, 40.4351437]]]]}, "properties": {"highway": "primary", "junction": "roundabout", "lanes": "2", "maxspeed": "50", "ref": "EN 335", "surface": "asphalt"}}, {"type": "Feature", "geometry": {"type": "MultiPolygon", "coordinates": [[[[-8.5865068, 40.420354], [-8.586498, 40.4203265], [-8.5864762, 40.4203038], [-8.5864445, 40.4202891], [-8.5864079, 40.4202848], [-8.5863719, 40.4202915], [-8.586342, 40.4203081], [-8.5862977, 40.4203462], [-8.5862698, 40.420378], [-8.5862511, 40.4204124], [-8.586245, 40.4204424], [-8.5862544, 40.420472], [-8.586278, 40.4204966], [-8.5863121, 40.4205124], [-8.5863516, 40.4205171], [-8.5863905, 40.4205099], [-8.5864228, 40.4204919], [-8.5864586, 40.4204596], [-8.586485, 40.4204229], [-8.5865012, 40.4203819], [-8.5865068, 40.420354]]]]}, "properties": {"highway": "primary", "junction": "roundabout", "ref": "EN 335", "source": "bing", "surface": "asphalt"}}, {"type": "Feature", "geometry": {"type": "MultiPolygon", "coordinates": [[[[-8.5998201, 40.5175129], [-8.599815, 40.5174813], [-8.5997944, 40.517449], [-8.5997766, 40.5174337], [-8.5997369, 40.5174142], [-8.5996992, 40.5174068], [-8.5996521, 40.5174091], [-8.5996295, 40.5174149], [-8.5995902, 40.5174348], [-8.5995622, 40.5174639], [-8.599549, 40.5174983], [-8.5995502, 40.5175273], [-8.5995662, 40.5175611], [-8.5995926, 40.5175861], [-8.5996548, 40.5176105], [-8.599702, 40.5176121], [-8.5997392, 40.5176041], [-8.5997785, 40.5175841], [-8.5998105, 40.517548], [-8.5998201, 40.5175129]]]]}, "properties": {"highway": "primary", "junction": "roundabout", "lanes": "2", "maxspeed": "50", "name": "Rotunda do Arieiro", "ref": "EN 335", "surface": "asphalt"}}, {"type": "Feature", "geometry": {"type": "MultiPolygon", "coordinates": [[[[-8.6000422, 40.5259449], [-8.6000342, 40.5259163], [-8.6000207, 40.5258968], [-8.5999948, 40.5258757], [-8.5999617, 40.5258616], [-8.5999218, 40.5258556], [-8.5998814, 40.5258597], [-8.599845, 40.5258736], [-8.5998165, 40.5258956], [-8.5997988, 40.5259234], [-8.5997937, 40.5259488], [-8.5997979, 40.5259743], [-8.5998109, 40.525998], [-8.5998319, 40.5260182], [-8.5998616, 40.5260343], [-8.5998962, 40.5260431], [-8.5999327, 40.5260439], [-8.5999679, 40.5260366], [-8.5999977, 40.5260226], [-8.600023, 40.5260007], [-8.6000384, 40.5259739], [-8.6000422, 40.5259449]]]]}, "properties": {"highway": "primary", "junction": "roundabout", "lanes": "1", "maxspeed": "50", "name": "Rotunda dos Quatro Caminhos", "ref": "EN 335;ER 333", "surface": "asphalt"}}, {"type": "Feature", "geometry": {"type": "MultiPolygon", "coordinates": [[[[-8.6010133, 40.5334556], [-8.6010073, 40.5334276], [-8.6009895, 40.5334027], [-8.6009619, 40.5333835], [-8.6009444, 40.5333765], [-8.6009111, 40.5333703], [-8.6008769, 40.533372], [-8.600845, 40.5333814], [-8.6008183, 40.5333978], [-8.6007993, 40.5334195], [-8.6007899, 40.5334446], [-8.60079, 40.5334666], [-8.6008014, 40.5334942], [-8.6008243, 40.5335173], [-8.6008561, 40.5335332], [-8.600893, 40.5335402], [-8.6009215, 40.533539], [-8.6009504, 40.5335318], [-8.6009757, 40.5335189], [-8.6009955, 40.5335013], [-8.601011, 40.5334724], [-8.6010133, 40.5334556]]]]}, "properties": {"highway": "primary", "junction": "roundabout", "lanes": "2", "ref": "EN 335", "surface": "asphalt"}}, {"type": "Feature", "geometry": {"type": "MultiPolygon", "coordinates": [[[[-8.5748989, 40.4507204], [-8.5748922, 40.4506813], [-8.5748698, 40.4506465], [-8.5748293, 40.4506163], [-8.5747856, 40.4506006], [-8.5747457, 40.4505957], [-8.5747168, 40.450597], [-8.5746696, 40.4506083], [-8.5746261, 40.4506328], [-8.5745957, 40.4506672], [-8.574584, 40.4506973], [-8.5745821, 40.4507195], [-8.5745931, 40.4507606], [-8.5746186, 40.4507933], [-8.5746611, 40.4508206], [-8.5746918, 40.450831], [-8.5747268, 40.4508363], [-8.5747711, 40.4508345], [-8.5748276, 40.4508169], [-8.5748634, 40.4507923], [-8.574887, 40.4507622], [-8.5748989, 40.4507204]]]]}, "properties": {"highway": "primary", "junction": "roundabout", "maxspeed": "40", "name": "Rotunda Marv\u00e3o", "ref": "EN 335", "surface": "asphalt"}}, {"type": "Feature", "geometry": {"type": "MultiPolygon", "coordinates": [[[[-8.6379341, 40.3015591], [-8.6379284, 40.3015242], [-8.6379101, 40.3014918], [-8.6378805, 40.3014647], [-8.6378421, 40.3014451], [-8.637798, 40.3014345], [-8.6377518, 40.3014338], [-8.6377072, 40.3014431], [-8.6376678, 40.3014615], [-8.6376369, 40.3014877], [-8.6376169, 40.3015195], [-8.6376094, 40.3015543], [-8.6376151, 40.3015893], [-8.6376334, 40.3016216], [-8.637663, 40.3016487], [-8.6377014, 40.3016683], [-8.6377455, 40.3016789], [-8.6377917, 40.3016796], [-8.6378363, 40.3016704], [-8.6378757, 40.3016519], [-8.6379066, 40.3016257], [-8.6379266, 40.3015939], [-8.6379341, 40.3015591]]]]}, "properties": {"highway": "primary", "junction": "roundabout", "ref": "EN 335"}}, {"type": "Feature", "geometry": {"type": "MultiPolygon", "coordinates": [[[[-8.5865355, 40.3476331], [-8.5865321, 40.347611], [-8.5865203, 40.3475906], [-8.5865006, 40.3475735], [-8.5864752, 40.3475616], [-8.5864462, 40.3475561], [-8.5864164, 40.3475574], [-8.5863885, 40.3475655], [-8.5863647, 40.3475799], [-8.5863478, 40.3475991], [-8.5863394, 40.3476213], [-8.5863402, 40.3476444], [-8.5863502, 40.3476662], [-8.5863669, 40.3476835], [-8.5863892, 40.3476965], [-8.5864155, 40.3477041], [-8.5864435, 40.3477058], [-8.586471, 40.3477013], [-8.5864966, 40.3476906], [-8.586517, 40.3476747], [-8.5865304, 40.3476549], [-8.5865355, 40.3476331]]]]}, "properties": {"highway": "primary", "junction": "roundabout", "ref": "EN 335"}}]}