{"type": "FeatureCollection", "features": [{"type": "Feature", "geometry": {"type": "LineString", "coordinates": [[-8.5736887, 41.1440809], [-8.5737555, 41.1440551], [-8.5738447, 41.1440422], [-8.5739427, 41.1440359], [-8.5742225, 41.1440174], [-8.5748073, 41.1439764], [-8.5750984, 41.1439543], [-8.575368, 41.143951], [-8.5756502, 41.143975], [-8.5758778, 41.1440152]]}, "properties": {"highway": "primary", "lanes": "2", "lit": "yes", "name": "Avenida Jos\u00e9 Domingues dos Santos", "name:etymology:wikidata": "Q1392602", "old_ref": "EN 108;EN 209", "oneway": "yes", "ref": "ER 108;EN 209", "smoothness": "excellent", "surface": "asphalt"}}, {"type": "Feature", "geometry": {"type": "LineString", "coordinates": [[-8.5776604, 41.1448126], [-8.5777172, 41.144834], [-8.5777739, 41.1448372], [-8.5778325, 41.1448281], [-8.5778842, 41.1448055], [-8.5779239, 41.1447718]]}, "properties": {"highway": "primary", "junction": "roundabout", "lanes": "3", "lit": "yes", "name": "Rotunda Manuel Pinto de Azevedo J\u00fanior", "old_ref": "EN 12;EN 108;EN 209", "oneway:bicycle": "no", "ref": "EN 12;ER 108;EN 209", "surface": "asphalt"}}, {"type": "Feature", "geometry": {"type": "LineString", "coordinates": [[-8.5731528, 41.1435985], [-8.5728072, 41.1432241], [-8.572622, 41.1430042], [-8.5725539, 41.1428868], [-8.5725286, 41.1428097], [-8.5725131, 41.1426844], [-8.5725391, 41.1425776], [-8.572577, 41.1424788], [-8.5727606, 41.1422343]]}, "properties": {"highway": "primary", "lanes": "2", "lanes:backward": "1", "lanes:forward": "1", "name": "Estrada Nacional 108", "old_ref": "EN 108", "oneway": "no", "ref": "ER 108", "surface": "asphalt"}}, {"type": "Feature", "geometry": {"type": "LineString", "coordinates": [[-8.5777278, 41.1445594], [-8.5775011, 41.1445032], [-8.5774616, 41.1444903], [-8.577236, 41.1444108], [-8.5765749, 41.1441548], [-8.5764796, 41.1441179], [-8.5763074, 41.1440502]]}, "properties": {"highway": "primary", "lanes": "2", "lit": "yes", "name": "Avenida Jos\u00e9 Domingues dos Santos", "name:etymology:wikidata": "Q1392602", "old_ref": "EN 108;EN 209", "oneway": "yes", "oneway:bicycle": "no", "ref": "ER 108;EN 209", "smoothness": "excellent", "surface": "asphalt"}}, {"type": "Feature", "geometry": {"type": "LineString", "coordinates": [[-8.5159318, 41.0811805], [-8.5153172, 41.0809733], [-8.5151688, 41.0808368], [-8.5150885, 41.0806483], [-8.5150952, 41.0804918], [-8.5151631, 41.0803666], [-8.5154482, 41.0801349], [-8.5155778, 41.0799502], [-8.5155988, 41.0798342], [-8.5155791, 41.0796465], [-8.5153706, 41.0787351], [-8.5152995, 41.0785898], [-8.5149017, 41.0782163], [-8.5146375, 41.0778843], [-8.5146039, 41.0778395], [-8.5139633, 41.0769845], [-8.513803, 41.0768212], [-8.5136522, 41.076736], [-8.5134042, 41.0767164], [-8.5130696, 41.076796], [-8.5129761, 41.0768183], [-8.5127047, 41.0768517], [-8.512409, 41.0768181], [-8.5121865, 41.0767129], [-8.5120243, 41.0765585], [-8.5119156, 41.0763756], [-8.5118781, 41.0762079], [-8.5118685, 41.076165], [-8.5118752, 41.0759615], [-8.5118756, 41.0759485], [-8.511879, 41.0758996], [-8.5118924, 41.0757058], [-8.5119032, 41.0755258], [-8.5119102, 41.0754586], [-8.5119667, 41.0749137], [-8.5119375, 41.0747261], [-8.5118117, 41.0745045], [-8.5098966, 41.0731047], [-8.5095128, 41.0729689], [-8.5092171, 41.0729086], [-8.50887, 41.0728729], [-8.5073024, 41.0726721], [-8.5060878, 41.0725029], [-8.5058736, 41.0725142], [-8.5055704, 41.0726416], [-8.5053692, 41.0727106], [-8.5051111, 41.0727186], [-8.5045147, 41.0726181], [-8.5042084, 41.0726031], [-8.5039477, 41.0726776], [-8.5032859, 41.0728779], [-8.5028694, 41.072963], [-8.502608, 41.0730013], [-8.5021403, 41.0730166], [-8.5008245, 41.072984], [-8.5006479, 41.0729758], [-8.5004571, 41.0729156], [-8.5000294, 41.07271], [-8.4998895, 41.0726723], [-8.4985601, 41.072353], [-8.4982811, 41.072342], [-8.4980891, 41.0723979], [-8.4973589, 41.0727416], [-8.4972506, 41.0727925], [-8.4969602, 41.0729292], [-8.4966505, 41.0730254], [-8.4963942, 41.0730463], [-8.4962326, 41.0730024], [-8.4961565, 41.0729678], [-8.4956934, 41.0727569], [-8.4954242, 41.072694], [-8.4948011, 41.0727189], [-8.4943757, 41.0728013], [-8.4939631, 41.0729441], [-8.493827, 41.0730292], [-8.4937156, 41.0731376], [-8.4936218, 41.0733031], [-8.4935116, 41.0736232], [-8.4934184, 41.073738], [-8.4932717, 41.0738366], [-8.4931179, 41.0738798], [-8.492929, 41.0738915], [-8.4912222, 41.0737809], [-8.4904936, 41.0738136], [-8.4901354, 41.0738725], [-8.4897405, 41.074007], [-8.4890933, 41.074367], [-8.4888848, 41.0744321], [-8.4886385, 41.0744533], [-8.4882877, 41.0744143], [-8.4880129, 41.0744218], [-8.4873482, 41.0745319]]}, "properties": {"highway": "primary", "lanes": "2", "maxspeed": "70", "name": "Avenida Doutor Francisco S\u00e1 Carneiro", "old_ref": "EN 108", "oneway": "no", "ref": "ER 108", "surface": "asphalt"}}, {"type": "Feature", "geometry": {"type": "LineString", "coordinates": [[-8.5197249, 41.0887012], [-8.5195524, 41.0871966]]}, "properties": {"bridge": "yes", "bridge:name": "Ponte da Foz do Sousa", "highway": "primary", "lanes": "2", "layer": "1", "maxweight:signed": "no", "name": "Ponte da Foz do Sousa", "old_ref": "EN 108", "oneway": "no", "ref": "ER 108", "source": "Bing", "surface": "asphalt"}}, {"type": "Feature", "geometry": {"type": "LineString", "coordinates": [[-8.4731287, 41.0779299], [-8.4729623, 41.0779285], [-8.4727986, 41.0779212], [-8.4726987, 41.077915], [-8.4725431, 41.0778985]]}, "properties": {"bridge": "yes", "bridge:ref": "1833", "highway": "primary", "lanes": "2", "layer": "1", "maxspeed": "70", "maxweight:signed": "no", "name": "Avenida Doutor Francisco S\u00e1 Carneiro", "old_ref": "EN 108", "oneway": "no", "ref": "ER 108", "surface": "asphalt"}}, {"type": "Feature", "geometry": {"type": "LineString", "coordinates": [[-8.471728, 41.0776594], [-8.4716402, 41.0775928], [-8.4715362, 41.077503], [-8.4715082, 41.077475], [-8.4714429, 41.0773963], [-8.4712598, 41.0771667], [-8.4711176, 41.0769664], [-8.4710142, 41.0768563], [-8.4708828, 41.0767742], [-8.470737, 41.0767292], [-8.4705766, 41.0767011], [-8.4701016, 41.076649], [-8.4698554, 41.0766219], [-8.4696826, 41.0766029], [-8.4693336, 41.0765626], [-8.4686415, 41.0764918], [-8.4685358, 41.076481], [-8.4683218, 41.0764307], [-8.4681886, 41.0763819], [-8.4673709, 41.0760335], [-8.4660608, 41.0754538], [-8.4659274, 41.0753832], [-8.4658397, 41.075334], [-8.4653432, 41.0749712], [-8.4649936, 41.0748324], [-8.463971, 41.0744917], [-8.4638692, 41.0744577], [-8.4633481, 41.0742786]]}, "properties": {"highway": "primary", "lanes": "2", "maxspeed": "70", "name": "Avenida Doutor Francisco S\u00e1 Carneiro", "old_ref": "EN 108", "oneway": "no", "ref": "ER 108", "surface": "asphalt"}}, {"type": "Feature", "geometry": {"type": "LineString", "coordinates": [[-8.2894801, 41.0885404], [-8.2879476, 41.0872926]]}, "properties": {"bridge": "yes", "bridge:name": "Ponte Duarte Pacheco", "highway": "primary", "lanes": "2", "layer": "1", "name": "Ponte Duarte Pacheco", "old_ref": "EN 108", "ref": "ER 108", "surface": "sett", "wikidata": "Q76957907"}}, {"type": "Feature", "geometry": {"type": "LineString", "coordinates": [[-8.2879476, 41.0872926], [-8.2878999, 41.0872533], [-8.2878717, 41.0871972], [-8.287855, 41.0871351], [-8.2878642, 41.0870717], [-8.2880117, 41.0868132], [-8.2881206, 41.0865881], [-8.2881382, 41.0864202], [-8.2881221, 41.086265], [-8.2880562, 41.0860813], [-8.2875697, 41.0850396], [-8.2875129, 41.0848498], [-8.2872971, 41.0841289], [-8.2872394, 41.0839361], [-8.2871838, 41.0838146], [-8.2860733, 41.0827145], [-8.2860171, 41.0826221], [-8.2859985, 41.0825916], [-8.2860022, 41.0824936], [-8.2860527, 41.0824127], [-8.2861424, 41.0822544], [-8.2861565, 41.0821454], [-8.2861014, 41.0820168], [-8.2859301, 41.0819026], [-8.2857108, 41.0818182], [-8.2856503, 41.081789], [-8.2855928, 41.0817443], [-8.2855504, 41.0817105], [-8.2855168, 41.0816569], [-8.2854839, 41.0815032], [-8.2853139, 41.0806745], [-8.2852914, 41.0806134], [-8.2852539, 41.0805535], [-8.2852, 41.0805139], [-8.2851427, 41.0804892], [-8.2850632, 41.0804645], [-8.2845573, 41.0803393], [-8.2843844, 41.080289], [-8.2842273, 41.0802394], [-8.2841177, 41.0802013], [-8.2840333, 41.0801609], [-8.2839739, 41.0801203], [-8.2839376, 41.0800889], [-8.2839086, 41.080033], [-8.2838931, 41.0799751], [-8.2838945, 41.0799327], [-8.2839047, 41.0798858], [-8.2839934, 41.0797181], [-8.284168, 41.0794029], [-8.284184, 41.079326], [-8.2841794, 41.0792601], [-8.2841488, 41.0791884], [-8.2840873, 41.0791211], [-8.2835454, 41.0787041], [-8.2834369, 41.0786682], [-8.2831852, 41.0786259], [-8.283131, 41.07861], [-8.2830709, 41.0785853], [-8.2829994, 41.0785391], [-8.2827762, 41.0782455], [-8.2826105, 41.0780263], [-8.2825064, 41.0779478], [-8.2820854, 41.0776855], [-8.282004, 41.0776514], [-8.2818991, 41.0776174], [-8.2816962, 41.0775733], [-8.28158, 41.0775435], [-8.2814895, 41.077513], [-8.2814384, 41.0774867], [-8.2813872, 41.0774493], [-8.2813364, 41.077382], [-8.2812973, 41.0773092], [-8.2812891, 41.077237], [-8.2813044, 41.0771647], [-8.281393, 41.0769719], [-8.2814461, 41.0768358], [-8.2814611, 41.0767345], [-8.281439, 41.0766314], [-8.2813903, 41.0765372], [-8.2809971, 41.0759761], [-8.2809354, 41.0759292], [-8.2807789, 41.0758633], [-8.2802941, 41.0756675], [-8.2801935, 41.0756193], [-8.2801195, 41.0755527], [-8.2800558, 41.0754736], [-8.2799499, 41.0753418], [-8.2798104, 41.0751327], [-8.2797589, 41.0750554], [-8.2797319, 41.0749751], [-8.2797309, 41.0748882], [-8.2797338, 41.0748693], [-8.2797681, 41.0747709], [-8.279835, 41.0746664], [-8.2798798, 41.0745932], [-8.2798956, 41.0745431], [-8.2799082, 41.074503], [-8.2798471, 41.0741386], [-8.2797615, 41.0737957], [-8.2797336, 41.0737332], [-8.2796732, 41.0736615], [-8.2794818, 41.073481], [-8.2794164, 41.0733899], [-8.2793617, 41.0732893], [-8.2792686, 41.0731134], [-8.2790872, 41.0728193], [-8.278993, 41.0727344], [-8.278927, 41.0727059], [-8.2788634, 41.0726868], [-8.2787647, 41.0726625], [-8.2783554, 41.0726283], [-8.2782658, 41.0726071], [-8.2781811, 41.0725821], [-8.2780957, 41.0725274], [-8.2780796, 41.0725119], [-8.2780142, 41.072449], [-8.2779671, 41.0723909], [-8.2778627, 41.0721854], [-8.2778132, 41.0721212], [-8.2777539, 41.0720681], [-8.2776883, 41.0720295], [-8.2775883, 41.0719834], [-8.2773743, 41.0718782], [-8.2772685, 41.0718252], [-8.2772212, 41.0717939], [-8.2771691, 41.0717218], [-8.2770928, 41.0715492], [-8.2768569, 41.0709395], [-8.2767263, 41.070799], [-8.2765839, 41.0707075], [-8.2763592, 41.0706258], [-8.2756732, 41.0704445], [-8.2754995, 41.070451], [-8.2753608, 41.0704771], [-8.2752826, 41.0705163], [-8.2751487, 41.070618], [-8.2750352, 41.07081], [-8.2749131, 41.0709335], [-8.2748436, 41.0709829], [-8.2747248, 41.0710406], [-8.2746322, 41.0710701], [-8.2737937, 41.0712196], [-8.2735986, 41.0712659], [-8.2734529, 41.0713121], [-8.2732697, 41.0714149], [-8.2730421, 41.0715738], [-8.2729448, 41.0716735], [-8.272866, 41.0717915], [-8.2727844, 41.0719737], [-8.2727229, 41.0720811], [-8.2726504, 41.0721761], [-8.2725523, 41.0722731], [-8.2724791, 41.0723358], [-8.2723767, 41.0723904], [-8.2722085, 41.0724491], [-8.2720671, 41.0724806], [-8.2719257, 41.0724873], [-8.2717896, 41.072481], [-8.2717051, 41.0724675], [-8.2715986, 41.0724209], [-8.2713232, 41.0721545], [-8.2712315, 41.0721038], [-8.2711527, 41.0720742], [-8.2710738, 41.0720571], [-8.270947, 41.0720546], [-8.2708339, 41.0720749], [-8.2704545, 41.0721849], [-8.2703325, 41.0722103], [-8.2702222, 41.072221], [-8.2700515, 41.0722316], [-8.2691775, 41.0722234], [-8.2691189, 41.0722228], [-8.2689763, 41.0722456], [-8.2688721, 41.0722767], [-8.2687598, 41.0723307], [-8.2686283, 41.0724219], [-8.268478, 41.0725566], [-8.2681629, 41.0728972], [-8.2680094, 41.0730676], [-8.2679365, 41.0731365], [-8.2678732, 41.0731963], [-8.2677823, 41.073257], [-8.2676487, 41.0733118], [-8.2675445, 41.073325], [-8.2674189, 41.0733222], [-8.2670301, 41.0732976], [-8.2669268, 41.0733124], [-8.2668429, 41.0733506], [-8.2666915, 41.073449], [-8.2664503, 41.0736411], [-8.2658499, 41.0741849], [-8.2657024, 41.0743244], [-8.2648761, 41.0750855], [-8.2646729, 41.0752697], [-8.264595, 41.075358], [-8.2645098, 41.0755066], [-8.2644429, 41.0756563], [-8.2643759, 41.0757486], [-8.2642878, 41.0758178], [-8.2642162, 41.0758614], [-8.2641461, 41.0759035], [-8.2640423, 41.0759372], [-8.2639284, 41.0759443], [-8.263828, 41.0759352], [-8.2637277, 41.0759049], [-8.2632612, 41.0756233], [-8.2631898, 41.0756028], [-8.2631071, 41.0755908], [-8.2629334, 41.0755941], [-8.2626949, 41.075597], [-8.2624717, 41.0756246], [-8.26231, 41.0756616], [-8.2621707, 41.0757198], [-8.262055, 41.0757696], [-8.2619898, 41.0758194], [-8.2619006, 41.075895], [-8.2618466, 41.0759487], [-8.2617998, 41.0760302], [-8.2615931, 41.0765937], [-8.261543, 41.0766957], [-8.2615039, 41.0767657], [-8.2614592, 41.0768084], [-8.2614284, 41.0768378], [-8.26131, 41.076911], [-8.2608151, 41.0771758], [-8.2598261, 41.0776753], [-8.2592116, 41.0780611], [-8.2590103, 41.0783164], [-8.2588778, 41.0785376], [-8.2586832, 41.0789472], [-8.2585651, 41.0791959], [-8.2584671, 41.0793117], [-8.2583773, 41.0793791], [-8.258275, 41.0794275], [-8.2577144, 41.0795958], [-8.2570476, 41.0797785], [-8.2546872, 41.080425], [-8.2545509, 41.0804608], [-8.2543658, 41.0805095], [-8.2540777, 41.080542], [-8.2515964, 41.0805672], [-8.2513872, 41.0806001], [-8.2512527, 41.0806611], [-8.2511342, 41.08074], [-8.2507505, 41.0811893], [-8.2507094, 41.0813122], [-8.2506644, 41.0819619], [-8.2506295, 41.0820582], [-8.2505668, 41.0821456], [-8.2501919, 41.0824239], [-8.2495306, 41.0828728], [-8.249436, 41.0829577], [-8.2489578, 41.0835136], [-8.2488057, 41.0836961], [-8.2486958, 41.0838191], [-8.2486257, 41.0839121], [-8.2485728, 41.0839902], [-8.248523, 41.0841193], [-8.2485132, 41.0848032], [-8.2484834, 41.084919], [-8.2483756, 41.0850433], [-8.2479336, 41.0854462], [-8.2478932, 41.0854863], [-8.2478272, 41.0855481], [-8.2477782, 41.0856035], [-8.2477463, 41.0856508], [-8.2477176, 41.0856981], [-8.2474139, 41.0864036], [-8.247234, 41.0867967], [-8.2471411, 41.0870297], [-8.2471408, 41.0872528], [-8.2471423, 41.0874906], [-8.247143, 41.0875886], [-8.2472294, 41.0879051], [-8.2472644, 41.0880316], [-8.2472917, 41.0881304], [-8.2473368, 41.0882282]]}, "properties": {"highway": "primary", "lanes": "2", "old_ref": "EN 108", "ref": "ER 108", "surface": "asphalt"}}, {"type": "Feature", "geometry": {"type": "LineString", "coordinates": [[-8.2473395, 41.0883497], [-8.2472801, 41.0884138], [-8.2472229, 41.0884959], [-8.2470233, 41.0892997], [-8.2470025, 41.089369], [-8.2469749, 41.0894466]]}, "properties": {"highway": "primary", "old_ref": "EN 108", "oneway": "no", "ref": "ER 108"}}, {"type": "Feature", "geometry": {"type": "LineString", "coordinates": [[-8.4498922, 41.0711437], [-8.4482091, 41.0689337], [-8.4479318, 41.0685692], [-8.4476685, 41.0682247], [-8.4475352, 41.0681107], [-8.4473861, 41.0680305], [-8.4472368, 41.0679636], [-8.4470791, 41.0679086], [-8.444507, 41.0671463], [-8.4441188, 41.0670241], [-8.4437803, 41.0669175], [-8.4435946, 41.066859], [-8.4432001, 41.0667348], [-8.4429065, 41.0667047], [-8.4423028, 41.0667439], [-8.4420505, 41.0667594], [-8.4418541, 41.06674], [-8.441721, 41.0667159], [-8.441537, 41.0666236], [-8.4410317, 41.0662886], [-8.4406905, 41.0660644], [-8.440497, 41.0659703], [-8.4402047, 41.0659334], [-8.439943, 41.0659835], [-8.439212, 41.0661951], [-8.4383841, 41.0664347], [-8.437617, 41.066505], [-8.4374009, 41.0665248], [-8.4372183, 41.0665537], [-8.4360768, 41.0667341], [-8.4357635, 41.0667321], [-8.4355492, 41.0666597], [-8.4353986, 41.0665379], [-8.4347772, 41.0659776], [-8.4346092, 41.065879], [-8.4344257, 41.0658353], [-8.4342316, 41.0658415], [-8.4338959, 41.0659254], [-8.4334663, 41.066066], [-8.4326505, 41.0663158], [-8.4323322, 41.0664485], [-8.4313291, 41.0669348], [-8.4313046, 41.0669464], [-8.4301866, 41.0674763], [-8.4298774, 41.0676992]]}, "properties": {"highway": "primary", "lanes": "2", "maxspeed": "70", "name": "Avenida Central de Vila Cova", "old_ref": "EN 108", "oneway": "no", "ref": "ER 108", "surface": "asphalt"}}, {"type": "Feature", "geometry": {"type": "LineString", "coordinates": [[-8.5727606, 41.1422343], [-8.5727965, 41.1421828], [-8.5729277, 41.1419946], [-8.573005, 41.141833], [-8.5730164, 41.141751], [-8.5729792, 41.1415799], [-8.5729363, 41.1414968], [-8.572881, 41.1414255], [-8.5728002, 41.1413514], [-8.5726671, 41.1412716], [-8.5724955, 41.141201], [-8.572284, 41.1411271], [-8.5720866, 41.1410565], [-8.5720194, 41.1410146], [-8.5719615, 41.1409657], [-8.5718842, 41.1408649], [-8.5718377, 41.1407664], [-8.5718351, 41.1406953], [-8.5718449, 41.1406149], [-8.5719246, 41.1404368], [-8.5719504, 41.1403163], [-8.571943, 41.1401918], [-8.5719197, 41.1401023], [-8.5719018, 41.140033], [-8.5718747, 41.1399592], [-8.5717121, 41.1396997], [-8.5715716, 41.1394752], [-8.5715148, 41.1393823], [-8.5714681, 41.1393005], [-8.5714078, 41.1391152], [-8.5711518, 41.1382691], [-8.5711346, 41.1381662], [-8.5710972, 41.1379714], [-8.5710845, 41.1377394], [-8.5710586, 41.1373589], [-8.5710541, 41.1372922], [-8.5710179, 41.1368438], [-8.5709857, 41.1365871], [-8.5709108, 41.1363114], [-8.5705691, 41.1353114], [-8.5703274, 41.1346339], [-8.5702445, 41.1345031], [-8.5701919, 41.1344498], [-8.5701207, 41.1343964], [-8.5699944, 41.1343521], [-8.5698669, 41.1343329], [-8.5697332, 41.1343275], [-8.5696025, 41.1343136], [-8.569478, 41.1342858], [-8.5693745, 41.1342483], [-8.5692771, 41.1341969], [-8.5692152, 41.134147], [-8.5691657, 41.1340832], [-8.5691283, 41.1340074], [-8.569097, 41.1339176], [-8.5691083, 41.1337607], [-8.5691875, 41.1336227], [-8.5693335, 41.1334923], [-8.5694285, 41.1333489], [-8.5694623, 41.1332681], [-8.5694807, 41.1331505], [-8.5694659, 41.1329719], [-8.5694042, 41.1327414], [-8.5693281, 41.1324574], [-8.5692134, 41.1322317], [-8.5691668, 41.1321619], [-8.5689874, 41.1318934], [-8.5688067, 41.1316229], [-8.5686521, 41.1313352], [-8.5684512, 41.1309752], [-8.5680514, 41.1302014], [-8.5679265, 41.1299581], [-8.5678314, 41.1297911], [-8.5676684, 41.129607], [-8.5672638, 41.1292061], [-8.567091, 41.1290228], [-8.5669518, 41.128871], [-8.5668531, 41.1287323], [-8.5666642, 41.1284691], [-8.5665415, 41.1283081], [-8.5664258, 41.1281561], [-8.5664114, 41.1281372], [-8.5662272, 41.1278954], [-8.5662032, 41.1278631], [-8.5659748, 41.1275565], [-8.5657317, 41.1272547], [-8.5655718, 41.1270789], [-8.5654111, 41.1269563], [-8.5647049, 41.1265181], [-8.5644417, 41.1263715], [-8.5643089, 41.1263235], [-8.5641884, 41.1262895], [-8.5638975, 41.1262306], [-8.5627481, 41.1260546], [-8.5623383, 41.1260124], [-8.5621352, 41.1260104], [-8.5619322, 41.1260176], [-8.5618099, 41.1260276], [-8.5616579, 41.1260488], [-8.5613421, 41.1261588], [-8.5610665, 41.1262719], [-8.5605313, 41.1264906], [-8.560176, 41.126602], [-8.5599421, 41.1266404], [-8.5598729, 41.1266496], [-8.5598233, 41.1266508]]}, "properties": {"highway": "primary", "lanes": "2", "lanes:backward": "1", "lanes:forward": "1", "name": "Avenida Escritor Costa Barreto", "old_ref": "EN 108", "oneway": "no", "ref": "ER 108", "surface": "asphalt"}}, {"type": "Feature", "geometry": {"type": "LineString", "coordinates": [[-8.2981228, 41.0802925], [-8.2979097, 41.0803004], [-8.2976742, 41.080312]]}, "properties": {"highway": "primary", "lanes": "1", "name": "Rua Principal", "old_ref": "EN 108;EN 224", "oneway": "yes", "ref": "ER 108;EN 224", "surface": "asphalt"}}, {"type": "Feature", "geometry": {"type": "LineString", "coordinates": [[-8.2974215, 41.0806092], [-8.2974913, 41.0805077], [-8.2976093, 41.080449], [-8.2977595, 41.0804288], [-8.2979304, 41.0804278]]}, "properties": {"highway": "primary", "lanes": "1", "name": "Rua Principal", "old_ref": "EN 108", "oneway": "yes", "ref": "ER 108", "surface": "asphalt"}}, {"type": "Feature", "geometry": {"type": "LineString", "coordinates": [[-8.2974215, 41.0806092], [-8.2973484, 41.0808136], [-8.2972874, 41.081002], [-8.2972478, 41.0811099], [-8.2972173, 41.081188], [-8.2971625, 41.0812638], [-8.2970863, 41.0813327], [-8.2969948, 41.0813816], [-8.2968822, 41.0814154], [-8.2965957, 41.0814521], [-8.2965135, 41.0814682], [-8.2962727, 41.0815601], [-8.2960442, 41.0816703], [-8.2959315, 41.0817369], [-8.2958614, 41.0817852], [-8.2958035, 41.0818242], [-8.2957578, 41.0818839], [-8.2957365, 41.0819322], [-8.2957304, 41.0820126], [-8.2957669, 41.0821113], [-8.2958553, 41.0822009], [-8.2959315, 41.0822744], [-8.2959673, 41.0823364], [-8.2959863, 41.0824283], [-8.2959664, 41.0825116], [-8.2959254, 41.0825799], [-8.2958608, 41.0826333], [-8.2957669, 41.0826717], [-8.2954897, 41.0827154], [-8.2953109, 41.0827547], [-8.2951941, 41.0828118], [-8.2951088, 41.0828991], [-8.2950661, 41.0829841], [-8.2950387, 41.0831839], [-8.2950204, 41.0832459], [-8.2949747, 41.0833125], [-8.2949168, 41.0833699], [-8.2944079, 41.0836823], [-8.2942982, 41.0837765], [-8.2942282, 41.083866], [-8.2941977, 41.0839349], [-8.2941459, 41.08416], [-8.2941215, 41.0842358], [-8.2940728, 41.0843093], [-8.2939996, 41.0843782], [-8.2939082, 41.084431], [-8.2931708, 41.0847778], [-8.2930886, 41.084833], [-8.2930307, 41.0848927], [-8.2929911, 41.0849501], [-8.2927379, 41.0854206], [-8.292665, 41.0855495], [-8.2926102, 41.0856184], [-8.2919699, 41.0862805]]}, "properties": {"highway": "primary", "lanes": "2", "name": "Rua Principal", "old_ref": "EN 108", "oneway": "no", "ref": "ER 108", "surface": "asphalt"}}, {"type": "Feature", "geometry": {"type": "LineString", "coordinates": [[-8.1576511, 41.1070502], [-8.1572144, 41.1069166], [-8.1568156, 41.1068074], [-8.1566347, 41.1067928], [-8.1557029, 41.1069234], [-8.1553781, 41.1069305], [-8.1551512, 41.1068994], [-8.1548961, 41.1068052], [-8.1548165, 41.1067158], [-8.1547797, 41.1066132], [-8.1548103, 41.106405], [-8.1548445, 41.1061279], [-8.1548217, 41.1056734], [-8.1548038, 41.1053571], [-8.1547218, 41.1052483], [-8.1546275, 41.1051046], [-8.1545761, 41.1049718], [-8.1545874, 41.1049347], [-8.1546207, 41.1048254], [-8.1547467, 41.1046825], [-8.1548049, 41.1045318], [-8.1548382, 41.1044001], [-8.1548316, 41.1042896], [-8.1547785, 41.104123], [-8.1545629, 41.1037455], [-8.1545089, 41.103651], [-8.1544794, 41.1035993], [-8.1544125, 41.1034411], [-8.1543925, 41.1031885], [-8.1543865, 41.102871], [-8.1543253, 41.1027148], [-8.1542513, 41.1026499], [-8.1541565, 41.102557], [-8.1541169, 41.1025182], [-8.1537692, 41.1022489], [-8.1529189, 41.1015808], [-8.1526396, 41.1013542], [-8.152503, 41.1012684], [-8.152361, 41.101215], [-8.1521208, 41.1011777], [-8.151399, 41.1012023], [-8.1511348, 41.1012451], [-8.1509565, 41.1012443], [-8.1508044, 41.1011823], [-8.1506341, 41.1010649], [-8.1505229, 41.1007939], [-8.1502552, 41.1000812], [-8.1501648, 41.0999277], [-8.1500679, 41.0998097], [-8.1498956, 41.0997157], [-8.1495916, 41.0995647], [-8.1490167, 41.0993466], [-8.1488475, 41.0992313], [-8.1482614, 41.0986607], [-8.14796, 41.0983477], [-8.1478246, 41.098237], [-8.1477267, 41.098195], [-8.1476181, 41.098155], [-8.145011, 41.097551], [-8.1445964, 41.0974566], [-8.1438147, 41.097237], [-8.1434278, 41.0970261], [-8.1431651, 41.0968589], [-8.1430555, 41.0967494], [-8.1430167, 41.0966472], [-8.1430187, 41.0965456], [-8.1432082, 41.0959237], [-8.143256, 41.0956594], [-8.1431882, 41.0953771], [-8.143149, 41.0951548], [-8.1431334, 41.0950395], [-8.1431732, 41.0949242], [-8.1432665, 41.0948268], [-8.1436496, 41.0945298], [-8.1438438, 41.0942856], [-8.1439794, 41.09419], [-8.1442943, 41.0940196], [-8.1444655, 41.0938947], [-8.1445566, 41.093779], [-8.1445528, 41.0936494], [-8.144518, 41.0935276], [-8.1443932, 41.0933662], [-8.1442191, 41.0932978], [-8.1440505, 41.0932901], [-8.143616, 41.0933303], [-8.1432031, 41.0933473], [-8.1423425, 41.0932508], [-8.1420335, 41.093124], [-8.1415171, 41.0928037], [-8.1413699, 41.0926466], [-8.1412887, 41.0924756], [-8.1412338, 41.0919035], [-8.1411036, 41.0915817], [-8.1409202, 41.0913587], [-8.1406656, 41.0912298], [-8.1403496, 41.091167], [-8.1399233, 41.0911484], [-8.139535, 41.0911975], [-8.1392033, 41.0913031], [-8.1370542, 41.0922828], [-8.1368247, 41.0923311], [-8.1366298, 41.092304], [-8.1361931, 41.0920867], [-8.1360069, 41.0920664], [-8.1358191, 41.0920885], [-8.1345063, 41.092521], [-8.1342514, 41.0926522], [-8.1339711, 41.0929432], [-8.1337494, 41.093048], [-8.1329431, 41.0931311], [-8.1318954, 41.093239], [-8.131661, 41.0933331], [-8.1305939, 41.0941272], [-8.1302857, 41.0943043], [-8.1302323, 41.0943293], [-8.1283778, 41.0951972], [-8.1281595, 41.0953412], [-8.1279805, 41.095613], [-8.1278312, 41.0957437], [-8.1268979, 41.0961094], [-8.1266271, 41.0962493], [-8.1262026, 41.0966426], [-8.1255929, 41.0969935], [-8.1254969, 41.097426], [-8.1250692, 41.0975792], [-8.1246828, 41.0977872], [-8.1240726, 41.0978144], [-8.1223945, 41.0983801], [-8.1209729, 41.0993068], [-8.120735, 41.0993993], [-8.1204964, 41.0994023], [-8.1198307, 41.099116], [-8.1188415, 41.0991039], [-8.1185611, 41.0991424], [-8.1182144, 41.099256], [-8.1180796, 41.099309]]}, "properties": {"highway": "primary", "old_ref": "EN 108", "oneway": "no", "ref": "ER 108", "source": "Bing"}}, {"type": "Feature", "geometry": {"type": "LineString", "coordinates": [[-7.9700627, 41.1334236], [-7.9699494, 41.1334369], [-7.969821, 41.1334192], [-7.9697197, 41.1333738], [-7.9696249, 41.1332908], [-7.9694834, 41.1330175], [-7.9694091, 41.1329249], [-7.9692721, 41.1328209], [-7.9685342, 41.1325037], [-7.9684375, 41.1324362], [-7.9683667, 41.1323067], [-7.968313, 41.1317278], [-7.9682581, 41.1315132], [-7.9680271, 41.1311215], [-7.9679117, 41.1310146], [-7.9676228, 41.1308286], [-7.9674064, 41.1305125], [-7.966923, 41.1301989], [-7.9662886, 41.129801], [-7.9661219, 41.1297163], [-7.9657445, 41.1295732], [-7.9656085, 41.1294687], [-7.9655669, 41.1293642], [-7.9656123, 41.1289928], [-7.9656179, 41.1288892], [-7.9655762, 41.1287857], [-7.9654884, 41.1286915], [-7.9653676, 41.1286328], [-7.9651976, 41.1286102], [-7.964867, 41.1285555], [-7.9647306, 41.1285012], [-7.9646225, 41.1283757], [-7.9645357, 41.1280909], [-7.964499, 41.1279803], [-7.9644198, 41.127884], [-7.9642716, 41.1278011], [-7.9640579, 41.1277226], [-7.963882, 41.1276903], [-7.9634852, 41.1276692], [-7.9633114, 41.1276244], [-7.9631526, 41.1274911], [-7.9626808, 41.1265685], [-7.9625269, 41.1263759], [-7.962373, 41.1262188], [-7.962225, 41.1261433], [-7.9620769, 41.1260892], [-7.961819, 41.1260597], [-7.9613721, 41.1260658], [-7.9611082, 41.1261155], [-7.9605483, 41.1264346], [-7.9595895, 41.1269526], [-7.9593379, 41.1270532], [-7.9579465, 41.1271946], [-7.9574503, 41.127308], [-7.9570921, 41.1273171], [-7.9564586, 41.1272025], [-7.9564293, 41.1271972], [-7.9561968, 41.1272279], [-7.9560608, 41.1273055], [-7.9559656, 41.127409], [-7.9559158, 41.1275706], [-7.9559844, 41.1277304], [-7.9562805, 41.1281183], [-7.9562815, 41.1282789], [-7.9561411, 41.1284253], [-7.9557775, 41.1285426], [-7.9555989, 41.1286522], [-7.9553307, 41.1290102], [-7.9553056, 41.1291722], [-7.955362, 41.1296042], [-7.9552183, 41.130044], [-7.9551407, 41.1301777], [-7.9549695, 41.1302911], [-7.9547806, 41.1303184], [-7.9545718, 41.1302407], [-7.954233, 41.1298768], [-7.9539733, 41.129644], [-7.9537299, 41.1294726], [-7.9534066, 41.1293391], [-7.9523917, 41.1290591], [-7.952141, 41.1290115], [-7.9518715, 41.1289994], [-7.9514174, 41.1290613], [-7.9510408, 41.1292126], [-7.950744, 41.1294474], [-7.950153, 41.130292], [-7.9500965, 41.1303739], [-7.9500365, 41.1304609], [-7.9499287, 41.1306141], [-7.9497158, 41.130917], [-7.9494641, 41.1311488], [-7.9491727, 41.1312898], [-7.9489698, 41.1313506]]}, "properties": {"highway": "primary", "old_ref": "EN 108", "oneway": "no", "ref": "ER 108", "surface": "asphalt"}}, {"type": "Feature", "geometry": {"type": "LineString", "coordinates": [[-8.0342708, 41.1255135], [-8.0340543, 41.1255704], [-8.0337042, 41.1255809], [-8.0335118, 41.1256222], [-8.0333672, 41.1257056], [-8.0328722, 41.1262832], [-8.0326795, 41.1264003], [-8.0323882, 41.1264805], [-8.0322223, 41.1265676], [-8.0320829, 41.1267412], [-8.0315994, 41.1268699], [-8.0314472, 41.1268632], [-8.0310342, 41.1266732], [-8.0308843, 41.1266446], [-8.0307424, 41.126652], [-8.0288889, 41.127207], [-8.0286742, 41.1272361], [-8.0284114, 41.1271919], [-8.0282436, 41.1271108], [-8.0281739, 41.1270272], [-8.0281583, 41.1268904], [-8.0282143, 41.126754], [-8.0284207, 41.126505], [-8.0284846, 41.1263048], [-8.0286307, 41.1252845], [-8.0285695, 41.1251362], [-8.0284495, 41.1250307], [-8.0276644, 41.1247738], [-8.0275463, 41.1247352], [-8.0272942, 41.1246634], [-8.027086, 41.124664], [-8.0269243, 41.1247372], [-8.026793, 41.1248871], [-8.0266489, 41.1255538], [-8.0263653, 41.1259742], [-8.0262159, 41.1260789], [-8.0260184, 41.126135], [-8.0258615, 41.1261196], [-8.0256952, 41.126081], [-8.0246785, 41.1257743], [-8.0245081, 41.1256747], [-8.0244546, 41.125593], [-8.0242769, 41.125148], [-8.0241794, 41.1250215], [-8.0238162, 41.1248995], [-8.0236336, 41.1247999], [-8.0231559, 41.1243698], [-8.0228953, 41.1242178], [-8.022345, 41.1240773], [-8.0218186, 41.1240101], [-8.0215794, 41.1239669], [-8.0210355, 41.1237035], [-8.020667, 41.1235251], [-8.0203829, 41.1232988], [-8.0197209, 41.1223728], [-8.0196625, 41.1221703], [-8.0196767, 41.122004], [-8.0197311, 41.1215698], [-8.0197423, 41.1214802], [-8.0197712, 41.1212491], [-8.0197272, 41.121075], [-8.0196135, 41.1208996], [-8.0194931, 41.1208093], [-8.0193727, 41.120746], [-8.0192257, 41.1207027], [-8.0191002, 41.1206917], [-8.0189442, 41.1206928], [-8.0188025, 41.1207154], [-8.0168379, 41.1212914], [-8.0166057, 41.1214175], [-8.0163674, 41.1216795], [-8.0161171, 41.1219547], [-8.0155353, 41.1223247], [-8.015305, 41.1223832], [-8.0145197, 41.1224194], [-8.0143581, 41.1224704], [-8.0138272, 41.1227158], [-8.0136157, 41.1227637], [-8.0131892, 41.1228142], [-8.0130545, 41.1228623], [-8.0127866, 41.1230866], [-8.0126972, 41.1231786], [-8.0123854, 41.1233819], [-8.0116558, 41.1238479], [-8.0115256, 41.1239817], [-8.0114144, 41.1241859], [-8.0113224, 41.1243974], [-8.0113065, 41.1244905], [-8.0113163, 41.1245932], [-8.0113763, 41.124701], [-8.0115153, 41.1248854], [-8.0115806, 41.1249321], [-8.0119414, 41.1250876], [-8.0120019, 41.1251475], [-8.0120292, 41.1252202], [-8.0120301, 41.1253205], [-8.0119783, 41.1254425], [-8.0114175, 41.1264704], [-8.0113776, 41.1266499], [-8.011408, 41.1269487], [-8.0114533, 41.1271446], [-8.0115114, 41.1272318], [-8.0117497, 41.1274143], [-8.0120122, 41.127574], [-8.0121016, 41.1276516], [-8.0121372, 41.1277261], [-8.0121472, 41.1278151], [-8.0121082, 41.1279164], [-8.012034, 41.1280081], [-8.0115785, 41.1283057], [-8.0114791, 41.1284038], [-8.0114053, 41.1285067], [-8.0112276, 41.1289331], [-8.0111078, 41.1291187], [-8.0109815, 41.129285], [-8.0108848, 41.1293381], [-8.0107752, 41.1293816], [-8.0106134, 41.129388], [-8.0104659, 41.1293631], [-8.010387, 41.1293243], [-8.0103119, 41.1292874], [-8.0100032, 41.128964], [-8.0088934, 41.1281593], [-8.0080619, 41.1275596], [-8.0079248, 41.1275023], [-8.0078133, 41.1274788], [-8.0076585, 41.1274816], [-8.007337, 41.127523], [-8.0071854, 41.127512], [-8.0070338, 41.1274575], [-8.0069403, 41.1273715], [-8.0065726, 41.1270332], [-8.0065179, 41.1269836], [-8.0065027, 41.1269699], [-8.006394, 41.1269019], [-8.0062469, 41.1268388], [-8.0054987, 41.1267062], [-8.0053309, 41.1266607], [-8.0050144, 41.1265128], [-8.0047749, 41.1263794], [-8.0041588, 41.1259807], [-8.0039999, 41.1259365], [-8.0038659, 41.1259301], [-8.0037256, 41.1259527], [-8.0033949, 41.1261331], [-8.003283, 41.1261636], [-8.0031774, 41.12617], [-8.0030699, 41.1261497], [-8.0029881, 41.126115], [-8.0019083, 41.1253009], [-8.0017072, 41.1251777], [-8.0015457, 41.1251411], [-8.0014186, 41.1251395], [-8.0012338, 41.1251717], [-8.0008658, 41.1253287], [-8.000594, 41.1254761], [-8.000495, 41.1256254], [-8.0004662, 41.1257658], [-8.0004803, 41.1258646], [-8.0006025, 41.1261728], [-8.0005827, 41.1262875], [-8.0005371, 41.1264143], [-8.0003532, 41.1266144], [-8.000182, 41.1267517], [-8.0000565, 41.1267978], [-7.9999343, 41.1268126], [-7.9997928, 41.1267936], [-7.9995213, 41.1266909], [-7.9987035, 41.1265388], [-7.9984768, 41.1265309], [-7.9971056, 41.1269372], [-7.995521, 41.1274068], [-7.9953517, 41.1274377], [-7.9949197, 41.1274488], [-7.9947506, 41.127472], [-7.9944029, 41.1275982], [-7.9943131, 41.1276541], [-7.994249, 41.1277318], [-7.9942181, 41.127849], [-7.9942132, 41.1279193], [-7.9941875, 41.1282839], [-7.9941537, 41.1284172], [-7.9940857, 41.1285001], [-7.993957, 41.1285632], [-7.9938317, 41.1285775], [-7.9936937, 41.1285627], [-7.9928095, 41.1282242], [-7.9926332, 41.1281964], [-7.9911053, 41.1282192], [-7.9898859, 41.1281883], [-7.9897501, 41.1282114], [-7.9896591, 41.1282537], [-7.989542, 41.1283634], [-7.9894474, 41.1284876], [-7.9893301, 41.128764], [-7.989231, 41.1288492], [-7.9891361, 41.1288831]]}, "properties": {"highway": "primary", "old_ref": "EN 108", "oneway": "no", "ref": "ER 108", "surface": "asphalt"}}, {"type": "Feature", "geometry": {"type": "LineString", "coordinates": [[-7.904236, 41.1360282], [-7.9031083, 41.1361129], [-7.9029665, 41.1361415], [-7.9028533, 41.1361794], [-7.90276, 41.1362338], [-7.9023515, 41.1365855], [-7.9022637, 41.1366512], [-7.9021916, 41.1366963], [-7.902098, 41.1367425], [-7.9020129, 41.1367817], [-7.9019294, 41.1368225], [-7.9018446, 41.1368718], [-7.9016895, 41.1369629], [-7.9012597, 41.1372519], [-7.9010409, 41.137402], [-7.9009273, 41.1374693], [-7.9008139, 41.1375247], [-7.9005674, 41.1376297], [-7.9004779, 41.1376743], [-7.9004106, 41.137719], [-7.900354, 41.1377745], [-7.9003021, 41.1378343], [-7.9002568, 41.1379159], [-7.899931, 41.138596], [-7.8995045, 41.1394862], [-7.8993967, 41.1397084], [-7.8992809, 41.1398697], [-7.8990991, 41.1399986], [-7.8990457, 41.1400221], [-7.8987304, 41.1401607], [-7.8986506, 41.1401941], [-7.8983042, 41.1403388], [-7.898225, 41.1403592], [-7.8981411, 41.1403776], [-7.8980518, 41.1403805], [-7.8979679, 41.1403666], [-7.8979083, 41.1403439], [-7.8976628, 41.1402388], [-7.8975988, 41.1402137], [-7.8975251, 41.1401945], [-7.8974358, 41.1401854], [-7.8966762, 41.1401763], [-7.8965697, 41.1401866], [-7.8964651, 41.1402069], [-7.8963783, 41.1402367], [-7.8962819, 41.1402822], [-7.8962098, 41.1403364], [-7.895835, 41.140634], [-7.89577, 41.1406808], [-7.8956785, 41.1407166], [-7.8955915, 41.1407363], [-7.8954976, 41.14074], [-7.8953755, 41.1407224], [-7.8952853, 41.1406984], [-7.8952232, 41.140665], [-7.89515, 41.1406078], [-7.895097, 41.1405349], [-7.8950345, 41.1404163], [-7.8948709, 41.1400685], [-7.8948333, 41.1399984], [-7.8947706, 41.1399195], [-7.8946643, 41.1398366], [-7.8940307, 41.1394978], [-7.8939306, 41.1394522], [-7.8938304, 41.1394258], [-7.8937067, 41.1394178], [-7.8936056, 41.1394346], [-7.893513, 41.1394666], [-7.8934406, 41.1395106], [-7.8933799, 41.1395532], [-7.8930379, 41.1398049], [-7.8928695, 41.1399221], [-7.8927747, 41.1399721], [-7.8926721, 41.1400094], [-7.8921887, 41.1401128], [-7.8921102, 41.1401387], [-7.8920295, 41.1401841], [-7.891752, 41.1403462], [-7.8915927, 41.1403895], [-7.8914538, 41.1403983], [-7.891309, 41.1403946], [-7.8911561, 41.1403984], [-7.8910394, 41.1404208], [-7.8909262, 41.1404612], [-7.8908317, 41.1405239], [-7.8907845, 41.1405915], [-7.8907632, 41.1406865], [-7.8907906, 41.1408251], [-7.8909693, 41.1413283], [-7.8910014, 41.1415717], [-7.8910206, 41.1416653], [-7.8910753, 41.1417855], [-7.8911789, 41.1420665], [-7.8912229, 41.1422868], [-7.8913063, 41.1429102], [-7.8913282, 41.1429838], [-7.8913586, 41.1430548], [-7.891393, 41.143105], [-7.8914427, 41.1431608], [-7.8915123, 41.1432246], [-7.8916176, 41.1432852], [-7.8917542, 41.1433494], [-7.8922472, 41.143503], [-7.8923721, 41.1435513], [-7.8924307, 41.1435869], [-7.8924991, 41.1436414], [-7.8925362, 41.1436909], [-7.8926666, 41.1438927], [-7.8927035, 41.1439385], [-7.8927465, 41.143986], [-7.8928975, 41.1440913], [-7.893189, 41.1442594], [-7.8932548, 41.144317], [-7.8933006, 41.14437], [-7.8933431, 41.1444315], [-7.8934139, 41.1445405], [-7.8934493, 41.1446123], [-7.8934635, 41.1446775], [-7.8934702, 41.1447502], [-7.8934605, 41.1448269], [-7.8934471, 41.1448903]]}, "properties": {"highway": "primary", "lanes": "2", "name": "Rua de Barqueiros", "old_ref": "EN 108", "oneway": "no", "ref": "ER 108", "surface": "asphalt"}}, {"type": "Feature", "geometry": {"type": "LineString", "coordinates": [[-8.247317, 41.0883334], [-8.2473395, 41.0883497], [-8.2473675, 41.0883598], [-8.2473982, 41.0883629], [-8.2474287, 41.0883588], [-8.247456, 41.0883477], [-8.2474775, 41.0883308], [-8.247491, 41.0883098], [-8.2474952, 41.0882867], [-8.2474897, 41.0882637], [-8.2474752, 41.0882431], [-8.247453, 41.088227], [-8.2474252, 41.0882167], [-8.2473946, 41.0882134], [-8.2473641, 41.0882173], [-8.2473368, 41.0882282], [-8.2473149, 41.088245], [-8.2473012, 41.0882661], [-8.2472968, 41.0882895], [-8.2473022, 41.0883126], [-8.247317, 41.0883334]]}, "properties": {"highway": "primary", "junction": "roundabout", "old_ref": "EN 108", "ref": "ER 108"}}, {"type": "Feature", "geometry": {"type": "LineString", "coordinates": [[-8.2468177, 41.0895947], [-8.2468258, 41.089613], [-8.2468417, 41.0896282], [-8.2468635, 41.0896383], [-8.2468886, 41.0896422], [-8.2469149, 41.0896391], [-8.246938, 41.0896292], [-8.246955, 41.0896138], [-8.2469636, 41.0895948], [-8.2469627, 41.0895747], [-8.2469523, 41.0895562], [-8.246934, 41.0895417], [-8.24691, 41.089533], [-8.2468861, 41.0895312], [-8.2468628, 41.0895352], [-8.2468424, 41.0895447], [-8.246827, 41.0895585], [-8.2468184, 41.0895754], [-8.2468177, 41.0895947]]}, "properties": {"highway": "primary", "junction": "roundabout", "old_ref": "EN 108", "ref": "ER 108"}}, {"type": "Feature", "geometry": {"type": "LineString", "coordinates": [[-8.2442262, 41.088115], [-8.2441359, 41.0879449], [-8.2434185, 41.0873778], [-8.2432576, 41.0872506], [-8.2422349, 41.0864422], [-8.242199, 41.086331], [-8.2421803, 41.0862729], [-8.2421641, 41.0862227], [-8.2421393, 41.0860174], [-8.2422108, 41.0856522], [-8.2425904, 41.0852329], [-8.2427945, 41.0850074], [-8.2429529, 41.0848324], [-8.2430172, 41.0846467], [-8.2432443, 41.084049], [-8.2433781, 41.083697], [-8.2434381, 41.083539], [-8.2435536, 41.083235], [-8.2437088, 41.0828266], [-8.2440789, 41.0818528], [-8.2440928, 41.081734], [-8.2440337, 41.0816183], [-8.2439406, 41.0815232], [-8.2437297, 41.0814678], [-8.2417782, 41.0814817]]}, "properties": {"highway": "primary", "name": "Avenida de S\u00e3o Jo\u00e3o", "old_ref": "EN 108", "oneway": "no", "ref": "ER 108"}}, {"type": "Feature", "geometry": {"type": "LineString", "coordinates": [[-8.0550273, 41.1249602], [-8.0549561, 41.1248564], [-8.0548247, 41.1247581], [-8.0547547, 41.1246226], [-8.0547528, 41.1245119], [-8.0548205, 41.1243994], [-8.0549048, 41.124339], [-8.0550076, 41.1243198], [-8.0551361, 41.1243176], [-8.0552748, 41.1243409], [-8.0553771, 41.124356]]}, "properties": {"highway": "primary", "name": "Rua da Capelinha", "old_ref": "EN 108", "oneway": "yes", "ref": "ER 108", "surface": "asphalt"}}, {"type": "Feature", "geometry": {"type": "LineString", "coordinates": [[-8.0547332, 41.1243977], [-8.0546705, 41.1245001], [-8.0546669, 41.1246583], [-8.0547668, 41.1247902], [-8.0549544, 41.1248959], [-8.0550273, 41.1249602]]}, "properties": {"highway": "primary", "name": "Rua da Capelinha", "old_ref": "EN 108", "oneway": "yes", "ref": "ER 108", "surface": "asphalt"}}, {"type": "Feature", "geometry": {"type": "LineString", "coordinates": [[-8.0890841, 41.1032336], [-8.0891599, 41.1034116]]}, "properties": {"bridge": "yes", "highway": "primary", "layer": "1", "name": "Rua de Sorrego", "old_ref": "EN 108", "oneway": "no", "ref": "ER 108;EN 211"}}, {"type": "Feature", "geometry": {"type": "LineString", "coordinates": [[-8.0951585, 41.106021], [-8.0952987, 41.1064347], [-8.0953266, 41.1065684], [-8.0952838, 41.1066874], [-8.0951938, 41.1068699], [-8.095016, 41.1070308], [-8.0948022, 41.1071376], [-8.0945883, 41.1072318], [-8.0944776, 41.1073253], [-8.0944061, 41.1074484], [-8.0943917, 41.1075036], [-8.0943321, 41.1077327], [-8.0944285, 41.1079332], [-8.0947632, 41.1082521], [-8.0948054, 41.1084161], [-8.0948448, 41.1088577], [-8.0949487, 41.1089713], [-8.0951444, 41.1090307], [-8.0955178, 41.1090177], [-8.0957114, 41.1090561], [-8.0958561, 41.1091324], [-8.0960492, 41.1094093], [-8.0962065, 41.1096998], [-8.0962442, 41.1099234], [-8.0963647, 41.110039], [-8.0967107, 41.1101671], [-8.0969233, 41.1104543], [-8.0972382, 41.1106832], [-8.0973251, 41.1108357], [-8.0973456, 41.1109891], [-8.0969424, 41.1115844], [-8.0969358, 41.1117881], [-8.0969676, 41.1119437], [-8.0972875, 41.1126003], [-8.0972965, 41.1127432], [-8.097066, 41.113163], [-8.0970464, 41.113295], [-8.097101, 41.1135539], [-8.0971446, 41.1137288], [-8.0971051, 41.1138981], [-8.0970038, 41.1140083], [-8.0964666, 41.1145668], [-8.0963686, 41.1147003], [-8.0961547, 41.1153127], [-8.096107, 41.1154493], [-8.09606, 41.1157587], [-8.0961023, 41.1163786], [-8.0964124, 41.1168294], [-8.096435, 41.1170079], [-8.0963164, 41.1173829], [-8.0962052, 41.1174964], [-8.0959645, 41.1176416], [-8.0958508, 41.1177862], [-8.0958168, 41.1183232], [-8.0956546, 41.118585], [-8.0953858, 41.11888], [-8.0952357, 41.1191143], [-8.0950759, 41.119257], [-8.0948236, 41.1194824], [-8.0946048, 41.1198404], [-8.0945534, 41.120162], [-8.0941966, 41.120553], [-8.0940587, 41.1207041], [-8.0939775, 41.1208594], [-8.093938, 41.1209674], [-8.0939686, 41.1214918], [-8.0939169, 41.121631], [-8.0937745, 41.1216988], [-8.0936113, 41.1217138], [-8.0934777, 41.1216783], [-8.0933929, 41.1215953], [-8.0933599, 41.1214636], [-8.0934844, 41.120655], [-8.0934374, 41.1205413], [-8.0931642, 41.1202294], [-8.0929912, 41.1197736], [-8.0929802, 41.1196772], [-8.0930479, 41.118892], [-8.0930689, 41.118598], [-8.0930755, 41.1185059], [-8.093065, 41.1179254], [-8.0930549, 41.1173686], [-8.0929512, 41.1171052], [-8.0928301, 41.1169927], [-8.0923505, 41.116547], [-8.0922211, 41.1164267], [-8.092049, 41.1163231], [-8.0917716, 41.1162117], [-8.09153, 41.1162156], [-8.0913521, 41.1163112], [-8.0912853, 41.1163869], [-8.090973, 41.1170156], [-8.0906986, 41.117929], [-8.0902408, 41.1188355], [-8.0902072, 41.118902], [-8.0901041, 41.1189802], [-8.0900677, 41.1190079], [-8.0898444, 41.1191774], [-8.089373, 41.1195352], [-8.0891995, 41.119595], [-8.089038, 41.1195778], [-8.0888977, 41.1195071], [-8.0888018, 41.1194029], [-8.0883776, 41.1183318], [-8.0882635, 41.1182386], [-8.0881419, 41.1182013], [-8.0875123, 41.118214], [-8.0870883, 41.1182637], [-8.0870421, 41.1182588], [-8.0869026, 41.1182438], [-8.0862246, 41.1179009], [-8.0859993, 41.1178725], [-8.0852037, 41.1179212], [-8.0850339, 41.1180007], [-8.0849741, 41.1181001], [-8.0849598, 41.1182071], [-8.0850181, 41.1183255], [-8.0852051, 41.1184254], [-8.0855705, 41.1185419], [-8.0856856, 41.1185786], [-8.0859906, 41.1186759], [-8.0860564, 41.1187021], [-8.0861222, 41.1187374], [-8.0861746, 41.1187753], [-8.0862139, 41.1188169], [-8.0862371, 41.1188654], [-8.086241, 41.118918], [-8.0862266, 41.1189715], [-8.0861952, 41.1190193], [-8.0861503, 41.1190675]]}, "properties": {"highway": "primary", "name": "Rua de Bai\u00e3o", "old_ref": "EN 108", "ref": "ER 108;EN 211"}}, {"type": "Feature", "geometry": {"type": "LineString", "coordinates": [[-8.0961749, 41.1055467], [-8.0954577, 41.104924], [-8.0953245, 41.1047725], [-8.0949563, 41.1041992], [-8.0947674, 41.1040331], [-8.0946028, 41.1039548], [-8.0943868, 41.1038668], [-8.0941166, 41.1038109], [-8.0915491, 41.1034689], [-8.0899113, 41.1031257], [-8.0888828, 41.1028685], [-8.0887715, 41.1028149], [-8.088675, 41.1027557], [-8.0884525, 41.1025236], [-8.0884094, 41.1024694], [-8.0883565, 41.1024028], [-8.0882593, 41.1022805], [-8.088124, 41.1021798], [-8.0879895, 41.1021318], [-8.0878516, 41.1021115], [-8.0876941, 41.1021132], [-8.0875382, 41.1021351], [-8.0874023, 41.1021838]]}, "properties": {"highway": "primary", "name": "Rua de Sorrego", "old_ref": "EN 108", "oneway": "no", "ref": "ER 108"}}, {"type": "Feature", "geometry": {"type": "LineString", "coordinates": [[-8.1021796, 41.1093377], [-8.101723, 41.1095124]]}, "properties": {"bridge": "yes", "highway": "primary", "layer": "1", "old_ref": "EN 108", "oneway": "no", "ref": "ER 108", "source": "Bing"}}, {"type": "Feature", "geometry": {"type": "LineString", "coordinates": [[-8.0543803, 41.1257902], [-8.0543108, 41.1258118], [-8.0541167, 41.1258469], [-8.0540773, 41.1258669], [-8.0539497, 41.1259286], [-8.0538776, 41.1259635], [-8.0528862, 41.1270079], [-8.0527216, 41.1271134], [-8.0525164, 41.1271799], [-8.0523, 41.1271728], [-8.0519966, 41.1271219], [-8.0512603, 41.1269983], [-8.0508877, 41.1268588], [-8.0489444, 41.1255281], [-8.0478356, 41.1247688], [-8.047697, 41.1245935], [-8.0476916, 41.124426], [-8.0476578, 41.1241704], [-8.0475575, 41.1240214], [-8.0474556, 41.1239287], [-8.047373, 41.1238928], [-8.0471984, 41.1238487], [-8.0459831, 41.1237718], [-8.045779, 41.1237208], [-8.0444119, 41.1231321], [-8.0438596, 41.1229759], [-8.043542, 41.122886], [-8.0433912, 41.1228651], [-8.0432984, 41.1228495], [-8.0431982, 41.1228474], [-8.0430959, 41.1228505], [-8.0429383, 41.1228779], [-8.042793, 41.1229344], [-8.0426192, 41.1230022], [-8.0424275, 41.1231161], [-8.0422818, 41.1232033], [-8.042064, 41.1232817], [-8.0418979, 41.1233089], [-8.04116, 41.1233975], [-8.0409445, 41.1234463], [-8.0407715, 41.123544], [-8.0398315, 41.1243344], [-8.03969, 41.1244167], [-8.0395087, 41.124475]]}, "properties": {"highway": "primary", "name": "Rua Central de Portela", "old_ref": "EN 108", "oneway": "no", "ref": "ER 108", "surface": "asphalt"}}, {"type": "Feature", "geometry": {"type": "LineString", "coordinates": [[-8.5226203, 41.0958531], [-8.5225745, 41.0957016], [-8.5222258, 41.0945485], [-8.5220663, 41.0943644], [-8.5217945, 41.0942466], [-8.5213675, 41.0941779], [-8.5211244, 41.0940336], [-8.5210774, 41.0938395], [-8.5211516, 41.0937067], [-8.5216514, 41.0931675], [-8.5217177, 41.0930544], [-8.5217363, 41.0929468], [-8.5217469, 41.0928084], [-8.5213588, 41.091777], [-8.520987, 41.0908322], [-8.5205479, 41.0897315], [-8.5204758, 41.089608]]}, "properties": {"highway": "primary", "lanes": "2", "name": "Avenida Clube de Ca\u00e7adores", "old_ref": "EN 108", "oneway": "no", "ref": "ER 108", "surface": "asphalt"}}, {"type": "Feature", "geometry": {"type": "LineString", "coordinates": [[-8.5237639, 41.0977174], [-8.5233197, 41.097239], [-8.5231516, 41.0970903], [-8.5230585, 41.097008], [-8.5228823, 41.0967881], [-8.5228474, 41.0967446], [-8.5227534, 41.096542], [-8.5226203, 41.0958531]]}, "properties": {"highway": "primary", "lanes": "1", "name": "Avenida Clube de Ca\u00e7adores", "old_ref": "EN 108", "oneway": "yes", "ref": "ER 108", "surface": "asphalt"}}, {"type": "Feature", "geometry": {"type": "LineString", "coordinates": [[-8.5228002, 41.0968538], [-8.5229294, 41.0970287], [-8.5231534, 41.0972115], [-8.5237639, 41.0977174]]}, "properties": {"highway": "primary", "lanes": "1", "name": "Avenida Clube de Ca\u00e7adores", "old_ref": "EN 108", "oneway": "yes", "ref": "ER 108", "surface": "asphalt"}}, {"type": "Feature", "geometry": {"type": "LineString", "coordinates": [[-8.4531807, 41.0728767], [-8.4531289, 41.0728329], [-8.4530832, 41.0728117], [-8.4530587, 41.0728003], [-8.4529787, 41.0727849], [-8.4528978, 41.0727878], [-8.4528403, 41.0728032], [-8.4528218, 41.0728082], [-8.4527578, 41.0728436], [-8.4527081, 41.0728937]]}, "properties": {"highway": "primary", "junction": "roundabout", "lanes": "2", "old_ref": "EN 108", "ref": "ER 108", "source": "BING", "surface": "asphalt"}}, {"type": "Feature", "geometry": {"type": "LineString", "coordinates": [[-8.4531266, 41.0731518], [-8.4532436, 41.0731239], [-8.4533969, 41.0730984], [-8.4534906, 41.073078]]}, "properties": {"highway": "primary", "maxspeed": "70", "name": "Avenida Central de Broalhos", "old_ref": "EN 108", "oneway": "yes", "ref": "ER 108", "surface": "asphalt"}}, {"type": "Feature", "geometry": {"type": "LineString", "coordinates": [[-8.5576956, 41.1259996], [-8.557541, 41.125944], [-8.5573925, 41.125893], [-8.5561881, 41.1254689], [-8.5554813, 41.1251441], [-8.5552401, 41.1250555], [-8.5549822, 41.1249986], [-8.5545346, 41.124953], [-8.5540808, 41.1249213], [-8.5525667, 41.1246547], [-8.5523914, 41.1246515], [-8.5522756, 41.1246645], [-8.5521597, 41.1246886], [-8.5518775, 41.1247855], [-8.5516514, 41.1248586], [-8.5514842, 41.124907], [-8.551302, 41.124949], [-8.5510928, 41.1249738], [-8.5509323, 41.1249765], [-8.5505123, 41.1249214], [-8.5503357, 41.1248642], [-8.5501712, 41.1247922], [-8.5500292, 41.1247184], [-8.5499116, 41.124617], [-8.549814, 41.1245173], [-8.5497067, 41.1243845], [-8.5495359, 41.1241998], [-8.5494001, 41.1241038], [-8.5492643, 41.1240372], [-8.5479529, 41.123512], [-8.5471861, 41.1232014], [-8.5469962, 41.1231189], [-8.5468637, 41.1230325], [-8.5467457, 41.1229182], [-8.5466093, 41.1227621], [-8.5462782, 41.1223173], [-8.5460681, 41.1220133], [-8.5459498, 41.1218085], [-8.5458606, 41.1216661], [-8.5457521, 41.1215465], [-8.5449258, 41.1208233]]}, "properties": {"highway": "primary", "lanes": "2", "name": "Avenida Clube de Ca\u00e7adores", "old_ref": "EN 108", "oneway": "no", "ref": "ER 108", "surface": "asphalt"}}, {"type": "Feature", "geometry": {"type": "LineString", "coordinates": [[-8.5594863, 41.1266226], [-8.5594027, 41.1265948]]}, "properties": {"bridge": "yes", "highway": "primary", "layer": "1", "name": "Avenida Escritor Costa Barreto", "old_ref": "EN 108", "oneway": "no", "ref": "ER 108", "source": "Bing", "surface": "asphalt"}}, {"type": "Feature", "geometry": {"type": "LineString", "coordinates": [[-8.5595646, 41.1266554], [-8.5595366, 41.1266385], [-8.5594863, 41.1266226]]}, "properties": {"highway": "primary", "name": "Avenida Escritor Costa Barreto", "old_ref": "EN 108", "oneway": "no", "ref": "ER 108", "surface": "asphalt"}}, {"type": "Feature", "geometry": {"type": "LineString", "coordinates": [[-8.5594027, 41.1265948], [-8.5593135, 41.1265721], [-8.5591156, 41.1265059], [-8.5589178, 41.1264396], [-8.5588087, 41.1263917]]}, "properties": {"highway": "primary", "name": "Avenida Escritor Costa Barreto", "old_ref": "EN 108", "oneway": "no", "ref": "ER 108", "surface": "asphalt"}}, {"type": "Feature", "geometry": {"type": "LineString", "coordinates": [[-8.5597264, 41.1267755], [-8.5597424, 41.1267728], [-8.5597812, 41.1267555], [-8.5598142, 41.126724], [-8.5598276, 41.1266901], [-8.5598233, 41.1266508]]}, "properties": {"highway": "primary", "junction": "roundabout", "lanes": "1", "old_ref": "EN 108", "ref": "ER 108", "source": "Bing", "surface": "asphalt"}}, {"type": "Feature", "geometry": {"type": "LineString", "coordinates": [[-8.5588087, 41.1263917], [-8.5588223, 41.1263539], [-8.5588156, 41.1263154], [-8.558795, 41.1262864], [-8.5587594, 41.1262623], [-8.5587196, 41.1262501], [-8.5586978, 41.1262493], [-8.5586743, 41.1262484], [-8.5586391, 41.1262555], [-8.5585993, 41.1262751], [-8.5585761, 41.1262972], [-8.5585705, 41.1263086]]}, "properties": {"highway": "primary", "junction": "roundabout", "lanes": "1", "old_ref": "EN 108", "ref": "ER 108", "source": "Bing", "surface": "asphalt"}}, {"type": "Feature", "geometry": {"type": "LineString", "coordinates": [[-8.5733317, 41.1437293], [-8.5732624, 41.1436784], [-8.5731528, 41.1435985]]}, "properties": {"highway": "primary", "lanes": "1", "name": "Rua do Freixo", "old_ref": "EN 108", "oneway": "yes", "ref": "ER 108", "surface": "asphalt"}}, {"type": "Feature", "geometry": {"type": "LineString", "coordinates": [[-8.5762437, 41.144145], [-8.5764124, 41.1442145], [-8.5769016, 41.1444003], [-8.5774137, 41.1446731], [-8.5776128, 41.1447768]]}, "properties": {"highway": "primary", "lanes": "2", "lit": "yes", "name": "Avenida Jos\u00e9 Domingues dos Santos", "name:etymology:wikidata": "Q1392602", "old_ref": "EN 108;EN 209", "oneway": "yes", "ref": "ER 108;EN 209", "smoothness": "excellent", "surface": "asphalt"}}, {"type": "Feature", "geometry": {"type": "LineString", "coordinates": [[-8.5763074, 41.1440502], [-8.5759324, 41.1439304]]}, "properties": {"bridge": "yes", "highway": "primary", "lanes": "2", "layer": "1", "lit": "yes", "name": "Avenida Jos\u00e9 Domingues dos Santos", "name:etymology:wikidata": "Q1392602", "old_ref": "EN 108;EN 209", "oneway": "yes", "oneway:bicycle": "no", "ref": "ER 108;EN 209", "smoothness": "excellent", "surface": "asphalt"}}, {"type": "Feature", "geometry": {"type": "LineString", "coordinates": [[-8.5759324, 41.1439304], [-8.5757566, 41.1438877], [-8.5756114, 41.1438694], [-8.5754478, 41.1438552], [-8.5752767, 41.1438535], [-8.5750682, 41.1438685], [-8.5747234, 41.1438918], [-8.5742083, 41.1439272], [-8.574013, 41.143942], [-8.5738595, 41.1439458], [-8.5737656, 41.1439387], [-8.5737213, 41.1439362], [-8.5736453, 41.1439197]]}, "properties": {"highway": "primary", "lanes": "2", "lit": "yes", "name": "Avenida Jos\u00e9 Domingues dos Santos", "name:etymology:wikidata": "Q1392602", "old_ref": "EN 108;EN 209", "oneway": "yes", "oneway:bicycle": "no", "ref": "ER 108;EN 209", "smoothness": "excellent", "surface": "asphalt"}}, {"type": "Feature", "geometry": {"type": "LineString", "coordinates": [[-8.5758778, 41.1440152], [-8.5762437, 41.144145]]}, "properties": {"bridge": "yes", "highway": "primary", "lanes": "2", "layer": "1", "lit": "yes", "name": "Avenida Jos\u00e9 Domingues dos Santos", "name:etymology:wikidata": "Q1392602", "old_ref": "EN 108;EN 209", "oneway": "yes", "ref": "ER 108;EN 209", "smoothness": "excellent", "surface": "asphalt"}}, {"type": "Feature", "geometry": {"type": "LineString", "coordinates": [[-8.4507074, 41.0722522], [-8.451009, 41.0726039], [-8.4511216, 41.0727101], [-8.451296, 41.0728051], [-8.4515199, 41.0728769], [-8.452385, 41.072974]]}, "properties": {"highway": "primary", "lanes": "2", "lanes:backward": "1", "lanes:forward": "1", "maxheight:signed": "no", "maxspeed": "70", "name": "Avenida Central de Vila Cova", "old_ref": "EN 108", "oneway": "no", "ref": "ER 108", "surface": "asphalt"}}, {"type": "Feature", "geometry": {"type": "LineString", "coordinates": [[-7.8807114, 41.1586462], [-7.8806287, 41.1586033], [-7.8805749, 41.1585846], [-7.8805131, 41.15857], [-7.8804402, 41.1585609]]}, "properties": {"highway": "primary", "old_ref": "EN 108", "oneway": "yes", "ref": "ER 108", "surface": "asphalt"}}, {"type": "Feature", "geometry": {"type": "LineString", "coordinates": [[-8.5427139, 41.1186955], [-8.5425848, 41.118676]]}, "properties": {"bridge": "yes", "highway": "primary", "layer": "1", "name": "Avenida Clube de Ca\u00e7adores", "old_ref": "EN 108", "oneway": "no", "ref": "ER 108", "surface": "asphalt"}}, {"type": "Feature", "geometry": {"type": "LineString", "coordinates": [[-8.5425848, 41.118676], [-8.5424217, 41.1186329], [-8.5422403, 41.1185614], [-8.542062, 41.1184737], [-8.5419152, 41.1183668], [-8.541891, 41.1183441], [-8.5417714, 41.118232], [-8.5416675, 41.1180688], [-8.5415636, 41.1178777], [-8.5412355, 41.117274], [-8.5411689, 41.1171436], [-8.5410776, 41.1170039], [-8.5408595, 41.1167879], [-8.5405872, 41.1165926], [-8.5403387, 41.1164725], [-8.540044, 41.1163757], [-8.5397463, 41.1162167], [-8.5396446, 41.1161384], [-8.5395767, 41.1160413]]}, "properties": {"highway": "primary", "lanes": "2", "name": "Avenida Clube de Ca\u00e7adores", "old_ref": "EN 108", "oneway": "no", "ref": "ER 108", "surface": "asphalt"}}, {"type": "Feature", "geometry": {"type": "LineString", "coordinates": [[-8.5319401, 41.107026], [-8.5318615, 41.1069357], [-8.5317814, 41.1068578], [-8.5317073, 41.1067948], [-8.5316609, 41.1067614], [-8.5315845, 41.1067148], [-8.5315141, 41.1066835], [-8.531415, 41.1066447], [-8.5307384, 41.1064444], [-8.5305449, 41.1063913], [-8.5304731, 41.1063721], [-8.5303365, 41.1063421], [-8.5302355, 41.1063247], [-8.530099, 41.106308], [-8.5299942, 41.1062985], [-8.529897, 41.1062932], [-8.529529, 41.1062719], [-8.5292482, 41.1062652], [-8.5291299, 41.1062627], [-8.5290357, 41.106265], [-8.5289423, 41.1062757], [-8.5287477, 41.1063149], [-8.5286518, 41.1063375], [-8.5286045, 41.106353], [-8.5284436, 41.1064018], [-8.5282798, 41.106472], [-8.5280144, 41.1065967], [-8.5274511, 41.106885], [-8.5273105, 41.1069391], [-8.5271841, 41.106953], [-8.5270825, 41.106946], [-8.5269623, 41.1069019], [-8.5268976, 41.1068485], [-8.5268542, 41.1067914], [-8.5268332, 41.1067536], [-8.5268143, 41.1066933], [-8.5268346, 41.1066081], [-8.5269086, 41.1064855], [-8.5269944, 41.1063649], [-8.5271308, 41.1061979], [-8.5272049, 41.1061145], [-8.527483, 41.1059012], [-8.5282713, 41.1053445], [-8.5284779, 41.1051897], [-8.5290975, 41.1047487], [-8.5292309, 41.1046186], [-8.5292658, 41.1045116], [-8.5292759, 41.1044126], [-8.5292552, 41.104295], [-8.5292024, 41.1041978], [-8.5291281, 41.1041076], [-8.5283189, 41.1034574], [-8.5281242, 41.1033178], [-8.5279508, 41.1032014], [-8.5274314, 41.1029605], [-8.527051, 41.1028027], [-8.5269407, 41.1027382], [-8.5268704, 41.1026551], [-8.5267773, 41.1025489], [-8.5266596, 41.1024427], [-8.5265588, 41.1023923], [-8.5263964, 41.1023466], [-8.5258667, 41.102213], [-8.5257594, 41.1021585], [-8.5257105, 41.102097], [-8.5256856, 41.1020321], [-8.5256854, 41.1019486], [-8.5258253, 41.1016576], [-8.5258321, 41.1015578], [-8.5258143, 41.1014719], [-8.5257767, 41.1013975], [-8.5257329, 41.1013185], [-8.5255317, 41.1010322], [-8.525471, 41.1009033], [-8.5253006, 41.1004059], [-8.5251482, 41.099987], [-8.5249835, 41.0995496], [-8.5247964, 41.0991828], [-8.5243581, 41.0984441], [-8.5240988, 41.0981044], [-8.5237639, 41.0977174]]}, "properties": {"highway": "primary", "lanes": "2", "name": "Avenida Clube de Ca\u00e7adores", "old_ref": "EN 108", "oneway": "no", "ref": "ER 108", "smoothness": "good", "surface": "asphalt"}}, {"type": "Feature", "geometry": {"type": "LineString", "coordinates": [[-8.5395767, 41.1160413], [-8.5394532, 41.1158216]]}, "properties": {"bridge": "yes", "highway": "primary", "lanes": "2", "layer": "1", "maxweight:signed": "no", "name": "Avenida Clube de Ca\u00e7adores", "old_ref": "EN 108", "oneway": "no", "ref": "ER 108", "surface": "asphalt"}}, {"type": "Feature", "geometry": {"type": "LineString", "coordinates": [[-8.2911598, 41.0878094], [-8.2910897, 41.0878944], [-8.2909952, 41.0880253]]}, "properties": {"highway": "primary", "lanes": "2", "name": "Rua Principal", "old_ref": "EN 108", "oneway": "no", "ref": "ER 108", "surface": "asphalt"}}, {"type": "Feature", "geometry": {"type": "LineString", "coordinates": [[-8.2905917, 41.0883518], [-8.2902151, 41.0886085], [-8.2901051, 41.0886582], [-8.2900061, 41.0886839], [-8.2899027, 41.088698], [-8.2897795, 41.0886881], [-8.2896431, 41.088651], [-8.2894801, 41.0885404]]}, "properties": {"highway": "primary", "name": "Rua Principal", "old_ref": "EN 108", "oneway": "no", "ref": "ER 108", "surface": "sett"}}, {"type": "Feature", "geometry": {"type": "LineString", "coordinates": [[-8.4298774, 41.0676992], [-8.4293265, 41.0680963], [-8.4291377, 41.0683746], [-8.4290027, 41.0686463], [-8.4289777, 41.0688946], [-8.4290487, 41.0694686], [-8.4290263, 41.0696299], [-8.4289426, 41.0697749], [-8.4287351, 41.0699308], [-8.4278265, 41.0703834], [-8.4275307, 41.0705498], [-8.4273688, 41.070702], [-8.4270255, 41.071196], [-8.4268196, 41.071358], [-8.4265698, 41.0714785], [-8.4247701, 41.0719939], [-8.4243605, 41.0721127], [-8.423894, 41.0722577]]}, "properties": {"highway": "primary", "lanes": "2", "maxspeed": "70", "name": "Avenida Jos\u00e9 Joaquim Ferrerira", "old_ref": "EN 108", "ref": "ER 108", "surface": "asphalt"}}, {"type": "Feature", "geometry": {"type": "LineString", "coordinates": [[-8.4633481, 41.0742786], [-8.4627015, 41.0740521], [-8.4624214, 41.0739718], [-8.4620916, 41.0739216], [-8.4619846, 41.0739082], [-8.461837, 41.0738933], [-8.4611812, 41.073823], [-8.4598803, 41.0736838], [-8.4596959, 41.0736641], [-8.4590452, 41.0736027], [-8.4581514, 41.0735217], [-8.4577471, 41.073485], [-8.4574537, 41.0734584], [-8.4568862, 41.0734069]]}, "properties": {"highway": "primary", "lanes": "2", "maxspeed": "70", "name": "Avenida Central de Broalhos", "old_ref": "EN 108", "oneway": "no", "ref": "ER 108", "surface": "asphalt"}}, {"type": "Feature", "geometry": {"type": "LineString", "coordinates": [[-7.8914251, 41.151944], [-7.8913364, 41.1518823], [-7.8906823, 41.1513837], [-7.8906035, 41.1513365], [-7.8905043, 41.151302], [-7.8904059, 41.1512833], [-7.8903195, 41.1512774], [-7.8902101, 41.1512858], [-7.8901154, 41.1513081], [-7.8900379, 41.1513344], [-7.8899517, 41.1513856], [-7.8893799, 41.1518482], [-7.8893011, 41.1519119], [-7.8887887, 41.1523264], [-7.8884383, 41.1526099], [-7.8883853, 41.1526528], [-7.8883363, 41.1526879], [-7.8882832, 41.1527198], [-7.8878563, 41.1529265], [-7.8878083, 41.1529596], [-7.8877605, 41.153], [-7.887729, 41.1530465], [-7.8877014, 41.1531005], [-7.8876888, 41.1531459], [-7.8876854, 41.1532014], [-7.8876971, 41.1532704], [-7.8877459, 41.1533716], [-7.8878537, 41.1535189], [-7.887881, 41.1535752], [-7.8878994, 41.153626], [-7.8879077, 41.1536813], [-7.8878985, 41.1537311], [-7.8878759, 41.1537822], [-7.887843, 41.1538277], [-7.8877841, 41.1538756], [-7.8877108, 41.1539075], [-7.8876342, 41.1539335], [-7.8875346, 41.1539486], [-7.8874227, 41.1539575], [-7.8869168, 41.1539728], [-7.8860742, 41.1539879], [-7.8859925, 41.1539932], [-7.8859189, 41.1540028]]}, "properties": {"highway": "primary", "lanes": "2", "name": "Rua de Vila Jus\u00e3", "old_ref": "EN 108", "oneway": "no", "ref": "ER 108", "surface": "asphalt"}}, {"type": "Feature", "geometry": {"type": "LineString", "coordinates": [[-7.892825, 41.1489582], [-7.8931789, 41.1490721], [-7.8932588, 41.1491083], [-7.8933177, 41.149148], [-7.8933529, 41.1491913], [-7.8933806, 41.1492417], [-7.8933903, 41.1493042], [-7.8933931, 41.1493697], [-7.8933831, 41.1494339], [-7.893359, 41.1494982], [-7.8933207, 41.1495563], [-7.893266, 41.1496129], [-7.8929793, 41.1498301], [-7.8927719, 41.1499621], [-7.8927378, 41.1499882], [-7.8927007, 41.1500225], [-7.8926659, 41.1500586], [-7.892641, 41.150106], [-7.892615, 41.1501646], [-7.8925706, 41.1504044], [-7.8925834, 41.1505047], [-7.8926134, 41.1505971], [-7.8926517, 41.1506748], [-7.8927017, 41.1507438], [-7.8927663, 41.150817], [-7.8929456, 41.1509943], [-7.8929993, 41.1510516], [-7.89304, 41.1511095], [-7.8930658, 41.1511612], [-7.8930858, 41.1512227], [-7.8930921, 41.1512881], [-7.8930907, 41.1513281], [-7.8930794, 41.1513813], [-7.8930587, 41.1514399], [-7.8930269, 41.1514989], [-7.8929827, 41.1515543], [-7.8929363, 41.1515959], [-7.8928793, 41.1516332]]}, "properties": {"highway": "primary", "lanes": "2", "name": "Rua de Vila Jus\u00e3", "old_ref": "EN 108", "oneway": "no", "ref": "ER 108", "surface": "asphalt"}}, {"type": "Feature", "geometry": {"type": "LineString", "coordinates": [[-8.4527081, 41.0728937], [-8.452617, 41.0729507], [-8.4526101, 41.0729519], [-8.4525083, 41.0729689], [-8.4524974, 41.0729694], [-8.452385, 41.072974]]}, "properties": {"highway": "primary", "lanes": "1", "name": "Avenida Central de Vila Cova", "old_ref": "EN 108", "oneway": "yes", "ref": "ER 108", "surface": "asphalt"}}, {"type": "Feature", "geometry": {"type": "LineString", "coordinates": [[-8.42214, 41.0743344], [-8.4221137, 41.0750604]]}, "properties": {"highway": "primary", "lanes": "2", "name": "Avenida Jos\u00e9 Joaquim Ferrerira", "old_ref": "EN 108", "oneway": "yes", "ref": "ER 108", "surface": "asphalt"}}, {"type": "Feature", "geometry": {"type": "LineString", "coordinates": [[-8.422267, 41.0752163], [-8.4222081, 41.0746683], [-8.42214, 41.0743344]]}, "properties": {"highway": "primary", "lanes": "1", "name": "Avenida Jos\u00e9 Joaquim Ferrerira", "old_ref": "EN 108", "oneway": "yes", "ref": "ER 108", "surface": "asphalt"}}, {"type": "Feature", "geometry": {"type": "LineString", "coordinates": [[-8.2975373, 41.0803841], [-8.2974611, 41.0804576], [-8.2974215, 41.0806092]]}, "properties": {"highway": "primary", "lanes": "1", "name": "Rua Principal", "old_ref": "EN 108", "oneway": "yes", "ref": "ER 108", "surface": "asphalt"}}, {"type": "Feature", "geometry": {"type": "LineString", "coordinates": [[-8.2979304, 41.0804278], [-8.2980317, 41.0804571]]}, "properties": {"highway": "primary", "lanes": "1", "name": "Rua Principal", "old_ref": "EN 108;EN 224", "oneway": "yes", "ref": "ER 108;EN 224", "surface": "asphalt"}}, {"type": "Feature", "geometry": {"type": "LineString", "coordinates": [[-7.9278253, 41.1347413], [-7.9276764, 41.1346467]]}, "properties": {"bridge": "yes", "highway": "primary", "layer": "1", "maxweight:signed": "no", "old_ref": "EN 108", "oneway": "no", "ref": "ER 108", "surface": "asphalt"}}, {"type": "Feature", "geometry": {"type": "LineString", "coordinates": [[-7.9472889, 41.1366819], [-7.9472383, 41.1366715], [-7.9471595, 41.1366203], [-7.9470911, 41.136522], [-7.9470477, 41.1361296], [-7.9469401, 41.1358766], [-7.9464437, 41.1353555], [-7.9458015, 41.1347565], [-7.945588, 41.1346791], [-7.9454158, 41.134664], [-7.9452241, 41.134695], [-7.9451112, 41.1347551], [-7.9441102, 41.1354467], [-7.9438449, 41.13563], [-7.943587, 41.1357252], [-7.9430459, 41.1358054], [-7.9424374, 41.1358956], [-7.9418883, 41.1360835], [-7.9416101, 41.1361112], [-7.94137, 41.1360378], [-7.9412704, 41.1359403], [-7.9412491, 41.1357906], [-7.9413946, 41.1354915], [-7.9419444, 41.1343616], [-7.9419522, 41.1342253], [-7.9419004, 41.1340844], [-7.941698, 41.1337298], [-7.9417152, 41.133568], [-7.9418785, 41.1334312], [-7.9418999, 41.133426], [-7.9423769, 41.1333099], [-7.942559, 41.1332141], [-7.9431548, 41.1327316], [-7.9434112, 41.1325743], [-7.9434355, 41.1325389], [-7.9435227, 41.1324115], [-7.9435379, 41.1323397], [-7.943456, 41.1319546], [-7.9434957, 41.1317591], [-7.9437609, 41.1314628], [-7.9437913, 41.1313158], [-7.943755, 41.1311619], [-7.9431182, 41.1303833], [-7.9430218, 41.1301646], [-7.9430046, 41.1292816], [-7.9429443, 41.1291181], [-7.9427496, 41.1289732], [-7.9424889, 41.1289088], [-7.941935, 41.128982], [-7.9412732, 41.1289705], [-7.9408586, 41.1288622], [-7.9390256, 41.1281171], [-7.9389837, 41.1281001], [-7.9387469, 41.128067], [-7.9381471, 41.1281062], [-7.9377741, 41.1281829], [-7.9366009, 41.1287274], [-7.9362532, 41.1290208], [-7.9359962, 41.1293315], [-7.9357996, 41.1296665], [-7.9352756, 41.1301805], [-7.9350666, 41.1302785], [-7.9342898, 41.1305112], [-7.9341327, 41.1305583], [-7.9339581, 41.1305777], [-7.9339003, 41.1305841], [-7.9337064, 41.1305584], [-7.9331348, 41.1303867], [-7.9329685, 41.1303784], [-7.9327856, 41.1304475], [-7.9327533, 41.1304867], [-7.9326844, 41.1305704], [-7.9326528, 41.1311269], [-7.9323798, 41.131618], [-7.9319574, 41.1321411], [-7.9315091, 41.1326575], [-7.9313493, 41.133234], [-7.931268, 41.1333955], [-7.9307007, 41.1339464], [-7.9300264, 41.1346011], [-7.9298383, 41.1347568], [-7.9293093, 41.1350301], [-7.9290732, 41.1350697], [-7.9285009, 41.135048], [-7.9283636, 41.135028], [-7.928229, 41.1349755], [-7.9278253, 41.1347413]]}, "properties": {"highway": "primary", "old_ref": "EN 108", "oneway": "no", "ref": "ER 108", "surface": "asphalt"}}, {"type": "Feature", "geometry": {"type": "LineString", "coordinates": [[-8.179322, 41.1069805], [-8.1785321, 41.1076424], [-8.1781421, 41.1079343]]}, "properties": {"highway": "primary", "old_ref": "EN 108", "oneway": "no", "ref": "ER 108"}}, {"type": "Feature", "geometry": {"type": "LineString", "coordinates": [[-8.1781421, 41.1079343], [-8.1775004, 41.1083979], [-8.1772253, 41.1087494], [-8.1771718, 41.1089787], [-8.1773262, 41.1096169], [-8.1773235, 41.1097765], [-8.1772591, 41.1098877], [-8.1770177, 41.1100109], [-8.1764142, 41.1102231], [-8.1759997, 41.1104279], [-8.1757866, 41.1105606], [-8.1749175, 41.1111891], [-8.1741638, 41.1117287], [-8.1736354, 41.1123005], [-8.1735716, 41.1123696], [-8.1727369, 41.1132726], [-8.1725894, 41.113503], [-8.1725615, 41.1136416]]}, "properties": {"highway": "primary", "old_ref": "EN 108", "oneway": "no", "ref": "ER 108"}}, {"type": "Feature", "geometry": {"type": "LineString", "coordinates": [[-8.452385, 41.072974], [-8.4524914, 41.0730155], [-8.4525986, 41.0730624], [-8.4527388, 41.073124]]}, "properties": {"highway": "primary", "lanes": "1", "name": "Avenida Central de Vila Cova", "old_ref": "EN 108", "oneway": "yes", "ref": "ER 108", "surface": "asphalt"}}, {"type": "Feature", "geometry": {"type": "LineString", "coordinates": [[-8.4534906, 41.073078], [-8.4534094, 41.0730581], [-8.453343, 41.0730393], [-8.4532267, 41.0729915]]}, "properties": {"highway": "primary", "maxspeed": "70", "name": "Avenida Central de Broalhos", "old_ref": "EN 108", "oneway": "yes", "ref": "ER 108", "surface": "asphalt"}}, {"type": "Feature", "geometry": {"type": "LineString", "coordinates": [[-8.5731528, 41.1435985], [-8.5731986, 41.1436839], [-8.5732376, 41.1437736]]}, "properties": {"highway": "primary", "lanes": "1", "name": "Rua do Freixo", "old_ref": "EN 108", "oneway": "yes", "ref": "ER 108", "surface": "asphalt"}}, {"type": "Feature", "geometry": {"type": "LineString", "coordinates": [[-8.1604442, 41.1055164], [-8.1603451, 41.1056223]]}, "properties": {"highway": "primary", "old_ref": "EN 108", "oneway": "no", "ref": "ER 108"}}, {"type": "Feature", "geometry": {"type": "LineString", "coordinates": [[-8.1603451, 41.1056223], [-8.1602387, 41.1057371], [-8.1594178, 41.1066232], [-8.1591484, 41.1068662], [-8.158416, 41.1071664], [-8.1582037, 41.1071976], [-8.158044, 41.1071823], [-8.1579025, 41.1071328], [-8.1576511, 41.1070502]]}, "properties": {"highway": "primary", "old_ref": "EN 108", "oneway": "no", "ref": "ER 108"}}, {"type": "Feature", "geometry": {"type": "LineString", "coordinates": [[-8.1605528, 41.1054063], [-8.1604442, 41.1055164]]}, "properties": {"highway": "primary", "old_ref": "EN 108", "oneway": "no", "ref": "ER 108"}}, {"type": "Feature", "geometry": {"type": "LineString", "coordinates": [[-7.9276764, 41.1346467], [-7.9276011, 41.1346026], [-7.9275636, 41.1345273], [-7.9275323, 41.1344647], [-7.9275237, 41.1343599], [-7.9275615, 41.134227], [-7.9276769, 41.1341211], [-7.9282211, 41.1336721], [-7.9282766, 41.1336426], [-7.9283577, 41.1335994], [-7.9285219, 41.1335509], [-7.9289385, 41.1334782], [-7.9291964, 41.1333859], [-7.9293537, 41.1332242], [-7.9294208, 41.132951], [-7.9293945, 41.13261], [-7.9293773, 41.1323494], [-7.9297191, 41.1313889], [-7.9296959, 41.1312497], [-7.9296241, 41.1311448], [-7.9294242, 41.1309742], [-7.9285585, 41.1304431], [-7.9281278, 41.1301103]]}, "properties": {"highway": "primary", "old_ref": "EN 108", "oneway": "no", "ref": "ER 108", "surface": "asphalt"}}, {"type": "Feature", "geometry": {"type": "LineString", "coordinates": [[-7.9281278, 41.1301103], [-7.927904, 41.1298594], [-7.9276124, 41.1294118], [-7.9271944, 41.1289253], [-7.9271483, 41.1288371], [-7.9271328, 41.128738], [-7.9271599, 41.1285986], [-7.9275048, 41.1281222], [-7.9279983, 41.1270827], [-7.9280815, 41.1268737], [-7.9281099, 41.1267186], [-7.9281005, 41.1264836], [-7.9280694, 41.1260246], [-7.9280137, 41.1257206], [-7.9278565, 41.1254504], [-7.9278081, 41.1253259], [-7.9276935, 41.1245014], [-7.9276437, 41.1244194], [-7.9275861, 41.1243788], [-7.9275285, 41.1243492], [-7.9274655, 41.1243321], [-7.9273757, 41.124315], [-7.9272668, 41.1243218], [-7.9271238, 41.1243432], [-7.9269648, 41.1243947], [-7.9259524, 41.1248118], [-7.925908, 41.1248248], [-7.9251742, 41.1250403], [-7.924021, 41.1252231], [-7.923908, 41.1252405], [-7.9238132, 41.125255], [-7.9234705, 41.1253091], [-7.9232179, 41.1253091], [-7.9230422, 41.1252553], [-7.9225353, 41.1250484], [-7.9224212, 41.1250182], [-7.9222899, 41.1250114], [-7.9221073, 41.125002], [-7.9217637, 41.1250205], [-7.9211575, 41.1250405], [-7.9208604, 41.125009], [-7.9205296, 41.1249291], [-7.9201047, 41.1249034], [-7.9196058, 41.1248971], [-7.9190584, 41.1249468], [-7.9188682, 41.1249384], [-7.9187396, 41.1249206], [-7.918653, 41.1248997], [-7.9185711, 41.1248729], [-7.9184843, 41.1248268], [-7.9184217, 41.1247612], [-7.9183217, 41.1244501], [-7.9182629, 41.1243674], [-7.9182304, 41.1243415], [-7.9181849, 41.1243053], [-7.9181008, 41.1242653], [-7.9179877, 41.1242386], [-7.9178807, 41.124235], [-7.9177737, 41.1242484], [-7.9173945, 41.1243818], [-7.9173117, 41.1244006], [-7.9168185, 41.1245128], [-7.9166188, 41.1245338], [-7.916448, 41.124544], [-7.9162188, 41.1245278], [-7.9159606, 41.1244778], [-7.9148549, 41.1242322], [-7.9146405, 41.1242093], [-7.9144486, 41.1242142], [-7.9143247, 41.124226], [-7.9136925, 41.1243493], [-7.913567, 41.1243632], [-7.9134096, 41.1243512], [-7.9131381, 41.1242984], [-7.9127476, 41.1242164], [-7.91246, 41.1242036]]}, "properties": {"highway": "primary", "lanes": "2", "name": "Rua Central de Frende", "old_ref": "EN 108", "oneway": "no", "ref": "ER 108", "surface": "asphalt"}}, {"type": "Feature", "geometry": {"type": "LineString", "coordinates": [[-8.101723, 41.1095124], [-8.100551, 41.1095274], [-8.1003069, 41.109486], [-8.0992383, 41.1089855], [-8.0985577, 41.1086629], [-8.0984669, 41.1085859], [-8.0983909, 41.1085006], [-8.0981895, 41.108012], [-8.0980064, 41.1078496], [-8.0977901, 41.1076845], [-8.0974439, 41.1075543], [-8.0971072, 41.1075132], [-8.0969807, 41.1074722], [-8.0968801, 41.1074146], [-8.096801, 41.1073413], [-8.0967699, 41.107268], [-8.0967782, 41.1069387], [-8.0968775, 41.1064497], [-8.0968749, 41.1063335], [-8.0967905, 41.1061514], [-8.0966765, 41.1059972], [-8.0961749, 41.1055467]]}, "properties": {"highway": "primary", "name": "Rua da Quebrada", "old_ref": "EN 108", "oneway": "no", "ref": "ER 108", "source": "Bing"}}, {"type": "Feature", "geometry": {"type": "LineString", "coordinates": [[-8.0891599, 41.1034116], [-8.0891774, 41.1034352], [-8.0893181, 41.1036257], [-8.0895511, 41.103715], [-8.0897148, 41.103743], [-8.0911355, 41.103902], [-8.0918017, 41.1040656], [-8.0921306, 41.1041464], [-8.092379, 41.1041631], [-8.0930828, 41.1041589], [-8.0932794, 41.1041855], [-8.0934537, 41.1042205], [-8.0937087, 41.1043017], [-8.0938464, 41.1043935], [-8.0939112, 41.1044917], [-8.0939369, 41.1046421], [-8.0939962, 41.1048088], [-8.0940358, 41.1049048], [-8.0940813, 41.1049734], [-8.0941934, 41.1050366], [-8.0948223, 41.1055259], [-8.0949941, 41.1057581], [-8.095094, 41.1059047], [-8.0951585, 41.106021]]}, "properties": {"highway": "primary", "name": "Rua de Sorrego", "old_ref": "EN 108", "oneway": "no", "ref": "ER 108;EN 211"}}, {"type": "Feature", "geometry": {"type": "LineString", "coordinates": [[-8.0588139, 41.1244636], [-8.0587166, 41.1244731], [-8.0586311, 41.1245107], [-8.0585295, 41.124633], [-8.0584889, 41.124738], [-8.0585467, 41.1253476], [-8.0584304, 41.1256312], [-8.0582917, 41.1257843], [-8.0580982, 41.1258785], [-8.0578566, 41.1258931], [-8.0576837, 41.1258718], [-8.0567969, 41.12564], [-8.056678, 41.1255577], [-8.0562883, 41.1252991], [-8.0559758, 41.1251443]]}, "properties": {"highway": "primary", "name": "Rua da Ponte do Geraldo", "old_ref": "EN 108", "oneway": "no", "ref": "ER 108", "surface": "asphalt"}}, {"type": "Feature", "geometry": {"type": "LineString", "coordinates": [[-8.0591533, 41.1244868], [-8.0588139, 41.1244636]]}, "properties": {"bridge": "yes", "highway": "primary", "layer": "1", "name": "Rua da Ponte do Geraldo", "old_ref": "EN 108", "oneway": "no", "ref": "ER 108"}}, {"type": "Feature", "geometry": {"type": "LineString", "coordinates": [[-8.0725904, 41.1155028], [-8.0724559, 41.1154577], [-8.071887, 41.1153739], [-8.0714603, 41.1153833], [-8.0713494, 41.1153858], [-8.0708817, 41.1154894], [-8.0702236, 41.1156953], [-8.0681531, 41.1163431], [-8.067924, 41.1164588], [-8.0678157, 41.1165381], [-8.0675302, 41.1167749], [-8.0674857, 41.1168125], [-8.0672352, 41.1169127], [-8.0666194, 41.1171592], [-8.0662505, 41.1172767], [-8.0654544, 41.1174395], [-8.0647365, 41.1175864], [-8.0645538, 41.1176685], [-8.0638868, 41.1180486], [-8.0632804, 41.1186121], [-8.0631696, 41.1188583], [-8.0631886, 41.1190653], [-8.0633279, 41.1193748], [-8.0632849, 41.1195734], [-8.0631149, 41.1197427], [-8.0628517, 41.1198115], [-8.0624176, 41.1198484], [-8.0622056, 41.1199213], [-8.0620651, 41.120057], [-8.0620168, 41.1202139], [-8.0620598, 41.1203751], [-8.0622814, 41.1207571], [-8.0622657, 41.1209223], [-8.062132, 41.1210671], [-8.0611043, 41.1216773], [-8.0609734, 41.1218179], [-8.06093, 41.1219775], [-8.0609666, 41.1221114], [-8.0613138, 41.1226377], [-8.0613274, 41.1228468], [-8.0612532, 41.123019], [-8.0607611, 41.1236549], [-8.0606111, 41.1237864], [-8.0603842, 41.1238799]]}, "properties": {"highway": "primary", "name": "Rua Central de Esmoriz", "old_ref": "EN 108", "oneway": "no", "ref": "ER 108", "surface": "asphalt"}}, {"type": "Feature", "geometry": {"type": "LineString", "coordinates": [[-8.0860576, 41.1192687], [-8.0860875, 41.1192038], [-8.0861503, 41.1190675]]}, "properties": {"highway": "primary", "lanes": "1", "old_ref": "EN 108", "oneway": "yes", "ref": "ER 108;EN 211", "surface": "asphalt"}}, {"type": "Feature", "geometry": {"type": "LineString", "coordinates": [[-8.0861503, 41.1190675], [-8.0858971, 41.1191573]]}, "properties": {"highway": "primary", "lanes": "1", "old_ref": "EN 108", "oneway": "yes", "ref": "ER 108;EN 211", "surface": "asphalt"}}, {"type": "Feature", "geometry": {"type": "LineString", "coordinates": [[-7.9834798, 41.1253678], [-7.983047, 41.125278], [-7.9815014, 41.1250149], [-7.9814722, 41.1250101], [-7.9800092, 41.12477], [-7.9796908, 41.1247815], [-7.9790068, 41.1249318], [-7.978801, 41.1250139], [-7.9782434, 41.1253918], [-7.978064, 41.1256811], [-7.9778921, 41.1257779], [-7.977638, 41.1257902], [-7.9772859, 41.1256946], [-7.9770316, 41.1257303], [-7.976846, 41.1258359], [-7.9766206, 41.1260656], [-7.9763464, 41.1263451], [-7.976194, 41.1267307], [-7.9759418, 41.1269144], [-7.9758669, 41.1270426], [-7.9758331, 41.1274353], [-7.9757521, 41.1275525], [-7.9756131, 41.1276401], [-7.9750828, 41.1277469], [-7.9749451, 41.1279049], [-7.9748842, 41.1284392], [-7.9748017, 41.1285297], [-7.9744337, 41.128815], [-7.9742943, 41.1289842], [-7.9742826, 41.1291192], [-7.9743982, 41.1293757], [-7.9743911, 41.1294429], [-7.9743639, 41.1295162], [-7.9742271, 41.1296116], [-7.9739381, 41.1296976], [-7.9736702, 41.1298527], [-7.973131, 41.1299049], [-7.9726221, 41.1301105], [-7.9723917, 41.1300861], [-7.9720595, 41.1300002], [-7.9718105, 41.1300291], [-7.9715937, 41.1301734], [-7.9714845, 41.1303752], [-7.9714422, 41.1306872], [-7.9714391, 41.1307101], [-7.9711733, 41.1312502], [-7.9709462, 41.1314878], [-7.970845, 41.1321249], [-7.9707775, 41.1323453], [-7.9706257, 41.1325208], [-7.9703747, 41.1327325], [-7.9702906, 41.1329265], [-7.9703043, 41.1332004], [-7.9702777, 41.1333029], [-7.9701948, 41.133376]]}, "properties": {"highway": "primary", "old_ref": "EN 108", "oneway": "no", "ref": "ER 108", "surface": "asphalt"}}, {"type": "Feature", "geometry": {"type": "LineString", "coordinates": [[-7.9701948, 41.133376], [-7.9700627, 41.1334236]]}, "properties": {"bridge": "yes", "highway": "primary", "layer": "1", "old_ref": "EN 108", "oneway": "no", "ref": "ER 108", "surface": "asphalt"}}, {"type": "Feature", "geometry": {"type": "LineString", "coordinates": [[-7.9890302, 41.1288975], [-7.9889318, 41.1288868], [-7.988819, 41.1288513], [-7.9887129, 41.1287659], [-7.9886669, 41.1286657], [-7.9886688, 41.1285635], [-7.9887157, 41.1284711], [-7.9888798, 41.128243], [-7.9889382, 41.1281024], [-7.9889866, 41.1275309], [-7.9889345, 41.1274078], [-7.9888408, 41.1273016], [-7.9884167, 41.1270826], [-7.9883154, 41.1269853], [-7.9882783, 41.1268831], [-7.9882998, 41.1266595], [-7.9882526, 41.1265473], [-7.9881772, 41.1264794], [-7.9881179, 41.1264571], [-7.9880089, 41.1264162], [-7.987817, 41.126417], [-7.9875072, 41.1264837], [-7.9873266, 41.1265525], [-7.9869792, 41.1267591], [-7.9868768, 41.1268051], [-7.9867524, 41.1268226], [-7.986599, 41.1268111], [-7.9860929, 41.1266154], [-7.9855474, 41.1265151], [-7.9853758, 41.1264315], [-7.9853049, 41.12631], [-7.9852737, 41.1261265], [-7.9852178, 41.1260453], [-7.9851522, 41.1259834], [-7.9850255, 41.1259374], [-7.9848772, 41.1259278], [-7.9844851, 41.1259569], [-7.9843763, 41.1259337], [-7.9842803, 41.1258912], [-7.9838102, 41.1255391], [-7.9836929, 41.1254576], [-7.9834798, 41.1253678]]}, "properties": {"highway": "primary", "old_ref": "EN 108", "oneway": "no", "ref": "ER 108", "surface": "asphalt"}}, {"type": "Feature", "geometry": {"type": "LineString", "coordinates": [[-7.9891361, 41.1288831], [-7.9890302, 41.1288975]]}, "properties": {"bridge": "yes", "highway": "primary", "layer": "1", "old_ref": "EN 108", "oneway": "no", "ref": "ER 108", "surface": "asphalt"}}, {"type": "Feature", "geometry": {"type": "LineString", "coordinates": [[-7.9489698, 41.1313506], [-7.9487058, 41.1314467]]}, "properties": {"highway": "primary", "old_ref": "EN 108", "oneway": "no", "ref": "ER 108", "surface": "asphalt"}}, {"type": "Feature", "geometry": {"type": "LineString", "coordinates": [[-7.9476374, 41.1367188], [-7.9472889, 41.1366819]]}, "properties": {"bridge": "yes", "highway": "primary", "layer": "1", "maxweight:signed": "no", "old_ref": "EN 108", "oneway": "no", "ref": "ER 108", "surface": "asphalt"}}, {"type": "Feature", "geometry": {"type": "LineString", "coordinates": [[-8.2466184, 41.0895228], [-8.2459614, 41.0893347], [-8.2457815, 41.0892862], [-8.2454694, 41.089202]]}, "properties": {"highway": "primary", "name": "Avenida de S\u00e3o Jo\u00e3o", "old_ref": "EN 108", "oneway": "no", "ref": "ER 108"}}, {"type": "Feature", "geometry": {"type": "LineString", "coordinates": [[-8.2454167, 41.0891868], [-8.245358, 41.0891699], [-8.2453159, 41.0891578]]}, "properties": {"highway": "primary", "name": "Avenida de S\u00e3o Jo\u00e3o", "old_ref": "EN 108", "oneway": "no", "ref": "ER 108"}}, {"type": "Feature", "geometry": {"type": "LineString", "coordinates": [[-8.0558288, 41.1249484], [-8.0558154, 41.1249119], [-8.0557697, 41.1246151], [-8.0556909, 41.124493], [-8.0556119, 41.1244278], [-8.0554554, 41.1243806], [-8.0553771, 41.124356]]}, "properties": {"highway": "primary", "name": "Rua da Capelinha", "old_ref": "EN 108", "oneway": "no", "ref": "ER 108", "surface": "asphalt"}}, {"type": "Feature", "geometry": {"type": "LineString", "coordinates": [[-8.0395087, 41.124475], [-8.0392176, 41.1245059], [-8.0388652, 41.1245434], [-8.0382189, 41.1247059], [-8.0379562, 41.124772], [-8.0376745, 41.1247944], [-8.0369724, 41.1246848], [-8.036664, 41.1246773], [-8.036406, 41.1247309], [-8.0354992, 41.1250776], [-8.0352649, 41.1251161], [-8.0351317, 41.1251248], [-8.0349185, 41.1251434], [-8.0347553, 41.1252033], [-8.0344213, 41.1254335], [-8.0342708, 41.1255135]]}, "properties": {"highway": "primary", "old_ref": "EN 108", "oneway": "no", "ref": "ER 108", "surface": "asphalt"}}, {"type": "Feature", "geometry": {"type": "LineString", "coordinates": [[-8.2454694, 41.089202], [-8.2454167, 41.0891868]]}, "properties": {"highway": "primary", "name": "Avenida de S\u00e3o Jo\u00e3o", "old_ref": "EN 108", "oneway": "no", "ref": "ER 108"}}, {"type": "Feature", "geometry": {"type": "LineString", "coordinates": [[-8.2417782, 41.0814817], [-8.241601, 41.081483], [-8.2410986, 41.081577], [-8.2407742, 41.0816376]]}, "properties": {"highway": "primary", "old_ref": "EN 108", "oneway": "no", "ref": "ER 108"}}, {"type": "Feature", "geometry": {"type": "LineString", "coordinates": [[-8.5777278, 41.1445594], [-8.577671, 41.1445761], [-8.5776244, 41.1446056], [-8.5775929, 41.1446449], [-8.5775799, 41.1446897], [-8.5775868, 41.1447353], [-8.5776128, 41.1447768]]}, "properties": {"highway": "primary", "junction": "roundabout", "lanes": "3", "lit": "yes", "name": "Rotunda Manuel Pinto de Azevedo J\u00fanior", "old_ref": "EN 12;EN 108;EN 209", "oneway:bicycle": "no", "ref": "EN 12;ER 108;EN 209", "surface": "asphalt"}}, {"type": "Feature", "geometry": {"type": "LineString", "coordinates": [[-8.5776128, 41.1447768], [-8.5776345, 41.1447963], [-8.5776604, 41.1448126]]}, "properties": {"highway": "primary", "junction": "roundabout", "lanes": "3", "name": "Rotunda Manuel Pinto de Azevedo J\u00fanior", "old_ref": "EN 12;EN 108;EN 209", "oneway:bicycle": "no", "ref": "EN 12;ER 108;EN 209", "surface": "asphalt"}}, {"type": "Feature", "geometry": {"type": "LineString", "coordinates": [[-8.5778065, 41.1445587], [-8.5777829, 41.144557], [-8.5777765, 41.1445573], [-8.5777278, 41.1445594]]}, "properties": {"highway": "primary", "junction": "roundabout", "lanes": "3", "name": "Rotunda Manuel Pinto de Azevedo J\u00fanior", "old_ref": "EN 12;EN 108;EN 209", "oneway:bicycle": "no", "ref": "EN 12;ER 108;EN 209", "surface": "asphalt"}}, {"type": "Feature", "geometry": {"type": "LineString", "coordinates": [[-8.5779526, 41.1446944], [-8.5779438, 41.1446542], [-8.57792, 41.1446175], [-8.5778832, 41.1445876], [-8.5778484, 41.1445704], [-8.5778065, 41.1445587]]}, "properties": {"highway": "primary", "junction": "roundabout", "lanes": "3", "lit": "yes", "name": "Rotunda Manuel Pinto de Azevedo J\u00fanior", "old_ref": "EN 12;EN 108;EN 209", "oneway:bicycle": "no", "ref": "EN 12;ER 108;EN 209", "surface": "asphalt"}}, {"type": "Feature", "geometry": {"type": "LineString", "coordinates": [[-8.5779239, 41.1447718], [-8.5779457, 41.1447347], [-8.5779526, 41.1446944]]}, "properties": {"highway": "primary", "junction": "roundabout", "lanes": "3", "lit": "yes", "name": "Rotunda Manuel Pinto de Azevedo J\u00fanior", "old_ref": "EN 12;EN 108;EN 209", "oneway:bicycle": "no", "ref": "EN 12;ER 108;EN 209", "sidewalk": "no", "surface": "asphalt"}}, {"type": "Feature", "geometry": {"type": "LineString", "coordinates": [[-8.5595646, 41.1266554], [-8.5595619, 41.1266901], [-8.5595694, 41.1267136], [-8.559587, 41.1267382], [-8.559637, 41.1267695], [-8.5596697, 41.1267776], [-8.559706, 41.126779], [-8.5597264, 41.1267755]]}, "properties": {"highway": "primary", "junction": "roundabout", "lanes": "1", "old_ref": "EN 108", "ref": "ER 108", "source": "Bing", "surface": "asphalt"}}, {"type": "Feature", "geometry": {"type": "LineString", "coordinates": [[-8.5734875, 41.1441313], [-8.5735223, 41.1441388], [-8.5735615, 41.1441401], [-8.5736, 41.1441344], [-8.5736355, 41.1441218], [-8.5736654, 41.1441037], [-8.5736887, 41.1440809]]}, "properties": {"highway": "primary", "junction": "roundabout", "lanes": "2", "name": "Rotunda Artur Cupertino de Miranda", "old_ref": "EN 108;EN 209", "ref": "ER 108;EN 209", "surface": "asphalt"}}, {"type": "Feature", "geometry": {"type": "LineString", "coordinates": [[-8.5736887, 41.1440809], [-8.5737071, 41.144047], [-8.5737113, 41.1440106], [-8.573701, 41.1439748], [-8.5736772, 41.143943], [-8.5736453, 41.1439197]]}, "properties": {"highway": "primary", "junction": "roundabout", "lanes": "2", "name": "Rotunda Artur Cupertino de Miranda", "old_ref": "EN 108;EN 209", "ref": "ER 108;EN 209", "surface": "asphalt"}}, {"type": "Feature", "geometry": {"type": "LineString", "coordinates": [[-8.5736453, 41.1439197], [-8.5736062, 41.1439038], [-8.5735629, 41.1438965]]}, "properties": {"highway": "primary", "junction": "roundabout", "lanes": "2", "name": "Rotunda Artur Cupertino de Miranda", "old_ref": "EN 108;EN 209", "ref": "ER 108;EN 209", "surface": "asphalt"}}, {"type": "Feature", "geometry": {"type": "LineString", "coordinates": [[-8.5735629, 41.1438965], [-8.5734795, 41.1438437], [-8.5733317, 41.1437293]]}, "properties": {"highway": "primary", "lanes": "1", "name": "Rua do Freixo", "old_ref": "EN 108", "oneway": "yes", "ref": "ER 108", "surface": "asphalt"}}, {"type": "Feature", "geometry": {"type": "LineString", "coordinates": [[-8.5733997, 41.1439707], [-8.5733887, 41.1440012], [-8.5733879, 41.1440311]]}, "properties": {"highway": "primary", "junction": "roundabout", "lanes": "2", "name": "Rotunda Artur Cupertino de Miranda", "old_ref": "EN 108;EN 209", "ref": "ER 108;EN 209", "surface": "asphalt"}}, {"type": "Feature", "geometry": {"type": "LineString", "coordinates": [[-8.5733879, 41.1440311], [-8.5733982, 41.1440629], [-8.5734194, 41.1440915], [-8.5734498, 41.1441149], [-8.5734875, 41.1441313]]}, "properties": {"highway": "primary", "junction": "roundabout", "lanes": "2", "name": "Rotunda Artur Cupertino de Miranda", "old_ref": "EN 108;EN 209", "ref": "ER 108;EN 209", "surface": "asphalt"}}, {"type": "Feature", "geometry": {"type": "LineString", "coordinates": [[-8.4750821, 41.0774007], [-8.4747158, 41.0774341], [-8.4744354, 41.0775008], [-8.473821, 41.077774], [-8.4736651, 41.077833], [-8.4735579, 41.0778619], [-8.4734379, 41.077887]]}, "properties": {"highway": "primary", "lanes": "2", "maxspeed": "70", "name": "Avenida Doutor Francisco S\u00e1 Carneiro", "old_ref": "EN 108", "oneway": "no", "ref": "ER 108", "surface": "asphalt"}}, {"type": "Feature", "geometry": {"type": "LineString", "coordinates": [[-8.4568862, 41.0734069], [-8.4566713, 41.0733813], [-8.4550586, 41.0732301], [-8.4539295, 41.073124], [-8.4537985, 41.0731103], [-8.4536741, 41.0730972], [-8.4535615, 41.0730854], [-8.4534906, 41.073078]]}, "properties": {"highway": "primary", "lanes": "2", "maxspeed": "70", "name": "Avenida Central de Broalhos", "old_ref": "EN 108", "oneway": "no", "ref": "ER 108", "surface": "asphalt"}}, {"type": "Feature", "geometry": {"type": "LineString", "coordinates": [[-8.4527388, 41.073124], [-8.4528031, 41.0731668], [-8.4528916, 41.0731945], [-8.4529735, 41.0731987], [-8.4530277, 41.0731891], [-8.4530539, 41.0731844], [-8.4531266, 41.0731518]]}, "properties": {"highway": "primary", "junction": "roundabout", "lanes": "2", "old_ref": "EN 108", "ref": "ER 108", "source": "BING", "surface": "asphalt"}}, {"type": "Feature", "geometry": {"type": "LineString", "coordinates": [[-8.4531266, 41.0731518], [-8.4531793, 41.0731081], [-8.4532139, 41.0730541], [-8.4532267, 41.0729915]]}, "properties": {"highway": "primary", "junction": "roundabout", "lanes": "2", "old_ref": "EN 108", "ref": "ER 108", "source": "BING", "surface": "asphalt"}}, {"type": "Feature", "geometry": {"type": "LineString", "coordinates": [[-8.4753864, 41.0773876], [-8.4750821, 41.0774007]]}, "properties": {"highway": "primary", "lanes": "2", "maxspeed": "70", "name": "Avenida Doutor Francisco S\u00e1 Carneiro", "old_ref": "EN 108", "oneway": "no", "ref": "ER 108", "surface": "asphalt"}}, {"type": "Feature", "geometry": {"type": "LineString", "coordinates": [[-8.4527081, 41.0728937], [-8.4526803, 41.0729534], [-8.4526773, 41.073015], [-8.4526985, 41.0730747], [-8.4527388, 41.073124]]}, "properties": {"highway": "primary", "junction": "roundabout", "lanes": "2", "old_ref": "EN 108", "ref": "ER 108", "source": "BING", "surface": "asphalt"}}, {"type": "Feature", "geometry": {"type": "LineString", "coordinates": [[-8.4507074, 41.0722522], [-8.4501727, 41.0715159], [-8.4498922, 41.0711437]]}, "properties": {"highway": "primary", "lanes": "2", "maxspeed": "70", "name": "Avenida Central de Vila Cova", "old_ref": "EN 108", "oneway": "no", "ref": "ER 108", "surface": "asphalt"}}, {"type": "Feature", "geometry": {"type": "LineString", "coordinates": [[-8.5598233, 41.1266508], [-8.559807, 41.1266239], [-8.5597616, 41.1265913], [-8.5597073, 41.1265783], [-8.5596575, 41.1265819]]}, "properties": {"highway": "primary", "junction": "roundabout", "lanes": "1", "old_ref": "EN 108", "ref": "ER 108", "source": "Bing", "surface": "asphalt"}}, {"type": "Feature", "geometry": {"type": "LineString", "coordinates": [[-8.5596575, 41.1265819], [-8.5596174, 41.1265964], [-8.5595839, 41.1266223], [-8.5595646, 41.1266554]]}, "properties": {"highway": "primary", "junction": "roundabout", "lanes": "1", "old_ref": "EN 108", "ref": "ER 108", "source": "Bing", "surface": "asphalt"}}, {"type": "Feature", "geometry": {"type": "LineString", "coordinates": [[-8.5585705, 41.1263086], [-8.5585601, 41.1263303], [-8.5585612, 41.1263685], [-8.5585806, 41.1264028], [-8.5586239, 41.1264333], [-8.5586497, 41.126442], [-8.5586871, 41.1264468], [-8.5587431, 41.1264386], [-8.5587767, 41.1264227], [-8.5588087, 41.1263917]]}, "properties": {"highway": "primary", "junction": "roundabout", "lanes": "1", "old_ref": "EN 108", "ref": "ER 108", "source": "Bing", "surface": "asphalt"}}, {"type": "Feature", "geometry": {"type": "LineString", "coordinates": [[-8.5197516, 41.0888037], [-8.5197249, 41.0887012]]}, "properties": {"highway": "primary", "lanes": "2", "name": "Avenida Clube de Ca\u00e7adores", "old_ref": "EN 108", "oneway": "no", "ref": "ER 108", "surface": "asphalt"}}, {"type": "Feature", "geometry": {"type": "LineString", "coordinates": [[-8.4532267, 41.0729915], [-8.4532147, 41.0729309], [-8.4531807, 41.0728767]]}, "properties": {"highway": "primary", "junction": "roundabout", "lanes": "2", "old_ref": "EN 108", "ref": "ER 108", "source": "BING", "surface": "asphalt"}}, {"type": "Feature", "geometry": {"type": "LineString", "coordinates": [[-8.5204758, 41.089608], [-8.5203037, 41.0894296], [-8.5199043, 41.0890685], [-8.519852, 41.0890141], [-8.5198089, 41.0889603], [-8.5197847, 41.0889121]]}, "properties": {"highway": "primary", "lanes": "2", "name": "Avenida Clube de Ca\u00e7adores", "old_ref": "EN 108", "oneway": "no", "ref": "ER 108", "surface": "asphalt"}}, {"type": "Feature", "geometry": {"type": "LineString", "coordinates": [[-8.5735629, 41.1438965], [-8.5735104, 41.1438996], [-8.5734619, 41.1439152], [-8.5734227, 41.1439418], [-8.5733997, 41.1439707]]}, "properties": {"highway": "primary", "junction": "roundabout", "lanes": "2", "name": "Rotunda Artur Cupertino de Miranda", "old_ref": "EN 108;EN 209", "ref": "ER 108;EN 209", "surface": "asphalt"}}, {"type": "Feature", "geometry": {"type": "LineString", "coordinates": [[-8.5449258, 41.1208233], [-8.5437813, 41.1194519], [-8.5433091, 41.1188767], [-8.5432057, 41.1188055], [-8.5430683, 41.1187459], [-8.5429026, 41.1187127], [-8.5427139, 41.1186955]]}, "properties": {"highway": "primary", "lanes": "2", "name": "Avenida Clube de Ca\u00e7adores", "old_ref": "EN 108", "oneway": "no", "ref": "ER 108", "surface": "asphalt"}}, {"type": "Feature", "geometry": {"type": "LineString", "coordinates": [[-8.4862957, 41.0747545], [-8.4861294, 41.0747948], [-8.4857018, 41.0749954], [-8.4852563, 41.0752792], [-8.4847386, 41.0754128], [-8.4822335, 41.0761489], [-8.4819749, 41.0761884], [-8.4815825, 41.0762107], [-8.4807532, 41.0761792], [-8.4805862, 41.076199], [-8.4804376, 41.0762445], [-8.4798419, 41.0765372], [-8.4795441, 41.076641], [-8.4792811, 41.0766863], [-8.4787967, 41.0766993], [-8.4782434, 41.0767141], [-8.4776764, 41.0767817], [-8.4773067, 41.0768663], [-8.476219, 41.0772834], [-8.4761278, 41.0773104], [-8.4759302, 41.077369], [-8.4756562, 41.0773763], [-8.4753864, 41.0773876]]}, "properties": {"highway": "primary", "lanes": "2", "maxspeed": "70", "name": "Avenida Doutor Francisco S\u00e1 Carneiro", "old_ref": "EN 108", "oneway": "no", "ref": "ER 108", "surface": "asphalt"}}, {"type": "Feature", "geometry": {"type": "LineString", "coordinates": [[-8.2976742, 41.080312], [-8.2975373, 41.0803841]]}, "properties": {"highway": "primary", "lanes": "1", "old_ref": "EN 108", "oneway": "yes", "ref": "ER 108", "surface": "asphalt"}}, {"type": "Feature", "geometry": {"type": "LineString", "coordinates": [[-8.5585705, 41.1263086], [-8.5585103, 41.1262838], [-8.5577732, 41.1260259]]}, "properties": {"highway": "primary", "lanes": "2", "name": "Avenida Clube de Ca\u00e7adores", "old_ref": "EN 108", "oneway": "no", "ref": "ER 108", "surface": "asphalt"}}, {"type": "Feature", "geometry": {"type": "LineString", "coordinates": [[-8.5577732, 41.1260259], [-8.5576956, 41.1259996]]}, "properties": {"highway": "primary", "lanes": "2", "name": "Avenida Clube de Ca\u00e7adores", "old_ref": "EN 108", "oneway": "no", "ref": "ER 108", "surface": "asphalt"}}, {"type": "Feature", "geometry": {"type": "LineString", "coordinates": [[-8.5394532, 41.1158216], [-8.5391152, 41.1151623], [-8.5390053, 41.1149836], [-8.5389241, 41.1148617], [-8.5388348, 41.1147587], [-8.5387143, 41.1146263], [-8.5382489, 41.1141447], [-8.53812, 41.1140161], [-8.5380096, 41.1138967], [-8.5379323, 41.1137934], [-8.5378919, 41.1136902], [-8.5378224, 41.1132574], [-8.5377868, 41.1131699], [-8.5377204, 41.1130684], [-8.5373692, 41.1127007], [-8.5372003, 41.1125366], [-8.5371043, 41.1124474], [-8.5370082, 41.1123606], [-8.5369379, 41.1123096], [-8.5368768, 41.1122708], [-8.5367873, 41.1122295], [-8.5365196, 41.1121296], [-8.5364076, 41.1120773], [-8.5363594, 41.1120473], [-8.5363049, 41.1120067], [-8.5362418, 41.111947], [-8.5361721, 41.1118631], [-8.5361115, 41.1117698], [-8.5360546, 41.1116642], [-8.5359527, 41.1115116], [-8.5358794, 41.1114255], [-8.5357839, 41.1113266], [-8.535698, 41.1112512], [-8.5356014, 41.1111825], [-8.5355099, 41.1111167], [-8.5353518, 41.1110231], [-8.5350139, 41.1108353], [-8.5348509, 41.110745], [-8.5346596, 41.1106196], [-8.5346323, 41.1106017], [-8.5345737, 41.1105575], [-8.5345233, 41.1104962], [-8.534489, 41.1104304], [-8.5344565, 41.1103408], [-8.5344378, 41.1102537], [-8.5344264, 41.110158], [-8.534424, 41.110106], [-8.5344162, 41.1099657], [-8.5343981, 41.1098928], [-8.5343741, 41.1098363], [-8.5343356, 41.1097649], [-8.5342498, 41.1096543], [-8.5336338, 41.1089507], [-8.5336073, 41.1089207], [-8.533382, 41.1086653], [-8.5329522, 41.1081782], [-8.532679, 41.1078685], [-8.5322584, 41.1073918], [-8.5321907, 41.107315], [-8.5320953, 41.1072046]]}, "properties": {"highway": "primary", "lanes": "2", "name": "Avenida Clube de Ca\u00e7adores", "old_ref": "EN 108", "oneway": "no", "ref": "ER 108", "smoothness": "good", "surface": "asphalt"}}, {"type": "Feature", "geometry": {"type": "LineString", "coordinates": [[-8.5320953, 41.1072046], [-8.5319401, 41.107026]]}, "properties": {"highway": "primary", "lanes": "2", "name": "Avenida Clube de Ca\u00e7adores", "old_ref": "EN 108", "oneway": "no", "ref": "ER 108", "smoothness": "good", "surface": "asphalt"}}, {"type": "Feature", "geometry": {"type": "LineString", "coordinates": [[-8.5197681, 41.088862], [-8.5197516, 41.0888037]]}, "properties": {"highway": "primary", "lanes": "2", "name": "Avenida Clube de Ca\u00e7adores", "old_ref": "EN 108", "oneway": "no", "ref": "ER 108", "surface": "asphalt"}}, {"type": "Feature", "geometry": {"type": "LineString", "coordinates": [[-8.5197847, 41.0889121], [-8.5197681, 41.088862]]}, "properties": {"highway": "primary", "lanes": "2", "name": "Avenida Clube de Ca\u00e7adores", "old_ref": "EN 108", "oneway": "no", "ref": "ER 108", "surface": "asphalt"}}, {"type": "Feature", "geometry": {"type": "LineString", "coordinates": [[-7.8859189, 41.1540028], [-7.8857069, 41.1540722], [-7.8856257, 41.1541204], [-7.8855574, 41.154181], [-7.8855183, 41.1542414], [-7.8854894, 41.1543093], [-7.8854726, 41.1543768], [-7.8854673, 41.154436], [-7.885471, 41.1545295], [-7.8855254, 41.1548332], [-7.8855011, 41.1549192], [-7.8854429, 41.1550019], [-7.8853803, 41.155051], [-7.8846825, 41.1552905], [-7.8845343, 41.1553806], [-7.8841588, 41.1557136], [-7.8839894, 41.1558151], [-7.8833839, 41.1560462], [-7.8831756, 41.1561448], [-7.8830745, 41.1562272], [-7.8829707, 41.1563118], [-7.8829034, 41.1564001], [-7.8824747, 41.1570521], [-7.8824302, 41.1571357], [-7.882413, 41.1572247], [-7.8824083, 41.1572886], [-7.8824438, 41.1576702], [-7.8823921, 41.1578417], [-7.8822043, 41.1580889], [-7.8821435, 41.1582302], [-7.8821336, 41.1584054], [-7.8821264, 41.1585342], [-7.8820573, 41.1586501], [-7.8819313, 41.1587378], [-7.8818045, 41.1587622], [-7.8816688, 41.1587689], [-7.8812628, 41.1587537], [-7.8809358, 41.1587356], [-7.8808976, 41.1587271], [-7.8808638, 41.1587185], [-7.8807114, 41.1586462]]}, "properties": {"highway": "primary", "lanes": "2", "name": "Rua Jos\u00e9 Caetano de Carvalho", "old_ref": "EN 108", "oneway": "no", "ref": "ER 108", "surface": "asphalt"}}, {"type": "Feature", "geometry": {"type": "LineString", "coordinates": [[-7.8928793, 41.1516332], [-7.8928176, 41.151668], [-7.8926825, 41.1517231], [-7.8922238, 41.15191], [-7.8920054, 41.1519947], [-7.8919081, 41.1520235], [-7.8918101, 41.152038], [-7.8917229, 41.1520349], [-7.8916176, 41.1520192], [-7.891537, 41.1519937], [-7.8914251, 41.151944]]}, "properties": {"highway": "primary", "lanes": "2", "name": "Rua de Vila Jus\u00e3", "old_ref": "EN 108", "oneway": "no", "ref": "ER 108", "surface": "asphalt"}}, {"type": "Feature", "geometry": {"type": "LineString", "coordinates": [[-7.8920044, 41.1483947], [-7.8920236, 41.1485104], [-7.8920711, 41.1485834], [-7.8921901, 41.1487059], [-7.8922767, 41.148772], [-7.8923715, 41.1488123], [-7.892825, 41.1489582]]}, "properties": {"highway": "primary", "lanes": "2", "name": "Rua de Vila Jus\u00e3", "old_ref": "EN 108", "oneway": "no", "ref": "ER 108", "surface": "asphalt"}}, {"type": "Feature", "geometry": {"type": "LineString", "coordinates": [[-7.8934471, 41.1448903], [-7.8934177, 41.1449476], [-7.8933819, 41.1449962], [-7.8933278, 41.1450403], [-7.8932558, 41.1450902], [-7.8927874, 41.1453655], [-7.8926933, 41.145436], [-7.8926202, 41.1455066], [-7.8923046, 41.1459416], [-7.8922112, 41.1461489], [-7.8921469, 41.1463488], [-7.8921193, 41.14654], [-7.8921314, 41.1467293], [-7.8921425, 41.1468539], [-7.8921582, 41.1469382], [-7.8921806, 41.1470216], [-7.8921902, 41.1471107], [-7.8921859, 41.147226], [-7.8921652, 41.1473363], [-7.8920375, 41.1476818], [-7.8920007, 41.1478024], [-7.8919894, 41.1478753], [-7.8920044, 41.1483947]]}, "properties": {"highway": "primary", "lanes": "2", "name": "Rua de Vila Jus\u00e3", "old_ref": "EN 108", "oneway": "no", "ref": "ER 108", "surface": "asphalt"}}, {"type": "Feature", "geometry": {"type": "LineString", "coordinates": [[-7.91246, 41.1242036], [-7.9120695, 41.1242102], [-7.9117593, 41.1242461], [-7.9099412, 41.1246833], [-7.9098437, 41.1247095], [-7.9097539, 41.1247366], [-7.9096724, 41.1247652], [-7.9095904, 41.1247987], [-7.9095185, 41.1248323], [-7.9089984, 41.1251291], [-7.9089235, 41.1251656], [-7.9088187, 41.1252102], [-7.9087361, 41.1252397], [-7.9086463, 41.1252682], [-7.9085486, 41.1252931], [-7.9084393, 41.1253124], [-7.9076863, 41.1254095], [-7.9075963, 41.1254171], [-7.9074928, 41.1254212], [-7.9073895, 41.1254166], [-7.9066045, 41.1253477], [-7.9065256, 41.125344], [-7.9064453, 41.1253448], [-7.9063681, 41.1253507], [-7.9062817, 41.1253618], [-7.9062003, 41.1253793], [-7.9061346, 41.1253985], [-7.9060735, 41.1254234], [-7.9053358, 41.1257973], [-7.9052588, 41.1258304], [-7.9051775, 41.1258604], [-7.9051004, 41.1258836], [-7.9050235, 41.1259026], [-7.9047264, 41.1259684], [-7.9046593, 41.1259859], [-7.9045987, 41.1260092], [-7.9045421, 41.1260372], [-7.9044922, 41.1260705], [-7.9044445, 41.12611], [-7.9044061, 41.1261531], [-7.9043727, 41.1262023], [-7.9043415, 41.1262617], [-7.9043077, 41.1263355], [-7.9041137, 41.1268359], [-7.9040949, 41.1268872], [-7.9040813, 41.1269435], [-7.9040771, 41.1269901], [-7.9040772, 41.1270355], [-7.9040833, 41.1270892], [-7.9040917, 41.1271505], [-7.9041273, 41.1273369]]}, "properties": {"highway": "primary", "lanes": "2", "name": "Rua de Barqueiros", "old_ref": "EN 108", "oneway": "no", "ref": "ER 108", "surface": "asphalt"}}, {"type": "Feature", "geometry": {"type": "LineString", "coordinates": [[-7.9058727, 41.1326757], [-7.9062694, 41.1327896], [-7.9063384, 41.1328248], [-7.9063877, 41.1328672], [-7.9064162, 41.132905], [-7.9064493, 41.1329533], [-7.9064753, 41.1330087], [-7.9064969, 41.133083], [-7.9064571, 41.1336405], [-7.9064173, 41.1337351], [-7.9063722, 41.1337947], [-7.9063049, 41.133848], [-7.9062129, 41.1338859], [-7.905701, 41.1340329], [-7.9055874, 41.1340694], [-7.9053806, 41.1341358], [-7.9052788, 41.1341901], [-7.9052215, 41.1342403], [-7.9051801, 41.1342939], [-7.9051454, 41.134366], [-7.9051242, 41.1344344], [-7.9051171, 41.1345003], [-7.9051221, 41.1346041], [-7.905124, 41.1347031], [-7.9052181, 41.1356883], [-7.9052153, 41.1357544], [-7.905202, 41.1358187], [-7.9051697, 41.1358759], [-7.9051298, 41.1359275], [-7.905078, 41.1359755], [-7.9050153, 41.1360135], [-7.9049508, 41.1360381], [-7.904862, 41.1360524], [-7.9047655, 41.1360538], [-7.9045319, 41.1360395], [-7.9044376, 41.1360303], [-7.9043366, 41.1360259], [-7.904236, 41.1360282]]}, "properties": {"highway": "primary", "lanes": "2", "name": "Rua de Barqueiros", "old_ref": "EN 108", "oneway": "no", "ref": "ER 108", "surface": "asphalt"}}, {"type": "Feature", "geometry": {"type": "LineString", "coordinates": [[-7.9053342, 41.1301389], [-7.9048269, 41.1314206], [-7.9048122, 41.1314842], [-7.9048078, 41.131554], [-7.9048121, 41.1316341], [-7.9048233, 41.1317176], [-7.9048968, 41.1320303], [-7.9049246, 41.1321058], [-7.9049675, 41.1321748], [-7.9050227, 41.1322407], [-7.9050859, 41.1323064], [-7.9051548, 41.1323691], [-7.9052468, 41.1324339], [-7.9053561, 41.1324982], [-7.9054538, 41.1325469], [-7.9055729, 41.1325897], [-7.9058727, 41.1326757]]}, "properties": {"highway": "primary", "lanes": "2", "name": "Rua de Barqueiros", "old_ref": "EN 108", "oneway": "no", "ref": "ER 108", "surface": "asphalt"}}, {"type": "Feature", "geometry": {"type": "LineString", "coordinates": [[-7.9041273, 41.1273369], [-7.9041808, 41.1276166], [-7.9041956, 41.1276764], [-7.9042138, 41.1277298], [-7.9042369, 41.1277791], [-7.904262, 41.1278254], [-7.9044532, 41.128175], [-7.904485, 41.1282268], [-7.9045297, 41.1282952], [-7.9045679, 41.1283502], [-7.9046064, 41.1284039], [-7.9046467, 41.128456], [-7.9046847, 41.1285026], [-7.904733, 41.1285536], [-7.9047805, 41.1285933], [-7.9048544, 41.1286387], [-7.9049245, 41.128672], [-7.9050029, 41.1286981], [-7.9055362, 41.1288319], [-7.9056197, 41.1288577], [-7.9056865, 41.1288899], [-7.905736, 41.1289287], [-7.9057745, 41.1289765], [-7.9058085, 41.1290437], [-7.9058238, 41.1290925], [-7.9058262, 41.1291483], [-7.9058136, 41.1292026], [-7.9057801, 41.1292755], [-7.9055951, 41.1295401], [-7.9055526, 41.1296049], [-7.9055205, 41.129668], [-7.9053342, 41.1301389]]}, "properties": {"highway": "primary", "lanes": "2", "name": "Rua de Barqueiros", "old_ref": "EN 108", "oneway": "no", "ref": "ER 108", "surface": "asphalt"}}, {"type": "Feature", "geometry": {"type": "LineString", "coordinates": [[-8.1726764, 41.1156014], [-8.1726914, 41.1159117]]}, "properties": {"highway": "primary", "old_ref": "EN 108", "oneway": "no", "ref": "ER 108"}}, {"type": "Feature", "geometry": {"type": "LineString", "coordinates": [[-8.1726914, 41.1159117], [-8.1726377, 41.1160674], [-8.1724476, 41.1161976]]}, "properties": {"highway": "primary", "old_ref": "EN 108", "oneway": "no", "ref": "ER 108"}}, {"type": "Feature", "geometry": {"type": "LineString", "coordinates": [[-8.1634003, 41.1141276], [-8.163161, 41.1128245], [-8.1631128, 41.1126768], [-8.1628013, 41.1122727], [-8.1621466, 41.1115094], [-8.1620292, 41.1113923], [-8.1607531, 41.110768], [-8.1606214, 41.1106559], [-8.1605753, 41.1105429], [-8.1606154, 41.1103341], [-8.1612497, 41.1095054], [-8.1612866, 41.1092874], [-8.1611393, 41.1085843], [-8.1611422, 41.1084461], [-8.1612295, 41.1082076], [-8.1613775, 41.1078034], [-8.1614072, 41.1076759], [-8.1612433, 41.1064701], [-8.1612353, 41.1063031], [-8.1613092, 41.1057155], [-8.1613194, 41.1056341], [-8.1612918, 41.1054608], [-8.1611861, 41.1053514], [-8.1609468, 41.1052874], [-8.1606889, 41.1053271], [-8.1605528, 41.1054063]]}, "properties": {"highway": "primary", "old_ref": "EN 108", "oneway": "no", "ref": "ER 108"}}, {"type": "Feature", "geometry": {"type": "LineString", "coordinates": [[-8.1135042, 41.1030216], [-8.1134221, 41.1029585], [-8.1133794, 41.1028766], [-8.1133816, 41.1027855], [-8.113425, 41.1026361], [-8.1134274, 41.1025423], [-8.1133905, 41.1024133], [-8.1132108, 41.1020776], [-8.1130673, 41.1018096], [-8.1124095, 41.1012794], [-8.1122796, 41.1012268], [-8.1122072, 41.1012121], [-8.112101, 41.1012093], [-8.1119811, 41.1012338], [-8.1114622, 41.1014657], [-8.1109581, 41.1015797], [-8.1109347, 41.10158], [-8.1107513, 41.101582], [-8.1106138, 41.1015735], [-8.1103786, 41.1015692], [-8.1100971, 41.1016502], [-8.1100677, 41.1016647], [-8.1097208, 41.1018361], [-8.1091036, 41.1020732], [-8.1090468, 41.102095], [-8.1087249, 41.1022187], [-8.1084831, 41.1023116], [-8.1084083, 41.1023403], [-8.1074281, 41.1025547], [-8.1071837, 41.1026509], [-8.1069802, 41.1027656], [-8.1067337, 41.1031003], [-8.1065646, 41.103235], [-8.1054655, 41.1035098], [-8.1052966, 41.1034998], [-8.1051523, 41.1034406], [-8.1050488, 41.1033636], [-8.1048484, 41.1028199], [-8.1047356, 41.1026876], [-8.1045742, 41.102599], [-8.1043167, 41.1025177], [-8.1034665, 41.1023172], [-8.1031916, 41.1022725], [-8.1030432, 41.1022696], [-8.1028398, 41.102299], [-8.102104, 41.1024631], [-8.1018551, 41.1025314], [-8.1015918, 41.1026398], [-8.1013771, 41.1027522], [-8.1012084, 41.1028924], [-8.1010536, 41.1032185], [-8.1009071, 41.1033689], [-8.1005292, 41.1036763], [-8.1003756, 41.1038347], [-8.1001832, 41.1042645], [-8.1000905, 41.1043969], [-8.0999202, 41.1044832], [-8.0996001, 41.1045328], [-8.0993701, 41.1045824], [-8.0992689, 41.1046366], [-8.0992005, 41.1047499], [-8.0991914, 41.1049142], [-8.0992404, 41.1050587], [-8.0993703, 41.1051737], [-8.099737, 41.1054704], [-8.1000987, 41.1057249], [-8.1007089, 41.1060735], [-8.1007852, 41.1062033], [-8.1008223, 41.106441], [-8.1009001, 41.1065782], [-8.1012884, 41.1068435], [-8.1013533, 41.1069247], [-8.1013665, 41.1070004], [-8.1013331, 41.1071434], [-8.1008089, 41.1076582], [-8.1007378, 41.1077993], [-8.1007582, 41.1079584], [-8.1008684, 41.1080882], [-8.1010228, 41.1081767], [-8.101221, 41.1082211], [-8.1016076, 41.1082598], [-8.1020601, 41.1084199], [-8.1022404, 41.1086474], [-8.102307, 41.108984], [-8.1022777, 41.1092246], [-8.1021796, 41.1093377]]}, "properties": {"highway": "primary", "old_ref": "EN 108", "oneway": "no", "ref": "ER 108", "source": "Bing"}}, {"type": "Feature", "geometry": {"type": "LineString", "coordinates": [[-8.117889, 41.0993897], [-8.1175316, 41.099541]]}, "properties": {"highway": "primary", "old_ref": "EN 108", "oneway": "no", "ref": "ER 108", "source": "Bing"}}, {"type": "Feature", "geometry": {"type": "LineString", "coordinates": [[-8.1180796, 41.099309], [-8.117889, 41.0993897]]}, "properties": {"highway": "primary", "old_ref": "EN 108", "oneway": "no", "ref": "ER 108", "source": "Bing"}}, {"type": "Feature", "geometry": {"type": "LineString", "coordinates": [[-8.1175316, 41.099541], [-8.1171849, 41.0997], [-8.1170479, 41.0997829], [-8.1169186, 41.0999127], [-8.1165742, 41.1004581], [-8.1162961, 41.1008984], [-8.1162395, 41.1011453], [-8.116213, 41.10157], [-8.1162496, 41.1016858], [-8.1163352, 41.1018263], [-8.1164677, 41.1019054], [-8.1166064, 41.1019373], [-8.1171869, 41.1018952], [-8.1173442, 41.1019351], [-8.1174443, 41.1019882], [-8.1175034, 41.1020844], [-8.1175418, 41.1022719], [-8.1175962, 41.102898], [-8.1175676, 41.1029917], [-8.1175334, 41.1030565]]}, "properties": {"highway": "primary", "old_ref": "EN 108", "oneway": "no", "ref": "ER 108", "source": "Bing"}}, {"type": "Feature", "geometry": {"type": "LineString", "coordinates": [[-8.1136365, 41.1030802], [-8.1135042, 41.1030216]]}, "properties": {"bridge": "yes", "highway": "primary", "layer": "1", "old_ref": "EN 108", "oneway": "no", "ref": "ER 108", "source": "Bing"}}, {"type": "Feature", "geometry": {"type": "LineString", "coordinates": [[-8.117476, 41.1031253], [-8.1173843, 41.1031704], [-8.1170762, 41.1032942], [-8.116881, 41.1033285], [-8.1166939, 41.1033381], [-8.1164702, 41.1032978], [-8.1156153, 41.1029179], [-8.1149819, 41.1027808], [-8.1146618, 41.1027885], [-8.11438, 41.1028632], [-8.1138783, 41.1030885], [-8.1137264, 41.1030972], [-8.1136365, 41.1030802]]}, "properties": {"highway": "primary", "old_ref": "EN 108", "oneway": "no", "ref": "ER 108", "source": "Bing"}}, {"type": "Feature", "geometry": {"type": "LineString", "coordinates": [[-8.1175334, 41.1030565], [-8.117476, 41.1031253]]}, "properties": {"bridge": "yes", "highway": "primary", "layer": "1", "old_ref": "EN 108", "oneway": "no", "ref": "ER 108", "source": "Bing"}}, {"type": "Feature", "geometry": {"type": "LineString", "coordinates": [[-7.9483608, 41.1315724], [-7.9481405, 41.1317347], [-7.9479219, 41.1320321], [-7.9478741, 41.1321787], [-7.9476669, 41.1334494], [-7.9476493, 41.1336988], [-7.9476986, 41.1340368], [-7.947992, 41.1350609], [-7.9479956, 41.1351799], [-7.9479705, 41.1352581], [-7.9478848, 41.1353626], [-7.9477768, 41.1355728], [-7.947756, 41.1357552], [-7.9478116, 41.1359001], [-7.9480613, 41.1362975], [-7.9480696, 41.1364008], [-7.9480109, 41.136507], [-7.9479692, 41.1365655], [-7.9478135, 41.136681], [-7.9477302, 41.1367113], [-7.9476374, 41.1367188]]}, "properties": {"highway": "primary", "old_ref": "EN 108", "oneway": "no", "ref": "ER 108", "surface": "asphalt"}}, {"type": "Feature", "geometry": {"type": "LineString", "coordinates": [[-7.9487058, 41.1314467], [-7.9483608, 41.1315724]]}, "properties": {"highway": "primary", "old_ref": "EN 108", "oneway": "no", "ref": "ER 108", "surface": "asphalt"}}, {"type": "Feature", "geometry": {"type": "LineString", "coordinates": [[-8.5732376, 41.1437736], [-8.5733425, 41.1438774], [-8.5733814, 41.1439309], [-8.5733997, 41.1439707]]}, "properties": {"highway": "primary", "lanes": "2", "name": "Rua do Freixo", "old_ref": "EN 108", "oneway": "yes", "ref": "ER 108", "surface": "asphalt"}}, {"type": "Feature", "geometry": {"type": "LineString", "coordinates": [[-8.423894, 41.0722577], [-8.4235555, 41.0723916], [-8.4231515, 41.0725937], [-8.4229935, 41.0726779], [-8.4226469, 41.072876], [-8.4224171, 41.0730255], [-8.4222754, 41.0731607], [-8.4221511, 41.07337], [-8.4221149, 41.0735267], [-8.4221094, 41.0737064], [-8.42214, 41.0743344]]}, "properties": {"highway": "primary", "lanes": "2", "maxspeed": "70", "name": "Avenida Jos\u00e9 Joaquim Ferrerira", "old_ref": "EN 108", "ref": "ER 108", "surface": "asphalt"}}, {"type": "Feature", "geometry": {"type": "LineString", "coordinates": [[-8.472187, 41.0777821], [-8.4721572, 41.0777577], [-8.4721181, 41.0777424], [-8.472078, 41.0777379], [-8.472038, 41.0777432], [-8.4720023, 41.0777576]]}, "properties": {"highway": "primary", "maxspeed": "70", "name": "Avenida Doutor Francisco S\u00e1 Carneiro", "old_ref": "EN 108", "oneway": "yes", "ref": "ER 108", "surface": "asphalt"}}, {"type": "Feature", "geometry": {"type": "LineString", "coordinates": [[-8.4725431, 41.0778985], [-8.472479, 41.0778868], [-8.4724001, 41.077865], [-8.4723391, 41.077842], [-8.4723303, 41.0778387], [-8.4722423, 41.0778056], [-8.472187, 41.0777821]]}, "properties": {"highway": "primary", "maxspeed": "70", "name": "Avenida Doutor Francisco S\u00e1 Carneiro", "old_ref": "EN 108", "oneway": "yes", "ref": "ER 108", "surface": "asphalt"}}, {"type": "Feature", "geometry": {"type": "LineString", "coordinates": [[-8.4721302, 41.0779225], [-8.4721923, 41.0779062], [-8.4722469, 41.0778994], [-8.4723341, 41.0778927], [-8.4724229, 41.0778925], [-8.4725431, 41.0778985]]}, "properties": {"highway": "primary", "maxspeed": "70", "name": "Avenida Doutor Francisco S\u00e1 Carneiro", "old_ref": "EN 108", "oneway": "yes", "ref": "ER 108", "surface": "asphalt"}}, {"type": "Feature", "geometry": {"type": "LineString", "coordinates": [[-8.4720023, 41.0777576], [-8.471951, 41.0777541], [-8.4719131, 41.0777472], [-8.4718554, 41.0777289], [-8.4718465, 41.0777246], [-8.4717887, 41.0776969], [-8.471728, 41.0776594]]}, "properties": {"highway": "primary", "maxspeed": "70", "name": "Avenida Doutor Francisco S\u00e1 Carneiro", "old_ref": "EN 108", "oneway": "yes", "ref": "ER 108", "surface": "asphalt"}}, {"type": "Feature", "geometry": {"type": "LineString", "coordinates": [[-8.471728, 41.0776594], [-8.4717947, 41.0777244], [-8.4718219, 41.0777496], [-8.4718721, 41.0777964], [-8.4718994, 41.0778222], [-8.4719267, 41.0778479], [-8.4719799, 41.0778943]]}, "properties": {"highway": "primary", "maxspeed": "70", "name": "Avenida Doutor Francisco S\u00e1 Carneiro", "old_ref": "EN 108", "oneway": "yes", "ref": "ER 108", "surface": "asphalt"}}, {"type": "Feature", "geometry": {"type": "LineString", "coordinates": [[-8.4721302, 41.0779225], [-8.4721671, 41.0779043], [-8.4721935, 41.0778777], [-8.4722063, 41.0778459], [-8.4722041, 41.0778128], [-8.472187, 41.0777821]]}, "properties": {"highway": "primary", "maxspeed": "70", "name": "Avenida Doutor Francisco S\u00e1 Carneiro", "old_ref": "EN 108", "oneway": "yes", "ref": "ER 108", "surface": "asphalt"}}, {"type": "Feature", "geometry": {"type": "LineString", "coordinates": [[-8.4720023, 41.0777576], [-8.4719743, 41.0777797], [-8.471957, 41.0778074], [-8.471952, 41.0778377], [-8.4719599, 41.0778677], [-8.4719799, 41.0778943]]}, "properties": {"highway": "primary", "maxspeed": "70", "name": "Avenida Doutor Francisco S\u00e1 Carneiro", "old_ref": "EN 108", "oneway": "yes", "ref": "ER 108", "surface": "asphalt"}}, {"type": "Feature", "geometry": {"type": "LineString", "coordinates": [[-8.4734379, 41.077887], [-8.4733995, 41.077894], [-8.4733167, 41.0779091], [-8.4732121, 41.0779225], [-8.4731287, 41.0779299]]}, "properties": {"highway": "primary", "maxspeed": "70", "name": "Avenida Doutor Francisco S\u00e1 Carneiro", "old_ref": "EN 108", "oneway": "no", "ref": "ER 108", "surface": "asphalt"}}, {"type": "Feature", "geometry": {"type": "LineString", "coordinates": [[-8.4221137, 41.0750604], [-8.4221229, 41.0751665], [-8.4221993, 41.0758145]]}, "properties": {"highway": "primary", "name": "Avenida Jos\u00e9 Joaquim Ferrerira", "old_ref": "EN 108", "oneway": "yes", "ref": "ER 108", "surface": "asphalt"}}, {"type": "Feature", "geometry": {"type": "LineString", "coordinates": [[-8.4223176, 41.0757002], [-8.4222935, 41.0754621], [-8.422267, 41.0752163]]}, "properties": {"highway": "primary", "name": "Avenida Jos\u00e9 Joaquim Ferrerira", "old_ref": "EN 108", "oneway": "yes", "ref": "ER 108", "surface": "asphalt"}}, {"type": "Feature", "geometry": {"type": "LineString", "coordinates": [[-8.5195524, 41.0871966], [-8.5194829, 41.0869905], [-8.5194014, 41.0868101], [-8.5190797, 41.0861868], [-8.5185649, 41.0853079], [-8.5183136, 41.0848221], [-8.5181301, 41.0844059], [-8.518071, 41.0842677], [-8.5178866, 41.0837867], [-8.517672, 41.0834826], [-8.5171914, 41.0829974], [-8.5168056, 41.082606], [-8.5167279, 41.0823957], [-8.516685, 41.082137], [-8.5167195, 41.081743], [-8.5167135, 41.0816256], [-8.5166705, 41.0815129], [-8.5166237, 41.081432], [-8.5165215, 41.0813604], [-8.5162616, 41.0812626], [-8.5159318, 41.0811805]]}, "properties": {"highway": "primary", "lanes": "2", "maxspeed": "70", "name": "Avenida Doutor Francisco S\u00e1 Carneiro", "old_ref": "EN 108", "oneway": "no", "ref": "ER 108", "surface": "asphalt"}}, {"type": "Feature", "geometry": {"type": "LineString", "coordinates": [[-8.2919699, 41.0862805], [-8.2918393, 41.0864383], [-8.2916778, 41.0866772], [-8.291565, 41.0868609], [-8.2915193, 41.0869436], [-8.2911598, 41.0878094]]}, "properties": {"highway": "primary", "lanes": "2", "name": "Rua Principal", "old_ref": "EN 108", "oneway": "no", "ref": "ER 108", "surface": "asphalt"}}, {"type": "Feature", "geometry": {"type": "LineString", "coordinates": [[-8.2909952, 41.0880253], [-8.2909465, 41.0880712], [-8.2908733, 41.088147], [-8.2907271, 41.0882595], [-8.2905917, 41.0883518]]}, "properties": {"highway": "primary", "name": "Rua Principal", "old_ref": "EN 108", "oneway": "no", "ref": "ER 108", "surface": "sett"}}, {"type": "Feature", "geometry": {"type": "LineString", "coordinates": [[-8.2469749, 41.0894466], [-8.2468861, 41.0895312]]}, "properties": {"highway": "primary", "lanes": "1", "old_ref": "EN 108", "oneway": "yes", "ref": "ER 108", "surface": "asphalt"}}, {"type": "Feature", "geometry": {"type": "LineString", "coordinates": [[-8.2469627, 41.0895747], [-8.2469749, 41.0894466]]}, "properties": {"highway": "primary", "lanes": "1", "old_ref": "EN 108", "oneway": "yes", "ref": "ER 108", "surface": "asphalt"}}, {"type": "Feature", "geometry": {"type": "LineString", "coordinates": [[-8.2466184, 41.0895228], [-8.2467246, 41.089569], [-8.2468258, 41.089613]]}, "properties": {"highway": "primary", "lanes": "1", "name": "Avenida de S\u00e3o Jo\u00e3o", "old_ref": "EN 108", "oneway": "yes", "ref": "ER 108", "surface": "asphalt"}}, {"type": "Feature", "geometry": {"type": "LineString", "coordinates": [[-8.2468628, 41.0895352], [-8.2468128, 41.0895373], [-8.2467754, 41.0895378], [-8.2467343, 41.0895361], [-8.2466901, 41.0895321], [-8.2466184, 41.0895228]]}, "properties": {"highway": "primary", "lanes": "1", "name": "Avenida de S\u00e3o Jo\u00e3o", "old_ref": "EN 108", "oneway": "yes", "ref": "ER 108", "surface": "asphalt"}}, {"type": "Feature", "geometry": {"type": "LineString", "coordinates": [[-8.0874023, 41.1021838], [-8.0873111, 41.1022578], [-8.0872681, 41.1023383], [-8.0872475, 41.1024314], [-8.087275, 41.1025214], [-8.0873135, 41.102606], [-8.0873633, 41.1027006], [-8.0874354, 41.1027925], [-8.0874647, 41.1028184], [-8.0875184, 41.1028657], [-8.087631, 41.1029363], [-8.0877248, 41.1029744], [-8.0878333, 41.103007], [-8.0878736, 41.1030086], [-8.0881096, 41.1030183], [-8.0883909, 41.1029924], [-8.0886575, 41.1029809], [-8.0887749, 41.1030086], [-8.0888924, 41.1030432], [-8.0889671, 41.1030731], [-8.0889999, 41.1031026], [-8.0890234, 41.1031321], [-8.0890841, 41.1032336]]}, "properties": {"highway": "primary", "name": "Rua de Sorrego", "old_ref": "EN 108", "oneway": "no", "ref": "ER 108;EN 211"}}, {"type": "Feature", "geometry": {"type": "LineString", "coordinates": [[-8.4873482, 41.0745319], [-8.4866689, 41.074664], [-8.4862957, 41.0747545]]}, "properties": {"divider": "double_solid_line", "highway": "primary", "lane_markings": "yes", "lanes": "3", "lanes:backward": "2", "lanes:forward": "1", "maxspeed": "70", "name": "Avenida Doutor Francisco S\u00e1 Carneiro", "old_ref": "EN 108", "oneway": "no", "ref": "ER 108", "surface": "asphalt", "turn:lanes:backward": "left|through", "width": "10"}}, {"type": "Feature", "geometry": {"type": "LineString", "coordinates": [[-8.0553771, 41.124356], [-8.0552765, 41.12432], [-8.0551081, 41.1242752], [-8.0550221, 41.1242654], [-8.0548767, 41.1242748], [-8.05475, 41.1243703], [-8.0547332, 41.1243977]]}, "properties": {"highway": "primary", "name": "Rua da Capelinha", "old_ref": "EN 108", "oneway": "yes", "ref": "ER 108", "surface": "asphalt"}}, {"type": "Feature", "geometry": {"type": "LineString", "coordinates": [[-8.0550273, 41.1249602], [-8.0550611, 41.1250973], [-8.0549833, 41.1253961], [-8.054806, 41.1255978], [-8.0545859, 41.1257262], [-8.0543803, 41.1257902]]}, "properties": {"highway": "primary", "name": "Rua da Capelinha", "old_ref": "EN 108", "oneway": "no", "ref": "ER 108", "surface": "asphalt"}}, {"type": "Feature", "geometry": {"type": "LineString", "coordinates": [[-8.0559758, 41.1251443], [-8.0558639, 41.1250499], [-8.0558288, 41.1249484]]}, "properties": {"highway": "primary", "name": "Rua da Ponte do Geraldo", "old_ref": "EN 108", "oneway": "no", "ref": "ER 108", "surface": "asphalt"}}, {"type": "Feature", "geometry": {"type": "LineString", "coordinates": [[-8.0603842, 41.1238799], [-8.0599968, 41.1240202], [-8.0598334, 41.1241067], [-8.0593997, 41.1244433], [-8.0592847, 41.1244827], [-8.0591533, 41.1244868]]}, "properties": {"highway": "primary", "name": "Rua da Ponte do Geraldo", "old_ref": "EN 108", "oneway": "no", "ref": "ER 108", "surface": "asphalt"}}, {"type": "Feature", "geometry": {"type": "LineString", "coordinates": [[-8.0860576, 41.1192687], [-8.0859784, 41.1192027], [-8.0858971, 41.1191573], [-8.085803, 41.1191229], [-8.0857117, 41.1191032], [-8.0856096, 41.1190912], [-8.0845407, 41.1190134], [-8.0843489, 41.1189588], [-8.0842132, 41.1188476], [-8.0839353, 41.1183968], [-8.0838238, 41.1183076], [-8.0826451, 41.1180712], [-8.082408, 41.1180637], [-8.0817475, 41.1182932], [-8.0815075, 41.1183289], [-8.0798889, 41.1181101], [-8.0797181, 41.118087], [-8.0794239, 41.1181219], [-8.0787278, 41.1183804], [-8.0785148, 41.1184055], [-8.0774842, 41.1181097], [-8.077276, 41.1180795], [-8.0769964, 41.1180887], [-8.0767529, 41.1181502], [-8.0765687, 41.1182182], [-8.0764191, 41.1183114], [-8.076222, 41.118485], [-8.0761259, 41.1185989], [-8.0760234, 41.1186837], [-8.0759297, 41.1187089], [-8.0758197, 41.1187095], [-8.075616, 41.118645], [-8.0748902, 41.1182977], [-8.0747375, 41.1181861], [-8.0741884, 41.1169521], [-8.0740415, 41.1168379], [-8.0734643, 41.116664], [-8.0732649, 41.1165713], [-8.0731729, 41.1164218], [-8.0731408, 41.1162829], [-8.0731259, 41.1162185], [-8.073116, 41.1161755], [-8.0730268, 41.1157899], [-8.0729137, 41.1156509], [-8.0727911, 41.11557], [-8.0725904, 41.1155028]]}, "properties": {"highway": "primary", "name": "Rua de Bai\u00e3o", "old_ref": "EN 108", "oneway": "no", "ref": "ER 108"}}, {"type": "Feature", "geometry": {"type": "LineString", "coordinates": [[-8.5226203, 41.0958531], [-8.5226428, 41.0961604], [-8.5226545, 41.09649], [-8.5228002, 41.0968538]]}, "properties": {"highway": "primary", "lanes": "1", "name": "Avenida Clube de Ca\u00e7adores", "old_ref": "EN 108", "oneway": "yes", "ref": "ER 108", "surface": "asphalt"}}, {"type": "Feature", "geometry": {"type": "LineString", "coordinates": [[-8.2453159, 41.0891578], [-8.2452709, 41.0891448], [-8.2451155, 41.0891], [-8.2449583, 41.0890258], [-8.2448321, 41.0889383], [-8.2446404, 41.0887947], [-8.2444896, 41.0886114], [-8.2442262, 41.088115]]}, "properties": {"highway": "primary", "name": "Avenida de S\u00e3o Jo\u00e3o", "old_ref": "EN 108", "oneway": "no", "ref": "ER 108"}}, {"type": "Feature", "geometry": {"type": "LineString", "coordinates": [[-8.1725615, 41.1136416], [-8.1725882, 41.1140277], [-8.1726278, 41.1147349], [-8.1726764, 41.1156014]]}, "properties": {"highway": "primary", "old_ref": "EN 108", "oneway": "no", "ref": "ER 108"}}, {"type": "Feature", "geometry": {"type": "LineString", "coordinates": [[-8.1724476, 41.1161976], [-8.1722301, 41.1162527], [-8.1709991, 41.1164058], [-8.169975, 41.1165612], [-8.1696675, 41.1166522], [-8.1689046, 41.1170535], [-8.1682558, 41.1173947], [-8.167733, 41.1176663], [-8.1674397, 41.1176963], [-8.1672217, 41.1176584], [-8.1669778, 41.117551], [-8.1667652, 41.1172899], [-8.1666371, 41.1171994], [-8.1664953, 41.1171643], [-8.165811, 41.1171721], [-8.164671, 41.117201], [-8.1645249, 41.1171663], [-8.1643571, 41.1170705], [-8.1642926, 41.1169519], [-8.1642324, 41.1165379], [-8.1641765, 41.1161534], [-8.1641421, 41.115994], [-8.1640962, 41.1159238], [-8.1640584, 41.1158791], [-8.1639151, 41.1157888], [-8.1634562, 41.1154122], [-8.1634194, 41.1152592], [-8.163446, 41.1150229], [-8.1634835, 41.1148874]]}, "properties": {"highway": "primary", "old_ref": "EN 108", "oneway": "no", "ref": "ER 108"}}, {"type": "Feature", "geometry": {"type": "LineString", "coordinates": [[-8.1634835, 41.1148874], [-8.1634689, 41.1145011], [-8.1634003, 41.1141276]]}, "properties": {"highway": "primary", "old_ref": "EN 108", "oneway": "no", "ref": "ER 108"}}, {"type": "Feature", "geometry": {"type": "MultiPolygon", "coordinates": [[[[-8.2474952, 41.0882867], [-8.2474897, 41.0882637], [-8.2474752, 41.0882431], [-8.247453, 41.088227], [-8.2474252, 41.0882167], [-8.2473946, 41.0882134], [-8.2473641, 41.0882173], [-8.2473368, 41.0882282], [-8.2473149, 41.088245], [-8.2473012, 41.0882661], [-8.2472968, 41.0882895], [-8.2473022, 41.0883126], [-8.247317, 41.0883334], [-8.2473395, 41.0883497], [-8.2473675, 41.0883598], [-8.2473982, 41.0883629], [-8.2474287, 41.0883588], [-8.247456, 41.0883477], [-8.2474775, 41.0883308], [-8.247491, 41.0883098], [-8.2474952, 41.0882867]]]]}, "properties": {"highway": "primary", "junction": "roundabout", "old_ref": "EN 108", "ref": "ER 108"}}, {"type": "Feature", "geometry": {"type": "MultiPolygon", "coordinates": [[[[-8.2469636, 41.0895948], [-8.2469627, 41.0895747], [-8.2469523, 41.0895562], [-8.246934, 41.0895417], [-8.24691, 41.089533], [-8.2468861, 41.0895312], [-8.2468628, 41.0895352], [-8.2468424, 41.0895447], [-8.246827, 41.0895585], [-8.2468184, 41.0895754], [-8.2468177, 41.0895947], [-8.2468258, 41.089613], [-8.2468417, 41.0896282], [-8.2468635, 41.0896383], [-8.2468886, 41.0896422], [-8.2469149, 41.0896391], [-8.246938, 41.0896292], [-8.246955, 41.0896138], [-8.2469636, 41.0895948]]]]}, "properties": {"highway": "primary", "junction": "roundabout", "old_ref": "EN 108", "ref": "ER 108"}}]}