{"type": "FeatureCollection", "features": [{"type": "Feature", "geometry": {"type": "Point", "coordinates": [-25.3913972, 37.7281425]}, "properties": {"distance": "30", "highway": "milestone", "ref": "ER 1-1\u00aa"}}, {"type": "Feature", "geometry": {"type": "Point", "coordinates": [-25.3709453, 37.7433039]}, "properties": {"distance": "33", "highway": "milestone", "ref": "ER 1-1\u00aa"}}, {"type": "Feature", "geometry": {"type": "LineString", "coordinates": [[-28.6264957, 38.5279638], [-28.6265794, 38.5279737], [-28.6268152, 38.5280033], [-28.6272091, 38.5280526], [-28.6274968, 38.5280887], [-28.627556, 38.5280958]]}, "properties": {"destination:backward": "Horta;Porto;Monte da Guia;Porto Pim", "highway": "primary", "lanes": "2", "lanes:backward": "1", "lanes:forward": "1", "name": "Rua Filipe de Carvalho", "ref": "ER 1-1\u00aa", "smoothness": "excellent", "surface": "asphalt"}}, {"type": "Feature", "geometry": {"type": "LineString", "coordinates": [[-25.5303085, 37.8176952], [-25.5294861, 37.8181296]]}, "properties": {"highway": "primary", "lanes": "2", "maxspeed": "50", "name": "Rua Adolfo Coutinho de Medeiros", "oneway": "no", "ref": "ER 1-1\u00aa", "surface": "asphalt"}}, {"type": "Feature", "geometry": {"type": "LineString", "coordinates": [[-25.5303506, 37.8177239], [-25.5303768, 37.8177338], [-25.5304315, 37.8177416], [-25.5304863, 37.8177342], [-25.5305345, 37.8177125], [-25.5305705, 37.817679], [-25.5305898, 37.8176378], [-25.5305835, 37.8175738], [-25.5305564, 37.8175355], [-25.5305144, 37.8175067], [-25.5304625, 37.8174911], [-25.5304126, 37.8174898], [-25.5303595, 37.8175027], [-25.5303551, 37.8175053], [-25.5303152, 37.8175292], [-25.530285, 37.8175661], [-25.5302726, 37.8176088], [-25.5302813, 37.817657], [-25.5303085, 37.8176952], [-25.5303506, 37.8177239]]}, "properties": {"highway": "primary", "junction": "roundabout", "ref": "ER 1-1\u00aa", "surface": "asphalt"}}, {"type": "Feature", "geometry": {"type": "LineString", "coordinates": [[-25.5272216, 37.8194301], [-25.5268017, 37.8196402], [-25.52661, 37.8196863], [-25.5264585, 37.8197266], [-25.5263804, 37.8197462], [-25.5263046, 37.8197719], [-25.5259097, 37.8199151], [-25.5255739, 37.8200491], [-25.5252024, 37.8202283], [-25.524933, 37.8203905], [-25.5246597, 37.8205823], [-25.5244341, 37.8207494], [-25.5243502, 37.8208102]]}, "properties": {"highway": "primary", "lanes": "1", "lit": "yes", "maxspeed": "50", "name": "Rua de S\u00e3o Francisco", "oneway": "yes", "ref": "ER 1-1\u00aa", "sidewalk": "both", "surface": "asphalt"}}, {"type": "Feature", "geometry": {"type": "LineString", "coordinates": [[-25.5243502, 37.8208102], [-25.5242336, 37.8208628], [-25.5241239, 37.8209044], [-25.5239922, 37.8209503], [-25.5237993, 37.8210103], [-25.5235568, 37.8210857], [-25.5233444, 37.8211647], [-25.5232827, 37.8211868], [-25.5229568, 37.821303], [-25.5228198, 37.8213585], [-25.5226905, 37.821409], [-25.5222769, 37.8215624], [-25.5221886, 37.8215888], [-25.5220632, 37.8216135], [-25.5219791, 37.8216223]]}, "properties": {"highway": "primary", "lanes": "1", "lit": "yes", "maxspeed": "50", "name": "Rua Nossa Senhora da Conceicao", "oneway": "yes", "ref": "ER 1-1\u00aa", "sidewalk": "both", "surface": "asphalt"}}, {"type": "Feature", "geometry": {"type": "LineString", "coordinates": [[-25.5142476, 37.825128], [-25.5138922, 37.8252433], [-25.513345, 37.8254736], [-25.5131835, 37.8255416], [-25.5128589, 37.8256257], [-25.5127007, 37.8256666], [-25.5120279, 37.8258305], [-25.5119738, 37.8258437], [-25.511042, 37.8260183], [-25.5106553, 37.8260547], [-25.5101219, 37.8260791], [-25.5093103, 37.826091], [-25.509262, 37.8260931], [-25.5088916, 37.8261002], [-25.5088179, 37.8261001], [-25.5082971, 37.8261105], [-25.5075405, 37.826118], [-25.5071175, 37.8261041], [-25.5066835, 37.8260386], [-25.5059866, 37.8258958], [-25.5054233, 37.8257813], [-25.5051238, 37.8257372], [-25.5047378, 37.8257137], [-25.5044419, 37.8257077]]}, "properties": {"destination:backward": "Ponta Delgada;Ribeira Grande", "highway": "primary", "lit": "yes", "name": "Rua do Ros\u00e1rio", "ref": "ER 1-1\u00aa", "sidewalk": "both", "surface": "asphalt"}}, {"type": "Feature", "geometry": {"type": "LineString", "coordinates": [[-25.5201378, 37.8221274], [-25.5200502, 37.8221616]]}, "properties": {"highway": "primary", "lane_markings": "no", "lit": "yes", "maxspeed": "50", "oneway": "no", "ref": "ER 1-1\u00aa", "sidewalk": "both", "surface": "asphalt"}}, {"type": "Feature", "geometry": {"type": "LineString", "coordinates": [[-25.5197936, 37.8222579], [-25.5196802, 37.8223017], [-25.5195927, 37.822349], [-25.5193299, 37.8225552], [-25.5189085, 37.8228776], [-25.5187163, 37.8230194], [-25.5181306, 37.8233771], [-25.5178118, 37.8236547], [-25.5177236, 37.8237316], [-25.5174397, 37.8239687], [-25.5170695, 37.8243254], [-25.5169736, 37.8244086], [-25.5168286, 37.8245091], [-25.5167474, 37.8245486], [-25.516658, 37.8245813]]}, "properties": {"highway": "primary", "maxspeed": "50", "name": "Rua do Passal", "oneway": "yes", "ref": "ER 1-1\u00aa", "surface": "asphalt"}}, {"type": "Feature", "geometry": {"type": "LineString", "coordinates": [[-25.5200502, 37.8221616], [-25.5198486, 37.8222399]]}, "properties": {"bridge": "yes", "highway": "primary", "layer": "1", "lit": "yes", "maxspeed": "50", "oneway": "no", "ref": "ER 1-1\u00aa", "sidewalk": "both", "surface": "asphalt"}}, {"type": "Feature", "geometry": {"type": "LineString", "coordinates": [[-25.4170129, 37.7242686], [-25.4166086, 37.7243006], [-25.4162639, 37.724342], [-25.4160812, 37.724383]]}, "properties": {"foot": "no", "highway": "trunk", "lanes": "1", "lit": "yes", "maxspeed": "60", "oneway": "yes", "ref": "ER 1-1\u00aa", "sidewalk": "no", "smoothness": "excellent", "source:maxspeed": "sign", "surface": "asphalt"}}, {"type": "Feature", "geometry": {"type": "LineString", "coordinates": [[-25.2627796, 37.8470028], [-25.2629331, 37.8469672], [-25.2630489, 37.8469495], [-25.2631575, 37.8469429], [-25.2632682, 37.8469395], [-25.263368, 37.8469468], [-25.2634753, 37.8469611], [-25.2635906, 37.8469818], [-25.2637273, 37.8470168], [-25.2638401, 37.8470583], [-25.2639421, 37.8470998], [-25.264157, 37.8471916]]}, "properties": {"highway": "primary", "lanes": "2", "ref": "ER 1-1\u00aa", "surface": "asphalt"}}, {"type": "Feature", "geometry": {"type": "LineString", "coordinates": [[-25.2645746, 37.8474811], [-25.2647705, 37.8474963]]}, "properties": {"highway": "primary", "lanes": "1", "maxspeed": "80", "oneway": "yes", "ref": "ER 1-1\u00aa", "source": "Bing", "surface": "asphalt"}}, {"type": "Feature", "geometry": {"type": "LineString", "coordinates": [[-25.2642692, 37.8472731], [-25.2642494, 37.847322], [-25.2642508, 37.8473777], [-25.2642755, 37.8474298], [-25.2643209, 37.8474724], [-25.2643817, 37.8475005], [-25.2644476, 37.8475109], [-25.2645141, 37.8475042], [-25.2645746, 37.8474811], [-25.2646286, 37.8474371], [-25.2646585, 37.8473804], [-25.2646598, 37.8473186], [-25.2646321, 37.8472609], [-25.2645886, 37.8472211], [-25.2645315, 37.8471942], [-25.2644586, 37.8471808], [-25.2644116, 37.8471863], [-25.2643597, 37.8472009], [-25.2643072, 37.8472314], [-25.2642692, 37.8472731]]}, "properties": {"highway": "primary", "junction": "roundabout", "ref": "ER 1-1\u00aa", "surface": "asphalt"}}, {"type": "Feature", "geometry": {"type": "LineString", "coordinates": [[-28.7119987, 38.5220097], [-28.7121232, 38.5219779], [-28.7121828, 38.5219627], [-28.7122644, 38.5219525], [-28.7123444, 38.5219474], [-28.7125315, 38.5219393], [-28.7128655, 38.5219275], [-28.7130864, 38.5219188], [-28.7132795, 38.521914], [-28.7133999, 38.521911], [-28.7136014, 38.5219011], [-28.7136815, 38.5218963], [-28.7137894, 38.5218876], [-28.7138669, 38.5218791], [-28.7139534, 38.5218656]]}, "properties": {"destination:forward": "Varadouro", "highway": "primary", "lanes": "2", "lanes:backward": "1", "lanes:forward": "1", "lit": "yes", "maxspeed": "50", "name": "Rua do Jogo", "ref": "ER 1-1\u00aa", "sidewalk": "no", "smoothness": "good", "source:maxspeed": "PT:urban", "surface": "asphalt", "width": "6.5"}}, {"type": "Feature", "geometry": {"type": "LineString", "coordinates": [[-25.2940141, 37.7699036], [-25.2937612, 37.7697597]]}, "properties": {"bridge": "yes", "highway": "primary", "lanes": "2", "layer": "1", "maxspeed": "80", "ref": "ER 1-1\u00aa", "sidewalk": "no", "surface": "asphalt", "width": "6.5"}}, {"type": "Feature", "geometry": {"type": "LineString", "coordinates": [[-25.2937612, 37.7697597], [-25.2930153, 37.7693482], [-25.292644, 37.7691616], [-25.2922386, 37.7689804], [-25.2915466, 37.7686878], [-25.2911389, 37.7685436], [-25.290772, 37.7684013], [-25.2905598, 37.7683099], [-25.290438, 37.7682353], [-25.2903054, 37.7681226], [-25.2901797, 37.768002], [-25.2898165, 37.7676498], [-25.2895273, 37.7674043], [-25.2894129, 37.7673382], [-25.2892809, 37.7672888], [-25.289132, 37.7672548], [-25.2889652, 37.7672589], [-25.2887933, 37.767274], [-25.2886387, 37.7672669], [-25.2884841, 37.7672359], [-25.2883569, 37.7671819], [-25.2882476, 37.7671146], [-25.2881682, 37.7670386], [-25.2881305, 37.7669633], [-25.2881348, 37.7668819], [-25.2881762, 37.7668031], [-25.2882609, 37.7667361], [-25.288411, 37.7666562], [-25.2885459, 37.7665635], [-25.288741, 37.7663671], [-25.2888486, 37.7662323], [-25.2889059, 37.7661375], [-25.2889333, 37.766071], [-25.2889425, 37.7659856], [-25.2889246, 37.7658938], [-25.288851, 37.765712], [-25.2886215, 37.7652912], [-25.2885433, 37.7651256], [-25.2885001, 37.7649752], [-25.2884755, 37.7648363], [-25.2884745, 37.7646544], [-25.2884725, 37.7644929], [-25.2884489, 37.7643268], [-25.2883912, 37.7641406], [-25.2883218, 37.7640079], [-25.2882137, 37.7639099], [-25.2880766, 37.7638401], [-25.2879269, 37.7638138], [-25.2877428, 37.7638204], [-25.2873862, 37.7638826], [-25.2872555, 37.7638907], [-25.2870878, 37.7638848], [-25.2867977, 37.7638492], [-25.2863951, 37.7637879], [-25.2861951, 37.7637426], [-25.2860572, 37.7636948], [-25.2859602, 37.7636375], [-25.2858971, 37.7635603], [-25.2858844, 37.7634845], [-25.2859005, 37.7634018], [-25.2859354, 37.763335], [-25.2860277, 37.7632456], [-25.2863034, 37.7630171], [-25.2863778, 37.7629445], [-25.2864268, 37.762867], [-25.2864485, 37.7627847], [-25.2864441, 37.7626887], [-25.2864052, 37.7624074], [-25.2864136, 37.7622574], [-25.2864386, 37.7621333], [-25.2864836, 37.7620289], [-25.2866131, 37.7618154], [-25.2866658, 37.7617002], [-25.2866759, 37.7615992], [-25.2866596, 37.7615128], [-25.2866131, 37.7614267], [-25.2864331, 37.7611941], [-25.2863583, 37.7610678], [-25.2863315, 37.7609427], [-25.2863457, 37.7608312], [-25.2863848, 37.7607054], [-25.2864578, 37.7605961], [-25.2865538, 37.7605173], [-25.2867206, 37.7604343], [-25.2873984, 37.7601166], [-25.2875465, 37.7600356], [-25.2876673, 37.759947], [-25.2877628, 37.7598462], [-25.2879497, 37.7595849], [-25.2881946, 37.759191], [-25.2882226, 37.7590907], [-25.2882172, 37.7589765], [-25.2881686, 37.7588528], [-25.2881017, 37.7587654], [-25.2880129, 37.7586973], [-25.2878872, 37.7586428], [-25.2877557, 37.7585996], [-25.2872506, 37.7584564], [-25.2870907, 37.758412], [-25.2869936, 37.7583678], [-25.2869217, 37.7583098], [-25.2868656, 37.7582186], [-25.2868638, 37.7581357], [-25.2868993, 37.758025], [-25.2869698, 37.7579133], [-25.287048, 37.757801], [-25.2873145, 37.7574029], [-25.2874573, 37.7571968], [-25.2875655, 37.7570367], [-25.2876187, 37.7569521], [-25.2876632, 37.7568657], [-25.2876823, 37.756778], [-25.2876873, 37.7567012], [-25.2876787, 37.756577], [-25.2876535, 37.7562986], [-25.2876341, 37.7560576], [-25.2876228, 37.7559632], [-25.2875994, 37.7558618], [-25.2875639, 37.7557763], [-25.28751, 37.7557015], [-25.2874101, 37.7556048], [-25.2872147, 37.7554453], [-25.28714, 37.7553766], [-25.2870772, 37.7552897], [-25.2870446, 37.7551982], [-25.2870432, 37.7550938], [-25.2870722, 37.7550028], [-25.2871376, 37.7549187], [-25.287337, 37.7547395], [-25.2876313, 37.7544708], [-25.2877261, 37.7544053], [-25.2878203, 37.7543564], [-25.2879262, 37.7543247], [-25.2880252, 37.7542988], [-25.2881269, 37.7542736], [-25.2882128, 37.7542346], [-25.288255, 37.7541812], [-25.2882601, 37.7541238], [-25.2882374, 37.7540725], [-25.2881923, 37.7540412], [-25.2881119, 37.7540231], [-25.2879996, 37.7540337], [-25.2878716, 37.7540738], [-25.2877443, 37.7541339], [-25.2875819, 37.7542592], [-25.287417, 37.7543859], [-25.2866942, 37.7549643], [-25.2866467, 37.7550377], [-25.2866312, 37.7551377], [-25.2866401, 37.7552111], [-25.2866784, 37.7552891], [-25.2867618, 37.7554311], [-25.2868087, 37.7555251], [-25.2868408, 37.7556267], [-25.2868516, 37.7557251], [-25.2868433, 37.755817], [-25.2868125, 37.7559581], [-25.2867713, 37.756097], [-25.2867185, 37.7562112], [-25.2866379, 37.7563014], [-25.2865335, 37.756366], [-25.2863878, 37.7564128], [-25.2862866, 37.7564235], [-25.2861927, 37.7564233], [-25.2860805, 37.7563983], [-25.2859619, 37.7563533], [-25.2855596, 37.7561703], [-25.2853521, 37.7560755], [-25.2851279, 37.7559736], [-25.2848862, 37.7558647], [-25.284605, 37.7557383], [-25.2840874, 37.7554902], [-25.2837523, 37.7553373], [-25.2835363, 37.7552252], [-25.2834145, 37.755132], [-25.2833166, 37.7550315], [-25.2832298, 37.7549051], [-25.2830169, 37.7544807], [-25.282889, 37.754191], [-25.2827889, 37.7539645], [-25.2827097, 37.7538149], [-25.2826405, 37.75372], [-25.2825516, 37.753653], [-25.282468, 37.7536182], [-25.2823556, 37.7535956], [-25.2822298, 37.7536091], [-25.2820966, 37.7536532], [-25.2819895, 37.7537322], [-25.2819119, 37.7538163], [-25.2818444, 37.753939], [-25.281685, 37.7545334], [-25.2816383, 37.7546323], [-25.2815613, 37.754719], [-25.2814353, 37.7547828], [-25.2812464, 37.7548217], [-25.2805666, 37.7549326], [-25.2802569, 37.7549804], [-25.2801069, 37.7549641], [-25.279979, 37.7549074], [-25.2798965, 37.7548238], [-25.2798078, 37.7546841], [-25.2796437, 37.7543858], [-25.2795074, 37.7539614], [-25.2794147, 37.7535644], [-25.2793403, 37.7531424], [-25.2792433, 37.7525212], [-25.2791833, 37.752173], [-25.2791689, 37.7518859], [-25.2791896, 37.7515454], [-25.2791934, 37.7512792], [-25.2791695, 37.7511401], [-25.2791072, 37.7509917], [-25.2789986, 37.7508457], [-25.2788716, 37.7507429], [-25.2786856, 37.7506201], [-25.2785352, 37.7505478], [-25.2783861, 37.7505095], [-25.2782538, 37.7505131], [-25.2781269, 37.7505532], [-25.2780444, 37.7506274], [-25.2779622, 37.7507309], [-25.2777505, 37.7510881], [-25.277662, 37.7511831], [-25.2775429, 37.7512412], [-25.2774074, 37.7512507], [-25.2773192, 37.7512408], [-25.2772257, 37.751197], [-25.2771606, 37.7511401], [-25.2769339, 37.7507928], [-25.2767354, 37.7504937], [-25.2764371, 37.7500979], [-25.2763302, 37.7499831], [-25.2761806, 37.7498904], [-25.2760564, 37.7498358], [-25.2758642, 37.7497939], [-25.2756675, 37.7497974], [-25.2755034, 37.7498219], [-25.2753576, 37.74987], [-25.2752317, 37.749942], [-25.2751046, 37.7500505], [-25.2748113, 37.7503684], [-25.2747126, 37.7504392], [-25.274599, 37.7504792], [-25.2744723, 37.7504819], [-25.2743762, 37.7504664], [-25.2742866, 37.7504216], [-25.2742112, 37.7503481], [-25.2741291, 37.7502086], [-25.2740111, 37.7499397], [-25.2738132, 37.7495225], [-25.2737308, 37.7493371], [-25.273662, 37.7491223], [-25.2736369, 37.7489204], [-25.2736053, 37.7485914], [-25.273586, 37.7484891], [-25.2735496, 37.7483889], [-25.2734972, 37.7483106], [-25.2734159, 37.7482328], [-25.2733266, 37.748177], [-25.2732364, 37.7481423], [-25.2731432, 37.7481229], [-25.2730467, 37.7481208], [-25.2729476, 37.7481462], [-25.2728488, 37.7481995], [-25.2727479, 37.7482658], [-25.2726079, 37.7483654], [-25.2717406, 37.7490211], [-25.2709657, 37.7496004]]}, "properties": {"highway": "primary", "lanes": "2", "maxspeed": "80", "ref": "ER 1-1\u00aa", "shoulder": "no", "sidewalk": "no", "smoothness": "good", "surface": "asphalt", "width": "6"}}, {"type": "Feature", "geometry": {"type": "LineString", "coordinates": [[-25.406604, 37.7278251], [-25.4065004, 37.7278614], [-25.4063707, 37.7278888]]}, "properties": {"bridge": "yes", "foot": "yes", "highway": "primary", "lanes": "2", "layer": "1", "maxspeed": "80", "maxweight:signed": "no", "ref": "ER 1-1\u00aa", "sidewalk": "no", "smoothness": "excellent", "source:maxspeed": "sign", "surface": "asphalt", "width": "6.5"}}, {"type": "Feature", "geometry": {"type": "LineString", "coordinates": [[-25.401139, 37.7260169], [-25.4010636, 37.7260048], [-25.4001734, 37.7258568], [-25.3991826, 37.7256753], [-25.3989945, 37.7256531], [-25.3988417, 37.7256494], [-25.3986878, 37.7256699], [-25.3985815, 37.7256993], [-25.3984732, 37.7257391], [-25.398352, 37.7258166], [-25.3981424, 37.7259543], [-25.3978866, 37.7261259], [-25.3973464, 37.7265174], [-25.3972367, 37.7266393], [-25.3971721, 37.7267599], [-25.397023, 37.7272209], [-25.3969685, 37.7273641], [-25.3969147, 37.7274396], [-25.3968434, 37.7274988], [-25.3967438, 37.7275449], [-25.3966074, 37.727572], [-25.3964208, 37.7275824]]}, "properties": {"destination:forward": "Povoa\u00e7\u00e3o:Furnas", "highway": "primary", "lanes": "2", "maxspeed": "90", "ref": "ER 1-1\u00aa", "shoulder": "no", "sidewalk": "no", "smoothness": "intermediate", "source:maxspeed": "PT:rural", "surface": "asphalt", "width": "6.5"}}, {"type": "Feature", "geometry": {"type": "LineString", "coordinates": [[-25.3262645, 37.7500855], [-25.3261788, 37.7502843], [-25.3260754, 37.7505153], [-25.3258234, 37.7511396], [-25.325769, 37.7513118], [-25.3257474, 37.7514947], [-25.3257127, 37.7518694], [-25.3257028, 37.752182], [-25.3256831, 37.7527799], [-25.325661, 37.7530235], [-25.3256289, 37.753196], [-25.3254485, 37.753787], [-25.3253129, 37.754222], [-25.3252137, 37.7546143], [-25.3250206, 37.755541], [-25.324865, 37.7562217], [-25.3248142, 37.7564887], [-25.3247979, 37.7566713], [-25.3248006, 37.7569067], [-25.3248331, 37.7577312], [-25.3248374, 37.7578685]]}, "properties": {"highway": "primary", "lanes": "2", "lit": "no", "maxspeed": "50", "ref": "ER 1-1\u00aa", "sidewalk": "left", "sidewalk:left:smoothness": "bad", "sidewalk:left:surface": "fine_gravel", "smoothness": "bad", "source:maxspeed": "sign", "surface": "sett", "width": "6"}}, {"type": "Feature", "geometry": {"type": "LineString", "coordinates": [[-25.3288049, 37.7444925], [-25.3286871, 37.7448522], [-25.3285496, 37.7452226], [-25.3284565, 37.7454376], [-25.328338, 37.7456424], [-25.3281212, 37.7460188], [-25.3279803, 37.7462821], [-25.3278369, 37.746602], [-25.327507, 37.7473422], [-25.3270832, 37.7482436], [-25.3268713, 37.7487165]]}, "properties": {"highway": "primary", "lanes": "2", "lit": "no", "maxspeed": "50", "ref": "ER 1-1\u00aa", "shoulder": "no", "sidewalk": "no", "smoothness": "bad", "source:maxspeed": "sign", "surface": "sett", "width": "6"}}, {"type": "Feature", "geometry": {"type": "LineString", "coordinates": [[-25.3884464, 37.8200768], [-25.3886693, 37.8200572], [-25.388887, 37.82007], [-25.389149, 37.8201104], [-25.3892441, 37.8201473], [-25.389319, 37.8201967], [-25.3894796, 37.8203744], [-25.3896569, 37.8205526], [-25.3897902, 37.8206595], [-25.3899144, 37.8207221], [-25.3900694, 37.8207448], [-25.3902196, 37.8207415], [-25.3903771, 37.8206996], [-25.3905252, 37.8206265], [-25.3906427, 37.8205294], [-25.3907557, 37.8204053], [-25.3910621, 37.8200948], [-25.3912341, 37.8199678], [-25.3915613, 37.8197644], [-25.3919394, 37.8195738], [-25.3922989, 37.8193915], [-25.3925936, 37.8192493], [-25.3927425, 37.8191932], [-25.3928968, 37.819154], [-25.3931061, 37.8191202], [-25.3933208, 37.8191076], [-25.3936587, 37.8190847], [-25.3938556, 37.8190619], [-25.3940743, 37.8190153], [-25.3942486, 37.8189453], [-25.3944245, 37.8188432], [-25.3946297, 37.8186796], [-25.3948843, 37.8184315], [-25.3950094, 37.81831]]}, "properties": {"highway": "primary", "lanes": "2", "maxspeed": "80", "ref": "ER 1-1\u00aa", "sidewalk": "no", "smoothness": "excellent", "surface": "asphalt", "width": "6"}}, {"type": "Feature", "geometry": {"type": "LineString", "coordinates": [[-28.6717475, 38.5244968], [-28.6717784, 38.5245082], [-28.6718295, 38.5245269], [-28.6719935, 38.5245873], [-28.6720404, 38.5246045], [-28.6722542, 38.5246832], [-28.6725268, 38.5247841], [-28.6728008, 38.5248835], [-28.6729842, 38.52495], [-28.6730145, 38.5249609], [-28.6736274, 38.5251827], [-28.6737045, 38.5252101], [-28.6739596, 38.5253008], [-28.6740974, 38.5253499]]}, "properties": {"highway": "primary", "lanes": "2", "lanes:backward": "1", "lanes:forward": "1", "lit": "yes", "maxspeed": "50", "name": "Estrada Regional 1-1\u00aa - Feteira", "ref": "ER 1-1\u00aa", "sidewalk": "right", "sidewalk:right:surface": "concrete", "smoothness": "good", "source:maxspeed": "PT:urban", "surface": "asphalt", "width": "6.5"}}, {"type": "Feature", "geometry": {"type": "LineString", "coordinates": [[-28.670891, 38.5243352], [-28.6709893, 38.524296], [-28.6710155, 38.5242886], [-28.6710356, 38.5242842], [-28.6710573, 38.5242817], [-28.6710903, 38.5242816], [-28.6711262, 38.5242829], [-28.6711582, 38.5242871], [-28.6711961, 38.5242921]]}, "properties": {"highway": "primary", "lanes": "1", "name": "Estrada Regional 1-1\u00aa - Feteira", "oneway": "yes", "ref": "ER 1-1\u00aa", "smoothness": "excellent", "surface": "asphalt"}}, {"type": "Feature", "geometry": {"type": "LineString", "coordinates": [[-28.6704283, 38.5239946], [-28.6704957, 38.5240509], [-28.6705231, 38.5240834], [-28.6705454, 38.5241117], [-28.6705629, 38.5241478], [-28.6705753, 38.5241845]]}, "properties": {"highway": "primary", "lanes": "1", "name": "Estrada Regional 1-1\u00aa - Feteira", "oneway": "yes", "ref": "ER 1-1\u00aa", "sidewalk": "right", "smoothness": "excellent", "surface": "asphalt"}}, {"type": "Feature", "geometry": {"type": "LineString", "coordinates": [[-28.6711961, 38.5242921], [-28.6709288, 38.5241872], [-28.6708296, 38.5241625]]}, "properties": {"highway": "primary", "lanes": "1", "name": "Estrada Regional 1-1\u00aa - Feteira", "oneway": "yes", "ref": "ER 1-1\u00aa", "smoothness": "excellent", "surface": "asphalt"}}, {"type": "Feature", "geometry": {"type": "LineString", "coordinates": [[-28.6271148, 38.5290556], [-28.6270579, 38.5290471], [-28.6266663, 38.5289889], [-28.6266328, 38.5289839], [-28.6265308, 38.5289695]]}, "properties": {"highway": "primary", "lanes": "2", "lit": "yes", "maxspeed": "50", "name": "Travessa do Borratem", "oneway": "yes", "ref": "ER 1-1\u00aa", "sidewalk": "both", "sidewalk:both:surface": "sett", "smoothness": "intermediate", "source:maxspeed": "PT:urban", "surface": "sett", "turn:lanes": "left|right", "width": "6"}}, {"type": "Feature", "geometry": {"type": "LineString", "coordinates": [[-28.6328268, 38.5249385], [-28.6327949, 38.5249274], [-28.6327604, 38.5249236]]}, "properties": {"highway": "primary", "junction": "roundabout", "lanes": "1", "ref": "ER 1-1\u00aa", "smoothness": "excellent", "surface": "asphalt"}}, {"type": "Feature", "geometry": {"type": "LineString", "coordinates": [[-28.660787, 38.5229333], [-28.6605116, 38.5229483], [-28.6602518, 38.5229688], [-28.6602305, 38.5229711], [-28.6601601, 38.5229787], [-28.6600705, 38.5229979], [-28.6599902, 38.5230216], [-28.6599144, 38.5230458], [-28.6596265, 38.5231561], [-28.6594934, 38.5232085], [-28.659086, 38.5233711], [-28.6588787, 38.5234487], [-28.6588363, 38.5234643], [-28.6588207, 38.523469], [-28.6588004, 38.5234751], [-28.6587402, 38.5234919], [-28.6585095, 38.5235554], [-28.6583044, 38.523595], [-28.6581829, 38.5236154], [-28.6580811, 38.5236301], [-28.6578734, 38.5236562], [-28.657843, 38.52366], [-28.6576139, 38.5236889], [-28.6573858, 38.5237157]]}, "properties": {"highway": "primary", "lanes": "2", "lanes:backward": "1", "lanes:forward": "1", "lit": "yes", "maxspeed": "60", "name": "Estrada Regional 1-1\u00aa - Ponta Furada", "ref": "ER 1-1\u00aa", "sidewalk": "no", "smoothness": "good", "source:maxspeed": "sign", "surface": "asphalt", "width": "6.5"}}, {"type": "Feature", "geometry": {"type": "LineString", "coordinates": [[-28.6208445, 38.5421381], [-28.6208743, 38.5421233], [-28.6209128, 38.5421077], [-28.6209395, 38.5421007], [-28.6209689, 38.5420938], [-28.621038, 38.542087]]}, "properties": {"highway": "primary", "lanes": "1", "name": "Avenida 25 de Abril", "name:etymology": "Revolu\u00e7\u00e3o de 25 de Abril", "name:etymology:wikidata": "Q193245", "name:etymology:wikipedia": "pt:Revolu\u00e7\u00e3o de 25 de Abril de 1974", "name:pt": "Avenida 25 de Abril", "oneway": "yes", "ref": "ER 1-1\u00aa", "sidewalk": "right", "smoothness": "good", "surface": "concrete"}}, {"type": "Feature", "geometry": {"type": "LineString", "coordinates": [[-28.621021, 38.5417842], [-28.6209808, 38.5417994], [-28.6209559, 38.5418138], [-28.6209271, 38.5418358], [-28.6209076, 38.5418631], [-28.6208962, 38.5418964], [-28.6208902, 38.5419337], [-28.6208927, 38.5419613]]}, "properties": {"highway": "primary", "junction": "roundabout", "lanes": "2", "lit": "yes", "name": "Avenida 25 de Abril", "name:etymology": "Revolu\u00e7\u00e3o de 25 de Abril", "name:etymology:wikidata": "Q193245", "name:etymology:wikipedia": "pt:Revolu\u00e7\u00e3o de 25 de Abril de 1974", "name:pt": "Avenida 25 de Abril", "ref": "ER 1-1\u00aa", "sidewalk": "no", "smoothness": "good", "surface": "concrete"}}, {"type": "Feature", "geometry": {"type": "LineString", "coordinates": [[-25.3964208, 37.7275824], [-25.3962055, 37.7275901]]}, "properties": {"bridge": "yes", "foot": "yes", "highway": "primary", "lanes": "2", "layer": "1", "maxspeed": "90", "maxweight:signed": "no", "ref": "ER 1-1\u00aa", "shoulder": "no", "sidewalk": "no", "smoothness": "excellent", "source:maxspeed": "PT:rural", "surface": "asphalt", "width": "6.5"}}, {"type": "Feature", "geometry": {"type": "LineString", "coordinates": [[-25.3509515, 37.7388677], [-25.3508264, 37.7387965], [-25.3502495, 37.7385339], [-25.3498656, 37.7384013], [-25.3496424, 37.7383178], [-25.3492769, 37.7382251], [-25.3490785, 37.7381908], [-25.3489169, 37.7381789], [-25.3487754, 37.7381941], [-25.3486402, 37.7382746], [-25.3485524, 37.7383681], [-25.3484809, 37.7384699], [-25.3484539, 37.7385817], [-25.3484435, 37.7386956], [-25.3484326, 37.7388944], [-25.3484121, 37.7390536], [-25.3483646, 37.739141], [-25.3482801, 37.739209], [-25.3481838, 37.7392575], [-25.348101, 37.7392673], [-25.3479883, 37.7392667], [-25.3477867, 37.7392647], [-25.3472062, 37.7392768], [-25.3470419, 37.7392989], [-25.3468629, 37.7393427], [-25.3467176, 37.7394129], [-25.3465608, 37.7395389], [-25.3464235, 37.7396711], [-25.3463409, 37.739718], [-25.346243, 37.7397354], [-25.3461442, 37.739743], [-25.3460512, 37.7397341], [-25.3459795, 37.7397049], [-25.3458611, 37.7396168], [-25.3457323, 37.7394244], [-25.3456199, 37.7392929], [-25.3455424, 37.7392219], [-25.3454303, 37.7391761], [-25.3453279, 37.7391618], [-25.3451967, 37.7391851], [-25.3450878, 37.7392364], [-25.3449109, 37.7393604], [-25.3445824, 37.7396078], [-25.3444721, 37.7396738], [-25.3443549, 37.7397], [-25.3442319, 37.7397027], [-25.3438713, 37.739642], [-25.3436839, 37.7396143], [-25.3432533, 37.7395357], [-25.3430249, 37.7394987], [-25.3429145, 37.7394594], [-25.3428177, 37.7394004], [-25.3427631, 37.7393248], [-25.3427329, 37.7392184], [-25.3427375, 37.7390435], [-25.3427085, 37.7388859], [-25.3426373, 37.7387381], [-25.3424774, 37.7385761], [-25.3415549, 37.7375204], [-25.3414838, 37.7373872], [-25.3414209, 37.7372101], [-25.3413721, 37.7370249], [-25.3412967, 37.736808], [-25.341268, 37.7367307], [-25.3412189, 37.7366014], [-25.3411628, 37.7365008], [-25.3410564, 37.7364224], [-25.340918, 37.736387], [-25.340768, 37.7363888], [-25.3406235, 37.7364397], [-25.3405462, 37.736516], [-25.3404932, 37.736657], [-25.3404718, 37.736903], [-25.3404308, 37.7370097], [-25.3403417, 37.737077], [-25.3402306, 37.7371099], [-25.3400724, 37.7371155], [-25.3398954, 37.7371043], [-25.3397687, 37.7371051], [-25.339667, 37.7371228], [-25.3395271, 37.7371868], [-25.3393198, 37.7372948], [-25.3392264, 37.7373264], [-25.3391186, 37.7373364], [-25.339009, 37.7373317], [-25.3389184, 37.7372981], [-25.3388311, 37.7372448], [-25.3387454, 37.7371359], [-25.3385066, 37.7367604], [-25.3383186, 37.7365049], [-25.3381808, 37.7363436], [-25.3379061, 37.7360948], [-25.3375671, 37.7358507], [-25.3372521, 37.7355993]]}, "properties": {"highway": "primary", "lanes": "2", "maxspeed": "90", "ref": "ER 1-1\u00aa", "shoulder": "no", "sidewalk": "no", "smoothness": "good", "source:maxspeed": "PT:rural", "surface": "asphalt", "width": "6.5"}}, {"type": "Feature", "geometry": {"type": "LineString", "coordinates": [[-25.4943383, 37.820557], [-25.4943958, 37.820574], [-25.4944571, 37.8205747], [-25.4945066, 37.8205624], [-25.4945497, 37.8205395], [-25.4945825, 37.8205078], [-25.4946025, 37.8204699], [-25.4946079, 37.8204291], [-25.4945983, 37.8203888], [-25.4945752, 37.8203532], [-25.4945403, 37.8203241], [-25.4944965, 37.8203039], [-25.4944473, 37.8202942], [-25.4943966, 37.8202957], [-25.4943486, 37.8203085], [-25.4943059, 37.8203321], [-25.4942737, 37.8203643], [-25.4942545, 37.8204026], [-25.4942501, 37.8204436], [-25.4942608, 37.8204838], [-25.4942915, 37.8205257], [-25.4943383, 37.820557]]}, "properties": {"highway": "primary", "junction": "roundabout", "lanes": "2", "lit": "yes", "ref": "ER 1-1\u00aa", "surface": "asphalt"}}, {"type": "Feature", "geometry": {"type": "LineString", "coordinates": [[-25.3280364, 37.7614367], [-25.3283558, 37.761531], [-25.3285691, 37.7616376], [-25.3287026, 37.7617734], [-25.3287917, 37.7619248], [-25.3288159, 37.7620553], [-25.3288052, 37.7621826], [-25.3287578, 37.7623252], [-25.3285515, 37.7627932], [-25.328368, 37.7631946], [-25.3282392, 37.7633997], [-25.3280643, 37.7635895], [-25.327727, 37.7639236], [-25.3274063, 37.764237], [-25.3272444, 37.7643953]]}, "properties": {"highway": "primary", "lanes": "2", "lit": "no", "maxspeed": "80", "ref": "ER 1-1\u00aa", "shoulder": "no", "sidewalk": "left", "sidewalk:left:smoothness": "bad", "sidewalk:left:surface": "fine_gravel", "smoothness": "intermediate", "surface": "asphalt", "width": "6"}}, {"type": "Feature", "geometry": {"type": "LineString", "coordinates": [[-25.3293444, 37.7401183], [-25.3292879, 37.7409475], [-25.329237, 37.741552], [-25.3291699, 37.7422625], [-25.3290777, 37.743078], [-25.3289811, 37.7437491], [-25.3289071, 37.744129], [-25.3288049, 37.7444925]]}, "properties": {"highway": "primary", "lanes": "2", "lit": "no", "maxspeed": "50", "ref": "ER 1-1\u00aa", "shoulder": "no", "sidewalk": "no", "smoothness": "bad", "source:maxspeed": "sign", "surface": "sett", "width": "6"}}, {"type": "Feature", "geometry": {"type": "LineString", "coordinates": [[-25.415704, 37.7244137], [-25.4148467, 37.7244834]]}, "properties": {"highway": "primary", "lanes": "2", "lit": "yes", "maxspeed": "60", "overtaking": "no", "ref": "ER 1-1\u00aa", "shoulder": "no", "sidewalk": "no", "smoothness": "excellent", "source:maxspeed": "sign", "surface": "asphalt", "width": "6.5"}}, {"type": "Feature", "geometry": {"type": "LineString", "coordinates": [[-25.4115799, 37.7254022], [-25.4114454, 37.7254781], [-25.4110177, 37.7257027], [-25.4108944, 37.7257486], [-25.4107858, 37.72577], [-25.4106596, 37.7257837], [-25.410007, 37.7257766], [-25.4098423, 37.7257565], [-25.4097033, 37.7257181], [-25.4095863, 37.7256731], [-25.4094813, 37.7256134], [-25.4093939, 37.7255411], [-25.408998, 37.725144], [-25.4088695, 37.7250526], [-25.4087532, 37.725006], [-25.4086155, 37.7250004], [-25.4085103, 37.7250223], [-25.4084026, 37.7250738], [-25.4082553, 37.7251825], [-25.4076207, 37.7258], [-25.4075242, 37.7259163], [-25.407429, 37.7260943], [-25.4071417, 37.7267828], [-25.4068402, 37.7275136], [-25.4067536, 37.7277032], [-25.4066944, 37.7277765], [-25.406604, 37.7278251]]}, "properties": {"highway": "primary", "lanes": "2", "maxspeed": "80", "ref": "ER 1-1\u00aa", "shoulder": "no", "sidewalk": "no", "smoothness": "good", "source:maxspeed": "sign", "surface": "asphalt", "width": "6.5"}}, {"type": "Feature", "geometry": {"type": "LineString", "coordinates": [[-25.3884464, 37.8200768], [-25.3881599, 37.8201463], [-25.3877304, 37.8203635], [-25.3868571, 37.8208166], [-25.386401, 37.8210226], [-25.3851633, 37.821567]]}, "properties": {"highway": "primary", "maxspeed": "80", "ref": "ER 1-1\u00aa", "sidewalk": "no", "surface": "asphalt", "width": "7"}}, {"type": "Feature", "geometry": {"type": "LineString", "coordinates": [[-25.2658164, 37.8469741], [-25.2658879, 37.8467851], [-25.2659178, 37.8466512]]}, "properties": {"highway": "primary", "maxspeed": "40", "ref": "ER 1-1\u00aa", "source": "Bing", "surface": "asphalt"}}, {"type": "Feature", "geometry": {"type": "LineString", "coordinates": [[-25.2660079, 37.8464016], [-25.2659669, 37.8463712], [-25.2659181, 37.8463571], [-25.2658662, 37.8463585], [-25.265821, 37.846374], [-25.2657858, 37.8464012], [-25.2657652, 37.8464366], [-25.2657632, 37.8464816], [-25.2657848, 37.8465233], [-25.2658141, 37.8465477], [-25.2658515, 37.8465637], [-25.2659049, 37.8465697], [-25.2659571, 37.8465587], [-25.2659927, 37.8465384], [-25.2660182, 37.8465102], [-25.2660245, 37.8464939], [-25.266031, 37.8464771], [-25.2660298, 37.8464424], [-25.2660079, 37.8464016]]}, "properties": {"highway": "primary", "junction": "roundabout", "ref": "ER 1-1\u00aa", "surface": "asphalt"}}, {"type": "Feature", "geometry": {"type": "LineString", "coordinates": [[-25.2662384, 37.8463102], [-25.2661979, 37.8463078], [-25.2661554, 37.8463253], [-25.266124, 37.8463383], [-25.266054, 37.8463608], [-25.2659669, 37.8463712]]}, "properties": {"highway": "primary", "oneway": "yes", "ref": "ER 1-1\u00aa", "source": "Local survey", "surface": "asphalt"}}, {"type": "Feature", "geometry": {"type": "LineString", "coordinates": [[-25.2657156, 37.8471602], [-25.2658164, 37.8469741]]}, "properties": {"highway": "primary", "maxspeed": "40", "ref": "ER 1-1\u00aa", "source": "Bing", "surface": "asphalt"}}, {"type": "Feature", "geometry": {"type": "LineString", "coordinates": [[-25.2656126, 37.8473695], [-25.2657156, 37.8471602]]}, "properties": {"bridge": "yes", "fixme": "to be checked", "highway": "primary", "layer": "1", "maxspeed": "40", "ref": "ER 1-1\u00aa", "surface": "asphalt"}}, {"type": "Feature", "geometry": {"type": "LineString", "coordinates": [[-25.256676, 37.8431369], [-25.2567676, 37.8431098], [-25.2568613, 37.8430997]]}, "properties": {"bridge": "yes", "highway": "primary", "layer": "1", "maxspeed": "80", "ref": "ER 1-1\u00aa", "source": "Bing", "surface": "asphalt"}}, {"type": "Feature", "geometry": {"type": "LineString", "coordinates": [[-25.2568613, 37.8430997], [-25.2569491, 37.8431075], [-25.257034, 37.8431323], [-25.2570966, 37.8431767], [-25.2571483, 37.843241], [-25.2571833, 37.8433341], [-25.2571997, 37.8434585], [-25.2572159, 37.8436668], [-25.257225, 37.8438147], [-25.2572665, 37.8439249], [-25.2573542, 37.8440355], [-25.2574445, 37.8441104], [-25.2579929, 37.8445016], [-25.2582715, 37.8447226], [-25.2584177, 37.8449187], [-25.2585032, 37.8450407], [-25.258582, 37.845173], [-25.2586628, 37.8453091], [-25.2587336, 37.8454169], [-25.2587923, 37.8454825], [-25.2588762, 37.845531], [-25.2589595, 37.845562], [-25.2590967, 37.8455892], [-25.2601539, 37.8456788], [-25.2602718, 37.8457045], [-25.26038, 37.8457344], [-25.2604554, 37.845775], [-25.2605138, 37.8458165], [-25.2605701, 37.8458762], [-25.260621, 37.845938], [-25.2614522, 37.8470575], [-25.2615263, 37.8471213], [-25.2615956, 37.8471701], [-25.2616608, 37.8471999], [-25.2617405, 37.8472242], [-25.261842, 37.8472368], [-25.2619328, 37.8472367], [-25.2619964, 37.8472302], [-25.2620706, 37.8472173], [-25.2621763, 37.8471915], [-25.2626082, 37.8470494], [-25.2627796, 37.8470028]]}, "properties": {"highway": "primary", "maxspeed": "80", "ref": "ER 1-1\u00aa", "source": "Bing", "surface": "asphalt"}}, {"type": "Feature", "geometry": {"type": "LineString", "coordinates": [[-25.2675627, 37.8415875], [-25.2676662, 37.8415879], [-25.267767, 37.8416114], [-25.267867, 37.8416691], [-25.2679517, 37.8417589], [-25.2680445, 37.8419432], [-25.2681409, 37.8421864], [-25.2682189, 37.8424743], [-25.2682582, 37.8427296], [-25.2682874, 37.8427952], [-25.2683477, 37.8428416], [-25.2684338, 37.8428619], [-25.2685678, 37.8428739], [-25.269007, 37.8428862], [-25.2694441, 37.8429055], [-25.2695679, 37.8429228], [-25.2696522, 37.8429652], [-25.2697119, 37.8430259], [-25.2697618, 37.8431063], [-25.2699827, 37.8435074], [-25.2700407, 37.8435936], [-25.2701506, 37.8436651], [-25.2702827, 37.8437065], [-25.2712813, 37.8438335], [-25.2714444, 37.8438644], [-25.2715757, 37.843921], [-25.2718024, 37.8440685], [-25.2719628, 37.8441563], [-25.2722819, 37.8442522], [-25.2725601, 37.8443069], [-25.2727138, 37.8443239], [-25.2728439, 37.8443332], [-25.2729484, 37.8443329], [-25.2730454, 37.8443145], [-25.2731455, 37.8442818], [-25.2732339, 37.8442373], [-25.2733128, 37.8441795], [-25.2733706, 37.8441095], [-25.2734195, 37.8440129], [-25.2735156, 37.8436769], [-25.273575, 37.8434323], [-25.2736105, 37.8433002], [-25.273619, 37.8431868], [-25.2736156, 37.842984], [-25.2736207, 37.8428425], [-25.2736408, 37.8427448], [-25.2736753, 37.8426807], [-25.2737309, 37.84264]]}, "properties": {"highway": "primary", "maxspeed": "80", "ref": "ER 1-1\u00aa", "source": "Bing", "surface": "asphalt"}}, {"type": "Feature", "geometry": {"type": "LineString", "coordinates": [[-25.2672929, 37.841811], [-25.2673255, 37.8417405], [-25.2673626, 37.8416888], [-25.2674649, 37.8416133], [-25.2675627, 37.8415875]]}, "properties": {"bridge": "yes", "bridge:structure": "arch", "highway": "primary", "lanes": "2", "layer": "1", "material": "stone", "maxspeed": "80", "name": "Ponte sobre a Ribeira dos Caldeir\u00f5es", "ref": "ER 1-1\u00aa", "start_date": "1927", "surface": "asphalt"}}, {"type": "Feature", "geometry": {"type": "LineString", "coordinates": [[-25.4160812, 37.724383], [-25.4162841, 37.7243929], [-25.4166046, 37.7243749], [-25.4168922, 37.7243556]]}, "properties": {"foot": "no", "highway": "trunk", "lanes": "1", "lit": "yes", "maxspeed": "60", "oneway": "yes", "ref": "ER 1-1\u00aa", "sidewalk": "no", "smoothness": "excellent", "surface": "asphalt"}}, {"type": "Feature", "geometry": {"type": "LineString", "coordinates": [[-25.5219791, 37.8216223], [-25.5218492, 37.8216242], [-25.521656, 37.8216331], [-25.5213972, 37.8216491], [-25.5212407, 37.8216719], [-25.5210873, 37.8217044], [-25.5209692, 37.8217367], [-25.5208582, 37.8217758], [-25.5206586, 37.8218754], [-25.5206218, 37.8218939]]}, "properties": {"highway": "primary", "lanes": "1", "lit": "yes", "maxspeed": "50", "name": "Rua El-Rei Dom Carlos I", "oneway": "yes", "ref": "ER 1-1\u00aa", "sidewalk": "both", "surface": "asphalt"}}, {"type": "Feature", "geometry": {"type": "LineString", "coordinates": [[-25.5206218, 37.8218939], [-25.5201888, 37.8221075], [-25.5201378, 37.8221274]]}, "properties": {"highway": "primary", "lanes": "1", "lit": "yes", "maxspeed": "50", "oneway": "yes", "ref": "ER 1-1\u00aa", "sidewalk": "both", "surface": "asphalt", "width": "3.1"}}, {"type": "Feature", "geometry": {"type": "LineString", "coordinates": [[-25.516658, 37.8245813], [-25.516594, 37.8245987], [-25.516485, 37.8246181], [-25.5161554, 37.824687], [-25.5157317, 37.8247738], [-25.5156358, 37.8248062], [-25.515554, 37.8248369], [-25.5154472, 37.8248881], [-25.5154003, 37.8249061], [-25.5153492, 37.8249193], [-25.5152856, 37.8249277], [-25.5151825, 37.8249285]]}, "properties": {"highway": "primary", "lit": "yes", "maxspeed": "40", "name": "Rua do Ros\u00e1rio", "ref": "ER 1-1\u00aa", "sidewalk": "both", "surface": "asphalt"}}, {"type": "Feature", "geometry": {"type": "LineString", "coordinates": [[-25.2659178, 37.8466512], [-25.2659571, 37.8465587]]}, "properties": {"highway": "primary", "oneway": "yes", "ref": "ER 1-1\u00aa", "source": "Local survey", "surface": "asphalt"}}, {"type": "Feature", "geometry": {"type": "LineString", "coordinates": [[-25.2658515, 37.8465637], [-25.2659178, 37.8466512]]}, "properties": {"highway": "primary", "maxspeed": "80", "oneway": "yes", "ref": "ER 1-1\u00aa", "source": "Local survey", "surface": "asphalt"}}, {"type": "Feature", "geometry": {"type": "LineString", "coordinates": [[-25.2660245, 37.8464939], [-25.2660888, 37.8464308], [-25.2661546, 37.8463841], [-25.2661906, 37.8463611], [-25.2662254, 37.8463463], [-25.2662384, 37.8463102]]}, "properties": {"highway": "primary", "maxspeed": "80", "oneway": "yes", "ref": "ER 1-1\u00aa", "source": "Local survey", "surface": "asphalt"}}, {"type": "Feature", "geometry": {"type": "LineString", "coordinates": [[-25.2662384, 37.8463102], [-25.26631, 37.8462873], [-25.2664045, 37.8462647], [-25.2664983, 37.8462671], [-25.2665982, 37.8462861], [-25.2667064, 37.8463221], [-25.2668061, 37.8463621], [-25.2669055, 37.8464013], [-25.2669902, 37.8464323], [-25.2670609, 37.8464518], [-25.267141, 37.846463], [-25.2672375, 37.8464641], [-25.267316, 37.8464569], [-25.2674511, 37.8464185], [-25.2687958, 37.8459873], [-25.2688793, 37.8459467], [-25.268952, 37.8459034], [-25.2690086, 37.8458579], [-25.2690438, 37.84582], [-25.2690764, 37.8457758], [-25.2690905, 37.8457277], [-25.2691, 37.8456758], [-25.2691056, 37.8456307], [-25.2691072, 37.8455804], [-25.2690764, 37.8453739], [-25.2690475, 37.8452008], [-25.2690212, 37.8451242], [-25.2689868, 37.8450624], [-25.2689288, 37.8450055], [-25.2688417, 37.8449342], [-25.2685911, 37.8447211], [-25.2685209, 37.8446402], [-25.2684462, 37.8445521], [-25.2683957, 37.8444725], [-25.2683778, 37.8443837], [-25.2683748, 37.8442998], [-25.2683743, 37.8442186], [-25.2683691, 37.8441337], [-25.2683586, 37.8440795], [-25.2683213, 37.8440231], [-25.2682533, 37.8439663], [-25.2681532, 37.843901], [-25.2678006, 37.8436889], [-25.2673535, 37.8434031], [-25.2672684, 37.8433241], [-25.2672322, 37.8432501], [-25.2672215, 37.8431694], [-25.2672194, 37.8430602], [-25.2672258, 37.8428265], [-25.2672717, 37.8423514], [-25.2672745, 37.8422079], [-25.2672808, 37.8418921], [-25.2672929, 37.841811]]}, "properties": {"highway": "primary", "lanes": "2", "maxspeed": "80", "ref": "ER 1-1\u00aa", "shoulder": "no", "source": "Bing", "surface": "asphalt"}}, {"type": "Feature", "geometry": {"type": "LineString", "coordinates": [[-25.2647705, 37.8474963], [-25.2646585, 37.8473804]]}, "properties": {"highway": "primary", "lanes": "1", "maxspeed": "80", "oneway": "yes", "ref": "ER 1-1\u00aa", "source": "local survey", "surface": "asphalt"}}, {"type": "Feature", "geometry": {"type": "LineString", "coordinates": [[-25.2647705, 37.8474963], [-25.2648626, 37.8475384], [-25.2649405, 37.8475705], [-25.2650294, 37.8475958], [-25.2651027, 37.8476084], [-25.2651734, 37.8476104], [-25.2652561, 37.8476081], [-25.2653227, 37.8475973], [-25.2653986, 37.8475711], [-25.2654623, 37.8475385], [-25.265512, 37.8475008], [-25.2655603, 37.8474473], [-25.2656126, 37.8473695]]}, "properties": {"highway": "primary", "maxspeed": "40", "ref": "ER 1-1\u00aa", "source": "Bing", "surface": "asphalt"}}, {"type": "Feature", "geometry": {"type": "LineString", "coordinates": [[-28.6265934, 38.5329126], [-28.6265167, 38.5329338], [-28.6264226, 38.5329645], [-28.626363, 38.5329925], [-28.6263113, 38.5330228], [-28.6262828, 38.5330465], [-28.6262692, 38.5330639], [-28.6262629, 38.5330864], [-28.6262547, 38.5332416], [-28.6262256, 38.5339493]]}, "properties": {"highway": "primary", "lanes": "2", "lanes:backward": "1", "lanes:forward": "1", "lit": "yes", "name": "Avenida 25 de Abril", "name:etymology": "Revolu\u00e7\u00e3o de 25 de Abril", "name:etymology:wikidata": "Q193245", "name:etymology:wikipedia": "pt:Revolu\u00e7\u00e3o de 25 de Abril de 1974", "name:pt": "Avenida 25 de Abril", "ref": "ER 1-1\u00aa", "sidewalk": "left", "sidewalk:left:surface": "sett", "smoothness": "excellent", "surface": "asphalt"}}, {"type": "Feature", "geometry": {"type": "LineString", "coordinates": [[-28.6268396, 38.5302185], [-28.6268694, 38.5301495], [-28.6268879, 38.5300947], [-28.6269449, 38.5295051], [-28.6269549, 38.5294281], [-28.6269694, 38.5293716], [-28.6269912, 38.5293137], [-28.6270443, 38.5292069], [-28.6271148, 38.5290556]]}, "properties": {"highway": "primary", "lanes": "1", "name": "Rua Vasco da Gama", "name:etymology": "Vasco da Gama", "name:etymology:wikidata": "Q7328", "name:etymology:wikipedia": "pt:Vasco da Gama", "name:pt": "Rua Vasco da Gama", "oneway": "yes", "ref": "ER 1-1\u00aa", "smoothness": "intermediate", "surface": "sett"}}, {"type": "Feature", "geometry": {"type": "LineString", "coordinates": [[-28.7883723, 38.5855247], [-28.7884128, 38.5854458], [-28.7884759, 38.5853331], [-28.7885161, 38.5852744], [-28.7885414, 38.5852476]]}, "properties": {"highway": "primary", "lanes": "2", "lanes:backward": "1", "lanes:forward": "1", "name": "Rua dos Trupes", "ref": "ER 1-1\u00aa", "smoothness": "excellent", "surface": "asphalt"}}, {"type": "Feature", "geometry": {"type": "LineString", "coordinates": [[-28.6268396, 38.5302185], [-28.6268433, 38.5304297], [-28.6268422, 38.5307451], [-28.6268394, 38.5308796], [-28.6268339, 38.5309783], [-28.6268117, 38.5311683], [-28.6268067, 38.5312073], [-28.6268016, 38.5312456], [-28.6267877, 38.5313498], [-28.6267511, 38.5316397], [-28.6267271, 38.5318691], [-28.6267249, 38.5318881], [-28.6267127, 38.5319627]]}, "properties": {"highway": "primary", "lanes": "2", "lanes:backward": "1", "lanes:forward": "1", "lit": "yes", "name": "Rua Vasco da Gama", "name:etymology": "Vasco da Gama", "name:etymology:wikidata": "Q7328", "name:etymology:wikipedia": "pt:Vasco da Gama", "name:pt": "Rua Vasco da Gama", "ref": "ER 1-1\u00aa", "sidewalk": "left", "sidewalk:left:surface": "sett", "smoothness": "intermediate", "surface": "sett"}}, {"type": "Feature", "geometry": {"type": "LineString", "coordinates": [[-28.7497235, 38.6080211], [-28.7497317, 38.6080101], [-28.7497748, 38.6079521], [-28.7498179, 38.6079118], [-28.749885, 38.6078695], [-28.7499741, 38.6078303], [-28.7500679, 38.6077995], [-28.7502587, 38.6077633], [-28.750335, 38.6077388], [-28.7504114, 38.607705], [-28.7504785, 38.6076621], [-28.7505211, 38.6076264], [-28.7505786, 38.6075607], [-28.7508292, 38.6072168], [-28.7510021, 38.6070029]]}, "properties": {"highway": "primary", "lanes": "2", "lanes:backward": "1", "lanes:forward": "1", "name": "Estrada Regional 1-1", "ref": "ER 1-1\u00aa", "sidewalk": "no", "smoothness": "excellent", "surface": "asphalt", "width": "6.5"}}, {"type": "Feature", "geometry": {"type": "LineString", "coordinates": [[-28.7496081, 38.6081776], [-28.7497235, 38.6080211]]}, "properties": {"bridge": "yes", "highway": "primary", "lanes": "2", "lanes:backward": "1", "lanes:forward": "1", "layer": "1", "name": "Estrada Regional 1-1", "ref": "ER 1-1\u00aa", "sidewalk": "no", "smoothness": "excellent", "surface": "asphalt", "width": "6"}}, {"type": "Feature", "geometry": {"type": "LineString", "coordinates": [[-28.7166363, 38.5222529], [-28.7165625, 38.5222272], [-28.7164433, 38.5221939], [-28.7161575, 38.5221326], [-28.7160717, 38.522118], [-28.7156942, 38.5220562], [-28.7155265, 38.522031], [-28.7153774, 38.5220024], [-28.7152064, 38.5219666], [-28.7151089, 38.5219513]]}, "properties": {"highway": "primary", "lanes": "1", "name": "Rua do Jogo", "oneway": "yes", "ref": "ER 1-1\u00aa", "smoothness": "good", "surface": "asphalt"}}, {"type": "Feature", "geometry": {"type": "LineString", "coordinates": [[-28.7171486, 38.5221268], [-28.7172528, 38.5220762], [-28.7173954, 38.5220122], [-28.7174977, 38.5219829], [-28.7175457, 38.5219722], [-28.7176033, 38.5219633], [-28.717691, 38.5219575], [-28.7177983, 38.5219631], [-28.7182339, 38.5220325], [-28.7183514, 38.5220545], [-28.7188821, 38.5221789], [-28.7189377, 38.5221919], [-28.7189881, 38.5222038], [-28.7191033, 38.5222308], [-28.7193684, 38.5222905], [-28.7200477, 38.5224389], [-28.7204573, 38.5225278], [-28.720497, 38.5225357], [-28.7212842, 38.5226927], [-28.7213144, 38.5226972], [-28.7214849, 38.5227225], [-28.7216321, 38.5227432], [-28.7217349, 38.5227577], [-28.7218117, 38.5227651], [-28.7218906, 38.5227742], [-28.7219414, 38.5227802], [-28.7221321, 38.522806], [-28.7222525, 38.5228196], [-28.7225506, 38.5228499], [-28.7227546, 38.5228687], [-28.7229623, 38.5228878], [-28.7231204, 38.5229089], [-28.723249, 38.5229351], [-28.7233521, 38.5229647], [-28.7234072, 38.5229829], [-28.7234517, 38.5229976], [-28.723524, 38.5230324], [-28.7235897, 38.5230678], [-28.7236861, 38.5231307], [-28.7237699, 38.5231927], [-28.7238511, 38.523267], [-28.7239108, 38.5233264], [-28.7239253, 38.523344], [-28.7240451, 38.523475], [-28.7241224, 38.5235597]]}, "properties": {"highway": "primary", "lanes": "2", "lanes:backward": "1", "lanes:forward": "1", "name": "Rua da Carreira", "ref": "ER 1-1\u00aa", "smoothness": "good", "surface": "asphalt"}}, {"type": "Feature", "geometry": {"type": "LineString", "coordinates": [[-28.7151089, 38.5219513], [-28.7151897, 38.5219879], [-28.7153424, 38.5220309], [-28.7154467, 38.5220611], [-28.7157726, 38.5221349]]}, "properties": {"highway": "primary", "lanes": "1", "name": "Rua do Jogo", "oneway": "yes", "ref": "ER 1-1\u00aa", "smoothness": "good", "surface": "asphalt"}}, {"type": "Feature", "geometry": {"type": "LineString", "coordinates": [[-28.6265308, 38.5289695], [-28.6265156, 38.5289008], [-28.6265047, 38.5288686], [-28.6264587, 38.5287633], [-28.6263538, 38.5285428], [-28.6263377, 38.5284872], [-28.6263384, 38.52843], [-28.6263479, 38.5283771], [-28.6263537, 38.5283607]]}, "properties": {"highway": "primary", "lanes": "2", "lanes:backward": "1", "lanes:forward": "1", "name": "Largo Doutor Manuel de Arriaga", "name:etymology": "Manuel Jos\u00e9 de Arriaga Brum da Silveira e Peyrelongue", "name:etymology:wikidata": "Q286764", "name:etymology:wikipedia": "pt:Manuel de Arriaga", "name:pt": "Largo Doutor Manuel de Arriaga", "ref": "ER 1-1\u00aa", "sidewalk": "right", "sidewalk:right:surface": "sett", "smoothness": "excellent", "surface": "asphalt", "width": "9"}}, {"type": "Feature", "geometry": {"type": "LineString", "coordinates": [[-28.7415411, 38.613648], [-28.7439322, 38.613061], [-28.7442096, 38.6129785], [-28.7443924, 38.6129175], [-28.7446708, 38.612804], [-28.7450719, 38.6126342], [-28.7454339, 38.612469], [-28.7455653, 38.6123963], [-28.7456761, 38.6123183], [-28.7457666, 38.6122428], [-28.7474173, 38.6106672], [-28.7475407, 38.6105589], [-28.7476471, 38.6104717], [-28.7477299, 38.6104176], [-28.7478144, 38.6103661], [-28.7479023, 38.6103252], [-28.74895, 38.6099008], [-28.749063, 38.6098409], [-28.7491192, 38.6098072], [-28.7491617, 38.609773], [-28.7492108, 38.6097125], [-28.7492456, 38.6096594], [-28.7492733, 38.6096011], [-28.7492861, 38.6095472], [-28.7492921, 38.6094824], [-28.7492859, 38.6094212], [-28.7492662, 38.6093545], [-28.7491831, 38.6091688], [-28.7491576, 38.6091056], [-28.7491434, 38.6090443], [-28.7491421, 38.6089627], [-28.7491637, 38.6088876], [-28.7492059, 38.6088143], [-28.7494636, 38.6083982], [-28.7494884, 38.6083603]]}, "properties": {"highway": "primary", "lanes": "2", "lanes:backward": "1", "lanes:forward": "1", "name": "Estrada Regional 1-1", "ref": "ER 1-1\u00aa", "sidewalk": "no", "smoothness": "excellent", "surface": "asphalt", "width": "6.5"}}, {"type": "Feature", "geometry": {"type": "LineString", "coordinates": [[-28.7300259, 38.6152142], [-28.7300728, 38.6150059]]}, "properties": {"bridge": "yes", "highway": "primary", "lanes": "2", "lanes:backward": "1", "lanes:forward": "1", "layer": "1", "name": "Estrada Regional 1-1", "ref": "ER 1-1\u00aa", "sidewalk": "no", "smoothness": "excellent", "surface": "asphalt", "width": "6.5"}}, {"type": "Feature", "geometry": {"type": "LineString", "coordinates": [[-28.6764007, 38.525611], [-28.6765947, 38.5255742], [-28.6766963, 38.525555], [-28.676811, 38.5255338], [-28.6770477, 38.5254868], [-28.6770858, 38.5254791], [-28.6771479, 38.5254667], [-28.6777019, 38.525345], [-28.6779415, 38.5252751], [-28.6779958, 38.5252565], [-28.6781546, 38.5252022], [-28.6782065, 38.5251845], [-28.6785044, 38.5250811], [-28.6785387, 38.5250692], [-28.678568, 38.525059], [-28.6786858, 38.5250288], [-28.6790601, 38.5249505], [-28.6790795, 38.5249475], [-28.6795732, 38.5248708], [-28.6796663, 38.5248617], [-28.6797028, 38.5248594], [-28.6797491, 38.5248564], [-28.679868, 38.5248499], [-28.6798974, 38.5248483], [-28.6799071, 38.5248478], [-28.6800643, 38.5248478], [-28.6800751, 38.5248478], [-28.6802897, 38.5248487], [-28.6804017, 38.5248492], [-28.6805663, 38.52485], [-28.6805981, 38.5248503], [-28.6807832, 38.5248518], [-28.6809666, 38.5248557], [-28.6810316, 38.524861], [-28.6810536, 38.5248637], [-28.6811194, 38.5248717], [-28.6811404, 38.5248743], [-28.6812099, 38.5248828], [-28.6812928, 38.5248966], [-28.6815303, 38.5249361], [-28.6815844, 38.524945], [-28.6818446, 38.5249879], [-28.6818633, 38.524991], [-28.6823753, 38.5250654], [-28.682543, 38.5250901], [-28.6826199, 38.5250974], [-28.6827165, 38.5250994], [-28.68276, 38.5250973], [-28.6828177, 38.5250945], [-28.6828972, 38.5250817], [-28.6829639, 38.5250621], [-28.6830551, 38.5250267], [-28.6831047, 38.525003], [-28.6831166, 38.5249973], [-28.6833018, 38.5249059], [-28.6834675, 38.5248157], [-28.6836366, 38.5247237], [-28.6836697, 38.5247057], [-28.6838372, 38.5246145], [-28.6839539, 38.524551], [-28.6840435, 38.5245015], [-28.6840978, 38.5244681], [-28.684125, 38.5244514], [-28.6841436, 38.5244372], [-28.684163, 38.5244224], [-28.6842053, 38.524388], [-28.6842467, 38.5243477], [-28.6842855, 38.5243054], [-28.6843742, 38.5242148], [-28.6845618, 38.5240139], [-28.6845863, 38.5239888], [-28.6846108, 38.5239676], [-28.6846238, 38.523958], [-28.6846556, 38.5239346], [-28.6846978, 38.5239062], [-28.6847519, 38.5238758], [-28.6848068, 38.523848], [-28.6848769, 38.5238163], [-28.6850256, 38.5237555], [-28.6854053, 38.5235964], [-28.6857901, 38.5234413], [-28.6859064, 38.5233986], [-28.6860175, 38.5233681], [-28.6861026, 38.5233505], [-28.6861995, 38.5233397], [-28.6862985, 38.5233316], [-28.6863837, 38.523331], [-28.6864671, 38.523333], [-28.6865723, 38.5233415], [-28.6866459, 38.523352], [-28.6867317, 38.5233708], [-28.6872111, 38.5234957], [-28.6872795, 38.523513], [-28.6873478, 38.5235274]]}, "properties": {"highway": "primary", "lanes": "2", "lanes:backward": "1", "lanes:forward": "1", "lit": "yes", "maxspeed": "50", "name": "Estrada Regional 1-1\u00aa - Feteira", "ref": "ER 1-1\u00aa", "sidewalk": "no", "smoothness": "good", "source:maxspeed": "PT:urban", "surface": "asphalt", "width": "6.5"}}, {"type": "Feature", "geometry": {"type": "LineString", "coordinates": [[-28.6760694, 38.5256822], [-28.6764007, 38.525611]]}, "properties": {"bridge": "yes", "highway": "primary", "lanes": "2", "lanes:backward": "1", "lanes:forward": "1", "layer": "2", "lit": "yes", "maxspeed": "50", "name": "Estrada Regional 1-1\u00aa - Feteira", "ref": "ER 1-1\u00aa", "sidewalk": "both", "smoothness": "good", "source:maxspeed": "PT:urban", "surface": "asphalt", "width": "6.5"}}, {"type": "Feature", "geometry": {"type": "LineString", "coordinates": [[-28.6326553, 38.5249661], [-28.6325109, 38.52509], [-28.6324539, 38.5251372], [-28.6324048, 38.5251879]]}, "properties": {"highway": "primary", "lanes": "1", "name": "Avenida Gago Coutinho e Sacadura Cabral", "oneway": "yes", "ref": "ER 1-1\u00aa", "smoothness": "excellent", "surface": "asphalt"}}, {"type": "Feature", "geometry": {"type": "LineString", "coordinates": [[-28.6328729, 38.5250665], [-28.6329757, 38.5250567]]}, "properties": {"highway": "primary", "lanes": "1", "name": "Rua do Castelo", "oneway": "yes", "ref": "ER 1-1\u00aa", "smoothness": "excellent", "surface": "asphalt"}}, {"type": "Feature", "geometry": {"type": "LineString", "coordinates": [[-28.6331732, 38.5250147], [-28.6330423, 38.5249914], [-28.6329394, 38.5249704], [-28.632855, 38.5249443], [-28.6328268, 38.5249385]]}, "properties": {"highway": "primary", "lanes": "1", "name": "Rua do Castelo", "oneway": "yes", "ref": "ER 1-1\u00aa", "smoothness": "excellent", "surface": "asphalt"}}, {"type": "Feature", "geometry": {"type": "LineString", "coordinates": [[-28.6267127, 38.5319627], [-28.6266917, 38.5321121], [-28.6266763, 38.5322184], [-28.6266311, 38.5325304]]}, "properties": {"highway": "primary", "lanes": "2", "lanes:backward": "1", "lanes:forward": "1", "maxspeed:type": "PT:urban", "name": "Pra\u00e7a Infante Dom Henrique", "name:etymology": "Infante Dom Henrique de Avis", "name:etymology:wikidata": "Q182897", "name:etymology:wikipedia": "pt:Infante Dom Henrique", "name:pt": "Pra\u00e7a Infante Dom Henrique", "ref": "ER 1-1\u00aa", "smoothness": "intermediate", "surface": "sett"}}, {"type": "Feature", "geometry": {"type": "LineString", "coordinates": [[-28.6529814, 38.6127985], [-28.6531343, 38.6128551], [-28.6532509, 38.6129056], [-28.653312, 38.6129419], [-28.6533469, 38.6129682], [-28.6534059, 38.6130233], [-28.6534901, 38.6131341], [-28.6535554, 38.6132071], [-28.6536178, 38.6132659], [-28.6536691, 38.6133042], [-28.653726, 38.61334], [-28.6537663, 38.6133605], [-28.6537786, 38.6133668], [-28.6538547, 38.6133992], [-28.6540131, 38.6134476], [-28.6540677, 38.6134664], [-28.6542307, 38.6135309], [-28.6543941, 38.6136029], [-28.6544962, 38.6136424], [-28.6545355, 38.6136594], [-28.6547316, 38.6137514], [-28.6552518, 38.6140131], [-28.6554271, 38.6140916], [-28.6555074, 38.614124], [-28.6555758, 38.614147], [-28.655645, 38.6141625], [-28.6557093, 38.6141728], [-28.6560228, 38.6142128], [-28.6567448, 38.6142772], [-28.6569105, 38.614291], [-28.6570101, 38.6142942], [-28.6571438, 38.6142962], [-28.6573591, 38.6142787], [-28.6574953, 38.6142634], [-28.657598, 38.6142626], [-28.6576812, 38.6142697], [-28.657792, 38.6142941], [-28.6578445, 38.6143146], [-28.6579154, 38.6143496]]}, "properties": {"highway": "primary", "lanes": "2", "lanes:backward": "1", "lanes:forward": "1", "name": "Estrada Regional 1-1", "ref": "ER 1-1\u00aa", "sidewalk": "no", "smoothness": "good", "surface": "asphalt", "width": "6.5"}}, {"type": "Feature", "geometry": {"type": "LineString", "coordinates": [[-28.6526368, 38.6126738], [-28.6529814, 38.6127985]]}, "properties": {"bridge": "yes", "highway": "primary", "lanes": "2", "lanes:backward": "1", "lanes:forward": "1", "layer": "1", "name": "Estrada Regional 1-1", "ref": "ER 1-1\u00aa", "sidewalk": "no", "smoothness": "good", "surface": "asphalt", "width": "6.5"}}, {"type": "Feature", "geometry": {"type": "LineString", "coordinates": [[-28.6205997, 38.5425698], [-28.6205955, 38.5425915]]}, "properties": {"destination:forward": "Caldeira;Praia do Almoxarife;Parque de Campismo;Misadouro da Espalamaca", "highway": "primary", "lanes": "2", "lanes:backward": "1", "lanes:forward": "1", "name": "Estrada 1\u00ba de Maio", "name:etymology": "Dia do Trabalhador", "name:etymology:wikidata": "Q47499", "name:etymology:wikipedia": "pt:Dia do Trabalhador", "name:pt": "Estrada 1\u00ba de Maio", "ref": "ER 1-1\u00aa", "sidewalk": "no", "smoothness": "good", "surface": "asphalt"}}, {"type": "Feature", "geometry": {"type": "LineString", "coordinates": [[-28.6206183, 38.542482], [-28.6205997, 38.5425698]]}, "properties": {"highway": "primary", "lanes": "2", "lanes:backward": "1", "lanes:forward": "1", "name": "Estrada 1\u00ba de Maio", "name:etymology": "Dia do Trabalhador", "name:etymology:wikidata": "Q47499", "name:etymology:wikipedia": "pt:Dia do Trabalhador", "name:pt": "Estrada 1\u00ba de Maio", "ref": "ER 1-1\u00aa", "sidewalk": "both", "smoothness": "good", "source": "SRIT", "surface": "asphalt"}}, {"type": "Feature", "geometry": {"type": "LineString", "coordinates": [[-28.6206402, 38.5423891], [-28.6206183, 38.542482]]}, "properties": {"bridge": "yes", "highway": "primary", "lanes": "2", "lanes:backward": "1", "lanes:forward": "1", "layer": "1", "name": "Estrada 1\u00ba de Maio", "name:etymology": "Dia do Trabalhador", "name:etymology:wikidata": "Q47499", "name:etymology:wikipedia": "pt:Dia do Trabalhador", "name:pt": "Estrada 1\u00ba de Maio", "ref": "ER 1-1\u00aa", "sidewalk": "both", "smoothness": "good", "surface": "concrete"}}, {"type": "Feature", "geometry": {"type": "LineString", "coordinates": [[-28.6346671, 38.5249158], [-28.6342567, 38.5249779], [-28.6340387, 38.525011], [-28.6339298, 38.5250267], [-28.6338841, 38.5250321], [-28.6337815, 38.525041], [-28.6337048, 38.5250435], [-28.6334178, 38.5250388], [-28.6332616, 38.525024], [-28.6331732, 38.5250147]]}, "properties": {"highway": "primary", "lanes": "2", "lanes:backward": "1", "lanes:forward": "1", "name": "Rua do Castelo", "ref": "ER 1-1\u00aa", "smoothness": "good", "surface": "asphalt"}}, {"type": "Feature", "geometry": {"type": "LineString", "coordinates": [[-28.6327411, 38.5251199], [-28.632772, 38.5251206], [-28.6328031, 38.5251166], [-28.6328357, 38.5251028], [-28.6328619, 38.5250823]]}, "properties": {"highway": "primary", "junction": "roundabout", "lanes": "1", "ref": "ER 1-1\u00aa", "smoothness": "excellent", "surface": "asphalt"}}, {"type": "Feature", "geometry": {"type": "LineString", "coordinates": [[-28.6327604, 38.5249236], [-28.63272, 38.5249285], [-28.6326838, 38.5249432], [-28.6326553, 38.5249661]]}, "properties": {"highway": "primary", "junction": "roundabout", "lanes": "1", "ref": "ER 1-1\u00aa", "smoothness": "excellent", "surface": "asphalt"}}, {"type": "Feature", "geometry": {"type": "LineString", "coordinates": [[-28.627556, 38.5280958], [-28.6276129, 38.5281027], [-28.6278446, 38.5281288], [-28.6279236, 38.5281348], [-28.6279445, 38.5281364], [-28.628049, 38.5281415], [-28.6281698, 38.5281361], [-28.6282931, 38.5281239], [-28.6284681, 38.5281043], [-28.6285808, 38.5280846], [-28.6286939, 38.5280585], [-28.6287657, 38.528039], [-28.6288263, 38.5280198], [-28.6288676, 38.5280042]]}, "properties": {"destination:forward": "Vulc\u00e3o;Aeroporto;Hospital", "highway": "primary", "lanes": "2", "lanes:backward": "1", "lanes:forward": "1", "name": "Rua Filipe de Carvalho", "ref": "ER 1-1\u00aa", "smoothness": "excellent", "surface": "asphalt"}}, {"type": "Feature", "geometry": {"type": "LineString", "coordinates": [[-28.6199926, 38.5487585], [-28.6199943, 38.5487791], [-28.6200312, 38.5488221]]}, "properties": {"highway": "primary", "junction": "roundabout", "lanes": "1", "name": "Estrada Regional 1-1", "ref": "ER 1-1\u00aa", "sidewalk": "no", "smoothness": "good", "surface": "asphalt", "width": "6.5"}}, {"type": "Feature", "geometry": {"type": "LineString", "coordinates": [[-28.6200626, 38.548656], [-28.6200106, 38.5486428], [-28.6199248, 38.5486306], [-28.6197085, 38.5486197]]}, "properties": {"highway": "primary", "lanes": "1", "name": "Estrada 1\u00ba de Maio", "name:etymology": "Dia do Trabalhador", "name:etymology:wikidata": "Q47499", "name:etymology:wikipedia": "pt:Dia do Trabalhador", "name:pt": "Estrada 1\u00ba de Maio", "oneway": "yes", "ref": "ER 1-1\u00aa", "sidewalk": "no", "smoothness": "good", "surface": "asphalt"}}, {"type": "Feature", "geometry": {"type": "LineString", "coordinates": [[-28.6197085, 38.5486197], [-28.6198327, 38.5486558], [-28.6198957, 38.5486878], [-28.6199463, 38.548719], [-28.6199926, 38.5487585]]}, "properties": {"highway": "primary", "lanes": "1", "name": "Estrada 1\u00ba de Maio", "name:etymology": "Dia do Trabalhador", "name:etymology:wikidata": "Q47499", "name:etymology:wikipedia": "pt:Dia do Trabalhador", "name:pt": "Estrada 1\u00ba de Maio", "oneway": "yes", "ref": "ER 1-1\u00aa", "smoothness": "good", "surface": "asphalt"}}, {"type": "Feature", "geometry": {"type": "LineString", "coordinates": [[-28.6234652, 38.5397413], [-28.6234101, 38.5397922], [-28.6230453, 38.5401304]]}, "properties": {"highway": "primary", "lanes": "2", "lanes:backward": "1", "lanes:forward": "1", "lit": "yes", "maxspeed:type": "PT:urban", "name": "Avenida 25 de Abril", "name:etymology": "Revolu\u00e7\u00e3o de 25 de Abril", "name:etymology:wikidata": "Q193245", "name:etymology:wikipedia": "pt:Revolu\u00e7\u00e3o de 25 de Abril de 1974", "name:pt": "Avenida 25 de Abril", "parking:lane:right": "no_parking", "ref": "ER 1-1\u00aa", "sidewalk": "left", "sidewalk:left:surface": "sett", "smoothness": "good", "surface": "concrete", "width": "9.5"}}, {"type": "Feature", "geometry": {"type": "LineString", "coordinates": [[-28.6218362, 38.5412368], [-28.6217695, 38.5412961], [-28.6216277, 38.5414194], [-28.6214065, 38.5416115]]}, "properties": {"highway": "primary", "lanes": "2", "lanes:backward": "1", "lanes:forward": "1", "lit": "yes", "maxspeed": "40", "name": "Avenida 25 de Abril", "name:etymology": "Revolu\u00e7\u00e3o de 25 de Abril", "name:etymology:wikidata": "Q193245", "name:etymology:wikipedia": "pt:Revolu\u00e7\u00e3o de 25 de Abril de 1974", "name:pt": "Avenida 25 de Abril", "parking:lane:right": "no_parking", "ref": "ER 1-1\u00aa", "smoothness": "good", "source": "SRIT", "source:maxspeed": "sign", "surface": "concrete"}}, {"type": "Feature", "geometry": {"type": "LineString", "coordinates": [[-28.621038, 38.542087], [-28.6211631, 38.5420954], [-28.6213807, 38.5421062], [-28.6214189, 38.5421005], [-28.6214484, 38.5420926], [-28.6214752, 38.5420826], [-28.621502, 38.5420606], [-28.6215242, 38.5420296], [-28.6215316, 38.5420019], [-28.6215356, 38.5419667], [-28.6215329, 38.5419468], [-28.6215242, 38.5419164], [-28.6215113, 38.5418898], [-28.6214887, 38.5418608], [-28.6214536, 38.5418332]]}, "properties": {"highway": "primary", "junction": "roundabout", "lanes": "2", "lit": "yes", "name": "Avenida 25 de Abril", "name:etymology": "Revolu\u00e7\u00e3o de 25 de Abril", "name:etymology:wikidata": "Q193245", "name:etymology:wikipedia": "pt:Revolu\u00e7\u00e3o de 25 de Abril de 1974", "name:pt": "Avenida 25 de Abril", "ref": "ER 1-1\u00aa", "sidewalk": "no", "smoothness": "good", "surface": "concrete"}}, {"type": "Feature", "geometry": {"type": "LineString", "coordinates": [[-28.6399372, 38.5255199], [-28.6398434, 38.5255529], [-28.6395301, 38.525663], [-28.6394661, 38.5256832], [-28.6394039, 38.5256955], [-28.6392994, 38.5257091], [-28.6392083, 38.5257134], [-28.6390906, 38.5257141], [-28.6390174, 38.5257113], [-28.6389493, 38.5257], [-28.6388755, 38.525684], [-28.6388022, 38.5256642], [-28.6387391, 38.5256436], [-28.6386745, 38.5256164], [-28.6386086, 38.5255847], [-28.6385029, 38.5255187], [-28.6384546, 38.5254946], [-28.6383844, 38.5254628], [-28.6383075, 38.5254349], [-28.6378866, 38.5253166], [-28.6376115, 38.5252407], [-28.6375347, 38.525225], [-28.6374777, 38.5252165], [-28.637202, 38.52521], [-28.6367683, 38.525202], [-28.6366105, 38.5252003], [-28.6364732, 38.5251957], [-28.63639, 38.5251896], [-28.6362856, 38.5251768], [-28.635923, 38.5251021], [-28.6356047, 38.5250355], [-28.6349676, 38.5249176]]}, "properties": {"highway": "primary", "lanes": "2", "lanes:backward": "1", "lanes:forward": "1", "name": "Rua do Pasteleiro", "ref": "ER 1-1\u00aa", "smoothness": "good", "surface": "asphalt"}}, {"type": "Feature", "geometry": {"type": "LineString", "coordinates": [[-28.6324048, 38.5251879], [-28.6324439, 38.5251655], [-28.6324741, 38.5251503], [-28.6325237, 38.5251351], [-28.632572, 38.525123], [-28.6326276, 38.5251151], [-28.6326839, 38.5251151], [-28.6327135, 38.5251173]]}, "properties": {"highway": "primary", "lanes": "1", "name": "Avenida Gago Coutinho e Sacadura Cabral", "oneway": "yes", "ref": "ER 1-1\u00aa", "smoothness": "excellent", "surface": "asphalt"}}, {"type": "Feature", "geometry": {"type": "LineString", "coordinates": [[-28.6959366, 38.6347448], [-28.6961506, 38.6347237], [-28.696256, 38.6347286], [-28.6963399, 38.634736], [-28.696415, 38.6347548], [-28.6964685, 38.6347706], [-28.6965082, 38.6347857], [-28.6968204, 38.6349246], [-28.6968364, 38.6349318], [-28.697239, 38.6351117], [-28.6973109, 38.6351433], [-28.6973919, 38.6351788], [-28.6975731, 38.6352639], [-28.6976208, 38.6352837], [-28.6976614, 38.6352958], [-28.6976994, 38.6353038], [-28.6977791, 38.6353081], [-28.6978553, 38.6353046], [-28.6980739, 38.6352736], [-28.698167, 38.635271], [-28.698238, 38.6352797], [-28.6983292, 38.6353059], [-28.6984124, 38.6353468], [-28.6984452, 38.6353689], [-28.698838, 38.6356708], [-28.6989104, 38.6357075], [-28.698976, 38.6357295], [-28.6990686, 38.6357499], [-28.6991625, 38.6357594], [-28.6992657, 38.6357598], [-28.6996017, 38.6357389], [-28.6997009, 38.63573], [-28.6997693, 38.63572], [-28.6998525, 38.6357012], [-28.6999337, 38.635674], [-28.7011615, 38.6351922], [-28.7012102, 38.6351803], [-28.7012613, 38.6351748], [-28.7013009, 38.6351725], [-28.7013466, 38.6351747], [-28.7013931, 38.6351833], [-28.7014425, 38.6351969], [-28.7014972, 38.6352217], [-28.7015737, 38.6352622], [-28.7018509, 38.6354579], [-28.7020619, 38.6356068], [-28.702115, 38.6356299], [-28.7021658, 38.6356485], [-28.7022309, 38.6356672], [-28.7022859, 38.6356809], [-28.7023567, 38.63569], [-28.7024263, 38.6356931], [-28.7024703, 38.6356958], [-28.7025968, 38.6357038], [-28.7026642, 38.6357123], [-28.7027291, 38.6357295], [-28.7027832, 38.6357489], [-28.7028281, 38.6357693], [-28.7028985, 38.6358131], [-28.7029416, 38.6358434], [-28.7029691, 38.6358658]]}, "properties": {"highway": "primary", "lanes": "2", "lanes:backward": "1", "lanes:forward": "1", "lit": "yes", "maxspeed": "50", "name": "Estrada Regional 1-1", "ref": "ER 1-1\u00aa", "sidewalk": "no", "smoothness": "excellent", "source:maxspeed": "PT:urban", "surface": "asphalt", "width": "6.5"}}, {"type": "Feature", "geometry": {"type": "LineString", "coordinates": [[-28.6946542, 38.6354153], [-28.694854, 38.6352346]]}, "properties": {"bridge": "yes", "highway": "primary", "lanes": "2", "lanes:backward": "1", "lanes:forward": "1", "layer": "1", "lit": "yes", "maxspeed": "50", "name": "Rua da Pra\u00e7a", "ref": "ER 1-1\u00aa", "sidewalk": "no", "smoothness": "excellent", "source:maxspeed": "PT:urban", "surface": "asphalt", "width": "6.5"}}, {"type": "Feature", "geometry": {"type": "LineString", "coordinates": [[-28.6166925, 38.5764975], [-28.6166287, 38.5765629], [-28.6165835, 38.5766068], [-28.6165296, 38.5766442], [-28.6164831, 38.576664], [-28.6164259, 38.5766823], [-28.6163389, 38.5766862], [-28.6160542, 38.5766563], [-28.6157021, 38.5766142], [-28.6156147, 38.5766116], [-28.6154317, 38.5766074], [-28.6150692, 38.5766087], [-28.6147293, 38.5766057], [-28.6140019, 38.5765964], [-28.6134927, 38.5765877], [-28.6132741, 38.5766001], [-28.6131565, 38.5766168], [-28.6131175, 38.5766298], [-28.6130776, 38.5766467], [-28.6130241, 38.5766873], [-28.6129802, 38.5767311], [-28.6129444, 38.5767811], [-28.612908, 38.5768562], [-28.6127389, 38.577307], [-28.6126839, 38.577479], [-28.6126665, 38.5775496], [-28.6126619, 38.577621], [-28.6126696, 38.5777031], [-28.6126826, 38.5777737], [-28.6126903, 38.5778014], [-28.6127153, 38.5778908], [-28.6127786, 38.5782083], [-28.6128275, 38.5784668], [-28.6129072, 38.5789087], [-28.612918, 38.5789559], [-28.6129501, 38.579013], [-28.6129857, 38.5790597], [-28.6130192, 38.5790985], [-28.6132955, 38.5793873], [-28.6133444, 38.5794434], [-28.6133706, 38.579478], [-28.6133907, 38.5795095], [-28.6136509, 38.5799823], [-28.6137524, 38.5801634], [-28.613793, 38.5802334], [-28.6138302, 38.5802874], [-28.6138903, 38.5803547], [-28.6139808, 38.5804378], [-28.6140281, 38.580479], [-28.6140686, 38.5805143], [-28.6142497, 38.5806527], [-28.6144535, 38.5808016], [-28.6147499, 38.5810029], [-28.6151482, 38.5812545], [-28.6153267, 38.5813588], [-28.6153708, 38.5813803], [-28.6154553, 38.581417], [-28.6155264, 38.5814442], [-28.6155787, 38.5814558], [-28.6159676, 38.5815302], [-28.6161312, 38.5815648], [-28.616209, 38.5815931], [-28.6162788, 38.5816246], [-28.6163445, 38.5816665], [-28.6163834, 38.5816927], [-28.6164732, 38.5817692], [-28.6167887, 38.5820532], [-28.6168856, 38.582143], [-28.6169607, 38.5822218], [-28.6170011, 38.5822732], [-28.6170418, 38.5823432], [-28.6170533, 38.5823684], [-28.6170579, 38.5823925], [-28.6170578, 38.5824294], [-28.617055, 38.5825057], [-28.6170498, 38.5825514], [-28.6170481, 38.5825669], [-28.6170465, 38.5825806], [-28.6170415, 38.582603], [-28.6170305, 38.5826266], [-28.6170117, 38.5826528], [-28.6169867, 38.5826878], [-28.6169319, 38.5827453], [-28.6166342, 38.5830346], [-28.6165409, 38.583118], [-28.6164323, 38.5831913], [-28.6163901, 38.5832149], [-28.6163425, 38.5832348], [-28.6162955, 38.5832469], [-28.6162486, 38.5832553], [-28.6161178, 38.5832563], [-28.6160468, 38.5832516], [-28.6158261, 38.5832259], [-28.6157759, 38.5832202], [-28.6156887, 38.583205], [-28.6154781, 38.5831667], [-28.6153615, 38.5831452], [-28.6150341, 38.5830917]]}, "properties": {"highway": "primary", "lanes": "2", "lanes:backward": "1", "lanes:forward": "1", "maxspeed": "90", "name": "Estrada Regional 1-1", "ref": "ER 1-1\u00aa", "sidewalk": "no", "smoothness": "good", "source:maxspeed": "PT:rural", "surface": "asphalt", "width": "6"}}, {"type": "Feature", "geometry": {"type": "LineString", "coordinates": [[-28.7425732, 38.5370594], [-28.7425828, 38.5371728], [-28.7425879, 38.5372146], [-28.7425959, 38.5372492]]}, "properties": {"highway": "primary", "lanes": "2", "lanes:backward": "1", "lanes:forward": "1", "lit": "yes", "maxspeed": "50", "name": "Rua Ribeira da Lombega", "ref": "ER 1-1\u00aa", "sidewalk": "no", "smoothness": "good", "source:maxspeed": "PT:urban", "surface": "asphalt", "width": "6.5"}}, {"type": "Feature", "geometry": {"type": "LineString", "coordinates": [[-28.7415123, 38.5352133], [-28.741572, 38.5352909], [-28.7418238, 38.5356299], [-28.7418787, 38.5356956], [-28.7419282, 38.5357385], [-28.7419775, 38.5357816], [-28.7421983, 38.5359613], [-28.7422389, 38.5359972], [-28.7422903, 38.5360427], [-28.7423914, 38.5361605], [-28.7424095, 38.5361835], [-28.742446, 38.5362378], [-28.7424773, 38.5362922], [-28.7425017, 38.5363521], [-28.7425183, 38.5363961], [-28.74253, 38.5364493], [-28.7425398, 38.5365089], [-28.7425455, 38.5365973], [-28.7425514, 38.5366783], [-28.74256, 38.5368439], [-28.7425675, 38.5369928], [-28.7425732, 38.5370594]]}, "properties": {"highway": "primary", "lanes": "2", "lanes:backward": "1", "lanes:forward": "1", "lit": "yes", "maxspeed": "50", "name": "Cal\u00e7o da Cruz", "ref": "ER 1-1\u00aa", "sidewalk": "no", "smoothness": "good", "source:maxspeed": "PT:urban", "surface": "asphalt", "width": "6.5"}}, {"type": "Feature", "geometry": {"type": "LineString", "coordinates": [[-28.6488362, 38.5235689], [-28.6485001, 38.523724], [-28.6484076, 38.5237659], [-28.6483496, 38.5237856], [-28.6482981, 38.5237981], [-28.6482426, 38.5238069], [-28.6482235, 38.5238087], [-28.6481747, 38.5238133], [-28.6480965, 38.5238174], [-28.647743, 38.523816], [-28.6476788, 38.5238206], [-28.6476087, 38.5238299], [-28.6475386, 38.5238457], [-28.6474715, 38.5238656], [-28.6472435, 38.5239475], [-28.6471905, 38.5239647], [-28.6471347, 38.5239819], [-28.6470671, 38.5239951], [-28.6469981, 38.5240062], [-28.646932, 38.5240156], [-28.6468533, 38.524022], [-28.646763, 38.5240222], [-28.6466748, 38.5240168], [-28.6465736, 38.5240026], [-28.6464411, 38.5239772], [-28.6463473, 38.5239567], [-28.6462788, 38.5239375], [-28.6456925, 38.5237653], [-28.6456006, 38.5237409], [-28.6455378, 38.5237305], [-28.6454558, 38.5237229], [-28.6453399, 38.523717], [-28.6452778, 38.5237155], [-28.6449079, 38.5237106], [-28.6447494, 38.5237122], [-28.6447046, 38.5237126], [-28.644664, 38.5237129], [-28.6445914, 38.5237176], [-28.6445064, 38.5237275], [-28.6444183, 38.5237443], [-28.6443487, 38.5237609], [-28.64427, 38.5237838], [-28.6441821, 38.5238114], [-28.6440649, 38.5238531], [-28.643958, 38.5238956], [-28.643847, 38.5239529], [-28.6436227, 38.5240784], [-28.6434891, 38.5241554], [-28.6434504, 38.5241756], [-28.6433988, 38.5242013], [-28.6433464, 38.5242251], [-28.6432789, 38.5242502], [-28.6432138, 38.5242707], [-28.6431454, 38.5242886], [-28.6430767, 38.524302], [-28.6429479, 38.5243243], [-28.6426919, 38.5243734], [-28.6423671, 38.5244403]]}, "properties": {"highway": "primary", "lanes": "2", "lanes:backward": "1", "lanes:forward": "1", "maxspeed": "50", "name": "Rua do Pasteleiro", "ref": "ER 1-1\u00aa", "sidewalk": "no", "smoothness": "good", "source:maxspeed": "PT:urban", "surface": "asphalt", "width": "6.5"}}, {"type": "Feature", "geometry": {"type": "LineString", "coordinates": [[-28.6187527, 38.5633794], [-28.6188345, 38.5635011], [-28.6188895, 38.5635734], [-28.6189673, 38.563651], [-28.6190692, 38.5637422], [-28.6191926, 38.5638293], [-28.6196459, 38.5641439], [-28.62011, 38.5645193], [-28.620323, 38.5646983], [-28.6204161, 38.5647962], [-28.6204841, 38.5648703], [-28.6205292, 38.564935], [-28.6205637, 38.5649996], [-28.6205896, 38.565087], [-28.6207011, 38.565469], [-28.6207429, 38.5656245], [-28.6207764, 38.5657095], [-28.62081, 38.5657714], [-28.6208703, 38.56585], [-28.6209575, 38.5659413], [-28.6210635, 38.566042], [-28.6211801, 38.5661814], [-28.6212275, 38.5662525], [-28.6212735, 38.5663224], [-28.6213347, 38.5664141], [-28.6214422, 38.5665877], [-28.6216213, 38.5668776], [-28.621734, 38.5670863], [-28.6218037, 38.5672195], [-28.6218279, 38.5672751], [-28.6218561, 38.5673705], [-28.6218587, 38.567468], [-28.6218571, 38.5675488], [-28.6218464, 38.5676086], [-28.6218313, 38.5676509], [-28.6218075, 38.5677051], [-28.6215654, 38.568265], [-28.6213303, 38.5688433]]}, "properties": {"highway": "primary", "lanes": "2", "lanes:backward": "1", "lanes:forward": "1", "maxspeed": "90", "name": "Estrada Regional 1-1", "ref": "ER 1-1\u00aa", "sidewalk": "no", "smoothness": "intermediate", "source:maxspeed": "PT:rural", "surface": "asphalt", "width": "6"}}, {"type": "Feature", "geometry": {"type": "LineString", "coordinates": [[-28.6288676, 38.5280042], [-28.628913, 38.5279856], [-28.6289672, 38.5279611], [-28.6290087, 38.52794], [-28.6290199, 38.5279343], [-28.629087, 38.5278939], [-28.6291561, 38.5278415], [-28.6294946, 38.5275633], [-28.629555, 38.5275144], [-28.629649, 38.5274363], [-28.6298189, 38.5272967], [-28.6300127, 38.5271374], [-28.6301437, 38.5270309], [-28.6301908, 38.5269907], [-28.6305668, 38.5266813], [-28.6306195, 38.5266379], [-28.6307956, 38.526493], [-28.631019, 38.5263091], [-28.6311925, 38.5261691], [-28.6313663, 38.5260296], [-28.6313983, 38.5260064], [-28.6315372, 38.5258947], [-28.6316146, 38.5258336], [-28.631662, 38.5257962], [-28.631799, 38.525688], [-28.6321263, 38.5254183], [-28.6322676, 38.525301], [-28.6323748, 38.5252117], [-28.6323972, 38.5251939], [-28.6324048, 38.5251879]]}, "properties": {"highway": "primary", "lanes": "2", "lanes:backward": "1", "lanes:forward": "1", "name": "Avenida Gago Coutinho e Sacadura Cabral", "ref": "ER 1-1\u00aa", "smoothness": "excellent", "surface": "asphalt"}}, {"type": "Feature", "geometry": {"type": "LineString", "coordinates": [[-28.6590635, 38.6158488], [-28.6592084, 38.6163068], [-28.6594382, 38.6170172], [-28.6594546, 38.6170739], [-28.6594905, 38.6171345], [-28.6595191, 38.6171748], [-28.6595549, 38.6172094], [-28.659685, 38.6172959], [-28.6597346, 38.6173189], [-28.659807, 38.6173431], [-28.6598694, 38.617363], [-28.6600244, 38.6174125], [-28.660745, 38.6176487]]}, "properties": {"highway": "primary", "lanes": "2", "lanes:backward": "1", "lanes:forward": "1", "lit": "yes", "maxspeed": "50", "name": "Estrada Regional 1-1", "ref": "ER 1-1\u00aa", "sidewalk": "no", "smoothness": "excellent", "source:maxspeed": "PT:urban", "surface": "asphalt", "width": "6.5"}}, {"type": "Feature", "geometry": {"type": "LineString", "coordinates": [[-28.6579154, 38.6143496], [-28.6581907, 38.6145032]]}, "properties": {"bridge": "yes", "construction_date": "1938", "highway": "primary", "lanes": "2", "lanes:backward": "1", "lanes:forward": "1", "layer": "1", "name": "Estrada Regional 1-1", "ref": "ER 1-1\u00aa", "sidewalk": "no", "smoothness": "excellent", "surface": "asphalt", "width": "6.5"}}, {"type": "Feature", "geometry": {"type": "LineString", "coordinates": [[-28.6677503, 38.6226498], [-28.6679009, 38.6228065]]}, "properties": {"bridge": "yes", "highway": "primary", "lanes": "2", "lanes:backward": "1", "lanes:forward": "1", "layer": "1", "lit": "yes", "maxspeed": "50", "name": "Estrada Regional 1-1", "ref": "ER 1-1\u00aa", "sidewalk": "no", "smoothness": "excellent", "source:maxspeed": "PT:urban", "surface": "asphalt", "width": "6.5"}}, {"type": "Feature", "geometry": {"type": "LineString", "coordinates": [[-28.6679009, 38.6228065], [-28.6679566, 38.6228745], [-28.6679801, 38.6229204], [-28.6679975, 38.62297], [-28.6680042, 38.6230447], [-28.6680097, 38.6230829], [-28.6680272, 38.6231423], [-28.6680423, 38.6231751], [-28.6680553, 38.623201], [-28.668083, 38.6232337], [-28.6681096, 38.6232533], [-28.6681446, 38.6232722], [-28.6682509, 38.6233264], [-28.6684059, 38.6233988], [-28.6684919, 38.623439], [-28.6685575, 38.6234696], [-28.6687889, 38.6235849], [-28.6688472, 38.6236174], [-28.6688855, 38.6236457], [-28.668921, 38.6236735], [-28.66893, 38.6236824], [-28.6689512, 38.6237033], [-28.668975, 38.6237356], [-28.6690135, 38.6237994], [-28.6690412, 38.6238512], [-28.6691203, 38.6240159], [-28.6693123, 38.6244153], [-28.6693573, 38.6244939], [-28.6693937, 38.6245519], [-28.6694264, 38.6245968], [-28.6694765, 38.6246476], [-28.6695057, 38.6246728], [-28.6695283, 38.6246939], [-28.6695486, 38.6247129], [-28.6696035, 38.6247557], [-28.6696808, 38.6248147], [-28.6698325, 38.6249202], [-28.6699189, 38.6249804], [-28.6700472, 38.6250776], [-28.6701131, 38.6251246], [-28.6703232, 38.6252742], [-28.6705261, 38.6254254], [-28.6705768, 38.6254572], [-28.6706354, 38.625491], [-28.670765, 38.6255617], [-28.6709372, 38.6256471], [-28.6710748, 38.6257209], [-28.6711574, 38.6257808], [-28.6712116, 38.6258261], [-28.6712556, 38.6258724], [-28.6712989, 38.6259293], [-28.6713832, 38.6260638], [-28.6713979, 38.6260872], [-28.6714349, 38.6261482], [-28.6714826, 38.6262149], [-28.6715176, 38.6262685], [-28.6715671, 38.6263215], [-28.6716511, 38.6263993], [-28.6716932, 38.62644], [-28.6717096, 38.6264521], [-28.6719769, 38.6266481], [-28.6720748, 38.626716], [-28.6721494, 38.6267729], [-28.6722015, 38.626824], [-28.6722831, 38.6269025], [-28.6722982, 38.6269189], [-28.6723173, 38.6269396], [-28.6723675, 38.6269962], [-28.6725374, 38.6272101], [-28.672628, 38.6273231], [-28.6726856, 38.6273935], [-28.6727704, 38.6274707]]}, "properties": {"highway": "primary", "lanes": "2", "lanes:backward": "1", "lanes:forward": "1", "lit": "yes", "maxspeed": "50", "name": "Estrada Regional 1-1", "ref": "ER 1-1\u00aa", "sidewalk": "no", "smoothness": "excellent", "source:maxspeed": "PT:urban", "surface": "asphalt", "width": "6.5"}}, {"type": "Feature", "geometry": {"type": "LineString", "coordinates": [[-28.6446124, 38.6091196], [-28.6446538, 38.6091537], [-28.6447032, 38.6092025], [-28.6447218, 38.6092208], [-28.6447922, 38.6092943], [-28.6448486, 38.6093575], [-28.6449039, 38.6094286], [-28.6449529, 38.6094914], [-28.6451264, 38.6097339], [-28.6452356, 38.6098865], [-28.6452905, 38.6099548], [-28.6453446, 38.610013], [-28.6454077, 38.6100636], [-28.6454957, 38.6101266], [-28.6458031, 38.6103219], [-28.6459071, 38.610379], [-28.6460133, 38.6104263], [-28.6460852, 38.6104522], [-28.6461548, 38.6104736], [-28.6465805, 38.6105794], [-28.6466422, 38.6105985], [-28.6466961, 38.6106163], [-28.6467543, 38.6106404], [-28.646784, 38.6106592], [-28.6468263, 38.6106877], [-28.6468765, 38.610735], [-28.6470543, 38.6109045], [-28.6471928, 38.6110366], [-28.6474052, 38.6112231], [-28.647486, 38.6112859], [-28.647637, 38.6114033], [-28.6477965, 38.6115111], [-28.6478582, 38.6115518], [-28.6479299, 38.6115991], [-28.64802, 38.6116551], [-28.6481269, 38.6117184], [-28.6482604, 38.6117815], [-28.648376, 38.6118224], [-28.648476, 38.6118573], [-28.648609, 38.6118888], [-28.6487474, 38.6119162], [-28.6491202, 38.6119877], [-28.6495727, 38.6120482], [-28.6496714, 38.6120653], [-28.6497502, 38.6120923], [-28.6498229, 38.6121268], [-28.6498913, 38.6121754], [-28.6499447, 38.6122259], [-28.6500089, 38.6122891], [-28.6501886, 38.6125291], [-28.6502279, 38.6125946], [-28.6502649, 38.61266], [-28.6502865, 38.6127243], [-28.6503012, 38.6127848], [-28.6503536, 38.6134007], [-28.6503633, 38.6134442], [-28.6503803, 38.6134811], [-28.6504051, 38.6135154], [-28.6504479, 38.6135569], [-28.6504906, 38.6135865], [-28.6505363, 38.6136108], [-28.6505911, 38.6136302], [-28.6510644, 38.6137613], [-28.6511308, 38.6137782], [-28.6512105, 38.6138023], [-28.6512681, 38.6138124], [-28.6513339, 38.6138141], [-28.6513881, 38.613814], [-28.6514506, 38.6138069], [-28.6515225, 38.6137937], [-28.651581, 38.6137735], [-28.6516519, 38.6137314], [-28.6516799, 38.6137101], [-28.6517306, 38.6136587], [-28.651787, 38.6135798], [-28.6518218, 38.6135088], [-28.6518451, 38.6134285], [-28.6518548, 38.6133895], [-28.6518723, 38.6133186], [-28.6519189, 38.6130552], [-28.6519418, 38.6129942], [-28.6519791, 38.612929], [-28.6520412, 38.6128519], [-28.652103, 38.6127937], [-28.6521496, 38.6127583], [-28.6522413, 38.6127142], [-28.6523335, 38.6126785], [-28.652403, 38.6126627], [-28.6524949, 38.6126557], [-28.6525677, 38.6126607], [-28.6526368, 38.6126738]]}, "properties": {"highway": "primary", "lanes": "2", "lanes:backward": "1", "lanes:forward": "1", "lit": "yes", "name": "Estrada Regional 1-1", "ref": "ER 1-1\u00aa", "sidewalk": "no", "smoothness": "good", "surface": "asphalt", "width": "6.5"}}, {"type": "Feature", "geometry": {"type": "LineString", "coordinates": [[-28.6419597, 38.6072551], [-28.6422668, 38.6073095]]}, "properties": {"bridge": "yes", "construction_date": "1938", "highway": "primary", "lanes": "2", "lanes:backward": "1", "lanes:forward": "1", "layer": "1", "name": "Estrada Regional 1-1", "ref": "ER 1-1\u00aa", "sidewalk": "no", "smoothness": "excellent", "surface": "asphalt", "width": "6"}}, {"type": "Feature", "geometry": {"type": "LineString", "coordinates": [[-28.6266311, 38.5325304], [-28.6265934, 38.5329126]]}, "properties": {"highway": "primary", "lanes": "2", "lanes:backward": "1", "lanes:forward": "1", "name": "Pra\u00e7a Infante Dom Henrique", "name:etymology": "Infante Dom Henrique de Avis", "name:etymology:wikidata": "Q182897", "name:etymology:wikipedia": "pt:Infante Dom Henrique", "name:pt": "Pra\u00e7a Infante Dom Henrique", "ref": "ER 1-1\u00aa", "smoothness": "intermediate", "surface": "sett"}}, {"type": "Feature", "geometry": {"type": "LineString", "coordinates": [[-28.6265308, 38.5289695], [-28.626535, 38.5289833], [-28.6265568, 38.5290547], [-28.626578, 38.5291243], [-28.6265893, 38.5291788]]}, "properties": {"check_date:smoothness": "2024-06-07", "highway": "primary", "lanes": "1", "name": "Rua Jos\u00e9 Azevedo (Peter)", "name:pt": "Rua Jos\u00e9 Azevedo (Peter)", "old_name": "Rua Tenente Valadim", "oneway": "yes", "ref": "ER 1-1\u00aa", "sidewalk": "left", "sidewalk:left:surface": "sett", "smoothness": "intermediate", "surface": "sett"}}, {"type": "Feature", "geometry": {"type": "LineString", "coordinates": [[-25.264157, 37.8471916], [-25.2642494, 37.847322]]}, "properties": {"highway": "primary", "lanes": "1", "oneway": "yes", "ref": "ER 1-1\u00aa", "surface": "asphalt"}}, {"type": "Feature", "geometry": {"type": "LineString", "coordinates": [[-25.2643597, 37.8472009], [-25.264157, 37.8471916]]}, "properties": {"highway": "primary", "lanes": "1", "oneway": "yes", "ref": "ER 1-1\u00aa", "surface": "asphalt"}}, {"type": "Feature", "geometry": {"type": "LineString", "coordinates": [[-28.6164164, 38.5480404], [-28.6165597, 38.5481298], [-28.6166778, 38.5481948], [-28.6167603, 38.5482299], [-28.6168461, 38.5482599], [-28.6169547, 38.5482892], [-28.6176896, 38.548457], [-28.6178143, 38.5484759], [-28.6180973, 38.5485084], [-28.6183134, 38.5485256]]}, "properties": {"highway": "primary", "lanes": "2", "lanes:backward": "1", "lanes:forward": "1", "maxspeed": "50", "name": "Estrada 1\u00ba de Maio", "name:etymology": "Dia do Trabalhador", "name:etymology:wikidata": "Q47499", "name:etymology:wikipedia": "pt:Dia do Trabalhador", "name:pt": "Estrada 1\u00ba de Maio", "ref": "ER 1-1\u00aa", "sidewalk": "no", "smoothness": "good", "source:maxspeed": "sign", "surface": "asphalt", "width": "7"}}, {"type": "Feature", "geometry": {"type": "LineString", "coordinates": [[-28.6258171, 38.5369682], [-28.6256968, 38.5371797], [-28.6255838, 38.537362], [-28.6253837, 38.5376649], [-28.6253081, 38.5377814], [-28.6251509, 38.5380114], [-28.6250013, 38.5382025], [-28.624859, 38.5383794], [-28.624835, 38.5384067]]}, "properties": {"highway": "primary", "lanes": "2", "lanes:backward": "1", "lanes:forward": "1", "lit": "yes", "name": "Avenida 25 de Abril", "name:etymology": "Revolu\u00e7\u00e3o de 25 de Abril", "name:etymology:wikidata": "Q193245", "name:etymology:wikipedia": "pt:Revolu\u00e7\u00e3o de 25 de Abril de 1974", "name:pt": "Avenida 25 de Abril", "parking:lane:both": "parallel", "ref": "ER 1-1\u00aa", "sidewalk": "left", "smoothness": "good", "surface": "concrete", "width": "9.5"}}, {"type": "Feature", "geometry": {"type": "LineString", "coordinates": [[-28.615546, 38.5441496], [-28.6153003, 38.5441833], [-28.6151635, 38.5442058], [-28.6150346, 38.5442348], [-28.6149258, 38.5442713], [-28.6148196, 38.544316], [-28.6147463, 38.5443546], [-28.6146265, 38.5444247], [-28.6141729, 38.5446931], [-28.614017, 38.5447826], [-28.6139394, 38.5448187], [-28.6138303, 38.5448534], [-28.6137496, 38.5448643], [-28.6136623, 38.5448734], [-28.6135545, 38.5448762], [-28.6134628, 38.5448685], [-28.6133158, 38.5448399], [-28.6116758, 38.5444512], [-28.6115323, 38.5444251], [-28.6114173, 38.5444125], [-28.6113253, 38.5444109], [-28.6111764, 38.5444173], [-28.6110412, 38.5444343], [-28.6108208, 38.5444808], [-28.609348, 38.5448121], [-28.6078023, 38.5451682], [-28.6077316, 38.5451886], [-28.6076543, 38.5452314], [-28.6075861, 38.5452858], [-28.6075393, 38.5453497], [-28.6075158, 38.545409], [-28.6075083, 38.5454651], [-28.6075084, 38.5455056], [-28.607516, 38.5455485], [-28.6075291, 38.5456002], [-28.6075527, 38.5456485], [-28.6075854, 38.5456974], [-28.60762, 38.5457371], [-28.607658, 38.5457693], [-28.6077116, 38.5458002], [-28.6077668, 38.5458225], [-28.6078253, 38.5458425], [-28.6085523, 38.5460524], [-28.6091115, 38.5462139], [-28.6092191, 38.546245], [-28.6096556, 38.5463729], [-28.6098346, 38.5464253], [-28.6106986, 38.5466485], [-28.611713, 38.5469105], [-28.6122112, 38.5470403], [-28.6123147, 38.5470662], [-28.612428, 38.5470891], [-28.6125287, 38.5471041], [-28.6127165, 38.5471227], [-28.6128743, 38.5471325], [-28.612942, 38.547134], [-28.6130687, 38.5471346], [-28.6135164, 38.5471307], [-28.6136456, 38.5471323], [-28.6137813, 38.5471436], [-28.6138968, 38.5471569], [-28.6139982, 38.5471799], [-28.6141538, 38.5472138], [-28.6143757, 38.5472844]]}, "properties": {"destination:forward": "Caldeira;Praia do Almoxarife;Parque de Campismo;Misadouro da Espalamaca", "highway": "primary", "lanes": "2", "maxspeed": "90", "name": "Estrada 1\u00ba de Maio", "name:etymology": "Dia do Trabalhador", "name:etymology:wikidata": "Q47499", "name:etymology:wikipedia": "pt:Dia do Trabalhador", "name:pt": "Estrada 1\u00ba de Maio", "ref": "ER 1-1\u00aa", "sidewalk": "no", "smoothness": "good", "source:maxspeed": "PT:rural", "surface": "asphalt", "width": "7"}}, {"type": "Feature", "geometry": {"type": "LineString", "coordinates": [[-28.6328729, 38.5250665], [-28.6328786, 38.5250583], [-28.6328864, 38.5250317], [-28.6328846, 38.5250044], [-28.6328734, 38.5249785], [-28.6328536, 38.524956], [-28.6328268, 38.5249385]]}, "properties": {"highway": "primary", "junction": "roundabout", "lanes": "1", "ref": "ER 1-1\u00aa", "smoothness": "excellent", "surface": "asphalt"}}, {"type": "Feature", "geometry": {"type": "LineString", "coordinates": [[-28.6705437, 38.5242142], [-28.6705301, 38.5242628], [-28.6705309, 38.5243046], [-28.6705467, 38.5243444], [-28.6705762, 38.5243792]]}, "properties": {"highway": "trunk", "junction": "roundabout", "lanes": "2", "name": "Estrada Variante", "ref": "ER 1-1\u00aa", "smoothness": "good", "surface": "asphalt"}}, {"type": "Feature", "geometry": {"type": "LineString", "coordinates": [[-28.7875712, 38.5871614], [-28.7874191, 38.5874828], [-28.7871073, 38.588127], [-28.7868069, 38.5887615], [-28.7867492, 38.5888789], [-28.7867104, 38.5889397], [-28.7866272, 38.5890456], [-28.7865481, 38.5891232], [-28.7864059, 38.589229], [-28.786296, 38.589293], [-28.7861887, 38.5893391], [-28.7860874, 38.5893685], [-28.7854336, 38.5895383], [-28.7851426, 38.5896106], [-28.7847751, 38.5897291], [-28.7845351, 38.5898161], [-28.7842454, 38.5899293], [-28.7834623, 38.5902298], [-28.78328, 38.5903048], [-28.783154, 38.5903614], [-28.7830252, 38.5904474], [-28.7829583, 38.590504], [-28.782906, 38.5905721], [-28.782867, 38.5906465], [-28.782823, 38.5907546], [-28.7827481, 38.5909732], [-28.7823954, 38.5920022], [-28.7823507, 38.5921035], [-28.7823226, 38.5921633], [-28.782281, 38.5922282], [-28.7822273, 38.5922911], [-28.7821563, 38.5923363], [-28.7820839, 38.5923708], [-28.7820078, 38.5923968], [-28.7813206, 38.5926214], [-28.7811879, 38.5926581], [-28.7810632, 38.5926759], [-28.7809184, 38.5926895], [-28.7803575, 38.5927207], [-28.7802402, 38.5927331], [-28.7801359, 38.5927509], [-28.7800466, 38.5927723], [-28.779967, 38.5928041], [-28.7798885, 38.5928402], [-28.7797796, 38.5928965], [-28.7762039, 38.5951199], [-28.7750605, 38.5958309], [-28.7749837, 38.5958774], [-28.7749131, 38.595916], [-28.7748475, 38.5959486], [-28.7747865, 38.5959721], [-28.7747208, 38.5959928], [-28.7746435, 38.5960114], [-28.7745634, 38.5960269], [-28.7744851, 38.5960379], [-28.7743835, 38.5960447], [-28.7738378, 38.5960621], [-28.7736308, 38.596074], [-28.7734493, 38.5960946], [-28.7732509, 38.59614], [-28.7729094, 38.596237], [-28.77273, 38.5962919], [-28.7725607, 38.5963502], [-28.7723584, 38.5964305], [-28.7711082, 38.5969492], [-28.7708614, 38.5970415], [-28.770675, 38.5970939], [-28.770502, 38.5971348], [-28.7698475, 38.5972595], [-28.769696, 38.5972856], [-28.7693604, 38.5973496], [-28.7691958, 38.597379], [-28.7690657, 38.5973937], [-28.7689574, 38.5974023], [-28.7686726, 38.5973972], [-28.7685868, 38.597389], [-28.7685116, 38.5973784], [-28.7684182, 38.597361], [-28.7683449, 38.5973478], [-28.7681783, 38.597335], [-28.7679883, 38.5973306], [-28.7677988, 38.5973441], [-28.7676469, 38.5973665], [-28.767482, 38.5973989], [-28.7673483, 38.5974393], [-28.767241, 38.5974774], [-28.7671481, 38.5975178], [-28.7665171, 38.5978275], [-28.7658439, 38.598175], [-28.7656941, 38.5982469], [-28.7655735, 38.5983024], [-28.7654863, 38.5983359], [-28.7654018, 38.5983548], [-28.7653289, 38.5983626], [-28.7652597, 38.5983643], [-28.7651644, 38.5983624], [-28.7649219, 38.5983507], [-28.7646764, 38.598339], [-28.7644161, 38.5983265]]}, "properties": {"destination:backward": "Horta;Varadouro", "highway": "primary", "lanes": "2", "lanes:backward": "1", "lanes:forward": "1", "name": "Estrada Regional 1-1", "ref": "ER 1-1\u00aa", "smoothness": "excellent", "surface": "asphalt"}}, {"type": "Feature", "geometry": {"type": "LineString", "coordinates": [[-28.7304466, 38.6158432], [-28.7302102, 38.6156968], [-28.7301711, 38.615672], [-28.7301302, 38.6156402], [-28.7300975, 38.6156079], [-28.7300746, 38.6155785], [-28.7300569, 38.6155561], [-28.7300416, 38.615531], [-28.7300262, 38.6154995], [-28.7300101, 38.6154523], [-28.7300055, 38.6154036], [-28.7300048, 38.6153245], [-28.7300259, 38.6152142]]}, "properties": {"highway": "primary", "lanes": "2", "lanes:backward": "1", "lanes:forward": "1", "lit": "yes", "name": "Estrada Regional 1-1", "ref": "ER 1-1\u00aa", "sidewalk": "no", "smoothness": "excellent", "surface": "asphalt", "width": "6.5"}}, {"type": "Feature", "geometry": {"type": "LineString", "coordinates": [[-28.764127, 38.5983126], [-28.7644161, 38.5983265]]}, "properties": {"destination:forward": "Horta;Varadouro", "highway": "primary", "lanes": "2", "lanes:backward": "1", "lanes:forward": "1", "name": "Estrada Regional 1-1", "ref": "ER 1-1\u00aa", "smoothness": "excellent", "surface": "asphalt"}}, {"type": "Feature", "geometry": {"type": "LineString", "coordinates": [[-28.6403429, 38.5253782], [-28.6399372, 38.5255199]]}, "properties": {"destination:forward": "Horta;Porto", "highway": "primary", "lanes": "2", "lanes:backward": "1", "lanes:forward": "1", "name": "Rua do Pasteleiro", "ref": "ER 1-1\u00aa", "smoothness": "good", "surface": "asphalt"}}, {"type": "Feature", "geometry": {"type": "LineString", "coordinates": [[-28.6326553, 38.5249661], [-28.6326376, 38.5249951], [-28.6326326, 38.5250269], [-28.6326408, 38.5250584], [-28.6326613, 38.5250861], [-28.6326921, 38.5251074], [-28.6327135, 38.5251173]]}, "properties": {"highway": "primary", "junction": "roundabout", "lanes": "1", "ref": "ER 1-1\u00aa", "smoothness": "excellent", "surface": "asphalt"}}, {"type": "Feature", "geometry": {"type": "LineString", "coordinates": [[-28.6201577, 38.5488409], [-28.6201908, 38.5488271], [-28.6202174, 38.5488064], [-28.620235, 38.5487806]]}, "properties": {"highway": "primary", "junction": "roundabout", "lanes": "1", "name": "Estrada Regional 1-1", "ref": "ER 1-1\u00aa", "sidewalk": "no", "smoothness": "good", "surface": "asphalt", "width": "6.5"}}, {"type": "Feature", "geometry": {"type": "LineString", "coordinates": [[-28.6183736, 38.5747996], [-28.6183103, 38.5748836], [-28.6181882, 38.575011], [-28.6181439, 38.575055], [-28.6180409, 38.5751474], [-28.6177849, 38.5754104], [-28.6177624, 38.5754335]]}, "properties": {"highway": "primary", "lanes": "2", "lanes:backward": "1", "lanes:forward": "1", "lit": "yes", "maxspeed": "50", "name": "Estrada Regional 1-1", "ref": "ER 1-1\u00aa", "sidewalk": "no", "smoothness": "good", "source:maxspeed": "PT:urban", "surface": "asphalt", "width": "6"}}, {"type": "Feature", "geometry": {"type": "LineString", "coordinates": [[-28.6188673, 38.5738577], [-28.6187567, 38.5739698], [-28.6187301, 38.5739968], [-28.618666, 38.5740628], [-28.6185736, 38.5741569], [-28.6185332, 38.5742092], [-28.6185057, 38.5742594], [-28.6184878, 38.5743025], [-28.6184696, 38.5743594], [-28.6184453, 38.5744966], [-28.6184391, 38.5745451], [-28.6184017, 38.574726], [-28.6183818, 38.5747828], [-28.6183736, 38.5747996]]}, "properties": {"highway": "primary", "lanes": "2", "lanes:backward": "1", "lanes:forward": "1", "lit": "yes", "maxspeed": "50", "name": "Estrada Regional 1-1", "ref": "ER 1-1\u00aa", "sidewalk": "left", "smoothness": "good", "source:maxspeed": "PT:urban", "surface": "asphalt", "width": "6"}}, {"type": "Feature", "geometry": {"type": "LineString", "coordinates": [[-28.6224076, 38.561298], [-28.622093, 38.5614192], [-28.6218423, 38.5615143], [-28.6216179, 38.5615894], [-28.6214013, 38.5616576], [-28.6207867, 38.5618262], [-28.6206484, 38.5618641], [-28.6204288, 38.5619295], [-28.6201822, 38.5620067], [-28.6197317, 38.5621762], [-28.6193391, 38.562327], [-28.6189734, 38.5624778], [-28.6188765, 38.5625264], [-28.6188023, 38.5625761], [-28.618742, 38.5626348], [-28.618687, 38.562703], [-28.6186428, 38.5627711], [-28.61862, 38.5628352], [-28.618608, 38.5628897], [-28.6186039, 38.562936], [-28.6186066, 38.5629949], [-28.6186187, 38.5630554], [-28.6186334, 38.5631117], [-28.6186481, 38.5631545], [-28.6186937, 38.563262], [-28.6187527, 38.5633794]]}, "properties": {"highway": "primary", "lanes": "2", "lanes:backward": "1", "lanes:forward": "1", "lit": "yes", "maxspeed": "90", "name": "Estrada Regional 1-1", "ref": "ER 1-1\u00aa", "sidewalk": "no", "smoothness": "good", "source:maxspeed": "PT:rural", "surface": "asphalt", "width": "6"}}, {"type": "Feature", "geometry": {"type": "LineString", "coordinates": [[-28.6299012, 38.5582963], [-28.6294944, 38.5584614], [-28.6289606, 38.5586761], [-28.6284154, 38.5588871], [-28.6283511, 38.5589117], [-28.628112, 38.559009], [-28.6277129, 38.559173], [-28.6272927, 38.5593438], [-28.6272071, 38.5593787], [-28.6269715, 38.5594744], [-28.6267653, 38.5595583], [-28.6266941, 38.5595873]]}, "properties": {"highway": "primary", "lanes": "2", "lanes:backward": "1", "lanes:forward": "1", "lit": "yes", "maxspeed": "50", "name": "Estrada Regional 1-1", "ref": "ER 1-1\u00aa", "sidewalk": "no", "smoothness": "excellent", "source:maxspeed": "PT:urban", "surface": "asphalt", "width": "6"}}, {"type": "Feature", "geometry": {"type": "LineString", "coordinates": [[-28.6200626, 38.548656], [-28.620029, 38.5486733], [-28.620004, 38.5486979], [-28.61999, 38.5487273], [-28.6199926, 38.5487585]]}, "properties": {"highway": "primary", "junction": "roundabout", "lanes": "1", "name": "Estrada Regional 1-1", "ref": "ER 1-1\u00aa", "sidewalk": "no", "smoothness": "good", "surface": "asphalt", "width": "6.5"}}, {"type": "Feature", "geometry": {"type": "LineString", "coordinates": [[-28.6200312, 38.5488221], [-28.6200696, 38.5488401], [-28.6201136, 38.5488467], [-28.6201577, 38.5488409]]}, "properties": {"highway": "primary", "junction": "roundabout", "lanes": "1", "name": "Estrada Regional 1-1", "ref": "ER 1-1\u00aa", "sidewalk": "no", "smoothness": "good", "surface": "asphalt", "width": "6.5"}}, {"type": "Feature", "geometry": {"type": "LineString", "coordinates": [[-28.6298925, 38.6023599], [-28.6312857, 38.6028996], [-28.6314441, 38.6029717], [-28.632144, 38.6033012], [-28.6324628, 38.6034503], [-28.6327411, 38.6035804], [-28.6330483, 38.6037269], [-28.6330846, 38.6037524], [-28.6331092, 38.603776], [-28.6331298, 38.6038012], [-28.6331487, 38.6038329], [-28.6333554, 38.604248], [-28.6334047, 38.6043098], [-28.6334605, 38.6043561], [-28.6335067, 38.6043868], [-28.6335693, 38.6044176], [-28.6336384, 38.6044487], [-28.6341264, 38.6046292], [-28.6347096, 38.604838], [-28.6348262, 38.6048768], [-28.6352815, 38.6050149], [-28.6353707, 38.6050499], [-28.6354511, 38.605094], [-28.6355611, 38.6051599], [-28.6358615, 38.6053643], [-28.6359393, 38.6054109], [-28.6360111, 38.6054462], [-28.6360774, 38.605475], [-28.6361519, 38.6055022], [-28.6364942, 38.6056137], [-28.6366923, 38.6056798], [-28.636758, 38.6057055], [-28.6367916, 38.6057223], [-28.6368432, 38.60576], [-28.636874, 38.6057857], [-28.6371671, 38.6060403], [-28.6371957, 38.6060651], [-28.6372506, 38.6061032], [-28.6373104, 38.60614], [-28.6373825, 38.6061741], [-28.6374854, 38.6062162], [-28.6375669, 38.6062457], [-28.6385322, 38.6065482], [-28.638595, 38.6065699], [-28.6387209, 38.6066253], [-28.63875, 38.6066389], [-28.638896, 38.6067056], [-28.6390003, 38.6067486], [-28.6390212, 38.6067572], [-28.6391202, 38.606793], [-28.6392879, 38.6068473], [-28.6394261, 38.6068839], [-28.6395356, 38.6069079], [-28.6396603, 38.6069207], [-28.6398694, 38.6069283], [-28.6400833, 38.6069383], [-28.6402492, 38.6069539], [-28.6404397, 38.6069765], [-28.6406407, 38.6070105], [-28.6410619, 38.6070941], [-28.6419597, 38.6072551]]}, "properties": {"highway": "primary", "lanes": "2", "lanes:backward": "1", "lanes:forward": "1", "name": "Estrada Regional 1-1", "ref": "ER 1-1\u00aa", "sidewalk": "no", "smoothness": "good", "surface": "asphalt", "width": "6"}}, {"type": "Feature", "geometry": {"type": "LineString", "coordinates": [[-28.6643568, 38.6205813], [-28.664453, 38.620633], [-28.6646356, 38.6207372], [-28.6646626, 38.6207526], [-28.665043, 38.6209622], [-28.6655119, 38.6212145], [-28.6660009, 38.6214817]]}, "properties": {"highway": "primary", "lanes": "2", "lanes:backward": "1", "lanes:forward": "1", "lit": "yes", "maxspeed": "50", "name": "Estrada Regional 1-1", "ref": "ER 1-1\u00aa", "sidewalk": "no", "smoothness": "excellent", "source:maxspeed": "PT:urban", "surface": "asphalt", "width": "6.5"}}, {"type": "Feature", "geometry": {"type": "LineString", "coordinates": [[-28.7203847, 38.6292989], [-28.720401, 38.6292576], [-28.7204212, 38.6292243], [-28.7204489, 38.6291894], [-28.7204851, 38.6291603], [-28.7205202, 38.629137], [-28.7205596, 38.6291179], [-28.7206128, 38.6290987], [-28.7206703, 38.6290863], [-28.7207277, 38.6290821], [-28.7207991, 38.6290804], [-28.7209417, 38.6290796], [-28.721063, 38.6290796], [-28.721145, 38.6290829], [-28.7212078, 38.6290871], [-28.7212695, 38.6290971], [-28.7213462, 38.6291179], [-28.7214132, 38.6291403], [-28.7215335, 38.629196], [-28.7217273, 38.6293075], [-28.72182, 38.6293678], [-28.7218711, 38.6293994], [-28.7219456, 38.6294418], [-28.7220159, 38.6294709], [-28.7220893, 38.6294967], [-28.7221617, 38.62951], [-28.7222469, 38.6295191], [-28.7223203, 38.6295199], [-28.7223938, 38.6295141], [-28.722464, 38.6295025], [-28.7225215, 38.6294892], [-28.7225981, 38.6294659], [-28.7226284, 38.6294551], [-28.7226471, 38.6294484], [-28.7226918, 38.6294243], [-28.7227344, 38.6293985], [-28.722777, 38.6293661], [-28.7228217, 38.6293237], [-28.7228547, 38.6292813], [-28.7228802, 38.6292414], [-28.722927, 38.6291616], [-28.7229749, 38.6290767], [-28.7230582, 38.6289267], [-28.7231808, 38.6286787], [-28.7235282, 38.6279821], [-28.7236127, 38.6278323], [-28.723665, 38.6277579], [-28.7237214, 38.627694], [-28.7237965, 38.6276322], [-28.7238783, 38.6275787], [-28.7239788, 38.6275253], [-28.724113, 38.6274729], [-28.7243417, 38.6274124], [-28.7244045, 38.6274003], [-28.7247174, 38.6273413], [-28.7248792, 38.6273097], [-28.7249622, 38.6272889], [-28.7250208, 38.6272706], [-28.7250698, 38.6272473], [-28.7251145, 38.6272215], [-28.7251602, 38.6271841], [-28.7251836, 38.6271633], [-28.7252071, 38.6271384], [-28.7252603, 38.627076], [-28.7256644, 38.6265434], [-28.72588, 38.6262581], [-28.7258977, 38.6262348], [-28.7263823, 38.6256028], [-28.7265079, 38.6254503], [-28.7265968, 38.6253563], [-28.7266979, 38.6252615], [-28.726782, 38.6251928], [-28.7268406, 38.6251477], [-28.7269206, 38.6250921], [-28.7270006, 38.6250441], [-28.7271065, 38.6249853], [-28.7272057, 38.624934], [-28.7274068, 38.6248438], [-28.728079, 38.6245527], [-28.7281933, 38.6244968], [-28.7283167, 38.6244303], [-28.7284423, 38.6243532], [-28.7285936, 38.6242483], [-28.728687, 38.6241818], [-28.728796, 38.6240949], [-28.7289326, 38.6239734], [-28.7290624, 38.6238411], [-28.7292104, 38.6236748], [-28.7297749, 38.622989]]}, "properties": {"highway": "primary", "lanes": "2", "lanes:backward": "1", "lanes:forward": "1", "name": "Estrada Regional 1-1", "ref": "ER 1-1\u00aa", "sidewalk": "no", "smoothness": "excellent", "surface": "asphalt", "width": "6.5"}}, {"type": "Feature", "geometry": {"type": "LineString", "coordinates": [[-28.7203703, 38.6294985], [-28.7203847, 38.6292989]]}, "properties": {"bridge": "yes", "highway": "primary", "lanes": "2", "lanes:backward": "1", "lanes:forward": "1", "layer": "1", "maxspeed": "50", "name": "Estrada Regional 1-1", "ref": "ER 1-1\u00aa", "sidewalk": "no", "smoothness": "excellent", "source:maxspeed": "PT:urban", "surface": "asphalt", "width": "6.5"}}, {"type": "Feature", "geometry": {"type": "LineString", "coordinates": [[-28.6740317, 38.6281366], [-28.67414, 38.6281871], [-28.674244, 38.6282349], [-28.6743311, 38.6282717], [-28.6744478, 38.6283174], [-28.6745098, 38.6283401], [-28.6745537, 38.6283562], [-28.675163, 38.6285706], [-28.675389, 38.6286527], [-28.6755218, 38.6287023], [-28.6756248, 38.6287486], [-28.6756736, 38.6287732], [-28.6757133, 38.6287966], [-28.6757425, 38.6288168], [-28.6758103, 38.6288722], [-28.6758945, 38.6289453], [-28.6759509, 38.6289901], [-28.6759877, 38.6290148], [-28.6760381, 38.6290422], [-28.6761301, 38.6290854], [-28.6763203, 38.6291596], [-28.676479, 38.6292136], [-28.6765159, 38.6292262], [-28.6766123, 38.6292615], [-28.6766456, 38.6292799], [-28.6766831, 38.629304], [-28.6767084, 38.6293224], [-28.6767448, 38.6293527], [-28.6767757, 38.6293836], [-28.6768025, 38.629414], [-28.6768255, 38.6294544], [-28.6768531, 38.6295024], [-28.6769174, 38.629628], [-28.6770227, 38.6298401], [-28.6771172, 38.6300298], [-28.6772665, 38.6303079], [-28.6772973, 38.6303623], [-28.6773357, 38.6304197], [-28.6773767, 38.6304765], [-28.6774938, 38.6306164], [-28.6775166, 38.6306423], [-28.6775301, 38.6306576], [-28.6775701, 38.630703], [-28.677717, 38.6308699], [-28.6779612, 38.6311375], [-28.6781276, 38.6313161], [-28.6781688, 38.6313506], [-28.6782037, 38.6313742], [-28.6782466, 38.6314004], [-28.6782884, 38.6314201], [-28.6783479, 38.6314412], [-28.6784505, 38.6314789], [-28.6785624, 38.6315104], [-28.6791033, 38.6316511], [-28.6794007, 38.6317307], [-28.679473, 38.6317553], [-28.6795146, 38.6317717], [-28.6795421, 38.6317891], [-28.6795917, 38.6318215], [-28.6797786, 38.6319725], [-28.6798821, 38.6320342], [-28.6799531, 38.6320619], [-28.6800269, 38.632084], [-28.680092, 38.6320921], [-28.6801543, 38.6320981], [-28.6802336, 38.6320912], [-28.6802634, 38.6320882], [-28.6803568, 38.6320787], [-28.6804621, 38.6320756], [-28.6805312, 38.6320809], [-28.6806029, 38.632095], [-28.6806512, 38.6321122], [-28.6807203, 38.6321426], [-28.680765, 38.6321685], [-28.6808222, 38.6322049], [-28.6808593, 38.632237], [-28.680896, 38.6322784], [-28.6809416, 38.6323377], [-28.6809867, 38.6324228], [-28.6810203, 38.6324949], [-28.6811582, 38.632827], [-28.681177, 38.6328725], [-28.6812075, 38.6329262], [-28.6812386, 38.6329771], [-28.6812684, 38.6330181], [-28.6812899, 38.6330433], [-28.6813302, 38.6330887], [-28.6813826, 38.6331362], [-28.6814329, 38.6331768], [-28.6814814, 38.6332139], [-28.6819632, 38.6335767], [-28.6823372, 38.6338584], [-28.6823952, 38.6338846]]}, "properties": {"highway": "primary", "lanes": "2", "lanes:backward": "1", "lanes:forward": "1", "name": "Estrada Regional 1-1", "ref": "ER 1-1\u00aa", "sidewalk": "no", "smoothness": "excellent", "surface": "asphalt", "width": "6.5"}}, {"type": "Feature", "geometry": {"type": "LineString", "coordinates": [[-28.6265993, 38.529228], [-28.6266241, 38.5293498], [-28.6266385, 38.5294077], [-28.626665, 38.5295248], [-28.6267043, 38.5296994], [-28.6267421, 38.5298695], [-28.6267893, 38.5300452], [-28.6268065, 38.5300983], [-28.6268396, 38.5302185]]}, "properties": {"highway": "primary", "lanes": "1", "lit": "yes", "maxspeed:type": "PT:urban", "name": "Rua Jos\u00e9 Azevedo (Peter)", "name:pt": "Rua Jos\u00e9 Azevedo (Peter)", "old_name": "Rua Tenente Valadim", "oneway": "yes", "parking:lane:right": "diagonal", "ref": "ER 1-1\u00aa", "sidewalk": "left", "sidewalk:left:surface": "sett", "smoothness": "intermediate", "surface": "sett"}}, {"type": "Feature", "geometry": {"type": "LineString", "coordinates": [[-28.620235, 38.5487806], [-28.6202425, 38.5487458], [-28.620234, 38.5487111], [-28.6202106, 38.548681], [-28.6201753, 38.548659]]}, "properties": {"highway": "primary", "junction": "roundabout", "lanes": "1", "name": "Estrada Regional 1-1", "ref": "ER 1-1\u00aa", "sidewalk": "no", "smoothness": "good", "surface": "asphalt", "width": "6.5"}}, {"type": "Feature", "geometry": {"type": "LineString", "coordinates": [[-28.6201753, 38.548659], [-28.6201194, 38.5486473], [-28.6200626, 38.548656]]}, "properties": {"highway": "primary", "junction": "roundabout", "lanes": "1", "name": "Estrada Regional 1-1", "ref": "ER 1-1\u00aa", "sidewalk": "no", "smoothness": "good", "surface": "asphalt", "width": "6.5"}}, {"type": "Feature", "geometry": {"type": "LineString", "coordinates": [[-25.3251011, 37.7655004], [-25.3249186, 37.7655137], [-25.3247405, 37.7655334], [-25.3245136, 37.765571], [-25.3239733, 37.7656962], [-25.3237789, 37.7657512], [-25.3236373, 37.7658473], [-25.323536, 37.7659484], [-25.3234747, 37.7660493], [-25.3233621, 37.7663511], [-25.3232759, 37.766572], [-25.3231866, 37.7668431], [-25.323119, 37.7669535], [-25.3229915, 37.7670871], [-25.3229109, 37.7671483], [-25.3227675, 37.767205], [-25.3225406, 37.7672543], [-25.3222579, 37.7672884], [-25.3217892, 37.7673291], [-25.3214941, 37.7673355], [-25.3214313, 37.7673369], [-25.3212513, 37.7673163], [-25.3211367, 37.7672609], [-25.3209913, 37.7671227], [-25.3207935, 37.766942], [-25.3206606, 37.7669014], [-25.3205172, 37.7669055], [-25.320373, 37.7669216], [-25.3202651, 37.7669614], [-25.3201856, 37.7670268], [-25.3201487, 37.7671165], [-25.3201463, 37.7672393], [-25.3201764, 37.7673932], [-25.3201979, 37.767528], [-25.3201996, 37.767668], [-25.3202063, 37.7681278], [-25.3202274, 37.7682425], [-25.3202904, 37.7683723], [-25.3205842, 37.7688405], [-25.3207988, 37.7692645], [-25.3208739, 37.7694739], [-25.3209232, 37.7697242], [-25.3209723, 37.7698988], [-25.3209785, 37.7699493], [-25.3210214, 37.7700213], [-25.3211125, 37.7700956], [-25.3212343, 37.7701249], [-25.3215234, 37.7701548], [-25.3216488, 37.7701985], [-25.3217551, 37.7703227], [-25.3217668, 37.7704402], [-25.3217163, 37.7705366], [-25.3216275, 37.7705919], [-25.3212449, 37.7707046], [-25.3210023, 37.7707505], [-25.3208607, 37.7707476], [-25.3207213, 37.770717], [-25.3206029, 37.7706492], [-25.3205386, 37.7705551], [-25.3205118, 37.7704378], [-25.320449, 37.7701375], [-25.320375, 37.7700223], [-25.3202627, 37.7699535], [-25.3201025, 37.7699256], [-25.319975, 37.7699404], [-25.3198365, 37.7699958], [-25.3196846, 37.7701051], [-25.3195341, 37.770301], [-25.3194627, 37.7703818], [-25.319384, 37.770442], [-25.3191807, 37.7704929], [-25.3190201, 37.7705419], [-25.3188678, 37.7706272], [-25.3187957, 37.7706899], [-25.3187455, 37.7707698], [-25.3187276, 37.7709355]]}, "properties": {"highway": "primary", "lanes": "2", "maxspeed": "80", "ref": "ER 1-1\u00aa", "shoulder": "no", "sidewalk": "no", "smoothness": "intermediate", "surface": "asphalt", "width": "6"}}, {"type": "Feature", "geometry": {"type": "LineString", "coordinates": [[-25.3272444, 37.7643953], [-25.3268788, 37.764691], [-25.3266571, 37.7648476], [-25.3263831, 37.7650175], [-25.3260563, 37.7651863], [-25.325734, 37.765342], [-25.3254819, 37.7654353], [-25.3253156, 37.7654787], [-25.3251011, 37.7655004]]}, "properties": {"highway": "primary", "lanes": "2", "maxspeed": "80", "ref": "ER 1-1\u00aa", "shoulder": "no", "sidewalk": "no", "smoothness": "good", "surface": "asphalt", "width": "6"}}, {"type": "Feature", "geometry": {"type": "LineString", "coordinates": [[-25.3248374, 37.7578685], [-25.3248548, 37.7580011], [-25.3248757, 37.7582215], [-25.3249159, 37.7584696], [-25.324999, 37.7587462], [-25.3251458, 37.759095], [-25.3253189, 37.7593601], [-25.3258091, 37.759973], [-25.3262789, 37.7605332], [-25.326529, 37.7607942], [-25.3267238, 37.7609633], [-25.3269137, 37.7610915], [-25.3271956, 37.7612153], [-25.3274909, 37.7613026], [-25.3280364, 37.7614367]]}, "properties": {"highway": "primary", "lanes": "2", "lit": "no", "maxspeed": "50", "ref": "ER 1-1\u00aa", "sidewalk": "left", "sidewalk:left:smoothness": "bad", "sidewalk:left:surface": "fine_gravel", "smoothness": "intermediate", "source:maxspeed": "sign", "surface": "sett", "width": "6"}}, {"type": "Feature", "geometry": {"type": "LineString", "coordinates": [[-25.2709657, 37.7496004], [-25.2708959, 37.7496526], [-25.2707813, 37.7497108], [-25.2706665, 37.7497302], [-25.2705162, 37.7497143], [-25.2704068, 37.7496756], [-25.270254, 37.7495789], [-25.2700335, 37.7494464], [-25.2699208, 37.7493807], [-25.269758, 37.7493144], [-25.2695734, 37.7492795], [-25.2690707, 37.7492575], [-25.2689308, 37.7492777], [-25.2687994, 37.7493271], [-25.268657, 37.749431], [-25.2683747, 37.749706], [-25.2682692, 37.7497647], [-25.268153, 37.7497843], [-25.2680592, 37.7497673], [-25.2679646, 37.7497218], [-25.2678847, 37.7496535], [-25.2678158, 37.7495481], [-25.2674603, 37.749094], [-25.2671853, 37.7487501], [-25.2670883, 37.7486442]]}, "properties": {"highway": "primary", "lanes": "2", "maxspeed": "80", "ref": "ER 1-1\u00aa", "shoulder": "no", "sidewalk": "no", "surface": "asphalt", "width": "6"}}, {"type": "Feature", "geometry": {"type": "LineString", "coordinates": [[-25.2649616, 37.7485728], [-25.2648972, 37.748632], [-25.2648443, 37.7487134], [-25.2648166, 37.7487933], [-25.2647964, 37.7489057], [-25.264789, 37.7490342], [-25.2648087, 37.7492083], [-25.264964, 37.7499269], [-25.2650037, 37.7500369], [-25.2650579, 37.7501096], [-25.2651374, 37.7501667], [-25.2652731, 37.7502204], [-25.2654125, 37.7502558], [-25.2655214, 37.7502904], [-25.265611, 37.7503335], [-25.2656674, 37.7503868], [-25.2657023, 37.7504447], [-25.2657125, 37.7505037], [-25.2657075, 37.7505764], [-25.2656869, 37.7506436], [-25.2656551, 37.7506924], [-25.2655961, 37.7507493], [-25.2655183, 37.7507828], [-25.2654013, 37.7508019], [-25.265279, 37.7507988], [-25.2651706, 37.7507804], [-25.2650464, 37.7507416], [-25.2647824, 37.7505752], [-25.2646997, 37.7505136], [-25.264645, 37.7504614], [-25.2645881, 37.7503767], [-25.2645167, 37.750206], [-25.2643524, 37.7497932], [-25.2642725, 37.7495824], [-25.2642029, 37.7494821], [-25.2641151, 37.7494063], [-25.2639976, 37.7493379], [-25.2637374, 37.7492361], [-25.2632421, 37.7490672], [-25.2630807, 37.7490126], [-25.2629791, 37.7489918], [-25.2628818, 37.7489905], [-25.2627851, 37.7490077], [-25.2626904, 37.7490588], [-25.262634, 37.7491207], [-25.2625987, 37.7491954], [-25.2625838, 37.7492893], [-25.2626015, 37.7495351], [-25.2626176, 37.7499029], [-25.2626264, 37.7501053], [-25.2626261, 37.7502827], [-25.2626063, 37.750401], [-25.2625494, 37.7505289], [-25.262447, 37.7506363], [-25.2623357, 37.7507011], [-25.2621948, 37.7507497], [-25.2620767, 37.750761], [-25.2619658, 37.7507559], [-25.2618569, 37.7507314], [-25.2617684, 37.750695], [-25.2616752, 37.7506347], [-25.2615805, 37.7505422], [-25.2615099, 37.7503855], [-25.2613938, 37.7499611], [-25.2613535, 37.7498433], [-25.2612901, 37.749747], [-25.2611931, 37.7496581], [-25.2609583, 37.7494789], [-25.260866, 37.7494125], [-25.2606798, 37.749271], [-25.260548, 37.7491438], [-25.2604445, 37.7489957], [-25.2603477, 37.7488237], [-25.2601675, 37.7484829], [-25.2600975, 37.7483919], [-25.2600317, 37.7483303], [-25.2599424, 37.7482866], [-25.2598189, 37.7482543], [-25.25919, 37.7481543]]}, "properties": {"highway": "primary", "lanes": "2", "lit": "yes", "maxspeed": "50", "ref": "ER 1-1\u00aa", "shoulder": "no", "sidewalk": "no", "source:maxspeed": "PT:urban", "surface": "asphalt", "width": "6"}}, {"type": "Feature", "geometry": {"type": "LineString", "coordinates": [[-25.25919, 37.7481543], [-25.2588258, 37.7481023], [-25.2584108, 37.7480369], [-25.2582542, 37.7480213], [-25.2581273, 37.7480268], [-25.2580826, 37.7480338], [-25.2580245, 37.7480428], [-25.257922, 37.7480883], [-25.2578125, 37.7481746], [-25.2576922, 37.7483129], [-25.2576316, 37.7483921], [-25.2575815, 37.7484615], [-25.2575337, 37.7485453], [-25.2574978, 37.7486301], [-25.2574828, 37.7487245], [-25.2574854, 37.7488097], [-25.257497, 37.7488778], [-25.2575235, 37.7489692], [-25.2576037, 37.7491114], [-25.2577718, 37.7492437], [-25.2583645, 37.7495113], [-25.2584701, 37.7496273], [-25.2585101, 37.7497091], [-25.2585445, 37.7498417], [-25.2585826, 37.7501885], [-25.2586195, 37.7503614], [-25.2586686, 37.7505225], [-25.2587312, 37.750694]]}, "properties": {"highway": "primary", "lanes": "2", "lit": "yes", "maxspeed": "50", "ref": "ER 1-1\u00aa", "shoulder": "no", "sidewalk": "no", "source:maxspeed": "PT:urban", "surface": "asphalt", "width": "6"}}, {"type": "Feature", "geometry": {"type": "LineString", "coordinates": [[-25.2587312, 37.750694], [-25.2588146, 37.7509109], [-25.2588199, 37.7509313], [-25.2588463, 37.7510321], [-25.2588473, 37.7511321], [-25.2588194, 37.7512228], [-25.2587671, 37.7513084], [-25.2586938, 37.7513712], [-25.2586072, 37.7514188], [-25.2585041, 37.7514499], [-25.2583872, 37.7514622], [-25.2582477, 37.7514532], [-25.2581031, 37.7514185], [-25.2579672, 37.7513725], [-25.2576934, 37.7512688], [-25.2575548, 37.7512145], [-25.2573904, 37.7511738], [-25.2572296, 37.7511612], [-25.2570565, 37.7511714], [-25.2567601, 37.7512014], [-25.2565489, 37.7512225], [-25.2563417, 37.7512212], [-25.2561371, 37.751186], [-25.2559651, 37.7511181], [-25.2557129, 37.7509948], [-25.2555877, 37.7509601], [-25.2554413, 37.7509319], [-25.2553007, 37.7509166], [-25.255134, 37.7509127], [-25.2543061, 37.7508978], [-25.254152, 37.7508938], [-25.2540244, 37.7508763], [-25.2539034, 37.7508415], [-25.2537964, 37.7507945], [-25.2536991, 37.7507318], [-25.2534341, 37.7505], [-25.2530895, 37.7501734]]}, "properties": {"highway": "primary", "lanes": "2", "lit": "yes", "maxspeed": "50", "ref": "ER 1-1\u00aa", "shoulder": "no", "sidewalk": "no", "smoothness": "intermediate", "source:maxspeed": "PT:urban", "surface": "asphalt", "width": "6"}}, {"type": "Feature", "geometry": {"type": "LineString", "coordinates": [[-25.2530895, 37.7501734], [-25.2529693, 37.7500541], [-25.2529211, 37.7499938], [-25.2528899, 37.7499369], [-25.2528721, 37.7498785], [-25.2528734, 37.7498172], [-25.2528889, 37.7497589], [-25.2529258, 37.7496959], [-25.2529739, 37.7496505], [-25.2530527, 37.7495928], [-25.2532422, 37.7494858], [-25.2532835, 37.7494521], [-25.2533143, 37.7494201], [-25.2533489, 37.7493678], [-25.2533688, 37.749328], [-25.2533878, 37.7492652], [-25.253374, 37.7491798], [-25.2533493, 37.7491265], [-25.2533107, 37.7490754], [-25.2532681, 37.7490438], [-25.2532213, 37.749022], [-25.2531497, 37.7489905], [-25.2530893, 37.7489841], [-25.2529834, 37.7489887], [-25.2528724, 37.7490173], [-25.2527508, 37.749067], [-25.2524759, 37.7492166], [-25.2522031, 37.7493648], [-25.2520857, 37.7494222], [-25.2520124, 37.7494472], [-25.2519327, 37.7494665], [-25.2518499, 37.7494677], [-25.2517677, 37.7494564], [-25.2516961, 37.7494381], [-25.2516351, 37.7494134], [-25.251578, 37.7493793], [-25.2515391, 37.7493408], [-25.2514955, 37.7492804], [-25.2514576, 37.7491966], [-25.251418, 37.7490736], [-25.2513776, 37.7488988], [-25.2513153, 37.7486249], [-25.2512614, 37.748477], [-25.2511981, 37.7483399], [-25.2510809, 37.7481329], [-25.2509598, 37.7479356], [-25.2508916, 37.7478434], [-25.2508444, 37.7477971], [-25.2507695, 37.7477361], [-25.250683, 37.7476911]]}, "properties": {"highway": "primary", "lanes": "2", "lit": "yes", "maxspeed": "50", "oneway": "no", "ref": "ER 1-1\u00aa", "shoulder": "no", "sidewalk": "no", "smoothness": "intermediate", "source:maxspeed": "PT:urban", "surface": "asphalt", "width": "6"}}, {"type": "Feature", "geometry": {"type": "LineString", "coordinates": [[-25.2480341, 37.747257], [-25.2478313, 37.7472143], [-25.2468736, 37.747008], [-25.2466043, 37.7469604], [-25.2464654, 37.746934], [-25.2463714, 37.7469068], [-25.2462486, 37.7468391], [-25.2461816, 37.7467888], [-25.2461133, 37.7467281]]}, "properties": {"destination:backward": "Ponta Delgada;Furnas;Ribeira Quente;Lomba do Cavaleiro;Lomba do Carro;Lomba do Bot\u00e3o", "highway": "primary", "lanes": "2", "lit": "yes", "maxspeed": "40", "ref": "ER 1-1\u00aa", "shoulder": "no", "sidewalk": "no", "source:maxspeed": "sign", "surface": "asphalt", "width": "6"}}, {"type": "Feature", "geometry": {"type": "LineString", "coordinates": [[-25.3851633, 37.821567], [-25.3848297, 37.8217137], [-25.3847128, 37.8218027], [-25.3846425, 37.8219133], [-25.3846158, 37.822002], [-25.3846206, 37.8221121], [-25.3846677, 37.8222201], [-25.3852444, 37.8229502]]}, "properties": {"highway": "primary", "maxspeed": "80", "ref": "ER 1-1\u00aa", "sidewalk": "no", "surface": "asphalt", "width": "7"}}, {"type": "Feature", "geometry": {"type": "LineString", "coordinates": [[-25.3841236, 37.8243032], [-25.3840679, 37.824323], [-25.383779, 37.8244255], [-25.3832934, 37.8245955], [-25.3831743, 37.8246104], [-25.3830691, 37.82461], [-25.3829173, 37.824574], [-25.3827163, 37.824489], [-25.3825362, 37.824417], [-25.3823876, 37.8243931], [-25.3820574, 37.8244045], [-25.3818881, 37.8244346], [-25.3817513, 37.8244906], [-25.3816839, 37.8245425], [-25.381634, 37.8246277], [-25.381618, 37.8247643], [-25.3816792, 37.8255786]]}, "properties": {"highway": "primary", "ref": "ER 1-1\u00aa", "sidewalk": "no", "surface": "asphalt", "width": "7"}}, {"type": "Feature", "geometry": {"type": "LineString", "coordinates": [[-25.2505087, 37.7476237], [-25.2502094, 37.7475198]]}, "properties": {"bridge": "yes", "highway": "primary", "lanes": "2", "layer": "1", "lit": "yes", "maxspeed": "50", "ref": "ER 1-1\u00aa", "sidewalk": "no", "source:maxspeed": "PT:urban", "surface": "asphalt", "width": "6"}}, {"type": "Feature", "geometry": {"type": "LineString", "coordinates": [[-25.2499071, 37.7474053], [-25.2497811, 37.7473588], [-25.2496467, 37.7473223], [-25.2495183, 37.7473005], [-25.24929, 37.7472897], [-25.248925, 37.7472986], [-25.2486951, 37.7473165], [-25.2484814, 37.7473198], [-25.2482718, 37.7472999], [-25.2480341, 37.747257]]}, "properties": {"highway": "primary", "lanes": "2", "lit": "yes", "maxspeed": "40", "ref": "ER 1-1\u00aa", "shoulder": "no", "sidewalk": "no", "smoothness": "good", "source:maxspeed": "sign", "surface": "asphalt", "width": "6"}}, {"type": "Feature", "geometry": {"type": "LineString", "coordinates": [[-28.6707898, 38.5241441], [-28.6705935, 38.5240607], [-28.6704283, 38.5239946]]}, "properties": {"destination": "Horta;Lajinha", "hgv": "destination", "highway": "primary", "lanes": "1", "name": "Estrada Regional 1-1\u00aa - Feteira", "oneway": "yes", "ref": "ER 1-1\u00aa", "smoothness": "excellent", "surface": "asphalt"}}, {"type": "Feature", "geometry": {"type": "LineString", "coordinates": [[-28.6262256, 38.5339493], [-28.6262243, 38.534057], [-28.6262328, 38.5340913], [-28.6264105, 38.5348105], [-28.626466, 38.5351139], [-28.6264722, 38.5352013], [-28.6264635, 38.5352493], [-28.6264481, 38.5353601], [-28.6264204, 38.5354861], [-28.6263851, 38.5355957], [-28.6262585, 38.5359841], [-28.6261735, 38.5361863], [-28.6261351, 38.5362729], [-28.6261064, 38.5363527], [-28.6260595, 38.5364744], [-28.6260137, 38.5365759], [-28.625935, 38.5367425], [-28.6258708, 38.536868], [-28.6258171, 38.5369682]]}, "properties": {"highway": "primary", "lanes": "2", "lanes:backward": "1", "lanes:forward": "1", "lit": "yes", "name": "Avenida 25 de Abril", "name:etymology": "Revolu\u00e7\u00e3o de 25 de Abril", "name:etymology:wikidata": "Q193245", "name:etymology:wikipedia": "pt:Revolu\u00e7\u00e3o de 25 de Abril de 1974", "name:pt": "Avenida 25 de Abril", "parking:lane:both": "parallel", "ref": "ER 1-1\u00aa", "sidewalk": "left", "smoothness": "intermediate", "surface": "sett", "width": "9.5"}}, {"type": "Feature", "geometry": {"type": "LineString", "coordinates": [[-25.2738647, 37.8426127], [-25.2739445, 37.8426148], [-25.2740463, 37.8426377], [-25.2741377, 37.8426917], [-25.2743212, 37.8428938], [-25.2744216, 37.8430067], [-25.2745395, 37.8431099], [-25.2747088, 37.8432095], [-25.2749119, 37.8433004], [-25.275095, 37.8433926], [-25.2752091, 37.8434765], [-25.2756072, 37.8438998], [-25.2757322, 37.8440076], [-25.2758868, 37.84409], [-25.276072, 37.8441434], [-25.2762592, 37.8441508], [-25.2767295, 37.8440945], [-25.2778135, 37.8439315], [-25.2785561, 37.8438169], [-25.2788354, 37.8437879], [-25.2789422, 37.8437858]]}, "properties": {"highway": "primary", "maxspeed": "80", "ref": "ER 1-1\u00aa", "source": "Bing", "surface": "asphalt"}}, {"type": "Feature", "geometry": {"type": "LineString", "coordinates": [[-25.2737309, 37.84264], [-25.2737907, 37.8426201], [-25.2738647, 37.8426127]]}, "properties": {"bridge": "yes", "highway": "primary", "layer": "1", "maxspeed": "80", "ref": "ER 1-1\u00aa", "source": "Bing", "surface": "asphalt"}}, {"type": "Feature", "geometry": {"type": "LineString", "coordinates": [[-25.2789422, 37.8437858], [-25.2790233, 37.8437994], [-25.2790985, 37.8438426], [-25.2791465, 37.8438861]]}, "properties": {"addr:city": "Achadinha", "addr:street": "Estrada Regional", "bridge": "yes", "highway": "primary", "inscription": "\"J. G. / 1935/8(?)\"", "layer": "1", "maxspeed": "80", "name": "Ponte sobre a Ribeira do Lenho", "ref": "ER 1-1\u00aa", "source": "Munic\u00edpio_do_Nordeste", "surface": "asphalt"}}, {"type": "Feature", "geometry": {"type": "LineString", "coordinates": [[-25.2791465, 37.8438861], [-25.2791732, 37.8439468], [-25.2791797, 37.8440261], [-25.2791586, 37.8441042], [-25.2791199, 37.844167], [-25.2790408, 37.8442199], [-25.2789367, 37.8442492], [-25.2783993, 37.8443846], [-25.2782929, 37.8444273], [-25.2782108, 37.8444876], [-25.2780362, 37.8446946], [-25.2779479, 37.844796], [-25.2777702, 37.8449694], [-25.2777173, 37.8450506], [-25.2776786, 37.8451299], [-25.2775749, 37.8457547], [-25.2775675, 37.8459025], [-25.2775849, 37.846009], [-25.2776391, 37.8461076], [-25.2777396, 37.846231], [-25.2780933, 37.8465841], [-25.27817, 37.8466753], [-25.2782104, 37.8467589], [-25.2782254, 37.8468567], [-25.2782126, 37.8469489], [-25.2781055, 37.847403], [-25.2780909, 37.8474815], [-25.2780915, 37.8475636], [-25.2781125, 37.84765], [-25.2781786, 37.8477381], [-25.2782547, 37.8477923], [-25.2783184, 37.8478128], [-25.2784038, 37.8478333], [-25.2785946, 37.8478549], [-25.2788169, 37.8478813], [-25.2788928, 37.8479209]]}, "properties": {"highway": "primary", "maxspeed": "80", "ref": "ER 1-1\u00aa", "source": "Bing", "surface": "asphalt"}}, {"type": "Feature", "geometry": {"type": "LineString", "coordinates": [[-28.7241224, 38.5235597], [-28.7241774, 38.5236198], [-28.7242494, 38.5236989], [-28.7244405, 38.5239078], [-28.7246134, 38.5240883], [-28.7246709, 38.5241379], [-28.7247511, 38.5241987], [-28.7248182, 38.5242442], [-28.7248843, 38.5242818], [-28.7249522, 38.5243137], [-28.7250213, 38.5243425], [-28.7250993, 38.5243707], [-28.7258735, 38.5245663], [-28.7263197, 38.5246764]]}, "properties": {"highway": "primary", "lanes": "2", "lanes:backward": "1", "lanes:forward": "1", "name": "Lameiro", "ref": "ER 1-1\u00aa", "smoothness": "good", "surface": "asphalt"}}, {"type": "Feature", "geometry": {"type": "LineString", "coordinates": [[-28.7322845, 38.5277075], [-28.7323306, 38.5277523], [-28.7323728, 38.5277911], [-28.7324357, 38.5278372], [-28.7324941, 38.5278801], [-28.7325919, 38.5279451], [-28.7328454, 38.5281244], [-28.732903, 38.5281652], [-28.7333142, 38.5284549], [-28.7335357, 38.5286086], [-28.733849, 38.5288282], [-28.734331, 38.5291626], [-28.7343998, 38.529214], [-28.7344333, 38.5292418], [-28.7344675, 38.5292764], [-28.7344918, 38.5293047], [-28.7347655, 38.5296407], [-28.7348011, 38.5296844], [-28.7348342, 38.5297249], [-28.7349536, 38.5298715], [-28.7349858, 38.5299156], [-28.7350462, 38.530009], [-28.7350577, 38.5300292], [-28.735065, 38.5300448], [-28.7351018, 38.5301286], [-28.7351221, 38.530169], [-28.7351375, 38.5301894], [-28.7351613, 38.5302148], [-28.7351926, 38.5302424], [-28.7352913, 38.5303255], [-28.7354036, 38.5304205], [-28.735464, 38.5304788], [-28.7355511, 38.53058], [-28.7356039, 38.5306434], [-28.7356562, 38.5307005], [-28.7357356, 38.5307725], [-28.7358341, 38.5308559], [-28.735932, 38.5309388], [-28.7359782, 38.530982], [-28.7360334, 38.531045], [-28.7360688, 38.5310872], [-28.7361083, 38.5311519], [-28.7361372, 38.5312074], [-28.7361593, 38.5312635], [-28.7361812, 38.5313237], [-28.7361941, 38.5313767], [-28.7362493, 38.5316283], [-28.7362626, 38.5316784], [-28.7362981, 38.5318207], [-28.7363088, 38.5318636], [-28.7363543, 38.5320442], [-28.7363856, 38.5321718]]}, "properties": {"highway": "primary", "lanes": "2", "lanes:backward": "1", "lanes:forward": "1", "lit": "yes", "maxspeed": "50", "name": "Cruz Nova", "ref": "ER 1-1\u00aa", "sidewalk": "no", "smoothness": "intermediate", "source:maxspeed": "PT:urban", "surface": "asphalt", "width": "6.5"}}, {"type": "Feature", "geometry": {"type": "LineString", "coordinates": [[-28.6660009, 38.6214817], [-28.6660705, 38.6215273], [-28.6661132, 38.6215575], [-28.6661496, 38.6215918], [-28.6661743, 38.6216204], [-28.6662002, 38.6216664], [-28.666218, 38.6217177], [-28.6662283, 38.6217815], [-28.6662285, 38.6218467], [-28.6662275, 38.6218871], [-28.6662228, 38.6220113], [-28.6662205, 38.6220747], [-28.6662264, 38.622136], [-28.6662445, 38.6221911], [-28.6662614, 38.6222317], [-28.6662883, 38.6222735], [-28.6663369, 38.6223194], [-28.666411, 38.6223848], [-28.6664276, 38.6223969], [-28.666452, 38.6224148], [-28.6665281, 38.6224574], [-28.6665916, 38.6224836], [-28.6666331, 38.6224988], [-28.6667196, 38.6225281], [-28.6668203, 38.6225521], [-28.6669062, 38.6225652], [-28.6670322, 38.622573], [-28.6670932, 38.6225736], [-28.6671857, 38.6225724], [-28.6675007, 38.6225648], [-28.6675676, 38.6225715], [-28.6676232, 38.6225792], [-28.667687, 38.6226023], [-28.6677369, 38.6226397], [-28.6677503, 38.6226498]]}, "properties": {"highway": "primary", "lanes": "2", "lanes:backward": "1", "lanes:forward": "1", "lit": "yes", "maxspeed": "50", "name": "Estrada Regional 1-1", "ref": "ER 1-1\u00aa", "sidewalk": "no", "smoothness": "excellent", "source:maxspeed": "PT:urban", "surface": "asphalt", "width": "6.5"}}, {"type": "Feature", "geometry": {"type": "LineString", "coordinates": [[-28.7425959, 38.5372492], [-28.7426561, 38.5374109]]}, "properties": {"bridge": "yes", "highway": "primary", "lanes": "2", "lanes:backward": "1", "lanes:forward": "1", "layer": "1", "lit": "yes", "maxspeed": "50", "name": "Rua Ribeira da Lombega", "ref": "ER 1-1\u00aa", "sidewalk": "no", "smoothness": "good", "source:maxspeed": "PT:urban", "surface": "asphalt", "width": "6.5"}}, {"type": "Feature", "geometry": {"type": "LineString", "coordinates": [[-28.7489435, 38.5472733], [-28.7490121, 38.5473651], [-28.7490616, 38.5474441], [-28.7491489, 38.5475996], [-28.7492545, 38.5477842], [-28.7493821, 38.5479957], [-28.7496332, 38.5485021], [-28.7496627, 38.5485849], [-28.7496814, 38.5486533], [-28.7496979, 38.5487326], [-28.7497161, 38.5488973], [-28.7498211, 38.5495915], [-28.7498489, 38.5496906], [-28.7498836, 38.5497923], [-28.7499036, 38.549844], [-28.7499275, 38.5498961], [-28.7499443, 38.5499288], [-28.7500538, 38.5501337], [-28.7502975, 38.5505795], [-28.7503872, 38.5507263], [-28.7505574, 38.5510195], [-28.7507941, 38.5514417], [-28.7508178, 38.5514879], [-28.7508334, 38.5515315], [-28.7508474, 38.5515904], [-28.7508533, 38.5516353], [-28.7508567, 38.5516868], [-28.7508551, 38.5517428], [-28.7508417, 38.5518236], [-28.7506594, 38.5524843], [-28.7506501, 38.5525473], [-28.7506473, 38.5526112], [-28.7506485, 38.5526768], [-28.750657, 38.5527425], [-28.7508404, 38.5537348], [-28.7509007, 38.553889], [-28.7509102, 38.5539117], [-28.7509641, 38.5539802], [-28.7510161, 38.5540375], [-28.7511113, 38.5541267], [-28.7514737, 38.5544074], [-28.7518155, 38.5546759], [-28.7519991, 38.5548202], [-28.7522312, 38.5550025], [-28.7523227, 38.5550796], [-28.7523934, 38.5551482], [-28.7524483, 38.5552104], [-28.7525104, 38.5552909], [-28.752581, 38.5553931], [-28.75315, 38.5563326], [-28.7533014, 38.5565882], [-28.7533482, 38.55668], [-28.7533818, 38.5567538], [-28.7534038, 38.5568197], [-28.753426, 38.5569215], [-28.753434, 38.5569873], [-28.7534472, 38.557145], [-28.7534507, 38.5573759], [-28.7534807, 38.5593641], [-28.7534837, 38.5594899], [-28.7534917, 38.5595948], [-28.7535039, 38.5596535], [-28.7535201, 38.5596986], [-28.7535489, 38.5597661], [-28.7536308, 38.559909], [-28.7539891, 38.5604977], [-28.7546598, 38.5616261], [-28.7546988, 38.56169], [-28.7547444, 38.561755], [-28.7548087, 38.561819], [-28.7548745, 38.5618725], [-28.7549112, 38.5618988], [-28.7559464, 38.5626287], [-28.7560445, 38.5627096], [-28.7560941, 38.5627615], [-28.7561555, 38.5628388], [-28.7562213, 38.5629389], [-28.7566616, 38.5636523], [-28.7573936, 38.5648451], [-28.757637, 38.5652199], [-28.7579854, 38.5657172], [-28.7583171, 38.5661851], [-28.7586399, 38.5666175]]}, "properties": {"destination:backward": "Horta", "highway": "primary", "lanes": "2", "lanes:backward": "1", "lanes:forward": "1", "name": "Estrada Regional 1-1", "ref": "ER 1-1\u00aa", "sidewalk": "no", "smoothness": "excellent", "surface": "asphalt", "width": "6.5"}}, {"type": "Feature", "geometry": {"type": "LineString", "coordinates": [[-28.7883723, 38.5855247], [-28.7879943, 38.5862998], [-28.787656, 38.5869933], [-28.7876008, 38.5871027], [-28.7875712, 38.5871614]]}, "properties": {"highway": "primary", "lanes": "2", "lanes:backward": "1", "lanes:forward": "1", "name": "Rua dos Trupes", "ref": "ER 1-1\u00aa", "smoothness": "excellent", "surface": "asphalt"}}, {"type": "Feature", "geometry": {"type": "LineString", "coordinates": [[-28.7896218, 38.5831395], [-28.78964, 38.583173], [-28.7896454, 38.5832081], [-28.7896447, 38.583237], [-28.789564, 38.584273], [-28.78956, 38.5843324], [-28.7895466, 38.5844289], [-28.7895271, 38.5845557], [-28.7895063, 38.5846196], [-28.7894734, 38.5846857], [-28.7894339, 38.5847497], [-28.7893857, 38.5848126], [-28.789328, 38.5848681], [-28.7892703, 38.5849106], [-28.7892113, 38.5849503], [-28.7891489, 38.584985], [-28.7890866, 38.585017], [-28.7889954, 38.5850547], [-28.7889272, 38.585077], [-28.7888479, 38.5851029], [-28.7887607, 38.5851354], [-28.7887003, 38.5851637], [-28.7886319, 38.5851962], [-28.7885682, 38.5852277], [-28.7885414, 38.5852476]]}, "properties": {"destination:forward": "Faj\u00e3", "highway": "primary", "lanes": "2", "lanes:backward": "1", "lanes:forward": "1", "name": "Rua dos Trupes", "ref": "ER 1-1\u00aa", "smoothness": "excellent", "surface": "asphalt"}}, {"type": "Feature", "geometry": {"type": "LineString", "coordinates": [[-28.7866232, 38.5818929], [-28.7873201, 38.5821765], [-28.7878251, 38.582381], [-28.7878553, 38.5823932], [-28.7880974, 38.5824939], [-28.7882196, 38.5825443], [-28.7886241, 38.5827005], [-28.7887518, 38.58275], [-28.7892268, 38.582943], [-28.7895083, 38.5830574], [-28.7895548, 38.5830834], [-28.7895963, 38.5831127], [-28.7896218, 38.5831395]]}, "properties": {"destination:backward": "Horta;Caldeira;Varadouro", "highway": "primary", "lanes": "2", "lanes:backward": "1", "lanes:forward": "1", "lit": "yes", "maxspeed": "50", "name": "Rua do Cruzeiro", "ref": "ER 1-1\u00aa", "sidewalk": "no", "smoothness": "excellent", "source:maxspeed": "PT:urban", "surface": "asphalt", "width": "6.5"}}, {"type": "Feature", "geometry": {"type": "LineString", "coordinates": [[-28.7757965, 38.5746434], [-28.7770839, 38.5755548]]}, "properties": {"destination:backward": "Horta", "destination:forward": "Vulc\u00e3o;Parque florestal", "highway": "primary", "lanes": "2", "lanes:backward": "1", "lanes:forward": "1", "maxspeed": "60", "name": "Rua do Areeiro", "ref": "ER 1-1\u00aa", "sidewalk": "no", "source:maxspeed": "sign", "surface": "asphalt", "width": "6.5"}}, {"type": "Feature", "geometry": {"type": "LineString", "coordinates": [[-25.5374605, 37.8159542], [-25.5376678, 37.816019], [-25.5377159, 37.816034]]}, "properties": {"highway": "primary", "lanes": "1", "oneway": "yes", "ref": "ER 1-1\u00aa", "surface": "asphalt"}}, {"type": "Feature", "geometry": {"type": "LineString", "coordinates": [[-25.5374605, 37.8159542], [-25.5373088, 37.8159676], [-25.5367467, 37.8160259], [-25.536211, 37.8160815], [-25.5359909, 37.8161022], [-25.5358856, 37.8160936], [-25.5358197, 37.8160882]]}, "properties": {"highway": "primary", "name": "Rua da Sa\u00fade", "ref": "ER 1-1\u00aa", "surface": "asphalt"}}, {"type": "Feature", "geometry": {"type": "LineString", "coordinates": [[-25.498587, 37.8245758], [-25.4984559, 37.8244547], [-25.4964756, 37.8226252], [-25.4951699, 37.8214061], [-25.4945465, 37.820824], [-25.4944821, 37.8207242], [-25.4944624, 37.8206376], [-25.4944571, 37.8205747]]}, "properties": {"destination:backward": "Ribeirinha;Punta do Cintr\u00e3o", "highway": "primary", "lit": "yes", "maxspeed": "50", "ref": "ER 1-1\u00aa", "sidewalk": "right", "surface": "asphalt"}}, {"type": "Feature", "geometry": {"type": "LineString", "coordinates": [[-25.2788928, 37.8479209], [-25.2789741, 37.8480365]]}, "properties": {"bridge": "yes", "highway": "primary", "layer": "1", "maxspeed": "80", "ref": "ER 1-1\u00aa", "source": "Bing", "surface": "asphalt"}}, {"type": "Feature", "geometry": {"type": "LineString", "coordinates": [[-25.2789741, 37.8480365], [-25.2791311, 37.8483357], [-25.2793578, 37.8486754], [-25.2794579, 37.8487798], [-25.2795608, 37.8488716], [-25.2796772, 37.8489344], [-25.2798538, 37.8489978], [-25.2800244, 37.8490372], [-25.2803076, 37.8490724], [-25.2804077, 37.8490714], [-25.2804858, 37.849073], [-25.2810569, 37.8490081], [-25.2814432, 37.8489588], [-25.281797, 37.8489082], [-25.2819401, 37.8488879], [-25.2821624, 37.8488587]]}, "properties": {"highway": "primary", "maxspeed": "80", "ref": "ER 1-1\u00aa", "source": "Bing", "surface": "asphalt"}}, {"type": "Feature", "geometry": {"type": "LineString", "coordinates": [[-25.5294861, 37.8181296], [-25.5289864, 37.8183991], [-25.5287986, 37.8184975], [-25.5285663, 37.8186291], [-25.5284139, 37.8187125], [-25.5280537, 37.8189074], [-25.5278089, 37.8190634], [-25.5276309, 37.8192129], [-25.5275091, 37.8192824], [-25.5272216, 37.8194301]]}, "properties": {"highway": "primary", "lane_markings": "no", "maxspeed": "50", "name": "Rua Adolfo Coutinho de Medeiros", "oneway": "yes", "ref": "ER 1-1\u00aa", "surface": "asphalt"}}, {"type": "Feature", "geometry": {"type": "LineString", "coordinates": [[-28.755456, 38.601847], [-28.7554807, 38.6018259], [-28.7555606, 38.6017576], [-28.7565153, 38.6009363], [-28.7565869, 38.6008902], [-28.7566222, 38.6008744], [-28.7566339, 38.6008691], [-28.756683, 38.6008559], [-28.7567411, 38.6008496], [-28.7568562, 38.6008417], [-28.7569328, 38.6008384], [-28.7572878, 38.6008357], [-28.757385, 38.6008304], [-28.7574827, 38.6008167], [-28.7575655, 38.6007956], [-28.7576332, 38.6007757], [-28.7577036, 38.6007453], [-28.7577457, 38.6007223], [-28.7577772, 38.6007052], [-28.7579877, 38.6005842], [-28.7580213, 38.6005641], [-28.7582877, 38.6004045], [-28.7585084, 38.6002723], [-28.7586053, 38.6002027], [-28.758668, 38.6001647], [-28.7587394, 38.6001282], [-28.7588235, 38.6000974], [-28.7588876, 38.6000782], [-28.7589726, 38.6000622], [-28.7590677, 38.6000512], [-28.7591623, 38.6000459], [-28.7592442, 38.600046], [-28.7593419, 38.6000533], [-28.7594685, 38.6000732], [-28.7596729, 38.6001092], [-28.7598663, 38.6001408], [-28.7599517, 38.6001476], [-28.7600973, 38.6001421], [-28.7601391, 38.6001353], [-28.7602044, 38.6001203], [-28.7602682, 38.6000894], [-28.760312, 38.6000611], [-28.7603599, 38.6000234], [-28.7604055, 38.5999795], [-28.760441, 38.5999368], [-28.7604917, 38.5998709]]}, "properties": {"highway": "primary", "lanes": "2", "lanes:backward": "1", "lanes:forward": "1", "lit": "yes", "maxspeed": "50", "name": "Estrada Regional 1-1", "ref": "ER 1-1\u00aa", "sidewalk": "no", "smoothness": "excellent", "source:maxspeed": "PT:urban", "surface": "asphalt", "width": "6.5"}}, {"type": "Feature", "geometry": {"type": "LineString", "coordinates": [[-25.3851309, 37.8235281], [-25.3847978, 37.823861], [-25.3846513, 37.8240148], [-25.3845021, 37.8241264], [-25.3844099, 37.8241801]]}, "properties": {"highway": "primary", "maxspeed": "80", "ref": "ER 1-1\u00aa", "sidewalk": "no", "surface": "asphalt", "width": "7"}}, {"type": "Feature", "geometry": {"type": "LineString", "coordinates": [[-25.3852444, 37.8229502], [-25.3852919, 37.8230552], [-25.3853094, 37.8231721], [-25.385281, 37.82331], [-25.3852186, 37.8234294], [-25.3851309, 37.8235281]]}, "properties": {"highway": "primary", "maxspeed": "80", "overtaking": "no", "ref": "ER 1-1\u00aa", "sidewalk": "no", "surface": "asphalt", "width": "7"}}, {"type": "Feature", "geometry": {"type": "LineString", "coordinates": [[-25.3812077, 37.8260582], [-25.3808193, 37.8261278], [-25.3806941, 37.8261733], [-25.3806213, 37.8262273], [-25.3805004, 37.8263766], [-25.3804027, 37.8266311], [-25.3801879, 37.8273519]]}, "properties": {"highway": "primary", "ref": "ER 1-1\u00aa", "sidewalk": "no", "surface": "asphalt", "width": "6"}}, {"type": "Feature", "geometry": {"type": "LineString", "coordinates": [[-25.3816792, 37.8255786], [-25.3816968, 37.825743], [-25.3816722, 37.825863], [-25.3815934, 37.8259413], [-25.3814472, 37.8260145], [-25.3812077, 37.8260582]]}, "properties": {"highway": "primary", "overtaking": "no", "ref": "ER 1-1\u00aa", "sidewalk": "no", "surface": "asphalt", "width": "6"}}, {"type": "Feature", "geometry": {"type": "LineString", "coordinates": [[-25.3801879, 37.8273519], [-25.3801081, 37.827505], [-25.380008, 37.8275669], [-25.3798591, 37.8275926], [-25.3796895, 37.8275837], [-25.3794205, 37.8275111]]}, "properties": {"highway": "primary", "overtaking": "no", "ref": "ER 1-1\u00aa", "sidewalk": "no", "surface": "asphalt", "width": "6"}}, {"type": "Feature", "geometry": {"type": "LineString", "coordinates": [[-25.3794205, 37.8275111], [-25.3792142, 37.8274494], [-25.3790819, 37.827424], [-25.3789326, 37.8274235], [-25.3787197, 37.8274964], [-25.3778568, 37.8280037], [-25.377717, 37.8280866], [-25.3775566, 37.8281489], [-25.3774003, 37.8281726], [-25.3772004, 37.8281713], [-25.376591, 37.828077]]}, "properties": {"highway": "primary", "lit": "yes", "maxspeed": "50", "ref": "ER 1-1\u00aa", "sidewalk": "no", "source:maxspeed": "PT:urban", "surface": "asphalt", "width": "6"}}, {"type": "Feature", "geometry": {"type": "LineString", "coordinates": [[-25.376591, 37.828077], [-25.376351, 37.8280179], [-25.3758137, 37.8279179], [-25.3755938, 37.8279233], [-25.3753077, 37.8279833], [-25.3751192, 37.8280524], [-25.3749437, 37.8281584], [-25.3748195, 37.82826], [-25.374441, 37.8285979], [-25.3742579, 37.8287642], [-25.3740185, 37.8290047], [-25.3738129, 37.8292359], [-25.3734194, 37.8297188], [-25.3733216, 37.8298491], [-25.3731742, 37.8300372]]}, "properties": {"highway": "primary", "lit": "yes", "maxspeed": "50", "ref": "ER 1-1\u00aa", "sidewalk": "left", "source:maxspeed": "PT:urban", "surface": "asphalt", "width": "6"}}, {"type": "Feature", "geometry": {"type": "LineString", "coordinates": [[-25.3731742, 37.8300372], [-25.3730556, 37.830154], [-25.3729269, 37.8302531], [-25.3728998, 37.8302701], [-25.3714434, 37.8311842], [-25.3713958, 37.8312155], [-25.3713381, 37.8312414], [-25.3712237, 37.8312657], [-25.3711132, 37.8312611], [-25.3710434, 37.8312437], [-25.3709803, 37.8312161], [-25.3708644, 37.8311355], [-25.370695, 37.8309898], [-25.3704971, 37.8308983], [-25.3703051, 37.8308305], [-25.3702135, 37.8307981], [-25.3700581, 37.8307721]]}, "properties": {"highway": "primary", "maxspeed": "80", "ref": "ER 1-1\u00aa", "source": "Bing", "surface": "asphalt"}}, {"type": "Feature", "geometry": {"type": "LineString", "coordinates": [[-25.5006229, 37.8265566], [-25.500622, 37.8265217], [-25.5005588, 37.8264244], [-25.4998208, 37.8257291], [-25.4996841, 37.8256003]]}, "properties": {"destination:backward": "Ribeirinha;Punta do Cintr\u00e3o", "highway": "primary", "lit": "yes", "maxspeed": "40", "ref": "ER 1-1\u00aa", "sidewalk": "both", "surface": "asphalt"}}, {"type": "Feature", "geometry": {"type": "LineString", "coordinates": [[-25.5007526, 37.8266211], [-25.5007342, 37.8265914], [-25.5007036, 37.8265689], [-25.5006647, 37.8265568], [-25.5006229, 37.8265566], [-25.5005838, 37.8265684], [-25.5005528, 37.8265905], [-25.5005323, 37.8266254], [-25.5005322, 37.8266639], [-25.5005526, 37.8266989], [-25.5005897, 37.8267239], [-25.5006366, 37.8267343], [-25.500679, 37.8267299], [-25.5007163, 37.8267133], [-25.5007432, 37.826687], [-25.5007559, 37.8266548], [-25.5007526, 37.8266211]]}, "properties": {"highway": "primary", "junction": "roundabout", "lanes": "1", "ref": "ER 1-1\u00aa", "surface": "asphalt"}}, {"type": "Feature", "geometry": {"type": "LineString", "coordinates": [[-25.4996841, 37.8256003], [-25.4995227, 37.8254476], [-25.4993433, 37.8252726], [-25.498587, 37.8245758]]}, "properties": {"destination:backward": "Ribeirinha;Punta do Cintr\u00e3o", "highway": "primary", "lit": "yes", "maxspeed": "50", "ref": "ER 1-1\u00aa", "sidewalk": "both", "surface": "asphalt"}}, {"type": "Feature", "geometry": {"type": "LineString", "coordinates": [[-25.5376995, 37.815866], [-25.5374605, 37.8159542]]}, "properties": {"destination": "Ribeira Seca", "highway": "primary", "lanes": "1", "oneway": "yes", "ref": "ER 1-1\u00aa", "surface": "asphalt"}}, {"type": "Feature", "geometry": {"type": "LineString", "coordinates": [[-28.6536676, 38.5239047], [-28.6535275, 38.5238852], [-28.6534798, 38.5238782], [-28.6529405, 38.5238064], [-28.6528493, 38.5237937], [-28.6527716, 38.5237778], [-28.6526771, 38.5237527], [-28.6525772, 38.5237205], [-28.6524917, 38.5236873], [-28.6523875, 38.5236393], [-28.6523084, 38.5235998], [-28.6521962, 38.5235331], [-28.6521664, 38.5235161], [-28.6519511, 38.5233934], [-28.6518683, 38.5233504], [-28.6517925, 38.5233169], [-28.6517245, 38.5232905], [-28.6516577, 38.5232692], [-28.6515752, 38.5232482], [-28.6514852, 38.5232287], [-28.651418, 38.5232169], [-28.651334, 38.5232093], [-28.6512845, 38.5232057], [-28.6511933, 38.523203], [-28.6511099, 38.5232011], [-28.6509497, 38.5231991], [-28.6509027, 38.5231983], [-28.6507097, 38.5231951], [-28.65011, 38.5231851]]}, "properties": {"highway": "primary", "lanes": "2", "lanes:backward": "1", "lanes:forward": "1", "maxspeed": "90", "name": "Vale da Vinha", "ref": "ER 1-1\u00aa", "sidewalk": "no", "smoothness": "good", "source:maxspeed": "PT:rural", "surface": "asphalt", "width": "6.5"}}, {"type": "Feature", "geometry": {"type": "LineString", "coordinates": [[-28.6994025, 38.5224358], [-28.6996313, 38.5224309], [-28.6999462, 38.5224241], [-28.7004964, 38.5224122], [-28.7006107, 38.5224208], [-28.7006773, 38.5224327], [-28.7007515, 38.5224579], [-28.7007764, 38.5224679], [-28.7008103, 38.5224814], [-28.7008782, 38.5225144], [-28.7009197, 38.5225403], [-28.7012262, 38.5227373], [-28.7012904, 38.5227721], [-28.7013418, 38.5227942], [-28.7013969, 38.5228088], [-28.7014577, 38.5228193], [-28.7015122, 38.5228242], [-28.7015869, 38.5228236], [-28.7016158, 38.5228223], [-28.7018837, 38.5228107], [-28.7019924, 38.5228036], [-28.7020548, 38.5228044], [-28.7022041, 38.5228096], [-28.7022742, 38.5228158], [-28.7022959, 38.52282], [-28.702396, 38.5228392], [-28.7025122, 38.5228631], [-28.7026166, 38.5228897], [-28.70289, 38.5229663], [-28.7032899, 38.5230825], [-28.7034584, 38.5231315], [-28.7037308, 38.5232107]]}, "properties": {"highway": "primary", "lanes": "2", "lanes:backward": "1", "lanes:forward": "1", "lit": "yes", "maxspeed:type": "PT:urban", "name": "Extremo", "ref": "ER 1-1\u00aa", "sidewalk": "no", "smoothness": "good", "surface": "asphalt", "width": "6.5"}}, {"type": "Feature", "geometry": {"type": "LineString", "coordinates": [[-28.6750295, 38.5256701], [-28.6751034, 38.5256925], [-28.6751819, 38.5257097], [-28.6752774, 38.5257282], [-28.6753636, 38.5257407], [-28.675454, 38.52575], [-28.6755427, 38.525752], [-28.6755812, 38.5257508], [-28.6756128, 38.5257498], [-28.6756873, 38.5257465], [-28.6757873, 38.5257349], [-28.675862, 38.5257229], [-28.6759385, 38.5257082], [-28.6760694, 38.5256822]]}, "properties": {"highway": "primary", "lanes": "2", "lanes:backward": "1", "lanes:forward": "1", "lit": "yes", "maxspeed": "50", "name": "Estrada Regional 1-1\u00aa - Feteira", "ref": "ER 1-1\u00aa", "sidewalk": "no", "smoothness": "good", "source:maxspeed": "PT:urban", "surface": "asphalt", "width": "6.5"}}, {"type": "Feature", "geometry": {"type": "LineString", "coordinates": [[-28.6743225, 38.5254299], [-28.6745054, 38.525495]]}, "properties": {"check_date:smoothness": "2024-06-05", "highway": "primary", "lanes": "2", "lanes:backward": "1", "lanes:forward": "1", "lit": "yes", "maxspeed": "50", "name": "Estrada Regional 1-1\u00aa - Feteira", "ref": "ER 1-1\u00aa", "sidewalk": "right", "sidewalk:right:surface": "concrete", "smoothness": "good", "source:maxspeed": "PT:urban", "surface": "asphalt", "width": "6.5"}}, {"type": "Feature", "geometry": {"type": "LineString", "coordinates": [[-28.6740974, 38.5253499], [-28.6743225, 38.5254299]]}, "properties": {"check_date:smoothness": "2024-06-05", "highway": "primary", "lanes": "2", "lanes:backward": "1", "lanes:forward": "1", "lit": "yes", "maxspeed": "50", "name": "Estrada Regional 1-1\u00aa - Feteira", "ref": "ER 1-1\u00aa", "sidewalk": "right", "sidewalk:right:surface": "concrete", "smoothness": "good", "source:maxspeed": "PT:urban", "surface": "asphalt", "width": "6.5"}}, {"type": "Feature", "geometry": {"type": "LineString", "coordinates": [[-28.7770839, 38.5755548], [-28.777456, 38.5758155], [-28.779202, 38.5770384], [-28.7795029, 38.577252], [-28.7799457, 38.5775664], [-28.780097, 38.5776739], [-28.7820119, 38.5790325], [-28.7839433, 38.5803955], [-28.7840239, 38.5804523]]}, "properties": {"destination:backward": "Horta", "destination:forward": "Vulc\u00e3o;Parque florestal", "highway": "primary", "lanes": "2", "lanes:backward": "1", "lanes:forward": "1", "maxspeed": "90", "name": "Estrada Regional 1-1", "ref": "ER 1-1\u00aa", "sidewalk": "no", "source:maxspeed": "PT:rural", "surface": "asphalt", "width": "6.5"}}, {"type": "Feature", "geometry": {"type": "LineString", "coordinates": [[-28.6132323, 38.5832505], [-28.6131701, 38.5832736], [-28.6131106, 38.5833025], [-28.613044, 38.5833428], [-28.612983, 38.5833811], [-28.6129336, 38.5834152], [-28.6128965, 38.5834445], [-28.6128536, 38.5834917], [-28.6128152, 38.5835442], [-28.6127861, 38.5836089], [-28.6127704, 38.5836636], [-28.6127636, 38.5837318]]}, "properties": {"highway": "primary", "lanes": "2", "lanes:backward": "1", "lanes:forward": "1", "maxspeed": "90", "name": "Estrada Regional 1-1", "ref": "ER 1-1\u00aa", "sidewalk": "no", "smoothness": "good", "source:maxspeed": "PT:rural", "surface": "asphalt", "width": "6"}}, {"type": "Feature", "geometry": {"type": "LineString", "coordinates": [[-28.612872, 38.5842371], [-28.6129117, 38.5843674], [-28.6129628, 38.5845896], [-28.6129868, 38.5847459], [-28.6129886, 38.5848451], [-28.6129962, 38.5852529], [-28.6129982, 38.585319], [-28.6130017, 38.5854302], [-28.6130038, 38.5854704], [-28.61301, 38.5855142], [-28.6130304, 38.5855696]]}, "properties": {"highway": "primary", "lanes": "2", "lanes:backward": "1", "lanes:forward": "1", "lit": "yes", "maxspeed": "50", "name": "Estrada Regional 1-1", "ref": "ER 1-1\u00aa", "sidewalk": "no", "smoothness": "good", "source:maxspeed": "PT:urban", "surface": "asphalt", "width": "6"}}, {"type": "Feature", "geometry": {"type": "LineString", "coordinates": [[-28.7050404, 38.5235916], [-28.7050701, 38.5236012], [-28.7051511, 38.5236274], [-28.7052978, 38.5236684], [-28.7054482, 38.5237077], [-28.7055289, 38.5237257], [-28.705587, 38.5237345], [-28.7056671, 38.5237434], [-28.7057541, 38.523743], [-28.7058679, 38.5237344], [-28.7059917, 38.5237202], [-28.7062631, 38.523677]]}, "properties": {"highway": "primary", "lanes": "2", "lanes:backward": "1", "lanes:forward": "1", "lit": "yes", "maxspeed": "40", "name": "Rua da Ribeirinha", "ref": "ER 1-1\u00aa", "sidewalk": "no", "smoothness": "excellent", "source:maxspeed": "sign", "surface": "asphalt", "width": "6.5"}}, {"type": "Feature", "geometry": {"type": "LineString", "coordinates": [[-28.7086465, 38.5223626], [-28.7087113, 38.5223349], [-28.7087339, 38.5223264], [-28.7088189, 38.5222944], [-28.708902, 38.5222715], [-28.7089457, 38.5222642], [-28.7089806, 38.5222583], [-28.7090444, 38.522252], [-28.7091133, 38.5222514], [-28.7091755, 38.522256], [-28.7092703, 38.5222691], [-28.7093297, 38.5222811], [-28.7093678, 38.5222888], [-28.7095517, 38.5223324]]}, "properties": {"highway": "primary", "lanes": "2", "lanes:backward": "1", "lanes:forward": "1", "lit": "yes", "maxspeed": "50", "name": "Rua da Ribeira Grande", "ref": "ER 1-1\u00aa", "sidewalk": "no", "smoothness": "good", "source:maxspeed": "PT:urban", "surface": "asphalt", "width": "6.5"}}, {"type": "Feature", "geometry": {"type": "LineString", "coordinates": [[-28.7118046, 38.5220731], [-28.7119987, 38.5220097]]}, "properties": {"highway": "primary", "lanes": "2", "lanes:backward": "1", "lanes:forward": "1", "lit": "yes", "maxspeed": "50", "name": "Rua do Jogo", "ref": "ER 1-1\u00aa", "sidewalk": "no", "smoothness": "good", "source:maxspeed": "PT:urban", "surface": "asphalt", "width": "6.5"}}, {"type": "Feature", "geometry": {"type": "LineString", "coordinates": [[-28.7109338, 38.5222738], [-28.7111877, 38.5222467], [-28.7112498, 38.522241], [-28.7113051, 38.5222322], [-28.7113501, 38.5222213], [-28.711441, 38.5221925], [-28.7117361, 38.5220957], [-28.7118046, 38.5220731]]}, "properties": {"destination:backward": "Horta", "highway": "primary", "lanes": "2", "lanes:backward": "1", "lanes:forward": "1", "lit": "yes", "maxspeed": "50", "name": "Rua do Jogo", "ref": "ER 1-1\u00aa", "sidewalk": "no", "smoothness": "good", "source:maxspeed": "PT:urban", "surface": "asphalt", "width": "6.5"}}, {"type": "Feature", "geometry": {"type": "LineString", "coordinates": [[-28.6745054, 38.525495], [-28.6747157, 38.5255644]]}, "properties": {"check_date:smoothness": "2024-06-05", "highway": "primary", "lanes": "2", "lanes:backward": "1", "lanes:forward": "1", "lit": "yes", "maxspeed": "50", "name": "Estrada Regional 1-1\u00aa - Feteira", "ref": "ER 1-1\u00aa", "sidewalk": "right", "smoothness": "good", "source:maxspeed": "PT:urban", "surface": "asphalt", "width": "6.5"}}, {"type": "Feature", "geometry": {"type": "LineString", "coordinates": [[-28.6747157, 38.5255644], [-28.6750295, 38.5256701]]}, "properties": {"check_date:smoothness": "2024-06-05", "highway": "primary", "lanes": "2", "lanes:backward": "1", "lanes:forward": "1", "lit": "yes", "maxspeed": "50", "name": "Estrada Regional 1-1\u00aa - Feteira", "ref": "ER 1-1\u00aa", "sidewalk": "both", "smoothness": "good", "source:maxspeed": "PT:urban", "surface": "asphalt", "width": "6.5"}}, {"type": "Feature", "geometry": {"type": "LineString", "coordinates": [[-28.6684674, 38.5231436], [-28.6684501, 38.5231429], [-28.6683972, 38.5231434], [-28.6682385, 38.5231442], [-28.6680585, 38.5231542], [-28.6679377, 38.5231606]]}, "properties": {"highway": "primary", "lanes": "2", "lanes:backward": "1", "lanes:forward": "1", "lit": "yes", "name": "Estrada Regional 1-1\u00aa - Feteira", "ref": "ER 1-1\u00aa", "sidewalk": "left", "smoothness": "good", "surface": "asphalt", "width": "6.5"}}, {"type": "Feature", "geometry": {"type": "LineString", "coordinates": [[-28.6687844, 38.5231938], [-28.6686992, 38.5231739], [-28.6686621, 38.5231672], [-28.6686402, 38.5231641], [-28.6685497, 38.5231513], [-28.6684674, 38.5231436]]}, "properties": {"highway": "primary", "lanes": "2", "lanes:backward": "1", "lanes:forward": "1", "lit": "yes", "name": "Estrada Regional 1-1\u00aa - Feteira", "ref": "ER 1-1\u00aa", "sidewalk": "no", "smoothness": "good", "surface": "asphalt", "width": "6.5"}}, {"type": "Feature", "geometry": {"type": "LineString", "coordinates": [[-28.6695796, 38.523576], [-28.6694904, 38.5235281], [-28.6690412, 38.5232972], [-28.6689211, 38.5232429], [-28.6687844, 38.5231938]]}, "properties": {"hgv": "destination", "highway": "primary", "lanes": "2", "lanes:backward": "1", "lanes:forward": "1", "lit": "yes", "name": "Estrada Regional 1-1\u00aa - Feteira", "ref": "ER 1-1\u00aa", "sidewalk": "right", "smoothness": "good", "surface": "asphalt", "width": "6.5"}}, {"type": "Feature", "geometry": {"type": "LineString", "coordinates": [[-28.6711961, 38.5242921], [-28.6714877, 38.5244011], [-28.6715376, 38.5244195], [-28.6717475, 38.5244968]]}, "properties": {"highway": "primary", "lanes": "2", "lanes:backward": "1", "lanes:forward": "1", "lit": "yes", "maxspeed": "40", "name": "Estrada Regional 1-1\u00aa - Feteira", "ref": "ER 1-1\u00aa", "sidewalk": "right", "sidewalk:right:surface": "concrete", "smoothness": "good", "source:maxspeed": "sign", "surface": "asphalt", "width": "6.5"}}, {"type": "Feature", "geometry": {"type": "LineString", "coordinates": [[-28.6423671, 38.5244403], [-28.6421911, 38.524486], [-28.6421197, 38.5245177], [-28.6420619, 38.5245458], [-28.6420004, 38.524581], [-28.6419271, 38.5246294], [-28.6418733, 38.5246691], [-28.6416554, 38.524854], [-28.6415747, 38.5249135], [-28.6414822, 38.5249698], [-28.6414047, 38.5250062], [-28.6413453, 38.5250297], [-28.6409213, 38.525174], [-28.6406242, 38.5252812], [-28.6403429, 38.5253782]]}, "properties": {"highway": "primary", "lanes": "2", "lanes:backward": "1", "lanes:forward": "1", "maxspeed": "50", "name": "Rua do Pasteleiro", "ref": "ER 1-1\u00aa", "smoothness": "good", "source:maxspeed": "PT:urban", "surface": "asphalt", "width": "6.5"}}, {"type": "Feature", "geometry": {"type": "LineString", "coordinates": [[-28.65011, 38.5231851], [-28.650015, 38.5231837], [-28.6499612, 38.5231831], [-28.6498586, 38.5231858], [-28.6497608, 38.5231973], [-28.6496846, 38.5232095], [-28.6496048, 38.5232321], [-28.6495856, 38.5232388], [-28.649524, 38.5232602], [-28.6494132, 38.5233038], [-28.6488362, 38.5235689]]}, "properties": {"highway": "primary", "lanes": "2", "lanes:backward": "1", "lanes:forward": "1", "maxspeed": "50", "name": "Vale da Vinha", "ref": "ER 1-1\u00aa", "sidewalk": "no", "smoothness": "good", "source:maxspeed": "PT:urban", "surface": "asphalt", "width": "6.5"}}, {"type": "Feature", "geometry": {"type": "LineString", "coordinates": [[-28.6550982, 38.5241534], [-28.6545741, 38.5240532], [-28.6543404, 38.5240085], [-28.6540684, 38.5239632], [-28.6536676, 38.5239047]]}, "properties": {"highway": "primary", "lanes": "2", "lanes:backward": "1", "lanes:forward": "1", "maxspeed": "60", "name": "Vale da Vinha", "ref": "ER 1-1\u00aa", "sidewalk": "no", "smoothness": "good", "source:maxspeed": "sign", "surface": "asphalt", "width": "6.5"}}, {"type": "Feature", "geometry": {"type": "LineString", "coordinates": [[-28.663418, 38.5227418], [-28.6635103, 38.5227441], [-28.6636226, 38.5227418], [-28.6637069, 38.5227374], [-28.6639823, 38.522723], [-28.6645421, 38.5226938], [-28.6645625, 38.5226927], [-28.6645947, 38.5226927], [-28.6646743, 38.522691], [-28.6647999, 38.522693], [-28.6649007, 38.5226977], [-28.6649811, 38.522705], [-28.6650588, 38.5227167], [-28.6656215, 38.5228223], [-28.6657571, 38.5228477], [-28.6658294, 38.5228619], [-28.6667456, 38.5230418]]}, "properties": {"disused:lanes:backward": "1", "hgv": "no", "highway": "primary", "lanes": "1", "lit": "yes", "maxspeed": "40", "name": "Estrada Regional 1-1\u00aa - Alto da Lajinha", "oneway": "yes", "overtaking": "no", "ref": "ER 1-1\u00aa", "sidewalk": "no", "smoothness": "good", "source:maxspeed": "sign", "surface": "asphalt", "width": "6.5"}}, {"type": "Feature", "geometry": {"type": "LineString", "coordinates": [[-28.6228635, 38.5402973], [-28.6228087, 38.5403459], [-28.6225476, 38.540585], [-28.6218362, 38.5412368]]}, "properties": {"highway": "primary", "lanes": "2", "lanes:backward": "1", "lanes:forward": "1", "lit": "yes", "maxspeed:type": "PT:urban", "name": "Avenida 25 de Abril", "name:etymology": "Revolu\u00e7\u00e3o de 25 de Abril", "name:etymology:wikidata": "Q193245", "name:etymology:wikipedia": "pt:Revolu\u00e7\u00e3o de 25 de Abril de 1974", "name:pt": "Avenida 25 de Abril", "parking:lane:right": "no_parking", "ref": "ER 1-1\u00aa", "sidewalk": "left", "sidewalk:left:surface": "sett", "smoothness": "good", "surface": "concrete", "width": "9.5"}}, {"type": "Feature", "geometry": {"type": "LineString", "coordinates": [[-28.6236733, 38.5395509], [-28.6234652, 38.5397413]]}, "properties": {"highway": "primary", "lanes": "2", "lanes:backward": "1", "lanes:forward": "1", "lit": "yes", "name": "Avenida 25 de Abril", "name:etymology": "Revolu\u00e7\u00e3o de 25 de Abril", "name:etymology:wikidata": "Q193245", "name:etymology:wikipedia": "pt:Revolu\u00e7\u00e3o de 25 de Abril de 1974", "name:pt": "Avenida 25 de Abril", "parking:lane:both": "parallel", "ref": "ER 1-1\u00aa", "sidewalk": "left", "smoothness": "good", "surface": "concrete", "width": "9.5"}}, {"type": "Feature", "geometry": {"type": "LineString", "coordinates": [[-28.6230453, 38.5401304], [-28.6228635, 38.5402973]]}, "properties": {"highway": "primary", "lanes": "2", "lanes:backward": "1", "lanes:forward": "1", "lit": "yes", "maxspeed:type": "PT:urban", "name": "Avenida 25 de Abril", "name:etymology": "Revolu\u00e7\u00e3o de 25 de Abril", "name:etymology:wikidata": "Q193245", "name:etymology:wikipedia": "pt:Revolu\u00e7\u00e3o de 25 de Abril de 1974", "name:pt": "Avenida 25 de Abril", "parking:lane:right": "no_parking", "ref": "ER 1-1\u00aa", "sidewalk": "left", "sidewalk:left:surface": "sett", "smoothness": "good", "surface": "concrete", "width": "9.5"}}, {"type": "Feature", "geometry": {"type": "LineString", "coordinates": [[-28.6246464, 38.538617], [-28.6245065, 38.5387682], [-28.6243484, 38.5389268], [-28.6236733, 38.5395509]]}, "properties": {"highway": "primary", "lanes": "2", "lanes:backward": "1", "lanes:forward": "1", "lit": "yes", "name": "Avenida 25 de Abril", "name:etymology": "Revolu\u00e7\u00e3o de 25 de Abril", "name:etymology:wikidata": "Q193245", "name:etymology:wikipedia": "pt:Revolu\u00e7\u00e3o de 25 de Abril de 1974", "name:pt": "Avenida 25 de Abril", "parking:lane:both": "parallel", "ref": "ER 1-1\u00aa", "sidewalk": "left", "sidewalk:left:surface": "sett", "smoothness": "good", "surface": "concrete", "width": "9.5"}}, {"type": "Feature", "geometry": {"type": "LineString", "coordinates": [[-28.624835, 38.5384067], [-28.6246464, 38.538617]]}, "properties": {"highway": "primary", "lanes": "2", "lanes:backward": "1", "lanes:forward": "1", "lit": "yes", "name": "Avenida 25 de Abril", "name:etymology": "Revolu\u00e7\u00e3o de 25 de Abril", "name:etymology:wikidata": "Q193245", "name:etymology:wikipedia": "pt:Revolu\u00e7\u00e3o de 25 de Abril de 1974", "name:pt": "Avenida 25 de Abril", "parking:lane:both": "parallel", "ref": "ER 1-1\u00aa", "sidewalk": "left", "sidewalk:left:surface": "sett", "smoothness": "good", "surface": "concrete", "width": "9.5"}}, {"type": "Feature", "geometry": {"type": "LineString", "coordinates": [[-28.6143757, 38.5472844], [-28.6147341, 38.5474032], [-28.6156176, 38.5476962], [-28.615971, 38.5478151], [-28.616087, 38.5478592], [-28.6161715, 38.547898], [-28.6162331, 38.5479315], [-28.6164164, 38.5480404]]}, "properties": {"destination:forward": "Caldeira;Praia do Almoxarife;Parque de Campismo;Misadouro da Espalamaca", "highway": "primary", "lanes": "2", "lanes:backward": "1", "lanes:forward": "1", "maxspeed": "50", "name": "Estrada 1\u00ba de Maio", "name:etymology": "Dia do Trabalhador", "name:etymology:wikidata": "Q47499", "name:etymology:wikipedia": "pt:Dia do Trabalhador", "name:pt": "Estrada 1\u00ba de Maio", "ref": "ER 1-1\u00aa", "sidewalk": "no", "smoothness": "good", "source:maxspeed": "sign", "surface": "asphalt", "width": "7"}}, {"type": "Feature", "geometry": {"type": "LineString", "coordinates": [[-28.6203259, 38.5441325], [-28.6202926, 38.5443538], [-28.6202825, 38.5444235], [-28.620273, 38.5444691], [-28.6202599, 38.5445059], [-28.6202347, 38.5445608], [-28.620202, 38.5446178], [-28.6201692, 38.5446583], [-28.6201319, 38.5446995], [-28.6200824, 38.5447415], [-28.6200286, 38.5447773], [-28.6199798, 38.5448034], [-28.6199265, 38.5448258], [-28.6198709, 38.5448436], [-28.6197918, 38.544856], [-28.6197186, 38.5448633], [-28.6194748, 38.5448747], [-28.6184339, 38.544898], [-28.6184094, 38.5448985], [-28.6183099, 38.5448966], [-28.6182637, 38.5448927], [-28.6182254, 38.5448871], [-28.6181783, 38.5448763], [-28.6181188, 38.5448586], [-28.6180504, 38.5448311], [-28.6179838, 38.5447981], [-28.6179149, 38.5447571], [-28.6178722, 38.5447271], [-28.617803, 38.5446686], [-28.6172845, 38.5441684], [-28.6172203, 38.5441174], [-28.6171575, 38.5440813], [-28.6170885, 38.5440513], [-28.6170072, 38.5440287], [-28.6169292, 38.5440119], [-28.61685, 38.544004], [-28.6167891, 38.5440024], [-28.6167099, 38.5440045], [-28.615546, 38.5441496]]}, "properties": {"destination:forward": "Caldeira;Praia do Almoxarife;Parque de Campismo;Misadouro da Espalamaca", "highway": "primary", "lanes": "2", "lanes:backward": "1", "lanes:forward": "1", "lit": "yes", "maxspeed": "60", "name": "Estrada 1\u00ba de Maio", "name:etymology": "Dia do Trabalhador", "name:etymology:wikidata": "Q47499", "name:etymology:wikipedia": "pt:Dia do Trabalhador", "name:pt": "Estrada 1\u00ba de Maio", "ref": "ER 1-1\u00aa", "sidewalk": "no", "smoothness": "good", "source:maxspeed": "sign", "surface": "asphalt", "width": "6.5"}}, {"type": "Feature", "geometry": {"type": "LineString", "coordinates": [[-28.6205955, 38.5425915], [-28.6204597, 38.543366], [-28.6203259, 38.5441325]]}, "properties": {"destination:forward": "Caldeira;Praia do Almoxarife;Parque de Campismo;Misadouro da Espalamaca", "highway": "primary", "lanes": "2", "lanes:backward": "1", "lanes:forward": "1", "lit": "yes", "maxspeed": "50", "name": "Estrada 1\u00ba de Maio", "name:etymology": "Dia do Trabalhador", "name:etymology:wikidata": "Q47499", "name:etymology:wikipedia": "pt:Dia do Trabalhador", "name:pt": "Estrada 1\u00ba de Maio", "ref": "ER 1-1\u00aa", "sidewalk": "no", "smoothness": "good", "source": "SRIT", "source:maxspeed": "PT:urban", "surface": "asphalt", "width": "6.5"}}, {"type": "Feature", "geometry": {"type": "LineString", "coordinates": [[-28.6212131, 38.5691075], [-28.6211987, 38.5691424], [-28.6210854, 38.5694181], [-28.6208958, 38.569858], [-28.6208057, 38.5700766]]}, "properties": {"highway": "primary", "lanes": "2", "lanes:backward": "1", "lanes:forward": "1", "lit": "yes", "maxspeed": "50", "name": "Estrada Regional 1-1", "ref": "ER 1-1\u00aa", "sidewalk": "right", "smoothness": "intermediate", "source:maxspeed": "PT:urban", "surface": "asphalt", "width": "6"}}, {"type": "Feature", "geometry": {"type": "LineString", "coordinates": [[-28.6213303, 38.5688433], [-28.6212131, 38.5691075]]}, "properties": {"highway": "primary", "lanes": "2", "lanes:backward": "1", "lanes:forward": "1", "lit": "yes", "maxspeed": "50", "name": "Estrada Regional 1-1", "ref": "ER 1-1\u00aa", "sidewalk": "no", "smoothness": "intermediate", "source:maxspeed": "PT:urban", "surface": "asphalt", "width": "6"}}, {"type": "Feature", "geometry": {"type": "LineString", "coordinates": [[-28.6208057, 38.5700766], [-28.6205372, 38.5706972], [-28.62048, 38.5708295], [-28.6204598, 38.570877], [-28.6204472, 38.5709065], [-28.6202547, 38.5713579], [-28.6200364, 38.5718697], [-28.6198983, 38.5721998]]}, "properties": {"highway": "primary", "lanes": "2", "lanes:backward": "1", "lanes:forward": "1", "lit": "yes", "maxspeed": "50", "name": "Estrada Regional 1-1", "ref": "ER 1-1\u00aa", "sidewalk": "no", "smoothness": "intermediate", "source:maxspeed": "PT:urban", "surface": "asphalt", "width": "6"}}, {"type": "Feature", "geometry": {"type": "LineString", "coordinates": [[-28.6266941, 38.5595873], [-28.6265393, 38.5596509], [-28.6263077, 38.559743], [-28.6255286, 38.5600527], [-28.6251785, 38.5601919], [-28.6248455, 38.5603224], [-28.6248412, 38.5603241], [-28.6247974, 38.5603415], [-28.6247399, 38.5603644], [-28.624363, 38.5605142], [-28.6240932, 38.5606214], [-28.6236907, 38.5607814], [-28.6236385, 38.5608022]]}, "properties": {"highway": "primary", "lanes": "2", "lanes:backward": "1", "lanes:forward": "1", "lit": "yes", "maxspeed": "50", "name": "Estrada Regional 1-1", "ref": "ER 1-1\u00aa", "sidewalk": "no", "smoothness": "excellent", "source:maxspeed": "PT:urban", "surface": "asphalt", "width": "6"}}, {"type": "Feature", "geometry": {"type": "LineString", "coordinates": [[-28.6302605, 38.5581356], [-28.6302291, 38.558154], [-28.6299012, 38.5582963]]}, "properties": {"destination:forward": "Almoxarife;Parque de Campismo", "highway": "primary", "lanes": "2", "lanes:backward": "1", "lanes:forward": "1", "maxspeed": "90", "name": "Estrada Regional 1-1", "ref": "ER 1-1\u00aa", "sidewalk": "no", "smoothness": "excellent", "source:maxspeed": "PT:rural", "surface": "asphalt", "width": "6"}}, {"type": "Feature", "geometry": {"type": "LineString", "coordinates": [[-28.6200312, 38.5488221], [-28.620028, 38.5488956], [-28.6199522, 38.5492174], [-28.6198188, 38.54976], [-28.6198006, 38.5498541], [-28.6197945, 38.5499495], [-28.6197973, 38.5500405], [-28.6198076, 38.5501124], [-28.6198209, 38.5501636], [-28.6198453, 38.5502486], [-28.6198682, 38.5503004]]}, "properties": {"destination:backward": "Horta;Espalamaca;Caldeira", "destination:forward": "Almoxarife;Campismo", "highway": "primary", "lanes": "2", "lanes:backward": "1", "lanes:forward": "1", "maxspeed": "90", "name": "Estrada Regional 1-1", "ref": "ER 1-1\u00aa", "sidewalk": "no", "smoothness": "excellent", "source:maxspeed": "PT:rural", "surface": "asphalt", "width": "6"}}, {"type": "Feature", "geometry": {"type": "LineString", "coordinates": [[-28.6183134, 38.5485256], [-28.6184796, 38.5485368], [-28.6197085, 38.5486197]]}, "properties": {"highway": "primary", "lanes": "2", "lanes:backward": "1", "lanes:forward": "1", "lit": "yes", "maxspeed": "50", "name": "Estrada 1\u00ba de Maio", "name:etymology": "Dia do Trabalhador", "name:etymology:wikidata": "Q47499", "name:etymology:wikipedia": "pt:Dia do Trabalhador", "name:pt": "Estrada 1\u00ba de Maio", "ref": "ER 1-1\u00aa", "sidewalk": "no", "smoothness": "good", "source:maxspeed": "sign", "surface": "asphalt", "width": "7"}}, {"type": "Feature", "geometry": {"type": "LineString", "coordinates": [[-28.6174976, 38.5756917], [-28.6174788, 38.5757098], [-28.6174096, 38.5757767], [-28.6171577, 38.5760308], [-28.6170339, 38.576155], [-28.6166925, 38.5764975]]}, "properties": {"highway": "primary", "lanes": "2", "lanes:backward": "1", "lanes:forward": "1", "lit": "yes", "maxspeed": "50", "name": "Estrada Regional 1-1", "ref": "ER 1-1\u00aa", "sidewalk": "no", "smoothness": "good", "source:maxspeed": "PT:urban", "surface": "asphalt", "width": "6"}}, {"type": "Feature", "geometry": {"type": "LineString", "coordinates": [[-28.6127636, 38.5837318], [-28.6127757, 38.5838221], [-28.6127886, 38.5839296], [-28.6128455, 38.58415], [-28.612872, 38.5842371]]}, "properties": {"highway": "primary", "lanes": "2", "lanes:backward": "1", "lanes:forward": "1", "maxspeed": "90", "name": "Estrada Regional 1-1", "ref": "ER 1-1\u00aa", "sidewalk": "no", "smoothness": "excellent", "source:maxspeed": "PT:rural", "surface": "asphalt", "width": "6"}}, {"type": "Feature", "geometry": {"type": "LineString", "coordinates": [[-28.6422668, 38.6073095], [-28.6423831, 38.607337], [-28.642458, 38.6073646], [-28.6425132, 38.6073928], [-28.6425887, 38.607454], [-28.6426401, 38.6075077], [-28.6426735, 38.6075447], [-28.6426951, 38.6075687], [-28.6432956, 38.6083494], [-28.6433913, 38.6084594], [-28.6434586, 38.6085292], [-28.6435364, 38.6086002], [-28.6435954, 38.6086431], [-28.6438137, 38.6087542], [-28.6440939, 38.6088967], [-28.6441662, 38.6089268], [-28.6442152, 38.60894], [-28.644254, 38.6089479], [-28.6442988, 38.6089565], [-28.6443427, 38.6089664], [-28.6443883, 38.6089815], [-28.6444454, 38.6090058], [-28.6445151, 38.609045], [-28.6445553, 38.6090731], [-28.6446124, 38.6091196]]}, "properties": {"highway": "primary", "lanes": "2", "lanes:backward": "1", "lanes:forward": "1", "name": "Estrada Regional 1-1", "ref": "ER 1-1\u00aa", "sidewalk": "no", "smoothness": "good", "surface": "asphalt", "width": "6"}}, {"type": "Feature", "geometry": {"type": "LineString", "coordinates": [[-28.6581907, 38.6145032], [-28.6582627, 38.6145501], [-28.6583428, 38.6146173], [-28.6583947, 38.6146746], [-28.6588018, 38.6152726], [-28.6588385, 38.6153281], [-28.6589, 38.6154212], [-28.6589363, 38.6154793], [-28.6589733, 38.615545], [-28.6589925, 38.6155987], [-28.6590635, 38.6158488]]}, "properties": {"highway": "primary", "lanes": "2", "lanes:backward": "1", "lanes:forward": "1", "name": "Estrada Regional 1-1", "ref": "ER 1-1\u00aa", "sidewalk": "no", "smoothness": "excellent", "surface": "asphalt", "width": "6.5"}}, {"type": "Feature", "geometry": {"type": "LineString", "coordinates": [[-28.6874496, 38.6346608], [-28.6876068, 38.6347436]]}, "properties": {"bridge": "yes", "highway": "primary", "lanes": "2", "lanes:backward": "1", "lanes:forward": "1", "layer": "1", "lit": "yes", "maxspeed": "50", "name": "Estrada Regional 1-1", "ref": "ER 1-1\u00aa", "sidewalk": "no", "smoothness": "excellent", "source:maxspeed": "PT:urban", "surface": "asphalt", "width": "6.5"}}, {"type": "Feature", "geometry": {"type": "LineString", "coordinates": [[-28.68682, 38.634668], [-28.6868804, 38.6346252], [-28.6869281, 38.6345992], [-28.6869774, 38.6345804], [-28.6870354, 38.6345636], [-28.6870982, 38.6345536], [-28.6871419, 38.6345524], [-28.6872164, 38.634564], [-28.6872964, 38.6345881], [-28.6873714, 38.6346195], [-28.6874496, 38.6346608]]}, "properties": {"highway": "primary", "lanes": "2", "lanes:backward": "1", "lanes:forward": "1", "lit": "yes", "maxspeed": "50", "name": "Estrada Regional 1-1", "ref": "ER 1-1\u00aa", "sidewalk": "no", "smoothness": "excellent", "source:maxspeed": "PT:urban", "surface": "asphalt", "width": "6.5"}}, {"type": "Feature", "geometry": {"type": "LineString", "coordinates": [[-28.6929434, 38.6357576], [-28.6931344, 38.6357521], [-28.6931974, 38.63575], [-28.6932579, 38.6357446], [-28.693325, 38.6357355], [-28.6933644, 38.6357264], [-28.693433, 38.635713], [-28.6934874, 38.6357024], [-28.6935752, 38.6356791], [-28.6936145, 38.6356686], [-28.6936845, 38.6356498], [-28.6937541, 38.6356296], [-28.6938153, 38.6356141], [-28.6938374, 38.6356085], [-28.6938806, 38.6355997], [-28.6939544, 38.6355905], [-28.6940524, 38.6355881]]}, "properties": {"highway": "primary", "lanes": "2", "lanes:backward": "1", "lanes:forward": "1", "lit": "yes", "maxspeed": "50", "name": "Rua da Pra\u00e7a", "ref": "ER 1-1\u00aa", "sidewalk": "no", "smoothness": "excellent", "source:maxspeed": "PT:urban", "surface": "asphalt", "width": "6.5"}}, {"type": "Feature", "geometry": {"type": "LineString", "coordinates": [[-28.6727704, 38.6274707], [-28.6728257, 38.6275123], [-28.6728878, 38.6275487], [-28.6729955, 38.6276098], [-28.6731022, 38.6276653], [-28.6732869, 38.6277614], [-28.6734245, 38.6278314], [-28.6735173, 38.6278786], [-28.6738076, 38.6280262]]}, "properties": {"highway": "primary", "lanes": "2", "lanes:backward": "1", "lanes:forward": "1", "lit": "yes", "name": "Estrada Regional 1-1", "ref": "ER 1-1\u00aa", "sidewalk": "no", "smoothness": "excellent", "surface": "asphalt", "width": "6.5"}}, {"type": "Feature", "geometry": {"type": "LineString", "coordinates": [[-28.7194862, 38.6330651], [-28.7196175, 38.6329916], [-28.7196785, 38.6329658], [-28.7197475, 38.6329405], [-28.7198217, 38.6329259], [-28.719928, 38.6329156], [-28.720099, 38.6329175], [-28.7206677, 38.6329504], [-28.7207883, 38.632952], [-28.720891, 38.6329465], [-28.7209331, 38.6329412], [-28.7209977, 38.6329255], [-28.721099, 38.6328904], [-28.7212033, 38.6328444], [-28.7213051, 38.6327812], [-28.7213883, 38.6327201], [-28.7214367, 38.6326661], [-28.7214636, 38.6326206], [-28.721479, 38.6325735], [-28.7214844, 38.6325279], [-28.721477, 38.6324776], [-28.721462, 38.6324278], [-28.721429, 38.6323567], [-28.7213978, 38.6323076], [-28.7211847, 38.6319556], [-28.7211235, 38.631859], [-28.7207175, 38.6312429], [-28.7206808, 38.6311839], [-28.720643, 38.6311246], [-28.7205043, 38.6308906], [-28.7204371, 38.6307743], [-28.7203866, 38.6306692], [-28.720355, 38.6305843], [-28.7203306, 38.6305053], [-28.7203173, 38.6304272], [-28.7203124, 38.6303446], [-28.7203153, 38.6302165], [-28.7203505, 38.6298284], [-28.7203547, 38.6297595], [-28.7203703, 38.6294985]]}, "properties": {"highway": "primary", "lanes": "2", "lanes:backward": "1", "lanes:forward": "1", "lit": "yes", "maxspeed": "50", "name": "Estrada Regional 1-1", "ref": "ER 1-1\u00aa", "sidewalk": "no", "smoothness": "excellent", "source:maxspeed": "PT:urban", "surface": "asphalt", "width": "6.5"}}, {"type": "Feature", "geometry": {"type": "LineString", "coordinates": [[-28.7553091, 38.6019719], [-28.755456, 38.601847]]}, "properties": {"bridge": "yes", "highway": "primary", "lanes": "2", "lanes:backward": "1", "lanes:forward": "1", "layer": "1", "lit": "yes", "maxspeed": "50", "name": "Estrada Regional 1-1", "ref": "ER 1-1\u00aa", "sidewalk": "no", "smoothness": "excellent", "source:maxspeed": "PT:urban", "surface": "asphalt", "width": "6.5"}}, {"type": "Feature", "geometry": {"type": "LineString", "coordinates": [[-28.7516656, 38.604662], [-28.7517404, 38.6046041], [-28.7518071, 38.6045344], [-28.7518851, 38.60444], [-28.7520055, 38.6042841], [-28.7520832, 38.6041866], [-28.7521389, 38.6041102], [-28.7521764, 38.604045], [-28.7522177, 38.603963], [-28.7522547, 38.6038822], [-28.7522942, 38.6038017], [-28.7522999, 38.60379], [-28.7524206, 38.6035199], [-28.7524701, 38.6034044], [-28.7525487, 38.6032793], [-28.7525987, 38.6032205], [-28.7526676, 38.6031708], [-28.7527431, 38.6031347], [-28.7528211, 38.6031123], [-28.7528986, 38.6031006], [-28.7529992, 38.603104], [-28.7530408, 38.6031048], [-28.7530875, 38.6031076], [-28.7531435, 38.6031065], [-28.7532098, 38.603103], [-28.7532988, 38.6030915], [-28.7533472, 38.6030794], [-28.753401, 38.6030593], [-28.7535325, 38.6030027], [-28.754001, 38.6027761], [-28.7546261, 38.6024737], [-28.7547749, 38.6023984], [-28.7549077, 38.6023176], [-28.7549513, 38.6022813], [-28.7550293, 38.6022158], [-28.7553091, 38.6019719]]}, "properties": {"highway": "primary", "lanes": "2", "lanes:backward": "1", "lanes:forward": "1", "lit": "yes", "maxspeed": "50", "name": "Estrada Regional 1-1", "ref": "ER 1-1\u00aa", "sidewalk": "no", "smoothness": "excellent", "source:maxspeed": "PT:urban", "surface": "asphalt", "width": "6.5"}}, {"type": "Feature", "geometry": {"type": "LineString", "coordinates": [[-28.7510021, 38.6070029], [-28.7510725, 38.6069084], [-28.7511066, 38.6068535], [-28.7511417, 38.6067953], [-28.7511694, 38.6067479], [-28.7512258, 38.6066143], [-28.751246, 38.6065544], [-28.7512599, 38.6064987], [-28.7512737, 38.6064172], [-28.7512811, 38.6062982], [-28.7512779, 38.6060997], [-28.7512732, 38.6059608]]}, "properties": {"highway": "primary", "lanes": "2", "lanes:backward": "1", "lanes:forward": "1", "maxspeed": "50", "name": "Estrada Regional 1-1", "ref": "ER 1-1\u00aa", "sidewalk": "no", "smoothness": "excellent", "source:maxspeed": "PT:urban", "surface": "asphalt", "width": "6.5"}}, {"type": "Feature", "geometry": {"type": "LineString", "coordinates": [[-28.7847518, 38.5809667], [-28.7848377, 38.5810208], [-28.7849927, 38.5811152]]}, "properties": {"destination:backward": "Horta;Caldeira;Varadouro", "highway": "primary", "lanes": "2", "lanes:backward": "1", "lanes:forward": "1", "maxspeed": "90", "name": "Rua do Alto dos Cavacos", "ref": "ER 1-1\u00aa", "sidewalk": "no", "source:maxspeed": "PT:rural", "surface": "asphalt", "width": "6.5"}}, {"type": "Feature", "geometry": {"type": "LineString", "coordinates": [[-28.7593523, 38.5690298], [-28.7594197, 38.5690646], [-28.7594932, 38.5690959], [-28.7596114, 38.5691297], [-28.7596869, 38.5691497], [-28.7597803, 38.5691746], [-28.7602228, 38.5692918], [-28.7603968, 38.5693327], [-28.7607964, 38.5694382], [-28.7610551, 38.5694942], [-28.7612264, 38.5695234], [-28.7613573, 38.5695423], [-28.7614802, 38.5695523], [-28.7616315, 38.5695584], [-28.7618408, 38.5695566], [-28.7619789, 38.5695438], [-28.7627257, 38.5694619], [-28.7636215, 38.5693716], [-28.7640639, 38.5693231], [-28.764212, 38.5693179], [-28.7643717, 38.5693184], [-28.7644749, 38.5693226], [-28.7645829, 38.5693367], [-28.7646782, 38.5693534], [-28.7647757, 38.5693744], [-28.764855, 38.5693937], [-28.76495, 38.5694176], [-28.7650328, 38.5694447], [-28.765111, 38.5694757], [-28.7652545, 38.5695431], [-28.7653938, 38.5696141], [-28.7655164, 38.5696842], [-28.7655955, 38.5697331], [-28.7662171, 38.5701158], [-28.7662974, 38.5701613], [-28.7663927, 38.5702096], [-28.766529, 38.5702755], [-28.766614, 38.5703077], [-28.7667427, 38.5703517], [-28.7668943, 38.5703979], [-28.7671075, 38.5704534], [-28.7685814, 38.5708056], [-28.7687893, 38.5708561], [-28.7689152, 38.5708906], [-28.7690213, 38.5709231], [-28.770103, 38.5713256], [-28.7703396, 38.5714265], [-28.770412, 38.5714631], [-28.7704772, 38.5715105], [-28.770573, 38.5715964], [-28.7706176, 38.5716423], [-28.7706816, 38.5717276], [-28.7707301, 38.5718028], [-28.770775, 38.5718994], [-28.7708026, 38.5720292], [-28.7708163, 38.5721123], [-28.7708252, 38.572177], [-28.7708427, 38.5723308], [-28.7708628, 38.5724325], [-28.7708822, 38.5725041], [-28.7709061, 38.5725766], [-28.7709399, 38.5726797], [-28.7709853, 38.5728131], [-28.7710035, 38.5728666], [-28.7711709, 38.5733855], [-28.7712232, 38.5735308]]}, "properties": {"destination:backward": "Horta;Caldeira", "highway": "primary", "lanes": "2", "lanes:backward": "1", "lanes:forward": "1", "name": "Rua da Ribeira do Cabo", "ref": "ER 1-1\u00aa", "sidewalk": "no", "surface": "asphalt", "width": "6.5"}}, {"type": "Feature", "geometry": {"type": "LineString", "coordinates": [[-28.7432861, 38.5382571], [-28.7433433, 38.5383791], [-28.7433912, 38.5385521], [-28.7435543, 38.5391771], [-28.743625, 38.5394781], [-28.7436545, 38.5395867], [-28.7436671, 38.5396333], [-28.7437064, 38.5397499], [-28.7437175, 38.5397765], [-28.7437392, 38.5398287], [-28.7437797, 38.5398893], [-28.7438346, 38.539942], [-28.7440935, 38.5401556], [-28.7441465, 38.5402144], [-28.7441612, 38.5402364], [-28.7441765, 38.5402592], [-28.7441995, 38.5403155], [-28.7442154, 38.5403794], [-28.744217, 38.5404394], [-28.7442095, 38.5405906], [-28.7441955, 38.5408676], [-28.7441924, 38.5409289], [-28.7441803, 38.5411676], [-28.7441737, 38.5412973], [-28.7441772, 38.5414679], [-28.7441826, 38.5415133], [-28.744195, 38.5415485], [-28.7442204, 38.5416015], [-28.7442472, 38.5416394], [-28.7442845, 38.5416839], [-28.7444124, 38.5418457], [-28.7444581, 38.5419119], [-28.7444913, 38.5419937], [-28.7444959, 38.5420051], [-28.7445226, 38.5421007], [-28.7445339, 38.5421787], [-28.7445709, 38.542374], [-28.744585, 38.5424297], [-28.7446046, 38.5424831], [-28.7446385, 38.5425433], [-28.7446866, 38.5426162], [-28.7447079, 38.5426484], [-28.7448899, 38.5429241], [-28.7450078, 38.5430933], [-28.7451019, 38.5432291], [-28.7452045, 38.5433771], [-28.7453062, 38.5435123], [-28.7453486, 38.5435579], [-28.7454775, 38.5436852], [-28.745799, 38.5439831], [-28.7460926, 38.5442867], [-28.7461641, 38.5443506], [-28.7462058, 38.5443837], [-28.7462492, 38.5444147], [-28.7463131, 38.5444564], [-28.7463865, 38.5444995], [-28.7464292, 38.5445245], [-28.746468, 38.544547], [-28.7466257, 38.5446298], [-28.7470262, 38.5448402], [-28.747073, 38.5448679], [-28.7471019, 38.5448885], [-28.7471181, 38.5449001], [-28.7471855, 38.5449664], [-28.7472375, 38.5450314], [-28.747404, 38.5452498]]}, "properties": {"destination:backward": "Horta", "highway": "primary", "lanes": "2", "lanes:backward": "1", "lanes:forward": "1", "lit": "yes", "maxspeed": "50", "name": "Lugar do Rosto Alto", "ref": "ER 1-1\u00aa", "sidewalk": "no", "smoothness": "intermediate", "source:maxspeed": "PT:urban", "surface": "asphalt", "width": "6.5"}}, {"type": "Feature", "geometry": {"type": "LineString", "coordinates": [[-28.7166363, 38.5222529], [-28.7166806, 38.5222563], [-28.7168161, 38.5222521]]}, "properties": {"highway": "primary", "lanes": "2", "lanes:backward": "1", "lanes:forward": "1", "maxspeed": "40", "name": "Rua da Carreira", "ref": "ER 1-1\u00aa", "smoothness": "good", "source:maxspeed": "sign", "surface": "asphalt"}}, {"type": "Feature", "geometry": {"type": "LineString", "coordinates": [[-28.7159913, 38.5221794], [-28.7162252, 38.5222132], [-28.7163015, 38.5222236], [-28.7164265, 38.5222406], [-28.7165344, 38.5222493], [-28.7166363, 38.5222529]]}, "properties": {"highway": "primary", "lanes": "1", "name": "Rua do Jogo", "oneway": "yes", "ref": "ER 1-1\u00aa", "smoothness": "good", "surface": "asphalt"}}, {"type": "Feature", "geometry": {"type": "LineString", "coordinates": [[-28.7157726, 38.5221349], [-28.7159913, 38.5221794]]}, "properties": {"highway": "primary", "lanes": "1", "name": "Rua do Jogo", "oneway": "yes", "placement": "middle_of:2", "ref": "ER 1-1\u00aa", "smoothness": "good", "surface": "asphalt", "turn:lanes": "left|through"}}, {"type": "Feature", "geometry": {"type": "LineString", "coordinates": [[-28.7139534, 38.5218656], [-28.7140554, 38.5218539], [-28.7141365, 38.521846], [-28.7142275, 38.5218384], [-28.7143652, 38.5218313], [-28.7144399, 38.5218319], [-28.7145002, 38.5218369], [-28.7145812, 38.5218476], [-28.7146729, 38.5218627], [-28.714773, 38.5218835], [-28.7149491, 38.5219268], [-28.7151089, 38.5219513]]}, "properties": {"destination:forward": "Varadouro", "highway": "primary", "lanes": "2", "lanes:backward": "1", "lanes:forward": "1", "lit": "yes", "maxspeed": "40", "name": "Rua do Jogo", "parking:lane:right": "no_parking", "ref": "ER 1-1\u00aa", "sidewalk": "no", "smoothness": "good", "source:maxspeed": "sign", "surface": "asphalt", "width": "6.5"}}, {"type": "Feature", "geometry": {"type": "LineString", "coordinates": [[-28.6909812, 38.5232244], [-28.6911314, 38.5231758], [-28.6912838, 38.5231174], [-28.6914313, 38.5230548], [-28.6915295, 38.5230094], [-28.6915813, 38.5229774], [-28.6916054, 38.5229624], [-28.6916584, 38.5229214], [-28.6917056, 38.5228857], [-28.6917483, 38.5228505], [-28.6917909, 38.5228082], [-28.6918602, 38.5227326], [-28.6919759, 38.5225843], [-28.6920141, 38.5225413], [-28.6920536, 38.5224997], [-28.6920947, 38.5224687], [-28.6921465, 38.5224395], [-28.692196, 38.5224169], [-28.6922493, 38.5223954], [-28.692301, 38.5223782], [-28.692352, 38.5223668], [-28.6924434, 38.5223537], [-28.6927128, 38.5223294], [-28.6929893, 38.5223094], [-28.6941619, 38.5222245], [-28.6943637, 38.522216], [-28.6945051, 38.522215], [-28.6950032, 38.5222161], [-28.6951478, 38.5222197], [-28.6955084, 38.5222286], [-28.695598, 38.5222332], [-28.6956799, 38.5222406], [-28.6958083, 38.5222524], [-28.69593, 38.5222663], [-28.6961507, 38.5222875], [-28.6964661, 38.5223332], [-28.6964831, 38.5223356], [-28.6967214, 38.522366], [-28.6968897, 38.5223871], [-28.6973605, 38.5224427], [-28.6974601, 38.5224544], [-28.6975725, 38.5224665], [-28.697659, 38.5224728], [-28.6977509, 38.5224761], [-28.6978963, 38.5224793], [-28.698, 38.5224772], [-28.6994025, 38.5224358]]}, "properties": {"highway": "primary", "lanes": "2", "lanes:backward": "1", "lanes:forward": "1", "lit": "yes", "maxspeed:type": "PT:urban", "name": "Rua do Pedregulho", "ref": "ER 1-1\u00aa", "sidewalk": "no", "smoothness": "good", "surface": "asphalt", "width": "6.5"}}, {"type": "Feature", "geometry": {"type": "LineString", "coordinates": [[-28.663418, 38.5227418], [-28.6632903, 38.522731], [-28.6631783, 38.5227209], [-28.6630421, 38.5227098], [-28.6630012, 38.522708], [-28.6629615, 38.5227063], [-28.6628556, 38.5227073], [-28.6627764, 38.5227126], [-28.662613, 38.5227272], [-28.6624711, 38.5227445], [-28.6621985, 38.5227795], [-28.6614007, 38.5228864], [-28.661287, 38.5229005], [-28.6611712, 38.5229112], [-28.6609942, 38.522922], [-28.660787, 38.5229333]]}, "properties": {"highway": "primary", "lanes": "2", "lanes:backward": "1", "lanes:forward": "1", "lit": "yes", "maxspeed": "90", "name": "Estrada Regional 1-1\u00aa - Ponta Furada", "ref": "ER 1-1\u00aa", "sidewalk": "no", "smoothness": "good", "source:maxspeed": "PT:rural", "surface": "asphalt", "width": "6.5"}}, {"type": "Feature", "geometry": {"type": "LineString", "coordinates": [[-25.4173408, 37.7242487], [-25.4170129, 37.7242686]]}, "properties": {"foot": "no", "highway": "trunk", "lanes": "1", "lit": "yes", "maxspeed": "60", "oneway": "yes", "ref": "ER 1-1\u00aa", "sidewalk": "no", "smoothness": "excellent", "source:maxspeed": "sign", "surface": "asphalt"}}, {"type": "Feature", "geometry": {"type": "LineString", "coordinates": [[-25.4168922, 37.7243556], [-25.4173898, 37.7243183]]}, "properties": {"foot": "no", "highway": "trunk", "lanes": "2", "lit": "yes", "maxspeed": "60", "oneway": "yes", "placement": "middle_of:2", "ref": "ER 1-1\u00aa", "sidewalk": "no", "smoothness": "excellent", "surface": "asphalt", "turn:lanes": "left|through"}}, {"type": "Feature", "geometry": {"type": "LineString", "coordinates": [[-25.4063707, 37.7278888], [-25.4062576, 37.7278948], [-25.4061688, 37.7278921], [-25.4056008, 37.7277469], [-25.4052085, 37.7276038], [-25.4049669, 37.7275239], [-25.4048228, 37.7274482], [-25.4047278, 37.7273743], [-25.4045851, 37.7272169], [-25.404347, 37.7269363], [-25.4042398, 37.7268453], [-25.4040978, 37.7267648], [-25.4039612, 37.7267278], [-25.4038155, 37.7267163], [-25.4036551, 37.7267349], [-25.4032553, 37.7268271]]}, "properties": {"destination:backward": "Vila Franca do Campo;Ponta Delgada", "highway": "primary", "lanes": "2", "maxspeed": "80", "ref": "ER 1-1\u00aa", "shoulder": "no", "sidewalk": "no", "smoothness": "intermediate", "source:maxspeed": "sign", "surface": "asphalt", "width": "6.5"}}, {"type": "Feature", "geometry": {"type": "LineString", "coordinates": [[-25.4132143, 37.7250124], [-25.413165, 37.7251792], [-25.4131127, 37.7253918], [-25.4130775, 37.7255131], [-25.4130307, 37.7255927], [-25.4129624, 37.7256509], [-25.4129074, 37.7256796], [-25.4128248, 37.7257078], [-25.4127372, 37.7257129], [-25.4126376, 37.7256907], [-25.412533, 37.7256478], [-25.4120046, 37.7253631], [-25.411911, 37.7253436], [-25.4118101, 37.7253404], [-25.4116871, 37.7253618], [-25.4115799, 37.7254022]]}, "properties": {"highway": "primary", "lanes": "2", "maxspeed": "80", "overtaking": "no", "ref": "ER 1-1\u00aa", "shoulder": "no", "sidewalk": "no", "smoothness": "good", "source:maxspeed": "sign", "surface": "asphalt", "width": "6.5"}}, {"type": "Feature", "geometry": {"type": "LineString", "coordinates": [[-25.4148467, 37.7244834], [-25.4145681, 37.7245027], [-25.4140573, 37.7245415], [-25.4137753, 37.7245623], [-25.4136458, 37.724586], [-25.4135227, 37.7246328], [-25.4134027, 37.7246948], [-25.4133245, 37.7247711], [-25.4132541, 37.7248973], [-25.4132143, 37.7250124]]}, "properties": {"highway": "primary", "lanes": "2", "maxspeed": "80", "ref": "ER 1-1\u00aa", "shoulder": "no", "sidewalk": "no", "smoothness": "good", "source:maxspeed": "sign", "surface": "asphalt", "width": "6.5"}}, {"type": "Feature", "geometry": {"type": "LineString", "coordinates": [[-25.4012581, 37.7260382], [-25.401139, 37.7260169]]}, "properties": {"destination:backward": "Vila Franca do Campo;Ponta Delgada", "destination:forward": "Povoa\u00e7\u00e3o:Furnas", "highway": "primary", "lanes": "2", "maxspeed": "80", "ref": "ER 1-1\u00aa", "sidewalk": "no", "smoothness": "excellent", "source:maxspeed": "sign", "surface": "asphalt", "width": "6.5"}}, {"type": "Feature", "geometry": {"type": "LineString", "coordinates": [[-25.4015888, 37.7261188], [-25.4014558, 37.7260825], [-25.4012581, 37.7260382]]}, "properties": {"destination:backward": "Vila Franca do Campo;Ponta Delgada", "destination:forward": "Povoa\u00e7\u00e3o:Furnas", "highway": "primary", "lanes": "2", "maxspeed": "80", "ref": "ER 1-1\u00aa", "sidewalk": "no", "smoothness": "excellent", "source:maxspeed": "sign", "surface": "asphalt", "width": "6.5"}}, {"type": "Feature", "geometry": {"type": "LineString", "coordinates": [[-25.4032553, 37.7268271], [-25.4029195, 37.7268975], [-25.4028123, 37.7268967], [-25.4026553, 37.7268666], [-25.4025097, 37.7267956], [-25.4023586, 37.7266836], [-25.4018803, 37.7263013], [-25.4016942, 37.7261697], [-25.4015888, 37.7261188]]}, "properties": {"destination:backward": "Vila Franca do Campo;Ponta Delgada", "destination:forward": "Povoa\u00e7\u00e3o:Furnas", "highway": "primary", "lanes": "2", "maxspeed": "80", "ref": "ER 1-1\u00aa", "shoulder": "no", "sidewalk": "no", "smoothness": "excellent", "source:maxspeed": "sign", "surface": "asphalt", "width": "6.5"}}, {"type": "Feature", "geometry": {"type": "LineString", "coordinates": [[-25.3913972, 37.7281425], [-25.3912148, 37.728027], [-25.3908951, 37.7278123], [-25.3907668, 37.7277485], [-25.3906231, 37.7277112], [-25.3904575, 37.7277043], [-25.3903136, 37.727732], [-25.3901781, 37.7277809], [-25.390084, 37.7278633], [-25.3900104, 37.7279671], [-25.3899783, 37.7280705]]}, "properties": {"highway": "primary", "lanes": "2", "maxspeed": "90", "overtaking": "no", "ref": "ER 1-1\u00aa", "shoulder": "no", "sidewalk": "no", "smoothness": "excellent", "source:maxspeed": "PT:rural", "surface": "asphalt", "width": "6.5"}}, {"type": "Feature", "geometry": {"type": "LineString", "coordinates": [[-25.3962055, 37.7275901], [-25.39579, 37.7276016], [-25.3956592, 37.7276162], [-25.3948976, 37.7277734], [-25.3946708, 37.7278268], [-25.3937709, 37.7280578], [-25.39359, 37.7281006], [-25.3933579, 37.7281352], [-25.393059, 37.728167], [-25.3922601, 37.7282166], [-25.3919999, 37.7282301], [-25.3918038, 37.7282354], [-25.3916759, 37.7282236], [-25.391529, 37.7281937], [-25.3913972, 37.7281425]]}, "properties": {"highway": "primary", "lanes": "2", "maxspeed": "90", "ref": "ER 1-1\u00aa", "shoulder": "no", "sidewalk": "no", "smoothness": "intermediate", "source:maxspeed": "PT:rural", "surface": "asphalt", "width": "6.5"}}, {"type": "Feature", "geometry": {"type": "LineString", "coordinates": [[-25.360484, 37.7443875], [-25.3604002, 37.7442244], [-25.3601615, 37.7437822], [-25.360042, 37.7435769], [-25.3599215, 37.7434015], [-25.3595141, 37.7428806], [-25.3594343, 37.7427691], [-25.3593584, 37.7426134], [-25.3593086, 37.7424396], [-25.3592293, 37.7421373], [-25.3591463, 37.7418921], [-25.3590035, 37.74157], [-25.358811, 37.7411829], [-25.3587842, 37.7411384], [-25.3587032, 37.7410039]]}, "properties": {"highway": "primary", "lanes": "2", "maxspeed": "90", "ref": "ER 1-1\u00aa", "shoulder": "no", "sidewalk": "no", "smoothness": "intermediate", "source:maxspeed": "PT:rural", "surface": "asphalt", "width": "6.5"}}, {"type": "Feature", "geometry": {"type": "LineString", "coordinates": [[-25.3631885, 37.7437113], [-25.362946, 37.7437519], [-25.3627891, 37.7437975], [-25.3626414, 37.7438691], [-25.3625099, 37.7439653], [-25.3624031, 37.7440804], [-25.3622751, 37.7442902], [-25.3620246, 37.7447317], [-25.3619627, 37.7448263], [-25.3618843, 37.7449058], [-25.3617923, 37.744971], [-25.3614919, 37.7451004], [-25.3611728, 37.7452173], [-25.3610401, 37.745243], [-25.3608709, 37.7452457], [-25.3607382, 37.7452052], [-25.3606457, 37.7451418], [-25.3605817, 37.745059], [-25.3605491, 37.7449583], [-25.3605365, 37.7448077], [-25.3605397, 37.7446264], [-25.3605311, 37.7445172], [-25.360484, 37.7443875]]}, "properties": {"highway": "primary", "lanes": "2", "maxspeed": "90", "overtaking": "no", "ref": "ER 1-1\u00aa", "sidewalk": "no", "smoothness": "excellent", "source:maxspeed": "PT:rural", "surface": "asphalt", "width": "6.5"}}, {"type": "Feature", "geometry": {"type": "LineString", "coordinates": [[-25.3672761, 37.7429646], [-25.3664298, 37.7435231], [-25.3660795, 37.7437354], [-25.3659659, 37.7437991], [-25.3658632, 37.7438367], [-25.3657415, 37.7438632], [-25.3655943, 37.7438565], [-25.3654455, 37.7438246], [-25.3652119, 37.7437499], [-25.3649412, 37.7436666], [-25.3647229, 37.7436055], [-25.3645646, 37.7435751], [-25.3644278, 37.7435654], [-25.3642747, 37.7435691], [-25.3638072, 37.7436233], [-25.3631885, 37.7437113]]}, "properties": {"highway": "primary", "lanes": "2", "maxspeed": "90", "ref": "ER 1-1\u00aa", "shoulder": "no", "sidewalk": "no", "smoothness": "excellent", "source:maxspeed": "PT:rural", "surface": "asphalt", "width": "6.5"}}, {"type": "Feature", "geometry": {"type": "LineString", "coordinates": [[-25.3699945, 37.7434186], [-25.3695581, 37.7436447], [-25.3693829, 37.7437215], [-25.3692951, 37.743741], [-25.3691926, 37.7437478], [-25.3690319, 37.7437367], [-25.368861, 37.7436883], [-25.3686947, 37.7436018], [-25.3685582, 37.7434885], [-25.3684249, 37.7433399], [-25.3682949, 37.743144], [-25.368166, 37.742984], [-25.3680543, 37.7428955], [-25.3679014, 37.7428358], [-25.3677817, 37.7428274], [-25.367579, 37.7428399], [-25.3674276, 37.7428846], [-25.3672761, 37.7429646]]}, "properties": {"highway": "primary", "lanes": "2", "maxspeed": "90", "overtaking": "no", "ref": "ER 1-1\u00aa", "shoulder": "no", "sidewalk": "no", "smoothness": "intermediate", "source:maxspeed": "PT:rural", "surface": "asphalt", "width": "6.5"}}, {"type": "Feature", "geometry": {"type": "LineString", "coordinates": [[-25.3745943, 37.7398614], [-25.3739804, 37.7400915], [-25.3738066, 37.7401654], [-25.3737102, 37.7402492], [-25.3736384, 37.7403431], [-25.373617, 37.7404299], [-25.3736401, 37.7405547], [-25.3737813, 37.7408601], [-25.3738663, 37.7410461], [-25.3739647, 37.7412932], [-25.3740803, 37.7415793], [-25.3740983, 37.7416974], [-25.3740904, 37.7418105], [-25.3740507, 37.7419098], [-25.3739735, 37.7420206], [-25.373189, 37.7428189], [-25.3728899, 37.7431252], [-25.3727576, 37.7432535], [-25.3726354, 37.7433499], [-25.3725045, 37.7434185], [-25.3723697, 37.743449], [-25.3721944, 37.7434556], [-25.3719211, 37.7434213], [-25.3713685, 37.7433533], [-25.3711719, 37.7433303], [-25.3709453, 37.7433039], [-25.3706916, 37.7432742], [-25.370492, 37.7432752], [-25.3703138, 37.7432997], [-25.3701492, 37.7433414], [-25.3699945, 37.7434186]]}, "properties": {"destination:forward": "Povoa\u00e7\u00e3o;Furnas", "highway": "primary", "lanes": "2", "maxspeed": "90", "ref": "ER 1-1\u00aa", "shoulder": "no", "sidewalk": "no", "smoothness": "intermediate", "source:maxspeed": "PT:rural", "surface": "asphalt", "width": "6.5"}}, {"type": "Feature", "geometry": {"type": "LineString", "coordinates": [[-25.3819022, 37.7360318], [-25.3814583, 37.7361262]]}, "properties": {"bridge": "yes", "foot": "yes", "highway": "primary", "lanes": "2", "layer": "1", "maxspeed": "90", "maxweight:signed": "no", "ref": "ER 1-1\u00aa", "shoulder": "no", "sidewalk": "no", "smoothness": "excellent", "source:maxspeed": "PT:rural", "surface": "asphalt", "width": "6"}}, {"type": "Feature", "geometry": {"type": "LineString", "coordinates": [[-25.3832786, 37.7355005], [-25.3831304, 37.7356431], [-25.383026, 37.7357263], [-25.382946, 37.7357753], [-25.3828235, 37.7358271], [-25.3827129, 37.7358561], [-25.3819022, 37.7360318]]}, "properties": {"destination:forward": "Povoa\u00e7\u00e3o;Furnas", "highway": "primary", "lanes": "2", "maxspeed": "90", "ref": "ER 1-1\u00aa", "shoulder": "no", "sidewalk": "no", "smoothness": "intermediate", "source:maxspeed": "PT:rural", "surface": "asphalt", "width": "6.5"}}, {"type": "Feature", "geometry": {"type": "LineString", "coordinates": [[-25.3836556, 37.7350734], [-25.3832786, 37.7355005]]}, "properties": {"destination:backward": "Vila Franca do Campo;Ponta Delgada", "highway": "primary", "lanes": "2", "maxspeed": "90", "ref": "ER 1-1\u00aa", "sidewalk": "no", "smoothness": "excellent", "source:maxspeed": "PT:rural", "surface": "asphalt", "width": "6.5"}}, {"type": "Feature", "geometry": {"type": "LineString", "coordinates": [[-25.3899783, 37.7280705], [-25.3899582, 37.728166], [-25.3898879, 37.7285492], [-25.3898066, 37.7287812], [-25.3897201, 37.7289716], [-25.3896208, 37.7291858], [-25.3895169, 37.729345], [-25.3893215, 37.7295966], [-25.3892323, 37.7297177], [-25.3891897, 37.7298154], [-25.3891814, 37.7299272], [-25.3891991, 37.7300304], [-25.3892548, 37.7301435], [-25.38936, 37.7302619], [-25.3896337, 37.7305027], [-25.3900773, 37.7309214], [-25.3901296, 37.731002], [-25.3901748, 37.7311405], [-25.390179, 37.731241], [-25.3901466, 37.7313643], [-25.3900842, 37.7314675], [-25.3899964, 37.7315728], [-25.3898656, 37.7316609], [-25.3897524, 37.7317039], [-25.3895679, 37.7317437], [-25.3888154, 37.7318461], [-25.3886482, 37.7318862], [-25.3885206, 37.7319365], [-25.3884119, 37.7320067], [-25.3881558, 37.7322483], [-25.3880114, 37.7323634], [-25.3878449, 37.7324603], [-25.3874046, 37.7326112], [-25.3872644, 37.7326292], [-25.3871503, 37.7326297], [-25.3863599, 37.7325423], [-25.386208, 37.7325485], [-25.3860169, 37.7325818], [-25.3858097, 37.7326571], [-25.3856641, 37.7327512], [-25.3854786, 37.7329288], [-25.3854078, 37.7330123], [-25.3845468, 37.7340283], [-25.3836556, 37.7350734]]}, "properties": {"destination:backward": "Vila Franca do Campo;Ponta Delgada", "highway": "primary", "lanes": "2", "maxspeed": "90", "ref": "ER 1-1\u00aa", "shoulder": "no", "sidewalk": "no", "smoothness": "intermediate", "source:maxspeed": "PT:rural", "surface": "asphalt", "width": "6.5"}}, {"type": "Feature", "geometry": {"type": "LineString", "coordinates": [[-25.3346763, 37.7355454], [-25.3342865, 37.7353285], [-25.3340448, 37.7351674], [-25.3337521, 37.7349457], [-25.3332596, 37.7345946], [-25.332956, 37.7343819], [-25.3327815, 37.7342797], [-25.3326112, 37.7341919], [-25.3324389, 37.7341348], [-25.3322359, 37.7340939], [-25.3319876, 37.7340697], [-25.3315195, 37.7340537], [-25.3310602, 37.7340649], [-25.3308939, 37.7340961], [-25.3307813, 37.7341501], [-25.3307162, 37.7342298], [-25.3306859, 37.7343423], [-25.3307072, 37.7344537], [-25.3307825, 37.7346091], [-25.3309831, 37.7350232], [-25.3310727, 37.7352623], [-25.3310978, 37.7354138], [-25.3310879, 37.7355381], [-25.3310351, 37.7356595], [-25.3309435, 37.735776], [-25.3308354, 37.7358522], [-25.3304145, 37.7360625], [-25.3296571, 37.7364072], [-25.3295398, 37.7365092], [-25.329461, 37.7366428], [-25.3294631, 37.7367685], [-25.3295095, 37.7369592], [-25.3296825, 37.7373918], [-25.3297221, 37.7375788], [-25.3297198, 37.7377383], [-25.3296839, 37.7379277], [-25.3295615, 37.7385231], [-25.3294838, 37.7390109], [-25.3294167, 37.7395437], [-25.3293444, 37.7401183]]}, "properties": {"cycleway": "no", "highway": "primary", "lanes": "2", "maxspeed": "90", "ref": "ER 1-1\u00aa", "shoulder": "no", "sidewalk": "no", "smoothness": "intermediate", "source:maxspeed": "PT:rural", "surface": "asphalt", "width": "6.5"}}, {"type": "Feature", "geometry": {"type": "LineString", "coordinates": [[-25.3372521, 37.7355993], [-25.3370909, 37.735479], [-25.3369913, 37.7354383], [-25.3368969, 37.7354278], [-25.3367929, 37.7354473], [-25.3367391, 37.7354919], [-25.3367049, 37.7355509], [-25.3366965, 37.7356117], [-25.3367246, 37.7356988], [-25.3368089, 37.7357889], [-25.3370102, 37.7359384], [-25.3370991, 37.7360312], [-25.3371357, 37.736126], [-25.3371322, 37.7362122], [-25.3370981, 37.7362851], [-25.3370262, 37.7363459], [-25.3369303, 37.7363928], [-25.3368065, 37.7364047], [-25.3367055, 37.7363937], [-25.336487, 37.7363044], [-25.3359067, 37.736076], [-25.3357212, 37.7360224], [-25.3356019, 37.7360031], [-25.3354969, 37.7359955], [-25.3353694, 37.7359879], [-25.3352483, 37.7359668], [-25.3351633, 37.7359247], [-25.3350665, 37.7358552], [-25.3348643, 37.7356733], [-25.3347704, 37.7356033], [-25.3346763, 37.7355454]]}, "properties": {"cycleway": "no", "highway": "primary", "lanes": "2", "maxspeed": "90", "overtaking": "no", "ref": "ER 1-1\u00aa", "shoulder": "no", "sidewalk": "no", "smoothness": "good", "source:maxspeed": "PT:rural", "surface": "asphalt", "width": "6.5"}}, {"type": "Feature", "geometry": {"type": "LineString", "coordinates": [[-25.3587032, 37.7410039], [-25.3585507, 37.7408147], [-25.3583774, 37.7406569], [-25.3582435, 37.7405472], [-25.3580662, 37.7404274], [-25.3579163, 37.7403657], [-25.3576899, 37.74034], [-25.3575151, 37.7403579], [-25.3573335, 37.7404149], [-25.3564963, 37.7408712], [-25.356306, 37.7410006], [-25.3561708, 37.7411435], [-25.3559608, 37.7414377], [-25.3558698, 37.7415391], [-25.3557786, 37.7416002], [-25.3556676, 37.7416321], [-25.3555049, 37.7416456], [-25.3551968, 37.7416242], [-25.35503, 37.7415821], [-25.3549372, 37.7415394], [-25.354892, 37.7415186], [-25.3547647, 37.7414132], [-25.3546769, 37.7412933], [-25.3546187, 37.7411532], [-25.3546097, 37.7410292], [-25.3547256, 37.7401756], [-25.3547399, 37.7399923], [-25.3547287, 37.7398095], [-25.354669, 37.7396914], [-25.354566, 37.7395681], [-25.3544137, 37.7394776], [-25.354037, 37.7393364], [-25.3536129, 37.7391939], [-25.3534776, 37.7391673], [-25.3533028, 37.7391498], [-25.3531322, 37.7391679], [-25.3529788, 37.7392121], [-25.3526264, 37.7393633], [-25.3524646, 37.7394155], [-25.3522973, 37.7394553], [-25.3521148, 37.7394847], [-25.351959, 37.7394963], [-25.3517874, 37.7395], [-25.3516099, 37.7394861], [-25.3515259, 37.739477], [-25.3514372, 37.7394382], [-25.3513598, 37.7393768], [-25.3513039, 37.7392989], [-25.3512518, 37.7391602], [-25.3511938, 37.7390568], [-25.3510997, 37.7389622], [-25.3509515, 37.7388677]]}, "properties": {"highway": "primary", "lanes": "2", "maxspeed": "90", "overtaking": "no", "ref": "ER 1-1\u00aa", "shoulder": "no", "sidewalk": "no", "smoothness": "good", "source:maxspeed": "PT:rural", "surface": "asphalt", "width": "6.5"}}, {"type": "Feature", "geometry": {"type": "LineString", "coordinates": [[-25.3168878, 37.7730963], [-25.3168165, 37.7731625], [-25.3167154, 37.7732119], [-25.3166379, 37.7732286], [-25.3165528, 37.7732227], [-25.3163382, 37.7732054], [-25.3161532, 37.7731874], [-25.3160869, 37.7731832]]}, "properties": {"highway": "primary", "lanes": "2", "lit": "yes", "maxspeed": "30", "ref": "ER 1-1\u00aa", "sidewalk": "no", "smoothness": "good", "source:maxspeed": "sign", "surface": "asphalt", "width": "6"}}, {"type": "Feature", "geometry": {"type": "LineString", "coordinates": [[-25.2946977, 37.7702516], [-25.2944109, 37.7701239], [-25.2942656, 37.7700432], [-25.2940141, 37.7699036]]}, "properties": {"destination:forward": "Nordeste;Povoa\u00e7\u00e3o", "highway": "primary", "lanes": "2", "maxspeed": "80", "ref": "ER 1-1\u00aa", "shoulder": "no", "sidewalk": "no", "surface": "asphalt", "width": "6.5"}}, {"type": "Feature", "geometry": {"type": "LineString", "coordinates": [[-25.2670883, 37.7486442], [-25.2669773, 37.748553], [-25.266912, 37.7485125], [-25.2667996, 37.748456], [-25.2666949, 37.7484121], [-25.2665736, 37.7483828], [-25.2664496, 37.7483652], [-25.2663024, 37.7483597], [-25.2657115, 37.7484168], [-25.2655855, 37.7484366], [-25.2651664, 37.7484938], [-25.2650635, 37.7485219], [-25.2649616, 37.7485728]]}, "properties": {"highway": "primary", "lanes": "2", "lit": "yes", "maxspeed": "50", "ref": "ER 1-1\u00aa", "sidewalk": "no", "source:maxspeed": "PT:urban", "surface": "asphalt", "width": "6"}}, {"type": "Feature", "geometry": {"type": "LineString", "coordinates": [[-25.2502094, 37.7475198], [-25.250048, 37.7474572], [-25.2499071, 37.7474053]]}, "properties": {"highway": "primary", "lanes": "2", "lit": "yes", "maxspeed": "50", "ref": "ER 1-1\u00aa", "sidewalk": "no", "source:maxspeed": "PT:urban", "surface": "asphalt", "width": "6"}}, {"type": "Feature", "geometry": {"type": "LineString", "coordinates": [[-25.5198486, 37.8222399], [-25.5197936, 37.8222579]]}, "properties": {"highway": "primary", "lane_markings": "no", "lit": "yes", "maxspeed": "50", "oneway": "no", "ref": "ER 1-1\u00aa", "sidewalk": "both", "surface": "asphalt", "width": "3.1"}}, {"type": "Feature", "geometry": {"type": "LineString", "coordinates": [[-25.5044419, 37.8257077], [-25.5038089, 37.8257433], [-25.5034978, 37.8257751], [-25.5032627, 37.8258257], [-25.5030129, 37.8258853], [-25.5023563, 37.8261179], [-25.5022748, 37.8261475], [-25.501193, 37.8265399], [-25.5010119, 37.8265844], [-25.5009348, 37.8265974], [-25.5007925, 37.8266168], [-25.5007526, 37.8266211]]}, "properties": {"destination:forward": "Nordeste;Povoa\u00e7\u00e3o", "highway": "primary", "lit": "yes", "name": "Rua do Ros\u00e1rio", "ref": "ER 1-1\u00aa", "sidewalk": "both", "surface": "asphalt"}}, {"type": "Feature", "geometry": {"type": "LineString", "coordinates": [[-25.3265906, 37.7493757], [-25.3263665, 37.7498455], [-25.3262645, 37.7500855]]}, "properties": {"highway": "primary", "lanes": "2", "lit": "no", "maxspeed": "40", "ref": "ER 1-1\u00aa", "sidewalk": "left", "sidewalk:left:surface": "ground", "smoothness": "bad", "source:maxspeed": "sign", "surface": "cobblestone:flattened", "width": "6"}}, {"type": "Feature", "geometry": {"type": "LineString", "coordinates": [[-25.3268713, 37.7487165], [-25.3266639, 37.7492036], [-25.3265906, 37.7493757]]}, "properties": {"highway": "primary", "lanes": "2", "lit": "no", "maxspeed": "40", "ref": "ER 1-1\u00aa", "shoulder": "no", "sidewalk": "no", "smoothness": "intermediate", "source:maxspeed": "sign", "surface": "sett", "width": "6"}}, {"type": "Feature", "geometry": {"type": "LineString", "coordinates": [[-25.3814583, 37.7361262], [-25.3804886, 37.7363298], [-25.3782202, 37.7368172], [-25.3781192, 37.7368389], [-25.3774809, 37.7369802], [-25.3772718, 37.737042], [-25.3771253, 37.7371199], [-25.3770332, 37.7372117], [-25.3769669, 37.7372998], [-25.3769278, 37.737365], [-25.3766611, 37.7378528], [-25.3761521, 37.7388152], [-25.375951, 37.739156], [-25.3758653, 37.7392643], [-25.3757819, 37.7393484], [-25.3757009, 37.7394118], [-25.3755906, 37.7394821], [-25.375379, 37.7395688], [-25.3751125, 37.7396668], [-25.3747372, 37.7398083], [-25.3745943, 37.7398614]]}, "properties": {"destination:backward": "Ponta Delgada;Vila Franca do Campo", "highway": "primary", "lanes": "2", "maxspeed": "90", "ref": "ER 1-1\u00aa", "shoulder": "no", "sidewalk": "no", "smoothness": "intermediate", "source:maxspeed": "PT:rural", "surface": "asphalt", "width": "6.5"}}, {"type": "Feature", "geometry": {"type": "LineString", "coordinates": [[-28.6208445, 38.5421381], [-28.6208164, 38.542158], [-28.6207808, 38.542186], [-28.6207272, 38.5422416], [-28.6206912, 38.5422819], [-28.6206709, 38.5423113], [-28.6206574, 38.5423388], [-28.6206539, 38.5423458], [-28.6206402, 38.5423891]]}, "properties": {"destination:forward": "Caldeira;Praia do Almoxarife", "highway": "primary", "lanes": "2", "lanes:backward": "1", "lanes:forward": "1", "name": "Avenida 25 de Abril", "name:etymology": "Revolu\u00e7\u00e3o de 25 de Abril", "name:etymology:wikidata": "Q193245", "name:etymology:wikipedia": "pt:Revolu\u00e7\u00e3o de 25 de Abril de 1974", "name:pt": "Avenida 25 de Abril", "ref": "ER 1-1\u00aa", "sidewalk": "left", "smoothness": "good", "surface": "concrete"}}, {"type": "Feature", "geometry": {"type": "LineString", "coordinates": [[-28.6208927, 38.5419613], [-28.6208951, 38.5419976], [-28.6208934, 38.5420222], [-28.6208909, 38.5420474], [-28.620886, 38.5420706], [-28.6208764, 38.5420934], [-28.6208644, 38.5421137], [-28.6208445, 38.5421381]]}, "properties": {"destination": "Caldeira;Praia do Almoxarife", "highway": "primary", "lanes": "1", "name": "Avenida 25 de Abril", "name:etymology": "Revolu\u00e7\u00e3o de 25 de Abril", "name:etymology:wikidata": "Q193245", "name:etymology:wikipedia": "pt:Revolu\u00e7\u00e3o de 25 de Abril de 1974", "name:pt": "Avenida 25 de Abril", "oneway": "yes", "ref": "ER 1-1\u00aa", "smoothness": "good", "surface": "concrete"}}, {"type": "Feature", "geometry": {"type": "LineString", "coordinates": [[-28.6208927, 38.5419613], [-28.6209026, 38.5419881], [-28.6209227, 38.5420164], [-28.6209457, 38.54204], [-28.6209725, 38.5420584], [-28.6210044, 38.5420737], [-28.621038, 38.542087]]}, "properties": {"highway": "primary", "junction": "roundabout", "lanes": "2", "lit": "yes", "name": "Avenida 25 de Abril", "name:etymology": "Revolu\u00e7\u00e3o de 25 de Abril", "name:etymology:wikidata": "Q193245", "name:etymology:wikipedia": "pt:Revolu\u00e7\u00e3o de 25 de Abril de 1974", "name:pt": "Avenida 25 de Abril", "ref": "ER 1-1\u00aa", "sidewalk": "no", "smoothness": "good", "surface": "concrete"}}, {"type": "Feature", "geometry": {"type": "LineString", "coordinates": [[-28.6738076, 38.6280262], [-28.6740027, 38.6281213]]}, "properties": {"bridge": "yes", "highway": "primary", "lanes": "2", "lanes:backward": "1", "lanes:forward": "1", "layer": "1", "lit": "yes", "name": "Estrada Regional 1-1", "ref": "ER 1-1\u00aa", "sidewalk": "no", "smoothness": "excellent", "surface": "asphalt", "width": "6.5"}}, {"type": "Feature", "geometry": {"type": "LineString", "coordinates": [[-28.6740027, 38.6281213], [-28.6740317, 38.6281366]]}, "properties": {"highway": "primary", "lanes": "2", "lanes:backward": "1", "lanes:forward": "1", "lit": "yes", "name": "Estrada Regional 1-1", "ref": "ER 1-1\u00aa", "sidewalk": "no", "smoothness": "excellent", "surface": "asphalt", "width": "6.5"}}, {"type": "Feature", "geometry": {"type": "LineString", "coordinates": [[-28.6222338, 38.597587], [-28.6221112, 38.5974583], [-28.6219591, 38.5972991], [-28.6219141, 38.5972624], [-28.6218375, 38.5972167], [-28.6215475, 38.5970917], [-28.6214621, 38.5970497], [-28.6214166, 38.597023], [-28.6212502, 38.5969134], [-28.6205985, 38.5963327], [-28.6205569, 38.5962908], [-28.6202082, 38.5958799], [-28.6201774, 38.595839], [-28.6201346, 38.595733], [-28.6201237, 38.595686], [-28.6201103, 38.5953684], [-28.6201009, 38.5952982], [-28.6200754, 38.5952238], [-28.6200499, 38.595169], [-28.6199798, 38.5950648], [-28.6198736, 38.5949694], [-28.619605, 38.5947988], [-28.6195216, 38.5947406], [-28.619455, 38.5946838], [-28.6193685, 38.5945845], [-28.6191742, 38.5943202], [-28.6189248, 38.5940351], [-28.6187008, 38.5937774], [-28.6186203, 38.5936661], [-28.6185239, 38.5935191], [-28.6184675, 38.5934188], [-28.6184192, 38.593314], [-28.6183742, 38.5932088]]}, "properties": {"highway": "primary", "lanes": "2", "lanes:backward": "1", "lanes:forward": "1", "name": "Estrada Regional 1-1", "ref": "ER 1-1\u00aa", "sidewalk": "no", "smoothness": "good", "surface": "asphalt", "width": "6"}}, {"type": "Feature", "geometry": {"type": "LineString", "coordinates": [[-28.6198682, 38.5503004], [-28.6199011, 38.550368], [-28.6199262, 38.5504058], [-28.6199716, 38.5504615], [-28.6200196, 38.5505132], [-28.620066, 38.5505615], [-28.6201193, 38.5506085], [-28.620201, 38.5506694], [-28.6202845, 38.5507226], [-28.6204209, 38.5507986], [-28.6212006, 38.5512238], [-28.6219929, 38.5516494], [-28.6220676, 38.5516858], [-28.6221479, 38.5517222], [-28.6222485, 38.551762], [-28.6223389, 38.5517939], [-28.6224715, 38.5518375], [-28.6232494, 38.5520566], [-28.6233591, 38.5520912], [-28.6234514, 38.552125], [-28.6235227, 38.5521557], [-28.6239263, 38.5523447], [-28.6250408, 38.5528693], [-28.6253754, 38.5530226], [-28.6255404, 38.5531096], [-28.6257562, 38.553241], [-28.6258861, 38.5533305], [-28.6260013, 38.5534162], [-28.630399, 38.5568114], [-28.6304643, 38.5568739], [-28.6305335, 38.556952], [-28.6305908, 38.5570345], [-28.6306283, 38.557105], [-28.6306535, 38.5571653], [-28.6306794, 38.557243], [-28.6306865, 38.5572919], [-28.6306919, 38.5573511], [-28.6306933, 38.5574214], [-28.6306902, 38.5574767], [-28.6306831, 38.5575427], [-28.6306581, 38.5576335], [-28.630628, 38.5577154], [-28.6305827, 38.557802], [-28.6305325, 38.5578779], [-28.6304724, 38.5579601], [-28.6303952, 38.5580334], [-28.6302605, 38.5581356]]}, "properties": {"destination:forward": "Almoxarife;Parque de Campismo", "highway": "primary", "lanes": "2", "lanes:backward": "1", "lanes:forward": "1", "maxspeed": "90", "name": "Estrada Regional 1-1", "ref": "ER 1-1\u00aa", "sidewalk": "no", "smoothness": "good", "source:maxspeed": "PT:rural", "surface": "asphalt", "width": "6"}}, {"type": "Feature", "geometry": {"type": "LineString", "coordinates": [[-28.7263197, 38.5246764], [-28.72644, 38.524706], [-28.7269099, 38.5248219], [-28.7271139, 38.5248722], [-28.7276285, 38.5249992], [-28.7276504, 38.5250046], [-28.7279073, 38.5250671], [-28.7283172, 38.5251719], [-28.7284857, 38.5252146], [-28.7285166, 38.5252224], [-28.7285589, 38.5252332], [-28.7287201, 38.525274], [-28.7287914, 38.525293], [-28.7288564, 38.525318], [-28.7289295, 38.525351], [-28.728983, 38.525382], [-28.7290664, 38.5254352], [-28.7291899, 38.5255141], [-28.7296099, 38.5257823], [-28.7297676, 38.5258851], [-28.7298621, 38.525948], [-28.7299763, 38.5260306], [-28.7300906, 38.526121], [-28.7301459, 38.526167], [-28.7303132, 38.526325], [-28.7304285, 38.5264179], [-28.730492, 38.5264613], [-28.7305597, 38.5265036], [-28.7306523, 38.5265543], [-28.7306981, 38.5265794], [-28.731085, 38.526786], [-28.7311167, 38.5268027], [-28.731435, 38.5269863], [-28.731541, 38.5270534], [-28.7316841, 38.5271477], [-28.7319053, 38.5273024], [-28.7319662, 38.5273499], [-28.7320338, 38.5274126], [-28.7320894, 38.527474], [-28.7321762, 38.5275789], [-28.7322845, 38.5277075]]}, "properties": {"highway": "primary", "lanes": "2", "lanes:backward": "1", "lanes:forward": "1", "lit": "yes", "maxspeed": "50", "name": "Rua da Igreja", "ref": "ER 1-1\u00aa", "sidewalk": "no", "smoothness": "intermediate", "source:maxspeed": "PT:urban", "surface": "asphalt", "width": "6.5"}}, {"type": "Feature", "geometry": {"type": "LineString", "coordinates": [[-25.5358197, 37.8160882], [-25.5356432, 37.8160865], [-25.5354725, 37.8160884], [-25.535315, 37.8161149]]}, "properties": {"highway": "primary", "name": "Rua do Mourato", "ref": "ER 1-1\u00aa", "surface": "asphalt"}}, {"type": "Feature", "geometry": {"type": "LineString", "coordinates": [[-28.6130304, 38.5855696], [-28.6130594, 38.5856135], [-28.6131056, 38.5856653]]}, "properties": {"highway": "primary", "lanes": "2", "lanes:backward": "1", "lanes:forward": "1", "lit": "yes", "maxspeed": "50", "name": "Estrada Regional 1-1", "ref": "ER 1-1\u00aa", "sidewalk": "no", "smoothness": "good", "source:maxspeed": "PT:urban", "surface": "asphalt", "width": "6"}}, {"type": "Feature", "geometry": {"type": "LineString", "coordinates": [[-28.6131056, 38.5856653], [-28.6131567, 38.585711], [-28.6132235, 38.5857564], [-28.6133201, 38.5858147], [-28.6135066, 38.5859246], [-28.6135197, 38.5859323], [-28.6136716, 38.5860218], [-28.613724, 38.5860527], [-28.6140458, 38.5862409]]}, "properties": {"highway": "primary", "lanes": "2", "lanes:backward": "1", "lanes:forward": "1", "lit": "yes", "maxspeed": "50", "name": "Estrada Regional 1-1", "ref": "ER 1-1\u00aa", "sidewalk": "no", "smoothness": "good", "source:maxspeed": "PT:urban", "surface": "asphalt", "width": "6"}}, {"type": "Feature", "geometry": {"type": "LineString", "coordinates": [[-28.6150341, 38.5830917], [-28.614872, 38.5830661], [-28.6147593, 38.5830472], [-28.6146798, 38.5830382], [-28.6145791, 38.5830298], [-28.614416, 38.583022], [-28.614302, 38.5830199], [-28.614202, 38.5830239], [-28.6140981, 38.5830357], [-28.6139588, 38.5830638], [-28.6137063, 38.5831207], [-28.6134397, 38.5831887], [-28.6133377, 38.583217], [-28.6132323, 38.5832505]]}, "properties": {"highway": "primary", "lanes": "2", "lanes:backward": "1", "lanes:forward": "1", "maxspeed": "90", "name": "Estrada Regional 1-1", "ref": "ER 1-1\u00aa", "sidewalk": "no", "smoothness": "good", "source:maxspeed": "PT:rural", "surface": "asphalt", "width": "6"}}, {"type": "Feature", "geometry": {"type": "LineString", "coordinates": [[-25.3187276, 37.7709355], [-25.3186567, 37.7710943], [-25.3185652, 37.7712734], [-25.3184217, 37.7714998], [-25.3182623, 37.771683], [-25.3177502, 37.7722258], [-25.3168878, 37.7730963]]}, "properties": {"highway": "primary", "lanes": "2", "lit": "no", "maxspeed": "50", "ref": "ER 1-1\u00aa", "sidewalk": "no", "smoothness": "good", "surface": "asphalt", "width": "6"}}, {"type": "Feature", "geometry": {"type": "LineString", "coordinates": [[-28.7066835, 38.523549], [-28.7067292, 38.5235209], [-28.7067715, 38.5234875], [-28.7070913, 38.5232123], [-28.7071738, 38.5231493], [-28.7072931, 38.5230789], [-28.7075158, 38.5229475], [-28.7076488, 38.5228732], [-28.7077663, 38.5228076], [-28.7078097, 38.5227833], [-28.7079701, 38.5226926], [-28.7080645, 38.5226443], [-28.7080957, 38.5226283], [-28.7083681, 38.5224949], [-28.7085338, 38.5224161], [-28.7086465, 38.5223626]]}, "properties": {"highway": "primary", "lanes": "2", "lanes:backward": "1", "lanes:forward": "1", "lit": "yes", "maxspeed": "50", "name": "Ladeira do Peixoto", "ref": "ER 1-1\u00aa", "sidewalk": "no", "smoothness": "good", "source:maxspeed": "PT:urban", "surface": "asphalt", "width": "6.5"}}, {"type": "Feature", "geometry": {"type": "LineString", "coordinates": [[-28.7102012, 38.5223517], [-28.7105854, 38.52231], [-28.7106167, 38.5223065], [-28.7109338, 38.5222738]]}, "properties": {"highway": "primary", "lanes": "2", "lanes:backward": "1", "lanes:forward": "1", "lit": "yes", "maxspeed": "50", "name": "Rua do Jogo", "ref": "ER 1-1\u00aa", "sidewalk": "no", "smoothness": "good", "source:maxspeed": "PT:urban", "surface": "asphalt", "width": "6.5"}}, {"type": "Feature", "geometry": {"type": "LineString", "coordinates": [[-28.7062631, 38.523677], [-28.7063512, 38.5236582], [-28.7064074, 38.5236462], [-28.7065536, 38.5236098], [-28.7066181, 38.5235834], [-28.7066835, 38.523549]]}, "properties": {"highway": "primary", "lanes": "2", "lanes:backward": "1", "lanes:forward": "1", "lit": "yes", "maxspeed": "50", "name": "Rua da Ribeirinha", "ref": "ER 1-1\u00aa", "sidewalk": "no", "smoothness": "good", "source:maxspeed": "PT:urban", "surface": "asphalt", "width": "6.5"}}, {"type": "Feature", "geometry": {"type": "LineString", "coordinates": [[-28.7037308, 38.5232107], [-28.7041575, 38.5233317], [-28.7045796, 38.5234514], [-28.7048613, 38.5235392], [-28.7050404, 38.5235916]]}, "properties": {"highway": "primary", "lanes": "2", "lanes:backward": "1", "lanes:forward": "1", "lit": "yes", "maxspeed": "40", "name": "Extremo", "ref": "ER 1-1\u00aa", "sidewalk": "no", "smoothness": "good", "source:maxspeed": "sign", "surface": "asphalt", "width": "6.5"}}, {"type": "Feature", "geometry": {"type": "LineString", "coordinates": [[-28.6873478, 38.5235274], [-28.6874659, 38.5235487], [-28.6875404, 38.5235603], [-28.6876195, 38.5235666], [-28.6876912, 38.5235676], [-28.6877731, 38.5235613], [-28.6878784, 38.523548]]}, "properties": {"check_date:smoothness": "2024-06-05", "highway": "primary", "lanes": "2", "lanes:backward": "1", "lanes:forward": "1", "lit": "yes", "name": "Estrada Regional 1-1\u00aa - Feteira", "ref": "ER 1-1\u00aa", "sidewalk": "no", "smoothness": "good", "surface": "asphalt", "width": "6.5"}}, {"type": "Feature", "geometry": {"type": "LineString", "coordinates": [[-28.6704283, 38.5239946], [-28.6702676, 38.5239212], [-28.6701308, 38.5238551], [-28.6699582, 38.5237675], [-28.6695796, 38.523576]]}, "properties": {"hgv": "destination", "highway": "primary", "lanes": "2", "lanes:backward": "1", "lanes:forward": "1", "lit": "yes", "maxspeed:backward": "40", "name": "Estrada Regional 1-1\u00aa - Feteira", "ref": "ER 1-1\u00aa", "sidewalk": "right", "smoothness": "good", "surface": "asphalt", "width": "6.5"}}, {"type": "Feature", "geometry": {"type": "LineString", "coordinates": [[-28.6349676, 38.5249176], [-28.6349161, 38.5249111], [-28.6348696, 38.5249078], [-28.6348045, 38.5249065], [-28.6347735, 38.5249077], [-28.6346671, 38.5249158]]}, "properties": {"highway": "primary", "lanes": "2", "lanes:backward": "1", "lanes:forward": "1", "name": "Rua do Pasteleiro", "ref": "ER 1-1\u00aa", "smoothness": "good", "surface": "asphalt"}}, {"type": "Feature", "geometry": {"type": "LineString", "coordinates": [[-28.7363856, 38.5321718], [-28.7364235, 38.5323085], [-28.7364532, 38.5324155], [-28.7366226, 38.5330268], [-28.7366475, 38.5330877], [-28.7366737, 38.5331337], [-28.7367004, 38.5331687], [-28.7367432, 38.5332056], [-28.7368041, 38.5332377], [-28.7368814, 38.5332777], [-28.7370028, 38.5333283], [-28.7370689, 38.533357], [-28.7371854, 38.5334075], [-28.7374033, 38.5335082], [-28.7377458, 38.5336868], [-28.737798, 38.5337133], [-28.7381084, 38.5338779], [-28.7381636, 38.5339109], [-28.7382054, 38.5339418], [-28.7382326, 38.5339677], [-28.7382547, 38.5339945], [-28.7382808, 38.5340324], [-28.7383054, 38.5340915], [-28.7383198, 38.5341329], [-28.7383308, 38.5341702], [-28.7383491, 38.5342322], [-28.7383825, 38.5343382], [-28.738405, 38.5343841], [-28.7384196, 38.5344095], [-28.7384404, 38.5344401], [-28.7384614, 38.534462], [-28.7384899, 38.5344849], [-28.7385237, 38.5345051], [-28.738568, 38.5345272], [-28.7386017, 38.5345393], [-28.7386422, 38.5345512], [-28.7389207, 38.5346181], [-28.7389383, 38.5346224], [-28.7390176, 38.534642], [-28.7390577, 38.534652], [-28.7393053, 38.5347154], [-28.7394142, 38.5347391], [-28.7395772, 38.5347745], [-28.7396845, 38.5347934], [-28.739743, 38.5348022], [-28.7398917, 38.5348238], [-28.7401404, 38.5348601]]}, "properties": {"highway": "primary", "lanes": "2", "lanes:backward": "1", "lanes:forward": "1", "lit": "yes", "maxspeed": "50", "name": "Cal\u00e7o do Ferreiro", "ref": "ER 1-1\u00aa", "sidewalk": "no", "smoothness": "good", "source:maxspeed": "PT:urban", "surface": "asphalt", "width": "6.5"}}, {"type": "Feature", "geometry": {"type": "LineString", "coordinates": [[-28.7401404, 38.5348601], [-28.7405443, 38.534923], [-28.7409199, 38.5349795], [-28.7410481, 38.5349997], [-28.7411172, 38.5350183], [-28.7411836, 38.5350412], [-28.7412353, 38.5350635], [-28.7414081, 38.5351415], [-28.7414716, 38.53518], [-28.7415123, 38.5352133]]}, "properties": {"highway": "primary", "lanes": "2", "lanes:backward": "1", "lanes:forward": "1", "lit": "yes", "maxspeed": "50", "name": "Ramada da Lombega", "ref": "ER 1-1\u00aa", "sidewalk": "no", "smoothness": "good", "source:maxspeed": "PT:urban", "surface": "asphalt", "width": "6.5"}}, {"type": "Feature", "geometry": {"type": "LineString", "coordinates": [[-28.7426561, 38.5374109], [-28.7427326, 38.5375847], [-28.7427546, 38.5376312], [-28.7427803, 38.5376684], [-28.7428732, 38.5377658], [-28.7429525, 38.5378533], [-28.7430539, 38.5379652], [-28.7432104, 38.5381443], [-28.7432395, 38.538183], [-28.7432861, 38.5382571]]}, "properties": {"destination:backward": "Horta", "highway": "primary", "lanes": "2", "lanes:backward": "1", "lanes:forward": "1", "lit": "yes", "maxspeed": "50", "name": "Rua Ribeira da Lombega", "ref": "ER 1-1\u00aa", "sidewalk": "no", "smoothness": "intermediate", "source:maxspeed": "PT:urban", "surface": "asphalt", "width": "6.5"}}, {"type": "Feature", "geometry": {"type": "LineString", "coordinates": [[-28.747404, 38.5452498], [-28.7475293, 38.5454141], [-28.7477375, 38.5456917], [-28.7478584, 38.5458503], [-28.7480776, 38.5461378], [-28.7484709, 38.5466536], [-28.7485991, 38.5468216], [-28.7488474, 38.5471473], [-28.7489435, 38.5472733]]}, "properties": {"destination:backward": "Horta", "highway": "primary", "lanes": "2", "lanes:backward": "1", "lanes:forward": "1", "name": "Lugar do Rosto Alto", "ref": "ER 1-1\u00aa", "sidewalk": "no", "smoothness": "good", "surface": "asphalt", "width": "6.5"}}, {"type": "Feature", "geometry": {"type": "LineString", "coordinates": [[-28.6876068, 38.6347436], [-28.6877482, 38.634822], [-28.6878892, 38.634897], [-28.688115, 38.6350149], [-28.6881573, 38.6350322], [-28.6882073, 38.6350472], [-28.6882841, 38.6350554], [-28.6883703, 38.6350537], [-28.6885008, 38.6350489], [-28.6887607, 38.6350285], [-28.6888453, 38.6350233], [-28.6889304, 38.6350232], [-28.6890043, 38.6350251], [-28.6890799, 38.6350296], [-28.6891644, 38.6350418], [-28.689234, 38.6350524], [-28.6894207, 38.6350854], [-28.6896081, 38.635119], [-28.6897306, 38.635136], [-28.6898275, 38.6351444], [-28.6899084, 38.6351477], [-28.6901782, 38.6351576], [-28.6903452, 38.6351637], [-28.6904425, 38.6351695], [-28.6905268, 38.635176], [-28.6906034, 38.6351876], [-28.6907131, 38.6352109], [-28.6909235, 38.6352639], [-28.691266, 38.6353684], [-28.6914475, 38.6354237], [-28.6914901, 38.635442], [-28.6915303, 38.6354653], [-28.6915763, 38.6354977], [-28.6916455, 38.6355471], [-28.6917028, 38.635579], [-28.6917542, 38.6356007], [-28.6917972, 38.6356145], [-28.691852, 38.6356266], [-28.6920818, 38.6356622], [-28.6923981, 38.6357113], [-28.6925066, 38.6357292], [-28.6926098, 38.6357392], [-28.6926792, 38.6357467], [-28.6927901, 38.6357514], [-28.6929434, 38.6357576]]}, "properties": {"highway": "primary", "lanes": "2", "lanes:backward": "1", "lanes:forward": "1", "lit": "yes", "maxspeed": "50", "name": "Estrada Regional 1-1", "ref": "ER 1-1\u00aa", "sidewalk": "no", "smoothness": "excellent", "source:maxspeed": "PT:urban", "surface": "asphalt", "width": "6.5"}}, {"type": "Feature", "geometry": {"type": "LineString", "coordinates": [[-28.694854, 38.6352346], [-28.6949668, 38.6351371], [-28.695196, 38.6349389], [-28.6952179, 38.6349222], [-28.6952394, 38.6349062], [-28.6952918, 38.6348732], [-28.69533, 38.6348533], [-28.6953957, 38.6348298], [-28.6954386, 38.6348166], [-28.6955171, 38.6347999], [-28.6955678, 38.6347902], [-28.6956632, 38.6347752], [-28.6957404, 38.6347653], [-28.6958235, 38.6347559], [-28.6959366, 38.6347448]]}, "properties": {"highway": "primary", "lanes": "2", "lanes:backward": "1", "lanes:forward": "1", "lit": "yes", "maxspeed": "50", "name": "Rua da Pra\u00e7a", "ref": "ER 1-1\u00aa", "sidewalk": "no", "smoothness": "excellent", "source:maxspeed": "PT:urban", "surface": "asphalt", "width": "6.5"}}, {"type": "Feature", "geometry": {"type": "LineString", "coordinates": [[-28.621108, 38.5417758], [-28.6210637, 38.5417783], [-28.621021, 38.5417842]]}, "properties": {"highway": "primary", "junction": "roundabout", "lanes": "2", "lit": "yes", "name": "Avenida 25 de Abril", "name:etymology": "Revolu\u00e7\u00e3o de 25 de Abril", "name:etymology:wikidata": "Q193245", "name:etymology:wikipedia": "pt:Revolu\u00e7\u00e3o de 25 de Abril de 1974", "name:pt": "Avenida 25 de Abril", "ref": "ER 1-1\u00aa", "sidewalk": "no", "smoothness": "good", "surface": "concrete"}}, {"type": "Feature", "geometry": {"type": "LineString", "coordinates": [[-28.618302, 38.5930196], [-28.618099, 38.592488], [-28.6180625, 38.5923842], [-28.618037, 38.5922689], [-28.617977, 38.5919398], [-28.6179672, 38.5918994], [-28.6179518, 38.5918386], [-28.6179337, 38.5917993], [-28.617895, 38.5917375], [-28.6178067, 38.5916204], [-28.6177741, 38.5915829], [-28.6177513, 38.5915446], [-28.6177078, 38.5914526], [-28.6176795, 38.591378], [-28.6176547, 38.5912857], [-28.6176454, 38.5912521], [-28.6176431, 38.5912045], [-28.6176306, 38.5910519], [-28.6176179, 38.5909973], [-28.6176053, 38.5909605], [-28.617579, 38.5909088], [-28.6175011, 38.5907674], [-28.6174572, 38.5906792], [-28.6174295, 38.590601], [-28.6174107, 38.5905467], [-28.6173921, 38.5904718], [-28.6173329, 38.5900918], [-28.6173101, 38.5899807], [-28.6172734, 38.5899053], [-28.6172073, 38.5898264], [-28.6168423, 38.5894357], [-28.6167938, 38.5893884], [-28.6167173, 38.5893244], [-28.6166248, 38.5892562], [-28.6165121, 38.5891777], [-28.6164612, 38.5891431], [-28.6164053, 38.5890963], [-28.6163271, 38.5890194], [-28.6161815, 38.5888398], [-28.6161172, 38.588761], [-28.6160731, 38.5887186], [-28.6160293, 38.5886887], [-28.6159579, 38.5886409], [-28.6159046, 38.5886027], [-28.6158516, 38.588566], [-28.6158107, 38.5885342], [-28.6157623, 38.5884884], [-28.6157148, 38.5884271], [-28.6156793, 38.5883748], [-28.6156491, 38.5883181], [-28.6156263, 38.5882521], [-28.6156037, 38.588174], [-28.6155706, 38.5880107], [-28.6155296, 38.5877803], [-28.6154862, 38.5875518], [-28.615454, 38.5874061], [-28.6154175, 38.5873177], [-28.6153802, 38.5872394], [-28.6153461, 38.5871715], [-28.6153021, 38.5871019], [-28.6152701, 38.5870576], [-28.6151542, 38.5869344], [-28.6150393, 38.5868321], [-28.614982, 38.5867937], [-28.6148582, 38.5867108], [-28.6147105, 38.5866229], [-28.6144817, 38.5864867], [-28.6144477, 38.5864675], [-28.6142554, 38.5863591], [-28.6140857, 38.5862635], [-28.6140458, 38.5862409]]}, "properties": {"highway": "primary", "lanes": "2", "lanes:backward": "1", "lanes:forward": "1", "name": "Estrada Regional 1-1", "ref": "ER 1-1\u00aa", "sidewalk": "no", "smoothness": "good", "surface": "asphalt", "width": "6"}}, {"type": "Feature", "geometry": {"type": "LineString", "coordinates": [[-28.6183742, 38.5932088], [-28.618302, 38.5930196]]}, "properties": {"bridge": "yes", "highway": "primary", "lanes": "2", "lanes:backward": "1", "lanes:forward": "1", "layer": "1", "name": "Estrada Regional 1-1", "ref": "ER 1-1\u00aa", "sidewalk": "no", "smoothness": "good", "surface": "asphalt", "width": "6"}}, {"type": "Feature", "geometry": {"type": "LineString", "coordinates": [[-28.6222921, 38.5976413], [-28.6222338, 38.597587]]}, "properties": {"highway": "primary", "lanes": "2", "lanes:backward": "1", "lanes:forward": "1", "name": "Estrada Regional 1-1", "ref": "ER 1-1\u00aa", "sidewalk": "no", "smoothness": "good", "surface": "asphalt", "width": "6"}}, {"type": "Feature", "geometry": {"type": "LineString", "coordinates": [[-28.6246768, 38.5998125], [-28.6243325, 38.5993636], [-28.6243033, 38.5993348], [-28.6242664, 38.5993071], [-28.6239351, 38.5990904], [-28.6238198, 38.5990212], [-28.6236803, 38.5989436], [-28.6236107, 38.5989006], [-28.6235248, 38.5988409], [-28.623455, 38.598777], [-28.6233029, 38.5986253], [-28.6232505, 38.5985668], [-28.62316, 38.5984657], [-28.6230322, 38.5983072], [-28.6229199, 38.5981418], [-28.6228196, 38.5979849], [-28.6227644, 38.5978997], [-28.6227422, 38.5978719], [-28.6227202, 38.5978543], [-28.6226383, 38.597797], [-28.6226168, 38.5977886], [-28.6225913, 38.5977813], [-28.6224975, 38.597753], [-28.6224639, 38.5977435], [-28.6224187, 38.5977252], [-28.6223653, 38.5976938], [-28.6223201, 38.5976626], [-28.6222921, 38.5976413]]}, "properties": {"highway": "primary", "lanes": "2", "lanes:backward": "1", "lanes:forward": "1", "name": "Estrada Regional 1-1", "ref": "ER 1-1\u00aa", "sidewalk": "no", "smoothness": "good", "surface": "asphalt", "width": "6"}}, {"type": "Feature", "geometry": {"type": "LineString", "coordinates": [[-28.6248068, 38.5999538], [-28.6246768, 38.5998125]]}, "properties": {"bridge": "yes", "highway": "primary", "lanes": "2", "lanes:backward": "1", "lanes:forward": "1", "layer": "1", "name": "Estrada Regional 1-1", "ref": "ER 1-1\u00aa", "sidewalk": "no", "smoothness": "good", "surface": "asphalt", "width": "6"}}, {"type": "Feature", "geometry": {"type": "LineString", "coordinates": [[-28.6298925, 38.6023599], [-28.6297228, 38.6022983], [-28.6296362, 38.6022677], [-28.6295436, 38.6022415], [-28.6294404, 38.6022205], [-28.6289938, 38.6021487], [-28.6289053, 38.60213], [-28.6287162, 38.6020743], [-28.6286176, 38.6020396], [-28.6284788, 38.60198], [-28.6282963, 38.6018852], [-28.627587, 38.6014853], [-28.6273556, 38.6013611], [-28.6272762, 38.6013237], [-28.6272027, 38.6012961], [-28.6270606, 38.6012494], [-28.6269359, 38.6012107], [-28.6268406, 38.6011792], [-28.6267622, 38.6011478], [-28.6266551, 38.6010914], [-28.626439, 38.6009707], [-28.6261815, 38.6008187], [-28.6258315, 38.6006133], [-28.6257082, 38.6005474], [-28.6253527, 38.6003596], [-28.6252548, 38.600302], [-28.6251019, 38.6001982], [-28.6249306, 38.6000662], [-28.6248525, 38.6000001], [-28.6248068, 38.5999538]]}, "properties": {"highway": "primary", "lanes": "2", "lanes:backward": "1", "lanes:forward": "1", "name": "Estrada Regional 1-1", "ref": "ER 1-1\u00aa", "sidewalk": "no", "smoothness": "good", "surface": "asphalt", "width": "6"}}, {"type": "Feature", "geometry": {"type": "LineString", "coordinates": [[-28.6943962, 38.6355842], [-28.6944544, 38.6355671], [-28.6944879, 38.6355514], [-28.6945307, 38.6355232], [-28.6945649, 38.635495], [-28.6946542, 38.6354153]]}, "properties": {"highway": "primary", "lanes": "2", "lanes:backward": "1", "lanes:forward": "1", "lit": "yes", "maxspeed": "50", "name": "Rua da Pra\u00e7a", "ref": "ER 1-1\u00aa", "sidewalk": "no", "smoothness": "excellent", "source:maxspeed": "PT:urban", "surface": "asphalt", "width": "6.5"}}, {"type": "Feature", "geometry": {"type": "LineString", "coordinates": [[-28.6940524, 38.6355881], [-28.6941724, 38.6355948], [-28.6942776, 38.6355943], [-28.6943356, 38.6355917], [-28.6943962, 38.6355842]]}, "properties": {"highway": "primary", "lanes": "2", "lanes:backward": "1", "lanes:forward": "1", "lit": "yes", "maxspeed": "50", "name": "Rua da Pra\u00e7a", "ref": "ER 1-1\u00aa", "sidewalk": "no", "smoothness": "excellent", "source:maxspeed": "PT:urban", "surface": "asphalt", "width": "6.5"}}, {"type": "Feature", "geometry": {"type": "LineString", "coordinates": [[-25.535315, 37.8161149], [-25.5352, 37.8161426], [-25.5347404, 37.8162303], [-25.5344082, 37.8162973], [-25.5339395, 37.8164021], [-25.5333374, 37.8165638], [-25.5327592, 37.8167473], [-25.5323674, 37.816873], [-25.531956, 37.8169793], [-25.5316527, 37.8170424], [-25.5314349, 37.8171263], [-25.5312573, 37.8172174], [-25.5309628, 37.8173683], [-25.5305835, 37.8175738]]}, "properties": {"highway": "primary", "name": "Rua do Mourato", "oneway": "yes", "ref": "ER 1-1\u00aa", "surface": "asphalt"}}, {"type": "Feature", "geometry": {"type": "LineString", "coordinates": [[-28.6214536, 38.5418332], [-28.621419, 38.5418166], [-28.6213691, 38.5418017], [-28.621108, 38.5417758]]}, "properties": {"highway": "primary", "junction": "roundabout", "lanes": "2", "lit": "yes", "name": "Avenida 25 de Abril", "name:etymology": "Revolu\u00e7\u00e3o de 25 de Abril", "name:etymology:wikidata": "Q193245", "name:etymology:wikipedia": "pt:Revolu\u00e7\u00e3o de 25 de Abril de 1974", "name:pt": "Avenida 25 de Abril", "ref": "ER 1-1\u00aa", "sidewalk": "no", "smoothness": "good", "surface": "concrete"}}, {"type": "Feature", "geometry": {"type": "LineString", "coordinates": [[-28.6214536, 38.5418332], [-28.6214266, 38.5418049], [-28.6214078, 38.5417802], [-28.6213904, 38.5417461], [-28.6213844, 38.5417178], [-28.621383, 38.5416911], [-28.6213917, 38.5416475], [-28.6214065, 38.5416115]]}, "properties": {"foot": "no", "highway": "primary", "lanes": "1", "lit": "yes", "name": "Avenida 25 de Abril", "name:etymology": "Revolu\u00e7\u00e3o de 25 de Abril", "name:etymology:wikidata": "Q193245", "name:etymology:wikipedia": "pt:Revolu\u00e7\u00e3o de 25 de Abril de 1974", "name:pt": "Avenida 25 de Abril", "oneway": "yes", "ref": "ER 1-1\u00aa", "sidewalk": "no", "smoothness": "good", "surface": "concrete"}}, {"type": "Feature", "geometry": {"type": "LineString", "coordinates": [[-28.6214065, 38.5416115], [-28.6212898, 38.5417052], [-28.6212349, 38.5417398], [-28.6211805, 38.5417603], [-28.621108, 38.5417758]]}, "properties": {"highway": "primary", "lanes": "1", "maxspeed": "40", "name": "Avenida 25 de Abril", "name:etymology": "Revolu\u00e7\u00e3o de 25 de Abril", "name:etymology:wikidata": "Q193245", "name:etymology:wikipedia": "pt:Revolu\u00e7\u00e3o de 25 de Abril de 1974", "name:pt": "Avenida 25 de Abril", "oneway": "yes", "parking:lane:right": "no_parking", "ref": "ER 1-1\u00aa", "smoothness": "good", "source:maxspeed": "sign", "surface": "concrete"}}, {"type": "Feature", "geometry": {"type": "LineString", "coordinates": [[-28.7297749, 38.622989], [-28.7300907, 38.6226112], [-28.7304004, 38.6222432], [-28.7306254, 38.621978], [-28.7307158, 38.6218641], [-28.7311096, 38.6213812], [-28.7311759, 38.6212999], [-28.7319452, 38.6203714], [-28.7319991, 38.6203032], [-28.7320326, 38.6202476], [-28.7320552, 38.6201935], [-28.7320616, 38.6201362], [-28.7320503, 38.6200694], [-28.7320384, 38.6200469], [-28.7320149, 38.6200026], [-28.7319719, 38.6199532], [-28.7319184, 38.6199059], [-28.7318338, 38.6198656], [-28.7317247, 38.6198383], [-28.7316294, 38.6198344], [-28.7315665, 38.619844], [-28.7315109, 38.6198571], [-28.7310832, 38.6199706], [-28.7310148, 38.6199858], [-28.7309526, 38.619994], [-28.7308862, 38.6199964], [-28.7308236, 38.6199918], [-28.7307462, 38.619975], [-28.7306991, 38.6199524], [-28.7306543, 38.6199257], [-28.7306006, 38.6198819], [-28.7305646, 38.6198403], [-28.7305402, 38.6198007], [-28.7305231, 38.619758], [-28.7305161, 38.6197169], [-28.73052, 38.6196639], [-28.7305338, 38.6196058], [-28.7305602, 38.619543], [-28.7305985, 38.6194969], [-28.7313023, 38.6189687], [-28.7314621, 38.6188544], [-28.7317976, 38.6186155], [-28.7318189, 38.6185993], [-28.7319058, 38.6185332], [-28.732008, 38.6184557], [-28.7320563, 38.618416], [-28.7321086, 38.6183678], [-28.732169, 38.6183039], [-28.7322226, 38.6182389], [-28.7322736, 38.6181666], [-28.7323111, 38.6180985], [-28.73235, 38.618022], [-28.7323795, 38.6179372], [-28.7323996, 38.6178481], [-28.7324131, 38.6177632], [-28.7324171, 38.6176805], [-28.7324144, 38.617605], [-28.7323996, 38.6175264], [-28.7323647, 38.6174196], [-28.7323332, 38.6173454], [-28.7322723, 38.6172404], [-28.7321945, 38.6171355], [-28.7321006, 38.6170371], [-28.7318005, 38.6167873], [-28.7313807, 38.6164855], [-28.7308137, 38.6160924]]}, "properties": {"highway": "primary", "lanes": "2", "lanes:backward": "1", "lanes:forward": "1", "name": "Estrada Regional 1-1", "ref": "ER 1-1\u00aa", "sidewalk": "no", "smoothness": "excellent", "surface": "asphalt", "width": "6.5"}}, {"type": "Feature", "geometry": {"type": "LineString", "coordinates": [[-28.6643568, 38.6205813], [-28.6639471, 38.6203524]]}, "properties": {"bridge": "yes", "highway": "primary", "lanes": "2", "lanes:backward": "1", "lanes:forward": "1", "layer": "1", "name": "Estrada Regional 1-1", "ref": "ER 1-1\u00aa", "smoothness": "excellent", "surface": "asphalt"}}, {"type": "Feature", "geometry": {"type": "LineString", "coordinates": [[-28.6639471, 38.6203524], [-28.6634323, 38.6200762], [-28.6631998, 38.6199401], [-28.6630919, 38.6198582], [-28.6630096, 38.6197866], [-28.6629243, 38.6196941], [-28.6627711, 38.6194903], [-28.6627524, 38.6194655], [-28.6627049, 38.6194026], [-28.6625697, 38.6192522], [-28.6624369, 38.6191116]]}, "properties": {"highway": "primary", "lanes": "2", "lanes:backward": "1", "lanes:forward": "1", "name": "Estrada Regional 1-1", "ref": "ER 1-1\u00aa", "smoothness": "excellent", "surface": "asphalt"}}, {"type": "Feature", "geometry": {"type": "LineString", "coordinates": [[-28.6825374, 38.6339898], [-28.6825972, 38.6340347], [-28.6826496, 38.6340657], [-28.6826714, 38.6340794], [-28.682766, 38.6341243], [-28.6828129, 38.6341453], [-28.6828545, 38.634161], [-28.6830007, 38.6342146], [-28.6830617, 38.6342398], [-28.6831173, 38.6342634], [-28.6831562, 38.6342822], [-28.6831944, 38.6343021], [-28.683228, 38.634322], [-28.683255, 38.6343398], [-28.6832695, 38.6343493], [-28.6833507, 38.6344106], [-28.683546, 38.6345695], [-28.683979, 38.6349239], [-28.6840272, 38.6349549], [-28.6840573, 38.6349724], [-28.6841093, 38.6350024], [-28.6841688, 38.6350281], [-28.6842346, 38.6350465], [-28.6842929, 38.6350591], [-28.6845769, 38.6351115], [-28.6845993, 38.6351163], [-28.6847147, 38.6351445], [-28.6847871, 38.6351659], [-28.6848548, 38.6351875], [-28.6849044, 38.6352058], [-28.685401, 38.635415], [-28.6854513, 38.6354344], [-28.6855117, 38.6354543], [-28.6855783, 38.6354679], [-28.6856231, 38.6354721], [-28.6856652, 38.6354716], [-28.6857192, 38.6354614], [-28.6857838, 38.6354411], [-28.6858344, 38.6354192], [-28.6858945, 38.6353813], [-28.6859599, 38.6353349], [-28.6863676, 38.6350223], [-28.68682, 38.634668]]}, "properties": {"highway": "primary", "lanes": "2", "lanes:backward": "1", "lanes:forward": "1", "name": "Estrada Regional 1-1", "ref": "ER 1-1\u00aa", "sidewalk": "no", "smoothness": "excellent", "surface": "asphalt", "width": "6.5"}}, {"type": "Feature", "geometry": {"type": "LineString", "coordinates": [[-28.6823952, 38.6338846], [-28.6825374, 38.6339898]]}, "properties": {"bridge": "yes", "highway": "primary", "lanes": "2", "lanes:backward": "1", "lanes:forward": "1", "layer": "1", "name": "Estrada Regional 1-1", "ref": "ER 1-1\u00aa", "sidewalk": "no", "smoothness": "excellent", "surface": "asphalt", "width": "6.5"}}, {"type": "Feature", "geometry": {"type": "LineString", "coordinates": [[-28.6177624, 38.5754335], [-28.6174976, 38.5756917]]}, "properties": {"bridge": "yes", "highway": "primary", "lanes": "2", "lanes:backward": "1", "lanes:forward": "1", "layer": "1", "lit": "yes", "maxspeed": "50", "name": "Estrada Regional 1-1", "ref": "ER 1-1\u00aa", "sidewalk": "both", "smoothness": "good", "source:maxspeed": "PT:urban", "surface": "asphalt", "width": "6"}}, {"type": "Feature", "geometry": {"type": "LineString", "coordinates": [[-28.6329757, 38.5250567], [-28.6330614, 38.5250329], [-28.6331732, 38.5250147]]}, "properties": {"highway": "primary", "lanes": "1", "name": "Rua do Castelo", "oneway": "yes", "ref": "ER 1-1\u00aa", "smoothness": "excellent", "surface": "asphalt"}}, {"type": "Feature", "geometry": {"type": "LineString", "coordinates": [[-28.7030629, 38.6359376], [-28.7031546, 38.6360065], [-28.7032157, 38.6360494], [-28.703255, 38.6360699], [-28.7033012, 38.636091], [-28.7033559, 38.636112], [-28.7034083, 38.6361232], [-28.7034342, 38.6361262], [-28.7034987, 38.6361337], [-28.7036085, 38.6361344], [-28.7036899, 38.6361272], [-28.7038046, 38.6361096], [-28.705271, 38.6357464], [-28.7052908, 38.6357415], [-28.7057255, 38.6356339], [-28.7058312, 38.6356119], [-28.7059518, 38.6356039], [-28.7060651, 38.6356068], [-28.7061555, 38.6356252], [-28.7062264, 38.6356523], [-28.7063056, 38.6356909], [-28.7063808, 38.6357372], [-28.7064503, 38.635791], [-28.7067556, 38.6360384], [-28.7067754, 38.6360545], [-28.7076097, 38.6366968], [-28.7077575, 38.6368106], [-28.7078132, 38.6368445], [-28.7078722, 38.6368717], [-28.7079372, 38.6368911], [-28.7080043, 38.6368979], [-28.7080599, 38.6368974], [-28.7081204, 38.6368883], [-28.7081876, 38.6368632]]}, "properties": {"highway": "primary", "lanes": "2", "lanes:backward": "1", "lanes:forward": "1", "lit": "yes", "maxspeed": "50", "name": "Estrada Regional 1-1", "ref": "ER 1-1\u00aa", "sidewalk": "no", "smoothness": "excellent", "source:maxspeed": "PT:urban", "surface": "asphalt", "width": "6.5"}}, {"type": "Feature", "geometry": {"type": "LineString", "coordinates": [[-28.7029691, 38.6358658], [-28.7030629, 38.6359376]]}, "properties": {"bridge": "yes", "highway": "primary", "lanes": "2", "lanes:backward": "1", "lanes:forward": "1", "layer": "1", "lit": "yes", "maxspeed": "50", "name": "Estrada Regional 1-1", "ref": "ER 1-1\u00aa", "sidewalk": "no", "smoothness": "excellent", "source:maxspeed": "PT:urban", "surface": "asphalt", "width": "6.5"}}, {"type": "Feature", "geometry": {"type": "LineString", "coordinates": [[-28.6878784, 38.523548], [-28.6880214, 38.5235248], [-28.6880452, 38.5235202], [-28.6882332, 38.5234843], [-28.6884961, 38.5234341], [-28.6887514, 38.5233838], [-28.688955, 38.5233437], [-28.6890899, 38.5233262], [-28.6891155, 38.5233237], [-28.6891262, 38.5233226], [-28.6892552, 38.5233164], [-28.6893917, 38.5233118], [-28.6894647, 38.5233113], [-28.6894746, 38.5233113], [-28.6896814, 38.5233122], [-28.6897145, 38.5233123], [-28.6899014, 38.5233135], [-28.6900038, 38.5233152], [-28.6901952, 38.5233169], [-28.6902653, 38.5233187], [-28.6903922, 38.5233169], [-28.6905233, 38.5233141], [-28.6906484, 38.5233023], [-28.6907703, 38.5232795], [-28.6909812, 38.5232244]]}, "properties": {"highway": "primary", "lanes": "2", "lanes:backward": "1", "lanes:forward": "1", "lit": "yes", "name": "Rua do Pedregulho", "ref": "ER 1-1\u00aa", "sidewalk": "no", "smoothness": "good", "surface": "asphalt", "width": "6.5"}}, {"type": "Feature", "geometry": {"type": "LineString", "coordinates": [[-28.6265893, 38.5291788], [-28.6265993, 38.529228]]}, "properties": {"check_date:smoothness": "2024-06-07", "highway": "primary", "lanes": "1", "lit": "yes", "name": "Rua Jos\u00e9 Azevedo (Peter)", "name:pt": "Rua Jos\u00e9 Azevedo (Peter)", "old_name": "Rua Tenente Valadim", "oneway": "yes", "parking:lane:right": "diagonal", "ref": "ER 1-1\u00aa", "sidewalk": "left", "smoothness": "intermediate", "surface": "sett"}}, {"type": "Feature", "geometry": {"type": "LineString", "coordinates": [[-28.7515647, 38.6047239], [-28.7516656, 38.604662]]}, "properties": {"bridge": "yes", "highway": "primary", "lanes": "2", "lanes:backward": "1", "lanes:forward": "1", "layer": "1", "lit": "yes", "maxspeed": "50", "name": "Estrada Regional 1-1", "ref": "ER 1-1\u00aa", "sidewalk": "no", "smoothness": "excellent", "source:maxspeed": "PT:urban", "surface": "asphalt", "width": "6.5"}}, {"type": "Feature", "geometry": {"type": "LineString", "coordinates": [[-28.7512732, 38.6059608], [-28.7512521, 38.6053592], [-28.7512523, 38.6052181], [-28.7512545, 38.6051549], [-28.7512609, 38.60509], [-28.7512768, 38.6050301], [-28.7513034, 38.6049719], [-28.7513364, 38.6049195], [-28.7513758, 38.6048704], [-28.7514119, 38.6048352], [-28.7514654, 38.6047923], [-28.751479, 38.6047814], [-28.7515647, 38.6047239]]}, "properties": {"highway": "primary", "lanes": "2", "lanes:backward": "1", "lanes:forward": "1", "lit": "yes", "maxspeed": "50", "name": "Estrada Regional 1-1", "ref": "ER 1-1\u00aa", "sidewalk": "no", "smoothness": "excellent", "source:maxspeed": "PT:urban", "surface": "asphalt", "width": "6.5"}}, {"type": "Feature", "geometry": {"type": "LineString", "coordinates": [[-28.7168911, 38.5222388], [-28.7169596, 38.5222085], [-28.7170494, 38.5221723], [-28.7171486, 38.5221268]]}, "properties": {"highway": "primary", "lanes": "2", "lanes:backward": "1", "lanes:forward": "1", "maxspeed": "40", "name": "Rua da Carreira", "ref": "ER 1-1\u00aa", "smoothness": "good", "source:maxspeed": "sign", "surface": "asphalt"}}, {"type": "Feature", "geometry": {"type": "LineString", "coordinates": [[-28.7168161, 38.5222521], [-28.7168576, 38.5222461], [-28.7168911, 38.5222388]]}, "properties": {"bridge": "yes", "highway": "primary", "lanes": "2", "lanes:backward": "1", "lanes:forward": "1", "layer": "1", "maxspeed": "40", "name": "Rua da Carreira", "ref": "ER 1-1\u00aa", "smoothness": "good", "source:maxspeed": "sign", "surface": "asphalt"}}, {"type": "Feature", "geometry": {"type": "LineString", "coordinates": [[-25.5151549, 37.8248641], [-25.5151177, 37.8248453], [-25.5150738, 37.8248411], [-25.5150321, 37.8248524], [-25.5150007, 37.8248769], [-25.5149859, 37.8249096], [-25.5149905, 37.8249442], [-25.5150083, 37.8249691], [-25.5150361, 37.8249873], [-25.5150704, 37.8249964], [-25.5151065, 37.8249951], [-25.5151429, 37.8249819], [-25.5151697, 37.8249585], [-25.5151825, 37.8249285], [-25.515178, 37.8248938], [-25.5151549, 37.8248641]]}, "properties": {"highway": "primary", "junction": "roundabout", "lit": "yes", "ref": "ER 1-1\u00aa", "surface": "asphalt"}}, {"type": "Feature", "geometry": {"type": "LineString", "coordinates": [[-25.5149905, 37.8249442], [-25.5148311, 37.8249836], [-25.5142476, 37.825128]]}, "properties": {"highway": "primary", "lit": "yes", "maxspeed": "40", "name": "Rua do Ros\u00e1rio", "ref": "ER 1-1\u00aa", "sidewalk": "both", "surface": "asphalt"}}, {"type": "Feature", "geometry": {"type": "LineString", "coordinates": [[-28.7604917, 38.5998709], [-28.7607057, 38.5995955], [-28.7607716, 38.5995194]]}, "properties": {"highway": "primary", "lanes": "2", "lanes:backward": "1", "lanes:forward": "1", "lit": "yes", "maxspeed": "50", "name": "Estrada Regional 1-1", "ref": "ER 1-1\u00aa", "sidewalk": "no", "smoothness": "excellent", "source:maxspeed": "PT:urban", "surface": "asphalt", "width": "6.5"}}, {"type": "Feature", "geometry": {"type": "LineString", "coordinates": [[-28.7607716, 38.5995194], [-28.7608193, 38.5994746], [-28.7608898, 38.59941], [-28.7609642, 38.5993559], [-28.7610504, 38.5993031], [-28.7611163, 38.5992701], [-28.7615577, 38.599055], [-28.7617201, 38.5989775], [-28.7621356, 38.5988005], [-28.7622834, 38.5987471], [-28.7629746, 38.5984973], [-28.7631119, 38.5984488], [-28.7631984, 38.5984182], [-28.7633104, 38.59838], [-28.7634083, 38.5983554], [-28.7634995, 38.5983342], [-28.7635854, 38.5983217], [-28.7636979, 38.5983098], [-28.7637914, 38.5983037], [-28.7639179, 38.5983026], [-28.7640784, 38.5983103], [-28.764127, 38.5983126]]}, "properties": {"highway": "primary", "lanes": "2", "lanes:backward": "1", "lanes:forward": "1", "lit": "yes", "maxspeed": "50", "name": "Estrada Regional 1-1", "ref": "ER 1-1\u00aa", "sidewalk": "no", "smoothness": "excellent", "source:maxspeed": "PT:urban", "surface": "asphalt", "width": "6.5"}}, {"type": "Feature", "geometry": {"type": "LineString", "coordinates": [[-28.7591764, 38.568939], [-28.7593523, 38.5690298]]}, "properties": {"bridge": "yes", "destination:backward": "Horta;Caldeira", "highway": "primary", "lanes": "2", "lanes:backward": "1", "lanes:forward": "1", "layer": "1", "name": "Estrada Regional 1-1", "ref": "ER 1-1\u00aa", "sidewalk": "no", "surface": "asphalt", "width": "6.5"}}, {"type": "Feature", "geometry": {"type": "LineString", "coordinates": [[-28.7586399, 38.5666175], [-28.7587757, 38.5667994], [-28.7588935, 38.5669573], [-28.7589941, 38.5671104], [-28.7590627, 38.5672387], [-28.7591051, 38.5673652], [-28.7591158, 38.5674515], [-28.7591134, 38.5675557], [-28.7591037, 38.567618], [-28.7590818, 38.5676974], [-28.7590388, 38.5677897], [-28.7586922, 38.5684344], [-28.7586801, 38.5684569], [-28.7586668, 38.5684899], [-28.7586607, 38.5685321], [-28.7586662, 38.5685688], [-28.758688, 38.5686167], [-28.7587103, 38.5686525], [-28.7587463, 38.5686887], [-28.7588061, 38.5687334], [-28.7591764, 38.568939]]}, "properties": {"destination:backward": "Horta;Caldeira", "highway": "primary", "lanes": "2", "lanes:backward": "1", "lanes:forward": "1", "name": "Estrada Regional 1-1", "ref": "ER 1-1\u00aa", "sidewalk": "no", "surface": "asphalt", "width": "6.5"}}, {"type": "Feature", "geometry": {"type": "LineString", "coordinates": [[-28.7840239, 38.5804523], [-28.7846565, 38.5808987], [-28.7847518, 38.5809667]]}, "properties": {"destination:backward": "Horta", "highway": "primary", "lanes": "2", "lanes:backward": "1", "lanes:forward": "1", "maxspeed": "90", "name": "Rua do Alto dos Cavacos", "ref": "ER 1-1\u00aa", "sidewalk": "no", "source:maxspeed": "PT:rural", "surface": "asphalt", "width": "6.5"}}, {"type": "Feature", "geometry": {"type": "LineString", "coordinates": [[-28.7849927, 38.5811152], [-28.7850933, 38.5811753], [-28.7851734, 38.5812191], [-28.7853272, 38.5813028], [-28.7857681, 38.5815291], [-28.7859076, 38.5815958], [-28.7861202, 38.5816894], [-28.7866232, 38.5818929]]}, "properties": {"destination:backward": "Horta;Caldeira;Varadouro", "highway": "primary", "lanes": "2", "lanes:backward": "1", "lanes:forward": "1", "lit": "yes", "maxspeed": "50", "name": "Rua do Alto dos Cavacos", "ref": "ER 1-1\u00aa", "sidewalk": "no", "smoothness": "excellent", "source:maxspeed": "PT:urban", "surface": "asphalt", "width": "6.5"}}, {"type": "Feature", "geometry": {"type": "LineString", "coordinates": [[-28.7712232, 38.5735308], [-28.7713092, 38.5738099], [-28.7713264, 38.57385], [-28.7713645, 38.5739231], [-28.7714113, 38.5739863], [-28.7714528, 38.574028], [-28.7714922, 38.5740613], [-28.7715364, 38.5740896], [-28.7715699, 38.5741078], [-28.7716178, 38.5741294], [-28.7716893, 38.574153], [-28.7717414, 38.5741661], [-28.7718839, 38.5741953], [-28.7719925, 38.574221], [-28.7720744, 38.5742478], [-28.7721466, 38.5742828], [-28.7721921, 38.5743109], [-28.7722372, 38.5743444], [-28.7722798, 38.5743842], [-28.7723229, 38.5744401], [-28.7724524, 38.5746316], [-28.7724919, 38.5746789], [-28.7725415, 38.5747168], [-28.7725895, 38.5747476], [-28.7726814, 38.5747916], [-28.772771, 38.5748176], [-28.7728671, 38.5748303], [-28.7729719, 38.5748317], [-28.773072, 38.5748184], [-28.773142, 38.5747997], [-28.7732068, 38.5747701], [-28.7732664, 38.5747416], [-28.7733322, 38.5747024], [-28.7735047, 38.5745994], [-28.7743739, 38.5740809], [-28.7744554, 38.5740434], [-28.7745505, 38.5740167], [-28.7746568, 38.5740068], [-28.7747454, 38.5740099], [-28.7748587, 38.5740285], [-28.7749587, 38.5740676], [-28.7751835, 38.5742206], [-28.7752587, 38.5742718], [-28.775305, 38.5743038], [-28.7757965, 38.5746434]]}, "properties": {"destination:backward": "Horta;Caldeira", "highway": "primary", "lanes": "2", "lanes:backward": "1", "lanes:forward": "1", "name": "Rua do Areeiro", "ref": "ER 1-1\u00aa", "sidewalk": "no", "surface": "asphalt", "width": "6.5"}}, {"type": "Feature", "geometry": {"type": "LineString", "coordinates": [[-28.6328619, 38.5250823], [-28.6328729, 38.5250665]]}, "properties": {"highway": "primary", "junction": "roundabout", "lanes": "1", "ref": "ER 1-1\u00aa", "smoothness": "excellent", "surface": "asphalt"}}, {"type": "Feature", "geometry": {"type": "LineString", "coordinates": [[-28.6327135, 38.5251173], [-28.6327411, 38.5251199]]}, "properties": {"highway": "primary", "junction": "roundabout", "lanes": "1", "ref": "ER 1-1\u00aa", "smoothness": "excellent", "surface": "asphalt"}}, {"type": "Feature", "geometry": {"type": "LineString", "coordinates": [[-28.6708296, 38.5241625], [-28.6707898, 38.5241441]]}, "properties": {"highway": "trunk", "junction": "roundabout", "lanes": "2", "name": "Estrada Variante", "ref": "ER 1-1\u00aa", "smoothness": "good", "surface": "asphalt"}}, {"type": "Feature", "geometry": {"type": "LineString", "coordinates": [[-28.6707898, 38.5241441], [-28.6707305, 38.524135], [-28.670673, 38.5241386], [-28.6706196, 38.5241556], [-28.6705753, 38.5241845]]}, "properties": {"highway": "trunk", "junction": "roundabout", "lanes": "2", "name": "Estrada Variante", "ref": "ER 1-1\u00aa", "smoothness": "good", "surface": "asphalt"}}, {"type": "Feature", "geometry": {"type": "LineString", "coordinates": [[-28.6705762, 38.5243792], [-28.6706259, 38.5244101], [-28.6706859, 38.5244264], [-28.6707493, 38.524426], [-28.670809, 38.5244091], [-28.6708581, 38.5243777], [-28.670891, 38.5243352]]}, "properties": {"highway": "trunk", "junction": "roundabout", "lanes": "2", "name": "Estrada Variante", "ref": "ER 1-1\u00aa", "surface": "asphalt"}}, {"type": "Feature", "geometry": {"type": "LineString", "coordinates": [[-28.670891, 38.5243352], [-28.6709037, 38.5242906], [-28.6708982, 38.5242451], [-28.6708751, 38.5242032], [-28.6708367, 38.5241688], [-28.6708296, 38.5241625]]}, "properties": {"highway": "trunk", "junction": "roundabout", "lanes": "2", "name": "Estrada Variante", "ref": "ER 1-1\u00aa", "smoothness": "good", "surface": "asphalt"}}, {"type": "Feature", "geometry": {"type": "LineString", "coordinates": [[-25.4160812, 37.724383], [-25.415704, 37.7244137]]}, "properties": {"highway": "trunk", "lanes": "2", "lit": "yes", "maxspeed": "60", "overtaking": "no", "ref": "ER 1-1\u00aa", "shoulder": "no", "sidewalk": "no", "smoothness": "excellent", "source:maxspeed": "sign", "surface": "asphalt", "width": "6.5"}}, {"type": "Feature", "geometry": {"type": "LineString", "coordinates": [[-28.7096425, 38.5223538], [-28.7096709, 38.5223609], [-28.7097314, 38.5223746], [-28.7097774, 38.5223804], [-28.7098561, 38.5223841], [-28.7099142, 38.5223822], [-28.7099577, 38.5223781], [-28.7100847, 38.5223644], [-28.7102012, 38.5223517]]}, "properties": {"highway": "primary", "lanes": "2", "lanes:backward": "1", "lanes:forward": "1", "lit": "yes", "maxspeed": "50", "name": "Rua da Ribeira Grande", "ref": "ER 1-1\u00aa", "sidewalk": "no", "smoothness": "good", "source:maxspeed": "PT:urban", "surface": "asphalt", "width": "6.5"}}, {"type": "Feature", "geometry": {"type": "LineString", "coordinates": [[-28.7095517, 38.5223324], [-28.7096425, 38.5223538]]}, "properties": {"bridge": "yes", "highway": "primary", "lanes": "2", "lanes:backward": "1", "lanes:forward": "1", "layer": "1", "lit": "yes", "maxspeed": "50", "name": "Rua da Ribeira Grande", "ref": "ER 1-1\u00aa", "sidewalk": "no", "smoothness": "good", "source:maxspeed": "PT:urban", "surface": "asphalt", "width": "6.5"}}, {"type": "Feature", "geometry": {"type": "LineString", "coordinates": [[-28.7081876, 38.6368632], [-28.7084099, 38.6367802], [-28.7084653, 38.6367619], [-28.7085121, 38.6367503], [-28.7085312, 38.6367476], [-28.7085887, 38.6367395], [-28.7086832, 38.6367304], [-28.7087807, 38.6367135], [-28.7088739, 38.6366917], [-28.7089645, 38.6366609], [-28.7090476, 38.6366239], [-28.7092042, 38.6365469], [-28.7092439, 38.6365274], [-28.7093758, 38.6364639], [-28.7094834, 38.6364094], [-28.7095154, 38.6363932], [-28.7099327, 38.6361894], [-28.7100004, 38.6361594], [-28.710006, 38.636157]]}, "properties": {"highway": "primary", "lanes": "2", "lanes:backward": "1", "lanes:forward": "1", "lit": "yes", "maxspeed": "50", "name": "Estrada Regional 1-1", "ref": "ER 1-1\u00aa", "sidewalk": "no", "smoothness": "excellent", "source:maxspeed": "PT:urban", "surface": "asphalt", "width": "6.5"}}, {"type": "Feature", "geometry": {"type": "LineString", "coordinates": [[-28.710006, 38.636157], [-28.7100784, 38.6361262]]}, "properties": {"bridge": "yes", "highway": "primary", "lanes": "2", "lanes:backward": "1", "lanes:forward": "1", "layer": "1", "lit": "yes", "maxspeed": "50", "name": "Estrada Regional 1-1", "ref": "ER 1-1\u00aa", "sidewalk": "no", "smoothness": "excellent", "source:maxspeed": "PT:urban", "surface": "asphalt", "width": "6.5"}}, {"type": "Feature", "geometry": {"type": "LineString", "coordinates": [[-28.7100784, 38.6361262], [-28.7101543, 38.6360994], [-28.7102317, 38.6360792], [-28.7103012, 38.6360646], [-28.7103664, 38.6360542], [-28.7104515, 38.6360451], [-28.7105527, 38.6360368], [-28.7106364, 38.6360305], [-28.7108316, 38.6360176], [-28.7109658, 38.6360067], [-28.7111093, 38.6359952], [-28.7112499, 38.6359799], [-28.7113276, 38.6359685], [-28.7113952, 38.6359521], [-28.7114796, 38.6359293], [-28.7115977, 38.6358908], [-28.711685, 38.63586], [-28.7118352, 38.6358042], [-28.7120753, 38.6357118], [-28.7121572, 38.6356859], [-28.7122499, 38.6356684], [-28.7123691, 38.6356535], [-28.7125447, 38.6356283], [-28.7126161, 38.6356178], [-28.7126809, 38.6356084], [-28.7127704, 38.6355962], [-28.712848, 38.6355895], [-28.712918, 38.6355854], [-28.7129909, 38.6355824], [-28.7130704, 38.6355809], [-28.7131642, 38.6355811], [-28.7132508, 38.6355871], [-28.7132892, 38.6355892], [-28.7133436, 38.6355928], [-28.7134776, 38.635605], [-28.7136958, 38.6356184], [-28.7137567, 38.6356215], [-28.7138336, 38.635625], [-28.713909, 38.6356252], [-28.7139666, 38.6356213], [-28.7140354, 38.6356096], [-28.7140938, 38.6355935], [-28.7141658, 38.6355672], [-28.7142506, 38.6355273], [-28.7144351, 38.6354306], [-28.7146295, 38.6353287], [-28.7146788, 38.6353027], [-28.7147362, 38.6352764], [-28.7148011, 38.6352544], [-28.7148555, 38.6352453], [-28.7149594, 38.6352273], [-28.7151499, 38.6352246], [-28.7152436, 38.635221], [-28.7153313, 38.6352063], [-28.7153955, 38.6351895], [-28.7154591, 38.6351664], [-28.7155333, 38.6351364], [-28.7156891, 38.6350647], [-28.7162261, 38.6348176], [-28.7162592, 38.6348011], [-28.716985, 38.6344679], [-28.7171205, 38.6344057]]}, "properties": {"highway": "primary", "lanes": "2", "lanes:backward": "1", "lanes:forward": "1", "lit": "yes", "maxspeed": "50", "name": "Estrada Regional 1-1", "ref": "ER 1-1\u00aa", "sidewalk": "no", "smoothness": "excellent", "source:maxspeed": "PT:urban", "surface": "asphalt", "width": "6.5"}}, {"type": "Feature", "geometry": {"type": "LineString", "coordinates": [[-28.7171205, 38.6344057], [-28.7171744, 38.6343809]]}, "properties": {"bridge": "yes", "highway": "primary", "lanes": "2", "lanes:backward": "1", "lanes:forward": "1", "layer": "1", "lit": "yes", "maxspeed": "50", "name": "Estrada Regional 1-1", "ref": "ER 1-1\u00aa", "sidewalk": "no", "smoothness": "excellent", "source:maxspeed": "PT:urban", "surface": "asphalt", "width": "6.5"}}, {"type": "Feature", "geometry": {"type": "LineString", "coordinates": [[-28.6608441, 38.6176811], [-28.6608809, 38.6176932], [-28.6609994, 38.6177331], [-28.6613779, 38.6178582], [-28.6614218, 38.6178732], [-28.6615004, 38.6179066], [-28.6616019, 38.6179656], [-28.6616637, 38.6180095], [-28.6617344, 38.6180782], [-28.6618083, 38.6181645], [-28.6618574, 38.6182334], [-28.6619407, 38.6183521], [-28.6620271, 38.6184883], [-28.6620829, 38.618591], [-28.6622562, 38.6189087], [-28.6623094, 38.618982]]}, "properties": {"highway": "primary", "lanes": "2", "lanes:backward": "1", "lanes:forward": "1", "lit": "yes", "maxspeed": "50", "name": "Estrada Regional 1-1", "ref": "ER 1-1\u00aa", "sidewalk": "no", "smoothness": "excellent", "source:maxspeed": "PT:urban", "surface": "asphalt", "width": "6.5"}}, {"type": "Feature", "geometry": {"type": "LineString", "coordinates": [[-28.660745, 38.6176487], [-28.6608441, 38.6176811]]}, "properties": {"bridge": "yes", "highway": "primary", "lanes": "2", "lanes:backward": "1", "lanes:forward": "1", "layer": "1", "lit": "yes", "maxspeed": "50", "name": "Estrada Regional 1-1", "ref": "ER 1-1\u00aa", "sidewalk": "no", "smoothness": "excellent", "source:maxspeed": "PT:urban", "surface": "asphalt", "width": "6.5"}}, {"type": "Feature", "geometry": {"type": "LineString", "coordinates": [[-28.6623588, 38.6190402], [-28.6624369, 38.6191116]]}, "properties": {"highway": "primary", "lanes": "2", "lanes:backward": "1", "lanes:forward": "1", "lit": "yes", "maxspeed": "50", "name": "Estrada Regional 1-1", "ref": "ER 1-1\u00aa", "sidewalk": "no", "smoothness": "excellent", "source:maxspeed": "PT:urban", "surface": "asphalt", "width": "6.5"}}, {"type": "Feature", "geometry": {"type": "LineString", "coordinates": [[-28.6623094, 38.618982], [-28.6623588, 38.6190402]]}, "properties": {"bridge": "yes", "highway": "primary", "lanes": "2", "lanes:backward": "1", "lanes:forward": "1", "layer": "1", "lit": "yes", "maxspeed": "50", "name": "Estrada Regional 1-1", "ref": "ER 1-1\u00aa", "sidewalk": "no", "smoothness": "excellent", "source:maxspeed": "PT:urban", "surface": "asphalt", "width": "6.5"}}, {"type": "Feature", "geometry": {"type": "LineString", "coordinates": [[-28.6198625, 38.5722854], [-28.6196883, 38.5727019], [-28.6196335, 38.572824], [-28.6195971, 38.5729021], [-28.6195638, 38.5729617], [-28.6194843, 38.5730908], [-28.6194324, 38.5731747], [-28.6193639, 38.5732787], [-28.6193053, 38.5733583], [-28.6192438, 38.5734392], [-28.6191004, 38.5736133], [-28.618966, 38.5737633], [-28.6188673, 38.5738577]]}, "properties": {"highway": "primary", "lanes": "2", "lanes:backward": "1", "lanes:forward": "1", "lit": "yes", "maxspeed": "50", "name": "Estrada Regional 1-1", "ref": "ER 1-1\u00aa", "sidewalk": "no", "smoothness": "intermediate", "source:maxspeed": "PT:urban", "surface": "asphalt", "width": "6"}}, {"type": "Feature", "geometry": {"type": "LineString", "coordinates": [[-28.6198983, 38.5721998], [-28.6198625, 38.5722854]]}, "properties": {"bridge": "yes", "highway": "primary", "lanes": "2", "lanes:backward": "1", "lanes:forward": "1", "layer": "1", "lit": "yes", "maxspeed": "50", "name": "Estrada Regional 1-1", "ref": "ER 1-1\u00aa", "sidewalk": "no", "smoothness": "intermediate", "source:maxspeed": "PT:urban", "surface": "asphalt", "width": "6"}}, {"type": "Feature", "geometry": {"type": "LineString", "coordinates": [[-28.6235864, 38.5608229], [-28.6229526, 38.5610764], [-28.6227329, 38.5611639], [-28.6224076, 38.561298]]}, "properties": {"highway": "primary", "lanes": "2", "lanes:backward": "1", "lanes:forward": "1", "lit": "yes", "maxspeed": "50", "name": "Estrada Regional 1-1", "ref": "ER 1-1\u00aa", "sidewalk": "no", "smoothness": "excellent", "source:maxspeed": "PT:urban", "surface": "asphalt", "width": "6"}}, {"type": "Feature", "geometry": {"type": "LineString", "coordinates": [[-28.6236385, 38.5608022], [-28.6235864, 38.5608229]]}, "properties": {"bridge": "yes", "highway": "primary", "lanes": "2", "lanes:backward": "1", "lanes:forward": "1", "layer": "1", "lit": "yes", "maxspeed": "50", "name": "Estrada Regional 1-1", "ref": "ER 1-1\u00aa", "sidewalk": "no", "smoothness": "excellent", "source:maxspeed": "PT:urban", "surface": "asphalt", "width": "6"}}, {"type": "Feature", "geometry": {"type": "LineString", "coordinates": [[-25.250683, 37.7476911], [-25.2505087, 37.7476237]]}, "properties": {"highway": "primary", "lanes": "2", "lit": "yes", "maxspeed": "50", "oneway": "no", "ref": "ER 1-1\u00aa", "shoulder": "no", "sidewalk": "no", "smoothness": "intermediate", "source:maxspeed": "PT:urban", "surface": "asphalt", "width": "6"}}, {"type": "Feature", "geometry": {"type": "LineString", "coordinates": [[-25.3844099, 37.8241801], [-25.3843901, 37.8241916], [-25.3842755, 37.8242421], [-25.3841236, 37.8243032]]}, "properties": {"highway": "primary", "maxspeed": "80", "ref": "ER 1-1\u00aa", "sidewalk": "no", "surface": "asphalt", "width": "7"}}, {"type": "Feature", "geometry": {"type": "LineString", "coordinates": [[-28.6673665, 38.523159], [-28.6674736, 38.5231722], [-28.6675697, 38.5231773], [-28.6676982, 38.5231757], [-28.6679377, 38.5231606]]}, "properties": {"disused:lanes:backward": "1", "hgv": "no", "highway": "primary", "lanes": "1", "lit": "yes", "maxspeed": "40", "name": "Estrada Regional 1-1\u00aa - Feteira", "oneway": "yes", "overtaking": "no", "ref": "ER 1-1\u00aa", "sidewalk": "right", "smoothness": "good", "source:maxspeed": "sign", "surface": "asphalt", "width": "6.5"}}, {"type": "Feature", "geometry": {"type": "LineString", "coordinates": [[-28.6705753, 38.5241845], [-28.6705437, 38.5242142]]}, "properties": {"highway": "trunk", "junction": "roundabout", "lanes": "2", "name": "Estrada Variante", "ref": "ER 1-1\u00aa", "smoothness": "good", "surface": "asphalt"}}, {"type": "Feature", "geometry": {"type": "LineString", "coordinates": [[-25.3951549, 37.8181686], [-25.3953236, 37.8180081]]}, "properties": {"highway": "primary", "lanes": "2", "maxspeed": "80", "ref": "ER 1-1\u00aa", "sidewalk": "no", "smoothness": "excellent", "surface": "asphalt", "width": "6"}}, {"type": "Feature", "geometry": {"type": "LineString", "coordinates": [[-25.3950094, 37.81831], [-25.3951549, 37.8181686]]}, "properties": {"bridge": "yes", "highway": "primary", "lanes": "2", "layer": "1", "maxspeed": "80", "ref": "ER 1-1\u00aa", "sidewalk": "no", "smoothness": "excellent", "surface": "asphalt", "width": "6"}}, {"type": "Feature", "geometry": {"type": "LineString", "coordinates": [[-28.7494884, 38.6083603], [-28.7494939, 38.6083519], [-28.7495926, 38.6082013], [-28.7496081, 38.6081776]]}, "properties": {"highway": "primary", "lanes": "2", "lanes:backward": "1", "lanes:forward": "1", "name": "Estrada Regional 1-1", "ref": "ER 1-1\u00aa", "sidewalk": "no", "smoothness": "excellent", "surface": "asphalt", "width": "6.5"}}, {"type": "Feature", "geometry": {"type": "LineString", "coordinates": [[-28.7367701, 38.6145261], [-28.7368791, 38.6145641], [-28.7369964, 38.6145985], [-28.7371325, 38.6146237], [-28.7372394, 38.6146356], [-28.7373361, 38.6146403], [-28.7374355, 38.6146345], [-28.7375457, 38.6146157], [-28.7377499, 38.6145787], [-28.7399586, 38.6140365], [-28.7401032, 38.614001], [-28.7414033, 38.6136818], [-28.7415411, 38.613648]]}, "properties": {"highway": "primary", "lanes": "2", "lanes:backward": "1", "lanes:forward": "1", "name": "Estrada Regional 1-1", "ref": "ER 1-1\u00aa", "sidewalk": "no", "smoothness": "excellent", "surface": "asphalt", "width": "6.5"}}, {"type": "Feature", "geometry": {"type": "LineString", "coordinates": [[-28.7300728, 38.6150059], [-28.7300846, 38.6149666], [-28.7301187, 38.6148975], [-28.7301536, 38.6148435], [-28.7301716, 38.6148204], [-28.7302026, 38.6147832], [-28.7302522, 38.6147376], [-28.7303234, 38.6146879], [-28.7311299, 38.614286], [-28.7315869, 38.6140831], [-28.7317241, 38.6140335], [-28.7318796, 38.614001], [-28.7319963, 38.6139957], [-28.7321197, 38.6140135], [-28.7322645, 38.6140576], [-28.7324389, 38.6141269], [-28.7329465, 38.6143834], [-28.7332566, 38.614549], [-28.7333459, 38.6145862], [-28.7334282, 38.6146072], [-28.7335112, 38.6146183], [-28.7335879, 38.6146175], [-28.7336558, 38.6146123], [-28.7337391, 38.6145909], [-28.7338241, 38.6145575], [-28.7339325, 38.6144937], [-28.7345411, 38.6140564], [-28.734651, 38.6139867], [-28.7347335, 38.6139526], [-28.7347995, 38.6139349], [-28.734887, 38.6139234], [-28.7349716, 38.6139193], [-28.735043, 38.6139212], [-28.7351003, 38.61393], [-28.7351867, 38.613953], [-28.7354285, 38.6140405], [-28.7366564, 38.6144849], [-28.7367701, 38.6145261]]}, "properties": {"highway": "primary", "lanes": "2", "lanes:backward": "1", "lanes:forward": "1", "name": "Estrada Regional 1-1", "ref": "ER 1-1\u00aa", "sidewalk": "no", "smoothness": "excellent", "surface": "asphalt", "width": "6.5"}}, {"type": "Feature", "geometry": {"type": "LineString", "coordinates": [[-28.7308137, 38.6160924], [-28.7304989, 38.6158757], [-28.7304466, 38.6158432]]}, "properties": {"highway": "primary", "lanes": "2", "lanes:backward": "1", "lanes:forward": "1", "lit": "yes", "name": "Estrada Regional 1-1", "ref": "ER 1-1\u00aa", "sidewalk": "no", "smoothness": "excellent", "surface": "asphalt", "width": "6.5"}}, {"type": "Feature", "geometry": {"type": "LineString", "coordinates": [[-28.7194385, 38.6330989], [-28.7194862, 38.6330651]]}, "properties": {"highway": "primary", "lanes": "2", "lanes:backward": "1", "lanes:forward": "1", "lit": "yes", "maxspeed": "50", "name": "Estrada Regional 1-1", "ref": "ER 1-1\u00aa", "sidewalk": "no", "smoothness": "excellent", "source:maxspeed": "PT:urban", "surface": "asphalt", "width": "6.5"}}, {"type": "Feature", "geometry": {"type": "LineString", "coordinates": [[-28.7171744, 38.6343809], [-28.7172263, 38.634357], [-28.7172547, 38.6343439], [-28.7180928, 38.6339519], [-28.7182457, 38.6338851], [-28.7183728, 38.6338188], [-28.7184908, 38.6337547], [-28.7185955, 38.6336924], [-28.7194385, 38.6330989]]}, "properties": {"highway": "primary", "lanes": "2", "lanes:backward": "1", "lanes:forward": "1", "lit": "yes", "maxspeed": "50", "name": "Estrada Regional 1-1", "ref": "ER 1-1\u00aa", "sidewalk": "no", "smoothness": "excellent", "source:maxspeed": "PT:urban", "surface": "asphalt", "width": "6.5"}}, {"type": "Feature", "geometry": {"type": "LineString", "coordinates": [[-25.2946977, 37.7702516], [-25.2947426, 37.7702929], [-25.2947924, 37.7703163], [-25.2949044, 37.7703536], [-25.2950752, 37.7703902], [-25.2951533, 37.7704109], [-25.295203, 37.7704398], [-25.295246, 37.7704775]]}, "properties": {"destination:backward": "Nordeste;Povoa\u00e7\u00e3o", "highway": "primary", "lanes": "2", "maxspeed": "80", "oneway": "yes", "ref": "ER 1-1\u00aa", "shoulder": "no", "sidewalk": "no", "surface": "asphalt", "width": "6.5"}}, {"type": "Feature", "geometry": {"type": "LineString", "coordinates": [[-25.295253, 37.7702713], [-25.2951775, 37.7703327], [-25.2951007, 37.7703469], [-25.2950306, 37.7703469], [-25.2948658, 37.7703058], [-25.2946977, 37.7702516]]}, "properties": {"destination:forward": "Nordeste;Povoa\u00e7\u00e3o", "highway": "primary", "lanes": "2", "maxspeed": "80", "oneway": "yes", "ref": "ER 1-1\u00aa", "shoulder": "no", "sidewalk": "no", "surface": "asphalt", "width": "6.5"}}, {"type": "Feature", "geometry": {"type": "LineString", "coordinates": [[-28.6573858, 38.5237157], [-28.6569975, 38.5237624], [-28.6567156, 38.5238017], [-28.6565848, 38.5238213], [-28.6564937, 38.5238392], [-28.6563874, 38.5238704], [-28.6563082, 38.523896], [-28.6562016, 38.5239371], [-28.6557243, 38.5241412], [-28.6556663, 38.5241575], [-28.6555945, 38.5241736], [-28.6555329, 38.5241835], [-28.6554525, 38.5241912], [-28.6553713, 38.5241916], [-28.6553014, 38.5241879], [-28.6552265, 38.5241772], [-28.6550982, 38.5241534]]}, "properties": {"highway": "primary", "lanes": "2", "lanes:backward": "1", "lanes:forward": "1", "lit": "yes", "maxspeed": "60", "name": "Estrada Regional 1-1\u00aa - Lajinha", "ref": "ER 1-1\u00aa", "sidewalk": "no", "smoothness": "good", "source:maxspeed": "sign", "surface": "asphalt", "width": "6.5"}}, {"type": "Feature", "geometry": {"type": "LineString", "coordinates": [[-28.6667456, 38.5230418], [-28.6670389, 38.5230994], [-28.6671971, 38.5231282], [-28.6673665, 38.523159]]}, "properties": {"disused:lanes:backward": "1", "hgv": "no", "highway": "primary", "lanes": "1", "lit": "yes", "maxspeed": "40", "name": "Estrada Regional 1-1\u00aa - Feteira", "oneway": "yes", "overtaking": "no", "ref": "ER 1-1\u00aa", "sidewalk": "no", "smoothness": "good", "source:maxspeed": "sign", "surface": "asphalt", "width": "6.5"}}, {"type": "Feature", "geometry": {"type": "LineString", "coordinates": [[-28.6263537, 38.5283607], [-28.6263725, 38.5283082], [-28.6264957, 38.5279638]]}, "properties": {"highway": "primary", "lanes": "2", "lanes:backward": "1", "lanes:forward": "1", "name": "Largo Doutor Manuel de Arriaga", "name:etymology": "Manuel Jos\u00e9 de Arriaga Brum da Silveira e Peyrelongue", "name:etymology:wikidata": "Q286764", "name:etymology:wikipedia": "pt:Manuel de Arriaga", "name:pt": "Largo Doutor Manuel de Arriaga", "ref": "ER 1-1\u00aa", "sidewalk": "right", "sidewalk:right:surface": "sett", "smoothness": "excellent", "surface": "asphalt", "width": "9"}}, {"type": "Feature", "geometry": {"type": "MultiPolygon", "coordinates": [[[[-25.5305898, 37.8176378], [-25.5305835, 37.8175738], [-25.5305564, 37.8175355], [-25.5305144, 37.8175067], [-25.5304625, 37.8174911], [-25.5304126, 37.8174898], [-25.5303595, 37.8175027], [-25.5303551, 37.8175053], [-25.5303152, 37.8175292], [-25.530285, 37.8175661], [-25.5302726, 37.8176088], [-25.5302813, 37.817657], [-25.5303085, 37.8176952], [-25.5303506, 37.8177239], [-25.5303768, 37.8177338], [-25.5304315, 37.8177416], [-25.5304863, 37.8177342], [-25.5305345, 37.8177125], [-25.5305705, 37.817679], [-25.5305898, 37.8176378]]]]}, "properties": {"highway": "primary", "junction": "roundabout", "ref": "ER 1-1\u00aa", "surface": "asphalt"}}, {"type": "Feature", "geometry": {"type": "MultiPolygon", "coordinates": [[[[-25.2646598, 37.8473186], [-25.2646321, 37.8472609], [-25.2645886, 37.8472211], [-25.2645315, 37.8471942], [-25.2644586, 37.8471808], [-25.2644116, 37.8471863], [-25.2643597, 37.8472009], [-25.2643072, 37.8472314], [-25.2642692, 37.8472731], [-25.2642494, 37.847322], [-25.2642508, 37.8473777], [-25.2642755, 37.8474298], [-25.2643209, 37.8474724], [-25.2643817, 37.8475005], [-25.2644476, 37.8475109], [-25.2645141, 37.8475042], [-25.2645746, 37.8474811], [-25.2646286, 37.8474371], [-25.2646585, 37.8473804], [-25.2646598, 37.8473186]]]]}, "properties": {"highway": "primary", "junction": "roundabout", "ref": "ER 1-1\u00aa", "surface": "asphalt"}}, {"type": "Feature", "geometry": {"type": "MultiPolygon", "coordinates": [[[[-25.4946079, 37.8204291], [-25.4945983, 37.8203888], [-25.4945752, 37.8203532], [-25.4945403, 37.8203241], [-25.4944965, 37.8203039], [-25.4944473, 37.8202942], [-25.4943966, 37.8202957], [-25.4943486, 37.8203085], [-25.4943059, 37.8203321], [-25.4942737, 37.8203643], [-25.4942545, 37.8204026], [-25.4942501, 37.8204436], [-25.4942608, 37.8204838], [-25.4942915, 37.8205257], [-25.4943383, 37.820557], [-25.4943958, 37.820574], [-25.4944571, 37.8205747], [-25.4945066, 37.8205624], [-25.4945497, 37.8205395], [-25.4945825, 37.8205078], [-25.4946025, 37.8204699], [-25.4946079, 37.8204291]]]]}, "properties": {"highway": "primary", "junction": "roundabout", "lanes": "2", "lit": "yes", "ref": "ER 1-1\u00aa", "surface": "asphalt"}}, {"type": "Feature", "geometry": {"type": "MultiPolygon", "coordinates": [[[[-25.266031, 37.8464771], [-25.2660298, 37.8464424], [-25.2660079, 37.8464016], [-25.2659669, 37.8463712], [-25.2659181, 37.8463571], [-25.2658662, 37.8463585], [-25.265821, 37.846374], [-25.2657858, 37.8464012], [-25.2657652, 37.8464366], [-25.2657632, 37.8464816], [-25.2657848, 37.8465233], [-25.2658141, 37.8465477], [-25.2658515, 37.8465637], [-25.2659049, 37.8465697], [-25.2659571, 37.8465587], [-25.2659927, 37.8465384], [-25.2660182, 37.8465102], [-25.2660245, 37.8464939], [-25.266031, 37.8464771]]]]}, "properties": {"highway": "primary", "junction": "roundabout", "ref": "ER 1-1\u00aa", "surface": "asphalt"}}, {"type": "Feature", "geometry": {"type": "MultiPolygon", "coordinates": [[[[-25.5007559, 37.8266548], [-25.5007526, 37.8266211], [-25.5007342, 37.8265914], [-25.5007036, 37.8265689], [-25.5006647, 37.8265568], [-25.5006229, 37.8265566], [-25.5005838, 37.8265684], [-25.5005528, 37.8265905], [-25.5005323, 37.8266254], [-25.5005322, 37.8266639], [-25.5005526, 37.8266989], [-25.5005897, 37.8267239], [-25.5006366, 37.8267343], [-25.500679, 37.8267299], [-25.5007163, 37.8267133], [-25.5007432, 37.826687], [-25.5007559, 37.8266548]]]]}, "properties": {"highway": "primary", "junction": "roundabout", "lanes": "1", "ref": "ER 1-1\u00aa", "surface": "asphalt"}}, {"type": "Feature", "geometry": {"type": "MultiPolygon", "coordinates": [[[[-25.5151825, 37.8249285], [-25.515178, 37.8248938], [-25.5151549, 37.8248641], [-25.5151177, 37.8248453], [-25.5150738, 37.8248411], [-25.5150321, 37.8248524], [-25.5150007, 37.8248769], [-25.5149859, 37.8249096], [-25.5149905, 37.8249442], [-25.5150083, 37.8249691], [-25.5150361, 37.8249873], [-25.5150704, 37.8249964], [-25.5151065, 37.8249951], [-25.5151429, 37.8249819], [-25.5151697, 37.8249585], [-25.5151825, 37.8249285]]]]}, "properties": {"highway": "primary", "junction": "roundabout", "lit": "yes", "ref": "ER 1-1\u00aa", "surface": "asphalt"}}]}