{"type": "FeatureCollection", "features": [{"type": "Feature", "geometry": {"type": "Point", "coordinates": [-8.4771494, 40.8032522]}, "properties": {"distance": "260", "highway": "milestone", "ref": "IC 2"}}, {"type": "Feature", "geometry": {"type": "Point", "coordinates": [-8.4676648, 40.6014439]}, "properties": {"direction": "forward", "distance": "236", "highway": "milestone", "ref": "IC 2"}}, {"type": "Feature", "geometry": {"type": "Point", "coordinates": [-8.469973, 40.8442062]}, "properties": {"distance": "265", "highway": "milestone", "ref": "IC 2"}}, {"type": "Feature", "geometry": {"type": "Point", "coordinates": [-8.9546844, 39.2296293]}, "properties": {"distance": "59", "highway": "milestone", "ref": "IC 2"}}, {"type": "Feature", "geometry": {"type": "Point", "coordinates": [-8.9546024, 39.2296164]}, "properties": {"distance": "59", "highway": "milestone", "ref": "IC 2"}}, {"type": "Feature", "geometry": {"type": "Point", "coordinates": [-8.4738194, 40.8519943]}, "properties": {"distance": "266", "highway": "milestone", "ref": "IC 2"}}, {"type": "Feature", "geometry": {"type": "Point", "coordinates": [-8.5029941, 40.9256327]}, "properties": {"distance": "276", "highway": "milestone", "ref": "IC 2"}}, {"type": "Feature", "geometry": {"type": "Point", "coordinates": [-8.5031124, 40.9256013]}, "properties": {"distance": "276", "highway": "milestone", "ref": "IC 2"}}, {"type": "Feature", "geometry": {"type": "Point", "coordinates": [-8.4814255, 40.7861011]}, "properties": {"distance": "258", "highway": "milestone", "material": "steel", "ref": "IC 2"}}, {"type": "Feature", "geometry": {"type": "LineString", "coordinates": [[-9.0724496, 38.912379], [-9.0724336, 38.9127729], [-9.0724198, 38.913562], [-9.0724551, 38.9143221], [-9.0725782, 38.9152785], [-9.0727805, 38.9161099], [-9.0731389, 38.9171044], [-9.0734706, 38.9178095], [-9.0741412, 38.9189619]]}, "properties": {"highway": "motorway", "lanes": "3", "maxheight:signed": "no", "maxspeed": "120", "minspeed": "50", "name": "Autoestrada do Ribatejo", "oneway": "yes", "ref": "A 10;IC 2", "surface": "asphalt", "toll": "yes"}}, {"type": "Feature", "geometry": {"type": "LineString", "coordinates": [[-8.6289941, 39.9300196], [-8.6289424, 39.9301147], [-8.6287123, 39.9310482]]}, "properties": {"highway": "trunk", "lanes": "1", "maxspeed": "60", "oneway": "yes", "ref": "IC 2;EN 1", "smoothness": "good", "surface": "asphalt"}}, {"type": "Feature", "geometry": {"type": "LineString", "coordinates": [[-8.4460418, 40.2875196], [-8.4459462, 40.2860747], [-8.4458572, 40.2850463], [-8.4458173, 40.284668], [-8.4457234, 40.2835189], [-8.4456889, 40.2830093], [-8.44571, 40.2823541], [-8.4457323, 40.2820353], [-8.4457555, 40.2817048], [-8.4457945, 40.2810508], [-8.4458309, 40.2807804], [-8.4458761, 40.2806262], [-8.4460843, 40.2799457], [-8.4462057, 40.279516], [-8.4462285, 40.2793904], [-8.4462303, 40.2792142]]}, "properties": {"highway": "trunk", "lanes": "1", "lit": "no", "maxspeed": "90", "old_ref": "EN 1", "oneway": "yes", "ref": "IC 2", "surface": "asphalt"}}, {"type": "Feature", "geometry": {"type": "LineString", "coordinates": [[-8.4394781, 40.2209897], [-8.439164, 40.219592], [-8.4390751, 40.2192974], [-8.4389805, 40.21901], [-8.4388501, 40.2186701], [-8.4382721, 40.2174181], [-8.4382431, 40.2170992], [-8.4383291, 40.216822], [-8.4385248, 40.2165833], [-8.4390415, 40.2162679]]}, "properties": {"bridge": "viaduct", "bridge:structure": "beam", "highway": "trunk", "lanes": "2", "layer": "1", "motorroad": "yes", "oneway": "yes", "ref": "IC 2", "source": "bing", "surface": "asphalt"}}, {"type": "Feature", "geometry": {"type": "LineString", "coordinates": [[-8.4385563, 40.2236631], [-8.4380317, 40.2241441], [-8.437588, 40.2246475], [-8.4360882, 40.2264536]]}, "properties": {"highway": "trunk", "lanes": "2", "lit": "yes", "maxspeed": "100", "motorroad": "yes", "oneway": "yes", "ref": "IC 2", "surface": "asphalt"}}, {"type": "Feature", "geometry": {"type": "LineString", "coordinates": [[-8.4494309, 40.3809657], [-8.44946, 40.3809593], [-8.4494876, 40.3809496], [-8.4495129, 40.3809368], [-8.4495329, 40.3809234], [-8.4495503, 40.3809081], [-8.449565, 40.3808912], [-8.4495767, 40.380873], [-8.4495885, 40.3808418], [-8.4495915, 40.3808095], [-8.4495856, 40.3807774], [-8.449571, 40.3807469], [-8.4495483, 40.3807195], [-8.4495306, 40.3807044], [-8.4495104, 40.3806913], [-8.4494882, 40.3806802], [-8.4494643, 40.3806715], [-8.4494391, 40.3806653], [-8.4494131, 40.3806616], [-8.4493867, 40.3806605], [-8.4493604, 40.380662], [-8.4493345, 40.3806662], [-8.4493096, 40.3806729], [-8.449286, 40.380682], [-8.4492642, 40.3806933], [-8.4492483, 40.3807039], [-8.449234, 40.3807156], [-8.4492213, 40.3807284], [-8.4492104, 40.3807421], [-8.4492015, 40.3807566], [-8.4491931, 40.380776], [-8.4491881, 40.380796], [-8.4491866, 40.3808164], [-8.4491886, 40.3808368], [-8.4491942, 40.3808567], [-8.4492032, 40.3808759], [-8.4492154, 40.3808941], [-8.4492306, 40.3809109], [-8.4492478, 40.3809253], [-8.4492673, 40.380938], [-8.4492886, 40.3809487], [-8.4493116, 40.3809573], [-8.4493405, 40.3809645], [-8.4493704, 40.3809684], [-8.4494008, 40.3809688], [-8.4494309, 40.3809657]]}, "properties": {"highway": "primary", "junction": "roundabout", "lanes": "2", "maxspeed": "50", "ref": "IC 2;EN 1", "source": "Bing", "surface": "asphalt"}}, {"type": "Feature", "geometry": {"type": "LineString", "coordinates": [[-8.4493455, 40.3804091], [-8.4493061, 40.3800737], [-8.4493006, 40.3799645], [-8.4493098, 40.3798575], [-8.4495009, 40.3787293], [-8.4495724, 40.3784086]]}, "properties": {"alt_name": "EN 1 / EN 234", "highway": "primary", "lanes": "2", "maxspeed": "50", "oneway": "no", "ref": "IC 2;EN 1", "sidewalk:both": "no", "source": "Bing", "surface": "asphalt"}}, {"type": "Feature", "geometry": {"type": "LineString", "coordinates": [[-8.4498234, 40.3777526], [-8.4498136, 40.3777461], [-8.4498031, 40.3777401]]}, "properties": {"highway": "primary", "junction": "roundabout", "lane_markings": "no", "maxspeed": "50", "ref": "IC 2;EN 1", "surface": "asphalt"}}, {"type": "Feature", "geometry": {"type": "LineString", "coordinates": [[-8.4498031, 40.3777401], [-8.4497532, 40.3775455], [-8.4498774, 40.3767249], [-8.4500152, 40.3758143], [-8.450097, 40.3756274]]}, "properties": {"alt_name": "EN 1 / EN 234", "highway": "primary", "lanes": "1", "maxspeed": "50", "oneway": "yes", "ref": "IC 2;EN 1", "surface": "asphalt"}}, {"type": "Feature", "geometry": {"type": "LineString", "coordinates": [[-8.4500324, 40.3756391], [-8.450097, 40.3756274], [-8.4501398, 40.3756079], [-8.4501746, 40.3755806], [-8.4502043, 40.3755354], [-8.450212, 40.3754852], [-8.4501967, 40.3754361], [-8.4501711, 40.3754035], [-8.4501353, 40.375377], [-8.4500917, 40.3753585], [-8.4500434, 40.3753492], [-8.4499935, 40.3753498], [-8.4499455, 40.3753602], [-8.4499027, 40.3753797], [-8.449868, 40.3754069], [-8.4498437, 40.3754401], [-8.4498315, 40.3754769], [-8.4498323, 40.3755149], [-8.4498459, 40.3755515], [-8.4498715, 40.3755841], [-8.4499073, 40.3756105], [-8.4499666, 40.3756332], [-8.4500324, 40.3756391]]}, "properties": {"highway": "primary", "junction": "roundabout", "maxspeed": "50", "ref": "IC 2;EN 1", "surface": "asphalt"}}, {"type": "Feature", "geometry": {"type": "LineString", "coordinates": [[-8.4507527, 40.3726005], [-8.4505657, 40.3728732], [-8.4504952, 40.3730057], [-8.4504431, 40.3731397], [-8.4503977, 40.3732777], [-8.4503685, 40.3734091], [-8.4502529, 40.3740609]]}, "properties": {"alt_name": "EN1 / EN234", "highway": "primary", "lanes": "2", "lit": "yes", "maxspeed": "50", "name": "Alameda da Cidade", "oneway": "no", "ref": "IC 2;EN 1", "surface": "asphalt"}}, {"type": "Feature", "geometry": {"type": "LineString", "coordinates": [[-8.4544731, 40.3673167], [-8.4545402, 40.3673511], [-8.4546161, 40.3673706], [-8.4546911, 40.3673645], [-8.4547449, 40.3673476], [-8.4547614, 40.3673341], [-8.4548003, 40.3672958], [-8.4548332, 40.3672465], [-8.454863, 40.3671501], [-8.4548653, 40.3670704], [-8.4548603, 40.3669952], [-8.4548385, 40.3669215], [-8.454803, 40.3668574], [-8.4547605, 40.3668034]]}, "properties": {"highway": "primary", "junction": "roundabout", "lanes": "2", "maxspeed": "50", "ref": "IC 2;EN 1", "surface": "asphalt"}}, {"type": "Feature", "geometry": {"type": "LineString", "coordinates": [[-8.4541725, 40.3687626], [-8.4538085, 40.3692061]]}, "properties": {"alt_name": "EN1 / EN234", "highway": "primary", "lanes": "2", "maxspeed": "50", "oneway": "no", "ref": "IC 2;EN 1", "surface": "asphalt"}}, {"type": "Feature", "geometry": {"type": "LineString", "coordinates": [[-8.4541725, 40.3687626], [-8.4544232, 40.3684256], [-8.454511, 40.3682621], [-8.4545822, 40.3680771], [-8.4546205, 40.3679464], [-8.4546434, 40.3678203], [-8.454675, 40.3675369], [-8.4546934, 40.3674405], [-8.4547449, 40.3673476]]}, "properties": {"alt_name": "EN1 / EN234", "highway": "primary", "maxspeed": "50", "oneway": "yes", "ref": "IC 2;EN 1", "surface": "asphalt"}}, {"type": "Feature", "geometry": {"type": "LineString", "coordinates": [[-8.4358576, 40.2267413], [-8.4355112, 40.2272127], [-8.4352218, 40.2277739], [-8.4350502, 40.2282916], [-8.4349815, 40.228832], [-8.4349815, 40.2293401], [-8.4350377, 40.2297322], [-8.4351048, 40.2301151], [-8.4352459, 40.2308881], [-8.4355037, 40.2323305]]}, "properties": {"highway": "trunk", "lanes": "2", "lit": "no", "maxspeed": "100", "motorroad": "yes", "oneway": "yes", "ref": "IC 2", "source": "bing", "surface": "asphalt"}}, {"type": "Feature", "geometry": {"type": "LineString", "coordinates": [[-8.4360882, 40.2264536], [-8.4358576, 40.2267413]]}, "properties": {"bridge": "yes", "highway": "trunk", "lanes": "2", "layer": "1", "lit": "no", "maxspeed": "100", "maxweight:signed": "no", "motorroad": "yes", "oneway": "yes", "ref": "IC 2", "source": "bing", "surface": "asphalt"}}, {"type": "Feature", "geometry": {"type": "LineString", "coordinates": [[-8.4360037, 40.2267704], [-8.4362331, 40.2264754]]}, "properties": {"bridge": "yes", "highway": "trunk", "lanes": "2", "layer": "1", "lit": "no", "maxspeed": "100", "maxweight:signed": "no", "motorroad": "yes", "oneway": "yes", "ref": "IC 2", "source": "bing", "surface": "asphalt"}}, {"type": "Feature", "geometry": {"type": "LineString", "coordinates": [[-8.4362331, 40.2264754], [-8.4377057, 40.2246971], [-8.4381386, 40.2241909], [-8.4386341, 40.2237179]]}, "properties": {"highway": "trunk", "lanes": "2", "lit": "yes", "maxspeed": "100", "motorroad": "yes", "oneway": "yes", "ref": "IC 2", "surface": "asphalt"}}, {"type": "Feature", "geometry": {"type": "LineString", "coordinates": [[-8.4994657, 40.1203515], [-8.4995435, 40.120244], [-8.4998294, 40.1199724], [-8.5001108, 40.1196734], [-8.5009331, 40.1187602], [-8.5013249, 40.1182692], [-8.5016889, 40.117766], [-8.5020972, 40.117106], [-8.5024737, 40.1164183], [-8.5026187, 40.1160818], [-8.5029631, 40.1152273], [-8.5029915, 40.1151463], [-8.5031222, 40.1147732], [-8.5032587, 40.1141966], [-8.5032733, 40.1141228], [-8.5034381, 40.1132246], [-8.5035111, 40.1123694], [-8.503513, 40.1116771], [-8.5033991, 40.1105977], [-8.5032347, 40.1095702], [-8.5029959, 40.1085832], [-8.5027333, 40.107484], [-8.5026863, 40.1071275], [-8.50266, 40.1068237]]}, "properties": {"highway": "trunk", "lanes": "1", "lit": "yes", "maxheight": "5", "maxspeed": "50", "old_ref": "EN 1", "oneway": "yes", "ref": "EN 1;IC 2", "source": "bing", "surface": "asphalt"}}, {"type": "Feature", "geometry": {"type": "LineString", "coordinates": [[-8.4507367, 40.3939814], [-8.4507359, 40.3941251]]}, "properties": {"highway": "primary", "lanes": "2", "maxspeed": "50", "name": "Avenida da Restaura\u00e7\u00e3o", "oneway": "no", "ref": "IC 2;EN 1", "source": "Bing", "surface": "asphalt"}}, {"type": "Feature", "geometry": {"type": "LineString", "coordinates": [[-8.4496621, 40.3819453], [-8.4496461, 40.3817555]]}, "properties": {"highway": "primary", "lanes": "1", "maxspeed": "50", "name": "Avenida da Floresta", "oneway": "yes", "ref": "IC 2;EN 1", "source": "Bing", "surface": "asphalt"}}, {"type": "Feature", "geometry": {"type": "LineString", "coordinates": [[-8.4544731, 40.3673167], [-8.4545262, 40.3674064], [-8.4545466, 40.3675103], [-8.45455, 40.3676101], [-8.4545243, 40.3678035], [-8.4544987, 40.3679394], [-8.4544638, 40.3680707], [-8.4544049, 40.3682437], [-8.4543378, 40.3684136], [-8.4541725, 40.3687626]]}, "properties": {"alt_name": "EN1 / EN234", "highway": "primary", "maxspeed": "50", "oneway": "yes", "ref": "IC 2;EN 1", "surface": "asphalt"}}, {"type": "Feature", "geometry": {"type": "LineString", "coordinates": [[-8.5223276, 40.0870549], [-8.5231544, 40.086504], [-8.5236943, 40.0859652], [-8.5239443, 40.0855084], [-8.5240394, 40.0853056], [-8.5240818, 40.0851258], [-8.5241354, 40.0847351], [-8.5241422, 40.0843293], [-8.5240844, 40.0839778], [-8.5239285, 40.0836427], [-8.5237491, 40.0832985], [-8.5234885, 40.0829194], [-8.5229854, 40.0823011], [-8.5227969, 40.0820323], [-8.5226365, 40.081786], [-8.5225193, 40.081471], [-8.5224445, 40.0811328], [-8.5224324, 40.0809971], [-8.5224147, 40.0807168], [-8.522457, 40.0804357], [-8.5226709, 40.0794239], [-8.5227671, 40.0788617], [-8.5231207, 40.0778045], [-8.523954, 40.0758676], [-8.5241353, 40.0754674], [-8.5247416, 40.0741292], [-8.5253226, 40.0728274], [-8.5256792, 40.0720282], [-8.5264374, 40.070342], [-8.5273325, 40.068411], [-8.5273891, 40.0683325], [-8.5274983, 40.0681812], [-8.5276985, 40.0679037], [-8.5278509, 40.0676902], [-8.5281815, 40.067227], [-8.5293007, 40.065659], [-8.5297709, 40.0650232], [-8.5303753, 40.0645208], [-8.5315442, 40.0636665], [-8.5321348, 40.0631761], [-8.53261, 40.0627084], [-8.5327006, 40.062631], [-8.5330865, 40.0623012], [-8.5335845, 40.0619967], [-8.5350812, 40.0614042], [-8.5359014, 40.0610101]]}, "properties": {"highway": "trunk", "lanes": "2", "lit": "no", "parking:both": "no", "ref": "IC 2;EN 1", "smoothness": "good", "surface": "asphalt"}}, {"type": "Feature", "geometry": {"type": "LineString", "coordinates": [[-8.4992299, 40.1203289], [-8.4991383, 40.1204313], [-8.498704, 40.1207918], [-8.4984109, 40.1210072], [-8.4979521, 40.1213593], [-8.4971716, 40.1218303], [-8.4961272, 40.1224116], [-8.4949571, 40.1229867], [-8.4944038, 40.1232471]]}, "properties": {"highway": "trunk", "lanes": "1", "lit": "yes", "maxspeed": "90", "old_ref": "EN 1", "oneway": "yes", "ref": "IC 2", "source": "Bing", "surface": "asphalt"}}, {"type": "Feature", "geometry": {"type": "LineString", "coordinates": [[-8.50266, 40.1068237], [-8.5026292, 40.1071335], [-8.5026696, 40.1074918], [-8.5029413, 40.1087428], [-8.5031427, 40.1095306], [-8.5031824, 40.1097039], [-8.5033236, 40.1106041], [-8.5034413, 40.1116795], [-8.5034352, 40.1123673], [-8.5033689, 40.1132183], [-8.5032027, 40.1141246], [-8.5031961, 40.1141505], [-8.5031661, 40.1142688], [-8.503042, 40.1147591], [-8.5028665, 40.1152573], [-8.5025404, 40.1160627], [-8.5025296, 40.1160878], [-8.5023965, 40.1163966], [-8.5020303, 40.1170831], [-8.5016252, 40.1177373], [-8.5012632, 40.1182378], [-8.5008779, 40.1187275], [-8.5000433, 40.1196375], [-8.499774, 40.1199353], [-8.4994704, 40.1201996], [-8.4994052, 40.1202302], [-8.4993627, 40.1202501]]}, "properties": {"highway": "trunk", "lanes": "1", "lit": "yes", "maxheight:signed": "no", "maxspeed": "50", "old_ref": "EN 1", "oneway": "yes", "ref": "IC 2;EN 1", "surface": "asphalt"}}, {"type": "Feature", "geometry": {"type": "LineString", "coordinates": [[-8.826548, 39.7294961], [-8.8264084, 39.7296369]]}, "properties": {"highway": "motorway", "lanes": "3", "lit": "yes", "maxspeed": "100", "name": "Variante da Batalha", "oneway": "yes", "ref": "A 19;IC 2", "surface": "asphalt", "toll": "no", "turn:lanes": "through|through|slight_right"}}, {"type": "Feature", "geometry": {"type": "LineString", "coordinates": [[-8.8268268, 39.7291906], [-8.826548, 39.7294961]]}, "properties": {"bridge": "yes", "highway": "motorway", "lanes": "3", "layer": "1", "lit": "yes", "maxspeed": "100", "name": "Variante da Batalha", "oneway": "yes", "ref": "A 19;IC 2", "surface": "asphalt", "toll": "no", "turn:lanes": "through|through|slight_right"}}, {"type": "Feature", "geometry": {"type": "LineString", "coordinates": [[-8.8269273, 39.7292345], [-8.8270417, 39.7291025]]}, "properties": {"highway": "motorway", "lanes": "2", "lit": "yes", "maxspeed": "120", "name": "Variante da Batalha", "oneway": "yes", "ref": "A 19;IC 2", "surface": "asphalt", "toll": "yes"}}, {"type": "Feature", "geometry": {"type": "LineString", "coordinates": [[-8.8266536, 39.7295392], [-8.8269273, 39.7292345]]}, "properties": {"bridge": "yes", "highway": "motorway", "lanes": "2", "layer": "1", "lit": "yes", "maxspeed": "100", "name": "Variante da Batalha", "oneway": "yes", "ref": "A 19;IC 2", "surface": "asphalt", "toll": "yes"}}, {"type": "Feature", "geometry": {"type": "LineString", "coordinates": [[-8.8206118, 39.7384993], [-8.8207525, 39.7383421], [-8.8208757, 39.738223], [-8.8211843, 39.7379389], [-8.8216738, 39.7375149], [-8.8225479, 39.7367246], [-8.8242041, 39.7352923], [-8.824282, 39.7352283]]}, "properties": {"highway": "motorway", "lanes": "3", "lit": "yes", "maxspeed": "100", "minspeed": "50", "name": "Variante da Batalha", "oneway": "yes", "ref": "A 19;IC 2", "smoothness": "excellent", "surface": "asphalt", "toll": "no"}}, {"type": "Feature", "geometry": {"type": "LineString", "coordinates": [[-8.8170998, 39.7523012], [-8.8174195, 39.751497]]}, "properties": {"bridge": "yes", "highway": "motorway", "lanes": "3", "layer": "1", "lit": "yes", "maxspeed": "100", "minspeed": "50", "name": "Variante da Batalha", "oneway": "yes", "ref": "A 19;IC 2", "smoothness": "excellent", "surface": "asphalt", "toll": "no"}}, {"type": "Feature", "geometry": {"type": "LineString", "coordinates": [[-8.817289, 39.7514555], [-8.8169875, 39.7522579]]}, "properties": {"bridge": "yes", "highway": "motorway", "lanes": "2", "layer": "1", "lit": "yes", "maxspeed": "90", "minspeed": "50", "name": "Variante da Batalha", "oneway": "yes", "ref": "A 19;IC 2", "smoothness": "good", "surface": "asphalt", "toll": "no"}}, {"type": "Feature", "geometry": {"type": "LineString", "coordinates": [[-8.8166391, 39.7530802], [-8.8165205, 39.7533516]]}, "properties": {"bicycle": "no", "bridge": "yes", "foot": "no", "highway": "trunk", "horse": "no", "lanes": "2", "layer": "1", "lit": "yes", "maxspeed": "90", "oneway": "yes", "ref": "IC 2", "smoothness": "good", "surface": "asphalt", "turn:lanes": "none|merge_to_left"}}, {"type": "Feature", "geometry": {"type": "LineString", "coordinates": [[-8.8165205, 39.7533516], [-8.8163953, 39.753606], [-8.8162701, 39.7538289], [-8.8162349, 39.7538937], [-8.816169, 39.7539963], [-8.8160694, 39.7541272]]}, "properties": {"bicycle": "no", "foot": "no", "highway": "trunk", "horse": "no", "lanes": "1", "lit": "yes", "maxspeed": "90", "oneway": "yes", "ref": "IC 2", "smoothness": "good", "surface": "asphalt", "turn:lanes": "through;slight_right"}}, {"type": "Feature", "geometry": {"type": "LineString", "coordinates": [[-8.8167691, 39.7531063], [-8.8170998, 39.7523012]]}, "properties": {"highway": "motorway", "lanes": "3", "lit": "yes", "maxspeed": "70", "name": "Variante da Batalha", "oneway": "yes", "ref": "A 19;IC 2", "smoothness": "excellent", "surface": "asphalt", "toll": "no"}}, {"type": "Feature", "geometry": {"type": "LineString", "coordinates": [[-8.8166411, 39.7533926], [-8.8167691, 39.7531063]]}, "properties": {"bridge": "yes", "highway": "motorway", "lanes": "3", "layer": "1", "lit": "yes", "maxspeed": "70", "name": "Variante da Batalha", "oneway": "yes", "ref": "A 19;IC 2", "smoothness": "excellent", "surface": "asphalt", "toll": "no"}}, {"type": "Feature", "geometry": {"type": "LineString", "coordinates": [[-8.8158256, 39.7544522], [-8.815623, 39.754709], [-8.8154347, 39.7549318]]}, "properties": {"bicycle": "no", "bridge": "viaduct", "foot": "no", "highway": "trunk", "lanes": "2", "layer": "1", "lit": "yes", "maxspeed:lanes": "90|70", "maxweight:signed": "no", "oneway": "yes", "ref": "IC 2", "smoothness": "good", "surface": "asphalt", "turn:lanes": "through|slight_right"}}, {"type": "Feature", "geometry": {"type": "LineString", "coordinates": [[-8.8158395, 39.7545712], [-8.8159123, 39.7544779], [-8.8159809, 39.7543894], [-8.8160481, 39.7543012], [-8.816147, 39.7541654], [-8.8162343, 39.7540382], [-8.8163228, 39.7538989]]}, "properties": {"highway": "motorway", "lanes": "1", "lit": "yes", "maxspeed": "70", "name": "Variante da Batalha", "oneway": "yes", "ref": "A 19;IC 2", "smoothness": "excellent", "surface": "asphalt", "toll": "no"}}, {"type": "Feature", "geometry": {"type": "LineString", "coordinates": [[-8.8154403, 39.7550571], [-8.8155077, 39.7549863], [-8.8155751, 39.7549099], [-8.8156498, 39.7548206], [-8.8157369, 39.75471]]}, "properties": {"bridge": "viaduct", "destination:arrow:lanes": "through|slight_right", "destination:colour:lanes": "blue;blue|;orange", "destination:lanes": "Leiria Sul;Lisboa|Leiria;Est\u00e1dio", "destination:ref:lanes": "A 19|", "destination:symbol:lanes": "|centre;stadium", "highway": "motorway", "lanes": "2", "layer": "1", "lit": "yes", "maxspeed": "70", "name": "Variante da Batalha", "oneway": "yes", "ref": "A 19;IC 2", "smoothness": "excellent", "surface": "asphalt", "toll": "no", "turn:lanes": "through|slight_right"}}, {"type": "Feature", "geometry": {"type": "LineString", "coordinates": [[-8.9837151, 39.0369308], [-8.9834104, 39.0365033], [-8.9828624, 39.0357052], [-8.9821901, 39.0347412], [-8.9820065, 39.0345142], [-8.9818552, 39.0343887], [-8.9815979, 39.0342374]]}, "properties": {"destination": "Lisboa;Porto", "destination:ref": "A 1", "highway": "trunk", "lanes": "1", "maxspeed": "60", "oneway": "yes", "ref": "IC 2", "surface": "asphalt", "toll": "yes"}}, {"type": "Feature", "geometry": {"type": "LineString", "coordinates": [[-8.9702821, 39.025638], [-8.9705643, 39.0257395], [-8.9707814, 39.0258259], [-8.9710013, 39.0259429], [-8.9711931, 39.0260682], [-8.9713215, 39.0261677], [-8.9714194, 39.026256]]}, "properties": {"destination:backward": "Lisboa;Porto", "destination:forward": "Alenquer;Carregado", "destination:ref:backward": "A 1", "destination:ref:forward": "EN 3", "destination:ref:to:forward": "EN 1", "highway": "trunk", "lanes": "2", "oneway": "no", "ref": "IC 2", "surface": "asphalt", "toll:backward": "yes"}}, {"type": "Feature", "geometry": {"type": "LineString", "coordinates": [[-8.9722362, 39.0270865], [-8.9737254, 39.0286699], [-8.973955, 39.0289312], [-8.9740711, 39.0290927], [-8.9741713, 39.0292703], [-8.9743055, 39.0295526], [-8.9744166, 39.0298611], [-8.9749677, 39.0318389], [-8.9750986, 39.0322642], [-8.9752779, 39.0326524], [-8.9754486, 39.0329095], [-8.9756456, 39.0331563], [-8.9758587, 39.0333526], [-8.9761002, 39.0335352], [-8.9763963, 39.0337258], [-8.9766994, 39.0338846], [-8.9769743, 39.0340043], [-8.9772531, 39.0341042], [-8.9774918, 39.0341656], [-8.9777305, 39.0342114], [-8.9780865, 39.0342535], [-8.9784526, 39.0342634]]}, "properties": {"destination:backward": "Lisboa;Porto", "destination:forward": "Alenquer", "destination:ref:backward": "A 1", "destination:ref:forward": "EN 1", "highway": "trunk", "lanes": "2", "oneway": "no", "ref": "IC 2", "surface": "asphalt", "toll:backward": "yes"}}, {"type": "Feature", "geometry": {"type": "LineString", "coordinates": [[-8.7416676, 39.8052457], [-8.7418205, 39.8061737]]}, "properties": {"bridge": "yes", "highway": "trunk", "lanes": "1", "layer": "1", "lit": "no", "maxspeed": "70", "maxweight:signed": "no", "name": "Ponte da Madalena", "oneway": "yes", "ref": "IC 2;EN 1", "smoothness": "excellent", "surface": "asphalt"}}, {"type": "Feature", "geometry": {"type": "LineString", "coordinates": [[-8.9718631, 39.0266986], [-8.9721905, 39.027039]]}, "properties": {"bridge": "yes", "destination:backward": "Lisboa;Porto", "destination:forward": "Alenquer;Carregado", "destination:ref:backward": "A 1", "destination:ref:forward": "EN 3", "destination:ref:to:forward": "EN 1", "highway": "trunk", "lanes": "4", "layer": "1", "oneway": "no", "ref": "IC 2", "surface": "asphalt", "toll:backward": "yes", "turn:lanes:forward": "through|right"}}, {"type": "Feature", "geometry": {"type": "LineString", "coordinates": [[-8.9815979, 39.0342374], [-8.9814552, 39.0341818], [-8.9813003, 39.0341294]]}, "properties": {"bridge": "yes", "destination": "Lisboa;Porto", "destination:ref": "A 1", "highway": "trunk", "lanes": "1", "layer": "1", "maxspeed": "60", "oneway": "yes", "ref": "IC 2", "surface": "asphalt", "toll": "yes"}}, {"type": "Feature", "geometry": {"type": "LineString", "coordinates": [[-9.0625674, 38.9660775], [-9.0626295, 38.9658905], [-9.0626877, 38.9656979], [-9.0627571, 38.9654258], [-9.0628189, 38.9651625], [-9.0629212, 38.9647088], [-9.0630195, 38.9642291]]}, "properties": {"bridge": "yes", "highway": "motorway", "lanes": "3", "layer": "1", "maxspeed": "120", "minspeed": "50", "name": "Autoestrada do Ribatejo", "oneway": "yes", "ref": "A 10;IC 2", "surface": "asphalt", "toll": "yes"}}, {"type": "Feature", "geometry": {"type": "LineString", "coordinates": [[-9.0630195, 38.9642291], [-9.0630701, 38.9638531], [-9.0630969, 38.9634236], [-9.0630973, 38.9631119], [-9.0630732, 38.9626696], [-9.0630155, 38.9621532], [-9.0629383, 38.96169], [-9.0628091, 38.9612244], [-9.0625688, 38.9605362], [-9.062321, 38.9598434], [-9.0621607, 38.9593828], [-9.0620234, 38.9588752], [-9.0619039, 38.9582222], [-9.0618822, 38.9574576], [-9.0619349, 38.9569758], [-9.0621397, 38.956164], [-9.0623292, 38.955651], [-9.0627487, 38.9548916], [-9.0630444, 38.9544729], [-9.0636764, 38.953783], [-9.0644236, 38.9531283], [-9.0653779, 38.952299], [-9.0659652, 38.9516968]]}, "properties": {"highway": "motorway", "lanes": "3", "maxspeed": "120", "minspeed": "50", "name": "Autoestrada do Ribatejo", "oneway": "yes", "ref": "A 10;IC 2", "surface": "asphalt", "toll": "yes"}}, {"type": "Feature", "geometry": {"type": "LineString", "coordinates": [[-9.0618003, 38.9674976], [-9.0610278, 38.9691765]]}, "properties": {"highway": "motorway", "lanes": "3", "maxspeed": "120", "minspeed": "50", "name": "Autoestrada do Ribatejo", "oneway": "yes", "ref": "A 10;IC 2", "surface": "asphalt", "toll": "yes"}}, {"type": "Feature", "geometry": {"type": "LineString", "coordinates": [[-9.0619704, 38.9675402], [-9.0621625, 38.9670846]]}, "properties": {"bridge": "yes", "highway": "motorway", "lanes": "3", "layer": "1", "maxspeed": "120", "minspeed": "50", "name": "Autoestrada do Ribatejo", "oneway": "yes", "ref": "A 10;IC 2", "surface": "asphalt", "toll": "yes"}}, {"type": "Feature", "geometry": {"type": "LineString", "coordinates": [[-9.0621625, 38.9670846], [-9.0625674, 38.9660775]]}, "properties": {"highway": "motorway", "lanes": "3", "maxspeed": "120", "minspeed": "50", "name": "Autoestrada do Ribatejo", "oneway": "yes", "ref": "A 10;IC 2", "surface": "asphalt", "toll": "yes"}}, {"type": "Feature", "geometry": {"type": "LineString", "coordinates": [[-8.9741682, 39.0182792], [-8.9746044, 39.0183291], [-8.9750095, 39.0183694], [-8.9757217, 39.0184258], [-8.9760848, 39.0184473], [-8.9762792, 39.0184551], [-8.9764901, 39.0184598], [-8.9767994, 39.0184613]]}, "properties": {"highway": "motorway", "lanes": "3", "maxspeed": "120", "minspeed": "50", "name": "Autoestrada do Ribatejo", "note": "A10 / IC2 / IC3", "oneway": "yes", "ref": "A 10;IC 2", "surface": "asphalt", "toll": "yes"}}, {"type": "Feature", "geometry": {"type": "LineString", "coordinates": [[-8.9956372, 39.2093708], [-8.9967774, 39.2081032], [-8.9970724, 39.207449], [-8.9971763, 39.2072185], [-8.9974758, 39.2065541], [-8.9987074, 39.2037572], [-8.998808, 39.2035711], [-8.9990115, 39.2031947], [-8.9992801, 39.2027241], [-9.0001115, 39.2012677], [-9.0010793, 39.1996212], [-9.0019568, 39.1981282], [-9.0021764, 39.1977307], [-9.0030198, 39.1962044], [-9.0033387, 39.1956272], [-9.0036734, 39.1949553], [-9.0042821, 39.1933356], [-9.0043258, 39.1932192], [-9.0044888, 39.1925872], [-9.0045403, 39.1917757], [-9.0045135, 39.1893336], [-9.004506, 39.1886557], [-9.0045088, 39.1881342], [-9.0045146, 39.1870259], [-9.0045832, 39.1866666], [-9.0047034, 39.1863672], [-9.0049891, 39.1858968], [-9.0051669, 39.1854159], [-9.0051841, 39.1849901], [-9.0051154, 39.1845111], [-9.005039, 39.1842838], [-9.0049004, 39.1840614], [-9.0043515, 39.183267], [-9.0024804, 39.1804927], [-9.0018385, 39.1795352], [-9.0010041, 39.1782904], [-9.00006, 39.1769065], [-8.9989785, 39.1752098], [-8.9981631, 39.1737326], [-8.9971074, 39.1714503], [-8.9969186, 39.1711708], [-8.9966182, 39.1709313], [-8.9956159, 39.1704119], [-8.9949874, 39.1700862], [-8.9946612, 39.1698932], [-8.9944209, 39.1696204], [-8.994275, 39.1692212], [-8.9941634, 39.1681365], [-8.9939488, 39.1665394], [-8.9939317, 39.1661135], [-8.9939574, 39.165315], [-8.9939832, 39.164736], [-8.9938887, 39.1643367], [-8.993554, 39.1637112], [-8.9932793, 39.1632453], [-8.9930047, 39.1628061], [-8.9928845, 39.1624601], [-8.992833, 39.162134], [-8.992936, 39.1614818], [-8.9931231, 39.1607151], [-8.9931553, 39.1605782], [-8.9936614, 39.1584252], [-8.9937562, 39.1580221], [-8.9938161, 39.1578062], [-8.9939004, 39.1575957], [-8.9939538, 39.1574952], [-8.994, 39.1574081], [-8.994115, 39.1572216], [-8.9942433, 39.1570228], [-8.9950115, 39.1558439], [-8.9951122, 39.1556883], [-8.9954761, 39.1551261], [-8.9955161, 39.1550722], [-8.9970789, 39.1525895], [-8.9971773, 39.1523574], [-8.9972325, 39.1520563], [-8.9972229, 39.1517012], [-8.9971173, 39.1513305], [-8.9969848, 39.1510654], [-8.9967936, 39.1507875], [-8.9958886, 39.1496548], [-8.9955624, 39.1492221], [-8.9952878, 39.1487562], [-8.9951391, 39.1484609], [-8.9950732, 39.1483302], [-8.9948758, 39.1474715], [-8.9944981, 39.1464597], [-8.9944381, 39.1461535], [-8.9944209, 39.145621], [-8.9944821, 39.1450465], [-8.9945778, 39.1441481], [-8.994603, 39.1439402], [-8.9946609, 39.1437035], [-8.9947419, 39.1434812], [-8.9948665, 39.1432394], [-8.9949757, 39.1430611], [-8.995104, 39.1428863], [-8.9966281, 39.1411155], [-8.9967543, 39.1409665], [-8.9968526, 39.1408313], [-8.9969519, 39.1406713], [-8.9970189, 39.1405137], [-8.997124, 39.1402081], [-8.9971691, 39.1400777], [-8.9975667, 39.138901], [-8.9976892, 39.1384205], [-8.9978541, 39.1377725], [-8.9978873, 39.1369971], [-8.9979056, 39.1365701], [-8.9979142, 39.1363678], [-8.9978198, 39.1358086], [-8.9976567, 39.1351561], [-8.9972876, 39.1343439], [-8.9970208, 39.1338222], [-8.9968756, 39.1335383], [-8.9965752, 39.1329458], [-8.9961289, 39.1322201], [-8.9955397, 39.1312777], [-8.9950217, 39.1304491], [-8.9947385, 39.1300629], [-8.9944896, 39.1298299], [-8.9940501, 39.1294976], [-8.9934682, 39.1290576], [-8.9928183, 39.128593], [-8.992155, 39.1281188], [-8.9918374, 39.1278458], [-8.9915627, 39.1275861], [-8.9914082, 39.1273065], [-8.9913052, 39.1270135], [-8.9912881, 39.1266806], [-8.9914157, 39.1259499], [-8.9914181, 39.1256017], [-8.9912537, 39.1251025], [-8.9912674, 39.1247445], [-8.9914535, 39.1242292], [-8.9916645, 39.1237371], [-8.991739, 39.1232772], [-8.9917684, 39.1230209], [-8.9918077, 39.1226788], [-8.9917086, 39.122266], [-8.9914511, 39.1217199], [-8.9911807, 39.121274], [-8.989904, 39.1195433], [-8.9898282, 39.1193863], [-8.98979, 39.1192505], [-8.9895748, 39.1180887], [-8.9895028, 39.117871], [-8.9893558, 39.1170002], [-8.9892446, 39.1164423], [-8.9891423, 39.1160198], [-8.9888411, 39.1151299]]}, "properties": {"highway": "primary", "lanes": "2", "ref": "IC 2;EN 1", "surface": "asphalt"}}, {"type": "Feature", "geometry": {"type": "LineString", "coordinates": [[-8.9870282, 39.1091337], [-8.9870738, 39.1086541], [-8.9871854, 39.1082346], [-8.9872642, 39.1080393]]}, "properties": {"highway": "primary", "lanes": "2", "ref": "IC 2;EN 1", "surface": "asphalt"}}, {"type": "Feature", "geometry": {"type": "LineString", "coordinates": [[-8.9870141, 39.1093301], [-8.9870282, 39.1091337]]}, "properties": {"bridge": "yes", "highway": "primary", "lanes": "2", "layer": "1", "ref": "IC 2;EN 1", "surface": "asphalt"}}, {"type": "Feature", "geometry": {"type": "LineString", "coordinates": [[-8.8574389, 39.6009072], [-8.8574778, 39.6010835], [-8.8574804, 39.6011554], [-8.8574664, 39.6016312], [-8.8574639, 39.6017082], [-8.8574501, 39.602239], [-8.8574454, 39.6024341], [-8.8574683, 39.6026006]]}, "properties": {"highway": "trunk", "lanes": "1", "oneway": "yes", "ref": "IC 2;EN 1", "surface": "asphalt"}}, {"type": "Feature", "geometry": {"type": "LineString", "coordinates": [[-8.9631677, 39.3756967], [-8.9632763, 39.3754814], [-8.9634676, 39.3751621], [-8.9637215, 39.3747645]]}, "properties": {"highway": "trunk", "lanes": "2", "oneway": "yes", "ref": "IC 2;EN 1", "surface": "asphalt", "turn:lanes": "through|slight_right"}}, {"type": "Feature", "geometry": {"type": "LineString", "coordinates": [[-8.9562658, 39.4353112], [-8.9562928, 39.435135], [-8.956312, 39.4350669], [-8.9563907, 39.4348498], [-8.9564503, 39.4346795], [-8.9577559, 39.4316307], [-8.9586392, 39.4295643], [-8.9594379, 39.4276958], [-8.9597337, 39.4270039], [-8.9600233, 39.4263263], [-8.9608295, 39.4244432], [-8.9608735, 39.4243691], [-8.9609128, 39.4243175], [-8.9609541, 39.4242626]]}, "properties": {"highway": "trunk", "lanes": "1", "maxspeed": "50", "oneway": "yes", "ref": "IC 2;EN 1", "surface": "asphalt"}}, {"type": "Feature", "geometry": {"type": "LineString", "coordinates": [[-8.4763184, 40.8098979], [-8.4766985, 40.8074468], [-8.4767367, 40.8071856], [-8.476753, 40.8069592], [-8.4767788, 40.8062406], [-8.4767906, 40.8054801], [-8.4767964, 40.8050883], [-8.4768074, 40.8043488], [-8.4768327, 40.8041267], [-8.476889, 40.8038411]]}, "properties": {"highway": "primary", "lanes": "3", "maxspeed": "50", "name": "Estrada Nacional 1", "old_name": "Estrada Nacional 1", "oneway": "no", "ref": "IC 2;EN 1", "source": "Bing", "surface": "asphalt"}}, {"type": "Feature", "geometry": {"type": "LineString", "coordinates": [[-8.4479619, 40.1791752], [-8.4478588, 40.1795139], [-8.447797, 40.1797783], [-8.4477585, 40.1800412]]}, "properties": {"highway": "trunk", "lanes": "2", "lit": "yes", "maxspeed": "90", "maxweight:signed": "no", "motorroad": "yes", "oneway": "yes", "ref": "IC 2", "source": "Bing", "surface": "asphalt"}}, {"type": "Feature", "geometry": {"type": "LineString", "coordinates": [[-8.4508563, 40.1960052], [-8.4510269, 40.1961891], [-8.4513419, 40.196453], [-8.4517351, 40.196728], [-8.451997, 40.1969112], [-8.4522461, 40.1971136], [-8.4523944, 40.1972707]]}, "properties": {"highway": "trunk", "lanes": "2", "maxspeed": "70", "motorroad": "yes", "oneway": "yes", "ref": "IC 2"}}, {"type": "Feature", "geometry": {"type": "LineString", "coordinates": [[-8.4509574, 40.195958], [-8.4508396, 40.1958042], [-8.4507512, 40.1956489], [-8.4506643, 40.1954655], [-8.450599, 40.1952676], [-8.4505461, 40.1950273], [-8.4505027, 40.1947783]]}, "properties": {"bridge": "yes", "highway": "trunk", "lanes": "2", "layer": "1", "lit": "yes", "maxspeed": "70", "maxweight:signed": "no", "motorroad": "yes", "oneway": "yes", "ref": "IC 2"}}, {"type": "Feature", "geometry": {"type": "LineString", "coordinates": [[-8.4493673, 40.2052297], [-8.4487548, 40.205699], [-8.4483779, 40.2060108], [-8.4481444, 40.2062383], [-8.4479167, 40.2065415], [-8.4477562, 40.2068053], [-8.4476064, 40.2071304], [-8.4473215, 40.2077586], [-8.4464101, 40.209838], [-8.4462983, 40.2101414], [-8.4462327, 40.210389], [-8.4461952, 40.210609], [-8.4461814, 40.2108352], [-8.4461886, 40.2110532]]}, "properties": {"highway": "trunk", "lanes": "2", "maxspeed": "90", "motorroad": "yes", "oneway": "yes", "ref": "IC 2", "surface": "asphalt"}}, {"type": "Feature", "geometry": {"type": "LineString", "coordinates": [[-8.4462615, 40.2137557], [-8.4462562, 40.2135731], [-8.4463934, 40.2129924], [-8.4464251, 40.2127457], [-8.4464345, 40.2124989], [-8.4463872, 40.211974], [-8.4463436, 40.2115448]]}, "properties": {"highway": "trunk", "lanes": "2", "maxheight": "default", "maxspeed": "90", "motorroad": "yes", "oneway": "yes", "ref": "IC 2", "surface": "asphalt"}}, {"type": "Feature", "geometry": {"type": "LineString", "coordinates": [[-8.4463436, 40.2115448], [-8.4463, 40.2110288], [-8.4463067, 40.2107269], [-8.446349, 40.2104058], [-8.4464163, 40.2101608], [-8.4465194, 40.2098804], [-8.4469331, 40.2089483], [-8.4473076, 40.2080885], [-8.4476921, 40.2072245], [-8.4479184, 40.2067566], [-8.4480307, 40.2065739], [-8.4482107, 40.2063397], [-8.4484477, 40.2060888], [-8.4488385, 40.205759]]}, "properties": {"hgv:lanes": "no|yes|yes", "highway": "trunk", "lanes": "3", "maxspeed": "90", "minspeed:lanes": "70|50|", "motorroad": "yes", "oneway": "yes", "ref": "IC 2", "surface": "asphalt"}}, {"type": "Feature", "geometry": {"type": "LineString", "coordinates": [[-8.7229607, 39.8274576], [-8.7230538, 39.8273846], [-8.7232361, 39.8271163]]}, "properties": {"highway": "trunk", "lanes": "2", "lit": "yes", "maxspeed": "50", "oneway": "yes", "ref": "IC 2;EN 1", "surface": "asphalt", "turn:lanes": "left;through|slight_right"}}, {"type": "Feature", "geometry": {"type": "LineString", "coordinates": [[-8.6306407, 39.9221263], [-8.6300905, 39.9224089]]}, "properties": {"bridge": "yes", "highway": "trunk", "lanes": "2", "layer": "1", "maxspeed": "50", "maxweight:signed": "no", "old_ref": "EN 1", "ref": "IC 2;EN 1", "smoothness": "good", "surface": "asphalt"}}, {"type": "Feature", "geometry": {"type": "LineString", "coordinates": [[-8.479324, 40.8939163], [-8.4790042, 40.8934795]]}, "properties": {"bridge": "yes", "change:lanes": "no|no", "highway": "trunk", "lanes": "2", "layer": "1", "maxweight:signed": "no", "oneway": "yes", "ref": "IC 2", "source": "BING", "surface": "asphalt", "toll": "no"}}, {"type": "Feature", "geometry": {"type": "LineString", "coordinates": [[-8.484433, 40.9051723], [-8.4843907, 40.9050238]]}, "properties": {"bridge": "yes", "highway": "trunk", "lanes": "1", "layer": "1", "maxweight:signed": "no", "oneway": "yes", "ref": "IC 2", "source": "Bing", "surface": "asphalt", "toll": "no"}}, {"type": "Feature", "geometry": {"type": "LineString", "coordinates": [[-8.4814849, 40.8979329], [-8.4815368, 40.8980559]]}, "properties": {"bridge": "yes", "highway": "trunk", "lanes": "1", "layer": "1", "maxweight:signed": "no", "oneway": "yes", "ref": "IC 2", "source": "BING", "surface": "asphalt", "toll": "no"}}, {"type": "Feature", "geometry": {"type": "LineString", "coordinates": [[-8.4783128, 40.892551], [-8.4781841, 40.8923544], [-8.4780661, 40.8921605], [-8.477957, 40.8919697], [-8.4778512, 40.8917619], [-8.4776822, 40.8913954], [-8.4775932, 40.8909923]]}, "properties": {"highway": "trunk", "lanes": "1", "oneway": "yes", "ref": "IC 2", "source": "Bing", "surface": "asphalt"}}, {"type": "Feature", "geometry": {"type": "LineString", "coordinates": [[-8.485784, 40.9098186], [-8.4862505, 40.9113997], [-8.4863748, 40.9118115]]}, "properties": {"highway": "trunk", "lanes": "1", "oneway": "yes", "ref": "IC 2", "surface": "asphalt", "toll": "no"}}, {"type": "Feature", "geometry": {"type": "LineString", "coordinates": [[-8.4788609, 40.8934727], [-8.4791659, 40.8938947]]}, "properties": {"bridge": "yes", "change:lanes": "no|no", "highway": "trunk", "lanes": "2", "layer": "1", "maxweight:signed": "no", "oneway": "yes", "ref": "IC 2", "source": "BING", "surface": "asphalt", "toll": "no"}}, {"type": "Feature", "geometry": {"type": "LineString", "coordinates": [[-8.479283, 40.8940469], [-8.4798546, 40.8947773], [-8.4800807, 40.8951119], [-8.4802583, 40.8953841], [-8.4803401, 40.8955396]]}, "properties": {"highway": "trunk", "lanes": "1", "oneway": "yes", "ref": "IC 2", "surface": "asphalt", "toll": "no"}}, {"type": "Feature", "geometry": {"type": "LineString", "coordinates": [[-8.4857197, 40.9096081], [-8.485784, 40.9098186]]}, "properties": {"highway": "trunk", "lanes": "1", "oneway": "yes", "ref": "IC 2", "surface": "asphalt", "toll": "no"}}, {"type": "Feature", "geometry": {"type": "LineString", "coordinates": [[-8.4858525, 40.9098145], [-8.4857791, 40.9095832]]}, "properties": {"highway": "trunk", "lanes": "1", "oneway": "yes", "ref": "IC 2", "surface": "asphalt", "toll": "no"}}, {"type": "Feature", "geometry": {"type": "LineString", "coordinates": [[-8.4843907, 40.9050238], [-8.4839022, 40.9033947], [-8.4836899, 40.9027656], [-8.4833314, 40.9019408], [-8.4829033, 40.9009731]]}, "properties": {"highway": "trunk", "lanes": "1", "oneway": "yes", "ref": "IC 2", "surface": "asphalt", "toll": "no"}}, {"type": "Feature", "geometry": {"type": "LineString", "coordinates": [[-8.4778042, 40.891861], [-8.4779026, 40.8920689], [-8.477997, 40.8922486], [-8.4781055, 40.8924256], [-8.4782318, 40.8926093], [-8.4788609, 40.8934727]]}, "properties": {"highway": "trunk", "lanes": "2", "oneway": "yes", "ref": "IC 2", "source": "Bing", "surface": "asphalt"}}, {"type": "Feature", "geometry": {"type": "LineString", "coordinates": [[-8.4816088, 40.8980379], [-8.4815515, 40.8979118]]}, "properties": {"bridge": "yes", "highway": "trunk", "lanes": "1", "layer": "1", "maxweight:signed": "no", "oneway": "yes", "ref": "IC 2", "source": "BING", "surface": "asphalt", "toll": "no"}}, {"type": "Feature", "geometry": {"type": "LineString", "coordinates": [[-8.4857791, 40.9095832], [-8.4854358, 40.9084634], [-8.4849062, 40.906787], [-8.4845393, 40.9055352], [-8.484433, 40.9051723]]}, "properties": {"highway": "trunk", "lanes": "1", "oneway": "yes", "ref": "IC 2", "surface": "asphalt", "toll": "no"}}, {"type": "Feature", "geometry": {"type": "LineString", "coordinates": [[-8.4863748, 40.9118115], [-8.4864339, 40.9120103]]}, "properties": {"bridge": "yes", "highway": "trunk", "lanes": "1", "layer": "1", "maxweight:signed": "no", "oneway": "yes", "ref": "IC 2", "surface": "asphalt", "toll": "no"}}, {"type": "Feature", "geometry": {"type": "LineString", "coordinates": [[-8.480709, 40.8960528], [-8.4805476, 40.8957193], [-8.4803845, 40.8954048], [-8.4801672, 40.8950687], [-8.479324, 40.8939163]]}, "properties": {"change:lanes": "yes|yes", "highway": "trunk", "lanes": "2", "maxheight:signed": "no", "oneway": "yes", "ref": "IC 2", "surface": "asphalt", "toll": "no"}}, {"type": "Feature", "geometry": {"type": "LineString", "coordinates": [[-8.4864979, 40.9119919], [-8.4864366, 40.9117809]]}, "properties": {"bridge": "yes", "highway": "trunk", "lanes": "1", "layer": "1", "maxweight:signed": "no", "oneway": "yes", "ref": "IC 2", "surface": "asphalt", "toll": "no"}}, {"type": "Feature", "geometry": {"type": "LineString", "coordinates": [[-8.4815368, 40.8980559], [-8.4824366, 40.9000796], [-8.482846, 40.9009882]]}, "properties": {"highway": "trunk", "lanes": "1", "oneway": "yes", "ref": "IC 2", "surface": "asphalt", "toll": "no"}}, {"type": "Feature", "geometry": {"type": "LineString", "coordinates": [[-8.4843324, 40.9050302], [-8.4843736, 40.9051729]]}, "properties": {"bridge": "yes", "highway": "trunk", "lanes": "1", "layer": "1", "maxweight:signed": "no", "oneway": "yes", "ref": "IC 2", "source": "Bing", "surface": "asphalt", "toll": "no"}}, {"type": "Feature", "geometry": {"type": "LineString", "coordinates": [[-8.4869733, 40.9137135], [-8.4870233, 40.9138715], [-8.4872468, 40.9145258], [-8.4873336, 40.9147689], [-8.48737, 40.914991], [-8.4876436, 40.9159226], [-8.4876963, 40.9160975], [-8.4877736, 40.916222], [-8.4879075, 40.9163208], [-8.4880937, 40.9164017]]}, "properties": {"highway": "trunk", "lanes": "1", "oneway": "yes", "ref": "IC 2", "surface": "asphalt", "toll": "no"}}, {"type": "Feature", "geometry": {"type": "LineString", "coordinates": [[-8.4864366, 40.9117809], [-8.4863094, 40.9113848], [-8.4858525, 40.9098145]]}, "properties": {"highway": "trunk", "lanes": "1", "oneway": "yes", "ref": "IC 2", "surface": "asphalt", "toll": "no"}}, {"type": "Feature", "geometry": {"type": "LineString", "coordinates": [[-8.4843736, 40.9051729], [-8.4848357, 40.9068042], [-8.4853708, 40.908482], [-8.4857197, 40.9096081]]}, "properties": {"highway": "trunk", "lanes": "1", "oneway": "yes", "ref": "IC 2", "surface": "asphalt", "toll": "no"}}, {"type": "Feature", "geometry": {"type": "LineString", "coordinates": [[-8.502872, 40.9250022], [-8.5024374, 40.923912], [-8.5022983, 40.9235735], [-8.5021389, 40.9232349], [-8.5020401, 40.9230435], [-8.5019065, 40.9228004], [-8.5016956, 40.922501]]}, "properties": {"highway": "trunk", "lanes": "1", "maxspeed": "70", "oneway": "yes", "ref": "IC 2", "surface": "asphalt", "toll": "no"}}, {"type": "Feature", "geometry": {"type": "LineString", "coordinates": [[-8.5027408, 40.9250314], [-8.5029053, 40.9254215]]}, "properties": {"bridge": "yes", "highway": "trunk", "lanes": "3", "layer": "1", "maxspeed": "70", "maxweight:signed": "no", "oneway": "yes", "ref": "IC 2", "surface": "asphalt", "toll": "no"}}, {"type": "Feature", "geometry": {"type": "LineString", "coordinates": [[-8.5029053, 40.9254215], [-8.5029941, 40.9256327], [-8.5032939, 40.9263462]]}, "properties": {"highway": "trunk", "lanes": "3", "maxspeed": "70", "name": "Rua da Meia L\u00e9gua", "oneway": "yes", "ref": "IC 2", "surface": "asphalt", "toll": "no"}}, {"type": "Feature", "geometry": {"type": "LineString", "coordinates": [[-8.5030339, 40.9253954], [-8.502872, 40.9250022]]}, "properties": {"bridge": "yes", "highway": "trunk", "lanes": "1", "layer": "1", "maxspeed": "70", "maxweight:signed": "no", "oneway": "yes", "ref": "IC 2", "surface": "asphalt", "toll": "no"}}, {"type": "Feature", "geometry": {"type": "LineString", "coordinates": [[-8.501502, 40.9223039], [-8.5016442, 40.9225327]]}, "properties": {"bridge": "yes", "highway": "trunk", "lanes": "1", "layer": "1", "maxweight:signed": "no", "oneway": "yes", "ref": "IC 2", "surface": "asphalt", "toll": "no"}}, {"type": "Feature", "geometry": {"type": "LineString", "coordinates": [[-8.5016442, 40.9225327], [-8.5019022, 40.9230172], [-8.5020931, 40.9233959], [-8.5021915, 40.9235899], [-8.5026569, 40.9248123]]}, "properties": {"highway": "trunk", "lanes": "1", "maxspeed": "70", "oneway": "yes", "ref": "IC 2", "surface": "asphalt", "toll": "no"}}, {"type": "Feature", "geometry": {"type": "LineString", "coordinates": [[-8.5016956, 40.922501], [-8.5015487, 40.9222797]]}, "properties": {"bridge": "yes", "highway": "trunk", "lanes": "1", "layer": "1", "maxspeed": "90", "maxweight:signed": "no", "oneway": "yes", "ref": "IC 2", "surface": "asphalt", "toll": "no"}}, {"type": "Feature", "geometry": {"type": "LineString", "coordinates": [[-8.5015487, 40.9222797], [-8.5011571, 40.9218141], [-8.5009196, 40.9215843], [-8.5005496, 40.9212929], [-8.5001518, 40.9210323], [-8.4996661, 40.9207764], [-8.4993731, 40.9206515], [-8.4990555, 40.9205343], [-8.4986161, 40.9204156], [-8.4977049, 40.9202182], [-8.4973431, 40.9201502], [-8.496911, 40.9200592], [-8.4962304, 40.9198938], [-8.4955674, 40.9196895], [-8.4951472, 40.919518], [-8.4947097, 40.9193253], [-8.4943551, 40.919146], [-8.4931038, 40.9183991], [-8.4922038, 40.9179153], [-8.491714, 40.9176866]]}, "properties": {"highway": "trunk", "lanes": "1", "maxspeed": "90", "oneway": "yes", "ref": "IC 2", "surface": "asphalt", "toll": "no"}}, {"type": "Feature", "geometry": {"type": "LineString", "coordinates": [[-8.5036038, 40.9269438], [-8.5035247, 40.9267486], [-8.5033874, 40.9263222], [-8.5031124, 40.9256013], [-8.5030339, 40.9253954]]}, "properties": {"highway": "trunk", "lanes": "1", "maxspeed": "70", "name": "Rua da Meia L\u00e9gua", "oneway": "yes", "ref": "IC 2", "surface": "asphalt", "toll": "no"}}, {"type": "Feature", "geometry": {"type": "LineString", "coordinates": [[-8.5656142, 40.0319899], [-8.5654791, 40.0320619], [-8.5649696, 40.0323998]]}, "properties": {"highway": "trunk", "lanes": "1", "lit": "yes", "maxspeed": "50", "old_ref": "EN 1", "oneway": "yes", "ref": "IC 2;EN 1", "surface": "asphalt"}}, {"type": "Feature", "geometry": {"type": "LineString", "coordinates": [[-8.5862057, 40.011245], [-8.5865356, 40.0109454]]}, "properties": {"bridge": "yes", "highway": "trunk", "lanes": "2", "layer": "1", "maxspeed": "70", "maxweight:signed": "no", "ref": "IC 2;EN 1", "surface": "asphalt"}}, {"type": "Feature", "geometry": {"type": "LineString", "coordinates": [[-8.5716915, 40.027783], [-8.5733449, 40.0266038]]}, "properties": {"highway": "trunk", "lanes": "3", "lanes:backward": "2", "lanes:forward": "1", "lit": "no", "maxspeed": "60", "ref": "IC 2;EN 1", "surface": "asphalt", "turn:lanes:backward": "|merge_to_left"}}, {"type": "Feature", "geometry": {"type": "LineString", "coordinates": [[-8.72374, 39.8264398], [-8.724099, 39.8260467], [-8.7242029, 39.8259483], [-8.7247551, 39.8254251], [-8.7247813, 39.8254003], [-8.7251966, 39.8249907], [-8.7262148, 39.8239663], [-8.7263657, 39.8237945], [-8.7265692, 39.82353], [-8.7267801, 39.8231764]]}, "properties": {"highway": "trunk", "lanes": "1", "lit": "yes", "maxspeed": "50", "oneway": "yes", "ref": "IC 2;EN 1", "surface": "asphalt"}}, {"type": "Feature", "geometry": {"type": "LineString", "coordinates": [[-8.556677, 40.0405984], [-8.5566989, 40.0402119], [-8.5567561, 40.0399667], [-8.557066, 40.0393489], [-8.5576314, 40.0385932], [-8.5578424, 40.0383112], [-8.5587624, 40.0370241], [-8.5594965, 40.036072], [-8.5595926, 40.0360006], [-8.5596383, 40.0359666], [-8.5598595, 40.0358022], [-8.5598842, 40.0357839], [-8.5609493, 40.0351506], [-8.561171, 40.035009], [-8.561624, 40.0347196]]}, "properties": {"highway": "trunk", "lanes": "2", "lit": "yes", "maxspeed": "50", "oneway": "no", "ref": "IC 2;EN 1", "smoothness": "good", "surface": "asphalt"}}, {"type": "Feature", "geometry": {"type": "LineString", "coordinates": [[-8.697361, 39.8637432], [-8.6970973, 39.8641745], [-8.6969158, 39.8644716], [-8.6965929, 39.8649831], [-8.6962582, 39.8655583]]}, "properties": {"highway": "trunk", "lanes": "2", "lit": "yes", "maxspeed": "60", "ref": "IC 2;EN 1", "sidewalk:both": "no", "smoothness": "good", "surface": "asphalt"}}, {"type": "Feature", "geometry": {"type": "LineString", "coordinates": [[-8.7853583, 39.763371], [-8.7848376, 39.7634048], [-8.7845532, 39.7634365]]}, "properties": {"bicycle": "no", "foot": "no", "highway": "trunk", "horse": "no", "lanes": "2", "lit": "no", "maxspeed": "60", "oneway": "yes", "ref": "IC 2", "sidewalk": "no", "smoothness": "excellent", "surface": "asphalt"}}, {"type": "Feature", "geometry": {"type": "LineString", "coordinates": [[-8.5409876, 40.0580016], [-8.5411532, 40.0579796], [-8.5412127, 40.0579717], [-8.5421432, 40.0578587], [-8.5429572, 40.0576261], [-8.5439038, 40.0572272], [-8.5450512, 40.0566684], [-8.5455177, 40.0563894], [-8.545733, 40.0562057], [-8.546606, 40.0554608], [-8.5471517, 40.0549952], [-8.5477828, 40.054424], [-8.5485091, 40.0536322]]}, "properties": {"highway": "trunk", "lanes": "2", "lit": "yes", "maxspeed": "60", "ref": "IC 2;EN 1", "smoothness": "good", "surface": "asphalt"}}, {"type": "Feature", "geometry": {"type": "LineString", "coordinates": [[-8.6544518, 39.8953986], [-8.6536988, 39.8956639]]}, "properties": {"highway": "trunk", "lanes": "2", "lit": "yes", "maxspeed": "80", "ref": "IC 2;EN 1", "sidewalk:both": "no", "smoothness": "intermediate", "surface": "asphalt"}}, {"type": "Feature", "geometry": {"type": "LineString", "coordinates": [[-8.6325687, 39.9106255], [-8.63256, 39.9108432], [-8.6327667, 39.9122604], [-8.6333168, 39.9158735], [-8.6334835, 39.9168933], [-8.6335082, 39.9170259], [-8.6335626, 39.9171082]]}, "properties": {"highway": "trunk", "lanes": "1", "lit": "yes", "maxheight": "5.45", "maxspeed": "50", "oneway": "yes", "ref": "IC 2;EN 1", "smoothness": "good", "surface": "asphalt"}}, {"type": "Feature", "geometry": {"type": "LineString", "coordinates": [[-8.746502, 39.7948239], [-8.7464148, 39.7949736], [-8.7459095, 39.7969159], [-8.745677, 39.7977994], [-8.7453451, 39.7990479], [-8.7453032, 39.7992026], [-8.7452495, 39.7993626], [-8.745186, 39.7994985], [-8.745119, 39.799634], [-8.7450304, 39.7997814], [-8.7449197, 39.7999507], [-8.7448309, 39.8000805], [-8.7447547, 39.8001808], [-8.7446618, 39.800288], [-8.7445031, 39.8004668], [-8.7443745, 39.8005898], [-8.7438241, 39.8011251], [-8.743391, 39.8015507], [-8.7432126, 39.8017219], [-8.7430616, 39.8018707], [-8.7428983, 39.8020261], [-8.7427026, 39.8022161], [-8.7425238, 39.8023966], [-8.742414, 39.8025192], [-8.7423413, 39.8026041], [-8.7422684, 39.8026976], [-8.7421958, 39.8027922], [-8.7421321, 39.8028912], [-8.7420391, 39.8030336], [-8.7419568, 39.803179], [-8.7418809, 39.8033274], [-8.7418303, 39.8034331], [-8.741786, 39.803544], [-8.7417394, 39.8036725], [-8.7417035, 39.8037904], [-8.7416719, 39.8039195], [-8.7416483, 39.8040315], [-8.7416314, 39.8041355], [-8.7416101, 39.8043011], [-8.7416023, 39.804433], [-8.7415994, 39.8045645], [-8.7416031, 39.8046687], [-8.7416132, 39.8047765], [-8.741623, 39.8049006], [-8.741636, 39.8050344], [-8.7416676, 39.8052457]]}, "properties": {"highway": "trunk", "lanes": "1", "lit": "no", "maxspeed": "70", "old_ref": "EN 1", "oneway": "yes", "ref": "IC 2;EN 1", "smoothness": "excellent", "surface": "asphalt"}}, {"type": "Feature", "geometry": {"type": "LineString", "coordinates": [[-8.7267801, 39.8231764], [-8.7269029, 39.8229383]]}, "properties": {"highway": "trunk", "lanes": "1", "lit": "yes", "maxspeed": "50", "oneway": "yes", "ref": "IC 2;EN 1", "surface": "asphalt"}}, {"type": "Feature", "geometry": {"type": "LineString", "coordinates": [[-8.5485091, 40.0536322], [-8.550726, 40.0511419], [-8.5511634, 40.0506505], [-8.5513021, 40.0504948], [-8.5517682, 40.0499908], [-8.552952, 40.0487109], [-8.5541879, 40.0473747], [-8.5551916, 40.0462329], [-8.5553158, 40.0460394]]}, "properties": {"highway": "trunk", "lanes": "2", "lit": "no", "maxspeed": "90", "old_ref": "EN 1", "oneway": "no", "ref": "IC 2;EN 1", "smoothness": "excellent", "surface": "asphalt"}}, {"type": "Feature", "geometry": {"type": "LineString", "coordinates": [[-8.4614615, 40.6230906], [-8.4616136, 40.6213187]]}, "properties": {"highway": "primary", "lanes": "3", "lanes:backward": "1", "lanes:forward": "2", "maxspeed": "70", "oneway": "no", "ref": "IC 2;EN 1", "surface": "asphalt"}}, {"type": "Feature", "geometry": {"type": "LineString", "coordinates": [[-8.4518676, 40.3508499], [-8.4518998, 40.3509529], [-8.4519212, 40.3510343], [-8.4519428, 40.3511277], [-8.4519611, 40.3512034]]}, "properties": {"bridge": "yes", "highway": "trunk", "lanes": "3", "layer": "1", "maxspeed": "70", "maxweight:signed": "no", "oneway": "no", "ref": "IC 2;EN 1", "surface": "asphalt"}}, {"type": "Feature", "geometry": {"type": "LineString", "coordinates": [[-8.4364834, 40.2374736], [-8.4367754, 40.2384807], [-8.4371777, 40.2394307], [-8.4374572, 40.239984], [-8.4378258, 40.2406476], [-8.4382338, 40.241305], [-8.4419503, 40.2474416]]}, "properties": {"highway": "trunk", "lanes": "2", "lit": "no", "maxspeed": "100", "motorroad": "yes", "oneway": "yes", "ref": "IC 2", "source": "bing", "surface": "asphalt"}}, {"type": "Feature", "geometry": {"type": "LineString", "coordinates": [[-8.4748589, 40.5755051], [-8.4750228, 40.5750272], [-8.4752178, 40.574396], [-8.4754007, 40.5737175], [-8.4755446, 40.5730949], [-8.475728, 40.5720991], [-8.4757884, 40.5716776], [-8.4758294, 40.5713416], [-8.4758714, 40.5709242], [-8.4759033, 40.5705098], [-8.4759213, 40.5701917], [-8.4759397, 40.5696016], [-8.4759392, 40.5690498], [-8.4759334, 40.5688027], [-8.4759164, 40.5683945], [-8.4758847, 40.567918]]}, "properties": {"access": "yes", "bicycle": "no", "bridge": "yes", "cycleway": "no", "foot": "no", "highway": "trunk", "horse": "no", "lanes": "2", "layer": "2", "maxspeed": "70", "maxweight:signed": "no", "ref": "IC 2", "surface": "asphalt"}}, {"type": "Feature", "geometry": {"type": "LineString", "coordinates": [[-8.4538085, 40.3692061], [-8.453331, 40.3697061]]}, "properties": {"alt_name": "EN1 / EN234", "bridge": "yes", "highway": "primary", "lanes": "2", "layer": "1", "maxspeed": "50", "maxweight:signed": "no", "oneway": "no", "ref": "IC 2;EN 1", "source": "Bing", "surface": "asphalt"}}, {"type": "Feature", "geometry": {"type": "LineString", "coordinates": [[-8.454877, 40.4239172], [-8.4548566, 40.423893], [-8.4548159, 40.4238427], [-8.4548031, 40.4238192], [-8.4547932, 40.4237938], [-8.4544706, 40.4228602], [-8.4540799, 40.4217098], [-8.4539968, 40.4214064], [-8.4539426, 40.4210999], [-8.4539277, 40.4208938], [-8.4539299, 40.4208537], [-8.4539331, 40.4207944], [-8.4539413, 40.4206427], [-8.454006, 40.4201182], [-8.4542028, 40.4187914]]}, "properties": {"highway": "primary", "lane_markings": "yes", "lanes": "2", "maxspeed": "70", "oneway": "no", "ref": "IC 2;EN 1", "source": "bing", "surface": "asphalt"}}, {"type": "Feature", "geometry": {"type": "LineString", "coordinates": [[-8.4707901, 40.5888386], [-8.4705287, 40.5894736], [-8.4696474, 40.5922984]]}, "properties": {"highway": "trunk", "lanes": "2", "maxspeed": "90", "oneway": "yes", "ref": "IC 2"}}, {"type": "Feature", "geometry": {"type": "LineString", "coordinates": [[-8.4668427, 40.6435922], [-8.4691187, 40.6391322], [-8.4692516, 40.6388718]]}, "properties": {"bridge": "yes", "highway": "primary", "lanes": "2", "layer": "1", "maxspeed": "70", "oneway": "no", "ref": "IC 2;EN 1", "surface": "asphalt"}}, {"type": "Feature", "geometry": {"type": "LineString", "coordinates": [[-8.4514737, 40.4492719], [-8.4514485, 40.4490244]]}, "properties": {"bridge": "yes", "highway": "primary", "lanes": "2", "layer": "1", "maxspeed": "70", "maxweight:signed": "no", "oneway": "no", "ref": "IC 2;EN 1", "surface": "asphalt"}}, {"type": "Feature", "geometry": {"type": "LineString", "coordinates": [[-8.4538131, 40.4760438], [-8.4538111, 40.4755721]]}, "properties": {"bridge": "yes", "highway": "primary", "lanes": "2", "layer": "1", "maxspeed": "50", "oneway": "no", "ref": "IC 2;EN 1", "surface": "asphalt"}}, {"type": "Feature", "geometry": {"type": "LineString", "coordinates": [[-8.4697735, 40.5468351], [-8.4726159, 40.5520535], [-8.4737832, 40.5542064], [-8.4739395, 40.5544947], [-8.4744473, 40.5554313], [-8.4748237, 40.5563661]]}, "properties": {"access": "yes", "bicycle": "no", "cycleway": "no", "foot": "no", "highway": "trunk", "lanes": "2", "maxheight:signed": "no", "maxspeed": "90", "oneway": "yes", "ref": "IC 2", "surface": "asphalt"}}, {"type": "Feature", "geometry": {"type": "LineString", "coordinates": [[-8.4852295, 40.7575221], [-8.4854253, 40.7570973], [-8.4854497, 40.7570457], [-8.4854763, 40.7569897], [-8.4860683, 40.7557076], [-8.4862663, 40.7552935], [-8.4866907, 40.7544278], [-8.4867651, 40.7542709], [-8.4867919, 40.7542124], [-8.4870408, 40.7536686], [-8.4873503, 40.7529926], [-8.4878376, 40.7519281], [-8.4879992, 40.7516072], [-8.4881875, 40.7512305], [-8.4883157, 40.7509674], [-8.4883428, 40.7509117], [-8.4883903, 40.7508274], [-8.4884971, 40.7506376], [-8.4885705, 40.7505042], [-8.4886047, 40.7504449], [-8.4887954, 40.7502189], [-8.4900877, 40.7487018]]}, "properties": {"highway": "primary", "lanes": "2", "maxspeed": "50", "oneway": "no", "ref": "IC 2;EN 1", "surface": "asphalt"}}, {"type": "Feature", "geometry": {"type": "LineString", "coordinates": [[-8.4560058, 40.4601065], [-8.4558835, 40.4600061], [-8.4558189, 40.4599047], [-8.4557713, 40.4597943], [-8.4556021, 40.4593916], [-8.4554237, 40.4589402], [-8.4552099, 40.4584743]]}, "properties": {"highway": "primary", "lanes": "1", "maxspeed": "50", "oneway": "yes", "ref": "IC 2;EN 1", "source": "Bing", "surface": "asphalt"}}, {"type": "Feature", "geometry": {"type": "LineString", "coordinates": [[-8.4524891, 40.437111], [-8.4525132, 40.4370522], [-8.452522, 40.4370221], [-8.4525306, 40.4369899], [-8.4527937, 40.435825], [-8.4528442, 40.4356929], [-8.452914, 40.4355612], [-8.4529188, 40.4355522], [-8.4533154, 40.4349996], [-8.4533721, 40.4348975], [-8.4534134, 40.434795], [-8.4534559, 40.4346619], [-8.453615, 40.4340017], [-8.4538158, 40.4331689], [-8.4538571, 40.4329974]]}, "properties": {"highway": "primary", "lanes": "2", "maxspeed": "70", "oneway": "no", "ref": "IC 2;EN 1", "surface": "asphalt"}}, {"type": "Feature", "geometry": {"type": "LineString", "coordinates": [[-8.4548373, 40.4258407], [-8.4547548, 40.4259006], [-8.4546906, 40.425941], [-8.4546452, 40.4259893], [-8.4546265, 40.4260497], [-8.4546391, 40.4261086], [-8.4546818, 40.4261614], [-8.4547454, 40.4261964], [-8.4548232, 40.4262108], [-8.4549022, 40.4262015], [-8.4549709, 40.4261697], [-8.4550181, 40.4261205], [-8.455037, 40.4260622], [-8.4550247, 40.4260006], [-8.4550059, 40.425938], [-8.454997, 40.4258622]]}, "properties": {"highway": "primary", "lanes": "2", "maxspeed": "50", "oneway": "yes", "ref": "IC 2;EN 1", "source": "Bing", "surface": "asphalt"}}, {"type": "Feature", "geometry": {"type": "LineString", "coordinates": [[-8.4547715, 40.4694762], [-8.454806, 40.4693802], [-8.4552723, 40.4680831], [-8.4558095, 40.4662057], [-8.4561647, 40.4647716], [-8.4562188, 40.4645245], [-8.456264, 40.4642327], [-8.4562953, 40.4639043], [-8.4563104, 40.4635938], [-8.4563216, 40.4632661], [-8.4563233, 40.462957], [-8.4563235, 40.4629224], [-8.4563082, 40.4626634], [-8.456287, 40.462428], [-8.4562845, 40.4624006], [-8.4562095, 40.4616986]]}, "properties": {"highway": "primary", "lanes": "2", "maxspeed": "90", "oneway": "no", "ref": "IC 2;EN 1", "surface": "asphalt"}}, {"type": "Feature", "geometry": {"type": "LineString", "coordinates": [[-8.4546114, 40.3205196], [-8.4546909, 40.3206547], [-8.4547926, 40.3208678], [-8.4548432, 40.3210027], [-8.4548847, 40.3211375], [-8.4549303, 40.3213381], [-8.4549572, 40.3215429]]}, "properties": {"highway": "trunk", "lane_markings": "yes", "lanes": "2", "maxspeed": "70", "oneway": "no", "ref": "IC 2;EN 1", "surface": "asphalt"}}, {"type": "Feature", "geometry": {"type": "LineString", "coordinates": [[-8.4666324, 40.6440147], [-8.4668427, 40.6435922]]}, "properties": {"highway": "primary", "lanes": "2", "maxspeed": "70", "oneway": "no", "ref": "IC 2;EN 1", "surface": "asphalt"}}, {"type": "Feature", "geometry": {"type": "LineString", "coordinates": [[-8.4551247, 40.4244386], [-8.4551724, 40.42437], [-8.4552118, 40.424322], [-8.4552324, 40.4242714], [-8.4552258, 40.4242162], [-8.4551933, 40.424169], [-8.4551375, 40.4241335], [-8.4550707, 40.4241175], [-8.4549994, 40.424122], [-8.454936, 40.4241469], [-8.4548896, 40.4241886], [-8.4548678, 40.4242404], [-8.4548734, 40.4242938], [-8.4549067, 40.4243433], [-8.4549458, 40.4243924], [-8.4549815, 40.4244547]]}, "properties": {"highway": "primary", "lanes": "2", "maxspeed": "50", "oneway": "yes", "ref": "IC 2;EN 1", "source": "bing", "surface": "asphalt"}}, {"type": "Feature", "geometry": {"type": "LineString", "coordinates": [[-8.4426838, 40.2507467], [-8.4427063, 40.2510004], [-8.4428922, 40.2528924], [-8.4429374, 40.253352], [-8.4430067, 40.2540202], [-8.4431428, 40.2555839], [-8.4433514, 40.2580966], [-8.4434026, 40.2586318], [-8.4434063, 40.2588993], [-8.4434842, 40.2598578], [-8.443519, 40.2602502], [-8.4434906, 40.2606407], [-8.4434105, 40.2610551], [-8.4431183, 40.2618935], [-8.4428454, 40.2626305], [-8.4425742, 40.26342], [-8.4424649, 40.2639139], [-8.4424263, 40.264177]]}, "properties": {"highway": "trunk", "lanes": "2", "lit": "no", "maxspeed": "100", "minspeed": "40", "motorroad": "yes", "old_ref": "EN 1", "oneway": "yes", "ref": "IC 2", "surface": "asphalt"}}, {"type": "Feature", "geometry": {"type": "LineString", "coordinates": [[-8.4722569, 40.5841135], [-8.4725619, 40.5830934]]}, "properties": {"bridge": "yes", "highway": "trunk", "lanes": "3", "lanes:backward": "2", "lanes:forward": "1", "layer": "1", "maxspeed": "90", "oneway": "no", "ref": "IC 2"}}, {"type": "Feature", "geometry": {"type": "LineString", "coordinates": [[-8.4538571, 40.4329974], [-8.4541622, 40.4317076], [-8.454186, 40.4315237], [-8.4541862, 40.4314748], [-8.4541866, 40.4313926], [-8.4541714, 40.4312675], [-8.4541107, 40.4310646], [-8.4540175, 40.4308599], [-8.4535442, 40.4298197]]}, "properties": {"highway": "primary", "lanes": "2", "maxspeed": "50", "oneway": "no", "ref": "IC 2;EN 1", "surface": "asphalt"}}, {"type": "Feature", "geometry": {"type": "LineString", "coordinates": [[-8.4434658, 40.5039248], [-8.442936, 40.5035702], [-8.4426466, 40.5033325], [-8.4424087, 40.5030792], [-8.442222, 40.5028259], [-8.4420879, 40.5026413], [-8.4419739, 40.5024264], [-8.4419102, 40.5021944], [-8.4418733, 40.501833]]}, "properties": {"highway": "primary", "lanes": "2", "maxspeed": "90", "oneway": "no", "ref": "IC 2;EN 1", "surface": "asphalt"}}, {"type": "Feature", "geometry": {"type": "LineString", "coordinates": [[-8.4748237, 40.5563661], [-8.4752507, 40.5577484]]}, "properties": {"access": "yes", "bicycle": "no", "cycleway": "no", "foot": "no", "highway": "trunk", "lanes": "2", "maxspeed": "90", "oneway": "yes", "ref": "IC 2", "surface": "asphalt"}}, {"type": "Feature", "geometry": {"type": "LineString", "coordinates": [[-8.4480903, 40.3040981], [-8.4478363, 40.3035041], [-8.4476072, 40.3029904], [-8.4473403, 40.3023784], [-8.4472695, 40.3022044], [-8.4472165, 40.3020557], [-8.4471666, 40.3018936], [-8.4470812, 40.3015709]]}, "properties": {"highway": "trunk", "lanes": "1", "maxspeed": "70", "name": "Rua da Feira", "oneway": "yes", "ref": "IC 2;EN 1", "surface": "asphalt"}}, {"type": "Feature", "geometry": {"type": "LineString", "coordinates": [[-8.4496009, 40.514138], [-8.4497476, 40.5134438], [-8.4497777, 40.5133041], [-8.4498098, 40.5131594], [-8.4499185, 40.512635], [-8.4499374, 40.512521], [-8.4499511, 40.5124105], [-8.449966, 40.5122628], [-8.4499711, 40.5121748], [-8.4499743, 40.5121178], [-8.4499532, 40.5118981], [-8.449921, 40.5115895], [-8.4498981, 40.5114152], [-8.449886, 40.5113406], [-8.4498475, 40.5111812], [-8.4497964, 40.5109918], [-8.4497208, 40.5107191]]}, "properties": {"highway": "primary", "lanes": "2", "maxspeed": "70", "oneway": "no", "ref": "IC 2;EN 1", "surface": "asphalt"}}, {"type": "Feature", "geometry": {"type": "LineString", "coordinates": [[-8.4521139, 40.4432664], [-8.452076, 40.4432799], [-8.4520292, 40.4433082], [-8.4519943, 40.4433452], [-8.4519741, 40.4433881], [-8.4519699, 40.4434335], [-8.4519767, 40.4434592], [-8.4519812, 40.443476], [-8.4520067, 40.4435147], [-8.4520445, 40.4435471], [-8.4520978, 40.443573], [-8.4521586, 40.443586], [-8.4522217, 40.4435852], [-8.4522819, 40.4435707], [-8.4523179, 40.4435538], [-8.4523644, 40.4435171], [-8.452394, 40.4434712], [-8.4524038, 40.4434207], [-8.4523929, 40.4433704], [-8.4523699, 40.4433335], [-8.4523212, 40.4432924], [-8.4522573, 40.4432659], [-8.4521856, 40.4432568], [-8.4521139, 40.4432664]]}, "properties": {"highway": "primary", "junction": "roundabout", "lanes": "2", "maxspeed": "50", "ref": "IC 2;EN 1", "surface": "asphalt"}}, {"type": "Feature", "geometry": {"type": "LineString", "coordinates": [[-8.454997, 40.4258622], [-8.4549892, 40.425763], [-8.4550671, 40.4255343], [-8.4551383, 40.4252351], [-8.4551624, 40.4249151], [-8.4551191, 40.4245366], [-8.4551247, 40.4244386]]}, "properties": {"highway": "primary", "lanes": "2", "maxspeed": "70", "oneway": "yes", "ref": "IC 2;EN 1", "source": "Bing", "surface": "asphalt"}}, {"type": "Feature", "geometry": {"type": "LineString", "coordinates": [[-8.4487042, 40.306717], [-8.4486675, 40.3064057], [-8.4484923, 40.3056415], [-8.4484626, 40.3055053], [-8.4484513, 40.3054534], [-8.4484266, 40.30535]]}, "properties": {"highway": "trunk", "lanes": "1", "maxspeed": "50", "name": "Rua da Feira", "oneway": "yes", "ref": "IC 2;EN 1", "surface": "asphalt"}}, {"type": "Feature", "geometry": {"type": "LineString", "coordinates": [[-8.4519611, 40.3512034], [-8.4519968, 40.3514181], [-8.4520297, 40.3516417], [-8.452048, 40.3518867], [-8.4520519, 40.3520896], [-8.4520374, 40.3522846], [-8.4520077, 40.3525425], [-8.4519085, 40.3530805]]}, "properties": {"highway": "trunk", "lanes": "3", "lanes:backward": "2", "lanes:forward": "1", "lit": "no", "maxspeed": "70", "oneway": "no", "ref": "IC 2;EN 1", "surface": "asphalt"}}, {"type": "Feature", "geometry": {"type": "LineString", "coordinates": [[-8.4462303, 40.2792142], [-8.446205, 40.2790125], [-8.446138, 40.2787865], [-8.4460245, 40.2785462], [-8.4457853, 40.2779949]]}, "properties": {"highway": "trunk", "lanes": "1", "maxspeed": "100", "old_ref": "EN 1", "oneway": "yes", "ref": "IC 2", "surface": "asphalt"}}, {"type": "Feature", "geometry": {"type": "LineString", "coordinates": [[-8.4758847, 40.567918], [-8.4758367, 40.5671191], [-8.4757546, 40.5649085]]}, "properties": {"access": "yes", "bicycle": "no", "cycleway": "no", "foot": "no", "highway": "trunk", "lanes": "2", "maxspeed": "70", "oneway": "no", "ref": "IC 2", "surface": "asphalt"}}, {"type": "Feature", "geometry": {"type": "LineString", "coordinates": [[-8.4535442, 40.4298197], [-8.4534112, 40.4294371], [-8.4533268, 40.4290242], [-8.453299, 40.4286474], [-8.4533046, 40.4285681], [-8.4533314, 40.4281853], [-8.4534547, 40.4277513], [-8.4534627, 40.4277231], [-8.4536171, 40.4273303], [-8.4537887, 40.4270319], [-8.4540282, 40.4267276]]}, "properties": {"highway": "primary", "lanes": "2", "maxspeed": "70", "oneway": "no", "ref": "IC 2;EN 1", "surface": "asphalt"}}, {"type": "Feature", "geometry": {"type": "LineString", "coordinates": [[-8.488392, 40.7341654], [-8.4884028, 40.7329831], [-8.4884282, 40.731816], [-8.4884398, 40.731066]]}, "properties": {"highway": "primary", "lanes": "2", "maxspeed": "70", "oneway": "no", "ref": "IC 2;EN 1", "surface": "asphalt"}}, {"type": "Feature", "geometry": {"type": "LineString", "coordinates": [[-8.453331, 40.3697061], [-8.4533055, 40.3697319]]}, "properties": {"alt_name": "EN1 / EN234", "highway": "primary", "lanes": "2", "maxspeed": "50", "oneway": "no", "ref": "IC 2;EN 1", "surface": "asphalt"}}, {"type": "Feature", "geometry": {"type": "LineString", "coordinates": [[-8.4688302, 40.630796], [-8.4686105, 40.6306419], [-8.4666053, 40.6292671], [-8.4664529, 40.6291589], [-8.4652311, 40.6282854], [-8.4645763, 40.6278248], [-8.4625743, 40.6264165], [-8.4622894, 40.6262046], [-8.462224, 40.6261482], [-8.4620023, 40.625934], [-8.4618501, 40.6257481], [-8.4617784, 40.625639], [-8.4617159, 40.6255438], [-8.4616041, 40.6253301], [-8.4615135, 40.6251177], [-8.4614388, 40.6248976], [-8.4613815, 40.6246655], [-8.4613625, 40.6244607], [-8.4613602, 40.624436], [-8.4613665, 40.624086], [-8.4613923, 40.6237595], [-8.4614615, 40.6230906]]}, "properties": {"highway": "primary", "lanes": "3", "lanes:backward": "1", "lanes:forward": "2", "maxspeed": "70", "oneway": "no", "ref": "IC 2;EN 1", "surface": "asphalt"}}, {"type": "Feature", "geometry": {"type": "LineString", "coordinates": [[-8.4514485, 40.4490244], [-8.4513256, 40.4478609], [-8.4513215, 40.4477613], [-8.4513212, 40.4476438], [-8.4513277, 40.4475142], [-8.4513441, 40.4473737], [-8.4513921, 40.4471324], [-8.4514042, 40.4470714], [-8.4515381, 40.446439], [-8.4515529, 40.4463722], [-8.451637, 40.4459919], [-8.4517181, 40.4456251], [-8.4518673, 40.4449509]]}, "properties": {"highway": "primary", "lanes": "2", "maxspeed": "70", "oneway": "no", "ref": "IC 2;EN 1", "surface": "asphalt"}}, {"type": "Feature", "geometry": {"type": "LineString", "coordinates": [[-8.4453651, 40.2773771], [-8.4455352, 40.2777015], [-8.4457101, 40.2780062]]}, "properties": {"highway": "trunk", "lanes": "2", "maxspeed": "90", "oneway": "yes", "ref": "IC 2", "surface": "asphalt"}}, {"type": "Feature", "geometry": {"type": "LineString", "coordinates": [[-8.4538229, 40.4750915], [-8.4540349, 40.4736895], [-8.45413, 40.4730665], [-8.4545016, 40.470635], [-8.4545351, 40.4704118], [-8.4545758, 40.4701895], [-8.4546264, 40.4699436], [-8.4546895, 40.4697042]]}, "properties": {"highway": "primary", "lanes": "2", "maxspeed": "50", "oneway": "no", "ref": "IC 2;EN 1", "surface": "asphalt"}}, {"type": "Feature", "geometry": {"type": "LineString", "coordinates": [[-8.4757546, 40.5649085], [-8.4756831, 40.5623506]]}, "properties": {"access": "yes", "bicycle": "no", "cycleway": "no", "foot": "no", "highway": "trunk", "lanes": "2", "maxheight": "5.1", "maxheight:signed": "no", "maxspeed": "90", "oneway": "no", "ref": "IC 2", "surface": "asphalt"}}, {"type": "Feature", "geometry": {"type": "LineString", "coordinates": [[-8.4523699, 40.4433335], [-8.4523541, 40.4432028], [-8.4525303, 40.4418651]]}, "properties": {"highway": "primary", "lanes": "1", "maxspeed": "70", "oneway": "yes", "ref": "IC 2;EN 1", "source": "Bing", "surface": "asphalt"}}, {"type": "Feature", "geometry": {"type": "LineString", "coordinates": [[-8.9580434, 39.2228209], [-8.9582394, 39.2226078], [-8.9585194, 39.2223721], [-8.9587251, 39.2222318], [-8.9588261, 39.2221629], [-8.9593519, 39.2219762], [-8.9597454, 39.2218715], [-8.960251, 39.2218137], [-8.9690978, 39.2210429], [-8.9708992, 39.2208859], [-8.9713033, 39.2208397]]}, "properties": {"highway": "primary", "lanes": "2", "maxspeed": "90", "ref": "IC 2;EN 1", "surface": "asphalt"}}, {"type": "Feature", "geometry": {"type": "LineString", "coordinates": [[-8.4756831, 40.5623506], [-8.4757121, 40.5619575], [-8.4756843, 40.5613255], [-8.4756665, 40.5603934], [-8.4756526, 40.5599046]]}, "properties": {"access": "yes", "bicycle": "no", "cycleway": "no", "foot": "no", "highway": "trunk", "lanes": "1", "oneway": "yes", "ref": "IC 2", "surface": "asphalt"}}, {"type": "Feature", "geometry": {"type": "LineString", "coordinates": [[-9.0001306, 39.0655117], [-9.0000637, 39.0655132], [-9.0000001, 39.0655292], [-8.9999554, 39.0655513], [-8.9999181, 39.0655806], [-8.9998902, 39.0656157], [-8.9998731, 39.0656546], [-8.9998676, 39.0656956], [-8.9998748, 39.0657389], [-8.9998949, 39.0657796], [-8.9999369, 39.0658239], [-8.999994, 39.0658565], [-9.0000609, 39.0658745], [-9.0001296, 39.0658765], [-9.0001962, 39.0658631], [-9.0002549, 39.0658353], [-9.0002915, 39.0658059], [-9.0003187, 39.0657708], [-9.0003353, 39.065732], [-9.0003404, 39.0656912], [-9.0003337, 39.0656506], [-9.0003242, 39.0656272], [-9.0003107, 39.0656049]]}, "properties": {"highway": "primary", "junction": "roundabout", "lanes": "2", "ref": "IC 2;EN 1", "surface": "asphalt"}}, {"type": "Feature", "geometry": {"type": "LineString", "coordinates": [[-8.9939468, 39.049449], [-8.993893, 39.0494848], [-8.9938492, 39.049528], [-8.99381, 39.0495917], [-8.9937922, 39.049661], [-8.9937969, 39.0497315], [-8.9938239, 39.049799], [-8.9938714, 39.0498592], [-8.9939197, 39.049898], [-8.9939766, 39.049929], [-8.9940655, 39.0499569], [-8.9941606, 39.049966], [-8.9942556, 39.0499557], [-8.9943438, 39.0499265], [-8.9944201, 39.0498799], [-8.994478, 39.0498193]]}, "properties": {"highway": "primary", "junction": "roundabout", "lanes": "3", "ref": "IC 2;EN 1", "surface": "asphalt"}}, {"type": "Feature", "geometry": {"type": "LineString", "coordinates": [[-8.9941471, 39.048827], [-8.9940881, 39.0484295], [-8.993933, 39.0479376], [-8.9936504, 39.0475277], [-8.9930853, 39.0470273], [-8.9929085, 39.0469134], [-8.9924741, 39.0466335], [-8.9920245, 39.0464287], [-8.9914067, 39.0461752], [-8.9906837, 39.0458271], [-8.9902123, 39.0456001], [-8.9896291, 39.0452925], [-8.9891641, 39.0449874], [-8.9889579, 39.0448026], [-8.9888559, 39.0446779], [-8.9887633, 39.0445347]]}, "properties": {"highway": "primary", "lanes": "2", "maxspeed": "50", "ref": "IC 2;EN 1", "surface": "asphalt"}}, {"type": "Feature", "geometry": {"type": "LineString", "coordinates": [[-8.9768006, 39.2199021], [-8.9766661, 39.2198949], [-8.9765328, 39.2198793], [-8.9764016, 39.2198553], [-8.9762734, 39.2198229], [-8.9762135, 39.2198174], [-8.9761542, 39.219826], [-8.976101, 39.2198482], [-8.976059, 39.2198817], [-8.9760345, 39.2199172], [-8.9760217, 39.2199561], [-8.9760213, 39.2199964]]}, "properties": {"highway": "primary", "junction": "roundabout", "lanes": "2", "ref": "IC 2;EN 1", "surface": "asphalt"}}, {"type": "Feature", "geometry": {"type": "LineString", "coordinates": [[-8.9773024, 39.2198096], [-8.9787923, 39.2193701], [-8.9802951, 39.2189127], [-8.9815638, 39.2185266], [-8.9820309, 39.2183845], [-8.982628, 39.2181656], [-8.9835024, 39.21767], [-8.9856776, 39.2163234], [-8.9861521, 39.2159558], [-8.9864369, 39.2156938], [-8.9882268, 39.2140468], [-8.9885672, 39.2137336], [-8.9895161, 39.2128661], [-8.9899373, 39.2125604], [-8.9909343, 39.2120978], [-8.9926942, 39.2113805]]}, "properties": {"highway": "primary", "lanes": "2", "ref": "IC 2;EN 1", "surface": "asphalt"}}, {"type": "Feature", "geometry": {"type": "LineString", "coordinates": [[-9.0593761, 38.9744982], [-9.0593096, 38.975339], [-9.0592591, 38.9757613], [-9.0591857, 38.9762523], [-9.0591104, 38.9765918], [-9.0590088, 38.9769283], [-9.0588899, 38.9772468], [-9.0587647, 38.9775325], [-9.0586547, 38.977754], [-9.0585422, 38.9779591], [-9.0583377, 38.9782828], [-9.058154, 38.978533], [-9.0578485, 38.9789136], [-9.0573405, 38.9794402], [-9.0565346, 38.9801989], [-9.0519137, 38.9844539]]}, "properties": {"bridge": "yes", "highway": "motorway", "lanes": "3", "layer": "1", "maxspeed": "120", "minspeed": "50", "name": "Autoestrada do Ribatejo", "oneway": "yes", "ref": "A 10;IC 2", "surface": "asphalt", "toll": "yes"}}, {"type": "Feature", "geometry": {"type": "LineString", "coordinates": [[-9.0595413, 38.9744947], [-9.0596639, 38.9734101], [-9.0597321, 38.9730366], [-9.0598203, 38.972663], [-9.0599576, 38.972221], [-9.0601222, 38.971779], [-9.0603722, 38.9711806], [-9.0609306, 38.9699076]]}, "properties": {"highway": "motorway", "lanes": "3", "maxheight": "default", "maxspeed": "120", "minspeed": "50", "name": "Autoestrada do Ribatejo", "oneway": "yes", "ref": "A 10;IC 2", "surface": "asphalt", "toll": "yes"}}, {"type": "Feature", "geometry": {"type": "LineString", "coordinates": [[-9.0519137, 38.9844539], [-9.0508848, 38.9854294], [-9.0503283, 38.9858906], [-9.0500384, 38.9861087], [-9.0497323, 38.9863202], [-9.0494389, 38.9865005], [-9.0491249, 38.9866872]]}, "properties": {"highway": "motorway", "lanes": "3", "maxspeed": "120", "minspeed": "50", "name": "Autoestrada do Ribatejo", "oneway": "yes", "ref": "A 10;IC 2", "surface": "asphalt", "toll": "yes"}}, {"type": "Feature", "geometry": {"type": "LineString", "coordinates": [[-9.0523419, 38.9842801], [-9.0566759, 38.9802712], [-9.0574663, 38.9795278], [-9.0579793, 38.9789814], [-9.058296, 38.9786043], [-9.0584815, 38.9783597], [-9.058689, 38.9780432], [-9.0588164, 38.9778091], [-9.0589176, 38.9775966], [-9.0590447, 38.9772976], [-9.0591643, 38.9769783], [-9.0592733, 38.9766142], [-9.0593446, 38.9762678], [-9.0594198, 38.9757747], [-9.0594698, 38.97533], [-9.0595413, 38.9744947]]}, "properties": {"bridge": "yes", "highway": "motorway", "lanes": "3", "layer": "1", "maxspeed": "120", "minspeed": "50", "name": "Autoestrada do Ribatejo", "oneway": "yes", "ref": "A 10;IC 2", "surface": "asphalt", "toll": "yes"}}, {"type": "Feature", "geometry": {"type": "LineString", "coordinates": [[-8.6328304, 39.9209529], [-8.632653, 39.9210777], [-8.6324851, 39.9211805], [-8.6321002, 39.921409]]}, "properties": {"bridge": "yes", "highway": "trunk", "lanes": "2", "layer": "1", "maxspeed": "50", "maxweight:signed": "no", "ref": "IC 2;EN 1", "smoothness": "good", "surface": "asphalt"}}, {"type": "Feature", "geometry": {"type": "LineString", "coordinates": [[-8.6296194, 39.9227924], [-8.6295962, 39.9227562], [-8.6295651, 39.9227237], [-8.629527, 39.9226959], [-8.6294832, 39.9226737], [-8.6294349, 39.9226577], [-8.6293913, 39.9226494], [-8.6293466, 39.9226462], [-8.6292946, 39.922649], [-8.629244, 39.9226587], [-8.6291964, 39.922675], [-8.6291533, 39.9226974], [-8.6291159, 39.9227253], [-8.6290854, 39.9227577], [-8.6290627, 39.9227937], [-8.6290479, 39.9228349], [-8.6290434, 39.9228774], [-8.6290493, 39.9229199], [-8.6290654, 39.9229608], [-8.6290911, 39.9229987], [-8.6291267, 39.9230331], [-8.6291704, 39.9230618], [-8.6292203, 39.9230834], [-8.6292748, 39.9230974], [-8.6293317, 39.923103], [-8.6293917, 39.9230998], [-8.6294497, 39.9230875], [-8.6295032, 39.9230665], [-8.6295502, 39.9230376], [-8.6295886, 39.9230022], [-8.629617, 39.9229615], [-8.6296341, 39.9229173], [-8.6296393, 39.9228713], [-8.6296339, 39.9228312], [-8.6296194, 39.9227924]]}, "properties": {"highway": "trunk", "junction": "roundabout", "lanes": "2", "lit": "yes", "maxspeed": "50", "name": "Rotunda do Alto do Caba\u00e7o", "ref": "IC 2;EN 1", "smoothness": "good", "surface": "asphalt"}}, {"type": "Feature", "geometry": {"type": "LineString", "coordinates": [[-8.6321002, 39.921409], [-8.6306407, 39.9221263]]}, "properties": {"highway": "trunk", "lanes": "2", "maxspeed": "50", "old_ref": "EN 1", "ref": "IC 2;EN 1", "smoothness": "good", "surface": "asphalt"}}, {"type": "Feature", "geometry": {"type": "LineString", "coordinates": [[-8.4774809, 40.6940976], [-8.4773235, 40.6939051]]}, "properties": {"bridge": "yes", "highway": "trunk", "lanes": "2", "layer": "1", "maxspeed": "70", "oneway": "yes", "ref": "IC 2;EN 1"}}, {"type": "Feature", "geometry": {"type": "LineString", "coordinates": [[-8.4704337, 40.6808848], [-8.470467, 40.6809683], [-8.4704896, 40.6810391], [-8.4704999, 40.6811145], [-8.4705025, 40.6811391], [-8.4704985, 40.6812074], [-8.4704787, 40.6812807], [-8.4703712, 40.6816105], [-8.4695976, 40.6840344], [-8.4692301, 40.6851943], [-8.4692099, 40.685262], [-8.4691934, 40.6853149], [-8.46916, 40.6854259], [-8.4690611, 40.6858232], [-8.4690233, 40.6860229], [-8.469, 40.686219], [-8.4689922, 40.6863976], [-8.4689973, 40.6866211], [-8.4690153, 40.6869327], [-8.4690534, 40.6871917], [-8.4690868, 40.6873485], [-8.4691362, 40.6875221], [-8.4691868, 40.687664], [-8.4692644, 40.6878581], [-8.4693181, 40.687963], [-8.4694392, 40.6881948], [-8.4696272, 40.6885127], [-8.4697591, 40.6887178], [-8.4699081, 40.6889137], [-8.4700912, 40.6891085], [-8.47027, 40.6892812], [-8.4706162, 40.6895892], [-8.4708623, 40.6897788], [-8.4710297, 40.6898952], [-8.4712695, 40.6900483], [-8.4716193, 40.6902689], [-8.4719463, 40.6904575], [-8.4728533, 40.690938], [-8.472891, 40.690961], [-8.4729043, 40.6909692], [-8.4729691, 40.6910115], [-8.4730289, 40.6910625], [-8.4730886, 40.6911135]]}, "properties": {"highway": "trunk", "lanes": "1", "lit": "yes", "maxspeed": "70", "oneway": "yes", "ref": "IC 2;EN 1", "surface": "asphalt"}}, {"type": "Feature", "geometry": {"type": "LineString", "coordinates": [[-8.4774428, 40.6941226], [-8.4775194, 40.6942222], [-8.4776578, 40.6944742], [-8.4778278, 40.6947939], [-8.4778886, 40.6949215]]}, "properties": {"highway": "trunk", "lane_markings": "no", "lanes": "1", "oneway": "yes", "ref": "IC 2;EN 1"}}, {"type": "Feature", "geometry": {"type": "LineString", "coordinates": [[-8.4763113, 40.6930606], [-8.4756017, 40.6926003], [-8.4738548, 40.6915337], [-8.4736927, 40.6914015], [-8.4736245, 40.6913288], [-8.4735956, 40.6912916], [-8.4735372, 40.6912165]]}, "properties": {"highway": "trunk", "lanes": "2", "maxspeed": "70", "oneway": "yes", "ref": "IC 2;EN 1"}}, {"type": "Feature", "geometry": {"type": "LineString", "coordinates": [[-8.480205, 40.6995265], [-8.4786057, 40.696306], [-8.4778879, 40.6947762], [-8.4778623, 40.6947277]]}, "properties": {"highway": "trunk", "lanes": "1", "maxspeed": "70", "oneway": "yes", "ref": "IC 2;EN 1"}}, {"type": "Feature", "geometry": {"type": "LineString", "coordinates": [[-8.4772789, 40.6939373], [-8.4774428, 40.6941226]]}, "properties": {"bridge": "yes", "highway": "trunk", "lanes": "1", "layer": "1", "oneway": "yes", "ref": "IC 2;EN 1"}}, {"type": "Feature", "geometry": {"type": "LineString", "coordinates": [[-8.4726572, 40.6748565], [-8.4728038, 40.6743904]]}, "properties": {"bridge": "yes", "highway": "trunk", "lanes": "2", "layer": "1", "maxspeed": "70", "oneway": "yes", "ref": "IC 2;EN 1", "surface": "asphalt"}}, {"type": "Feature", "geometry": {"type": "LineString", "coordinates": [[-8.4710223, 40.6804675], [-8.4709861, 40.6803947], [-8.4709621, 40.6803184], [-8.470961, 40.6802642], [-8.4709586, 40.6801533], [-8.4714779, 40.6785356], [-8.4715444, 40.6783283], [-8.4717068, 40.6777961], [-8.4717325, 40.677712], [-8.4718219, 40.6773652], [-8.4719178, 40.6770658], [-8.472003, 40.6768154]]}, "properties": {"highway": "trunk", "lanes": "1", "maxspeed": "70", "oneway": "yes", "ref": "IC 2;EN 1", "surface": "asphalt"}}, {"type": "Feature", "geometry": {"type": "LineString", "coordinates": [[-8.4728038, 40.6743904], [-8.4728368, 40.6741982], [-8.4734448, 40.6723858]]}, "properties": {"highway": "trunk", "lanes": "1", "maxspeed": "70", "oneway": "yes", "ref": "IC 2;EN 1", "source": "Bing", "surface": "asphalt"}}, {"type": "Feature", "geometry": {"type": "LineString", "coordinates": [[-8.4651334, 40.6115529], [-8.4652822, 40.6112582]]}, "properties": {"highway": "trunk", "lanes": "2", "maxspeed": "70", "oneway": "yes", "ref": "IC 2;EN 1"}}, {"type": "Feature", "geometry": {"type": "LineString", "coordinates": [[-8.4700251, 40.5915791], [-8.4706562, 40.5894927], [-8.4707901, 40.5888386]]}, "properties": {"highway": "trunk", "lanes": "2", "maxspeed": "90", "oneway": "yes", "ref": "IC 2"}}, {"type": "Feature", "geometry": {"type": "LineString", "coordinates": [[-8.4695081, 40.5927453], [-8.4692344, 40.5935667]]}, "properties": {"highway": "trunk", "lanes": "3", "maxspeed": "90", "oneway": "yes", "ref": "IC 2"}}, {"type": "Feature", "geometry": {"type": "LineString", "coordinates": [[-8.4696779, 40.5927897], [-8.4697351, 40.592538]]}, "properties": {"bridge": "yes", "highway": "trunk", "lanes": "3", "layer": "1", "maxspeed": "90", "oneway": "yes", "ref": "IC 2"}}, {"type": "Feature", "geometry": {"type": "LineString", "coordinates": [[-8.4695845, 40.5924999], [-8.4695081, 40.5927453]]}, "properties": {"bridge": "yes", "highway": "trunk", "lanes": "3", "layer": "1", "maxspeed": "90", "oneway": "yes", "ref": "IC 2"}}, {"type": "Feature", "geometry": {"type": "LineString", "coordinates": [[-8.4593347, 40.1607675], [-8.4593485, 40.1604072], [-8.4593404, 40.1602453], [-8.4593158, 40.1600566]]}, "properties": {"cycleway:both": "no", "highway": "trunk", "lanes": "9", "lit": "yes", "maxspeed": "90", "old_ref": "EN 1", "oneway": "yes", "ref": "IC 2", "surface": "asphalt"}}, {"type": "Feature", "geometry": {"type": "LineString", "coordinates": [[-8.4593144, 40.1610556], [-8.4593347, 40.1607675]]}, "properties": {"bridge": "yes", "cycleway:both": "no", "highway": "trunk", "lanes": "2", "layer": "1", "lit": "yes", "maxspeed": "90", "old_ref": "EN 1", "oneway": "yes", "ref": "IC 2", "surface": "asphalt"}}, {"type": "Feature", "geometry": {"type": "LineString", "coordinates": [[-8.4588508, 40.1624727], [-8.4587123, 40.1628296], [-8.4586429, 40.1629755], [-8.4585293, 40.1632143]]}, "properties": {"change:lanes": "no|not_left|yes", "cycleway:both": "no", "highway": "trunk", "lanes": "3", "maxspeed": "90", "old_ref": "EN 1", "oneway": "yes", "ref": "IC 2", "surface": "asphalt", "turn:lanes": "through|through|right"}}, {"type": "Feature", "geometry": {"type": "LineString", "coordinates": [[-8.459251, 40.1607577], [-8.4592124, 40.1610456]]}, "properties": {"bridge": "yes", "cycleway:both": "no", "highway": "trunk", "lanes": "1", "layer": "1", "lit": "no", "maxspeed": "90", "old_ref": "EN 1", "oneway": "yes", "ref": "IC 2", "surface": "asphalt"}}, {"type": "Feature", "geometry": {"type": "LineString", "coordinates": [[-8.4558243, 40.1682588], [-8.4555073, 40.1688359], [-8.4554538, 40.1689318], [-8.455044, 40.1696757], [-8.4533478, 40.1726924]]}, "properties": {"cycleway:both": "no", "highway": "trunk", "lanes": "3", "lanes:backward": "1", "lanes:forward": "2", "lit": "no", "maxspeed": "90", "old_ref": "EN 1", "ref": "IC 2", "source": "bing;Bing", "surface": "asphalt", "turn:lanes:forward": "through|through;right"}}, {"type": "Feature", "geometry": {"type": "LineString", "coordinates": [[-8.4511642, 40.3569906], [-8.4509482, 40.357813], [-8.4509356, 40.3579658], [-8.4509378, 40.3580981], [-8.450955, 40.3582825], [-8.4509895, 40.3584456], [-8.4510512, 40.3586265], [-8.4511438, 40.3588175], [-8.4512616, 40.3589905], [-8.4514099, 40.3591707], [-8.4524203, 40.3603393], [-8.4525164, 40.3604669], [-8.4526258, 40.3606184], [-8.4527182, 40.3607639], [-8.4527998, 40.3609063], [-8.4529806, 40.361244], [-8.4530484, 40.3613813], [-8.4531104, 40.3615183], [-8.4531744, 40.3616697], [-8.4532414, 40.3618461], [-8.4533091, 40.3620547], [-8.4533701, 40.3622777], [-8.453582, 40.3631369], [-8.4537489, 40.3638353]]}, "properties": {"alt_name": "EN 1", "highway": "trunk", "lanes": "2", "maxspeed": "70", "oneway": "no", "ref": "IC 2;EN 1", "surface": "asphalt"}}, {"type": "Feature", "geometry": {"type": "LineString", "coordinates": [[-8.4512283, 40.3567406], [-8.4511935, 40.3568857]]}, "properties": {"bridge": "yes", "highway": "trunk", "lanes": "3", "layer": "1", "maxspeed": "70", "maxweight:signed": "no", "oneway": "no", "ref": "IC 2;EN 1", "surface": "asphalt"}}, {"type": "Feature", "geometry": {"type": "LineString", "coordinates": [[-8.4426536, 40.2504051], [-8.4426838, 40.2507467]]}, "properties": {"bridge": "yes", "highway": "trunk", "lanes": "2", "layer": "1", "lit": "no", "maxspeed": "100", "motorroad": "yes", "oneway": "yes", "ref": "IC 2", "source": "bing", "surface": "asphalt"}}, {"type": "Feature", "geometry": {"type": "LineString", "coordinates": [[-8.4427977, 40.2504381], [-8.442689, 40.2492744], [-8.4425758, 40.2486756], [-8.4424073, 40.2481291], [-8.4420786, 40.2474127], [-8.4410278, 40.2456393], [-8.4383729, 40.2412605]]}, "properties": {"highway": "trunk", "lanes": "2", "lit": "no", "maxspeed": "100", "motorroad": "yes", "oneway": "yes", "ref": "IC 2", "source": "bing", "surface": "asphalt"}}, {"type": "Feature", "geometry": {"type": "LineString", "coordinates": [[-8.4428301, 40.2507701], [-8.4427977, 40.2504381]]}, "properties": {"bridge": "yes", "highway": "trunk", "lanes": "2", "layer": "1", "lit": "no", "maxspeed": "100", "motorroad": "yes", "oneway": "yes", "ref": "IC 2", "source": "bing", "surface": "asphalt"}}, {"type": "Feature", "geometry": {"type": "LineString", "coordinates": [[-8.4484242, 40.1785396], [-8.4487243, 40.1781063], [-8.4492898, 40.177489]]}, "properties": {"highway": "trunk", "lanes": "1", "lit": "yes", "maxspeed": "90", "motorroad": "yes", "oneway": "yes", "ref": "IC 2", "surface": "asphalt"}}, {"type": "Feature", "geometry": {"type": "LineString", "coordinates": [[-8.8087709, 39.7589303], [-8.8102274, 39.7581807]]}, "properties": {"bicycle": "no", "foot": "no", "highway": "trunk", "horse": "no", "lanes": "1", "lit": "no", "maxspeed": "80", "oneway": "yes", "ref": "IC 2", "smoothness": "excellent", "surface": "asphalt"}}, {"type": "Feature", "geometry": {"type": "LineString", "coordinates": [[-8.8087999, 39.7588259], [-8.8083381, 39.7590672]]}, "properties": {"bicycle": "no", "bridge": "yes", "foot": "no", "highway": "trunk", "horse": "no", "lanes": "2", "layer": "1", "lit": "no", "maxspeed": "80", "maxweight:signed": "no", "minspeed:lanes": "60|", "oneway": "yes", "ref": "IC 2", "smoothness": "excellent", "surface": "asphalt"}}, {"type": "Feature", "geometry": {"type": "LineString", "coordinates": [[-8.8083381, 39.7590672], [-8.8067397, 39.7598906], [-8.8064965, 39.7600034], [-8.8062998, 39.7600837], [-8.806082, 39.7601686], [-8.8058643, 39.7602422], [-8.8055771, 39.7603237], [-8.804958, 39.7604662], [-8.8030957, 39.760862], [-8.8012502, 39.7612513], [-8.7996973, 39.761576], [-8.7977836, 39.7619803], [-8.7968687, 39.76217], [-8.7963951, 39.7622652], [-8.7959848, 39.7623296], [-8.7956914, 39.762371], [-8.7954276, 39.7623995], [-8.7948346, 39.7624597], [-8.7918749, 39.7627433], [-8.7899936, 39.7629291], [-8.7895103, 39.7629767]]}, "properties": {"bicycle": "no", "foot": "no", "highway": "trunk", "horse": "no", "lanes": "2", "lit": "no", "maxheight": "default", "maxspeed": "80", "minspeed:lanes": "60|", "oneway": "yes", "ref": "IC 2", "smoothness": "excellent", "surface": "asphalt"}}, {"type": "Feature", "geometry": {"type": "LineString", "coordinates": [[-8.8082631, 39.7591984], [-8.8087709, 39.7589303]]}, "properties": {"bicycle": "no", "bridge": "yes", "foot": "no", "highway": "trunk", "horse": "no", "lanes": "1", "layer": "1", "lit": "no", "maxspeed": "80", "oneway": "yes", "ref": "IC 2", "smoothness": "excellent", "surface": "asphalt"}}, {"type": "Feature", "geometry": {"type": "LineString", "coordinates": [[-8.4355037, 40.2323305], [-8.435729, 40.2335354]]}, "properties": {"bridge": "yes", "highway": "trunk", "lanes": "2", "layer": "1", "lit": "no", "maxspeed": "100", "motorroad": "yes", "oneway": "yes", "ref": "IC 2", "surface": "asphalt"}}, {"type": "Feature", "geometry": {"type": "LineString", "coordinates": [[-8.4358429, 40.2334374], [-8.4356296, 40.2322122]]}, "properties": {"bridge": "yes", "highway": "trunk", "lanes": "2", "layer": "1", "lit": "no", "maxspeed": "100", "maxweight:signed": "no", "motorroad": "yes", "oneway": "yes", "ref": "IC 2", "surface": "asphalt"}}, {"type": "Feature", "geometry": {"type": "LineString", "coordinates": [[-8.4356296, 40.2322122], [-8.4353811, 40.2308789], [-8.4352416, 40.2300987], [-8.4351759, 40.2297178], [-8.4351292, 40.2293226], [-8.4351225, 40.2288394], [-8.4351951, 40.2283149], [-8.4353593, 40.227793], [-8.4356281, 40.2272654], [-8.4360037, 40.2267704]]}, "properties": {"highway": "trunk", "lanes": "2", "lit": "no", "maxspeed": "100", "motorroad": "yes", "oneway": "yes", "ref": "IC 2", "source": "bing", "surface": "asphalt"}}, {"type": "Feature", "geometry": {"type": "LineString", "coordinates": [[-8.9448494, 39.3041605], [-8.9433777, 39.3051499]]}, "properties": {"highway": "trunk", "lanes": "1", "maxspeed": "90", "oneway": "yes", "ref": "IC 2", "surface": "asphalt"}}, {"type": "Feature", "geometry": {"type": "LineString", "coordinates": [[-8.9363809, 39.3143056], [-8.9363842, 39.3128647], [-8.9364, 39.311963], [-8.936397, 39.3115714], [-8.9364086, 39.3113811], [-8.9364232, 39.3112288], [-8.9364457, 39.3110664], [-8.9364779, 39.3108966], [-8.9365234, 39.3107398], [-8.9365665, 39.3105776], [-8.9366159, 39.3104555], [-8.9366573, 39.3103572], [-8.93675, 39.3101722], [-8.936805, 39.3100757], [-8.9368557, 39.3099878], [-8.9368882, 39.3099335], [-8.9369284, 39.3098785], [-8.9369954, 39.3097914]]}, "properties": {"highway": "trunk", "lanes": "2", "oneway": "yes", "ref": "IC 2", "surface": "asphalt"}}, {"type": "Feature", "geometry": {"type": "LineString", "coordinates": [[-8.9363547, 39.3157043], [-8.9364192, 39.316188], [-8.936578, 39.3167343], [-8.9369951, 39.3174927], [-8.9376549, 39.3182771], [-8.9386248, 39.319], [-8.9398219, 39.3197568], [-8.9434246, 39.3219662], [-8.9444861, 39.32239], [-8.9455036, 39.322597], [-8.9472913, 39.3226997], [-8.9475797, 39.3227161], [-8.9479362, 39.3227332], [-8.9486455, 39.3227699], [-8.9490244, 39.3227957], [-8.9494072, 39.3228336], [-8.9497918, 39.3228956], [-8.9501017, 39.322959], [-8.9504729, 39.3230569], [-8.9507844, 39.3231561], [-8.9510447, 39.3232613], [-8.9514091, 39.3234307], [-8.951685, 39.3235788], [-8.9519272, 39.3237273], [-8.9521084, 39.3238485], [-8.9524443, 39.3241069], [-8.9557064, 39.326926], [-8.9568411, 39.3280164], [-8.9575237, 39.3287837], [-8.9586392, 39.3300515], [-8.9598204, 39.3314897], [-8.9606487, 39.3323892], [-8.9607353, 39.3324762], [-8.9610179, 39.3327965], [-8.9613013, 39.3331162], [-8.9620145, 39.33388], [-8.9627376, 39.3346383], [-8.9647687, 39.3368064]]}, "properties": {"highway": "trunk", "lanes": "2", "ref": "IC 2", "surface": "asphalt"}}, {"type": "Feature", "geometry": {"type": "LineString", "coordinates": [[-8.4506091, 40.3879739], [-8.4505932, 40.3880414], [-8.4505758, 40.3882488], [-8.4504996, 40.3886035], [-8.4504845, 40.3886756], [-8.4504674, 40.3887732], [-8.4504631, 40.3888269], [-8.4504604, 40.3888708], [-8.4504645, 40.3889362], [-8.4504712, 40.3889832], [-8.4504873, 40.3890363], [-8.4504987, 40.3890697]]}, "properties": {"highway": "primary", "lanes": "1", "maxspeed": "50", "name": "Avenida da Restaura\u00e7\u00e3o", "oneway": "yes", "ref": "IC 2;EN 1", "surface": "asphalt"}}, {"type": "Feature", "geometry": {"type": "LineString", "coordinates": [[-8.4506366, 40.3901064], [-8.4506527, 40.3905056], [-8.4506789, 40.3916934], [-8.4506913, 40.3924321], [-8.4506996, 40.3927028], [-8.450705, 40.3928803], [-8.4507152, 40.3929972], [-8.4507383, 40.393144]]}, "properties": {"highway": "primary", "lanes": "2", "maxspeed": "50", "name": "Avenida da Restaura\u00e7\u00e3o", "oneway": "no", "ref": "IC 2;EN 1", "sidewalk:both": "yes", "source": "Bing", "surface": "asphalt"}}, {"type": "Feature", "geometry": {"type": "LineString", "coordinates": [[-8.4506365, 40.3900791], [-8.4506603, 40.390019], [-8.4506636, 40.3900044]]}, "properties": {"highway": "primary", "lanes": "1", "maxspeed": "50", "name": "Avenida da Restaura\u00e7\u00e3o", "oneway": "yes", "ref": "IC 2;EN 1", "surface": "asphalt"}}, {"type": "Feature", "geometry": {"type": "LineString", "coordinates": [[-8.9767994, 39.0184613], [-8.9773538, 39.0184587], [-8.9778972, 39.0184384], [-8.9782619, 39.0184109], [-8.9785941, 39.0183778], [-8.9788986, 39.0183444], [-8.9792069, 39.0183039], [-8.9797988, 39.0182114], [-8.9805824, 39.018065], [-8.9812432, 39.0179019], [-8.9819191, 39.0177169], [-8.9826336, 39.0174809], [-8.983333, 39.0172325], [-8.9840058, 39.0169609], [-8.9873066, 39.0153921], [-8.989268, 39.0144656]]}, "properties": {"bridge": "yes", "highway": "motorway", "lanes": "3", "layer": "1", "maxspeed": "120", "minspeed": "50", "name": "Autoestrada do Ribatejo", "note": "A10 / IC2 / IC3", "oneway": "yes", "ref": "A 10;IC 2", "surface": "asphalt", "toll": "yes"}}, {"type": "Feature", "geometry": {"type": "LineString", "coordinates": [[-9.0150523, 39.0020827], [-9.0147714, 39.0025466], [-9.0144364, 39.003033], [-9.0140367, 39.0035119], [-9.0136546, 39.0038954], [-9.0131843, 39.0043385], [-9.0126691, 39.0047432], [-9.0116255, 39.0054199]]}, "properties": {"highway": "motorway", "lanes": "3", "maxspeed": "120", "minspeed": "50", "name": "Autoestrada do Ribatejo", "oneway": "yes", "ref": "A 10;IC 2", "surface": "asphalt", "toll": "yes"}}, {"type": "Feature", "geometry": {"type": "LineString", "coordinates": [[-9.0000001, 39.0655292], [-8.9998774, 39.06548], [-8.9997846, 39.065441], [-8.9996795, 39.0653876], [-8.9994923, 39.0652744]]}, "properties": {"highway": "trunk", "lanes": "1", "name": "Variante de Alenquer", "oneway": "yes", "ref": "IC 2", "surface": "asphalt"}}, {"type": "Feature", "geometry": {"type": "LineString", "coordinates": [[-9.0156429, 39.0012042], [-9.0157926, 39.0007783], [-9.0159395, 39.0002265], [-9.0161061, 38.9995274], [-9.0162603, 38.9989643], [-9.0164058, 38.9985356], [-9.016548, 38.9982045], [-9.0167238, 38.9978954], [-9.0169562, 38.9975588]]}, "properties": {"highway": "motorway", "lanes": "3", "maxspeed": "120", "minspeed": "50", "name": "Autoestrada do Ribatejo", "oneway": "yes", "ref": "A 10;IC 2", "surface": "asphalt", "toll": "yes"}}, {"type": "Feature", "geometry": {"type": "LineString", "coordinates": [[-8.9891881, 39.0143445], [-8.9872137, 39.0152781], [-8.9838962, 39.0168566], [-8.9832845, 39.0171044], [-8.9825612, 39.0173604], [-8.9818568, 39.0175925], [-8.9811708, 39.0177838], [-8.9805311, 39.0179421], [-8.9797624, 39.0180905], [-8.979195, 39.0181758], [-8.9788768, 39.0182174], [-8.9785553, 39.0182539], [-8.9782073, 39.0182853], [-8.9778677, 39.0183086], [-8.9773535, 39.0183311], [-8.9768031, 39.0183319]]}, "properties": {"bridge": "yes", "highway": "motorway", "lanes": "3", "layer": "1", "maxspeed": "120", "minspeed": "50", "name": "Autoestrada do Ribatejo", "note": "A10 / IC2 / IC3", "oneway": "yes", "ref": "A 10;IC 2", "surface": "asphalt", "toll": "yes"}}, {"type": "Feature", "geometry": {"type": "LineString", "coordinates": [[-8.9950059, 39.0550427], [-8.9945817, 39.0539897]]}, "properties": {"bridge": "yes", "highway": "trunk", "lanes": "2", "layer": "1", "name": "Variante de Alenquer", "oneway": "no", "ref": "IC 2", "surface": "asphalt"}}, {"type": "Feature", "geometry": {"type": "LineString", "coordinates": [[-9.0052532, 39.009258], [-9.0117308, 39.005527]]}, "properties": {"bridge": "yes", "highway": "motorway", "lanes": "3", "layer": "1", "maxspeed": "120", "minspeed": "50", "name": "Autoestrada do Ribatejo", "oneway": "yes", "ref": "A 10;IC 2", "surface": "asphalt", "toll": "yes"}}, {"type": "Feature", "geometry": {"type": "LineString", "coordinates": [[-9.0116255, 39.0054199], [-9.0047738, 39.009366]]}, "properties": {"bridge": "yes", "highway": "motorway", "lanes": "3", "layer": "1", "maxspeed": "120", "minspeed": "50", "name": "Autoestrada do Ribatejo", "oneway": "yes", "ref": "A 10;IC 2", "surface": "asphalt", "toll": "yes"}}, {"type": "Feature", "geometry": {"type": "LineString", "coordinates": [[-8.989268, 39.0144656], [-8.9920632, 39.0131827], [-8.9925985, 39.012956], [-8.9931451, 39.0127847], [-8.9937571, 39.0125854], [-8.9944684, 39.0124084], [-8.9951422, 39.0122801], [-8.9959796, 39.0121679], [-8.9966259, 39.0121011], [-8.9978688, 39.0120331], [-8.9986808, 39.0119806], [-8.9993733, 39.0119031], [-9.0001158, 39.0117542], [-9.0007826, 39.0115649], [-9.0014781, 39.0113135], [-9.0020873, 39.0110427], [-9.0027406, 39.0107084], [-9.0052532, 39.009258]]}, "properties": {"highway": "motorway", "lanes": "3", "maxspeed": "120", "minspeed": "50", "name": "Autoestrada do Ribatejo", "oneway": "yes", "ref": "A 10;IC 2", "surface": "asphalt", "toll": "yes"}}, {"type": "Feature", "geometry": {"type": "LineString", "coordinates": [[-8.9945817, 39.0539897], [-8.9944752, 39.0537168], [-8.9943907, 39.053423], [-8.9943316, 39.0531157], [-8.9942875, 39.052826], [-8.9942591, 39.0525552], [-8.9942441, 39.0523667], [-8.9941839, 39.0503914]]}, "properties": {"highway": "trunk", "lanes": "2", "name": "Variante de Alenquer", "oneway": "no", "ref": "IC 2", "surface": "asphalt"}}, {"type": "Feature", "geometry": {"type": "LineString", "coordinates": [[-9.0154842, 39.0011243], [-9.0153346, 39.0015086], [-9.0151977, 39.001802], [-9.0150523, 39.0020827]]}, "properties": {"bridge": "yes", "highway": "motorway", "lanes": "3", "layer": "1", "maxspeed": "120", "minspeed": "50", "name": "Autoestrada do Ribatejo", "oneway": "yes", "ref": "A 10;IC 2", "surface": "asphalt", "toll": "yes"}}, {"type": "Feature", "geometry": {"type": "LineString", "coordinates": [[-9.0117308, 39.005527], [-9.0126912, 39.0049114], [-9.0132482, 39.0044919], [-9.0137296, 39.0040432], [-9.0141319, 39.0036396], [-9.0145481, 39.0031509], [-9.0148912, 39.0026565], [-9.0151572, 39.0022321]]}, "properties": {"highway": "motorway", "lanes": "3", "maxspeed": "120", "minspeed": "50", "name": "Autoestrada do Ribatejo", "oneway": "yes", "ref": "A 10;IC 2", "surface": "asphalt", "toll": "yes"}}, {"type": "Feature", "geometry": {"type": "LineString", "coordinates": [[-8.9978647, 39.0119038], [-8.9965944, 39.011982], [-8.995952, 39.0120344], [-8.9951271, 39.0121471], [-8.9944402, 39.0122873], [-8.9937354, 39.0124623], [-8.99307, 39.0126531], [-8.9925229, 39.0128495], [-8.9919914, 39.013069], [-8.9891881, 39.0143445]]}, "properties": {"highway": "motorway", "lanes": "3", "maxspeed": "120", "minspeed": "50", "name": "Autoestrada do Ribatejo", "oneway": "yes", "ref": "A 10;IC 2", "surface": "asphalt", "toll": "yes"}}, {"type": "Feature", "geometry": {"type": "LineString", "coordinates": [[-9.0151572, 39.0022321], [-9.0153694, 39.0018079], [-9.0154833, 39.0015599], [-9.0156429, 39.0012042]]}, "properties": {"bridge": "yes", "highway": "motorway", "lanes": "3", "layer": "1", "maxspeed": "120", "minspeed": "50", "name": "Autoestrada do Ribatejo", "oneway": "yes", "ref": "A 10;IC 2", "surface": "asphalt", "toll": "yes"}}, {"type": "Feature", "geometry": {"type": "LineString", "coordinates": [[-8.47065, 40.6346834], [-8.4705863, 40.6339749]]}, "properties": {"highway": "primary", "lanes": "2", "maxspeed": "70", "oneway": "no", "ref": "IC 2;EN 1", "surface": "asphalt"}}, {"type": "Feature", "geometry": {"type": "LineString", "coordinates": [[-8.4694731, 40.638437], [-8.469762, 40.6379573], [-8.4701583, 40.6371927]]}, "properties": {"highway": "primary", "lanes": "1", "maxspeed": "70", "oneway": "yes", "ref": "IC 2;EN 1", "surface": "asphalt"}}, {"type": "Feature", "geometry": {"type": "LineString", "coordinates": [[-8.7710516, 39.7692205], [-8.7705016, 39.7694673], [-8.7701879, 39.7696081], [-8.7697027, 39.7698316]]}, "properties": {"highway": "trunk", "lanes": "1", "lit": "no", "maxspeed": "60", "old_ref": "EN 1", "oneway": "yes", "ref": "IC 2;EN 1", "surface": "asphalt"}}, {"type": "Feature", "geometry": {"type": "LineString", "coordinates": [[-8.7690534, 39.7702549], [-8.7695522, 39.7699586], [-8.7696101, 39.7699317], [-8.7701155, 39.7696967], [-8.7708209, 39.7693834], [-8.7721459, 39.7687896], [-8.7731008, 39.7683567], [-8.7737982, 39.7680495], [-8.7744186, 39.7677649], [-8.7749246, 39.7675417], [-8.7757651, 39.7671649], [-8.7758751, 39.76711], [-8.7764329, 39.7668659], [-8.7766261, 39.7667794], [-8.7775354, 39.7663629], [-8.7777204, 39.7662784], [-8.7786136, 39.7658823]]}, "properties": {"highway": "trunk", "lanes": "1", "lit": "no", "maxheight": "default", "maxspeed": "80", "old_ref": "EN 1", "oneway": "yes", "ref": "IC 2;EN 1", "surface": "asphalt"}}, {"type": "Feature", "geometry": {"type": "LineString", "coordinates": [[-8.7673035, 39.7715329], [-8.7671682, 39.7716882], [-8.766995, 39.7718705]]}, "properties": {"highway": "trunk", "lanes": "2", "lit": "yes", "maxspeed": "60", "old_ref": "EN 1", "oneway": "yes", "ref": "IC 2;EN 1", "surface": "asphalt"}}, {"type": "Feature", "geometry": {"type": "LineString", "coordinates": [[-8.766995, 39.7718705], [-8.7666697, 39.7721991], [-8.7656436, 39.7732757]]}, "properties": {"highway": "trunk", "lanes": "2", "lit": "yes", "maxspeed": "60", "oneway": "yes", "ref": "IC 2;EN 1", "surface": "asphalt", "turn:lanes": "none|merge_to_left"}}, {"type": "Feature", "geometry": {"type": "LineString", "coordinates": [[-8.6325587, 39.9104644], [-8.6325687, 39.9106255]]}, "properties": {"highway": "trunk", "lanes": "2", "lit": "yes", "maxspeed": "60", "old_ref": "EN 1", "ref": "IC 2;EN 1", "smoothness": "good", "surface": "asphalt"}}, {"type": "Feature", "geometry": {"type": "LineString", "coordinates": [[-9.0753173, 38.9206553], [-9.0743058, 38.9189147]]}, "properties": {"bridge": "viaduct", "highway": "motorway", "lanes": "3", "layer": "2", "maxspeed": "120", "minspeed": "50", "name": "Autoestrada do Ribatejo", "oneway": "yes", "ref": "A 10;IC 2", "surface": "asphalt", "toll": "yes"}}, {"type": "Feature", "geometry": {"type": "LineString", "coordinates": [[-9.0741412, 38.9189619], [-9.0751418, 38.920697]]}, "properties": {"bridge": "viaduct", "highway": "motorway", "lanes": "3", "layer": "2", "maxspeed": "120", "minspeed": "50", "name": "Autoestrada do Ribatejo", "oneway": "yes", "ref": "A 10;IC 2", "surface": "asphalt", "toll": "yes"}}, {"type": "Feature", "geometry": {"type": "LineString", "coordinates": [[-9.0743058, 38.9189147], [-9.0736388, 38.9177732], [-9.0733121, 38.9170948], [-9.0729461, 38.9161001], [-9.0727488, 38.9152711], [-9.0726189, 38.9143186], [-9.0726095, 38.9140945]]}, "properties": {"highway": "motorway", "lanes": "3", "maxspeed": "120", "minspeed": "50", "name": "Autoestrada do Ribatejo", "oneway": "yes", "ref": "A 10;IC 2", "surface": "asphalt", "toll": "yes"}}, {"type": "Feature", "geometry": {"type": "LineString", "coordinates": [[-9.0751418, 38.920697], [-9.0754868, 38.9216433], [-9.0755925, 38.9220771], [-9.0756845, 38.9225805], [-9.0757121, 38.9232101], [-9.0756971, 38.9235222], [-9.0756768, 38.923745]]}, "properties": {"highway": "motorway", "lanes": "3", "maxspeed": "120", "minspeed": "50", "name": "Autoestrada do Ribatejo", "oneway": "yes", "ref": "A 10;IC 2", "surface": "asphalt", "toll": "yes"}}, {"type": "Feature", "geometry": {"type": "LineString", "coordinates": [[-8.4900877, 40.7487018], [-8.4902861, 40.7484633]]}, "properties": {"bridge": "yes", "highway": "primary", "lanes": "2", "layer": "1", "maxspeed": "50", "maxweight:signed": "no", "oneway": "no", "ref": "IC 2;EN 1", "surface": "asphalt"}}, {"type": "Feature", "geometry": {"type": "LineString", "coordinates": [[-8.4902861, 40.7484633], [-8.4904674, 40.7482267], [-8.4905662, 40.7480807], [-8.4906115, 40.7479571], [-8.490639, 40.7478519], [-8.4906559, 40.7476998], [-8.4906581, 40.7475802], [-8.4906597, 40.7474667], [-8.4905823, 40.7467459], [-8.4905122, 40.746141]]}, "properties": {"highway": "primary", "lanes": "2", "maxspeed": "50", "oneway": "no", "ref": "IC 2;EN 1", "surface": "asphalt"}}, {"type": "Feature", "geometry": {"type": "LineString", "coordinates": [[-8.4830018, 40.7065907], [-8.4830941, 40.7067624], [-8.4831308, 40.7069629], [-8.483147, 40.7071346], [-8.4831045, 40.7078931], [-8.4830825, 40.7080988], [-8.4830151, 40.7084676], [-8.4829561, 40.7087633], [-8.4827317, 40.7098755], [-8.4826052, 40.7105377]]}, "properties": {"highway": "primary", "lanes": "1", "oneway": "yes", "ref": "IC 2;EN 1", "surface": "asphalt"}}, {"type": "Feature", "geometry": {"type": "LineString", "coordinates": [[-8.4833102, 40.7060125], [-8.483214, 40.7059366], [-8.4831553, 40.7058521], [-8.4831053, 40.7057801], [-8.4830542, 40.7055701], [-8.4827871, 40.7048006], [-8.4825436, 40.7042676]]}, "properties": {"highway": "trunk", "lanes": "1", "maxspeed": "70", "oneway": "yes", "ref": "IC 2;EN 1"}}, {"type": "Feature", "geometry": {"type": "LineString", "coordinates": [[-8.4732795, 40.6913267], [-8.4735333, 40.691425], [-8.4747861, 40.6922076]]}, "properties": {"highway": "trunk", "lanes": "1", "oneway": "yes", "ref": "IC 2;EN 1"}}, {"type": "Feature", "geometry": {"type": "LineString", "coordinates": [[-8.4703872, 40.6808415], [-8.4704337, 40.6808848], [-8.470475, 40.6809232], [-8.4705941, 40.6809778], [-8.4707304, 40.6809987], [-8.4708522, 40.6809853], [-8.4708681, 40.6809835], [-8.4709909, 40.680934], [-8.4710465, 40.6808878], [-8.4710846, 40.6808561], [-8.4711381, 40.6807587], [-8.4711452, 40.6806533], [-8.471105, 40.6805523], [-8.4710223, 40.6804675], [-8.4709067, 40.6804088], [-8.4707719, 40.6803831], [-8.4706334, 40.6803934], [-8.4706122, 40.680401], [-8.4705076, 40.6804384], [-8.4704093, 40.680513], [-8.4703602, 40.6805839], [-8.4703369, 40.680662], [-8.4703408, 40.680742], [-8.4703872, 40.6808415]]}, "properties": {"highway": "trunk", "junction": "roundabout", "lanes": "2", "lit": "yes", "ref": "IC 2;EN 1", "source": "Bing", "surface": "asphalt"}}, {"type": "Feature", "geometry": {"type": "LineString", "coordinates": [[-8.4730886, 40.6911135], [-8.4730838, 40.6911629], [-8.4730972, 40.6912114], [-8.4731226, 40.6912497], [-8.4731594, 40.6912823], [-8.4732054, 40.6913073], [-8.4732795, 40.6913267]]}, "properties": {"highway": "trunk", "junction": "roundabout", "lanes": "2", "lit": "yes", "ref": "IC 2;EN 1"}}, {"type": "Feature", "geometry": {"type": "LineString", "coordinates": [[-8.4828402, 40.7097699], [-8.4830684, 40.7086972], [-8.4831668, 40.7081298], [-8.4831768, 40.7079802], [-8.4832407, 40.7073186], [-8.483245, 40.7069958], [-8.4833055, 40.7067621], [-8.4833355, 40.7066558], [-8.4833646, 40.706569]]}, "properties": {"highway": "primary", "lanes": "2", "maxspeed": "70", "oneway": "yes", "ref": "IC 2;EN 1", "surface": "asphalt"}}, {"type": "Feature", "geometry": {"type": "LineString", "coordinates": [[-8.4692516, 40.6388718], [-8.4693418, 40.6386977], [-8.4694731, 40.638437]]}, "properties": {"highway": "primary", "maxspeed": "70", "oneway": "no", "ref": "IC 2;EN 1", "surface": "asphalt"}}, {"type": "Feature", "geometry": {"type": "LineString", "coordinates": [[-8.4503889, 40.1947968], [-8.4504221, 40.1950354], [-8.450462, 40.195238], [-8.4505256, 40.1954455], [-8.4506622, 40.1957239], [-8.4507589, 40.1958831], [-8.4508563, 40.1960052]]}, "properties": {"bridge": "yes", "highway": "trunk", "lanes": "2", "layer": "1", "lit": "yes", "maxspeed": "70", "maxweight:signed": "no", "motorroad": "yes", "oneway": "yes", "ref": "IC 2"}}, {"type": "Feature", "geometry": {"type": "LineString", "coordinates": [[-8.4488385, 40.205759], [-8.4494528, 40.2052964]]}, "properties": {"highway": "trunk", "lanes": "2", "maxspeed": "90", "motorroad": "yes", "oneway": "yes", "ref": "IC 2", "surface": "asphalt"}}, {"type": "Feature", "geometry": {"type": "LineString", "coordinates": [[-8.450412, 40.1941585], [-8.4502372, 40.1927527], [-8.4501112, 40.19174]]}, "properties": {"highway": "trunk", "lanes": "2", "lit": "yes", "maxspeed": "90", "motorroad": "yes", "oneway": "yes", "ref": "IC 2"}}, {"type": "Feature", "geometry": {"type": "LineString", "coordinates": [[-8.4490818, 40.1775833], [-8.448623, 40.1780731], [-8.4483124, 40.1784982]]}, "properties": {"highway": "trunk", "lanes": "2", "lit": "yes", "maxspeed": "90", "motorroad": "yes", "oneway": "yes", "ref": "IC 2", "surface": "asphalt"}}, {"type": "Feature", "geometry": {"type": "LineString", "coordinates": [[-8.4589604, 40.1625118], [-8.4590609, 40.1622194], [-8.4591681, 40.1618463], [-8.4592707, 40.1613775], [-8.4593144, 40.1610556]]}, "properties": {"cycleway:both": "no", "highway": "trunk", "lanes": "2", "lit": "yes", "maxspeed": "90", "old_ref": "EN 1", "oneway": "yes", "ref": "IC 2", "surface": "asphalt"}}, {"type": "Feature", "geometry": {"type": "LineString", "coordinates": [[-8.4477608, 40.18066], [-8.4477895, 40.1809553], [-8.447918, 40.1816442], [-8.4480388, 40.18242], [-8.4482027, 40.1833174], [-8.4484456, 40.1847656], [-8.4486356, 40.18569], [-8.4489432, 40.1866853], [-8.4494155, 40.1878823], [-8.449578, 40.1885976]]}, "properties": {"highway": "trunk", "lanes": "2", "lit": "yes", "maxheight:signed": "no", "maxspeed": "90", "motorroad": "yes", "oneway": "yes", "ref": "IC 2", "surface": "asphalt"}}, {"type": "Feature", "geometry": {"type": "LineString", "coordinates": [[-8.4478878, 40.1800591], [-8.4479104, 40.1798769], [-8.4479553, 40.1796227], [-8.448001, 40.1794257], [-8.4480807, 40.1792043]]}, "properties": {"highway": "trunk", "lanes": "2", "lit": "yes", "maxspeed": "90", "maxweight:signed": "no", "motorroad": "yes", "oneway": "yes", "ref": "IC 2", "source": "Bing", "surface": "asphalt"}}, {"type": "Feature", "geometry": {"type": "LineString", "coordinates": [[-8.4492898, 40.177489], [-8.4497653, 40.1769967], [-8.4503796, 40.1762987], [-8.4510038, 40.1756315], [-8.451144, 40.1754817], [-8.451258, 40.175303]]}, "properties": {"highway": "trunk", "lanes": "1", "motorroad": "yes", "old_ref": "EN1", "oneway": "yes", "ref": "IC 2", "surface": "asphalt"}}, {"type": "Feature", "geometry": {"type": "LineString", "coordinates": [[-8.4694437, 40.1358663], [-8.4692542, 40.136071], [-8.4691694, 40.1361947], [-8.4690989, 40.136314], [-8.4688671, 40.1368277], [-8.4686665, 40.1372152]]}, "properties": {"cycleway:both": "no", "highway": "trunk", "lanes": "1", "lit": "yes", "maxspeed": "90", "old_ref": "EN 1", "oneway": "yes", "ref": "IC 2", "surface": "asphalt"}}, {"type": "Feature", "geometry": {"type": "LineString", "coordinates": [[-8.4897209, 40.12546], [-8.4892602, 40.1256695], [-8.4884475, 40.1260803], [-8.4863224, 40.127117], [-8.4852474, 40.1276138], [-8.4845849, 40.1279447], [-8.4838938, 40.1282778], [-8.4818593, 40.1292557], [-8.4811888, 40.1295615], [-8.48035, 40.1299848]]}, "properties": {"highway": "trunk", "lanes": "2", "lit": "yes", "maxheight": "default", "maxspeed": "90", "old_ref": "EN 1", "oneway": "yes", "ref": "IC 2", "smoothness": "good", "source": "Bing", "surface": "asphalt"}}, {"type": "Feature", "geometry": {"type": "LineString", "coordinates": [[-8.4686744, 40.1373557], [-8.4687208, 40.1372584]]}, "properties": {"bridge": "yes", "cycleway:both": "no", "highway": "trunk", "lanes": "1", "layer": "1", "lit": "yes", "maxspeed": "90", "maxweight:signed": "no", "old_ref": "EN 1", "oneway": "yes", "ref": "IC 2;EN 1", "smoothness": "excellent", "surface": "asphalt"}}, {"type": "Feature", "geometry": {"type": "LineString", "coordinates": [[-8.4686665, 40.1372152], [-8.4686288, 40.1372996]]}, "properties": {"bridge": "yes", "cycleway:both": "no", "highway": "trunk", "lanes": "1", "layer": "1", "lit": "yes", "maxspeed": "90", "maxweight:signed": "no", "oneway": "yes", "ref": "IC 2", "source": "Bing", "surface": "asphalt"}}, {"type": "Feature", "geometry": {"type": "LineString", "coordinates": [[-8.4686288, 40.1372996], [-8.4684949, 40.1375864], [-8.4683763, 40.1378186]]}, "properties": {"cycleway:both": "no", "highway": "trunk", "lanes": "1", "lit": "yes", "maxspeed": "90", "old_ref": "EN 1", "oneway": "yes", "ref": "IC 2", "source": "Bing", "surface": "asphalt"}}, {"type": "Feature", "geometry": {"type": "LineString", "coordinates": [[-8.4972176, 40.1218555], [-8.4980467, 40.1213756], [-8.4984591, 40.1210643], [-8.4987586, 40.1208383], [-8.4991968, 40.1204783], [-8.4992872, 40.1204465], [-8.4993331, 40.1204304]]}, "properties": {"highway": "trunk", "lanes": "1", "lit": "yes", "maxspeed": "50", "old_ref": "EN 1", "oneway": "yes", "ref": "IC 2", "surface": "asphalt"}}, {"type": "Feature", "geometry": {"type": "LineString", "coordinates": [[-8.4687208, 40.1372584], [-8.4691907, 40.1363119], [-8.4692549, 40.1362094], [-8.4693328, 40.1361089], [-8.4694731, 40.1359461], [-8.469631, 40.1357924], [-8.4697569, 40.1357016], [-8.4700694, 40.1355009], [-8.4706617, 40.1352245], [-8.4711111, 40.1350077], [-8.471649, 40.1347762], [-8.4718569, 40.1346843], [-8.4720198, 40.1346105]]}, "properties": {"cycleway:both": "no", "highway": "trunk", "lanes": "1", "lit": "yes", "maxspeed": "90", "old_ref": "EN 1", "oneway": "yes", "ref": "IC 2;EN 1", "smoothness": "excellent", "surface": "asphalt"}}, {"type": "Feature", "geometry": {"type": "LineString", "coordinates": [[-8.4782447, 40.1310312], [-8.4783314, 40.1309979]]}, "properties": {"cycleway:both": "no", "highway": "trunk", "lanes": "2", "lit": "no", "maxspeed": "70", "maxweight:signed": "no", "old_ref": "EN 1", "oneway": "yes", "ref": "IC 2", "smoothness": "excellent", "surface": "asphalt"}}, {"type": "Feature", "geometry": {"type": "LineString", "coordinates": [[-8.9575437, 39.2236981], [-8.9578058, 39.2231981]]}, "properties": {"highway": "primary", "lanes": "2", "ref": "IC 2;EN 1", "surface": "asphalt"}}, {"type": "Feature", "geometry": {"type": "LineString", "coordinates": [[-8.9578058, 39.2231981], [-8.9580434, 39.2228209]]}, "properties": {"highway": "primary", "lanes": "3", "lanes:backward": "2", "lanes:forward": "1", "ref": "IC 2;EN 1", "surface": "asphalt", "turn:lanes:backward": "through|right", "turn:lanes:forward": "through"}}, {"type": "Feature", "geometry": {"type": "LineString", "coordinates": [[-8.9573209, 39.2241145], [-8.9575437, 39.2236981]]}, "properties": {"bridge": "yes", "highway": "primary", "lanes": "2", "layer": "1", "ref": "IC 2;EN 1", "surface": "asphalt"}}, {"type": "Feature", "geometry": {"type": "LineString", "coordinates": [[-8.9946213, 39.210463], [-8.9949238, 39.2101926]]}, "properties": {"highway": "primary", "lanes": "1", "oneway": "yes", "ref": "IC 2;EN 1", "surface": "asphalt"}}, {"type": "Feature", "geometry": {"type": "LineString", "coordinates": [[-8.9943884, 39.210631], [-8.9944711, 39.210569], [-8.9946213, 39.210463]]}, "properties": {"highway": "primary", "lanes": "1", "oneway": "yes", "ref": "IC 2;EN 1", "surface": "asphalt"}}, {"type": "Feature", "geometry": {"type": "LineString", "coordinates": [[-8.9949238, 39.2101926], [-8.9950592, 39.2100608], [-8.9956372, 39.2093708]]}, "properties": {"highway": "primary", "lanes": "2", "oneway": "yes", "ref": "IC 2;EN 1", "surface": "asphalt"}}, {"type": "Feature", "geometry": {"type": "LineString", "coordinates": [[-8.9619076, 39.4061008], [-8.9618422, 39.4060249], [-8.9618005, 39.4059654], [-8.961754, 39.4058833], [-8.9616967, 39.4057568], [-8.9616437, 39.4056133], [-8.9616015, 39.4054546], [-8.9615496, 39.405202], [-8.9614489, 39.4046209], [-8.9613703, 39.4041656], [-8.9613092, 39.4038651], [-8.961249, 39.4036913]]}, "properties": {"highway": "trunk", "lanes": "1", "maxspeed": "70", "oneway": "yes", "ref": "IC 2;EN 1", "surface": "asphalt"}}, {"type": "Feature", "geometry": {"type": "LineString", "coordinates": [[-8.9760994, 39.0183164], [-8.9757317, 39.0182952], [-8.9750198, 39.0182324], [-8.9746368, 39.0181908], [-8.9742461, 39.018142]]}, "properties": {"highway": "motorway", "lanes": "3", "maxspeed": "120", "minspeed": "50", "name": "Autoestrada do Ribatejo", "note": "A10 / IC2 / IC3", "oneway": "yes", "ref": "A 10;IC 2", "surface": "asphalt", "toll": "yes", "turn:lanes": "through|through|right"}}, {"type": "Feature", "geometry": {"type": "LineString", "coordinates": [[-8.9941471, 39.048827], [-8.99407, 39.0492094], [-8.9940127, 39.0493688], [-8.9939468, 39.049449]]}, "properties": {"highway": "primary", "lanes": "1", "oneway": "yes", "ref": "IC 2;EN 1", "surface": "asphalt"}}, {"type": "Feature", "geometry": {"type": "LineString", "coordinates": [[-8.4641306, 40.1461859], [-8.4645223, 40.1455361], [-8.4648706, 40.1449192], [-8.465117, 40.1444985], [-8.4653213, 40.144097], [-8.4660508, 40.1426632], [-8.4663933, 40.1419645], [-8.4666603, 40.1414234], [-8.4670805, 40.1406352]]}, "properties": {"cycleway:both": "no", "highway": "trunk", "lanes": "1", "lit": "yes", "maxspeed": "90", "old_ref": "EN 1", "oneway": "yes", "ref": "IC 2", "smoothness": "excellent", "source": "Bing", "surface": "asphalt"}}, {"type": "Feature", "geometry": {"type": "LineString", "coordinates": [[-8.464017, 40.1462408], [-8.4630768, 40.1478441], [-8.4628811, 40.1482015], [-8.4627865, 40.1483839], [-8.4627255, 40.1485313]]}, "properties": {"cycleway:both": "no", "highway": "trunk", "lanes": "1", "lit": "yes", "maxspeed": "90", "old_ref": "EN 1", "oneway": "yes", "ref": "IC 2", "surface": "asphalt"}}, {"type": "Feature", "geometry": {"type": "LineString", "coordinates": [[-8.4625337, 40.6183353], [-8.462579, 40.6182099], [-8.4626525, 40.6180067], [-8.4638722, 40.6148416], [-8.4639702, 40.6145874]]}, "properties": {"highway": "primary", "lanes": "2", "maxspeed": "70", "oneway": "no", "ref": "IC 2;EN 1", "surface": "asphalt"}}, {"type": "Feature", "geometry": {"type": "LineString", "coordinates": [[-8.9647054, 39.3733786], [-8.9662623, 39.3713292], [-8.9669765, 39.3703578], [-8.9674205, 39.3697049], [-8.9677043, 39.3691369], [-8.9678599, 39.368714], [-8.9679973, 39.36813], [-8.9680659, 39.3673249], [-8.9681758, 39.3661606], [-8.9681987, 39.3649945], [-8.9682796, 39.3639819], [-8.9683308, 39.3628961], [-8.9683762, 39.3621431], [-8.9684293, 39.3614909], [-8.9685252, 39.3607658], [-8.9704603, 39.354947], [-8.9709133, 39.3536765]]}, "properties": {"highway": "trunk", "lanes": "2", "ref": "IC 2", "surface": "asphalt"}}, {"type": "Feature", "geometry": {"type": "LineString", "coordinates": [[-8.9647054, 39.3733786], [-8.9642026, 39.3739818]]}, "properties": {"highway": "trunk", "lanes": "1", "maxspeed": "70", "oneway": "yes", "ref": "IC 2", "shoulder": "right", "surface": "asphalt", "turn:lanes": "through;slight_right"}}, {"type": "Feature", "geometry": {"type": "LineString", "coordinates": [[-8.4732386, 40.6909835], [-8.4730214, 40.690918], [-8.4729534, 40.6908905], [-8.4729286, 40.6908804], [-8.4728467, 40.6908411], [-8.4721878, 40.6904788], [-8.4718141, 40.6902657], [-8.4714225, 40.6900373], [-8.4711444, 40.6898563], [-8.4709173, 40.6896999], [-8.4706415, 40.6894838], [-8.4703982, 40.6892676], [-8.4702502, 40.6891339], [-8.4701105, 40.6889958], [-8.469992, 40.6888567], [-8.4698519, 40.6886666], [-8.4696837, 40.6884129], [-8.4695231, 40.6881267], [-8.469331, 40.6877193], [-8.4691932, 40.6873874], [-8.4691538, 40.6872293], [-8.4691167, 40.6869886], [-8.4690912, 40.6867742], [-8.4690819, 40.6865879], [-8.4690819, 40.6863612], [-8.4691208, 40.6860511], [-8.4691829, 40.6857512], [-8.4692882, 40.6853594], [-8.4692957, 40.6853315], [-8.4693168, 40.6852631], [-8.4693745, 40.685076], [-8.46965, 40.6841345], [-8.4700051, 40.6830195], [-8.4705457, 40.6814369], [-8.4706236, 40.6812686], [-8.4706682, 40.6811985], [-8.4707007, 40.6811592], [-8.4707854, 40.6810564], [-8.4708522, 40.6809853]]}, "properties": {"highway": "trunk", "lanes": "1", "lit": "yes", "oneway": "yes", "ref": "IC 2;EN 1", "source": "gps", "surface": "asphalt"}}, {"type": "Feature", "geometry": {"type": "LineString", "coordinates": [[-8.5358508, 41.0711032], [-8.5351225, 41.0702238], [-8.5332774, 41.0680451], [-8.5322756, 41.0669642], [-8.5294096, 41.0636551], [-8.5275292, 41.0614838]]}, "properties": {"highway": "motorway", "lanes": "3", "maxspeed": "120", "name": "Autoestrada de Entre Douro-e-Vouga", "oneway": "yes", "ref": "A 32;IC 2", "source": "BING", "surface": "asphalt", "toll": "yes"}}, {"type": "Feature", "geometry": {"type": "LineString", "coordinates": [[-8.4653886, 41.0016319], [-8.4643632, 41.0010603], [-8.4634978, 41.0004872], [-8.4628061, 40.9999307], [-8.4621894, 40.999307], [-8.461905, 40.9989755], [-8.4615915, 40.9986101], [-8.461173, 40.9980339], [-8.4607998, 40.9973414], [-8.4605695, 40.9968171], [-8.4603373, 40.9961602], [-8.4601479, 40.9952481]]}, "properties": {"bridge": "yes", "highway": "motorway", "lanes": "3", "layer": "1", "maxspeed": "120", "name": "Autoestrada de Entre Douro-e-Vouga", "oneway": "yes", "ref": "A 32;IC 2", "smoothness": "excellent", "source": "BING", "surface": "asphalt", "toll": "yes"}}, {"type": "Feature", "geometry": {"type": "LineString", "coordinates": [[-8.4599147, 40.9952146], [-8.4600582, 40.9959803], [-8.4602439, 40.9966278], [-8.4605743, 40.9973757], [-8.4609349, 40.9980448], [-8.4613803, 40.9986948], [-8.4616896, 40.9990635], [-8.4619812, 40.9994112], [-8.4625002, 40.9999282], [-8.4629736, 41.0003458], [-8.4636239, 41.0008283], [-8.464505, 41.0013862], [-8.4653042, 41.0018059]]}, "properties": {"bridge": "yes", "highway": "motorway", "lanes": "3", "layer": "1", "maxspeed": "120", "minspeed": "50", "name": "Autoestrada de Entre Douro-e-Vouga", "oneway": "yes", "ref": "A 32;IC 2", "smoothness": "excellent", "source": "BING", "surface": "asphalt", "toll": "yes"}}, {"type": "Feature", "geometry": {"type": "LineString", "coordinates": [[-8.5375383, 41.0747115], [-8.5377941, 41.0753903], [-8.537975, 41.075754], [-8.5382065, 41.0761305], [-8.5384971, 41.0764895], [-8.5388921, 41.0768896], [-8.5393988, 41.0773229], [-8.5397473, 41.0775687], [-8.540149, 41.0778206], [-8.5407004, 41.0781257], [-8.5412601, 41.0783895], [-8.5417533, 41.0785737], [-8.5418294, 41.0786021]]}, "properties": {"highway": "motorway", "lanes": "3", "maxspeed": "120", "name": "Autoestrada de Entre Douro-e-Vouga", "oneway": "yes", "ref": "A 32;IC 2", "source": "BING", "surface": "asphalt", "toll": "yes"}}, {"type": "Feature", "geometry": {"type": "LineString", "coordinates": [[-8.5263462, 41.0603948], [-8.5271885, 41.0613858], [-8.5292169, 41.063713], [-8.5311853, 41.0659712], [-8.5321303, 41.0670912], [-8.5322174, 41.0671896], [-8.5330803, 41.0681297], [-8.5353262, 41.0707693], [-8.5357268, 41.071243], [-8.5357495, 41.0712698]]}, "properties": {"highway": "motorway", "lanes": "3", "maxspeed": "120", "name": "Autoestrada de Entre Douro-e-Vouga", "oneway": "yes", "ref": "A 32;IC 2", "source": "BING", "surface": "asphalt", "toll": "yes"}}, {"type": "Feature", "geometry": {"type": "LineString", "coordinates": [[-8.523642, 41.057038], [-8.5232516, 41.0565703]]}, "properties": {"bridge": "yes", "highway": "motorway", "lanes": "3", "layer": "1", "maxspeed": "120", "name": "Autoestrada de Entre Douro-e-Vouga", "oneway": "yes", "ref": "A 32;IC 2", "source": "BING", "surface": "asphalt", "toll": "yes"}}, {"type": "Feature", "geometry": {"type": "LineString", "coordinates": [[-8.4948482, 41.0405666], [-8.4947336, 41.0403074]]}, "properties": {"bridge": "yes", "highway": "motorway", "lanes": "2", "layer": "1", "maxspeed": "120", "name": "Autoestrada de Entre Douro-e-Vouga", "oneway": "yes", "ref": "A 32;IC 2", "smoothness": "excellent", "source": "BING", "surface": "asphalt", "toll": "yes"}}, {"type": "Feature", "geometry": {"type": "LineString", "coordinates": [[-8.4946086, 41.0403984], [-8.4947314, 41.0406481]]}, "properties": {"bridge": "yes", "highway": "motorway", "lanes": "2", "layer": "1", "maxspeed": "120", "name": "Autoestrada de Entre Douro-e-Vouga", "oneway": "yes", "ref": "A 32;IC 2", "smoothness": "excellent", "source": "BING", "surface": "asphalt", "toll": "yes"}}, {"type": "Feature", "geometry": {"type": "LineString", "coordinates": [[-8.4947336, 41.0403074], [-8.4940997, 41.0388898]]}, "properties": {"highway": "motorway", "lanes": "2", "maxspeed": "120", "name": "Autoestrada de Entre Douro-e-Vouga", "oneway": "yes", "ref": "A 32;IC 2", "smoothness": "excellent", "source": "BING", "surface": "asphalt", "toll": "yes"}}, {"type": "Feature", "geometry": {"type": "LineString", "coordinates": [[-8.4936948, 41.0384046], [-8.4939806, 41.039016]]}, "properties": {"bridge": "yes", "highway": "motorway", "lanes": "3", "layer": "1", "maxspeed": "120", "name": "Autoestrada de Entre Douro-e-Vouga", "oneway": "yes", "ref": "A 32;IC 2", "smoothness": "excellent", "source": "BING", "surface": "asphalt", "toll": "yes"}}, {"type": "Feature", "geometry": {"type": "LineString", "coordinates": [[-8.5230685, 41.0566531], [-8.5234648, 41.0571128]]}, "properties": {"bridge": "yes", "highway": "motorway", "lanes": "3", "layer": "1", "maxspeed": "120", "name": "Autoestrada de Entre Douro-e-Vouga", "oneway": "yes", "ref": "A 32;IC 2", "source": "BING", "surface": "asphalt", "toll": "yes"}}, {"type": "Feature", "geometry": {"type": "LineString", "coordinates": [[-8.5260493, 41.0600557], [-8.5263462, 41.0603948]]}, "properties": {"bridge": "yes", "highway": "motorway", "lanes": "3", "layer": "1", "maxspeed": "120", "name": "Autoestrada de Entre Douro-e-Vouga", "oneway": "yes", "ref": "A 32;IC 2", "source": "BING", "surface": "asphalt", "toll": "yes"}}, {"type": "Feature", "geometry": {"type": "LineString", "coordinates": [[-8.4940997, 41.0388898], [-8.493813, 41.0382593]]}, "properties": {"bridge": "yes", "highway": "motorway", "lanes": "2", "layer": "1", "maxspeed": "120", "name": "Autoestrada de Entre Douro-e-Vouga", "oneway": "yes", "ref": "A 32;IC 2", "smoothness": "excellent", "source": "BING", "surface": "asphalt", "toll": "yes"}}, {"type": "Feature", "geometry": {"type": "LineString", "coordinates": [[-8.5264756, 41.0603067], [-8.5261925, 41.0599617]]}, "properties": {"bridge": "yes", "highway": "motorway", "lanes": "2", "layer": "1", "maxspeed": "120", "name": "Autoestrada de Entre Douro-e-Vouga", "oneway": "yes", "ref": "A 32;IC 2", "source": "BING", "surface": "asphalt", "toll": "yes"}}, {"type": "Feature", "geometry": {"type": "LineString", "coordinates": [[-8.465098, 40.9761214], [-8.4652728, 40.9765165], [-8.4654728, 40.9769712], [-8.4658792, 40.9777517], [-8.4666404, 40.9791269], [-8.4669459, 40.9799405], [-8.4670901, 40.9804209], [-8.4671918, 40.9809584], [-8.4672233, 40.9812609], [-8.4672429, 40.9815292], [-8.4672623, 40.98183], [-8.4672685, 40.9821432], [-8.4672493, 40.9824628], [-8.4672018, 40.9828258], [-8.4671871, 40.9829093], [-8.4671431, 40.9831593], [-8.4670732, 40.9834525], [-8.4668779, 40.9840684], [-8.4667761, 40.9843348], [-8.4664004, 40.9850928], [-8.4662183, 40.9853822], [-8.4658206, 40.9859669], [-8.4657007, 40.9861156], [-8.4652827, 40.9865896], [-8.4649891, 40.9868692], [-8.4648585, 40.98699], [-8.4645129, 40.9872793]]}, "properties": {"highway": "motorway", "lanes": "3", "maxspeed": "120", "name": "Autoestrada de Entre Douro-e-Vouga", "oneway": "yes", "ref": "A 32;IC 2", "smoothness": "excellent", "source": "BING", "surface": "asphalt", "toll": "yes"}}, {"type": "Feature", "geometry": {"type": "LineString", "coordinates": [[-8.5151265, 41.053469], [-8.5144241, 41.053309], [-8.5137695, 41.0531141], [-8.5131514, 41.0528876], [-8.51253, 41.0526221], [-8.5121131, 41.0523953], [-8.5117334, 41.052165], [-8.5111992, 41.0517865], [-8.5106494, 41.0513131], [-8.5094657, 41.0502378], [-8.5084969, 41.0494337], [-8.5081403, 41.0491756], [-8.5076825, 41.0488699], [-8.5071739, 41.0485877]]}, "properties": {"highway": "motorway", "lanes": "2", "maxheight": "default", "maxspeed": "100", "name": "Autoestrada de Entre Douro-e-Vouga", "oneway": "yes", "ref": "A 32;IC 2", "source": "BING", "surface": "asphalt", "toll": "yes"}}, {"type": "Feature", "geometry": {"type": "LineString", "coordinates": [[-8.4954678, 41.0423948], [-8.4959323, 41.0433104], [-8.496101, 41.0436216], [-8.4962632, 41.04388], [-8.496484, 41.0441943], [-8.496763, 41.0444836], [-8.4971579, 41.0448606], [-8.4976771, 41.0452822], [-8.4981148, 41.0456003], [-8.4986115, 41.0459183], [-8.4991313, 41.0462223], [-8.4996405, 41.0464783], [-8.5003222, 41.0467832], [-8.5010016, 41.0470574], [-8.5015379, 41.0472518], [-8.5020822, 41.0474164], [-8.5032335, 41.0477081]]}, "properties": {"highway": "motorway", "lanes": "3", "maxheight": "default", "maxspeed": "120", "name": "Autoestrada de Entre Douro-e-Vouga", "oneway": "yes", "ref": "A 32;IC 2", "smoothness": "excellent", "source": "BING", "surface": "asphalt", "toll": "yes"}}, {"type": "Feature", "geometry": {"type": "LineString", "coordinates": [[-8.4939806, 41.039016], [-8.4943097, 41.0397754]]}, "properties": {"highway": "motorway", "lanes": "3", "maxspeed": "120", "name": "Autoestrada de Entre Douro-e-Vouga", "oneway": "yes", "ref": "A 32;IC 2", "smoothness": "excellent", "source": "BING", "surface": "asphalt", "toll": "yes"}}, {"type": "Feature", "geometry": {"type": "LineString", "coordinates": [[-8.465512, 40.9714845], [-8.4656624, 40.9711816], [-8.465839, 40.970851], [-8.4659755, 40.970625], [-8.466089, 40.9704568], [-8.4664643, 40.9699558], [-8.4667269, 40.9696277], [-8.4669734, 40.9693567], [-8.4672945, 40.9690301], [-8.4678984, 40.968495], [-8.4687447, 40.9677101], [-8.4691881, 40.9672712], [-8.4695785, 40.9668163], [-8.4699264, 40.966323], [-8.4699557, 40.9662749], [-8.4702595, 40.9657768], [-8.4704444, 40.9654322], [-8.4706167, 40.9650939], [-8.4711228, 40.9638561], [-8.4715301, 40.9628565], [-8.4720053, 40.9620107], [-8.4728708, 40.9607547], [-8.4734648, 40.9598769], [-8.4737542, 40.9593482], [-8.4739994, 40.9588195], [-8.4743134, 40.9580762], [-8.4745001, 40.9576388], [-8.474761, 40.9569499], [-8.4751641, 40.9557867], [-8.4754483, 40.9549696], [-8.4760254, 40.953438], [-8.4764921, 40.9519787], [-8.4765739, 40.9512306], [-8.4766139, 40.9503159], [-8.4765583, 40.9497867], [-8.4764943, 40.9493254], [-8.4764551, 40.9491583], [-8.4763844, 40.9488574], [-8.4761136, 40.9480054]]}, "properties": {"highway": "motorway", "lanes": "3", "maxspeed": "120", "name": "Autoestrada de Entre Douro-e-Vouga", "oneway": "yes", "ref": "A 32;IC 2", "source": "BING", "surface": "asphalt", "toll": "yes"}}, {"type": "Feature", "geometry": {"type": "LineString", "coordinates": [[-8.4654872, 40.9866355], [-8.4657346, 40.9863653], [-8.4660655, 40.9859682], [-8.466494, 40.9853372], [-8.4667401, 40.9849273], [-8.4669819, 40.984434], [-8.4671347, 40.9839856], [-8.4673383, 40.9833547], [-8.4674101, 40.982921], [-8.4674401, 40.9827397], [-8.4674698, 40.9822753], [-8.4674698, 40.981875], [-8.4674571, 40.9814842], [-8.4673723, 40.9808148], [-8.4672577, 40.9802511], [-8.4671177, 40.9797706], [-8.4668674, 40.9791172], [-8.4665746, 40.9785374], [-8.4661631, 40.977836], [-8.4657515, 40.9770992], [-8.4654761, 40.9764764], [-8.4652933, 40.9760644]]}, "properties": {"destination": "Oliveira de Azem\u00e9is;Feira", "destination:ref": "A 32", "highway": "motorway", "lanes": "3", "maxspeed": "120", "minspeed": "50", "name": "Autoestrada de Entre Douro-e-Vouga", "oneway": "yes", "ref": "A 32;IC 2", "smoothness": "excellent", "source": "BING", "surface": "asphalt", "toll": "yes"}}, {"type": "Feature", "geometry": {"type": "LineString", "coordinates": [[-8.5465869, 41.0796795], [-8.5471004, 41.079854], [-8.5477452, 41.0801147], [-8.5481122, 41.0802842], [-8.5485132, 41.0805016], [-8.5489498, 41.0807914], [-8.5494317, 41.0811476], [-8.5497648, 41.0814211], [-8.5502315, 41.0818912], [-8.5505347, 41.0822196], [-8.5507746, 41.082542], [-8.5511013, 41.0831256], [-8.5512391, 41.0834215], [-8.5513039, 41.0835491], [-8.5520028, 41.0849245], [-8.5521695, 41.085186], [-8.5523635, 41.0854681], [-8.5526096, 41.0857623], [-8.5529087, 41.0860965], [-8.5533023, 41.0864583], [-8.5536911, 41.0867753], [-8.5540731, 41.0870338], [-8.5546976, 41.0874035], [-8.555175, 41.0876332], [-8.5557098, 41.087856], [-8.5562812, 41.0880391], [-8.5567993, 41.0881671], [-8.5574929, 41.0883046], [-8.5583882, 41.0884037], [-8.5589291, 41.0884373], [-8.5594043, 41.0884309], [-8.5599427, 41.0883965], [-8.5600153, 41.0883893], [-8.5604183, 41.0883494], [-8.5610373, 41.0882644], [-8.5616819, 41.0881322], [-8.5632652, 41.0877274], [-8.5649644, 41.0872973], [-8.5662818, 41.0869647], [-8.5687256, 41.0863459], [-8.5695954, 41.0861221], [-8.5699343, 41.0860329], [-8.5704397, 41.0858998], [-8.5712536, 41.0857107], [-8.5715407, 41.085644], [-8.5722628, 41.0855153], [-8.5730001, 41.085411]]}, "properties": {"highway": "motorway", "lanes": "3", "maxheight": "default", "maxspeed": "120", "name": "Autoestrada de Entre Douro-e-Vouga", "oneway": "yes", "ref": "A 32;IC 2", "source": "BING", "surface": "asphalt", "toll": "yes"}}, {"type": "Feature", "geometry": {"type": "LineString", "coordinates": [[-8.4653042, 41.0018059], [-8.4660156, 41.0020804], [-8.4664951, 41.0022427], [-8.4665826, 41.0022723], [-8.4671658, 41.0024509], [-8.4686184, 41.0028257], [-8.4703367, 41.0032334], [-8.4713753, 41.0035361], [-8.4718008, 41.0036932], [-8.4724566, 41.0039353], [-8.4731352, 41.0042411], [-8.4739294, 41.0046823], [-8.4746075, 41.005129], [-8.475338, 41.0056877], [-8.4757962, 41.0061295], [-8.4762545, 41.0067699], [-8.4767806, 41.0076535], [-8.477175, 41.0083843], [-8.4775194, 41.0093178], [-8.47761, 41.0097844], [-8.4776923, 41.0103336], [-8.4776941, 41.0105876], [-8.4776983, 41.0111633]]}, "properties": {"highway": "motorway", "lanes": "3", "maxheight:signed": "no", "maxspeed": "120", "minspeed": "50", "name": "Autoestrada de Entre Douro-e-Vouga", "oneway": "yes", "ref": "A 32;IC 2", "smoothness": "excellent", "source": "BING", "surface": "asphalt", "toll": "yes"}}, {"type": "Feature", "geometry": {"type": "LineString", "coordinates": [[-8.5261925, 41.0599617], [-8.5250117, 41.0585952]]}, "properties": {"highway": "motorway", "lanes": "2", "maxspeed": "120", "name": "Autoestrada de Entre Douro-e-Vouga", "oneway": "yes", "ref": "A 32;IC 2", "source": "BING", "surface": "asphalt", "toll": "yes"}}, {"type": "Feature", "geometry": {"type": "LineString", "coordinates": [[-8.5150345, 41.0537502], [-8.5186649, 41.0541978]]}, "properties": {"highway": "motorway", "lanes": "2", "layer": "-1", "name": "Autoestrada de Entre Douro-e-Vouga", "oneway": "yes", "ref": "A 32;IC 2", "source": "BING", "surface": "asphalt", "toll": "yes", "tunnel": "yes"}}, {"type": "Feature", "geometry": {"type": "LineString", "coordinates": [[-8.4926677, 41.0360874], [-8.4928598, 41.0364929], [-8.4932281, 41.0372889], [-8.4936948, 41.0384046]]}, "properties": {"highway": "motorway", "lanes": "2", "maxheight": "default", "maxspeed": "120", "name": "Autoestrada de Entre Douro-e-Vouga", "oneway": "yes", "ref": "A 32;IC 2", "smoothness": "excellent", "source": "BING", "surface": "asphalt", "toll": "yes"}}, {"type": "Feature", "geometry": {"type": "LineString", "coordinates": [[-8.4777439, 41.0129889], [-8.4777777, 41.0126177], [-8.4778603, 41.0118814], [-8.477925, 41.0110522], [-8.4779126, 41.0105849], [-8.4779102, 41.0104923], [-8.4778838, 41.0100289], [-8.4777928, 41.009418], [-8.4775845, 41.0087247], [-8.4773337, 41.0081661], [-8.4768547, 41.0072327], [-8.4765196, 41.0066628], [-8.4762183, 41.0062274], [-8.4757856, 41.0057631], [-8.4753146, 41.0053533]]}, "properties": {"highway": "motorway", "lanes": "3", "maxspeed": "120", "minspeed": "50", "name": "Autoestrada de Entre Douro-e-Vouga", "oneway": "yes", "ref": "A 32;IC 2", "smoothness": "excellent", "source": "BING", "surface": "asphalt", "toll": "yes"}}, {"type": "Feature", "geometry": {"type": "LineString", "coordinates": [[-8.5377295, 41.0746703], [-8.5373213, 41.0734732], [-8.537117, 41.0729277], [-8.5368776, 41.0724571], [-8.5365565, 41.0719405], [-8.5358741, 41.0711309], [-8.5358508, 41.0711032]]}, "properties": {"bridge": "yes", "highway": "motorway", "lanes": "3", "layer": "2", "maxspeed": "120", "name": "Autoestrada de Entre Douro-e-Vouga", "oneway": "yes", "ref": "A 32;IC 2", "source": "BING", "surface": "asphalt", "toll": "yes"}}, {"type": "Feature", "geometry": {"type": "LineString", "coordinates": [[-8.4934088, 41.0373333], [-8.4931211, 41.0366632], [-8.4929717, 41.0363195]]}, "properties": {"highway": "motorway", "lanes": "3", "maxspeed": "120", "name": "Autoestrada de Entre Douro-e-Vouga", "oneway": "yes", "ref": "A 32;IC 2", "smoothness": "excellent", "source": "BING", "surface": "asphalt", "toll": "yes"}}, {"type": "Feature", "geometry": {"type": "LineString", "coordinates": [[-8.5187825, 41.0539085], [-8.5151265, 41.053469]]}, "properties": {"highway": "motorway", "lanes": "2", "layer": "-1", "maxspeed": "100", "name": "Autoestrada de Entre Douro-e-Vouga", "oneway": "yes", "ref": "A 32;IC 2", "source": "BING", "surface": "asphalt", "toll": "yes", "tunnel": "yes"}}, {"type": "Feature", "geometry": {"type": "LineString", "coordinates": [[-8.5466757, 41.0795213], [-8.5463804, 41.0794357], [-8.5460485, 41.0793541], [-8.5425973, 41.0786442], [-8.5422286, 41.0785499], [-8.5418912, 41.0784439]]}, "properties": {"bridge": "yes", "highway": "motorway", "lanes": "3", "layer": "1", "maxspeed": "120", "name": "Autoestrada de Entre Douro-e-Vouga", "oneway": "yes", "ref": "A 32;IC 2", "source": "BING", "surface": "asphalt", "toll": "yes"}}, {"type": "Feature", "geometry": {"type": "LineString", "coordinates": [[-8.5243798, 41.0581583], [-8.5246224, 41.0583733], [-8.5250989, 41.0589407], [-8.5259826, 41.0599776]]}, "properties": {"highway": "motorway", "lanes": "2", "maxspeed": "120", "name": "Autoestrada de Entre Douro-e-Vouga", "oneway": "yes", "ref": "A 32;IC 2", "source": "BING", "surface": "asphalt", "toll": "yes"}}, {"type": "Feature", "geometry": {"type": "LineString", "coordinates": [[-8.4653158, 40.9714271], [-8.4651095, 40.9719199], [-8.4650047, 40.9722083], [-8.4649325, 40.9724659], [-8.4648188, 40.9729227], [-8.4647531, 40.9733337], [-8.4647081, 40.9737969], [-8.4647148, 40.974262], [-8.4647431, 40.9746324], [-8.4647967, 40.975012], [-8.4649201, 40.9755543], [-8.4650051, 40.9758542], [-8.465098, 40.9761214]]}, "properties": {"bridge": "yes", "highway": "motorway", "lanes": "3", "layer": "1", "maxspeed": "120", "name": "Autoestrada de Entre Douro-e-Vouga", "oneway": "yes", "ref": "A 32;IC 2", "source": "BING", "surface": "asphalt", "toll": "yes"}}, {"type": "Feature", "geometry": {"type": "LineString", "coordinates": [[-8.4890764, 41.0310407], [-8.4898703, 41.0316219], [-8.4905145, 41.0322442], [-8.4909349, 41.0327443], [-8.4910083, 41.0328316], [-8.4914057, 41.0334568], [-8.4918011, 41.0342506]]}, "properties": {"bridge": "yes", "highway": "motorway", "lanes": "3", "layer": "1", "lit": "no", "maxspeed": "120", "name": "Autoestrada de Entre Douro-e-Vouga", "oneway": "yes", "ref": "A 32;IC 2", "smoothness": "excellent", "source": "BING", "surface": "asphalt", "toll": "yes"}}, {"type": "Feature", "geometry": {"type": "LineString", "coordinates": [[-8.5418294, 41.0786021], [-8.5421807, 41.0787078], [-8.5425493, 41.0788033], [-8.5459573, 41.0794905], [-8.5463081, 41.0795856], [-8.5465869, 41.0796795]]}, "properties": {"bridge": "yes", "highway": "motorway", "lanes": "3", "layer": "1", "maxspeed": "120", "name": "Autoestrada de Entre Douro-e-Vouga", "oneway": "yes", "ref": "A 32;IC 2", "source": "BING", "surface": "asphalt", "toll": "yes"}}, {"type": "Feature", "geometry": {"type": "LineString", "coordinates": [[-8.5186649, 41.0541978], [-8.5196663, 41.0544552], [-8.5205158, 41.0547873], [-8.5213941, 41.0552339], [-8.5220322, 41.055661], [-8.5226047, 41.0561634], [-8.5226366, 41.0561971], [-8.5230685, 41.0566531]]}, "properties": {"highway": "motorway", "lanes": "2", "maxheight": "default", "maxspeed": "120", "name": "Autoestrada de Entre Douro-e-Vouga", "oneway": "yes", "ref": "A 32;IC 2", "source": "BING", "surface": "asphalt", "toll": "yes"}}, {"type": "Feature", "geometry": {"type": "LineString", "coordinates": [[-8.5357495, 41.0712698], [-8.5363643, 41.0720153], [-8.5366799, 41.072503], [-8.5369225, 41.072973], [-8.537141, 41.0735082], [-8.5372355, 41.0738047], [-8.5375383, 41.0747115]]}, "properties": {"bridge": "yes", "highway": "motorway", "lanes": "3", "layer": "2", "maxspeed": "120", "name": "Autoestrada de Entre Douro-e-Vouga", "oneway": "yes", "ref": "A 32;IC 2", "source": "BING", "surface": "asphalt", "toll": "yes"}}, {"type": "Feature", "geometry": {"type": "LineString", "coordinates": [[-8.5418912, 41.0784439], [-8.5418382, 41.0784234], [-8.5412866, 41.07821], [-8.5408512, 41.0780083], [-8.5403052, 41.0777096], [-8.5399165, 41.077461], [-8.5395763, 41.0772124], [-8.5390921, 41.0768111], [-8.5386842, 41.0763846], [-8.5384081, 41.0760334], [-8.5382148, 41.0757393], [-8.5380283, 41.075388], [-8.5377295, 41.0746703]]}, "properties": {"highway": "motorway", "lanes": "3", "maxspeed": "120", "name": "Autoestrada de Entre Douro-e-Vouga", "oneway": "yes", "ref": "A 32;IC 2", "source": "BING", "surface": "asphalt", "toll": "yes"}}, {"type": "Feature", "geometry": {"type": "LineString", "coordinates": [[-8.4652933, 40.9760644], [-8.4652078, 40.9758338], [-8.4651239, 40.9755612], [-8.4650158, 40.9750429], [-8.4649535, 40.9746315], [-8.4649197, 40.974245], [-8.4649212, 40.9737942], [-8.4649499, 40.9733953], [-8.465017, 40.9729519], [-8.4651333, 40.9724925], [-8.4652006, 40.9722431], [-8.4653003, 40.9719591], [-8.465512, 40.9714845]]}, "properties": {"bridge": "yes", "highway": "motorway", "lanes": "3", "layer": "1", "maxspeed": "120", "name": "Autoestrada de Entre Douro-e-Vouga", "oneway": "yes", "ref": "A 32;IC 2", "source": "BING", "surface": "asphalt", "toll": "yes"}}, {"type": "Feature", "geometry": {"type": "LineString", "coordinates": [[-8.4920098, 41.034195], [-8.4916143, 41.0333901], [-8.4912066, 41.0327487], [-8.4911647, 41.0326989], [-8.4906996, 41.0321458], [-8.4900398, 41.0315084], [-8.4892338, 41.0309039]]}, "properties": {"bridge": "yes", "highway": "motorway", "lanes": "3", "layer": "1", "lit": "no", "maxspeed": "120", "minspeed": "50", "name": "Autoestrada de Entre Douro-e-Vouga", "oneway": "yes", "ref": "A 32;IC 2", "smoothness": "excellent", "source": "BING", "surface": "asphalt", "toll": "yes"}}, {"type": "Feature", "geometry": {"type": "LineString", "coordinates": [[-8.5232516, 41.0565703], [-8.5228175, 41.0561152], [-8.5227656, 41.0560608], [-8.522186, 41.0555135], [-8.5216067, 41.055078], [-8.5206903, 41.054566], [-8.5198266, 41.0542051], [-8.5187825, 41.0539085]]}, "properties": {"highway": "motorway", "lanes": "2", "maxheight": "default", "maxspeed": "120", "name": "Autoestrada de Entre Douro-e-Vouga", "oneway": "yes", "ref": "A 32;IC 2", "source": "BING", "surface": "asphalt", "toll": "yes"}}, {"type": "Feature", "geometry": {"type": "LineString", "coordinates": [[-8.9993524, 39.0651563], [-8.9990561, 39.0648952]]}, "properties": {"bridge": "viaduct", "highway": "trunk", "lanes": "2", "layer": "1", "name": "Variante de Alenquer", "oneway": "no", "ref": "IC 2", "surface": "asphalt"}}, {"type": "Feature", "geometry": {"type": "LineString", "coordinates": [[-8.9990561, 39.0648952], [-8.9973366, 39.0633997], [-8.996447, 39.0625971], [-8.9962217, 39.0623369], [-8.9960233, 39.0620643], [-8.9958863, 39.0618275], [-8.9957776, 39.0615577], [-8.9957013, 39.0612868], [-8.995659, 39.0610183], [-8.9956294, 39.0607809], [-8.9956151, 39.0604764], [-8.9955912, 39.0597749], [-8.9955319, 39.0580512], [-8.9954763, 39.0570428], [-8.9954472, 39.0567157], [-8.995392, 39.0563422], [-8.9953155, 39.0559889], [-8.9951822, 39.0555515], [-8.9950059, 39.0550427]]}, "properties": {"highway": "trunk", "lanes": "2", "name": "Variante de Alenquer", "oneway": "no", "ref": "IC 2", "surface": "asphalt"}}, {"type": "Feature", "geometry": {"type": "LineString", "coordinates": [[-8.9835865, 39.0368965], [-8.983923, 39.0372684], [-8.984271, 39.0376232], [-8.9849609, 39.0383692], [-8.9856648, 39.0391039], [-8.9857688, 39.0392191], [-8.9860327, 39.0395113], [-8.9864838, 39.0399924], [-8.9866048, 39.040171], [-8.9866218, 39.0402589], [-8.9866211, 39.0403554]]}, "properties": {"highway": "primary", "lanes": "2", "maxspeed": "50", "oneway": "yes", "ref": "IC 2;EN 1", "surface": "asphalt"}}, {"type": "Feature", "geometry": {"type": "LineString", "coordinates": [[-8.9869992, 39.0409591], [-8.9870015, 39.0407801], [-8.9870169, 39.0407243], [-8.9870502, 39.0406379]]}, "properties": {"highway": "primary", "lanes": "1", "maxspeed": "50", "oneway": "yes", "ref": "IC 2;EN 1", "surface": "asphalt"}}, {"type": "Feature", "geometry": {"type": "LineString", "coordinates": [[-8.9867489, 39.0406756], [-8.9868808, 39.0407967], [-8.9869992, 39.0409591]]}, "properties": {"highway": "primary", "lanes": "1", "maxspeed": "50", "oneway": "yes", "ref": "IC 2;EN 1", "surface": "asphalt"}}, {"type": "Feature", "geometry": {"type": "LineString", "coordinates": [[-8.9869012, 39.0402545], [-8.9867646, 39.0401698], [-8.9864777, 39.0398556], [-8.9862719, 39.0396302], [-8.9858866, 39.0392059], [-8.9854297, 39.0387231], [-8.9848714, 39.0381394], [-8.9845406, 39.0378085], [-8.9843858, 39.0376535], [-8.9843198, 39.0375875]]}, "properties": {"highway": "primary", "lanes": "2", "maxspeed": "50", "oneway": "yes", "ref": "IC 2;EN 1", "surface": "asphalt"}}, {"type": "Feature", "geometry": {"type": "LineString", "coordinates": [[-8.9870502, 39.0406379], [-8.9871057, 39.0405857], [-8.9871382, 39.0405229], [-8.9871451, 39.0404602], [-8.9871289, 39.0403987], [-8.9870911, 39.0403431], [-8.987052, 39.0403093], [-8.9870047, 39.0402825], [-8.9869514, 39.0402637], [-8.9869012, 39.0402545]]}, "properties": {"highway": "primary", "junction": "roundabout", "lanes": "2", "maxspeed": "50", "ref": "IC 2;EN 1", "surface": "asphalt"}}, {"type": "Feature", "geometry": {"type": "LineString", "coordinates": [[-8.4761136, 40.9480054], [-8.475972, 40.947663]]}, "properties": {"bridge": "yes", "highway": "motorway", "lanes": "2", "layer": "1", "maxspeed": "120", "name": "Autoestrada de Entre Douro-e-Vouga", "oneway": "yes", "ref": "A 32;IC 2", "source": "BING", "surface": "asphalt", "toll": "yes"}}, {"type": "Feature", "geometry": {"type": "LineString", "coordinates": [[-8.4735589, 40.9432778], [-8.4729701, 40.942248], [-8.4723529, 40.9411581], [-8.4721529, 40.9408098], [-8.4706697, 40.9382271], [-8.4695577, 40.9363237], [-8.4692837, 40.9358792], [-8.4688782, 40.9353309], [-8.4683033, 40.9346884], [-8.4673154, 40.9336977], [-8.4668111, 40.9331951], [-8.466526, 40.9329024], [-8.4663927, 40.9327655], [-8.4660671, 40.9324077], [-8.4657168, 40.9319712], [-8.4654131, 40.9315115]]}, "properties": {"bicycle": "no", "foot": "no", "highway": "motorway", "lanes": "2", "maxspeed": "120", "name": "Autoestrada de Entre Douro-e-Vouga", "oneway": "yes", "ref": "A 32;IC 2", "source": "BING", "surface": "asphalt", "toll": "yes"}}, {"type": "Feature", "geometry": {"type": "LineString", "coordinates": [[-8.4757853, 40.9477072], [-8.4759253, 40.9480394]]}, "properties": {"bridge": "yes", "highway": "motorway", "lanes": "2", "layer": "1", "maxspeed": "120", "name": "Autoestrada de Entre Douro-e-Vouga", "oneway": "yes", "ref": "A 32;IC 2", "source": "BING", "surface": "asphalt", "toll": "yes"}}, {"type": "Feature", "geometry": {"type": "LineString", "coordinates": [[-8.4759253, 40.9480394], [-8.4761857, 40.9489409], [-8.4762309, 40.9491758], [-8.4763139, 40.9496074], [-8.4763681, 40.9501073], [-8.4763763, 40.9506161], [-8.4763478, 40.9512737], [-8.4762714, 40.9518954], [-8.4760848, 40.9525042], [-8.4758641, 40.9531899], [-8.4751429, 40.9550868], [-8.474744, 40.9562211], [-8.4743707, 40.9572272], [-8.4740228, 40.9581837], [-8.4739125, 40.9584712], [-8.4737937, 40.9587684], [-8.4736847, 40.9590101], [-8.4734627, 40.959438], [-8.4732292, 40.9598546], [-8.4729621, 40.9602711], [-8.4723511, 40.9611105], [-8.4716808, 40.9621229], [-8.4712395, 40.9629623], [-8.4708322, 40.9639876], [-8.4703995, 40.9650512], [-8.4702177, 40.9654591], [-8.4700664, 40.9657288], [-8.469888, 40.9660256], [-8.4697525, 40.9662247], [-8.4694915, 40.9666082], [-8.4689, 40.9672626], [-8.4684987, 40.967659], [-8.4673956, 40.9686874], [-8.4667215, 40.969341], [-8.4665534, 40.9695299], [-8.4664087, 40.9697109], [-8.4659315, 40.9703281], [-8.4657881, 40.9705601], [-8.4656526, 40.9707862], [-8.4655288, 40.9710035], [-8.46545, 40.9711554], [-8.4653158, 40.9714271]]}, "properties": {"highway": "motorway", "lanes": "3", "maxspeed": "120", "name": "Autoestrada de Entre Douro-e-Vouga", "oneway": "yes", "ref": "A 32;IC 2", "source": "BING", "surface": "asphalt", "toll": "yes"}}, {"type": "Feature", "geometry": {"type": "LineString", "coordinates": [[-8.4880937, 40.9164017], [-8.4881958, 40.9164312], [-8.4885727, 40.91654]]}, "properties": {"highway": "trunk", "lanes": "1", "maxheight:signed": "no", "oneway": "yes", "ref": "IC 2", "surface": "asphalt", "toll": "no"}}, {"type": "Feature", "geometry": {"type": "LineString", "coordinates": [[-8.4885727, 40.91654], [-8.4890341, 40.9166508], [-8.4895413, 40.9168462], [-8.4901421, 40.9170799], [-8.4916879, 40.917722], [-8.4921923, 40.9179553], [-8.4930788, 40.9184393], [-8.4943304, 40.9191792], [-8.494688, 40.9193674], [-8.4951144, 40.9195556], [-8.4955561, 40.9197277], [-8.496217, 40.9199295], [-8.4969035, 40.9200995], [-8.4973397, 40.9201924], [-8.4976944, 40.9202649], [-8.4985987, 40.9204555], [-8.4990324, 40.9205832], [-8.4993456, 40.9206916], [-8.4996334, 40.9208112], [-8.5001152, 40.9210702], [-8.5005127, 40.9213231], [-8.5008831, 40.9216122], [-8.501124, 40.9218381], [-8.501502, 40.9223039]]}, "properties": {"highway": "trunk", "lanes": "1", "maxheight:signed": "no", "oneway": "yes", "ref": "IC 2", "surface": "asphalt", "toll": "no"}}, {"type": "Feature", "geometry": {"type": "LineString", "coordinates": [[-8.4461205, 40.2891902], [-8.4461249, 40.2889228], [-8.4461289, 40.288756]]}, "properties": {"highway": "trunk", "lanes": "1", "maxspeed": "90", "oneway": "yes", "ref": "IC 2;EN 1", "surface": "asphalt", "turn:lanes": "left|through;right"}}, {"type": "Feature", "geometry": {"type": "LineString", "coordinates": [[-8.4460746, 40.296795], [-8.4460763, 40.2965784], [-8.446087, 40.296287], [-8.4461227, 40.2948686], [-8.4461219, 40.2922441], [-8.4461155, 40.28971]]}, "properties": {"highway": "trunk", "lanes": "1", "lit": "no", "maxspeed": "90", "oneway": "yes", "ref": "IC 2;EN 1", "surface": "asphalt"}}, {"type": "Feature", "geometry": {"type": "LineString", "coordinates": [[-8.4461665, 40.2792164], [-8.4461551, 40.2793934], [-8.446137, 40.2795097], [-8.4460074, 40.2799363], [-8.4458126, 40.2806127], [-8.44577, 40.2807671], [-8.4457284, 40.2810548], [-8.4456903, 40.281693], [-8.4456385, 40.2823489], [-8.4456248, 40.2830112], [-8.4456605, 40.2835185], [-8.4457906, 40.2850541], [-8.4458145, 40.2852971], [-8.4458854, 40.2860783], [-8.4459706, 40.2875245]]}, "properties": {"highway": "trunk", "lanes": "2", "lit": "no", "maxspeed": "90", "old_ref": "EN 1", "oneway": "yes", "ref": "IC 2", "surface": "asphalt"}}, {"type": "Feature", "geometry": {"type": "LineString", "coordinates": [[-8.8570862, 39.6200702], [-8.857145, 39.620104], [-8.8572691, 39.6201432], [-8.8574019, 39.6201581], [-8.8574991, 39.6201531], [-8.8575936, 39.6201349]]}, "properties": {"highway": "trunk", "junction": "roundabout", "lanes": "2", "maxspeed": "40", "ref": "IC 2;EN 1", "surface": "asphalt"}}, {"type": "Feature", "geometry": {"type": "LineString", "coordinates": [[-8.4509232, 40.2041833], [-8.4513127, 40.203887], [-8.4516654, 40.2036312], [-8.4524156, 40.2030411], [-8.4527251, 40.2027698], [-8.4530385, 40.2024489], [-8.4532799, 40.2021391], [-8.453458, 40.2018604], [-8.4535888, 40.2015995], [-8.4537016, 40.2013202], [-8.453794, 40.2009924], [-8.4538284, 40.2007038], [-8.453841, 40.200509], [-8.4538455, 40.2003164], [-8.4538295, 40.2000977], [-8.4537958, 40.1998707], [-8.4537287, 40.1996045], [-8.453618, 40.1992823], [-8.4535449, 40.1991145]]}, "properties": {"highway": "trunk", "lanes": "2", "maxspeed": "90", "motorroad": "yes", "oneway": "yes", "ref": "IC 2"}}, {"type": "Feature", "geometry": {"type": "LineString", "coordinates": [[-8.4494528, 40.2052964], [-8.4509232, 40.2041833]]}, "properties": {"bridge": "yes", "highway": "trunk", "lanes": "2", "layer": "1", "maxspeed": "90", "maxweight:signed": "no", "motorroad": "yes", "oneway": "yes", "ref": "IC 2"}}, {"type": "Feature", "geometry": {"type": "LineString", "coordinates": [[-8.4508398, 40.2041182], [-8.4493673, 40.2052297]]}, "properties": {"bridge": "yes", "highway": "trunk", "lanes": "2", "layer": "1", "maxspeed": "90", "maxweight:signed": "no", "motorroad": "yes", "oneway": "yes", "ref": "IC 2"}}, {"type": "Feature", "geometry": {"type": "LineString", "coordinates": [[-8.8596413, 39.6217855], [-8.8593224, 39.6212287], [-8.8592607, 39.6211495], [-8.8591758, 39.6210425], [-8.8590564, 39.6208971], [-8.8589581, 39.6207874], [-8.8588532, 39.6206843], [-8.8587536, 39.6205872], [-8.8586533, 39.6204979], [-8.8585086, 39.6203798], [-8.8583465, 39.6202587], [-8.8581894, 39.6201468], [-8.8580135, 39.6200317], [-8.8577962, 39.6199113], [-8.8576679, 39.6198459], [-8.8575141, 39.6197726], [-8.857368, 39.6197072], [-8.8571834, 39.6196301], [-8.8569971, 39.6195608], [-8.8568355, 39.6195064], [-8.85665, 39.6194513], [-8.8564638, 39.6194041], [-8.8562821, 39.6193626], [-8.855364, 39.6191736], [-8.8549186, 39.6190785], [-8.854685, 39.6190298], [-8.8544644, 39.618976], [-8.8542647, 39.6189231], [-8.8540812, 39.6188722], [-8.8538121, 39.6187899], [-8.8535091, 39.6186849], [-8.8532707, 39.6185945], [-8.8530191, 39.6184834]]}, "properties": {"highway": "motorway", "lanes": "2", "maxspeed": "120", "name": "Variante da Batalha", "oneway": "yes", "ref": "A 19;IC 2", "surface": "asphalt", "toll": "no"}}, {"type": "Feature", "geometry": {"type": "LineString", "coordinates": [[-8.8571658, 39.6182173], [-8.8571481, 39.6182753]]}, "properties": {"highway": "trunk", "lanes": "1", "maxspeed": "40", "oneway": "yes", "ref": "IC 2;EN 1", "surface": "asphalt"}}, {"type": "Feature", "geometry": {"type": "LineString", "coordinates": [[-8.8576976, 39.6193753], [-8.8576347, 39.6192645], [-8.8576088, 39.6192083], [-8.8576024, 39.6191679], [-8.8576037, 39.6191188], [-8.857603, 39.6190713], [-8.8575983, 39.6190277], [-8.8575874, 39.6189856], [-8.8575657, 39.6189363], [-8.8575181, 39.6188503], [-8.8574166, 39.6187269], [-8.8573475, 39.6186304]]}, "properties": {"highway": "trunk", "lanes": "2", "oneway": "yes", "ref": "IC 2;EN 1", "surface": "asphalt"}}, {"type": "Feature", "geometry": {"type": "LineString", "coordinates": [[-8.4678792, 40.8279165], [-8.4679294, 40.8280908], [-8.4680549, 40.8284085], [-8.4681678, 40.828681], [-8.4682962, 40.8289396], [-8.4692453, 40.8305428], [-8.4700734, 40.8319508], [-8.470552, 40.8326762]]}, "properties": {"highway": "trunk", "lanes": "2", "maxspeed": "90", "oneway": "yes", "ref": "IC 2", "source": "Bing", "surface": "asphalt"}}, {"type": "Feature", "geometry": {"type": "LineString", "coordinates": [[-8.4678131, 40.8275478], [-8.4678414, 40.8277054]]}, "properties": {"bridge": "yes", "highway": "trunk", "lanes": "1", "layer": "1", "maxspeed": "90", "maxweight:signed": "no", "oneway": "yes", "ref": "IC 2", "surface": "asphalt"}}, {"type": "Feature", "geometry": {"type": "LineString", "coordinates": [[-8.4509388, 40.3724227], [-8.4509929, 40.3724239], [-8.4510552, 40.3724113], [-8.4511094, 40.3723847], [-8.4511502, 40.3723466], [-8.4511736, 40.3723008], [-8.4511773, 40.3722518], [-8.451163, 40.372208], [-8.4511331, 40.3721691], [-8.4510898, 40.3721383], [-8.4510369, 40.372118], [-8.4509786, 40.3721101], [-8.4509244, 40.3721142], [-8.4508735, 40.372129], [-8.4508336, 40.3721504], [-8.4508015, 40.3721784], [-8.4507788, 40.3722113], [-8.4507668, 40.3722478], [-8.4507666, 40.3722854], [-8.4507781, 40.372322], [-8.450804, 40.3723591], [-8.450841, 40.3723892], [-8.450887, 40.3724109], [-8.4509388, 40.3724227]]}, "properties": {"highway": "primary", "junction": "roundabout", "ref": "IC 2;EN 1", "surface": "asphalt"}}, {"type": "Feature", "geometry": {"type": "LineString", "coordinates": [[-8.4507527, 40.3726005], [-8.4508642, 40.3725091], [-8.450934, 40.3724671], [-8.4509929, 40.3724239]]}, "properties": {"highway": "primary", "lanes": "1", "oneway": "yes", "ref": "IC 2;EN 1", "source": "Bing", "surface": "asphalt"}}, {"type": "Feature", "geometry": {"type": "LineString", "coordinates": [[-8.450804, 40.3723591], [-8.4507858, 40.3724797], [-8.4507527, 40.3726005]]}, "properties": {"highway": "primary", "lanes": "1", "oneway": "yes", "ref": "IC 2;EN 1", "source": "Bing", "surface": "asphalt"}}, {"type": "Feature", "geometry": {"type": "LineString", "coordinates": [[-8.4511773, 40.3722518], [-8.4512245, 40.3720541], [-8.4512661, 40.3719238]]}, "properties": {"highway": "primary", "lanes": "1", "oneway": "yes", "ref": "IC 2;EN 1", "source": "Bing", "surface": "asphalt"}}, {"type": "Feature", "geometry": {"type": "LineString", "coordinates": [[-8.4512661, 40.3719238], [-8.4511432, 40.372029], [-8.4510467, 40.3720818], [-8.4509786, 40.3721101]]}, "properties": {"highway": "primary", "lanes": "1", "oneway": "yes", "ref": "IC 2;EN 1", "source": "Bing", "surface": "asphalt"}}, {"type": "Feature", "geometry": {"type": "LineString", "coordinates": [[-8.473981, 40.5541841], [-8.4738027, 40.5538981], [-8.473365, 40.5531046], [-8.4731428, 40.5527019], [-8.4728004, 40.552084], [-8.4725782, 40.5516829], [-8.4720789, 40.550783], [-8.4719729, 40.550591], [-8.4715469, 40.5498275], [-8.4713736, 40.5495053], [-8.47097, 40.5487882], [-8.4707601, 40.5484475], [-8.4703157, 40.5476406], [-8.4697735, 40.5468351]]}, "properties": {"access": "yes", "bicycle": "no", "cycleway": "no", "foot": "no", "highway": "trunk", "lanes": "2", "oneway": "yes", "ref": "IC 2", "surface": "asphalt"}}, {"type": "Feature", "geometry": {"type": "LineString", "coordinates": [[-8.4697735, 40.5468351], [-8.4681869, 40.5439631], [-8.4677235, 40.543184], [-8.467204, 40.5425185], [-8.4665268, 40.5418306], [-8.4621328, 40.5379676], [-8.461295, 40.5372557], [-8.4600102, 40.5358557], [-8.4547942, 40.5293487]]}, "properties": {"access": "yes", "bicycle": "no", "cycleway": "no", "foot": "no", "highway": "trunk", "lanes": "2", "maxspeed": "90", "oneway": "no", "ref": "IC 2", "surface": "asphalt"}}, {"type": "Feature", "geometry": {"type": "LineString", "coordinates": [[-8.4752507, 40.5577484], [-8.475473, 40.5592829]]}, "properties": {"access": "yes", "bicycle": "no", "cycleway": "no", "foot": "no", "highway": "trunk", "lanes": "2", "maxspeed": "90", "oneway": "yes", "ref": "IC 2", "surface": "asphalt"}}, {"type": "Feature", "geometry": {"type": "LineString", "coordinates": [[-8.4524922, 40.5256335], [-8.4524516, 40.5255667], [-8.4521058, 40.5250065], [-8.4517769, 40.5244614], [-8.4509917, 40.5231857], [-8.4509094, 40.5230592]]}, "properties": {"highway": "trunk", "lanes": "2", "oneway": "yes", "ref": "IC 2"}}, {"type": "Feature", "geometry": {"type": "LineString", "coordinates": [[-8.4489204, 40.5173676], [-8.4496009, 40.514138]]}, "properties": {"highway": "primary", "lanes": "2", "maxspeed": "90", "oneway": "no", "ref": "IC 2;EN 1", "surface": "asphalt"}}, {"type": "Feature", "geometry": {"type": "LineString", "coordinates": [[-8.4489204, 40.5173676], [-8.4487783, 40.5180422], [-8.448725, 40.5184665], [-8.44874, 40.5188342]]}, "properties": {"highway": "trunk", "lanes": "1", "maxspeed": "90", "old_ref": "EN 1", "oneway": "yes", "ref": "IC 2;EN 1"}}, {"type": "Feature", "geometry": {"type": "LineString", "coordinates": [[-8.6289941, 39.9300196], [-8.6290696, 39.9295347], [-8.6291117, 39.9291997], [-8.6291329, 39.92893], [-8.6291434, 39.9286788], [-8.6290521, 39.9269496], [-8.6290445, 39.9268344], [-8.6290304, 39.926721], [-8.628996, 39.9264908]]}, "properties": {"highway": "trunk", "lanes": "2", "maxspeed": "60", "ref": "IC 2;EN 1", "smoothness": "excellent", "surface": "asphalt"}}, {"type": "Feature", "geometry": {"type": "LineString", "coordinates": [[-8.6335626, 39.9171082], [-8.6337505, 39.9185987]]}, "properties": {"highway": "trunk", "lanes": "2", "lit": "yes", "maxspeed": "50", "ref": "IC 2;EN 1", "sidewalk:both": "no", "smoothness": "good", "surface": "asphalt"}}, {"type": "Feature", "geometry": {"type": "LineString", "coordinates": [[-8.482846, 40.9009882], [-8.4832812, 40.9019542], [-8.4836339, 40.9027768], [-8.4838416, 40.9034032], [-8.4843324, 40.9050302]]}, "properties": {"highway": "trunk", "lanes": "1", "oneway": "yes", "ref": "IC 2", "surface": "asphalt", "toll": "no"}}, {"type": "Feature", "geometry": {"type": "LineString", "coordinates": [[-8.4829033, 40.9009731], [-8.4824961, 40.9000525], [-8.4816088, 40.8980379]]}, "properties": {"highway": "trunk", "lanes": "1", "oneway": "yes", "ref": "IC 2", "surface": "asphalt", "toll": "no"}}, {"type": "Feature", "geometry": {"type": "LineString", "coordinates": [[-8.4828675, 40.7127335], [-8.4829206, 40.7127752], [-8.4829536, 40.7128055], [-8.4829832, 40.7128371], [-8.483011, 40.7128741], [-8.4831271, 40.7130242]]}, "properties": {"highway": "primary", "lanes": "1", "maxspeed": "70", "oneway": "yes", "ref": "IC 2;EN 1", "surface": "asphalt"}}, {"type": "Feature", "geometry": {"type": "LineString", "coordinates": [[-8.4449831, 40.2143034], [-8.4448962, 40.2143651], [-8.4447043, 40.2144471], [-8.4444561, 40.2145091]]}, "properties": {"check_date:lit": "2023-06-22", "highway": "trunk", "lanes": "3", "lit": "yes", "maxspeed": "60", "maxspeed:type": "sign", "motorroad": "yes", "oneway": "yes", "ref": "IC 2", "surface": "asphalt"}}, {"type": "Feature", "geometry": {"type": "LineString", "coordinates": [[-8.4425546, 40.2148174], [-8.4429408, 40.2148877], [-8.4430855, 40.2148974]]}, "properties": {"change:lanes": "no|no", "destination": "S\u00e3o Martinho do Bispo;Lisboa;Cov\u00f5es", "destination:ref:to": "A 1", "destination:symbol": "motorway", "highway": "trunk", "lanes": "2", "motorroad": "yes", "oneway": "yes", "ref": "IC 2", "surface": "asphalt"}}, {"type": "Feature", "geometry": {"type": "LineString", "coordinates": [[-8.4397318, 40.2104184], [-8.4398844, 40.2107959], [-8.4402162, 40.2117761], [-8.4403619, 40.2120937], [-8.4407483, 40.2126898]]}, "properties": {"bridge": "viaduct", "highway": "primary", "lanes": "2", "layer": "1", "lit": "yes", "name": "Avenida da Guarda Inglesa", "oneway": "yes", "ref": "IC 2", "sidewalk": "no", "source": "bing", "surface": "asphalt"}}, {"type": "Feature", "geometry": {"type": "LineString", "coordinates": [[-8.4827598, 40.7063898], [-8.4828123, 40.7064745], [-8.4828954, 40.7065435], [-8.4830018, 40.7065907], [-8.4831238, 40.706612], [-8.4832486, 40.7066046], [-8.4833646, 40.706569], [-8.4834676, 40.706503], [-8.4835369, 40.7064154], [-8.4835651, 40.7063154], [-8.483556, 40.706234], [-8.4835192, 40.7061572], [-8.4834575, 40.7060903], [-8.4833895, 40.7060452], [-8.4833102, 40.7060125], [-8.4831986, 40.705991], [-8.4830835, 40.7059938], [-8.482974, 40.7060207], [-8.4828786, 40.7060695], [-8.4828104, 40.7061297], [-8.4827645, 40.706201], [-8.4827429, 40.7062951], [-8.4827598, 40.7063898]]}, "properties": {"highway": "primary", "junction": "roundabout", "lanes": "2", "ref": "IC 2;EN 1", "surface": "asphalt"}}, {"type": "Feature", "geometry": {"type": "LineString", "coordinates": [[-8.4826894, 40.712505], [-8.4826928, 40.7125761], [-8.4827266, 40.7126425], [-8.482787, 40.7126969], [-8.4828675, 40.7127335], [-8.4829471, 40.7127476], [-8.4830287, 40.712744], [-8.4831056, 40.7127229], [-8.4831714, 40.7126862], [-8.4832189, 40.7126391], [-8.4832483, 40.7125822], [-8.4832555, 40.7125214], [-8.4832399, 40.7124615], [-8.4832028, 40.7124073], [-8.4831485, 40.712364], [-8.4830807, 40.7123337], [-8.4830001, 40.7123183], [-8.4829171, 40.7123211], [-8.4828388, 40.7123421], [-8.4827717, 40.7123793], [-8.4827167, 40.7124369], [-8.4826894, 40.712505]]}, "properties": {"highway": "primary", "junction": "roundabout", "lanes": "2", "ref": "IC 2;EN 1", "surface": "asphalt"}}, {"type": "Feature", "geometry": {"type": "LineString", "coordinates": [[-8.4831271, 40.7130242], [-8.4831226, 40.7128528], [-8.4831185, 40.7128009], [-8.4831276, 40.7127586], [-8.4831446, 40.7127241], [-8.4831714, 40.7126862]]}, "properties": {"highway": "primary", "lanes": "1", "maxspeed": "70", "oneway": "yes", "ref": "IC 2;EN 1", "surface": "asphalt"}}, {"type": "Feature", "geometry": {"type": "LineString", "coordinates": [[-8.4786306, 40.1307851], [-8.4773888, 40.1312588]]}, "properties": {"bridge": "viaduct", "cycleway:both": "no", "highway": "trunk", "lanes": "2", "layer": "1", "lit": "no", "maxweight:signed": "no", "old_ref": "EN 1", "oneway": "yes", "ref": "IC 2", "source": "Bing", "surface": "asphalt"}}, {"type": "Feature", "geometry": {"type": "LineString", "coordinates": [[-8.4670805, 40.1406352], [-8.4672099, 40.1403952]]}, "properties": {"bridge": "yes", "cycleway:both": "no", "highway": "trunk", "lanes": "1", "layer": "1", "lit": "yes", "maxspeed": "90", "maxweight:signed": "no", "old_ref": "EN 1", "oneway": "yes", "ref": "IC 2", "smoothness": "excellent", "source": "Bing", "surface": "asphalt"}}, {"type": "Feature", "geometry": {"type": "LineString", "coordinates": [[-8.4671162, 40.1403988], [-8.4669849, 40.1406342]]}, "properties": {"bridge": "yes", "cycleway:both": "no", "highway": "trunk", "lanes": "2", "layer": "1", "lit": "yes", "maxspeed": "90", "maxweight:signed": "no", "old_ref": "EN 1", "oneway": "yes", "ref": "IC 2", "source": "Bing", "surface": "asphalt"}}, {"type": "Feature", "geometry": {"type": "LineString", "coordinates": [[-8.4672099, 40.1403952], [-8.4673916, 40.1400633]]}, "properties": {"cycleway:both": "no", "highway": "trunk", "lanes": "2", "lit": "yes", "maxspeed": "90", "old_ref": "EN 1", "oneway": "yes", "ref": "IC 2", "smoothness": "excellent", "source": "Bing", "surface": "asphalt"}}, {"type": "Feature", "geometry": {"type": "LineString", "coordinates": [[-8.4803974, 40.1300569], [-8.4816846, 40.1294409], [-8.4829754, 40.1288163], [-8.4842703, 40.1282016], [-8.4849687, 40.1278676], [-8.4854207, 40.1276531], [-8.4857049, 40.1275129], [-8.4865481, 40.1271079], [-8.4882172, 40.1262895]]}, "properties": {"highway": "trunk", "lanes": "2", "lit": "yes", "maxheight": "default", "maxspeed": "80", "old_ref": "EN 1", "oneway": "yes", "ref": "IC 2", "smoothness": "excellent", "source": "Bing", "surface": "asphalt"}}, {"type": "Feature", "geometry": {"type": "LineString", "coordinates": [[-8.4669849, 40.1406342], [-8.4663572, 40.141886], [-8.4659821, 40.1426403], [-8.46524, 40.1440823]]}, "properties": {"cycleway:both": "no", "highway": "trunk", "lanes": "1", "lit": "yes", "maxspeed": "90", "old_ref": "EN 1", "oneway": "yes", "ref": "IC 2", "source": "Bing", "surface": "asphalt"}}, {"type": "Feature", "geometry": {"type": "LineString", "coordinates": [[-8.4773888, 40.1312588], [-8.4765111, 40.1315822], [-8.4762559, 40.1316762], [-8.4754384, 40.1319827], [-8.4751337, 40.132151], [-8.474785, 40.1324189], [-8.4744804, 40.1327071], [-8.4735136, 40.1336926], [-8.4732442, 40.1339282], [-8.4728673, 40.134149], [-8.4725263, 40.1343073], [-8.4721104, 40.1345003]]}, "properties": {"cycleway:both": "no", "highway": "trunk", "lanes": "2", "lit": "no", "maxheight:signed": "no", "maxspeed": "70", "old_ref": "EN 1", "oneway": "yes", "ref": "IC 2", "surface": "asphalt"}}, {"type": "Feature", "geometry": {"type": "LineString", "coordinates": [[-8.7418407, 39.8081677], [-8.7417629, 39.8083626], [-8.7417241, 39.808443], [-8.7416867, 39.8085206], [-8.7416189, 39.8086525], [-8.741558, 39.808764], [-8.7414871, 39.8088674], [-8.7414148, 39.8089744], [-8.7413234, 39.8091073], [-8.7412279, 39.8092293], [-8.7404507, 39.8101585], [-8.7402939, 39.8103323], [-8.7401706, 39.8104569], [-8.74004, 39.8105729], [-8.7399015, 39.81069], [-8.7397301, 39.8108251], [-8.7395853, 39.8109306], [-8.7394412, 39.8110287], [-8.7392608, 39.8111454], [-8.7388494, 39.811403], [-8.7359222, 39.8131501], [-8.7335327, 39.8145663], [-8.7319881, 39.8154873], [-8.7310002, 39.8161107], [-8.7306454, 39.8163658], [-8.7304441, 39.8165237], [-8.7300939, 39.816806], [-8.7294843, 39.8173229], [-8.7292719, 39.8175023], [-8.7289451, 39.8177894], [-8.7287473, 39.8179667], [-8.7286096, 39.8180889], [-8.7284619, 39.8182401], [-8.7283549, 39.8183583], [-8.7282407, 39.8184899], [-8.7281311, 39.8186299], [-8.7280459, 39.8187404], [-8.7279623, 39.8188674], [-8.7278846, 39.8189974], [-8.7277992, 39.8191525], [-8.7277278, 39.8192692], [-8.7275742, 39.8195991], [-8.7275397, 39.8196836]]}, "properties": {"change:lanes": "yes|yes", "highway": "trunk", "lanes": "2", "lit": "no", "maxspeed": "80", "oneway": "yes", "ref": "IC 2;EN 1", "smoothness": "excellent", "surface": "asphalt"}}, {"type": "Feature", "geometry": {"type": "LineString", "coordinates": [[-8.7476409, 39.7904638], [-8.7477117, 39.7903402], [-8.7477856, 39.7901564], [-8.7480051, 39.7896932]]}, "properties": {"highway": "trunk", "lanes": "1", "lit": "yes", "maxspeed": "80", "oneway": "yes", "ref": "IC 2;EN 1", "surface": "asphalt"}}, {"type": "Feature", "geometry": {"type": "LineString", "coordinates": [[-8.9527938, 39.2483195], [-8.9527299, 39.2484587]]}, "properties": {"bridge": "viaduct", "highway": "trunk", "lanes": "2", "lanes:backward": "1", "lanes:forward": "2", "layer": "1", "ref": "IC 2", "surface": "asphalt"}}, {"type": "Feature", "geometry": {"type": "LineString", "coordinates": [[-8.4760252, 40.8120942], [-8.4761406, 40.8114645], [-8.4761967, 40.8111764]]}, "properties": {"highway": "trunk", "lanes": "2", "oneway": "yes", "ref": "IC 2", "source": "Bing", "surface": "asphalt"}}, {"type": "Feature", "geometry": {"type": "LineString", "coordinates": [[-8.4760608, 40.811151], [-8.4760474, 40.8114731], [-8.475965, 40.8119397], [-8.4759312, 40.8120553]]}, "properties": {"highway": "trunk", "lanes": "1", "maxspeed": "90", "oneway": "yes", "ref": "IC 2", "source": "Bing", "surface": "asphalt"}}, {"type": "Feature", "geometry": {"type": "LineString", "coordinates": [[-8.475408, 40.8139071], [-8.4753429, 40.8140898], [-8.4750823, 40.8147192], [-8.4748267, 40.8152305], [-8.4745537, 40.815732], [-8.4719705, 40.8196826], [-8.4686912, 40.8246944]]}, "properties": {"highway": "trunk", "lanes": "1", "maxheight:signed": "no", "maxspeed": "90", "oneway": "yes", "ref": "IC 2", "source": "Bing", "surface": "asphalt"}}, {"type": "Feature", "geometry": {"type": "LineString", "coordinates": [[-8.4726851, 40.6743882], [-8.4725377, 40.6748605]]}, "properties": {"bridge": "yes", "highway": "trunk", "lanes": "2", "layer": "1", "maxspeed": "70", "oneway": "yes", "ref": "IC 2;EN 1", "surface": "asphalt"}}, {"type": "Feature", "geometry": {"type": "LineString", "coordinates": [[-8.4688476, 40.6554571], [-8.4682511, 40.6549296], [-8.4681552, 40.65485], [-8.4677709, 40.6545067], [-8.4672961, 40.6540182], [-8.4670822, 40.6537149], [-8.4669134, 40.6534163], [-8.4667763, 40.6530799], [-8.4666201, 40.6526158], [-8.4662208, 40.6511336], [-8.466112, 40.6508369], [-8.4659703, 40.650568], [-8.4657472, 40.6501596], [-8.4657158, 40.6501041], [-8.4654936, 40.6497108], [-8.46528, 40.6492824], [-8.4651803, 40.648997], [-8.4651187, 40.6487304], [-8.4650998, 40.6485588], [-8.4651013, 40.6483872]]}, "properties": {"highway": "primary", "lanes": "3", "maxspeed": "70", "oneway": "no", "ref": "IC 2;EN 1", "surface": "asphalt"}}, {"type": "Feature", "geometry": {"type": "LineString", "coordinates": [[-8.4736589, 40.6715071], [-8.4734948, 40.6719004], [-8.4732886, 40.672553], [-8.4727599, 40.6741838], [-8.4726851, 40.6743882]]}, "properties": {"highway": "trunk", "lanes": "1", "maxspeed": "70", "oneway": "yes", "ref": "IC 2;EN 1", "surface": "asphalt"}}, {"type": "Feature", "geometry": {"type": "LineString", "coordinates": [[-8.471882, 40.6769486], [-8.4717388, 40.6774178], [-8.4716606, 40.677707], [-8.4715115, 40.6781823], [-8.4714714, 40.6783099]]}, "properties": {"highway": "trunk", "lanes": "1", "maxspeed": "70", "oneway": "yes", "ref": "IC 2;EN 1", "surface": "asphalt"}}, {"type": "Feature", "geometry": {"type": "LineString", "coordinates": [[-8.4496621, 40.3819453], [-8.4497221, 40.382208]]}, "properties": {"highway": "primary", "lanes": "2", "maxspeed": "50", "name": "Avenida da Floresta", "oneway": "no", "ref": "IC 2;EN 1", "surface": "asphalt"}}, {"type": "Feature", "geometry": {"type": "LineString", "coordinates": [[-8.4493116, 40.3809573], [-8.4493847, 40.3810307], [-8.449416, 40.3810693], [-8.4494314, 40.3811084], [-8.4494469, 40.3811707], [-8.4494502, 40.3811844], [-8.4495345, 40.381534], [-8.4495399, 40.3815514], [-8.4495913, 40.38176], [-8.4496621, 40.3819453]]}, "properties": {"highway": "primary", "lanes": "1", "maxspeed": "50", "name": "Avenida da Floresta", "oneway": "yes", "ref": "IC 2;EN 1", "source": "Bing", "surface": "asphalt"}}, {"type": "Feature", "geometry": {"type": "LineString", "coordinates": [[-8.4493455, 40.3804091], [-8.4493195, 40.3805673], [-8.4492642, 40.3806933]]}, "properties": {"alt_name": "EN 1 / EN 234", "highway": "primary", "lanes": "1", "maxspeed": "50", "oneway": "yes", "ref": "IC 2;EN 1", "source": "Bing", "surface": "asphalt"}}, {"type": "Feature", "geometry": {"type": "LineString", "coordinates": [[-8.4494643, 40.3806715], [-8.449404, 40.3805696], [-8.4493455, 40.3804091]]}, "properties": {"alt_name": "EN 1 / EN 234", "highway": "primary", "lanes": "1", "maxspeed": "50", "oneway": "yes", "ref": "IC 2;EN 1", "source": "Bing", "surface": "asphalt"}}, {"type": "Feature", "geometry": {"type": "LineString", "coordinates": [[-8.4507367, 40.3939814], [-8.4507826, 40.3938675], [-8.4507873, 40.3938559], [-8.4508108, 40.3938146], [-8.4508857, 40.3937376]]}, "properties": {"highway": "primary", "lanes": "1", "maxspeed": "50", "name": "Avenida da Restaura\u00e7\u00e3o", "oneway": "yes", "ref": "IC 2;EN 1", "surface": "asphalt"}}, {"type": "Feature", "geometry": {"type": "LineString", "coordinates": [[-8.4507383, 40.393144], [-8.4507242, 40.3933405], [-8.4507225, 40.3933643], [-8.4507209, 40.393372], [-8.4507084, 40.3934343], [-8.4506959, 40.3934965]]}, "properties": {"highway": "primary", "lanes": "1", "maxspeed": "50", "name": "Avenida da Restaura\u00e7\u00e3o", "oneway": "yes", "ref": "IC 2;EN 1", "surface": "asphalt"}}, {"type": "Feature", "geometry": {"type": "LineString", "coordinates": [[-8.4506808, 40.3937303], [-8.450717, 40.3938593], [-8.4507367, 40.3939814]]}, "properties": {"highway": "primary", "lanes": "1", "maxspeed": "50", "name": "Avenida da Restaura\u00e7\u00e3o", "oneway": "yes", "ref": "IC 2;EN 1", "surface": "asphalt"}}, {"type": "Feature", "geometry": {"type": "LineString", "coordinates": [[-8.4508998, 40.393504], [-8.4508247, 40.3933648], [-8.450811, 40.3933298], [-8.4507383, 40.393144]]}, "properties": {"highway": "primary", "lanes": "1", "maxspeed": "50", "name": "Avenida da Restaura\u00e7\u00e3o", "oneway": "yes", "ref": "IC 2;EN 1", "surface": "asphalt"}}, {"type": "Feature", "geometry": {"type": "LineString", "coordinates": [[-8.4506665, 40.3935131], [-8.450642, 40.3935337], [-8.4506165, 40.3935703], [-8.4506061, 40.3936109], [-8.4506117, 40.3936521], [-8.4506328, 40.3936902], [-8.4506542, 40.393712], [-8.4506808, 40.3937303], [-8.4507286, 40.3937497], [-8.4507818, 40.3937576], [-8.4508357, 40.3937535], [-8.4508857, 40.3937376], [-8.4509148, 40.3937211], [-8.4509391, 40.3937005], [-8.4509645, 40.393664], [-8.4509748, 40.3936234], [-8.4509692, 40.3935823], [-8.4509482, 40.3935442], [-8.4509266, 40.3935223], [-8.4508998, 40.393504], [-8.4508522, 40.3934848], [-8.4507993, 40.3934768], [-8.4507457, 40.3934808], [-8.4506959, 40.3934965], [-8.4506665, 40.3935131]]}, "properties": {"highway": "primary", "junction": "roundabout", "maxspeed": "50", "name": "Avenida da Restaura\u00e7\u00e3o", "ref": "IC 2;EN 1", "surface": "asphalt"}}, {"type": "Feature", "geometry": {"type": "LineString", "coordinates": [[-8.4551375, 40.4241335], [-8.4549975, 40.4240173], [-8.4549201, 40.423953], [-8.454877, 40.4239172]]}, "properties": {"highway": "primary", "lanes": "1", "oneway": "yes", "ref": "IC 2;EN 1", "source": "bing", "surface": "asphalt"}}, {"type": "Feature", "geometry": {"type": "LineString", "coordinates": [[-8.454877, 40.4239172], [-8.4548924, 40.4239595], [-8.4549176, 40.4240284], [-8.4549177, 40.4240373], [-8.4549185, 40.4241008], [-8.4548896, 40.4241886]]}, "properties": {"highway": "primary", "lanes": "1", "oneway": "yes", "ref": "IC 2;EN 1", "source": "bing", "surface": "asphalt"}}, {"type": "Feature", "geometry": {"type": "LineString", "coordinates": [[-8.4540282, 40.4267276], [-8.4544265, 40.426332], [-8.4545832, 40.426256], [-8.4548232, 40.4262108]]}, "properties": {"highway": "primary", "lanes": "1", "maxspeed": "70", "oneway": "yes", "ref": "IC 2;EN 1", "source": "Bing", "surface": "asphalt"}}, {"type": "Feature", "geometry": {"type": "LineString", "coordinates": [[-8.4546452, 40.4259893], [-8.4544641, 40.4261399], [-8.4543259, 40.4263065], [-8.4540282, 40.4267276]]}, "properties": {"highway": "primary", "lanes": "1", "maxspeed": "70", "oneway": "yes", "ref": "IC 2;EN 1", "source": "Bing", "surface": "asphalt"}}, {"type": "Feature", "geometry": {"type": "LineString", "coordinates": [[-8.4549815, 40.4244547], [-8.4550251, 40.4245475], [-8.4550634, 40.4249122], [-8.4550383, 40.4252398], [-8.4549644, 40.4255321], [-8.4548826, 40.4257582], [-8.4548373, 40.4258407]]}, "properties": {"highway": "primary", "lanes": "2", "maxspeed": "70", "oneway": "yes", "ref": "IC 2;EN 1", "source": "Bing", "surface": "asphalt"}}, {"type": "Feature", "geometry": {"type": "LineString", "coordinates": [[-8.4521639, 40.4375214], [-8.4521063, 40.4375484], [-8.4520627, 40.4375875], [-8.4520364, 40.4376367], [-8.4520322, 40.4376897], [-8.4520503, 40.437741], [-8.4520827, 40.4377798], [-8.452134, 40.4378133], [-8.4521964, 40.437833], [-8.4522637, 40.4378371], [-8.4523295, 40.4378252], [-8.4523871, 40.4377984], [-8.4524096, 40.4377815], [-8.4524405, 40.4377466], [-8.4524586, 40.4377069], [-8.452463, 40.4376649], [-8.4524532, 40.4376235], [-8.452436, 40.4375932], [-8.4524112, 40.4375661], [-8.4523596, 40.4375327], [-8.4522971, 40.4375131], [-8.4522296, 40.4375092], [-8.4521639, 40.4375214]]}, "properties": {"highway": "primary", "junction": "roundabout", "maxspeed": "50", "ref": "IC 2;EN 1", "surface": "asphalt"}}, {"type": "Feature", "geometry": {"type": "LineString", "coordinates": [[-8.4521575, 40.43806], [-8.4522062, 40.4379938], [-8.4522145, 40.4379826], [-8.4522914, 40.4378899], [-8.4523871, 40.4377984]]}, "properties": {"highway": "primary", "lanes": "1", "oneway": "yes", "ref": "IC 2;EN 1", "source": "Bing", "surface": "asphalt"}}, {"type": "Feature", "geometry": {"type": "LineString", "coordinates": [[-8.4524891, 40.437111], [-8.4523659, 40.4372767]]}, "properties": {"highway": "primary", "lanes": "1", "oneway": "yes", "ref": "IC 2;EN 1", "source": "Bing", "surface": "asphalt"}}, {"type": "Feature", "geometry": {"type": "LineString", "coordinates": [[-8.4524112, 40.4375661], [-8.4524405, 40.4373683], [-8.4524519, 40.4372923]]}, "properties": {"highway": "primary", "lanes": "1", "oneway": "yes", "ref": "IC 2;EN 1", "source": "Bing", "surface": "asphalt"}}, {"type": "Feature", "geometry": {"type": "LineString", "coordinates": [[-8.4520827, 40.4377798], [-8.4521267, 40.4378953], [-8.4521192, 40.4379711], [-8.4521074, 40.4380442]]}, "properties": {"highway": "primary", "lanes": "1", "oneway": "yes", "ref": "IC 2;EN 1", "source": "Bing", "surface": "asphalt"}}, {"type": "Feature", "geometry": {"type": "LineString", "coordinates": [[-8.4547942, 40.5293487], [-8.4546459, 40.5291597]]}, "properties": {"access": "yes", "bicycle": "no", "bridge": "yes", "cycleway": "no", "foot": "no", "highway": "trunk", "lanes": "2", "layer": "1", "maxspeed": "90", "oneway": "no", "ref": "IC 2", "surface": "asphalt"}}, {"type": "Feature", "geometry": {"type": "LineString", "coordinates": [[-8.4546459, 40.5291597], [-8.4543486, 40.5287553], [-8.4534124, 40.527269]]}, "properties": {"access": "yes", "bicycle": "no", "cycleway": "no", "foot": "no", "highway": "trunk", "lanes": "2", "maxspeed": "90", "oneway": "no", "ref": "IC 2", "surface": "asphalt"}}, {"type": "Feature", "geometry": {"type": "LineString", "coordinates": [[-8.4557321, 40.4604771], [-8.4557745, 40.460515], [-8.455815, 40.460553], [-8.4558536, 40.4605987], [-8.4558874, 40.4606631], [-8.4559096, 40.4607237], [-8.4561261, 40.4613869], [-8.4562095, 40.4616986]]}, "properties": {"highway": "primary", "lanes": "1", "maxspeed": "50", "oneway": "yes", "ref": "IC 2;EN 1", "source": "Bing", "surface": "asphalt"}}, {"type": "Feature", "geometry": {"type": "LineString", "coordinates": [[-8.4562095, 40.4616986], [-8.4561867, 40.4613807], [-8.4561484, 40.4612443], [-8.4560274, 40.4608136], [-8.4559936, 40.4606996], [-8.4559815, 40.4606376], [-8.4559845, 40.460572], [-8.4559957, 40.4604958], [-8.4560354, 40.4604124]]}, "properties": {"highway": "primary", "lanes": "1", "maxspeed": "50", "oneway": "yes", "ref": "IC 2;EN 1", "source": "Bing", "surface": "asphalt"}}, {"type": "Feature", "geometry": {"type": "LineString", "coordinates": [[-8.4525303, 40.4418651], [-8.4526336, 40.4412926], [-8.4526571, 40.4411553], [-8.4526666, 40.4410093], [-8.4526649, 40.440869], [-8.4526482, 40.4407193], [-8.4526122, 40.4405708], [-8.452561, 40.4404157], [-8.4524707, 40.4402291], [-8.4521083, 40.4396512], [-8.4520361, 40.4395029], [-8.4519837, 40.4393747], [-8.4519408, 40.4392386], [-8.4519116, 40.4391178], [-8.4518975, 40.438984], [-8.451905, 40.4388356], [-8.4519247, 40.4386986], [-8.4519552, 40.4385573], [-8.451981, 40.4384497], [-8.4520097, 40.4383593], [-8.452044, 40.4382658], [-8.4520782, 40.4381859]]}, "properties": {"highway": "primary", "lanes": "2", "maxspeed": "70", "oneway": "no", "ref": "IC 2;EN 1", "surface": "asphalt"}}, {"type": "Feature", "geometry": {"type": "LineString", "coordinates": [[-8.4552099, 40.4584743], [-8.4548852, 40.457689], [-8.4543243, 40.4564909], [-8.4542174, 40.4562218], [-8.4541925, 40.4561593]]}, "properties": {"highway": "primary", "lanes": "2", "maxspeed": "70", "oneway": "no", "ref": "IC 2;EN 1", "source": "Bing", "surface": "asphalt"}}, {"type": "Feature", "geometry": {"type": "LineString", "coordinates": [[-8.4525303, 40.4418651], [-8.4523691, 40.4425413], [-8.4522245, 40.4431454], [-8.4521848, 40.4432039], [-8.4521139, 40.4432664]]}, "properties": {"highway": "primary", "lanes": "1", "maxspeed": "70", "oneway": "yes", "ref": "IC 2;EN 1", "source": "Bing", "surface": "asphalt"}}, {"type": "Feature", "geometry": {"type": "LineString", "coordinates": [[-8.4520445, 40.4435471], [-8.4520582, 40.4436322], [-8.4520674, 40.4437137], [-8.4520556, 40.4437708], [-8.4520464, 40.4438155], [-8.4519319, 40.444366], [-8.4518905, 40.4446055], [-8.4518673, 40.4449509]]}, "properties": {"highway": "primary", "lanes": "1", "maxspeed": "70", "oneway": "yes", "ref": "IC 2;EN 1", "source": "Bing", "surface": "asphalt"}}, {"type": "Feature", "geometry": {"type": "LineString", "coordinates": [[-8.4552099, 40.4584743], [-8.4553661, 40.4589597], [-8.4556126, 40.45963], [-8.4556565, 40.459748], [-8.4556776, 40.4599217], [-8.4556579, 40.4600362], [-8.4556447, 40.4600995]]}, "properties": {"highway": "primary", "lanes": "1", "maxspeed": "50", "oneway": "yes", "ref": "IC 2;EN 1", "source": "Bing", "surface": "asphalt"}}, {"type": "Feature", "geometry": {"type": "LineString", "coordinates": [[-8.4518673, 40.4449509], [-8.4519868, 40.4446136], [-8.4520345, 40.4443812], [-8.4520517, 40.4442851], [-8.4520812, 40.44411], [-8.4521512, 40.4437837], [-8.4521538, 40.4437693], [-8.4521968, 40.4436749], [-8.4522819, 40.4435707]]}, "properties": {"highway": "primary", "lanes": "1", "maxspeed": "70", "oneway": "yes", "ref": "IC 2;EN 1", "source": "Bing", "surface": "asphalt"}}, {"type": "Feature", "geometry": {"type": "LineString", "coordinates": [[-8.8874982, 39.5573694], [-8.8876883, 39.5570761], [-8.8883696, 39.5561163], [-8.8890643, 39.5551166]]}, "properties": {"highway": "trunk", "lanes": "2", "maxheight": "default", "oneway": "yes", "ref": "IC 2;EN 1", "surface": "asphalt"}}, {"type": "Feature", "geometry": {"type": "LineString", "coordinates": [[-8.8918122, 39.5510787], [-8.8915265, 39.551391], [-8.8904953, 39.5528744], [-8.8897893, 39.553873]]}, "properties": {"highway": "trunk", "lanes": "2", "oneway": "yes", "ref": "IC 2;EN 1", "surface": "asphalt"}}, {"type": "Feature", "geometry": {"type": "LineString", "coordinates": [[-8.5730508, 41.0852773], [-8.5721759, 41.085386], [-8.5714997, 41.0854994], [-8.5712047, 41.085566], [-8.5705031, 41.0857245], [-8.5694283, 41.0859774], [-8.5677722, 41.0863867], [-8.5661312, 41.0868143], [-8.5654202, 41.0869995], [-8.5628341, 41.087653], [-8.5616731, 41.0879469], [-8.5610256, 41.0880875], [-8.5604375, 41.0881992], [-8.5599793, 41.0882537], [-8.5599189, 41.0882609], [-8.559402, 41.0882861], [-8.558337, 41.0882635], [-8.557516, 41.0881733], [-8.5567328, 41.0880027], [-8.5562056, 41.087862], [-8.5556562, 41.0876793], [-8.5552888, 41.0875314], [-8.5548455, 41.0873301], [-8.5544595, 41.0871107], [-8.5540147, 41.0868326], [-8.5535225, 41.0864712], [-8.5530929, 41.0860882], [-8.5525963, 41.0855027], [-8.552306, 41.0850892], [-8.5520777, 41.084734], [-8.5516679, 41.0839445], [-8.5514646, 41.0835154], [-8.5511848, 41.0829247], [-8.5509186, 41.0824722], [-8.5507052, 41.0821723], [-8.5505444, 41.0819762], [-8.5501348, 41.0815136], [-8.5498828, 41.0812603], [-8.5494524, 41.0809251], [-8.5491158, 41.0806735], [-8.5486108, 41.0803512], [-8.5481098, 41.0800867], [-8.5474438, 41.0797882], [-8.5466757, 41.0795213]]}, "properties": {"highway": "motorway", "lanes": "3", "maxheight": "default", "maxspeed": "120", "name": "Autoestrada de Entre Douro-e-Vouga", "oneway": "yes", "ref": "A 32;IC 2", "source": "BING", "surface": "asphalt", "toll": "yes"}}, {"type": "Feature", "geometry": {"type": "LineString", "coordinates": [[-8.9557371, 39.2365987], [-8.9557156, 39.2363993], [-8.955676, 39.2361424], [-8.9555151, 39.2354173], [-8.9552791, 39.2343453], [-8.9550566, 39.2333565], [-8.9550001, 39.2330822], [-8.9547694, 39.2320454], [-8.9546219, 39.2312933], [-8.9545924, 39.2310918], [-8.9545736, 39.2308861], [-8.9545629, 39.2306638], [-8.9545656, 39.2304477], [-8.9545871, 39.2302254], [-8.9546139, 39.2299927], [-8.9546595, 39.2297579], [-8.9546844, 39.2296293], [-8.9547802, 39.2291346], [-8.9549006, 39.2285344], [-8.9550806, 39.2277239], [-8.9552388, 39.2269426], [-8.9552999, 39.226678], [-8.9553193, 39.2265479], [-8.9553595, 39.2262694]]}, "properties": {"highway": "trunk", "lanes": "1", "maxheight": "default", "oneway": "yes", "ref": "IC 2", "surface": "asphalt"}}, {"type": "Feature", "geometry": {"type": "LineString", "coordinates": [[-8.9553595, 39.2262694], [-8.955188, 39.226897], [-8.95507, 39.2274289], [-8.9548561, 39.2284312], [-8.9547931, 39.2287347], [-8.9546462, 39.2293903], [-8.9546024, 39.2296164], [-8.9545228, 39.2300178], [-8.9544799, 39.2304084], [-8.9544799, 39.2307242], [-8.9545014, 39.2310192], [-8.9545443, 39.2313225], [-8.9546462, 39.2319001], [-8.9548412, 39.2327719], [-8.9549552, 39.2332988]]}, "properties": {"highway": "trunk", "lanes": "2", "maxheight": "default", "oneway": "yes", "ref": "IC 2", "surface": "asphalt"}}, {"type": "Feature", "geometry": {"type": "LineString", "coordinates": [[-8.9557371, 39.2365987], [-8.955898, 39.23733], [-8.9562933, 39.2391839], [-8.9564006, 39.2397988], [-8.9564435, 39.2402309], [-8.9564543, 39.2407377], [-8.9564006, 39.2411366], [-8.9563041, 39.2415604], [-8.9561646, 39.2420091], [-8.9560251, 39.2423498], [-8.9557462, 39.2428732], [-8.9547377, 39.2447095], [-8.9527938, 39.2483195]]}, "properties": {"highway": "trunk", "lanes": "3", "lanes:backward": "1", "lanes:forward": "2", "maxheight": "4.6", "ref": "IC 2", "surface": "asphalt"}}, {"type": "Feature", "geometry": {"type": "LineString", "coordinates": [[-8.9553595, 39.2262694], [-8.9554185, 39.2258414], [-8.9554346, 39.225376], [-8.955442, 39.2251758], [-8.955434, 39.2249805], [-8.9554132, 39.2248129], [-8.9553696, 39.2245753], [-8.9552403, 39.2239388], [-8.9547475, 39.2217893]]}, "properties": {"highway": "trunk", "lanes": "2", "maxheight": "default", "ref": "IC 2", "surface": "asphalt"}}, {"type": "Feature", "geometry": {"type": "LineString", "coordinates": [[-8.475473, 40.5592829], [-8.4756831, 40.5623506]]}, "properties": {"access": "yes", "bicycle": "no", "cycleway": "no", "foot": "no", "highway": "trunk", "lanes": "1", "maxspeed": "90", "oneway": "yes", "ref": "IC 2", "surface": "asphalt"}}, {"type": "Feature", "geometry": {"type": "LineString", "coordinates": [[-8.4756526, 40.5599046], [-8.4756288, 40.5593073], [-8.4755791, 40.5587658], [-8.4755156, 40.5583404], [-8.475462, 40.5580433], [-8.475329, 40.5574188], [-8.4752118, 40.5569994], [-8.475047, 40.556476], [-8.4749969, 40.5563474], [-8.4748564, 40.5559872], [-8.4747213, 40.5556787], [-8.4745413, 40.5552909], [-8.4742912, 40.5548075], [-8.4741144, 40.5544622], [-8.473981, 40.5541841]]}, "properties": {"access": "yes", "bicycle": "no", "cycleway": "no", "foot": "no", "highway": "trunk", "lanes": "2", "oneway": "yes", "ref": "IC 2", "surface": "asphalt"}}, {"type": "Feature", "geometry": {"type": "LineString", "coordinates": [[-8.8534201, 39.6187559], [-8.8536826, 39.6188397], [-8.8538358, 39.6188857], [-8.8541384, 39.6189749], [-8.8545162, 39.6190734], [-8.8550094, 39.6191885], [-8.855499, 39.619289], [-8.8562555, 39.6194452], [-8.8564321, 39.6194858], [-8.8565981, 39.6195327], [-8.8567816, 39.6195844], [-8.8569325, 39.6196323], [-8.8570765, 39.6196881], [-8.85722, 39.6197457], [-8.8573696, 39.6198105], [-8.8575083, 39.619871], [-8.8576688, 39.6199473], [-8.85792, 39.6200909], [-8.858055, 39.6201737], [-8.8582137, 39.6202804], [-8.8583595, 39.6203865], [-8.8585102, 39.620505], [-8.8586873, 39.6206588], [-8.8588152, 39.6207864], [-8.858925, 39.6209045], [-8.8590274, 39.6210155], [-8.8591248, 39.6211414], [-8.85921, 39.6212546], [-8.8592971, 39.6213805], [-8.8593699, 39.6215071], [-8.8594389, 39.6216218], [-8.8595046, 39.6217427], [-8.8595586, 39.6218683], [-8.8596007, 39.6220082]]}, "properties": {"highway": "motorway", "lanes": "2", "maxspeed": "120", "name": "Variante da Batalha", "oneway": "yes", "ref": "A 19;IC 2", "surface": "asphalt", "toll": "yes"}}, {"type": "Feature", "geometry": {"type": "LineString", "coordinates": [[-8.8596007, 39.6220082], [-8.8596878, 39.6222795], [-8.8597402, 39.6224655], [-8.8597641, 39.6226278], [-8.8597872, 39.6228089], [-8.859793, 39.6229212], [-8.8597975, 39.6230517], [-8.8597895, 39.6232334], [-8.8597798, 39.6233117], [-8.8597636, 39.6234645], [-8.8597179, 39.6237252], [-8.8596693, 39.6240355]]}, "properties": {"highway": "motorway", "lanes": "3", "maxspeed": "120", "name": "Variante da Batalha", "oneway": "yes", "ref": "A 19;IC 2", "surface": "asphalt", "toll": "yes", "turn:lanes": "none|none|merge_to_left"}}, {"type": "Feature", "geometry": {"type": "LineString", "coordinates": [[-8.9874106, 39.1077279], [-8.9880811, 39.106644]]}, "properties": {"highway": "primary", "lanes": "2", "ref": "IC 2;EN 1", "surface": "asphalt"}}, {"type": "Feature", "geometry": {"type": "LineString", "coordinates": [[-8.9872642, 39.1080393], [-8.9874106, 39.1077279]]}, "properties": {"bridge": "yes", "highway": "primary", "lanes": "2", "layer": "1", "ref": "IC 2;EN 1", "surface": "asphalt"}}, {"type": "Feature", "geometry": {"type": "LineString", "coordinates": [[-9.0659652, 38.9516968], [-9.0661926, 38.9513932], [-9.0664176, 38.9510745], [-9.066602, 38.9507696], [-9.0667785, 38.9504094], [-9.0669478, 38.9499915], [-9.0670801, 38.9495831]]}, "properties": {"bridge": "viaduct", "highway": "motorway", "lanes": "3", "layer": "1", "maxspeed": "120", "minspeed": "50", "name": "Autoestrada do Ribatejo", "oneway": "yes", "ref": "A 10;IC 2", "surface": "asphalt", "toll": "yes"}}, {"type": "Feature", "geometry": {"type": "LineString", "coordinates": [[-9.0751835, 38.9256419], [-9.0743731, 38.9274233], [-9.0741373, 38.9279809], [-9.0739702, 38.9285732], [-9.0738536, 38.9291804], [-9.0738077, 38.9296903], [-9.0738334, 38.9310648], [-9.0738341, 38.9316403]]}, "properties": {"highway": "motorway", "lanes": "3", "maxheight:signed": "no", "maxspeed": "120", "minspeed": "50", "name": "Autoestrada do Ribatejo", "oneway": "yes", "ref": "A 10;IC 2", "surface": "asphalt", "toll": "yes"}}, {"type": "Feature", "geometry": {"type": "LineString", "coordinates": [[-9.0670801, 38.9495831], [-9.06717, 38.9491362], [-9.067229, 38.9487232], [-9.0672477, 38.9483415], [-9.0672477, 38.9479243], [-9.0671887, 38.9473318], [-9.0670841, 38.9464787], [-9.0669715, 38.9455858], [-9.0669473, 38.9450852], [-9.0669581, 38.9445803], [-9.0670224, 38.9440463], [-9.0671754, 38.9434794]]}, "properties": {"highway": "motorway", "lanes": "3", "maxspeed": "120", "minspeed": "50", "name": "Autoestrada do Ribatejo", "oneway": "yes", "ref": "A 10;IC 2", "surface": "asphalt", "toll": "yes"}}, {"type": "Feature", "geometry": {"type": "LineString", "coordinates": [[-9.0685134, 38.9412527], [-9.0685908, 38.9411725], [-9.0695839, 38.9402307]]}, "properties": {"highway": "motorway", "lanes": "3", "maxspeed": "120", "minspeed": "50", "name": "Autoestrada do Ribatejo", "oneway": "yes", "ref": "A 10;IC 2", "surface": "asphalt", "toll": "yes"}}, {"type": "Feature", "geometry": {"type": "LineString", "coordinates": [[-9.0682437, 38.9410988], [-9.0678382, 38.9415646], [-9.0676314, 38.9418013], [-9.0673444, 38.9422271], [-9.0671344, 38.9426437], [-9.0669415, 38.9431327]]}, "properties": {"highway": "motorway", "lanes": "3", "layer": "-1", "maxheight:signed": "no", "maxspeed": "120", "minspeed": "50", "name": "Autoestrada do Ribatejo", "oneway": "yes", "ref": "A 10;IC 2", "surface": "asphalt", "toll": "yes", "tunnel": "yes", "tunnel:name": "T\u00fanel de Mato Forte"}}, {"type": "Feature", "geometry": {"type": "LineString", "coordinates": [[-9.0671754, 38.9434794], [-9.0673964, 38.9428521], [-9.0676529, 38.9423377], [-9.0678594, 38.9420216], [-9.06811, 38.9417141], [-9.0685134, 38.9412527]]}, "properties": {"highway": "motorway", "lanes": "3", "layer": "-1", "maxspeed": "120", "minspeed": "50", "name": "Autoestrada do Ribatejo", "oneway": "yes", "ref": "A 10;IC 2", "surface": "asphalt", "toll": "yes", "tunnel": "yes", "tunnel:name": "T\u00fanel de Mato Forte"}}, {"type": "Feature", "geometry": {"type": "LineString", "coordinates": [[-9.0658084, 38.9516328], [-9.0652577, 38.9522059], [-9.0642567, 38.9530735], [-9.0635221, 38.9537148], [-9.0628757, 38.9544532], [-9.062578, 38.9548474], [-9.0621831, 38.9556042], [-9.0619873, 38.95613], [-9.061768, 38.9569811], [-9.0617143, 38.9574713], [-9.0617456, 38.9582413], [-9.0618588, 38.9589387], [-9.062009, 38.9594371], [-9.0621676, 38.9599136], [-9.0624265, 38.9605613], [-9.0626553, 38.9612713], [-9.0627738, 38.961706], [-9.0628616, 38.9621835], [-9.0629001, 38.9627375]]}, "properties": {"highway": "motorway", "lanes": "3", "maxspeed": "120", "minspeed": "50", "name": "Autoestrada do Ribatejo", "oneway": "yes", "ref": "A 10;IC 2", "surface": "asphalt", "toll": "yes", "turn:lanes": "through|through|through;slight_right"}}, {"type": "Feature", "geometry": {"type": "LineString", "coordinates": [[-9.0669415, 38.9431327], [-9.0668504, 38.9433934], [-9.0667301, 38.9438106], [-9.0666523, 38.9442403], [-9.0666147, 38.9447305], [-9.0666224, 38.9452323], [-9.0666603, 38.9457047], [-9.0668075, 38.9464339], [-9.0669872, 38.9472829], [-9.0670519, 38.9477803], [-9.0670868, 38.9481704], [-9.0670649, 38.9486493], [-9.0669791, 38.9492584], [-9.0669121, 38.9495671]]}, "properties": {"highway": "motorway", "lanes": "3", "maxspeed": "120", "minspeed": "50", "name": "Autoestrada do Ribatejo", "oneway": "yes", "ref": "A 10;IC 2", "surface": "asphalt", "toll": "yes"}}, {"type": "Feature", "geometry": {"type": "LineString", "coordinates": [[-9.0669121, 38.9495671], [-9.0667851, 38.9499727], [-9.0666169, 38.9503763], [-9.0664465, 38.9507173], [-9.0662686, 38.9510191], [-9.0660539, 38.9513325], [-9.0658084, 38.9516328]]}, "properties": {"bridge": "viaduct", "highway": "motorway", "lanes": "3", "layer": "1", "maxspeed": "120", "minspeed": "50", "name": "Autoestrada do Ribatejo", "oneway": "yes", "ref": "A 10;IC 2", "surface": "asphalt", "toll": "yes"}}, {"type": "Feature", "geometry": {"type": "LineString", "coordinates": [[-9.0753489, 38.9256827], [-9.0754482, 38.9254384], [-9.0755545, 38.925169], [-9.0756608, 38.9248441], [-9.0757516, 38.9244959], [-9.0758108, 38.9241599], [-9.0758608, 38.9237539]]}, "properties": {"bridge": "viaduct", "highway": "motorway", "lanes": "3", "layer": "1", "maxspeed": "120", "minspeed": "50", "name": "Autoestrada do Ribatejo", "oneway": "yes", "ref": "A 10;IC 2", "surface": "asphalt", "toll": "yes"}}, {"type": "Feature", "geometry": {"type": "LineString", "coordinates": [[-9.0693747, 38.9400909], [-9.0689395, 38.9404514], [-9.0685895, 38.9407792], [-9.0683311, 38.9410121], [-9.0682437, 38.9410988]]}, "properties": {"highway": "motorway", "lanes": "3", "maxspeed": "120", "minspeed": "50", "name": "Autoestrada do Ribatejo", "oneway": "yes", "ref": "A 10;IC 2", "surface": "asphalt", "toll": "yes"}}, {"type": "Feature", "geometry": {"type": "LineString", "coordinates": [[-9.0739972, 38.9316359], [-9.0739881, 38.9305729], [-9.0739908, 38.9297174], [-9.0740874, 38.9289683], [-9.0741625, 38.9285615], [-9.0743234, 38.9280294], [-9.0744977, 38.9275515], [-9.0747123, 38.9270883], [-9.0753489, 38.9256827]]}, "properties": {"highway": "motorway", "lanes": "3", "maxspeed": "120", "minspeed": "50", "name": "Autoestrada do Ribatejo", "oneway": "yes", "ref": "A 10;IC 2", "surface": "asphalt", "toll": "yes"}}, {"type": "Feature", "geometry": {"type": "LineString", "coordinates": [[-9.0695839, 38.9402307], [-9.0702197, 38.9396489], [-9.0707134, 38.9391971], [-9.071207, 38.9387174], [-9.0716669, 38.9382297], [-9.0720511, 38.9377507], [-9.0724679, 38.9371851], [-9.0728445, 38.9365971], [-9.0731032, 38.9361225], [-9.0733977, 38.9354659], [-9.0736118, 38.9348972], [-9.0738112, 38.9342051], [-9.0739442, 38.9335145], [-9.0740044, 38.9328996], [-9.0740091, 38.9323362], [-9.0739972, 38.9316359]]}, "properties": {"bridge": "viaduct", "highway": "motorway", "lanes": "3", "layer": "1", "maxspeed": "120", "minspeed": "50", "name": "Autoestrada do Ribatejo", "oneway": "yes", "ref": "A 10;IC 2", "surface": "asphalt", "toll": "yes"}}, {"type": "Feature", "geometry": {"type": "LineString", "coordinates": [[-9.0738341, 38.9316403], [-9.0738582, 38.9323318], [-9.0738472, 38.9328947], [-9.0737788, 38.9334975], [-9.0736426, 38.9341831], [-9.0734386, 38.9348736], [-9.0732386, 38.9354143], [-9.0729324, 38.9360771], [-9.0726712, 38.9365572], [-9.0723255, 38.9371229], [-9.0719072, 38.937671], [-9.0715261, 38.9381484], [-9.0710611, 38.9386463], [-9.0705533, 38.9391232], [-9.070028, 38.9395587], [-9.0693747, 38.9400909]]}, "properties": {"bridge": "viaduct", "highway": "motorway", "lanes": "3", "layer": "1", "maxspeed": "120", "minspeed": "50", "name": "Autoestrada do Ribatejo", "oneway": "yes", "ref": "A 10;IC 2", "surface": "asphalt", "toll": "yes"}}, {"type": "Feature", "geometry": {"type": "LineString", "coordinates": [[-9.0756768, 38.923745], [-9.0756381, 38.9241252], [-9.0755701, 38.924502], [-9.0754838, 38.9248316], [-9.075381, 38.9251322], [-9.0752781, 38.9254018], [-9.0751835, 38.9256419]]}, "properties": {"bridge": "viaduct", "highway": "motorway", "lanes": "3", "layer": "1", "maxspeed": "120", "minspeed": "50", "name": "Autoestrada do Ribatejo", "oneway": "yes", "ref": "A 10;IC 2", "surface": "asphalt", "toll": "yes"}}, {"type": "Feature", "geometry": {"type": "LineString", "coordinates": [[-9.0758608, 38.9237539], [-9.0758764, 38.9234876], [-9.0758898, 38.9232009], [-9.0758684, 38.922796], [-9.075812, 38.9222576], [-9.0757155, 38.9217986], [-9.0755492, 38.9212664], [-9.0753173, 38.9206553]]}, "properties": {"highway": "motorway", "lanes": "3", "maxspeed": "120", "minspeed": "50", "name": "Autoestrada do Ribatejo", "oneway": "yes", "ref": "A 10;IC 2", "surface": "asphalt", "toll": "yes"}}, {"type": "Feature", "geometry": {"type": "LineString", "coordinates": [[-8.4549572, 40.3215429], [-8.454944, 40.3217578], [-8.4549522, 40.3220152], [-8.4549396, 40.3224028], [-8.4549045, 40.322603], [-8.4548803, 40.3227272], [-8.4548514, 40.3228497], [-8.4547894, 40.3230623], [-8.454669, 40.3234042], [-8.4545934, 40.3235729], [-8.4540309, 40.3248285], [-8.4540025, 40.3249522]]}, "properties": {"highway": "trunk", "lanes": "1", "maxspeed": "70", "oneway": "yes", "ref": "IC 2;EN 1", "source": "bing", "surface": "asphalt"}}, {"type": "Feature", "geometry": {"type": "LineString", "coordinates": [[-8.4540025, 40.3249522], [-8.4540842, 40.3248427], [-8.4544602, 40.3241092], [-8.4545391, 40.3239551], [-8.4546545, 40.3237361], [-8.4547277, 40.3235793], [-8.4548117, 40.3233866], [-8.4548972, 40.3231652], [-8.4549533, 40.322991], [-8.4549731, 40.3229212], [-8.4550016, 40.3227761], [-8.4550212, 40.3226095], [-8.4550236, 40.3225602], [-8.4550299, 40.3224266], [-8.4550343, 40.3223034], [-8.4550335, 40.3221293], [-8.4550156, 40.3217651], [-8.4549572, 40.3215429]]}, "properties": {"highway": "trunk", "lanes": "1", "maxspeed": "70", "oneway": "yes", "ref": "IC 2;EN 1", "source": "bing", "surface": "asphalt"}}, {"type": "Feature", "geometry": {"type": "LineString", "coordinates": [[-8.4522712, 40.3422303], [-8.4522481, 40.3423588], [-8.4521989, 40.3425524], [-8.4521404, 40.3427176], [-8.4519931, 40.3430139], [-8.4505019, 40.3454572], [-8.4503292, 40.3457478], [-8.4501566, 40.3460517], [-8.4500795, 40.3462124], [-8.4499931, 40.3464542], [-8.4499386, 40.3466965], [-8.449911, 40.3468931], [-8.4499016, 40.3470172], [-8.4498937, 40.3472949], [-8.4499075, 40.347512], [-8.4499453, 40.3477384]]}, "properties": {"highway": "trunk", "lanes": "3", "lit": "no", "maxspeed": "70", "oneway": "no", "ref": "IC 2;EN 1", "surface": "asphalt"}}, {"type": "Feature", "geometry": {"type": "LineString", "coordinates": [[-8.4425238, 40.214729], [-8.4423597, 40.2147006], [-8.4422137, 40.2146847], [-8.4420587, 40.2146824], [-8.4419294, 40.2146867], [-8.4417726, 40.2147029], [-8.4416355, 40.2147302], [-8.4415115, 40.2147643], [-8.4413465, 40.2148235], [-8.4411519, 40.2149211]]}, "properties": {"bridge": "yes", "highway": "trunk", "lanes": "2", "layer": "1", "maxweight": "3.5", "motorroad": "yes", "oneway": "yes", "ref": "IC 2", "source": "bing", "surface": "asphalt"}}, {"type": "Feature", "geometry": {"type": "LineString", "coordinates": [[-8.4410176, 40.2125839], [-8.4403582, 40.2116068], [-8.440151, 40.2111828], [-8.4399407, 40.2106259], [-8.4398185, 40.2103687]]}, "properties": {"bridge": "viaduct", "highway": "primary", "lanes": "2", "layer": "1", "name": "Avenida da Guarda Inglesa", "oneway": "yes", "ref": "IC 2", "sidewalk": "no", "source": "bing", "surface": "asphalt"}}, {"type": "Feature", "geometry": {"type": "LineString", "coordinates": [[-8.451258, 40.175303], [-8.4510759, 40.1754568], [-8.4509333, 40.1756047]]}, "properties": {"highway": "trunk", "lanes": "2", "maxspeed": "90", "motorroad": "yes", "old_ref": "EN 1", "oneway": "yes", "ref": "IC 2", "surface": "asphalt"}}, {"type": "Feature", "geometry": {"type": "LineString", "coordinates": [[-8.456395, 40.1672022], [-8.4562509, 40.1674743]]}, "properties": {"cycleway:both": "no", "highway": "trunk", "lanes": "3", "lanes:backward": "1", "lanes:forward": "2", "maxspeed": "90", "old_ref": "EN 1", "oneway": "no", "ref": "IC 2", "surface": "asphalt"}}, {"type": "Feature", "geometry": {"type": "LineString", "coordinates": [[-8.8918122, 39.5510787], [-8.8932275, 39.5490486]]}, "properties": {"highway": "trunk", "lanes": "2", "ref": "IC 2;EN 1", "surface": "asphalt"}}, {"type": "Feature", "geometry": {"type": "LineString", "coordinates": [[-8.8477629, 39.684608], [-8.8477711, 39.6852946], [-8.8477409, 39.6860426], [-8.8476047, 39.6887527], [-8.8474917, 39.6906605], [-8.8474632, 39.6913383], [-8.8473721, 39.6928351], [-8.8473494, 39.6931907], [-8.847322, 39.6934735], [-8.8472631, 39.6939761], [-8.8471759, 39.6944388], [-8.8470877, 39.6947917], [-8.8469743, 39.6951772], [-8.8467357, 39.6957784], [-8.8466088, 39.6960565], [-8.8464776, 39.6963041], [-8.8461952, 39.6967688]]}, "properties": {"highway": "motorway", "lanes": "2", "lit": "yes", "maxspeed": "120", "name": "Variante da Batalha", "oneway": "yes", "ref": "A 19;IC 2", "surface": "asphalt", "toll": "yes"}}, {"type": "Feature", "geometry": {"type": "LineString", "coordinates": [[-8.8466164, 39.6799574], [-8.8464595, 39.6796605], [-8.8462038, 39.6791788], [-8.8459054, 39.678606]]}, "properties": {"highway": "motorway", "lanes": "2", "maxspeed": "120", "name": "Variante da Batalha", "oneway": "yes", "ref": "A 19;IC 2", "surface": "asphalt", "toll": "yes"}}, {"type": "Feature", "geometry": {"type": "LineString", "coordinates": [[-8.8465, 39.6799953], [-8.8469794, 39.6810145], [-8.8471166, 39.6813815], [-8.8472042, 39.6816415], [-8.8473157, 39.6819776], [-8.8474403, 39.6824583], [-8.8475087, 39.6826989], [-8.8475889, 39.6830933], [-8.8476491, 39.6834415], [-8.8477145, 39.6839236], [-8.8477495, 39.6842703], [-8.8477629, 39.684608]]}, "properties": {"bridge": "viaduct", "highway": "motorway", "lanes": "2", "layer": "1", "lit": "yes", "maxspeed": "120", "name": "Variante da Batalha", "oneway": "yes", "ref": "A 19;IC 2", "surface": "asphalt"}}, {"type": "Feature", "geometry": {"type": "LineString", "coordinates": [[-8.8478801, 39.6846065], [-8.8478726, 39.6843301], [-8.8478469, 39.6839976], [-8.8478, 39.6836337], [-8.8477319, 39.6832092], [-8.8476155, 39.6826173], [-8.8475446, 39.6823424], [-8.8474414, 39.6819935], [-8.847317, 39.6815932], [-8.8471013, 39.6810116], [-8.8469493, 39.6806586], [-8.8466164, 39.6799574]]}, "properties": {"bridge": "viaduct", "highway": "motorway", "lanes": "2", "layer": "1", "lit": "yes", "maxspeed": "120", "name": "Variante da Batalha", "oneway": "yes", "ref": "A 19;IC 2", "surface": "asphalt"}}, {"type": "Feature", "geometry": {"type": "LineString", "coordinates": [[-8.8130483, 39.7567316], [-8.8135, 39.756495], [-8.8136312, 39.7564224], [-8.8137646, 39.7563429]]}, "properties": {"destination": "Leiria;Est\u00e1dio;Leiria Sul;Lisboa", "destination:colour": ";orange;blue;blue", "destination:ref": ";;A 19;", "destination:symbol": ";stadium;;", "highway": "motorway", "lanes": "1", "lit": "no", "maxspeed": "70", "name": "Variante da Batalha", "oneway": "yes", "ref": "A 19;IC 2", "smoothness": "good", "surface": "asphalt", "toll": "no"}}, {"type": "Feature", "geometry": {"type": "LineString", "coordinates": [[-8.8837117, 39.5627705], [-8.883798, 39.5626458]]}, "properties": {"highway": "trunk", "lanes": "2", "maxspeed": "60", "oneway": "yes", "ref": "IC 2;EN 1", "surface": "asphalt", "turn:lanes": "through|through;right"}}, {"type": "Feature", "geometry": {"type": "LineString", "coordinates": [[-8.8822302, 39.5648822], [-8.8825777, 39.5643919]]}, "properties": {"highway": "trunk", "lanes": "1", "maxspeed": "60", "oneway": "yes", "ref": "IC 2;EN 1", "surface": "asphalt"}}, {"type": "Feature", "geometry": {"type": "LineString", "coordinates": [[-8.88432, 39.5617355], [-8.8838243, 39.5624537]]}, "properties": {"highway": "trunk", "lanes": "2", "oneway": "yes", "ref": "IC 2;EN 1", "surface": "asphalt", "turn:lanes": "none|merge_to_left"}}, {"type": "Feature", "geometry": {"type": "LineString", "coordinates": [[-8.8810017, 39.5665727], [-8.8810939, 39.5664867], [-8.8813892, 39.5660833], [-8.8816688, 39.5656829], [-8.8822302, 39.5648822]]}, "properties": {"highway": "trunk", "lanes": "1", "oneway": "yes", "ref": "IC 2;EN 1", "surface": "asphalt"}}, {"type": "Feature", "geometry": {"type": "LineString", "coordinates": [[-8.6289955, 39.9260518], [-8.6289816, 39.9259868], [-8.6289651, 39.9259215], [-8.6289584, 39.9258537], [-8.6289606, 39.9257817], [-8.6289777, 39.9255691], [-8.6289795, 39.925496], [-8.6289669, 39.9250047], [-8.6289407, 39.9244653]]}, "properties": {"highway": "trunk", "lanes": "1", "maxspeed": "60", "oneway": "yes", "ref": "IC 2;EN 1", "surface": "asphalt"}}, {"type": "Feature", "geometry": {"type": "LineString", "coordinates": [[-8.6300905, 39.9224089], [-8.6298238, 39.9225076], [-8.6297291, 39.9225492], [-8.6296293, 39.922587], [-8.629534, 39.9226251], [-8.6294349, 39.9226577]]}, "properties": {"highway": "trunk", "lanes": "2", "maxspeed": "50", "oneway": "yes", "ref": "IC 2;EN 1", "smoothness": "good", "surface": "asphalt"}}, {"type": "Feature", "geometry": {"type": "LineString", "coordinates": [[-8.4830208, 40.8615158], [-8.4842181, 40.8599723], [-8.4843579, 40.8597626], [-8.484658, 40.8592014]]}, "properties": {"highway": "trunk", "lanes": "2", "oneway": "yes", "ref": "IC 2", "source": "Bing", "surface": "asphalt"}}, {"type": "Feature", "geometry": {"type": "LineString", "coordinates": [[-8.9939766, 39.049929], [-8.9940445, 39.0500148], [-8.9940785, 39.0500681], [-8.9941036, 39.0501222], [-8.9941262, 39.0501813], [-8.9941839, 39.0503914]]}, "properties": {"highway": "trunk", "lanes": "1", "name": "Variante de Alenquer", "oneway": "yes", "ref": "IC 2", "surface": "asphalt"}}, {"type": "Feature", "geometry": {"type": "LineString", "coordinates": [[-8.9941839, 39.0503914], [-8.9942286, 39.0501868], [-8.994264, 39.0500932], [-8.9942919, 39.0500301], [-8.9943139, 39.0499893], [-8.9943438, 39.0499265]]}, "properties": {"highway": "trunk", "lanes": "1", "name": "Variante de Alenquer", "oneway": "yes", "ref": "IC 2", "surface": "asphalt"}}, {"type": "Feature", "geometry": {"type": "LineString", "coordinates": [[-8.47065, 40.6346834], [-8.4706232, 40.6349755], [-8.4706283, 40.6350821], [-8.4706415, 40.6353526], [-8.470635, 40.6355922], [-8.4706255, 40.6356631], [-8.4706039, 40.6358248], [-8.4705235, 40.6361464], [-8.4703947, 40.6364639], [-8.4703109, 40.6366414], [-8.4702803, 40.6367063]]}, "properties": {"highway": "primary", "lanes": "1", "maxspeed": "70", "oneway": "yes", "ref": "IC 2;EN 1", "surface": "asphalt"}}, {"type": "Feature", "geometry": {"type": "LineString", "coordinates": [[-8.9943525, 39.0494409], [-8.9942892, 39.0493528], [-8.9942454, 39.0492853], [-8.9942067, 39.0492036], [-8.9941471, 39.048827]]}, "properties": {"highway": "primary", "lanes": "1", "oneway": "yes", "ref": "IC 2;EN 1", "surface": "asphalt"}}, {"type": "Feature", "geometry": {"type": "LineString", "coordinates": [[-8.9822615, 39.0354522], [-8.9828455, 39.0360888], [-8.9835865, 39.0368965]]}, "properties": {"highway": "primary", "lanes": "2", "maxspeed": "60", "oneway": "yes", "ref": "IC 2;EN 1", "surface": "asphalt"}}, {"type": "Feature", "geometry": {"type": "LineString", "coordinates": [[-8.4333377, 40.880149], [-8.4342604, 40.881163], [-8.4356766, 40.8826474], [-8.4377072, 40.8850644], [-8.4377687, 40.8851376], [-8.4382408, 40.885673], [-8.4387987, 40.8865165], [-8.4401612, 40.8886091], [-8.4414272, 40.8904584], [-8.442425, 40.8920237], [-8.4429233, 40.8928241], [-8.4431062, 40.8931179], [-8.4433692, 40.8935403], [-8.4449141, 40.8960216], [-8.445118, 40.8963379], [-8.4455003, 40.8969372], [-8.4456925, 40.8974058], [-8.4458594, 40.8979673], [-8.4459499, 40.8984829], [-8.445987, 40.8989492], [-8.445987, 40.899452], [-8.4459763, 40.8997358], [-8.4459119, 40.900044], [-8.4456544, 40.9013577], [-8.4456306, 40.9015253], [-8.44559, 40.9018118], [-8.4455641, 40.9021382], [-8.4455415, 40.9025193], [-8.4455392, 40.9027986], [-8.4455471, 40.9030931], [-8.4456437, 40.903685], [-8.4457013, 40.9039779], [-8.4457831, 40.9042689], [-8.4458797, 40.9045121], [-8.4461372, 40.9050149], [-8.4464054, 40.905469], [-8.446821, 40.9060044], [-8.4472208, 40.9064745], [-8.4481591, 40.9076228], [-8.4484886, 40.9080698], [-8.4488369, 40.9086136], [-8.4490149, 40.9089815], [-8.4491949, 40.9094422], [-8.4493224, 40.9098645], [-8.4498386, 40.9115746], [-8.4500318, 40.9122557], [-8.4503429, 40.91318], [-8.4509115, 40.9144448]]}, "properties": {"bicycle": "no", "foot": "no", "highway": "motorway", "lanes": "2", "maxspeed": "120", "name": "Autoestrada de Entre Douro-e-Vouga", "oneway": "yes", "ref": "A 32;IC 2", "source": "BING", "surface": "asphalt", "toll": "yes"}}, {"type": "Feature", "geometry": {"type": "LineString", "coordinates": [[-8.9998949, 39.0657796], [-8.9998553, 39.065918], [-8.9997262, 39.0661456]]}, "properties": {"highway": "primary", "lanes": "1", "oneway": "yes", "ref": "IC 2;EN 1", "surface": "asphalt"}}, {"type": "Feature", "geometry": {"type": "LineString", "coordinates": [[-8.9997262, 39.0661456], [-8.9999345, 39.0659483], [-8.9999977, 39.0659114], [-9.0000609, 39.0658745]]}, "properties": {"highway": "primary", "lanes": "1", "oneway": "yes", "ref": "IC 2;EN 1", "surface": "asphalt"}}, {"type": "Feature", "geometry": {"type": "LineString", "coordinates": [[-8.9994923, 39.0652744], [-8.9996813, 39.0654945], [-8.9997741, 39.0656002], [-8.9998208, 39.0656479], [-8.9998676, 39.0656956]]}, "properties": {"highway": "trunk", "lanes": "1", "name": "Variante de Alenquer", "oneway": "yes", "ref": "IC 2", "surface": "asphalt"}}, {"type": "Feature", "geometry": {"type": "LineString", "coordinates": [[-8.4847034, 40.8590093], [-8.4847443, 40.8588003], [-8.4847677, 40.8586033], [-8.4847737, 40.8584015], [-8.4847337, 40.8581308], [-8.4846641, 40.8578728], [-8.484593, 40.857682], [-8.4845096, 40.8575192], [-8.4844257, 40.8573734], [-8.4843198, 40.8572169], [-8.4841394, 40.8569855], [-8.4839427, 40.8567791], [-8.4837699, 40.856628], [-8.4835082, 40.8564277], [-8.4826915, 40.8559164], [-8.4818345, 40.8554213], [-8.4809325, 40.8549226], [-8.4804784, 40.8546764], [-8.4800677, 40.8544715], [-8.4792938, 40.8541413], [-8.4789255, 40.853992], [-8.476709, 40.853086], [-8.474369, 40.8521801], [-8.4734326, 40.8517911], [-8.4731191, 40.8516432], [-8.4727699, 40.85146], [-8.4725764, 40.851341], [-8.4724056, 40.851228], [-8.4721141, 40.8509898]]}, "properties": {"highway": "trunk", "lanes": "2", "maxheight:signed": "no", "oneway": "yes", "ref": "IC 2", "source": "Bing", "surface": "asphalt"}}, {"type": "Feature", "geometry": {"type": "LineString", "coordinates": [[-8.484658, 40.8592014], [-8.4847034, 40.8590093]]}, "properties": {"bridge": "yes", "highway": "trunk", "lanes": "2", "layer": "1", "maxweight:signed": "no", "oneway": "yes", "ref": "IC 2", "source": "Bing", "surface": "asphalt"}}, {"type": "Feature", "geometry": {"type": "LineString", "coordinates": [[-8.4775932, 40.8909923], [-8.477569, 40.8907437], [-8.4775617, 40.8904734], [-8.4775882, 40.8900976], [-8.4776413, 40.889802], [-8.4777283, 40.8895315], [-8.4778372, 40.8892565], [-8.4779697, 40.8889948], [-8.4780683, 40.8888239], [-8.4781671, 40.8886665], [-8.4783117, 40.8884665], [-8.4784127, 40.8883403], [-8.4785128, 40.8882201], [-8.478619, 40.8881022], [-8.4787527, 40.8879701], [-8.4789476, 40.8877905], [-8.4795204, 40.88735]]}, "properties": {"highway": "trunk", "lanes": "2", "maxheight:signed": "no", "oneway": "yes", "ref": "IC 2", "source": "Bing", "surface": "asphalt"}}, {"type": "Feature", "geometry": {"type": "LineString", "coordinates": [[-8.4795204, 40.88735], [-8.4796781, 40.8872325]]}, "properties": {"bridge": "yes", "highway": "trunk", "lanes": "2", "layer": "1", "maxweight:signed": "no", "oneway": "yes", "ref": "IC 2", "source": "Bing", "surface": "asphalt"}}, {"type": "Feature", "geometry": {"type": "LineString", "coordinates": [[-8.4796781, 40.8872325], [-8.4804679, 40.8866177], [-8.4819664, 40.88543], [-8.483464, 40.8840067], [-8.4847167, 40.8828374], [-8.4850024, 40.8825707], [-8.4852319, 40.8823244], [-8.4853844, 40.8821322], [-8.485566, 40.8818868], [-8.4857357, 40.8816386], [-8.4859327, 40.8813276], [-8.4870142, 40.8792928], [-8.4871785, 40.8789701], [-8.4872631, 40.8787565], [-8.4873564, 40.8784745], [-8.4874108, 40.8782528], [-8.487444, 40.878082], [-8.4874654, 40.877838], [-8.4874719, 40.8776294], [-8.4874692, 40.8773797], [-8.4874508, 40.8770825], [-8.4874209, 40.8768827], [-8.4873762, 40.8767157], [-8.4872794, 40.8764262], [-8.4872132, 40.8762626], [-8.4870721, 40.8759528]]}, "properties": {"highway": "trunk", "lanes": "2", "maxheight:signed": "no", "oneway": "yes", "ref": "IC 2", "source": "Bing", "surface": "asphalt"}}, {"type": "Feature", "geometry": {"type": "LineString", "coordinates": [[-8.4686912, 40.8246944], [-8.4686163, 40.8248071]]}, "properties": {"bridge": "yes", "highway": "trunk", "lanes": "1", "layer": "1", "maxspeed": "90", "oneway": "yes", "ref": "IC 2", "source": "Bing", "surface": "asphalt"}}, {"type": "Feature", "geometry": {"type": "LineString", "coordinates": [[-8.4686163, 40.8248071], [-8.4682352, 40.8254758], [-8.467994, 40.8260036], [-8.4678499, 40.826457], [-8.4677956, 40.8268354], [-8.4677816, 40.8271461], [-8.4678131, 40.8275478]]}, "properties": {"highway": "trunk", "lanes": "1", "maxspeed": "90", "oneway": "yes", "ref": "IC 2", "source": "Bing", "surface": "asphalt"}}, {"type": "Feature", "geometry": {"type": "LineString", "coordinates": [[-8.9715927, 39.220795], [-8.9729107, 39.2205914], [-8.9743209, 39.22037], [-8.9756891, 39.2201611]]}, "properties": {"highway": "primary", "lanes": "2", "maxspeed": "90", "ref": "IC 2;EN 1", "surface": "asphalt"}}, {"type": "Feature", "geometry": {"type": "LineString", "coordinates": [[-8.9713033, 39.2208397], [-8.9715927, 39.220795]]}, "properties": {"bridge": "yes", "highway": "primary", "lanes": "2", "maxspeed": "90", "ref": "IC 2;EN 1", "surface": "asphalt"}}, {"type": "Feature", "geometry": {"type": "LineString", "coordinates": [[-8.4501112, 40.19174], [-8.4500556, 40.1912911], [-8.4499092, 40.1901097], [-8.4498342, 40.1895039], [-8.4497591, 40.1888974], [-8.4497149, 40.1885823], [-8.4496258, 40.1882333], [-8.449511, 40.1878487], [-8.449394, 40.1874861], [-8.4491892, 40.186943], [-8.4489598, 40.186332], [-8.4488043, 40.1858853], [-8.4487117, 40.1854964], [-8.4486165, 40.1849796], [-8.4484288, 40.1839059], [-8.448245, 40.1828284], [-8.448149, 40.1822853]]}, "properties": {"highway": "trunk", "lanes": "3", "lit": "yes", "maxheight:signed": "no", "maxspeed": "90", "motorroad": "yes", "oneway": "yes", "ref": "IC 2", "surface": "asphalt", "turn:lanes": "through|through|slight_right"}}, {"type": "Feature", "geometry": {"type": "LineString", "coordinates": [[-8.4499652, 40.1915679], [-8.4500529, 40.1922648], [-8.4501166, 40.1927557]]}, "properties": {"change:lanes": "no|no", "destination": "Porto;\u00c1gueda;Coimbra Norte;Viseu", "destination:ref:to": "IP 3", "highway": "trunk", "lanes": "2", "lit": "yes", "maxspeed": "70", "motorroad": "yes", "oneway": "yes", "ref": "IC 2"}}, {"type": "Feature", "geometry": {"type": "LineString", "coordinates": [[-8.4526783, 40.1977019], [-8.4531942, 40.1986407], [-8.4534461, 40.1991497], [-8.4535856, 40.1995131], [-8.453644, 40.1997043], [-8.4536851, 40.1998889], [-8.4537217, 40.2001367], [-8.4537345, 40.2003402], [-8.4537213, 40.20069], [-8.4536732, 40.2009865], [-8.4535908, 40.2013], [-8.4534777, 40.201584], [-8.4533521, 40.2018366], [-8.4531811, 40.2020982], [-8.452942, 40.2024085], [-8.4526531, 40.2026956], [-8.4523095, 40.203001], [-8.4515727, 40.2035814], [-8.4508398, 40.2041182]]}, "properties": {"highway": "trunk", "lanes": "2", "maxspeed": "90", "motorroad": "yes", "oneway": "yes", "ref": "IC 2"}}, {"type": "Feature", "geometry": {"type": "LineString", "coordinates": [[-8.4720198, 40.1346105], [-8.4729022, 40.1342094], [-8.4732955, 40.133977], [-8.4735783, 40.1337199], [-8.474526, 40.1327378], [-8.4748341, 40.1324497], [-8.4751778, 40.1321863], [-8.4754824, 40.1320235], [-8.4767553, 40.1315595]]}, "properties": {"cycleway:both": "no", "highway": "trunk", "lanes": "1", "lit": "no", "maxheight": "default", "maxspeed": "70", "old_ref": "EN 1", "oneway": "yes", "ref": "IC 2;EN 1", "smoothness": "excellent", "surface": "asphalt"}}, {"type": "Feature", "geometry": {"type": "LineString", "coordinates": [[-8.4535449, 40.1991145], [-8.4532193, 40.1984588], [-8.4527772, 40.1976452], [-8.4525844, 40.1973451], [-8.4524101, 40.1971424], [-8.4521233, 40.1968732], [-8.4519641, 40.196764], [-8.4514126, 40.1963859], [-8.4511648, 40.1961769], [-8.4509574, 40.195958]]}, "properties": {"highway": "trunk", "lanes": "2", "maxspeed": "70", "motorroad": "yes", "oneway": "yes", "ref": "IC 2"}}, {"type": "Feature", "geometry": {"type": "LineString", "coordinates": [[-8.4462947, 40.2121093], [-8.4463255, 40.2125194], [-8.446322, 40.2127477], [-8.4462835, 40.2129882], [-8.4461881, 40.2133786]]}, "properties": {"highway": "trunk", "lanes": "2", "maxheight": "default", "maxspeed": "50", "motorroad": "yes", "oneway": "yes", "ref": "IC 2", "surface": "asphalt"}}, {"type": "Feature", "geometry": {"type": "LineString", "coordinates": [[-8.4787856, 40.1307249], [-8.4786306, 40.1307851]]}, "properties": {"cycleway:both": "no", "highway": "trunk", "lanes": "2", "lit": "no", "maxspeed": "90", "old_ref": "EN 1", "oneway": "yes", "ref": "IC 2", "source": "Bing", "surface": "asphalt"}}, {"type": "Feature", "geometry": {"type": "LineString", "coordinates": [[-8.4944153, 40.123295], [-8.495017, 40.1230133], [-8.4961701, 40.122442], [-8.4970118, 40.1219792], [-8.4972176, 40.1218555]]}, "properties": {"highway": "trunk", "lanes": "2", "lit": "yes", "maxspeed": "90", "old_ref": "EN 1", "oneway": "yes", "ref": "IC 2", "source": "Bing", "surface": "asphalt"}}, {"type": "Feature", "geometry": {"type": "LineString", "coordinates": [[-8.6068078, 41.1122393], [-8.6067879, 41.1125079]]}, "properties": {"destination": "P.te do Infante;Gaia", "destination:symbol": "hospital;centre", "highway": "primary", "lanes": "3", "maxheight:signed": "no", "name": "N\u00f3 de Santo Ov\u00eddio", "oneway": "yes", "placement": "right_of:2", "ref": "IC 2", "surface": "asphalt", "turn:lanes": "through|through;slight_right|slight_right"}}, {"type": "Feature", "geometry": {"type": "LineString", "coordinates": [[-8.6066154, 41.1143001], [-8.6064328, 41.1163198]]}, "properties": {"destination": "P.te do Infante;Gaia", "destination:symbol": "centre", "highway": "primary", "lanes": "2", "layer": "-2", "maxheight": "4.5", "name": "N\u00f3 de Santo Ov\u00eddio", "oneway": "yes", "ref": "IC 2", "shoulder": "no", "surface": "asphalt", "tunnel": "yes"}}, {"type": "Feature", "geometry": {"type": "LineString", "coordinates": [[-8.6066321, 41.1163625], [-8.6067995, 41.1143102]]}, "properties": {"highway": "primary", "lanes": "2", "layer": "-2", "maxheight": "4.5", "name": "N\u00f3 de Santo Ov\u00eddio", "oneway": "yes", "ref": "IC 2", "shoulder": "no", "surface": "asphalt", "tunnel": "yes"}}, {"type": "Feature", "geometry": {"type": "LineString", "coordinates": [[-8.6068319, 41.1139682], [-8.6068705, 41.1136181], [-8.6068859, 41.1134594], [-8.6069031, 41.1133128], [-8.6069164, 41.1131856], [-8.6069236, 41.1130797]]}, "properties": {"highway": "primary", "lanes": "2", "name": "N\u00f3 de Santo Ov\u00eddio", "oneway": "yes", "ref": "IC 2", "surface": "asphalt", "turn:lanes": "through|through;slight_right"}}, {"type": "Feature", "geometry": {"type": "LineString", "coordinates": [[-8.4437206, 40.2730294], [-8.4436401, 40.2739361], [-8.4436533, 40.2742942], [-8.443716, 40.2746446], [-8.443769, 40.2748401], [-8.4438954, 40.2751389], [-8.4440043, 40.2753272]]}, "properties": {"highway": "trunk", "lanes": "2", "lit": "no", "maxspeed": "100", "minspeed": "40", "motorroad": "yes", "old_ref": "EN 1", "oneway": "yes", "ref": "IC 2", "surface": "asphalt"}}, {"type": "Feature", "geometry": {"type": "LineString", "coordinates": [[-8.4425847, 40.2640448], [-8.442613, 40.2639163], [-8.4427179, 40.2634416], [-8.4435627, 40.2610512], [-8.443645, 40.260655], [-8.4436687, 40.2602416], [-8.4436348, 40.2596405], [-8.4435505, 40.2589069], [-8.4435339, 40.2585578], [-8.4434893, 40.2580889], [-8.4432872, 40.2555878], [-8.4430801, 40.2533469], [-8.4430382, 40.2528928]]}, "properties": {"highway": "trunk", "lanes": "2", "lit": "no", "maxheight": "default", "maxspeed": "100", "motorroad": "yes", "oneway": "yes", "ref": "IC 2", "surface": "asphalt"}}, {"type": "Feature", "geometry": {"type": "LineString", "coordinates": [[-8.4767553, 40.1315595], [-8.4778907, 40.1311424], [-8.4782447, 40.1310312]]}, "properties": {"cycleway:both": "no", "highway": "trunk", "lanes": "1", "lit": "no", "maxspeed": "70", "old_ref": "EN 1", "oneway": "yes", "ref": "IC 2", "smoothness": "excellent", "surface": "asphalt"}}, {"type": "Feature", "geometry": {"type": "LineString", "coordinates": [[-8.47268, 40.5827309], [-8.4734732, 40.5802956], [-8.4748589, 40.5755051]]}, "properties": {"highway": "trunk", "lanes": "2", "lanes:backward": "1", "lanes:forward": "1", "maxheight:signed": "no", "maxspeed": "90", "oneway": "no", "ref": "IC 2"}}, {"type": "Feature", "geometry": {"type": "LineString", "coordinates": [[-8.4676991, 40.6011631], [-8.467888, 40.6005728], [-8.4679344, 40.6003325]]}, "properties": {"highway": "trunk", "lanes": "1", "maxspeed": "90", "oneway": "yes", "ref": "IC 2"}}, {"type": "Feature", "geometry": {"type": "LineString", "coordinates": [[-8.4641629, 40.6140781], [-8.4646401, 40.6128404], [-8.4648129, 40.612404], [-8.464843, 40.6123314], [-8.4649819, 40.6119569], [-8.4650155, 40.6118647], [-8.4651334, 40.6115529]]}, "properties": {"highway": "primary", "lanes": "2", "maxspeed": "70", "oneway": "no", "overtaking": "no", "ref": "IC 2;EN 1", "surface": "asphalt"}}, {"type": "Feature", "geometry": {"type": "LineString", "coordinates": [[-8.8586538, 39.5965664], [-8.8585477, 39.5966941], [-8.8584928, 39.5967906], [-8.8583574, 39.5970376], [-8.8582342, 39.5972784]]}, "properties": {"highway": "trunk", "lanes": "1", "maxspeed": "60", "oneway": "yes", "ref": "IC 2;EN 1", "surface": "asphalt"}}, {"type": "Feature", "geometry": {"type": "LineString", "coordinates": [[-8.8574683, 39.6026006], [-8.8575088, 39.6024338], [-8.8575848, 39.6014621]]}, "properties": {"highway": "trunk", "lanes": "1", "maxspeed": "70", "oneway": "yes", "ref": "IC 2;EN 1", "surface": "asphalt"}}, {"type": "Feature", "geometry": {"type": "LineString", "coordinates": [[-8.4884398, 40.731066], [-8.4884304, 40.7307579], [-8.487965, 40.729212], [-8.4865659, 40.7245812], [-8.4864214, 40.7241014], [-8.4859778, 40.7226298], [-8.4857701, 40.7219449], [-8.4855462, 40.7211766], [-8.4851549, 40.719749], [-8.4841709, 40.7164081], [-8.4837416, 40.7149612], [-8.4837145, 40.7148579], [-8.4831271, 40.7130242]]}, "properties": {"highway": "primary", "lanes": "2", "maxspeed": "90", "oneway": "no", "ref": "IC 2;EN 1", "surface": "asphalt"}}, {"type": "Feature", "geometry": {"type": "LineString", "coordinates": [[-8.454698, 40.416303], [-8.4545816, 40.4166456], [-8.4545597, 40.4167223], [-8.4544531, 40.4171153], [-8.4544298, 40.4172082], [-8.4543977, 40.4173365], [-8.4543245, 40.4177384], [-8.4543022, 40.4178642], [-8.4542955, 40.4179021], [-8.4542731, 40.4180621], [-8.4542415, 40.4183511], [-8.4542028, 40.4187914]]}, "properties": {"highway": "primary", "lanes": "1", "maxspeed": "70", "oneway": "yes", "ref": "IC 2;EN 1", "surface": "asphalt"}}, {"type": "Feature", "geometry": {"type": "LineString", "coordinates": [[-8.4542028, 40.4187914], [-8.4543344, 40.4179311], [-8.4543463, 40.4178699], [-8.4543957, 40.4176165], [-8.4544629, 40.4173546], [-8.4544888, 40.4172674]]}, "properties": {"highway": "primary", "lanes": "1", "maxspeed": "70", "oneway": "yes", "ref": "IC 2;EN 1", "source": "bing", "surface": "asphalt"}}, {"type": "Feature", "geometry": {"type": "LineString", "coordinates": [[-8.4548405, 40.4157935], [-8.4552823, 40.4140762], [-8.4555951, 40.4128462], [-8.4557482, 40.4122342], [-8.4557969, 40.4120242], [-8.4558392, 40.411785], [-8.4558607, 40.4115543], [-8.4558656, 40.4113996], [-8.4558683, 40.4113147], [-8.455858, 40.4110772], [-8.4558329, 40.4108649], [-8.4557956, 40.410654], [-8.4557468, 40.4104292], [-8.4556841, 40.4102213], [-8.4556124, 40.410028], [-8.4555272, 40.4098396], [-8.455482, 40.4097395], [-8.4547836, 40.4085235], [-8.4540585, 40.4072611]]}, "properties": {"highway": "primary", "lane_markings": "yes", "lanes": "2", "maxspeed": "70", "oneway": "no", "ref": "IC 2;EN 1", "source": "bing", "surface": "asphalt"}}, {"type": "Feature", "geometry": {"type": "LineString", "coordinates": [[-8.4487042, 40.306717], [-8.448799, 40.3070906], [-8.4488961, 40.3074852], [-8.4490276, 40.3079288], [-8.4494369, 40.3093272], [-8.4495094, 40.3095694], [-8.4499988, 40.3112047]]}, "properties": {"highway": "trunk", "lanes": "2", "lit": "no", "maxspeed": "50", "oneway": "no", "ref": "IC 2;EN 1", "surface": "asphalt"}}, {"type": "Feature", "geometry": {"type": "LineString", "coordinates": [[-8.4460161, 40.2890332], [-8.4460309, 40.2897119], [-8.4460595, 40.2922446], [-8.4460634, 40.2948632], [-8.4460271, 40.2962821], [-8.4460104, 40.2966688], [-8.4460137, 40.2969341], [-8.4460189, 40.2970869], [-8.4460333, 40.2972993], [-8.4460589, 40.2975003], [-8.4461035, 40.2978046], [-8.4461586, 40.2981161], [-8.446284, 40.2987042], [-8.4465114, 40.2996019]]}, "properties": {"highway": "trunk", "lanes": "2", "lit": "no", "maxspeed": "90", "oneway": "yes", "ref": "IC 2;EN 1", "surface": "asphalt"}}, {"type": "Feature", "geometry": {"type": "LineString", "coordinates": [[-8.4714714, 40.6783099], [-8.4712396, 40.6789514], [-8.470815, 40.6801264], [-8.4707599, 40.680226], [-8.470671, 40.6803376], [-8.4706559, 40.680357], [-8.4706122, 40.680401]]}, "properties": {"highway": "trunk", "lanes": "1", "maxspeed": "70", "oneway": "yes", "ref": "IC 2;EN 1", "surface": "asphalt"}}, {"type": "Feature", "geometry": {"type": "LineString", "coordinates": [[-8.7786136, 39.7658823], [-8.7793516, 39.7655617]]}, "properties": {"highway": "trunk", "lanes": "1", "lit": "no", "maxspeed": "80", "oneway": "yes", "ref": "IC 2", "surface": "asphalt"}}, {"type": "Feature", "geometry": {"type": "LineString", "coordinates": [[-8.7784062, 39.7659363], [-8.7777061, 39.7662496], [-8.7775157, 39.7663383], [-8.7771268, 39.7665094], [-8.776424, 39.766829], [-8.776212, 39.7669167]]}, "properties": {"highway": "trunk", "lanes": "1", "lit": "no", "maxspeed": "60", "oneway": "yes", "ref": "IC 2;EN 1", "surface": "asphalt"}}, {"type": "Feature", "geometry": {"type": "LineString", "coordinates": [[-8.7628747, 39.7758449], [-8.763346, 39.7754834], [-8.7635563, 39.7753172], [-8.7637051, 39.7751978]]}, "properties": {"highway": "trunk", "lanes": "2", "lit": "yes", "maxspeed": "80", "ref": "IC 2;EN 1", "surface": "asphalt"}}, {"type": "Feature", "geometry": {"type": "LineString", "coordinates": [[-8.7628747, 39.7758449], [-8.762601, 39.776067], [-8.7623611, 39.7762563], [-8.7616155, 39.7768548]]}, "properties": {"highway": "trunk", "lanes": "3", "lanes:backward": "2", "lanes:forward": "1", "lit": "yes", "maxspeed": "80", "ref": "IC 2;EN 1", "surface": "asphalt", "turn:lanes:backward": "none|merge_to_left"}}, {"type": "Feature", "geometry": {"type": "LineString", "coordinates": [[-8.7583382, 39.7794794], [-8.7579573, 39.7798363], [-8.7577817, 39.7800168], [-8.7576238, 39.7801886], [-8.7575262, 39.7803053]]}, "properties": {"highway": "trunk", "lanes": "3", "lanes:backward": "1", "lanes:forward": "2", "lit": "yes", "maxspeed:backward": "60", "maxspeed:forward": "80", "minspeed:lanes:forward": "60|", "ref": "IC 2;EN 1", "surface": "asphalt"}}, {"type": "Feature", "geometry": {"type": "LineString", "coordinates": [[-8.561624, 40.0347196], [-8.5623811, 40.0342543], [-8.5627754, 40.0339812], [-8.5631387, 40.0337374]]}, "properties": {"highway": "trunk", "lanes": "1", "lit": "yes", "oneway": "yes", "ref": "IC 2;EN 1", "smoothness": "good", "surface": "asphalt"}}, {"type": "Feature", "geometry": {"type": "LineString", "coordinates": [[-8.5656142, 40.0319899], [-8.5693371, 40.0294149]]}, "properties": {"highway": "trunk", "lanes": "3", "lanes:backward": "1", "lanes:forward": "2", "lit": "yes", "maxspeed": "80", "minspeed:lanes:forward": "60|", "ref": "IC 2;EN 1", "surface": "asphalt"}}, {"type": "Feature", "geometry": {"type": "LineString", "coordinates": [[-8.4853636, 40.872124], [-8.4851187, 40.8717828], [-8.484538, 40.8709765], [-8.4840186, 40.8702664], [-8.4829682, 40.8688082], [-8.4821931, 40.867786], [-8.4820869, 40.867642], [-8.4817982, 40.8672109], [-8.4815749, 40.8668028], [-8.4814634, 40.8665766], [-8.4813518, 40.8663291], [-8.4812665, 40.8660602], [-8.4812057, 40.8657322], [-8.4811758, 40.8654186], [-8.4811723, 40.8652434], [-8.4811823, 40.865032], [-8.4812328, 40.8645912]]}, "properties": {"highway": "trunk", "lanes": "2", "maxheight:signed": "no", "oneway": "yes", "ref": "IC 2", "source": "Bing", "surface": "asphalt"}}, {"type": "Feature", "geometry": {"type": "LineString", "coordinates": [[-8.4402345, 40.2154711], [-8.439366, 40.2159916], [-8.4392128, 40.2160785]]}, "properties": {"bridge": "yes", "destination:lanes": "Porto|Porto;Coimbra Este|Centro", "highway": "trunk", "lanes": "3", "layer": "2", "maxweight": "3.5", "motorroad": "yes", "oneway": "yes", "ref": "IC 2", "source": "bing", "surface": "asphalt", "turn:lanes": "through|through|right"}}, {"type": "Feature", "geometry": {"type": "LineString", "coordinates": [[-8.4381702, 40.2170605], [-8.4381835, 40.217361], [-8.438241, 40.2175443], [-8.4388147, 40.2188381], [-8.4388835, 40.2190294], [-8.4390028, 40.2193708], [-8.4390933, 40.2196974], [-8.4393843, 40.2209959], [-8.4394405, 40.2212834], [-8.439639, 40.2222996], [-8.4396139, 40.2225184], [-8.4395915, 40.222621], [-8.4395533, 40.2227198], [-8.4395004, 40.2228247], [-8.4393977, 40.2229691], [-8.4392829, 40.2230964], [-8.4390665, 40.2232651], [-8.4385563, 40.2236631]]}, "properties": {"bridge": "viaduct", "bridge:structure": "beam", "highway": "trunk", "lanes": "2", "layer": "1", "lit": "yes", "motorroad": "yes", "oneway": "yes", "ref": "IC 2", "source": "bing", "surface": "asphalt"}}, {"type": "Feature", "geometry": {"type": "LineString", "coordinates": [[-8.9466886, 39.2919123], [-8.9432774, 39.2875309], [-8.942973, 39.2871336], [-8.9427439, 39.2868384], [-8.9425159, 39.2865433], [-8.9423467, 39.2863136], [-8.9422313, 39.2861265], [-8.9421309, 39.2859572]]}, "properties": {"highway": "trunk", "lanes": "2", "maxspeed": "90", "ref": "IC 2", "surface": "asphalt"}}, {"type": "Feature", "geometry": {"type": "LineString", "coordinates": [[-8.5996382, 39.997791], [-8.6006321, 39.9971934], [-8.6008909, 39.9970448]]}, "properties": {"highway": "trunk", "lanes": "2", "lit": "yes", "maxspeed": "80", "ref": "IC 2;EN 1", "surface": "asphalt"}}, {"type": "Feature", "geometry": {"type": "LineString", "coordinates": [[-8.5894477, 40.0077043], [-8.5898288, 40.0070521], [-8.5899718, 40.0068034]]}, "properties": {"highway": "trunk", "lanes": "3", "lanes:backward": "1", "lanes:forward": "2", "lit": "no", "maxspeed": "80", "minspeed:lanes:forward": "60|", "ref": "IC 2;EN 1", "surface": "asphalt", "turn:lanes:backward": "through;right"}}, {"type": "Feature", "geometry": {"type": "LineString", "coordinates": [[-8.5865356, 40.0109454], [-8.5867507, 40.0107525], [-8.5873099, 40.0102299], [-8.5875792, 40.009986], [-8.5879322, 40.0096582], [-8.588205, 40.0093906], [-8.5883163, 40.0092776]]}, "properties": {"highway": "trunk", "lanes": "2", "lit": "no", "maxspeed": "70", "ref": "IC 2;EN 1", "surface": "asphalt"}}, {"type": "Feature", "geometry": {"type": "LineString", "coordinates": [[-8.443176, 40.2147866], [-8.4429518, 40.2148044], [-8.442682, 40.2147655], [-8.4425238, 40.214729]]}, "properties": {"destination": "Porto;Coimbra Norte;Viseu;HUC", "destination:ref:to": "IP 3", "destination:symbol": "hospital", "highway": "trunk", "lanes": "2", "maxspeed": "60", "maxspeed:type": "sign", "motorroad": "yes", "oneway": "yes", "ref": "IC 2", "surface": "asphalt"}}, {"type": "Feature", "geometry": {"type": "LineString", "coordinates": [[-9.0619979, 38.9670471], [-9.0618003, 38.9674976]]}, "properties": {"bridge": "yes", "highway": "motorway", "lanes": "3", "layer": "1", "maxspeed": "120", "minspeed": "50", "name": "Autoestrada do Ribatejo", "oneway": "yes", "ref": "A 10;IC 2", "surface": "asphalt", "toll": "yes"}}, {"type": "Feature", "geometry": {"type": "LineString", "coordinates": [[-9.0628338, 38.9642087], [-9.0627435, 38.9646842], [-9.062566, 38.9654797]]}, "properties": {"bridge": "yes", "highway": "motorway", "lanes": "3", "layer": "1", "maxspeed": "120", "minspeed": "50", "name": "Autoestrada do Ribatejo", "oneway": "yes", "ref": "A 10;IC 2", "surface": "asphalt", "toll": "yes"}}, {"type": "Feature", "geometry": {"type": "LineString", "coordinates": [[-9.062566, 38.9654797], [-9.0624748, 38.9658382], [-9.0624031, 38.9660675], [-9.0623472, 38.9662333], [-9.0619979, 38.9670471]]}, "properties": {"highway": "motorway", "lanes": "3", "maxspeed": "120", "minspeed": "50", "name": "Autoestrada do Ribatejo", "oneway": "yes", "ref": "A 10;IC 2", "surface": "asphalt", "toll": "yes"}}, {"type": "Feature", "geometry": {"type": "LineString", "coordinates": [[-9.0488784, 38.986979], [-9.0492685, 38.9867626], [-9.0496377, 38.9865445], [-9.0500543, 38.9862698], [-9.0504682, 38.9859695], [-9.0510056, 38.9855081], [-9.0523419, 38.9842801]]}, "properties": {"highway": "motorway", "lanes": "3", "maxspeed": "120", "minspeed": "50", "name": "Autoestrada do Ribatejo", "oneway": "yes", "ref": "A 10;IC 2", "surface": "asphalt", "toll": "yes"}}, {"type": "Feature", "geometry": {"type": "LineString", "coordinates": [[-9.0466003, 38.9876302], [-9.0459245, 38.987751], [-9.0454452, 38.9878254], [-9.0450548, 38.9878664], [-9.0446936, 38.9878912], [-9.0443632, 38.9878963], [-9.04387, 38.987894], [-9.0433643, 38.9878694], [-9.0426842, 38.9878262], [-9.0419995, 38.9877818], [-9.0412956, 38.9877813], [-9.0406554, 38.9878171], [-9.0399972, 38.987904], [-9.0393208, 38.9880325], [-9.0389905, 38.9881174], [-9.0386536, 38.9882122]]}, "properties": {"highway": "motorway", "lanes": "3", "maxspeed": "120", "minspeed": "50", "name": "Autoestrada do Ribatejo", "oneway": "yes", "ref": "A 10;IC 2", "surface": "asphalt", "toll": "yes"}}, {"type": "Feature", "geometry": {"type": "LineString", "coordinates": [[-9.0466411, 38.9877534], [-9.0471149, 38.987643], [-9.0474969, 38.9875447], [-9.0477607, 38.987469], [-9.0479663, 38.9874018], [-9.0481609, 38.9873237], [-9.0483789, 38.9872306], [-9.0486709, 38.9870918], [-9.0488784, 38.986979]]}, "properties": {"bridge": "yes", "highway": "motorway", "lanes": "3", "layer": "1", "maxspeed": "120", "minspeed": "50", "name": "Autoestrada do Ribatejo", "oneway": "yes", "ref": "A 10;IC 2", "surface": "asphalt", "toll": "yes"}}, {"type": "Feature", "geometry": {"type": "LineString", "coordinates": [[-9.0491249, 38.9866872], [-9.0487967, 38.9868727], [-9.0484859, 38.9870314], [-9.0482731, 38.9871297], [-9.0481087, 38.9872009], [-9.0479244, 38.987272], [-9.0477041, 38.9873459], [-9.0475026, 38.9874033], [-9.0472949, 38.9874594], [-9.0469918, 38.9875358], [-9.0466003, 38.9876302]]}, "properties": {"bridge": "yes", "highway": "motorway", "lanes": "3", "layer": "1", "maxspeed": "120", "minspeed": "50", "name": "Autoestrada do Ribatejo", "oneway": "yes", "ref": "A 10;IC 2", "surface": "asphalt", "toll": "yes"}}, {"type": "Feature", "geometry": {"type": "LineString", "coordinates": [[-8.4812328, 40.8645912], [-8.4812472, 40.8644763], [-8.4813169, 40.8641929], [-8.4814488, 40.8637884]]}, "properties": {"highway": "trunk", "lanes": "2", "oneway": "yes", "ref": "IC 2", "source": "Bing", "surface": "asphalt"}}, {"type": "Feature", "geometry": {"type": "LineString", "coordinates": [[-8.4827576, 40.7812461], [-8.4827797, 40.7811888], [-8.4828925, 40.7809192], [-8.4835764, 40.7793932]]}, "properties": {"highway": "primary", "lanes": "2", "maxspeed": "50", "name": "Estrada Nacional 1", "old_name": "Estrada Nacional 1", "oneway": "no", "ref": "IC 2;EN 1", "source": "Bing", "surface": "asphalt"}}, {"type": "Feature", "geometry": {"type": "LineString", "coordinates": [[-8.4818229, 40.7833336], [-8.4817455, 40.7835671], [-8.4817304, 40.7836169], [-8.4817103, 40.7836801], [-8.4817009, 40.7837097], [-8.481663, 40.7838696], [-8.4816419, 40.7839431], [-8.4816062, 40.7840733], [-8.4815663, 40.7842894], [-8.4815299, 40.7844965], [-8.4814689, 40.7848307], [-8.4814537, 40.784936], [-8.4814431, 40.78506], [-8.4814149, 40.785476], [-8.4814115, 40.7856712], [-8.4814161, 40.7859454], [-8.4814255, 40.7861011], [-8.4814266, 40.7861187], [-8.4814364, 40.7862599], [-8.4814407, 40.7863149], [-8.4814497, 40.7864464], [-8.4814642, 40.7866476], [-8.4814708, 40.7867262], [-8.4814982, 40.7870547], [-8.4815182, 40.7872983], [-8.4815324, 40.7874679], [-8.4815531, 40.7877159], [-8.4815558, 40.7877471], [-8.4815752, 40.7879873], [-8.4815863, 40.7881249], [-8.4815885, 40.7881525], [-8.481599, 40.7882874], [-8.4816168, 40.7885142], [-8.4816591, 40.7891373], [-8.4816732, 40.789556], [-8.4816603, 40.7898626], [-8.4816133, 40.7903808], [-8.4815839, 40.7905986], [-8.4815451, 40.7907903], [-8.4815437, 40.7908915]]}, "properties": {"highway": "primary", "lanes": "1", "maxheight:signed": "no", "maxspeed": "50", "name": "Estrada Nacional 1", "old_name": "Estrada Nacional 1", "oneway": "yes", "ref": "IC 2;EN 1", "source": "Bing", "surface": "asphalt"}}, {"type": "Feature", "geometry": {"type": "LineString", "coordinates": [[-8.4867888, 40.8752508], [-8.4866553, 40.874865]]}, "properties": {"bridge": "yes", "highway": "trunk", "lanes": "2", "layer": "1", "maxweight:signed": "no", "oneway": "yes", "ref": "IC 2", "source": "Bing", "surface": "asphalt"}}, {"type": "Feature", "geometry": {"type": "LineString", "coordinates": [[-8.4870721, 40.8759528], [-8.4867888, 40.8752508]]}, "properties": {"highway": "trunk", "lanes": "2", "oneway": "yes", "ref": "IC 2", "source": "Bing", "surface": "asphalt"}}, {"type": "Feature", "geometry": {"type": "LineString", "coordinates": [[-8.4815511, 40.8635802], [-8.4816356, 40.863414], [-8.4817181, 40.8632791], [-8.4817926, 40.8631583], [-8.4820944, 40.8627007], [-8.4827653, 40.86185]]}, "properties": {"highway": "trunk", "lanes": "2", "oneway": "yes", "ref": "IC 2", "source": "Bing", "surface": "asphalt"}}, {"type": "Feature", "geometry": {"type": "LineString", "coordinates": [[-8.6207616, 39.9788258], [-8.621134, 39.9785264]]}, "properties": {"highway": "trunk", "lanes": "3", "lanes:backward": "1", "lanes:forward": "2", "lit": "yes", "maxspeed": "50", "ref": "IC 2;EN 1", "surface": "asphalt", "turn:lanes:forward": "left|through;right"}}, {"type": "Feature", "geometry": {"type": "LineString", "coordinates": [[-8.6288143, 39.9437573], [-8.6287893, 39.9445055]]}, "properties": {"highway": "trunk", "lanes": "1", "maxspeed": "50", "oneway": "yes", "ref": "IC 2;EN 1", "surface": "asphalt"}}, {"type": "Feature", "geometry": {"type": "LineString", "coordinates": [[-8.4519737, 40.9158717], [-8.4536474, 40.9174364], [-8.4543622, 40.9180164], [-8.4574341, 40.920509], [-8.4594082, 40.9220736], [-8.4602236, 40.9227465], [-8.4610057, 40.9233966], [-8.4616607, 40.9239912], [-8.4619563, 40.9243055], [-8.4621185, 40.9245009], [-8.4621763, 40.9245705], [-8.46243, 40.9249178], [-8.4626395, 40.9252194], [-8.4628162, 40.9255008], [-8.4630583, 40.9259309], [-8.4632132, 40.9262418], [-8.4633306, 40.926512], [-8.4634122, 40.9267381], [-8.4634762, 40.9269287], [-8.463534, 40.9271117], [-8.4639033, 40.9285405]]}, "properties": {"bicycle": "no", "foot": "no", "highway": "motorway", "lanes": "2", "maxspeed": "120", "name": "Autoestrada de Entre Douro-e-Vouga", "oneway": "yes", "ref": "A 32;IC 2", "source": "BING", "surface": "asphalt", "toll": "yes"}}, {"type": "Feature", "geometry": {"type": "LineString", "coordinates": [[-8.4651527, 40.931498], [-8.4654915, 40.9319955], [-8.4659041, 40.9325143], [-8.4663069, 40.932952], [-8.4663353, 40.9329837], [-8.4665751, 40.9332519], [-8.4681141, 40.9347514], [-8.4687246, 40.9354294], [-8.4690893, 40.9359157], [-8.4694826, 40.9365344], [-8.470534, 40.9383823], [-8.4719835, 40.9408519], [-8.4722083, 40.9412349], [-8.4734545, 40.943421]]}, "properties": {"bicycle": "no", "foot": "no", "highway": "motorway", "lanes": "2", "maxspeed": "120", "name": "Autoestrada de Entre Douro-e-Vouga", "oneway": "yes", "ref": "A 32;IC 2", "source": "BING", "surface": "asphalt", "toll": "yes"}}, {"type": "Feature", "geometry": {"type": "LineString", "coordinates": [[-8.4641238, 40.9285135], [-8.4637534, 40.9270023], [-8.4636616, 40.9267281], [-8.4635496, 40.9264349], [-8.4634427, 40.9261835], [-8.4633135, 40.9259242], [-8.4630587, 40.9254818], [-8.4627974, 40.9250788], [-8.4625342, 40.9247086], [-8.4623076, 40.9244327], [-8.4622724, 40.9243899], [-8.4620305, 40.9241332], [-8.4617424, 40.9238581], [-8.461375, 40.9235226], [-8.4609345, 40.9231347], [-8.4599661, 40.9223574], [-8.4569299, 40.9199334], [-8.4560614, 40.9192038], [-8.4545151, 40.9179356], [-8.4537976, 40.9173472], [-8.4533362, 40.9169338], [-8.4521713, 40.9158038]]}, "properties": {"bicycle": "no", "foot": "no", "highway": "motorway", "lanes": "2", "maxspeed": "120", "name": "Autoestrada de Entre Douro-e-Vouga", "oneway": "yes", "ref": "A 32;IC 2", "source": "BING", "surface": "asphalt", "toll": "yes"}}, {"type": "Feature", "geometry": {"type": "LineString", "coordinates": [[-8.4509115, 40.9144448], [-8.4511134, 40.914782], [-8.4514073, 40.9152091], [-8.4516789, 40.9155431], [-8.4519737, 40.9158717]]}, "properties": {"bicycle": "no", "bridge": "yes", "foot": "no", "highway": "motorway", "lanes": "2", "layer": "1", "maxspeed": "120", "name": "Autoestrada de Entre Douro-e-Vouga", "oneway": "yes", "ref": "A 32;IC 2", "source": "BING", "surface": "asphalt", "toll": "yes"}}, {"type": "Feature", "geometry": {"type": "LineString", "coordinates": [[-8.4521713, 40.9158038], [-8.4518726, 40.9154381], [-8.4515841, 40.9150714], [-8.4513292, 40.9147051], [-8.4511187, 40.9143496]]}, "properties": {"bicycle": "no", "bridge": "yes", "foot": "no", "highway": "motorway", "lanes": "2", "layer": "1", "maxspeed": "120", "name": "Autoestrada de Entre Douro-e-Vouga", "oneway": "yes", "ref": "A 32;IC 2", "source": "BING", "surface": "asphalt", "toll": "yes"}}, {"type": "Feature", "geometry": {"type": "LineString", "coordinates": [[-8.4654131, 40.9315115], [-8.4650104, 40.9308891], [-8.4647227, 40.9303408], [-8.4645596, 40.9299553], [-8.4644266, 40.929547], [-8.4641238, 40.9285135]]}, "properties": {"bicycle": "no", "bridge": "viaduct", "foot": "no", "highway": "motorway", "lanes": "2", "layer": "1", "maxspeed": "120", "name": "Autoestrada de Entre Douro-e-Vouga", "oneway": "yes", "ref": "A 32;IC 2", "source": "BING", "surface": "asphalt", "toll": "yes"}}, {"type": "Feature", "geometry": {"type": "LineString", "coordinates": [[-8.4639033, 40.9285405], [-8.4641903, 40.9295883], [-8.4643369, 40.9300077], [-8.4645007, 40.9303894], [-8.4647938, 40.9309702], [-8.4651527, 40.931498]]}, "properties": {"bicycle": "no", "bridge": "viaduct", "foot": "no", "highway": "motorway", "lanes": "2", "layer": "1", "maxspeed": "120", "name": "Autoestrada de Entre Douro-e-Vouga", "oneway": "yes", "ref": "A 32;IC 2", "source": "BING", "surface": "asphalt", "toll": "yes"}}, {"type": "Feature", "geometry": {"type": "LineString", "coordinates": [[-8.4511187, 40.9143496], [-8.4509437, 40.9140313], [-8.4505442, 40.9131053], [-8.4501927, 40.9120935], [-8.4500318, 40.9115259], [-8.449903, 40.911007], [-8.4495534, 40.9098302], [-8.4494309, 40.9094178], [-8.4492378, 40.9089638], [-8.4490554, 40.9086232], [-8.4486585, 40.9080151], [-8.4483151, 40.9075448], [-8.4480147, 40.9071799], [-8.4477358, 40.9068394], [-8.4474354, 40.9064907], [-8.4469795, 40.9059563], [-8.4466522, 40.9055257], [-8.4464376, 40.9052014], [-8.4463196, 40.9049662], [-8.4460299, 40.9043662], [-8.4459291, 40.9041055], [-8.4458532, 40.9038687], [-8.4458046, 40.9036121], [-8.4457359, 40.9031892], [-8.4457188, 40.9029877], [-8.4457151, 40.9026555], [-8.4457175, 40.9022903], [-8.4457617, 40.9018037], [-8.4458036, 40.9015391], [-8.4458797, 40.9010577], [-8.4459977, 40.90049], [-8.4461222, 40.8997671], [-8.4461479, 40.899379], [-8.4461479, 40.8989533], [-8.446105, 40.8984464], [-8.4460192, 40.8979436], [-8.4459112, 40.8975691], [-8.4458414, 40.8973307], [-8.4457588, 40.8971124], [-8.4456456, 40.896861], [-8.4455149, 40.8966136], [-8.4452574, 40.8962406], [-8.4448497, 40.8955837], [-8.4444635, 40.8949592], [-8.4432809, 40.8930822], [-8.4429615, 40.8925752], [-8.4424787, 40.8917723], [-8.4413092, 40.8898501], [-8.4408157, 40.8891282], [-8.4393029, 40.8868572], [-8.4387772, 40.8860785], [-8.4382837, 40.8854134], [-8.4379511, 40.8850322], [-8.4379133, 40.8849894], [-8.4373932, 40.8843995], [-8.4356766, 40.8824203], [-8.4351509, 40.8818606], [-8.43351, 40.8800698], [-8.4333077, 40.8798271], [-8.4331059, 40.8795367], [-8.4329092, 40.8792015], [-8.4327297, 40.8788695], [-8.4325441, 40.8784969], [-8.4323862, 40.8781577], [-8.4322825, 40.8778979], [-8.4321891, 40.8776118]]}, "properties": {"bicycle": "no", "foot": "no", "highway": "motorway", "lanes": "2", "maxspeed": "120", "name": "Autoestrada de Entre Douro-e-Vouga", "oneway": "yes", "ref": "A 32;IC 2", "source": "BING", "surface": "asphalt", "toll": "yes"}}, {"type": "Feature", "geometry": {"type": "LineString", "coordinates": [[-8.5032939, 40.9263462], [-8.5034294, 40.9267603], [-8.5035843, 40.9274004], [-8.5037358, 40.9280014]]}, "properties": {"highway": "trunk", "lanes": "2", "maxspeed": "70", "name": "Rua da Meia L\u00e9gua", "oneway": "yes", "ref": "IC 2;EN 1", "surface": "asphalt", "toll": "no"}}, {"type": "Feature", "geometry": {"type": "LineString", "coordinates": [[-8.4867296, 40.875261], [-8.4868697, 40.8756353], [-8.4871876, 40.8764534], [-8.4872774, 40.8767258], [-8.4873659, 40.8770574], [-8.4873932, 40.8772026], [-8.4874156, 40.877392], [-8.4874196, 40.877682], [-8.4874096, 40.8778517], [-8.4873941, 40.8780256], [-8.48737, 40.8781605], [-8.4873323, 40.8783228], [-8.4872962, 40.8784294], [-8.4872007, 40.8787039], [-8.4871036, 40.8789518], [-8.4869676, 40.8792336], [-8.4858854, 40.8813108], [-8.4856929, 40.881617], [-8.4855226, 40.8818666], [-8.4853395, 40.8821113], [-8.4851856, 40.8823055], [-8.4849548, 40.8825455], [-8.4846645, 40.8828138], [-8.4842161, 40.883229], [-8.4833538, 40.8840429], [-8.4829544, 40.8844183], [-8.4822946, 40.8850215], [-8.4819084, 40.8853807], [-8.480798, 40.8862968]]}, "properties": {"highway": "trunk", "lanes": "2", "maxheight:signed": "no", "oneway": "yes", "ref": "IC 2", "source": "bing", "surface": "asphalt"}}, {"type": "Feature", "geometry": {"type": "LineString", "coordinates": [[-8.9713171, 39.3451561], [-8.9713497, 39.3454253], [-8.9714567, 39.3477037]]}, "properties": {"bridge": "viaduct", "bridge:structure": "beam", "highway": "trunk", "lanes": "3", "lanes:backward": "1", "lanes:forward": "2", "layer": "1", "maxweight:signed": "no", "ref": "IC 2", "surface": "asphalt"}}, {"type": "Feature", "geometry": {"type": "LineString", "coordinates": [[-8.95223, 39.2532678], [-8.9521974, 39.2541526], [-8.9521023, 39.256512], [-8.952101, 39.2565701], [-8.9521, 39.2566283], [-8.9520979, 39.2566864], [-8.9520953, 39.2567446], [-8.9520922, 39.2568027], [-8.9520885, 39.2568607], [-8.9520842, 39.2569187], [-8.9520794, 39.2569768], [-8.952074, 39.2570348], [-8.9520681, 39.2570928], [-8.9520544, 39.2572085], [-8.9520468, 39.2572664], [-8.9520386, 39.2573242], [-8.9520299, 39.2573819], [-8.9520205, 39.2574396], [-8.9520106, 39.2574972], [-8.952, 39.2575548], [-8.951984, 39.2576361], [-8.9519526, 39.2577844], [-8.9519362, 39.2578561], [-8.9519187, 39.2579277], [-8.9519005, 39.2579992], [-8.9518814, 39.2580705], [-8.9518613, 39.2581417], [-8.9518404, 39.2582127], [-8.9518185, 39.2582836], [-8.9517958, 39.2583543], [-8.9517813, 39.2583984], [-8.9517479, 39.2584951], [-8.9517226, 39.2585653], [-8.9516963, 39.2586353], [-8.9516693, 39.258705], [-8.9516414, 39.2587745], [-8.9516126, 39.2588439], [-8.9515829, 39.258913], [-8.9515524, 39.2589819], [-8.951521, 39.2590505], [-8.9514887, 39.259119], [-8.9514557, 39.2591872], [-8.9514226, 39.2592552], [-8.9513871, 39.2593227], [-8.9513672, 39.2593575], [-8.9513062, 39.2594613], [-8.9509593, 39.2600155], [-8.9473539, 39.2651908]]}, "properties": {"highway": "trunk", "lanes": "3", "lanes:backward": "2", "lanes:forward": "1", "maxspeed": "90", "ref": "IC 2", "surface": "asphalt"}}, {"type": "Feature", "geometry": {"type": "LineString", "coordinates": [[-8.9421309, 39.2859572], [-8.9420455, 39.2857672], [-8.9419858, 39.2856414], [-8.9419284, 39.285508], [-8.9418699, 39.2853593], [-8.9418312, 39.2852286], [-8.9417883, 39.2850792], [-8.9417544, 39.2849389], [-8.94173, 39.2848134], [-8.9417056, 39.2846546], [-8.9416896, 39.2844979], [-8.941676, 39.2843187], [-8.9416714, 39.2841092], [-8.9416567, 39.2837055], [-8.941626, 39.2829135]]}, "properties": {"bicycle": "no", "foot": "no", "highway": "trunk", "horse": "no", "lanes": "1", "maxspeed": "90", "oneway": "yes", "ref": "IC 2", "surface": "asphalt"}}, {"type": "Feature", "geometry": {"type": "LineString", "coordinates": [[-8.9414606, 39.2730776], [-8.9413832, 39.2731716], [-8.9413319, 39.2732428], [-8.9412859, 39.2733086], [-8.9412417, 39.2733744], [-8.9411868, 39.2734579], [-8.9411532, 39.2735113], [-8.9411125, 39.2735881], [-8.9410771, 39.2736483], [-8.9410382, 39.2737072], [-8.9409692, 39.2738415], [-8.9409391, 39.2739237], [-8.9408984, 39.2740127], [-8.9408648, 39.2741168], [-8.9408418, 39.2742018], [-8.9408205, 39.2742908], [-8.9408011, 39.2743634], [-8.9407816, 39.2744552], [-8.9407603, 39.2745511], [-8.9407391, 39.2746401], [-8.9407196, 39.2747566], [-8.9407138, 39.2748222], [-8.9406984, 39.2749295], [-8.9406876, 39.2750547], [-8.9406876, 39.2751179], [-8.9406861, 39.2751823], [-8.9406845, 39.2752801], [-8.9406942, 39.2755058], [-8.9407882, 39.2762834], [-8.9408329, 39.2766065], [-8.9408899, 39.2770299], [-8.9409515, 39.2774699], [-8.9410023, 39.2778396], [-8.9410483, 39.278209], [-8.9411487, 39.2789641]]}, "properties": {"highway": "trunk", "lanes": "2", "maxspeed": "90", "oneway": "yes", "ref": "IC 2", "surface": "asphalt"}}, {"type": "Feature", "geometry": {"type": "LineString", "coordinates": [[-8.9415728, 39.2818395], [-8.9415234, 39.2814925], [-8.9414186, 39.2806435], [-8.9413478, 39.280083], [-8.9412369, 39.2791767], [-8.9411537, 39.2785447], [-8.9410489, 39.277803], [-8.9409596, 39.2770732], [-8.9408363, 39.2760619], [-8.9407778, 39.275511], [-8.9407645, 39.2752321], [-8.9407692, 39.2750785], [-8.9407716, 39.2749648], [-8.9407994, 39.2746691], [-8.9408702, 39.2743781], [-8.9409565, 39.2740871], [-8.9412061, 39.2735552], [-8.9413974, 39.2732374], [-8.9414606, 39.2730776]]}, "properties": {"highway": "trunk", "lanes": "2", "maxspeed": "90", "oneway": "yes", "ref": "IC 2", "surface": "asphalt"}}, {"type": "Feature", "geometry": {"type": "LineString", "coordinates": [[-8.9411487, 39.2789641], [-8.9412457, 39.2797464], [-8.9412688, 39.2799503], [-8.9413474, 39.2805513], [-8.9414013, 39.2809722], [-8.9414506, 39.2813908], [-8.9414589, 39.2814634]]}, "properties": {"highway": "trunk", "lanes": "1", "maxspeed": "90", "oneway": "yes", "ref": "IC 2", "surface": "asphalt"}}, {"type": "Feature", "geometry": {"type": "LineString", "coordinates": [[-8.9742461, 39.018142], [-8.972961, 39.0179002], [-8.9717311, 39.0176546], [-8.9716129, 39.0176308]]}, "properties": {"bridge": "viaduct", "destination:lanes": "Benavente;Algarve|Benavente;Algarve|Porto;Carregado;Lisboa;Vila Franca;Plataforma Log\u00edstica|Porto;Carregado;Lisboa;Vila Franca;Plataforma Log\u00edstica", "highway": "motorway", "lanes": "4", "layer": "2", "maxspeed": "120", "maxspeed:lanes": "||100|100", "minspeed": "50", "name": "Autoestrada do Ribatejo", "note": "A10 / IC2 / IC3", "oneway": "yes", "ref": "A 10;IC 2", "surface": "asphalt", "toll": "yes", "turn:lanes": "through|through|right|right"}}, {"type": "Feature", "geometry": {"type": "LineString", "coordinates": [[-8.9882403, 39.1063826], [-8.9883899, 39.1061395]]}, "properties": {"highway": "primary", "lanes": "2", "ref": "IC 2;EN 1", "surface": "asphalt"}}, {"type": "Feature", "geometry": {"type": "LineString", "coordinates": [[-8.9926942, 39.2113805], [-8.9933171, 39.2111426], [-8.9937583, 39.2109586], [-8.9940143, 39.2108445]]}, "properties": {"highway": "primary", "lanes": "1", "oneway": "yes", "ref": "IC 2;EN 1", "surface": "asphalt"}}, {"type": "Feature", "geometry": {"type": "LineString", "coordinates": [[-8.9946347, 39.2103174], [-8.9944501, 39.2104733]]}, "properties": {"highway": "primary", "lanes": "1", "oneway": "yes", "ref": "IC 2;EN 1", "surface": "asphalt"}}, {"type": "Feature", "geometry": {"type": "LineString", "coordinates": [[-8.9620089, 39.4081846], [-8.96191, 39.4076152], [-8.9618349, 39.4071846]]}, "properties": {"highway": "trunk", "lanes": "1", "maxspeed": "70", "oneway": "yes", "ref": "IC 2;EN 1", "surface": "asphalt", "turn:lanes": "through;right"}}, {"type": "Feature", "geometry": {"type": "LineString", "coordinates": [[-8.961249, 39.4036913], [-8.9611721, 39.4031851], [-8.9610246, 39.4022445], [-8.9609884, 39.4020113], [-8.9609216, 39.4015805], [-8.9607963, 39.4007728], [-8.9605362, 39.3991284], [-8.9605185, 39.3990172], [-8.9604901, 39.3988381], [-8.9602505, 39.3973101], [-8.960168, 39.3967871], [-8.9599872, 39.3956593], [-8.9598401, 39.394711], [-8.9597438, 39.3941176], [-8.9597028, 39.3938775], [-8.959681, 39.3937275], [-8.9596636, 39.3935847], [-8.9596581, 39.3934567], [-8.9596666, 39.3933274], [-8.9596845, 39.3931968], [-8.9597469, 39.3928032], [-8.9597809, 39.3926531], [-8.9598261, 39.3924102], [-8.9598733, 39.3920916]]}, "properties": {"highway": "trunk", "lanes": "2", "maxspeed": "50", "ref": "IC 2;EN 1", "surface": "asphalt"}}, {"type": "Feature", "geometry": {"type": "LineString", "coordinates": [[-8.961249, 39.4036913], [-8.9612526, 39.4038778], [-8.9613738, 39.4045887], [-8.9614349, 39.4049018], [-8.9616219, 39.4058457], [-8.9616562, 39.4060033], [-8.9616511, 39.4060718], [-8.9616497, 39.4061264]]}, "properties": {"highway": "trunk", "lanes": "1", "maxspeed": "50", "oneway": "yes", "ref": "IC 2;EN 1", "surface": "asphalt"}}, {"type": "Feature", "geometry": {"type": "LineString", "coordinates": [[-8.8574683, 39.6026006], [-8.8574489, 39.6029356]]}, "properties": {"highway": "trunk", "lanes": "2", "maxspeed": "60", "ref": "IC 2;EN 1", "surface": "asphalt"}}, {"type": "Feature", "geometry": {"type": "LineString", "coordinates": [[-8.8132825, 39.756521], [-8.8101783, 39.7581172]]}, "properties": {"bicycle": "no", "foot": "no", "highway": "trunk", "lanes": "2", "lit": "no", "maxspeed": "90", "oneway": "yes", "ref": "IC 2", "smoothness": "excellent", "surface": "asphalt"}}, {"type": "Feature", "geometry": {"type": "LineString", "coordinates": [[-8.9417393, 39.306249], [-8.9415617, 39.3063757]]}, "properties": {"bridge": "yes", "highway": "trunk", "lanes": "1", "layer": "1", "oneway": "yes", "ref": "IC 2", "surface": "asphalt"}}, {"type": "Feature", "geometry": {"type": "LineString", "coordinates": [[-8.9422286, 39.3059134], [-8.9417393, 39.306249]]}, "properties": {"bridge": "yes", "highway": "trunk", "lanes": "2", "layer": "1", "oneway": "yes", "ref": "IC 2", "surface": "asphalt", "turn:lanes": "through|slight_right"}}, {"type": "Feature", "geometry": {"type": "LineString", "coordinates": [[-8.9422863, 39.3059609], [-8.942964, 39.3054952]]}, "properties": {"highway": "trunk", "lanes": "2", "oneway": "yes", "ref": "IC 2", "surface": "asphalt", "turn:lanes": "none|merge_to_left"}}, {"type": "Feature", "geometry": {"type": "LineString", "coordinates": [[-8.9416282, 39.3064087], [-8.9422863, 39.3059609]]}, "properties": {"bridge": "yes", "highway": "trunk", "lanes": "1", "layer": "1", "oneway": "yes", "ref": "IC 2", "surface": "asphalt"}}, {"type": "Feature", "geometry": {"type": "LineString", "coordinates": [[-8.9370036, 39.3096171], [-8.9368533, 39.3098464], [-8.9367514, 39.3099927], [-8.9366615, 39.3101463], [-8.936569, 39.3103237], [-8.9365185, 39.3104424], [-8.9364747, 39.3105607], [-8.9364345, 39.3106818], [-8.9363964, 39.3108163], [-8.9363652, 39.310953], [-8.9363462, 39.3110963], [-8.9363312, 39.3112152], [-8.9363199, 39.3113575], [-8.9363186, 39.3114892], [-8.9363012, 39.3129095]]}, "properties": {"highway": "trunk", "lanes": "1", "oneway": "yes", "ref": "IC 2", "surface": "asphalt"}}, {"type": "Feature", "geometry": {"type": "LineString", "coordinates": [[-8.4501353, 40.375377], [-8.4500912, 40.3750587]]}, "properties": {"alt_name": "EN1 / EN234", "highway": "primary", "lanes": "1", "maxspeed": "50", "name": "Alameda da Cidade", "oneway": "yes", "ref": "IC 2;EN 1", "surface": "asphalt"}}, {"type": "Feature", "geometry": {"type": "LineString", "coordinates": [[-8.4500912, 40.3750587], [-8.4500288, 40.3752197], [-8.4499455, 40.3753602]]}, "properties": {"alt_name": "EN1 / EN234", "highway": "primary", "lanes": "1", "maxspeed": "50", "name": "Alameda da Cidade", "oneway": "yes", "ref": "IC 2;EN 1", "surface": "asphalt"}}, {"type": "Feature", "geometry": {"type": "LineString", "coordinates": [[-8.4540025, 40.3249522], [-8.4529557, 40.3270706], [-8.4527918, 40.3273971], [-8.4516937, 40.3295695], [-8.4509293, 40.331107], [-8.4508486, 40.3313057], [-8.4507748, 40.3315061], [-8.450703, 40.3317705], [-8.4506626, 40.3320064], [-8.4506478, 40.3322641], [-8.4506413, 40.3323772], [-8.4506597, 40.3333058], [-8.4506737, 40.334013], [-8.4506873, 40.3351128]]}, "properties": {"highway": "trunk", "lanes": "2", "lit": "no", "maxspeed": "70", "oneway": "no", "ref": "IC 2;EN 1", "surface": "asphalt"}}, {"type": "Feature", "geometry": {"type": "LineString", "coordinates": [[-8.4512395, 40.3566862], [-8.4512283, 40.3567406]]}, "properties": {"highway": "trunk", "lanes": "3", "maxspeed": "70", "oneway": "no", "ref": "IC 2;EN 1", "surface": "asphalt"}}, {"type": "Feature", "geometry": {"type": "LineString", "coordinates": [[-8.4495724, 40.3784086], [-8.4496577, 40.3781213], [-8.4497736, 40.3779911]]}, "properties": {"alt_name": "EN 1 / EN 234", "highway": "primary", "lanes": "1", "maxspeed": "50", "oneway": "yes", "ref": "IC 2;EN 1", "source": "Bing", "surface": "asphalt"}}, {"type": "Feature", "geometry": {"type": "LineString", "coordinates": [[-8.4512395, 40.3566862], [-8.4516402, 40.3547673], [-8.4518398, 40.3537107], [-8.4519085, 40.3530805]]}, "properties": {"highway": "trunk", "lanes": "2", "maxspeed": "70", "oneway": "yes", "ref": "IC 2;EN 1", "surface": "asphalt"}}, {"type": "Feature", "geometry": {"type": "LineString", "coordinates": [[-8.4519085, 40.3530805], [-8.4517489, 40.3537243], [-8.4515443, 40.3547596], [-8.4512395, 40.3566862]]}, "properties": {"highway": "trunk", "lanes": "1", "maxspeed": "70", "oneway": "yes", "ref": "IC 2;EN 1", "surface": "asphalt"}}, {"type": "Feature", "geometry": {"type": "LineString", "coordinates": [[-8.4495203, 40.3779204], [-8.4495706, 40.3781314], [-8.4495491, 40.3782954], [-8.4495724, 40.3784086]]}, "properties": {"alt_name": "EN 1 / EN 234", "highway": "primary", "lanes": "1", "maxspeed": "50", "oneway": "yes", "ref": "IC 2;EN 1", "source": "Bing", "surface": "asphalt"}}, {"type": "Feature", "geometry": {"type": "LineString", "coordinates": [[-8.4543196, 40.3662446], [-8.4544267, 40.366655], [-8.4544263, 40.366831]]}, "properties": {"alt_name": "EN 1", "highway": "trunk", "lanes": "1", "oneway": "yes", "ref": "IC 2;EN 1", "surface": "asphalt"}}, {"type": "Feature", "geometry": {"type": "LineString", "coordinates": [[-8.454673, 40.3667653], [-8.4545398, 40.3666061], [-8.4543997, 40.3662322], [-8.4543074, 40.3659694], [-8.4542189, 40.3657348]]}, "properties": {"alt_name": "EN 1", "highway": "trunk", "lanes": "1", "oneway": "yes", "ref": "IC 2;EN 1", "surface": "asphalt"}}, {"type": "Feature", "geometry": {"type": "LineString", "coordinates": [[-8.4499073, 40.3756105], [-8.449948, 40.3758094], [-8.4499008, 40.3761076]]}, "properties": {"alt_name": "EN 1 / EN 234", "highway": "primary", "lanes": "1", "maxspeed": "50", "oneway": "yes", "ref": "IC 2;EN 1", "surface": "asphalt"}}, {"type": "Feature", "geometry": {"type": "LineString", "coordinates": [[-8.4515078, 40.3376521], [-8.4514803, 40.3375322], [-8.4511898, 40.3368357], [-8.4510204, 40.3365708], [-8.4509434, 40.3363828], [-8.45087, 40.3361946], [-8.4508371, 40.3360868], [-8.4508035, 40.3359722], [-8.4507798, 40.3358718], [-8.4507631, 40.3357874], [-8.4507439, 40.3356443], [-8.450711, 40.3352595], [-8.4506873, 40.3351128]]}, "properties": {"highway": "trunk", "lanes": "1", "maxspeed": "70", "oneway": "yes", "ref": "IC 2;EN 1", "surface": "asphalt"}}, {"type": "Feature", "geometry": {"type": "LineString", "coordinates": [[-8.6942283, 39.8687711], [-8.6941501, 39.8688607], [-8.694022, 39.8689897], [-8.6937924, 39.8692046], [-8.6932483, 39.8696542], [-8.6915635, 39.8709649], [-8.690271, 39.8720036]]}, "properties": {"highway": "trunk", "lanes": "2", "lit": "yes", "maxspeed": "60", "ref": "IC 2;EN 1", "smoothness": "good", "surface": "asphalt"}}, {"type": "Feature", "geometry": {"type": "LineString", "coordinates": [[-8.6962582, 39.8655583], [-8.6961541, 39.8656572], [-8.6958415, 39.8661791]]}, "properties": {"highway": "trunk", "lanes": "1", "lit": "no", "maxspeed": "60", "oneway": "yes", "ref": "IC 2;EN 1", "smoothness": "good", "surface": "asphalt"}}, {"type": "Feature", "geometry": {"type": "LineString", "coordinates": [[-8.6942283, 39.8687711], [-8.6943669, 39.868659], [-8.6944443, 39.8685775], [-8.6945067, 39.8685096], [-8.6945898, 39.8683902], [-8.694681, 39.8682502], [-8.6948017, 39.8680629]]}, "properties": {"highway": "trunk", "lanes": "1", "lit": "yes", "maxspeed": "60", "oneway": "yes", "ref": "IC 2;EN 1", "surface": "asphalt"}}, {"type": "Feature", "geometry": {"type": "LineString", "coordinates": [[-8.4392128, 40.2160785], [-8.4388197, 40.2163263], [-8.438539, 40.2165169], [-8.4384534, 40.2165854], [-8.4383143, 40.2167376], [-8.4382165, 40.2169129], [-8.4381702, 40.2170605]]}, "properties": {"bridge": "viaduct", "destination": "Porto;Coimbra;Viseu", "destination:ref:to": "A 1;A 14;IP 3", "highway": "trunk", "lanes": "2", "layer": "1", "lit": "yes", "motorroad": "yes", "oneway": "yes", "ref": "IC 2", "source": "bing", "surface": "asphalt", "turn:lanes": "through|through;right"}}, {"type": "Feature", "geometry": {"type": "LineString", "coordinates": [[-8.9714194, 39.026256], [-8.9718631, 39.0266986]]}, "properties": {"destination:backward": "Lisboa;Porto", "destination:forward": "Alenquer;Carregado", "destination:ref:backward": "A 1", "destination:ref:forward": "EN 3", "destination:ref:to:forward": "EN 1", "highway": "trunk", "lanes": "4", "oneway": "no", "ref": "IC 2", "surface": "asphalt", "toll:backward": "yes"}}, {"type": "Feature", "geometry": {"type": "LineString", "coordinates": [[-8.9721905, 39.027039], [-8.9722362, 39.0270865]]}, "properties": {"destination:backward": "Lisboa;Porto", "destination:forward": "Alenquer;Carregado", "destination:ref:backward": "A 1", "destination:ref:forward": "EN 3", "destination:ref:to:forward": "EN 1", "highway": "trunk", "lanes": "4", "oneway": "no", "ref": "IC 2", "surface": "asphalt", "toll:backward": "yes", "turn:lanes:forward": "through|right"}}, {"type": "Feature", "geometry": {"type": "LineString", "coordinates": [[-8.9800311, 39.0341186], [-8.9784526, 39.0342634]]}, "properties": {"destination": "Lisboa;Porto", "destination:ref": "A 1", "highway": "trunk", "lanes": "1", "oneway": "yes", "ref": "IC 2", "surface": "asphalt", "toll": "yes"}}, {"type": "Feature", "geometry": {"type": "LineString", "coordinates": [[-8.9702821, 39.025638], [-8.9701252, 39.0256084], [-8.9699841, 39.0255836], [-8.9698508, 39.0255667], [-8.9696952, 39.0255513], [-8.969221, 39.025525]]}, "properties": {"destination:backward": "Alenquer;Carregado", "destination:forward": "Lisboa;Porto", "destination:ref:backward": "EN 1", "destination:ref:forward": "A 1", "highway": "trunk", "lanes": "3", "lanes:backward": "1", "lanes:forward": "2", "oneway": "no", "ref": "IC 2", "surface": "asphalt", "toll:backward": "yes"}}, {"type": "Feature", "geometry": {"type": "LineString", "coordinates": [[-8.9813003, 39.0341294], [-8.9810899, 39.0340913], [-8.9809254, 39.0340803], [-8.9807381, 39.0340827], [-8.9804157, 39.0341001], [-8.9800311, 39.0341186]]}, "properties": {"destination": "Lisboa;Porto", "destination:ref": "A 1", "highway": "trunk", "lanes": "1", "maxspeed": "60", "oneway": "yes", "ref": "IC 2", "surface": "asphalt", "toll": "yes"}}, {"type": "Feature", "geometry": {"type": "LineString", "coordinates": [[-8.9784526, 39.0342634], [-8.9795464, 39.0342953], [-8.9799844, 39.0343356], [-8.9803141, 39.0343992], [-8.9806886, 39.0344962], [-8.981, 39.0346196], [-8.9811994, 39.0347114], [-8.9814518, 39.034844], [-8.9816389, 39.0349602], [-8.9819244, 39.0351746], [-8.982093, 39.0353134], [-8.9822615, 39.0354522]]}, "properties": {"destination": "Alenquer", "destination:ref": "EN 1", "highway": "trunk", "lanes": "1", "oneway": "yes", "ref": "IC 2", "surface": "asphalt", "toll": "no"}}, {"type": "Feature", "geometry": {"type": "LineString", "coordinates": [[-8.9843198, 39.0375875], [-8.9837151, 39.0369308]]}, "properties": {"highway": "primary", "lanes": "2", "maxspeed": "50", "oneway": "yes", "ref": "IC 2;EN 1", "surface": "asphalt", "turn:lanes": "through|right"}}, {"type": "Feature", "geometry": {"type": "LineString", "coordinates": [[-8.9728911, 39.0180515], [-8.9741682, 39.0182792]]}, "properties": {"bridge": "viaduct", "highway": "motorway", "lanes": "3", "layer": "2", "maxspeed": "120", "minspeed": "50", "name": "Autoestrada do Ribatejo", "note": "A10 / IC2 / IC3", "oneway": "yes", "ref": "A 10;IC 2", "surface": "asphalt", "toll": "yes"}}, {"type": "Feature", "geometry": {"type": "LineString", "coordinates": [[-8.9714699, 39.0177885], [-8.9728911, 39.0180515]]}, "properties": {"bridge": "viaduct", "highway": "motorway", "lanes": "4", "layer": "2", "maxspeed": "120", "minspeed": "50", "name": "Autoestrada do Ribatejo", "note": "A10 / IC2 / IC3", "oneway": "yes", "ref": "A 10;IC 2", "surface": "asphalt", "toll": "yes", "turn:lanes": "|||merge_to_left"}}, {"type": "Feature", "geometry": {"type": "LineString", "coordinates": [[-8.9768031, 39.0183319], [-8.9764954, 39.0183302], [-8.9762919, 39.0183254], [-8.9760994, 39.0183164]]}, "properties": {"highway": "motorway", "lanes": "3", "maxspeed": "120", "minspeed": "50", "name": "Autoestrada do Ribatejo", "note": "A10 / IC2 / IC3", "oneway": "yes", "ref": "A 10;IC 2", "surface": "asphalt", "toll": "yes"}}, {"type": "Feature", "geometry": {"type": "LineString", "coordinates": [[-8.443022, 40.2673404], [-8.4433255, 40.2683598]]}, "properties": {"highway": "trunk", "lanes": "3", "lit": "yes", "maxspeed": "100", "minspeed": "40", "motorroad": "yes", "old_ref": "EN 1", "oneway": "yes", "ref": "IC 2", "surface": "asphalt", "turn:lanes": "none|none|merge_to_left"}}, {"type": "Feature", "geometry": {"type": "LineString", "coordinates": [[-8.4438738, 40.2726395], [-8.4439252, 40.2720422]]}, "properties": {"highway": "trunk", "lanes": "3", "maxheight:signed": "no", "maxspeed": "100", "minspeed": "40", "motorroad": "yes", "old_ref": "EN 1", "oneway": "yes", "ref": "IC 2", "surface": "asphalt", "turn:lanes": "through|through|right"}}, {"type": "Feature", "geometry": {"type": "LineString", "coordinates": [[-8.4437944, 40.2720666], [-8.4437206, 40.2730294]]}, "properties": {"highway": "trunk", "lanes": "3", "lit": "no", "maxspeed": "100", "minspeed": "40", "motorroad": "yes", "old_ref": "EN 1", "oneway": "yes", "ref": "IC 2", "surface": "asphalt", "turn:lanes": "through|through|right"}}, {"type": "Feature", "geometry": {"type": "LineString", "coordinates": [[-8.4438202, 40.273152], [-8.4438738, 40.2726395]]}, "properties": {"highway": "trunk", "lanes": "2", "maxspeed": "100", "minspeed": "40", "motorroad": "yes", "old_ref": "EN 1", "oneway": "yes", "ref": "IC 2", "surface": "asphalt", "turn:lanes": "through|through;right"}}, {"type": "Feature", "geometry": {"type": "LineString", "coordinates": [[-8.4438507, 40.2708826], [-8.4438646, 40.2710652], [-8.4437944, 40.2720666]]}, "properties": {"highway": "trunk", "lanes": "2", "lit": "no", "maxspeed": "100", "minspeed": "40", "motorroad": "yes", "old_ref": "EN 1", "oneway": "yes", "ref": "IC 2", "surface": "asphalt"}}, {"type": "Feature", "geometry": {"type": "LineString", "coordinates": [[-8.4437712, 40.2742939], [-8.4437687, 40.2739466], [-8.4438202, 40.273152]]}, "properties": {"highway": "trunk", "lanes": "3", "maxspeed": "100", "minspeed": "40", "motorroad": "yes", "old_ref": "EN 1", "oneway": "yes", "ref": "IC 2", "surface": "asphalt", "turn:lanes": "none|none|merge_to_left"}}, {"type": "Feature", "geometry": {"type": "LineString", "coordinates": [[-8.4439172, 40.2700333], [-8.4437222, 40.269244], [-8.4434745, 40.2683537]]}, "properties": {"highway": "trunk", "lanes": "3", "maxspeed": "100", "minspeed": "40", "motorroad": "yes", "old_ref": "EN 1", "oneway": "yes", "ref": "IC 2", "surface": "asphalt", "turn:lanes": "through|through;right|right"}}, {"type": "Feature", "geometry": {"type": "LineString", "coordinates": [[-8.4439252, 40.2720422], [-8.443976, 40.2710717], [-8.443984, 40.2707171], [-8.4439172, 40.2700333]]}, "properties": {"highway": "trunk", "lanes": "2", "maxspeed": "100", "minspeed": "40", "motorroad": "yes", "old_ref": "EN 1", "oneway": "yes", "ref": "IC 2", "surface": "asphalt"}}, {"type": "Feature", "geometry": {"type": "LineString", "coordinates": [[-8.4433255, 40.2683598], [-8.4435767, 40.2692625], [-8.4437687, 40.2700519], [-8.4438483, 40.2707262], [-8.4438507, 40.2708826]]}, "properties": {"highway": "trunk", "lanes": "2", "lit": "no", "maxspeed": "100", "minspeed": "40", "motorroad": "yes", "old_ref": "EN 1", "oneway": "yes", "ref": "IC 2", "surface": "asphalt"}}, {"type": "Feature", "geometry": {"type": "LineString", "coordinates": [[-8.4447966, 40.2763024], [-8.4443436, 40.2756461], [-8.4440119, 40.2751012], [-8.4438999, 40.2748333], [-8.443843, 40.2746264], [-8.4437712, 40.2742939]]}, "properties": {"highway": "trunk", "lanes": "3", "maxspeed": "100", "minspeed": "40", "motorroad": "yes", "old_ref": "EN 1", "oneway": "yes", "ref": "IC 2", "surface": "asphalt", "turn:lanes": "through|through|through;right"}}, {"type": "Feature", "geometry": {"type": "LineString", "coordinates": [[-8.4321891, 40.8776118], [-8.4321232, 40.8772996]]}, "properties": {"bicycle": "no", "bridge": "yes", "foot": "no", "highway": "motorway", "lanes": "2", "layer": "1", "maxspeed": "120", "name": "Autoestrada de Entre Douro-e-Vouga", "oneway": "yes", "ref": "A 32;IC 2", "source": "BING", "surface": "asphalt", "toll": "yes"}}, {"type": "Feature", "geometry": {"type": "LineString", "coordinates": [[-8.4318579, 40.8727116], [-8.4317109, 40.8731744], [-8.4316194, 40.8736394], [-8.4315809, 40.873887], [-8.4315563, 40.8740653], [-8.4315444, 40.8742424], [-8.4315311, 40.874437], [-8.4315298, 40.8746131], [-8.4315397, 40.8748489], [-8.4315594, 40.8750983], [-8.4315985, 40.875392]]}, "properties": {"bicycle": "no", "foot": "no", "highway": "motorway", "lanes": "2", "maxspeed": "120", "name": "Autoestrada de Entre Douro-e-Vouga", "oneway": "yes", "ref": "A 32;IC 2", "source": "BING", "surface": "asphalt", "toll": "yes"}}, {"type": "Feature", "geometry": {"type": "LineString", "coordinates": [[-8.4319414, 40.8774028], [-8.4320074, 40.877649]]}, "properties": {"bicycle": "no", "bridge": "yes", "foot": "no", "highway": "motorway", "lanes": "3", "layer": "1", "maxspeed": "120", "name": "Autoestrada de Entre Douro-e-Vouga", "oneway": "yes", "ref": "A 32;IC 2", "source": "BING", "surface": "asphalt", "toll": "yes"}}, {"type": "Feature", "geometry": {"type": "LineString", "coordinates": [[-8.4317295, 40.8745933], [-8.4317039, 40.874181], [-8.431731, 40.8739543], [-8.4317591, 40.8737682], [-8.4317919, 40.8735826], [-8.431839, 40.8733781], [-8.4318958, 40.8731773], [-8.4319689, 40.8729589], [-8.4320557, 40.8727219], [-8.432159, 40.8724793], [-8.4322779, 40.8722452], [-8.4324307, 40.8719761], [-8.4325691, 40.8717587], [-8.432713, 40.8715556]]}, "properties": {"bicycle": "no", "foot": "no", "highway": "motorway", "lanes": "2", "maxspeed": "120", "name": "Autoestrada de Entre Douro-e-Vouga", "oneway": "yes", "ref": "A 32;IC 2", "source": "BING", "surface": "asphalt", "toll": "yes"}}, {"type": "Feature", "geometry": {"type": "LineString", "coordinates": [[-8.606758, 41.1091576], [-8.6068772, 41.1092206], [-8.6069444, 41.1092654], [-8.6069939, 41.1093177], [-8.6070244, 41.1093809], [-8.6070389, 41.1094885], [-8.6070403, 41.1095757], [-8.6070346, 41.1097797]]}, "properties": {"highway": "primary", "lanes": "1", "name": "N\u00f3 de Santo Ov\u00eddio", "oneway": "yes", "placement": "right_of:1", "ref": "IC 2", "surface": "asphalt"}}, {"type": "Feature", "geometry": {"type": "LineString", "coordinates": [[-8.6070556, 41.1089962], [-8.6070661, 41.1089512], [-8.607064, 41.1089211], [-8.6070589, 41.1088902], [-8.6070207, 41.1087531]]}, "properties": {"highway": "primary", "junction": "roundabout", "lanes": "2", "name": "Rotunda de Laborim", "ref": "IC 2", "surface": "asphalt"}}, {"type": "Feature", "geometry": {"type": "LineString", "coordinates": [[-8.6361883, 39.9020558], [-8.635979, 39.9022118]]}, "properties": {"highway": "trunk", "lanes": "2", "lit": "yes", "maxspeed": "80", "ref": "IC 2;EN 1", "surface": "asphalt"}}, {"type": "Feature", "geometry": {"type": "LineString", "coordinates": [[-8.635979, 39.9022118], [-8.6355165, 39.9025562], [-8.6353496, 39.902695], [-8.6351726, 39.9028494]]}, "properties": {"highway": "trunk", "lanes": "2", "lit": "yes", "maxspeed": "80", "ref": "IC 2;EN 1", "surface": "asphalt"}}, {"type": "Feature", "geometry": {"type": "LineString", "coordinates": [[-9.07264, 38.9117526], [-9.0726502, 38.9115031]]}, "properties": {"change:lanes": "no|not_left|yes", "destination:lanes": "Crel;Loures;Oeiras|Crel;Loures;Oeiras|Crel;Alverca;Lisboa;Sul", "destination:ref:lanes": "A5|A5|A1", "highway": "motorway", "lanes": "3", "maxspeed": "80", "name": "Autoestrada do Ribatejo", "oneway": "yes", "ref": "A 10;IC 2", "surface": "asphalt", "toll": "yes"}}, {"type": "Feature", "geometry": {"type": "LineString", "coordinates": [[-9.0726502, 38.9115031], [-9.0726818, 38.9111109]]}, "properties": {"change:lanes": "no|no|no", "destination:lanes": "Crel;Loures;Oeiras|Crel;Loures;Oeiras|Crel;Alverca;Lisboa;Sul", "destination:ref:lanes": "A5|A5|A1", "highway": "motorway", "lanes": "3", "maxspeed": "60", "name": "Autoestrada do Ribatejo", "oneway": "yes", "ref": "A 10;IC 2", "surface": "asphalt", "toll": "yes"}}, {"type": "Feature", "geometry": {"type": "LineString", "coordinates": [[-8.4827873, 40.7050717], [-8.4829327, 40.7055488], [-8.4829621, 40.7057845], [-8.4829484, 40.7058781], [-8.4829389, 40.7059312], [-8.4829179, 40.705998], [-8.4828786, 40.7060695]]}, "properties": {"highway": "trunk", "lanes": "2", "oneway": "yes", "ref": "IC 2;EN 1"}}, {"type": "Feature", "geometry": {"type": "LineString", "coordinates": [[-8.481886, 40.7029015], [-8.4816638, 40.7024613], [-8.4816051, 40.7023461]]}, "properties": {"highway": "trunk", "lanes": "1", "maxspeed": "70", "oneway": "yes", "ref": "IC 2;EN 1"}}, {"type": "Feature", "geometry": {"type": "LineString", "coordinates": [[-8.4803563, 40.6998571], [-8.480205, 40.6995265]]}, "properties": {"highway": "trunk", "lanes": "2", "maxspeed": "70", "oneway": "yes", "ref": "IC 2;EN 1"}}, {"type": "Feature", "geometry": {"type": "LineString", "coordinates": [[-8.4803656, 40.7000717], [-8.4814714, 40.702262]]}, "properties": {"highway": "trunk", "lanes": "2", "oneway": "yes", "ref": "IC 2;EN 1"}}, {"type": "Feature", "geometry": {"type": "LineString", "coordinates": [[-8.9429013, 39.3054656], [-8.9425446, 39.3057019], [-8.9422286, 39.3059134]]}, "properties": {"highway": "trunk", "lanes": "2", "oneway": "yes", "ref": "IC 2", "surface": "asphalt", "turn:lanes": "through|slight_right"}}, {"type": "Feature", "geometry": {"type": "LineString", "coordinates": [[-8.942964, 39.3054952], [-8.9436042, 39.3050527], [-8.9441607, 39.304667], [-8.9449001, 39.3041693], [-8.9463184, 39.3031732], [-8.9464799, 39.3030504], [-8.9466404, 39.3029297], [-8.946768, 39.3028171], [-8.9468894, 39.3027038], [-8.9470059, 39.3025931], [-8.9471208, 39.3024732], [-8.9472422, 39.3023387], [-8.9473668, 39.3021793], [-8.9474545, 39.3020615], [-8.9475539, 39.3019209], [-8.9476273, 39.3017894], [-8.9477121, 39.3016301], [-8.9477945, 39.3014652], [-8.9478526, 39.3013366], [-8.9479077, 39.3011916], [-8.9479576, 39.3010326], [-8.94801, 39.3008079], [-8.9480467, 39.3006307], [-8.9480743, 39.3004659], [-8.9480948, 39.300314], [-8.9481029, 39.3001633], [-8.9481034, 39.3000213], [-8.9481022, 39.2998676], [-8.9480975, 39.2997395], [-8.9480629, 39.2988136], [-8.9480198, 39.2976629], [-8.9479887, 39.2964927], [-8.9479141, 39.2944435], [-8.9478824, 39.2941947], [-8.9478608, 39.294052], [-8.9478343, 39.2939244], [-8.9477925, 39.2937704], [-8.9477485, 39.2935992], [-8.9476827, 39.2934201], [-8.9476239, 39.2932726], [-8.9475699, 39.2931546], [-8.9474685, 39.2929686], [-8.9473467, 39.2927585], [-8.947233, 39.2925813], [-8.947132, 39.2924483], [-8.947049, 39.2923422], [-8.9468083, 39.2920163], [-8.9466886, 39.2919123]]}, "properties": {"highway": "trunk", "lanes": "1", "maxspeed": "90", "oneway": "yes", "ref": "IC 2", "surface": "asphalt"}}, {"type": "Feature", "geometry": {"type": "LineString", "coordinates": [[-8.9415671, 39.2828845], [-8.941622, 39.2840703], [-8.9416316, 39.2843021], [-8.9416424, 39.2844362], [-8.9416574, 39.2846112], [-8.9416845, 39.2848166], [-8.9417052, 39.2849446], [-8.9417404, 39.2850818], [-8.9417847, 39.2852383], [-8.9418324, 39.2853776], [-8.9418682, 39.2854811], [-8.9419161, 39.2855985], [-8.942004, 39.2857767], [-8.9421309, 39.2859572]]}, "properties": {"highway": "trunk", "lanes": "1", "maxspeed": "90", "oneway": "yes", "ref": "IC 2", "surface": "asphalt"}}, {"type": "Feature", "geometry": {"type": "LineString", "coordinates": [[-8.941626, 39.2829135], [-8.9415819, 39.2821006], [-8.9415728, 39.2818395]]}, "properties": {"bicycle": "no", "foot": "no", "highway": "trunk", "horse": "no", "lanes": "1", "maxspeed": "90", "oneway": "yes", "ref": "IC 2", "surface": "asphalt"}}, {"type": "Feature", "geometry": {"type": "LineString", "coordinates": [[-8.8176048, 39.7510167], [-8.8182424, 39.7494039]]}, "properties": {"highway": "motorway", "lanes": "3", "lit": "yes", "maxspeed": "100", "minspeed": "50", "name": "Variante da Batalha", "oneway": "yes", "ref": "A 19;IC 2", "smoothness": "excellent", "surface": "asphalt", "toll": "no", "turn:lanes": "through|through|through;slight_right"}}, {"type": "Feature", "geometry": {"type": "LineString", "coordinates": [[-8.8174195, 39.751497], [-8.8176048, 39.7510167]]}, "properties": {"highway": "motorway", "lanes": "3", "lit": "yes", "maxspeed": "100", "minspeed": "50", "name": "Variante da Batalha", "oneway": "yes", "ref": "A 19;IC 2", "smoothness": "excellent", "surface": "asphalt", "toll": "no"}}, {"type": "Feature", "geometry": {"type": "LineString", "coordinates": [[-8.8160694, 39.7541272], [-8.8159946, 39.754231], [-8.815907, 39.7543479], [-8.8158256, 39.7544522]]}, "properties": {"bicycle": "no", "foot": "no", "highway": "trunk", "lanes": "2", "lit": "yes", "maxspeed:lanes": "90|70", "oneway": "yes", "ref": "IC 2", "smoothness": "good", "surface": "asphalt", "turn:lanes": "through|slight_right"}}, {"type": "Feature", "geometry": {"type": "LineString", "coordinates": [[-8.8180897, 39.7494025], [-8.8174915, 39.7509197]]}, "properties": {"highway": "motorway", "lanes": "3", "lit": "yes", "maxspeed": "90", "minspeed": "50", "name": "Variante da Batalha", "oneway": "yes", "ref": "A 19;IC 2", "smoothness": "excellent", "surface": "asphalt", "toll": "no", "turn:lanes": "through|through|slight_right"}}, {"type": "Feature", "geometry": {"type": "LineString", "coordinates": [[-8.8186104, 39.748473], [-8.8188174, 39.7478658], [-8.8188843, 39.7476314], [-8.8189477, 39.7473687], [-8.8190628, 39.7466811]]}, "properties": {"highway": "motorway", "lanes": "3", "lit": "yes", "maxspeed": "100", "minspeed": "50", "name": "Variante da Batalha", "oneway": "yes", "ref": "A 19;IC 2", "smoothness": "excellent", "surface": "asphalt", "toll": "no"}}, {"type": "Feature", "geometry": {"type": "LineString", "coordinates": [[-8.8200411, 39.7389933], [-8.8198776, 39.7392378], [-8.8197113, 39.7395288], [-8.8195965, 39.7398015], [-8.8195082, 39.7400479], [-8.8194492, 39.7402345], [-8.8194107, 39.740352]]}, "properties": {"highway": "motorway", "lanes": "3", "lit": "yes", "maxspeed": "100", "minspeed": "50", "name": "Variante da Batalha", "oneway": "yes", "ref": "A 19;IC 2", "surface": "asphalt", "toll": "no"}}, {"type": "Feature", "geometry": {"type": "LineString", "coordinates": [[-8.4837011, 40.7714934], [-8.4834532, 40.7705536], [-8.4829089, 40.768491], [-8.482338, 40.7663307], [-8.4823288, 40.7662931], [-8.4822954, 40.766144], [-8.4822444, 40.7658722], [-8.4822084, 40.7654686], [-8.4822377, 40.7651613], [-8.482291, 40.7648711], [-8.4824833, 40.7643523], [-8.4827861, 40.7635508]]}, "properties": {"highway": "primary", "lanes": "2", "maxspeed": "50", "old_name": "Estrada Nacional 1", "oneway": "no", "ref": "IC 2;EN 1", "source": "Bing", "surface": "asphalt"}}, {"type": "Feature", "geometry": {"type": "LineString", "coordinates": [[-8.4906632, 40.7420951], [-8.4906721, 40.7419603], [-8.4906786, 40.7418709], [-8.4906812, 40.7417704], [-8.4906843, 40.7417179], [-8.4906718, 40.7415679], [-8.490645, 40.7414614], [-8.4905755, 40.7411854], [-8.4905081, 40.7409174], [-8.4903945, 40.7404973], [-8.4903802, 40.7404445], [-8.4903702, 40.7404075], [-8.4898581, 40.738525]]}, "properties": {"highway": "primary", "lanes": "2", "maxspeed": "50", "oneway": "no", "ref": "IC 2;EN 1", "surface": "asphalt"}}, {"type": "Feature", "geometry": {"type": "LineString", "coordinates": [[-8.4534635, 40.4800986], [-8.4534873, 40.4800009], [-8.4535114, 40.4798663], [-8.4535423, 40.4796898], [-8.4536035, 40.4792436], [-8.4536513, 40.4789727], [-8.4537256, 40.4785295], [-8.4537359, 40.4784558], [-8.4537462, 40.4783821], [-8.4537884, 40.4778053], [-8.453796, 40.4776809], [-8.4538035, 40.4775565], [-8.4538108, 40.4770936], [-8.4538144, 40.4768585], [-8.4538136, 40.4767331], [-8.4538102, 40.4762]]}, "properties": {"highway": "primary", "lanes": "2", "maxspeed": "50", "oneway": "no", "ref": "IC 2;EN 1", "surface": "asphalt"}}, {"type": "Feature", "geometry": {"type": "LineString", "coordinates": [[-8.4321232, 40.8772996], [-8.4320237, 40.8767952], [-8.4319802, 40.876575]]}, "properties": {"bicycle": "no", "foot": "no", "highway": "motorway", "lanes": "2", "maxspeed": "120", "name": "Autoestrada de Entre Douro-e-Vouga", "oneway": "yes", "ref": "A 32;IC 2", "source": "BING", "surface": "asphalt", "toll": "yes"}}, {"type": "Feature", "geometry": {"type": "LineString", "coordinates": [[-8.4408814, 40.8639527], [-8.4386816, 40.8659843]]}, "properties": {"bicycle": "no", "bridge": "yes", "foot": "no", "highway": "motorway", "lanes": "2", "layer": "1", "maxspeed": "120", "name": "Autoestrada de Entre Douro-e-Vouga", "oneway": "yes", "ref": "A 32;IC 2", "source": "BING", "surface": "asphalt", "toll": "yes"}}, {"type": "Feature", "geometry": {"type": "LineString", "coordinates": [[-8.4386927, 40.8662378], [-8.439621, 40.865385]]}, "properties": {"bicycle": "no", "bridge": "yes", "foot": "no", "highway": "motorway", "lanes": "2", "layer": "1", "maxspeed": "120", "name": "Autoestrada de Entre Douro-e-Vouga", "oneway": "yes", "ref": "A 32;IC 2", "source": "BING", "surface": "asphalt", "toll": "yes"}}, {"type": "Feature", "geometry": {"type": "LineString", "coordinates": [[-8.4318191, 40.8765975], [-8.4318507, 40.8768058], [-8.4319414, 40.8774028]]}, "properties": {"bicycle": "no", "foot": "no", "highway": "motorway", "lanes": "2", "maxspeed": "120", "name": "Autoestrada de Entre Douro-e-Vouga", "oneway": "yes", "ref": "A 32;IC 2", "source": "BING", "surface": "asphalt", "toll": "yes"}}, {"type": "Feature", "geometry": {"type": "LineString", "coordinates": [[-8.4438842, 40.8609189], [-8.4431445, 40.8616842], [-8.4427609, 40.8620688], [-8.442013, 40.8628184]]}, "properties": {"bicycle": "no", "foot": "no", "highway": "motorway", "lanes": "3", "maxspeed": "120", "name": "Autoestrada de Entre Douro-e-Vouga", "oneway": "yes", "ref": "A 32;IC 2", "source": "BING", "surface": "asphalt", "toll": "yes"}}, {"type": "Feature", "geometry": {"type": "LineString", "coordinates": [[-8.4315985, 40.875392], [-8.4318191, 40.8765975]]}, "properties": {"bicycle": "no", "bridge": "yes", "foot": "no", "highway": "motorway", "lanes": "2", "layer": "1", "maxspeed": "120", "name": "Autoestrada de Entre Douro-e-Vouga", "oneway": "yes", "ref": "A 32;IC 2", "source": "BING", "surface": "asphalt", "toll": "yes"}}, {"type": "Feature", "geometry": {"type": "LineString", "coordinates": [[-8.4420017, 40.8631056], [-8.4421675, 40.8629334], [-8.4429381, 40.862142], [-8.4429707, 40.8621057]]}, "properties": {"bicycle": "no", "foot": "no", "highway": "motorway", "lanes": "2", "maxspeed": "120", "name": "Autoestrada de Entre Douro-e-Vouga", "oneway": "yes", "ref": "A 32;IC 2", "source": "BING", "surface": "asphalt", "toll": "yes"}}, {"type": "Feature", "geometry": {"type": "LineString", "coordinates": [[-8.4319802, 40.876575], [-8.4319105, 40.8761565]]}, "properties": {"bicycle": "no", "bridge": "yes", "foot": "no", "highway": "motorway", "lanes": "2", "layer": "1", "maxspeed": "120", "name": "Autoestrada de Entre Douro-e-Vouga", "oneway": "yes", "ref": "A 32;IC 2", "source": "BING", "surface": "asphalt", "toll": "yes"}}, {"type": "Feature", "geometry": {"type": "LineString", "coordinates": [[-8.4705863, 40.6339749], [-8.4705618, 40.6336425]]}, "properties": {"bridge": "yes", "highway": "primary", "lanes": "2", "layer": "1", "maxspeed": "70", "oneway": "no", "ref": "IC 2;EN 1", "surface": "asphalt"}}, {"type": "Feature", "geometry": {"type": "LineString", "coordinates": [[-8.4658616, 40.6093819], [-8.4652117, 40.6112556], [-8.4651334, 40.6115529]]}, "properties": {"highway": "trunk", "lanes": "1", "maxspeed": "70", "oneway": "yes", "ref": "IC 2;EN 1"}}, {"type": "Feature", "geometry": {"type": "LineString", "coordinates": [[-8.4734448, 40.6723858], [-8.4734952, 40.6721937], [-8.4735516, 40.6719785], [-8.4736589, 40.6715071]]}, "properties": {"highway": "trunk", "lanes": "1", "maxspeed": "70", "oneway": "yes", "ref": "IC 2;EN 1", "source": "Bing", "surface": "asphalt"}}, {"type": "Feature", "geometry": {"type": "LineString", "coordinates": [[-8.4736589, 40.6715071], [-8.4737715, 40.6711551], [-8.4737982, 40.6710716], [-8.4739213, 40.6706868], [-8.4739835, 40.6704922], [-8.4740764, 40.670202], [-8.4742023, 40.6698082], [-8.474309, 40.6694714], [-8.4743811, 40.6692562], [-8.4745422, 40.6687528], [-8.4747247, 40.6681588]]}, "properties": {"highway": "primary", "maxspeed": "70", "oneway": "no", "ref": "IC 2;EN 1", "surface": "asphalt"}}, {"type": "Feature", "geometry": {"type": "LineString", "coordinates": [[-8.4747247, 40.6681588], [-8.475273, 40.6664277], [-8.47541, 40.6658744], [-8.4754975, 40.6653277], [-8.4755297, 40.6648569], [-8.475523, 40.6643401], [-8.4754919, 40.6639548], [-8.475451, 40.6636072], [-8.47539, 40.6631861], [-8.4753324, 40.6627899], [-8.4753227, 40.6627253], [-8.475241, 40.6621826], [-8.4751548, 40.6618228], [-8.4750294, 40.6614642], [-8.474859, 40.6611211], [-8.4746997, 40.6608338], [-8.4744638, 40.6605104], [-8.4741042, 40.6601043], [-8.4738668, 40.659889], [-8.4732864, 40.6593625]]}, "properties": {"highway": "primary", "lanes": "2", "maxspeed": "90", "note": "neste tro\u00e7o o limite de velocidade n\u00e3o \u00e9 70Kmh! confirmado no terreno", "oneway": "no", "ref": "IC 2;EN 1", "surface": "asphalt"}}, {"type": "Feature", "geometry": {"type": "LineString", "coordinates": [[-8.4662345, 40.6449845], [-8.4664397, 40.6444646], [-8.4666324, 40.6440147]]}, "properties": {"highway": "primary", "lanes": "2", "maxspeed": "70", "oneway": "no", "ref": "IC 2;EN 1", "surface": "asphalt"}}, {"type": "Feature", "geometry": {"type": "LineString", "coordinates": [[-8.4658905, 40.6461662], [-8.4660873, 40.6455306], [-8.4661903, 40.6451942], [-8.4662345, 40.6449845]]}, "properties": {"highway": "primary", "lanes": "1", "maxspeed": "70", "oneway": "yes", "ref": "IC 2;EN 1", "surface": "asphalt"}}, {"type": "Feature", "geometry": {"type": "LineString", "coordinates": [[-8.4652099, 40.6478224], [-8.4654436, 40.6473256], [-8.4655344, 40.6470899], [-8.4655764, 40.6469807], [-8.4657923, 40.6464002], [-8.4658905, 40.6461662]]}, "properties": {"highway": "primary", "lanes": "1", "maxspeed": "70", "oneway": "yes", "ref": "IC 2;EN 1", "surface": "asphalt"}}, {"type": "Feature", "geometry": {"type": "LineString", "coordinates": [[-8.4656178, 40.6465762], [-8.4653551, 40.6472818], [-8.4652099, 40.6478224]]}, "properties": {"highway": "primary", "lanes": "2", "maxspeed": "70", "oneway": "yes", "ref": "IC 2;EN 1", "surface": "asphalt"}}, {"type": "Feature", "geometry": {"type": "LineString", "coordinates": [[-8.4722569, 40.5841135], [-8.4707901, 40.5888386]]}, "properties": {"highway": "trunk", "lanes": "3", "lanes:backward": "1", "lanes:forward": "2", "maxspeed": "90", "oneway": "no", "ref": "IC 2"}}, {"type": "Feature", "geometry": {"type": "LineString", "coordinates": [[-8.4662667, 40.6085134], [-8.4664008, 40.6080465], [-8.4664692, 40.6076738]]}, "properties": {"highway": "trunk", "lanes": "1", "maxspeed": "90", "oneway": "yes", "ref": "IC 2"}}, {"type": "Feature", "geometry": {"type": "LineString", "coordinates": [[-8.4664692, 40.6076738], [-8.4663033, 40.608073], [-8.4661539, 40.6085528]]}, "properties": {"highway": "trunk", "lanes": "2", "maxspeed": "90", "oneway": "yes", "ref": "IC 2"}}, {"type": "Feature", "geometry": {"type": "LineString", "coordinates": [[-8.4661539, 40.6085528], [-8.4661125, 40.6087566], [-8.4659743, 40.6091486], [-8.4658616, 40.6093819]]}, "properties": {"highway": "trunk", "lanes": "1", "maxspeed": "70", "oneway": "yes", "ref": "IC 2"}}, {"type": "Feature", "geometry": {"type": "LineString", "coordinates": [[-8.4652822, 40.6112582], [-8.4655658, 40.6104809], [-8.4659636, 40.6093571], [-8.4662667, 40.6085134]]}, "properties": {"highway": "trunk", "lanes": "1", "maxspeed": "70", "oneway": "yes", "ref": "IC 2"}}, {"type": "Feature", "geometry": {"type": "LineString", "coordinates": [[-8.4664692, 40.6076738], [-8.4666656, 40.6069218], [-8.4668842, 40.6058188], [-8.4668942, 40.6057586]]}, "properties": {"highway": "trunk", "lanes": "3", "lanes:backward": "2", "lanes:forward": "1", "maxspeed": "90", "oneway": "no", "ref": "IC 2"}}, {"type": "Feature", "geometry": {"type": "LineString", "coordinates": [[-8.9770666, 39.2200523], [-8.9770959, 39.219977], [-8.977147, 39.2199091], [-8.9772172, 39.2198523], [-8.9773024, 39.2198096]]}, "properties": {"highway": "primary", "lanes": "1", "oneway": "yes", "ref": "IC 2;EN 1", "surface": "asphalt"}}, {"type": "Feature", "geometry": {"type": "LineString", "coordinates": [[-8.9773024, 39.2198096], [-8.9771792, 39.2198396], [-8.9770543, 39.2198651], [-8.976928, 39.2198859], [-8.9768006, 39.2199021]]}, "properties": {"highway": "primary", "lanes": "1", "oneway": "yes", "ref": "IC 2;EN 1", "surface": "asphalt"}}, {"type": "Feature", "geometry": {"type": "LineString", "coordinates": [[-8.9760213, 39.2199964], [-8.9759565, 39.2200566], [-8.9758773, 39.2201054], [-8.9757868, 39.2201407], [-8.9756891, 39.2201611]]}, "properties": {"highway": "primary", "lanes": "1", "maxspeed": "90", "oneway": "yes", "ref": "IC 2;EN 1", "surface": "asphalt"}}, {"type": "Feature", "geometry": {"type": "LineString", "coordinates": [[-8.9756891, 39.2201611], [-8.9758155, 39.2201549], [-8.9759421, 39.2201498], [-8.9760687, 39.2201459], [-8.9761954, 39.2201431]]}, "properties": {"highway": "primary", "lanes": "1", "maxspeed": "90", "oneway": "yes", "ref": "IC 2;EN 1", "surface": "asphalt"}}, {"type": "Feature", "geometry": {"type": "LineString", "coordinates": [[-8.9761954, 39.2201431], [-8.9763008, 39.2201484], [-8.9764058, 39.2201575], [-8.9765377, 39.2201744], [-8.976668, 39.2201972], [-8.9767964, 39.2202259], [-8.9768654, 39.2202309], [-8.9769331, 39.2202191], [-8.9769927, 39.2201916], [-8.9770383, 39.2201512], [-8.9770655, 39.2201018], [-8.9770666, 39.2200523]]}, "properties": {"highway": "primary", "junction": "roundabout", "lanes": "2", "ref": "IC 2;EN 1", "surface": "asphalt"}}, {"type": "Feature", "geometry": {"type": "LineString", "coordinates": [[-8.9760213, 39.2199964], [-8.9760339, 39.22005], [-8.9760711, 39.2200963], [-8.9761275, 39.2201288], [-8.9761954, 39.2201431]]}, "properties": {"highway": "primary", "junction": "roundabout", "lanes": "2", "ref": "IC 2;EN 1", "surface": "asphalt"}}, {"type": "Feature", "geometry": {"type": "LineString", "coordinates": [[-8.9770666, 39.2200523], [-8.9770444, 39.2199985], [-8.9770017, 39.2199527], [-8.9769428, 39.2199194], [-8.9768735, 39.219902], [-8.9768006, 39.2199021]]}, "properties": {"highway": "primary", "junction": "roundabout", "lanes": "2", "ref": "IC 2;EN 1", "surface": "asphalt"}}, {"type": "Feature", "geometry": {"type": "LineString", "coordinates": [[-8.7025228, 39.8550157], [-8.7025842, 39.8548883], [-8.7026828, 39.8545124]]}, "properties": {"highway": "trunk", "lanes": "2", "lit": "no", "maxspeed": "50", "old_ref": "EN 1", "oneway": "yes", "ref": "IC 2;EN 1", "surface": "asphalt", "turn:lanes": "through|slight_right"}}, {"type": "Feature", "geometry": {"type": "LineString", "coordinates": [[-8.7031497, 39.8520545], [-8.703115, 39.8520959], [-8.7030559, 39.8523205]]}, "properties": {"highway": "trunk", "lanes": "1", "lit": "yes", "maxspeed": "50", "old_ref": "EN 1", "oneway": "yes", "ref": "IC 2;EN 1", "smoothness": "good", "surface": "asphalt", "turn:lanes": "through;right"}}, {"type": "Feature", "geometry": {"type": "LineString", "coordinates": [[-8.6547279, 39.8952728], [-8.6544518, 39.8953986]]}, "properties": {"highway": "trunk", "lanes": "3", "lanes:backward": "1", "lanes:forward": "2", "lit": "yes", "maxspeed": "60", "ref": "IC 2;EN 1", "smoothness": "intermediate", "surface": "asphalt", "turn:lanes:backward": "through;right", "turn:lanes:forward": "left|through"}}, {"type": "Feature", "geometry": {"type": "LineString", "coordinates": [[-8.6465999, 39.8980274], [-8.6438747, 39.8989313]]}, "properties": {"highway": "trunk", "lanes": "2", "lit": "yes", "maxspeed": "80", "ref": "IC 2;EN 1", "surface": "asphalt"}}, {"type": "Feature", "geometry": {"type": "LineString", "coordinates": [[-8.6437721, 39.8989644], [-8.6408111, 39.8999086], [-8.6399735, 39.900174]]}, "properties": {"highway": "trunk", "lanes": "2", "lit": "yes", "maxspeed": "80", "ref": "IC 2;EN 1", "sidewalk:both": "no", "surface": "asphalt"}}, {"type": "Feature", "geometry": {"type": "LineString", "coordinates": [[-8.6399735, 39.900174], [-8.639542, 39.9003052]]}, "properties": {"highway": "trunk", "lanes": "2", "lit": "yes", "maxspeed": "80", "ref": "IC 2;EN 1", "surface": "asphalt"}}, {"type": "Feature", "geometry": {"type": "LineString", "coordinates": [[-8.6329623, 39.9078805], [-8.6327966, 39.9084101]]}, "properties": {"highway": "trunk", "lanes": "2", "lit": "yes", "maxspeed": "60", "ref": "IC 2;EN 1", "smoothness": "good", "surface": "asphalt"}}, {"type": "Feature", "geometry": {"type": "LineString", "coordinates": [[-8.6325985, 39.9090594], [-8.6325526, 39.9093105]]}, "properties": {"highway": "trunk", "lanes": "2", "lit": "yes", "maxspeed": "60", "ref": "IC 2;EN 1", "smoothness": "good", "surface": "asphalt"}}, {"type": "Feature", "geometry": {"type": "LineString", "coordinates": [[-8.6325526, 39.9093105], [-8.6325251, 39.9096], [-8.6325046, 39.9098696]]}, "properties": {"highway": "trunk", "lanes": "2", "lit": "yes", "maxspeed": "60", "ref": "IC 2;EN 1", "smoothness": "good", "surface": "asphalt", "turn:lanes:forward": "through;right"}}, {"type": "Feature", "geometry": {"type": "LineString", "coordinates": [[-8.6325046, 39.9098696], [-8.6325388, 39.91027]]}, "properties": {"highway": "trunk", "lanes": "2", "lit": "yes", "maxspeed": "60", "ref": "IC 2;EN 1", "smoothness": "good", "surface": "asphalt"}}, {"type": "Feature", "geometry": {"type": "LineString", "coordinates": [[-8.6325388, 39.91027], [-8.6325587, 39.9104644]]}, "properties": {"highway": "trunk", "lanes": "2", "lit": "yes", "maxspeed": "60", "ref": "IC 2;EN 1", "smoothness": "good", "surface": "asphalt"}}, {"type": "Feature", "geometry": {"type": "LineString", "coordinates": [[-8.4532122, 40.1729036], [-8.4528729, 40.1733974]]}, "properties": {"change:lanes:forward": "no|no", "cycleway:both": "no", "highway": "trunk", "lanes": "3", "lanes:backward": "1", "lanes:forward": "2", "lit": "no", "maxspeed": "90", "old_ref": "EN 1", "oneway": "no", "ref": "IC 2", "source": "bing", "surface": "asphalt"}}, {"type": "Feature", "geometry": {"type": "LineString", "coordinates": [[-8.4528729, 40.1733974], [-8.4525435, 40.1738484], [-8.4522251, 40.1742458], [-8.4519508, 40.1745556], [-8.4514611, 40.175093], [-8.451258, 40.175303]]}, "properties": {"cycleway:both": "no", "highway": "trunk", "lanes": "3", "lanes:backward": "1", "lanes:forward": "2", "lit": "no", "maxspeed": "90", "old_ref": "EN 1", "ref": "IC 2", "surface": "asphalt"}}, {"type": "Feature", "geometry": {"type": "LineString", "coordinates": [[-8.4558581, 40.1681982], [-8.4558243, 40.1682588]]}, "properties": {"cycleway:both": "no", "highway": "trunk", "lanes": "3", "lanes:backward": "1", "lanes:forward": "2", "maxspeed": "90", "old_ref": "EN 1", "oneway": "no", "ref": "IC 2", "surface": "asphalt"}}, {"type": "Feature", "geometry": {"type": "LineString", "coordinates": [[-8.4562509, 40.1674743], [-8.4558581, 40.1681982]]}, "properties": {"cycleway:both": "no", "highway": "trunk", "lanes": "3", "lanes:backward": "1", "lanes:forward": "2", "maxspeed": "90", "old_ref": "EN 1", "oneway": "no", "ref": "IC 2", "surface": "asphalt"}}, {"type": "Feature", "geometry": {"type": "LineString", "coordinates": [[-8.4570109, 40.1660095], [-8.4569633, 40.1660935], [-8.4569076, 40.1661884], [-8.4564627, 40.1670238], [-8.4564249, 40.167104], [-8.456395, 40.1672022]]}, "properties": {"cycleway:both": "no", "highway": "trunk", "lanes": "2", "maxspeed": "90", "old_ref": "EN 1", "oneway": "yes", "ref": "IC 2", "surface": "asphalt"}}, {"type": "Feature", "geometry": {"type": "LineString", "coordinates": [[-8.4627255, 40.1485313], [-8.4628379, 40.148377], [-8.4629367, 40.1482172], [-8.4641306, 40.1461859]]}, "properties": {"cycleway:both": "no", "highway": "trunk", "lanes": "1", "lit": "yes", "maxspeed": "90", "old_ref": "EN 1", "oneway": "yes", "ref": "IC 2", "smoothness": "excellent", "surface": "asphalt"}}, {"type": "Feature", "geometry": {"type": "LineString", "coordinates": [[-8.460667, 40.1519826], [-8.4607912, 40.1517788]]}, "properties": {"change:lanes:backward": "no|no", "change:lanes:forward": "no", "cycleway:both": "no", "highway": "trunk", "lanes": "3", "lanes:backward": "2", "lanes:forward": "1", "lit": "no", "maxspeed": "90", "old_ref": "EN 1", "oneway": "no", "ref": "IC 2", "smoothness": "excellent", "surface": "asphalt", "turn:lanes:backward": "through|through;right"}}, {"type": "Feature", "geometry": {"type": "LineString", "coordinates": [[-8.4602836, 40.1526101], [-8.460469, 40.1522788], [-8.460667, 40.1519826]]}, "properties": {"change:lanes:backward": "no|no", "change:lanes:forward": "no", "cycleway:both": "no", "highway": "trunk", "lanes": "3", "lanes:backward": "2", "lanes:forward": "1", "lit": "no", "maxspeed": "90", "old_ref": "EN 1", "oneway": "no", "ref": "IC 2", "smoothness": "excellent", "surface": "asphalt"}}, {"type": "Feature", "geometry": {"type": "LineString", "coordinates": [[-8.4593158, 40.1600566], [-8.459286, 40.1602516], [-8.4592737, 40.160411], [-8.459251, 40.1607577]]}, "properties": {"cycleway:both": "no", "highway": "trunk", "lanes": "1", "lit": "no", "maxspeed": "90", "old_ref": "EN 1", "oneway": "yes", "ref": "IC 2", "surface": "asphalt"}}, {"type": "Feature", "geometry": {"type": "LineString", "coordinates": [[-8.4594369, 40.1551223], [-8.4595066, 40.1547389], [-8.4595683, 40.1544703], [-8.4596354, 40.1542202], [-8.4597206, 40.1539555], [-8.4598124, 40.1537139], [-8.4599116, 40.1534695]]}, "properties": {"cycleway:both": "no", "highway": "trunk", "lanes": "2", "lit": "no", "maxspeed": "90", "old_ref": "EN 1", "oneway": "no", "ref": "IC 2", "smoothness": "excellent", "surface": "asphalt"}}, {"type": "Feature", "geometry": {"type": "LineString", "coordinates": [[-8.4593693, 40.1558087], [-8.459394, 40.1554421], [-8.4594369, 40.1551223]]}, "properties": {"cycleway:both": "no", "highway": "trunk", "lanes": "2", "lit": "no", "maxspeed": "90", "old_ref": "EN 1", "oneway": "no", "ref": "IC 2", "smoothness": "excellent", "surface": "asphalt"}}, {"type": "Feature", "geometry": {"type": "LineString", "coordinates": [[-8.4599116, 40.1534695], [-8.4601201, 40.1529174]]}, "properties": {"cycleway:both": "no", "highway": "trunk", "lanes": "3", "lanes:backward": "2", "lanes:forward": "1", "lit": "no", "maxheight": "default", "maxspeed": "90", "old_ref": "EN 1", "oneway": "no", "ref": "IC 2", "smoothness": "excellent", "surface": "asphalt", "turn:lanes:backward": "|merge_to_left"}}, {"type": "Feature", "geometry": {"type": "LineString", "coordinates": [[-8.4593158, 40.1600566], [-8.4593591, 40.1562026], [-8.4593693, 40.1558087]]}, "properties": {"cycleway:both": "no", "highway": "trunk", "lanes": "3", "lanes:backward": "1", "lanes:forward": "2", "lit": "no", "maxspeed": "90", "old_ref": "EN 1", "oneway": "no", "placement:forward": "left_of:1", "ref": "IC 2", "surface": "asphalt"}}, {"type": "Feature", "geometry": {"type": "LineString", "coordinates": [[-8.4672314, 40.1401834], [-8.4671162, 40.1403988]]}, "properties": {"cycleway:both": "no", "highway": "trunk", "lanes": "2", "lit": "yes", "maxspeed": "90", "old_ref": "EN 1", "oneway": "yes", "ref": "IC 2", "source": "Bing", "surface": "asphalt"}}, {"type": "Feature", "geometry": {"type": "LineString", "coordinates": [[-8.4673916, 40.1400633], [-8.4676257, 40.1396042], [-8.4678048, 40.1392188]]}, "properties": {"cycleway:both": "no", "highway": "trunk", "lanes": "1", "lit": "yes", "maxspeed": "90", "old_ref": "EN 1", "oneway": "yes", "ref": "IC 2", "smoothness": "excellent", "source": "Bing", "surface": "asphalt"}}, {"type": "Feature", "geometry": {"type": "LineString", "coordinates": [[-8.4866553, 40.874865], [-8.4863823, 40.8741488], [-8.4861125, 40.8734511], [-8.4860051, 40.873205], [-8.4859024, 40.8729865], [-8.4857925, 40.8727879], [-8.4856543, 40.8725628], [-8.4853636, 40.872124]]}, "properties": {"highway": "trunk", "lanes": "2", "maxheight:signed": "no", "oneway": "yes", "ref": "IC 2", "source": "Bing", "surface": "asphalt"}}, {"type": "Feature", "geometry": {"type": "LineString", "coordinates": [[-8.4533055, 40.3697319], [-8.4530403, 40.3699936]]}, "properties": {"alt_name": "EN1 / EN234", "highway": "primary", "lanes": "2", "maxspeed": "50", "oneway": "no", "ref": "IC 2;EN 1", "surface": "asphalt"}}, {"type": "Feature", "geometry": {"type": "LineString", "coordinates": [[-8.4530403, 40.3699936], [-8.4512661, 40.3719238]]}, "properties": {"alt_name": "EN1 / EN234", "highway": "primary", "lanes": "2", "maxspeed": "50", "oneway": "no", "ref": "IC 2;EN 1", "surface": "asphalt"}}, {"type": "Feature", "geometry": {"type": "LineString", "coordinates": [[-8.6290911, 39.9229987], [-8.6290742, 39.9230777], [-8.6290565, 39.923156], [-8.6290347, 39.9232178], [-8.6289605, 39.9233762], [-8.6289225, 39.9234568], [-8.6288922, 39.9235569], [-8.6288712, 39.9236362], [-8.6288572, 39.9237112], [-8.628846, 39.9237738], [-8.6288371, 39.9238597], [-8.6288319, 39.9239534], [-8.6288343, 39.9240603], [-8.6288512, 39.9243037]]}, "properties": {"highway": "trunk", "lanes": "1", "maxspeed": "60", "oneway": "yes", "ref": "IC 2;EN 1", "smoothness": "excellent", "surface": "asphalt"}}, {"type": "Feature", "geometry": {"type": "LineString", "coordinates": [[-8.6296393, 39.9228713], [-8.6296774, 39.9227624], [-8.6297086, 39.9227086], [-8.6297524, 39.9226577], [-8.6298194, 39.9225999], [-8.6298927, 39.9225496], [-8.6300905, 39.9224089]]}, "properties": {"highway": "trunk", "lanes": "1", "lit": "yes", "maxspeed": "50", "oneway": "yes", "ref": "IC 2;EN 1", "surface": "asphalt"}}, {"type": "Feature", "geometry": {"type": "LineString", "coordinates": [[-8.4491378, 40.520061], [-8.4490442, 40.5197466], [-8.4489677, 40.5194793], [-8.4489337, 40.5193177], [-8.4488656, 40.5188846], [-8.448857, 40.5187358]]}, "properties": {"highway": "trunk", "lanes": "2", "oneway": "yes", "ref": "IC 2;EN 1"}}, {"type": "Feature", "geometry": {"type": "LineString", "coordinates": [[-8.4493435, 40.5208188], [-8.4502551, 40.5222946]]}, "properties": {"highway": "trunk", "lanes": "2", "maxspeed": "90", "old_ref": "EN 1", "oneway": "yes", "ref": "IC 2"}}, {"type": "Feature", "geometry": {"type": "LineString", "coordinates": [[-8.703545, 39.850101], [-8.7034557, 39.8505458]]}, "properties": {"highway": "trunk", "lanes": "3", "lanes:backward": "2", "lanes:forward": "1", "lit": "yes", "maxspeed": "50", "old_ref": "EN 1", "ref": "IC 2;EN 1", "smoothness": "good", "surface": "asphalt", "turn:lanes:backward": "left|through;right"}}, {"type": "Feature", "geometry": {"type": "LineString", "coordinates": [[-8.9637215, 39.3747645], [-8.9642715, 39.3740302]]}, "properties": {"highway": "trunk", "lanes": "1", "maxspeed": "70", "oneway": "yes", "ref": "IC 2", "surface": "asphalt"}}, {"type": "Feature", "geometry": {"type": "LineString", "coordinates": [[-8.9637855, 39.3745611], [-8.9635746, 39.3748451], [-8.9634481, 39.3750341], [-8.9633341, 39.3752206], [-8.9632319, 39.3753999], [-8.9631374, 39.3755814], [-8.9630501, 39.3757701], [-8.9629758, 39.3759483], [-8.9629452, 39.3760841]]}, "properties": {"highway": "trunk", "lanes": "1", "oneway": "yes", "ref": "IC 2;EN 1", "surface": "asphalt"}}, {"type": "Feature", "geometry": {"type": "LineString", "coordinates": [[-8.4678048, 40.1392188], [-8.4679863, 40.1388049], [-8.4684391, 40.1378345], [-8.468556, 40.1376012], [-8.4686744, 40.1373557]]}, "properties": {"cycleway:both": "no", "highway": "trunk", "lanes": "1", "lit": "yes", "maxspeed": "90", "old_ref": "EN 1", "oneway": "yes", "ref": "IC 2;EN 1", "smoothness": "excellent", "surface": "asphalt"}}, {"type": "Feature", "geometry": {"type": "LineString", "coordinates": [[-8.8275003, 39.7285812], [-8.8276172, 39.7284477], [-8.8279667, 39.7280446], [-8.8282285, 39.7277055], [-8.8283661, 39.7275074], [-8.8284536, 39.727378], [-8.8285798, 39.7271711], [-8.8286855, 39.7269784], [-8.829009, 39.7263073], [-8.8291835, 39.7259443], [-8.8293501, 39.7256001], [-8.8295408, 39.7251793], [-8.8297486, 39.7247524], [-8.8301601, 39.7239074], [-8.83046, 39.7232798], [-8.8308012, 39.722582], [-8.8309711, 39.722232], [-8.8311453, 39.7218762], [-8.8313404, 39.7214736], [-8.8314462, 39.7212557], [-8.8315608, 39.7210164], [-8.8316941, 39.7207268], [-8.8318782, 39.720349], [-8.8320674, 39.7199872], [-8.8322547, 39.7196411], [-8.8323722, 39.7194345], [-8.8325122, 39.7192175], [-8.8327546, 39.7188703], [-8.8329592, 39.7186045], [-8.8330951, 39.7184398], [-8.8332458, 39.7182832], [-8.8333839, 39.7181328], [-8.8336354, 39.7178782], [-8.8340105, 39.7175533], [-8.8344514, 39.7171974], [-8.8349563, 39.7168026]]}, "properties": {"highway": "motorway", "lanes": "2", "lit": "yes", "maxspeed": "120", "name": "Variante da Batalha", "oneway": "yes", "ref": "A 19;IC 2", "surface": "asphalt", "toll": "yes"}}, {"type": "Feature", "geometry": {"type": "LineString", "coordinates": [[-8.8273773, 39.7285416], [-8.8269275, 39.7290672]]}, "properties": {"bridge": "yes", "highway": "motorway", "lanes": "3", "layer": "1", "lit": "yes", "maxspeed": "120", "name": "Variante da Batalha", "oneway": "yes", "ref": "A 19;IC 2", "surface": "asphalt", "toll": "no", "turn:lanes": "through|through|slight_right"}}, {"type": "Feature", "geometry": {"type": "LineString", "coordinates": [[-8.8270417, 39.7291025], [-8.8275003, 39.7285812]]}, "properties": {"bridge": "yes", "highway": "motorway", "lanes": "2", "layer": "1", "lit": "yes", "maxspeed": "120", "name": "Variante da Batalha", "oneway": "yes", "ref": "A 19;IC 2", "surface": "asphalt", "toll": "yes"}}, {"type": "Feature", "geometry": {"type": "LineString", "coordinates": [[-8.8269275, 39.7290672], [-8.8268268, 39.7291906]]}, "properties": {"highway": "motorway", "lanes": "3", "lit": "yes", "maxspeed": "120", "name": "Variante da Batalha", "oneway": "yes", "ref": "A 19;IC 2", "surface": "asphalt", "toll": "no", "turn:lanes": "through|through|slight_right"}}, {"type": "Feature", "geometry": {"type": "LineString", "coordinates": [[-8.6071904, 41.1109296], [-8.6071486, 41.110881], [-8.6071215, 41.1108387], [-8.6071096, 41.1107729], [-8.6071084, 41.1107018], [-8.6071677, 41.1097478], [-8.6071708, 41.1096591], [-8.6071739, 41.1095706], [-8.6071751, 41.1095034], [-8.6071697, 41.1094333], [-8.607148, 41.1093746], [-8.6070726, 41.1092552], [-8.6070439, 41.1091771], [-8.6070398, 41.1091016], [-8.6070455, 41.1090233]]}, "properties": {"destination": "Lisboa", "destination:ref": "A 1", "destination:ref:to": "A 29", "highway": "primary", "lanes": "2", "maxheight": "default", "name": "N\u00f3 de Santo Ov\u00eddio (Sentido Norte-Sul)", "oneway": "yes", "ref": "IC 2", "surface": "asphalt"}}, {"type": "Feature", "geometry": {"type": "LineString", "coordinates": [[-8.8447583, 39.698668], [-8.8453697, 39.6980499], [-8.8456634, 39.6976972], [-8.8460471, 39.697194], [-8.8463104, 39.6967992]]}, "properties": {"bridge": "yes", "highway": "motorway", "lanes": "2", "layer": "1", "lit": "yes", "maxspeed": "120", "name": "Variante da Batalha", "oneway": "yes", "ref": "A 19;IC 2", "surface": "asphalt", "toll": "yes"}}, {"type": "Feature", "geometry": {"type": "LineString", "coordinates": [[-8.8463104, 39.6967992], [-8.8464756, 39.6965273], [-8.8466313, 39.6962444], [-8.8467266, 39.6960571], [-8.8469836, 39.6954536], [-8.8471413, 39.6950048], [-8.8472877, 39.6944389], [-8.8473287, 39.6942477], [-8.8473859, 39.6939496], [-8.8474432, 39.6934861], [-8.8475793, 39.6913433], [-8.8476244, 39.6904691], [-8.8477198, 39.6886147], [-8.8477728, 39.6877342], [-8.8478088, 39.6870773], [-8.8478524, 39.6861796], [-8.8478842, 39.6852564], [-8.8478801, 39.6846065]]}, "properties": {"highway": "motorway", "lanes": "2", "lit": "yes", "maxspeed": "120", "name": "Variante da Batalha", "oneway": "yes", "ref": "A 19;IC 2", "surface": "asphalt", "toll": "yes"}}, {"type": "Feature", "geometry": {"type": "LineString", "coordinates": [[-8.8461952, 39.6967688], [-8.845975, 39.6971083], [-8.8457607, 39.6973995], [-8.8455177, 39.6977129], [-8.8453698, 39.6978868], [-8.8450354, 39.6982511], [-8.8446346, 39.6986378]]}, "properties": {"bridge": "yes", "highway": "motorway", "lanes": "2", "layer": "1", "lit": "yes", "maxspeed": "120", "name": "Variante da Batalha", "oneway": "yes", "ref": "A 19;IC 2", "surface": "asphalt", "toll": "yes"}}, {"type": "Feature", "geometry": {"type": "LineString", "coordinates": [[-8.8446346, 39.6986378], [-8.844201, 39.6990285], [-8.843107, 39.6999451], [-8.8428191, 39.7001765], [-8.8419875, 39.7008771], [-8.8409531, 39.7017327], [-8.8402658, 39.7022962], [-8.8383214, 39.7038947], [-8.8375546, 39.7045743], [-8.8371295, 39.7050302], [-8.836921, 39.7052911], [-8.8367432, 39.7055247], [-8.8365745, 39.7057765], [-8.8363866, 39.706103], [-8.8361988, 39.7064622], [-8.836073, 39.7067848], [-8.8359707, 39.7070783], [-8.8358311, 39.7076049], [-8.8357857, 39.7079275], [-8.8357497, 39.7082355], [-8.8357409, 39.7087144], [-8.8357526, 39.7089157], [-8.835767, 39.7091027], [-8.8357924, 39.7092959], [-8.8358528, 39.7095954], [-8.8359195, 39.7098814], [-8.8360507, 39.7102743], [-8.8361868, 39.7106384], [-8.8364942, 39.7113686], [-8.836699, 39.7118749], [-8.8368858, 39.7124762], [-8.8369408, 39.7128253], [-8.8369667, 39.7130974], [-8.836961, 39.7135475], [-8.836946, 39.7137389], [-8.8368894, 39.7140244], [-8.8367999, 39.7143359], [-8.8366488, 39.7147187], [-8.8365784, 39.7148747]]}, "properties": {"highway": "motorway", "lanes": "2", "lit": "yes", "maxspeed": "120", "name": "Variante da Batalha", "oneway": "yes", "ref": "A 19;IC 2", "surface": "asphalt", "toll": "yes"}}, {"type": "Feature", "geometry": {"type": "LineString", "coordinates": [[-8.4521074, 40.4380442], [-8.4520782, 40.4381859]]}, "properties": {"highway": "primary", "lanes": "1", "oneway": "yes", "ref": "IC 2;EN 1", "source": "Bing", "surface": "asphalt"}}, {"type": "Feature", "geometry": {"type": "LineString", "coordinates": [[-8.4520782, 40.4381859], [-8.4521575, 40.43806]]}, "properties": {"highway": "primary", "lanes": "1", "oneway": "yes", "ref": "IC 2;EN 1", "source": "Bing", "surface": "asphalt"}}, {"type": "Feature", "geometry": {"type": "LineString", "coordinates": [[-8.4524519, 40.4372923], [-8.4524891, 40.437111]]}, "properties": {"highway": "primary", "lanes": "1", "oneway": "yes", "ref": "IC 2;EN 1", "source": "Bing", "surface": "asphalt"}}, {"type": "Feature", "geometry": {"type": "LineString", "coordinates": [[-8.4523659, 40.4372767], [-8.4523111, 40.437334], [-8.4521967, 40.4374598], [-8.4521063, 40.4375484]]}, "properties": {"highway": "primary", "lanes": "1", "oneway": "yes", "ref": "IC 2;EN 1", "source": "Bing", "surface": "asphalt"}}, {"type": "Feature", "geometry": {"type": "LineString", "coordinates": [[-8.8201203, 39.7391092], [-8.8203821, 39.738754], [-8.8206118, 39.7384993]]}, "properties": {"bridge": "yes", "highway": "motorway", "lanes": "4", "layer": "1", "lit": "yes", "maxspeed": "100", "maxspeed:lanes": "100|100|100|80", "minspeed": "50", "name": "Variante da Batalha", "oneway": "yes", "ref": "A 19;IC 2", "smoothness": "excellent", "surface": "asphalt", "toll": "no", "turn:lanes": "none|none|none|slight_right"}}, {"type": "Feature", "geometry": {"type": "LineString", "coordinates": [[-8.8255979, 39.7308548], [-8.8254797, 39.7311695], [-8.8254392, 39.7313248], [-8.8254134, 39.7314552], [-8.8253888, 39.7316264], [-8.8253788, 39.7318099], [-8.8253707, 39.7319965], [-8.8253659, 39.7321817]]}, "properties": {"highway": "motorway", "lanes": "3", "lit": "yes", "maxspeed": "100", "minspeed": "50", "name": "Variante da Batalha", "oneway": "yes", "ref": "A 19;IC 2", "surface": "asphalt", "toll": "no", "turn:lanes": "through|through|through;slight_right"}}, {"type": "Feature", "geometry": {"type": "LineString", "coordinates": [[-8.8345938, 39.7169586], [-8.8338973, 39.7175251], [-8.8337462, 39.717654], [-8.8335768, 39.717801], [-8.833382, 39.7179909], [-8.833102, 39.7182811], [-8.8328394, 39.7185935], [-8.8326485, 39.7188486], [-8.832441, 39.7191337], [-8.8322204, 39.7194814], [-8.8320609, 39.7197616], [-8.8319279, 39.7200209], [-8.831718, 39.7204458], [-8.8315155, 39.7208743], [-8.8313113, 39.721293], [-8.8311053, 39.7217116], [-8.8308561, 39.7222177], [-8.8306254, 39.7226929], [-8.8299399, 39.7241083], [-8.8296265, 39.7247569], [-8.8293238, 39.7253919], [-8.8291165, 39.7258401], [-8.8289024, 39.7263068], [-8.828634, 39.7268039]]}, "properties": {"highway": "motorway", "lanes": "2", "lit": "yes", "maxspeed": "120", "name": "Variante da Batalha", "oneway": "yes", "ref": "A 19;IC 2", "surface": "asphalt", "toll": "yes"}}, {"type": "Feature", "geometry": {"type": "LineString", "coordinates": [[-8.8810017, 39.5665727], [-8.8806522, 39.5670714], [-8.8801702, 39.5677685], [-8.8799891, 39.5680261], [-8.8795313, 39.5686831], [-8.8791091, 39.5692844]]}, "properties": {"highway": "trunk", "lanes": "2", "maxspeed": "60", "ref": "IC 2;EN 1", "surface": "asphalt"}}, {"type": "Feature", "geometry": {"type": "LineString", "coordinates": [[-8.4723695, 40.8382183], [-8.4726321, 40.837913], [-8.4728034, 40.8376935], [-8.4729254, 40.837523], [-8.4730235, 40.8373664], [-8.4731323, 40.8371617], [-8.4731906, 40.8370192], [-8.4732543, 40.8368185], [-8.4733021, 40.8366299], [-8.4733286, 40.8364212], [-8.4733312, 40.8362345], [-8.4733164, 40.8360262]]}, "properties": {"highway": "trunk", "lanes": "1", "oneway": "yes", "ref": "IC 2", "source": "Bing", "surface": "asphalt"}}, {"type": "Feature", "geometry": {"type": "LineString", "coordinates": [[-8.470552, 40.8326762], [-8.4707057, 40.8328887], [-8.4708693, 40.8330826], [-8.4710328, 40.833259]]}, "properties": {"destination:lanes": "Porto;Oliveira de Azem\u00e9is|Oliveira de Azem\u00e9is;Vale de Cambra;Arouca", "destination:ref:lanes": "IC 2;EN 1|IC 2;EN 1;EN 224", "highway": "trunk", "lanes": "2", "maxspeed": "90", "oneway": "yes", "ref": "IC 2", "source": "Bing", "surface": "asphalt", "turn:lanes": "through|through;slight_right"}}, {"type": "Feature", "geometry": {"type": "LineString", "coordinates": [[-8.4731348, 40.8354704], [-8.4730472, 40.835303], [-8.4729283, 40.8351264], [-8.47278, 40.8349335], [-8.4725651, 40.8346667], [-8.4723752, 40.8344614], [-8.4721581, 40.834253], [-8.4718792, 40.8339818], [-8.4717145, 40.8338375], [-8.4715287, 40.8336689], [-8.4714173, 40.8335416]]}, "properties": {"highway": "trunk", "lanes": "1", "oneway": "yes", "ref": "IC 2", "source": "Bing", "surface": "asphalt"}}, {"type": "Feature", "geometry": {"type": "LineString", "coordinates": [[-8.4687575, 40.8246837], [-8.4690318, 40.8242649], [-8.4692474, 40.823931], [-8.4694875, 40.8235769], [-8.4697021, 40.8232436], [-8.4700454, 40.8227202], [-8.4702809, 40.8223618], [-8.4706142, 40.8218485], [-8.4710233, 40.8212256], [-8.4712472, 40.8208804], [-8.4715114, 40.8204794], [-8.4718794, 40.8199092], [-8.4721714, 40.8194565], [-8.4724327, 40.8190752], [-8.4726658, 40.818718], [-8.4730215, 40.8181844], [-8.4732227, 40.8178775], [-8.4734182, 40.817579]]}, "properties": {"highway": "trunk", "lanes": "1", "maxheight:signed": "no", "oneway": "yes", "ref": "IC 2", "source": "Bing", "surface": "asphalt"}}, {"type": "Feature", "geometry": {"type": "LineString", "coordinates": [[-8.4733164, 40.8360262], [-8.473258, 40.8357909], [-8.4731995, 40.8356173], [-8.4731348, 40.8354704]]}, "properties": {"bridge": "yes", "highway": "trunk", "lanes": "1", "layer": "1", "maxweight:signed": "no", "oneway": "yes", "ref": "IC 2", "source": "Bing", "surface": "asphalt"}}, {"type": "Feature", "geometry": {"type": "LineString", "coordinates": [[-8.4721141, 40.8509898], [-8.471881, 40.8507504], [-8.4717056, 40.8505277], [-8.4715234, 40.8502463], [-8.471403, 40.8499608], [-8.4713162, 40.8496477], [-8.4712939, 40.8493011], [-8.4712916, 40.8489579], [-8.4713139, 40.8486365], [-8.4714596, 40.8477408], [-8.4715759, 40.8468532], [-8.4715812, 40.8466491], [-8.4715759, 40.8464202], [-8.4715551, 40.8462816], [-8.4715236, 40.8461409], [-8.4714509, 40.8458899], [-8.4713629, 40.8456873], [-8.4712535, 40.8454795], [-8.4710533, 40.8452126], [-8.4708531, 40.8449888], [-8.4707696, 40.8449056]]}, "properties": {"access": "yes", "bicycle": "no", "foot": "no", "highway": "trunk", "lanes": "2", "maxheight:signed": "no", "maxspeed": "90", "oneway": "yes", "ref": "IC 2", "source": "Bing", "surface": "asphalt"}}, {"type": "Feature", "geometry": {"type": "LineString", "coordinates": [[-8.4710792, 40.8395086], [-8.4699294, 40.8407132], [-8.4696243, 40.8410329], [-8.4694393, 40.8412863], [-8.4693078, 40.8415097], [-8.4691924, 40.8417695], [-8.4691293, 40.8419868], [-8.4691012, 40.8421347], [-8.4690758, 40.8423349], [-8.4690719, 40.8425015], [-8.4690744, 40.8426545], [-8.4690957, 40.8428186], [-8.4691281, 40.8429585], [-8.469215, 40.8431769], [-8.4693184, 40.843396], [-8.4693951, 40.8435308], [-8.4694902, 40.8436648], [-8.4696976, 40.8439146], [-8.469973, 40.8442062], [-8.4700423, 40.844273], [-8.4707652, 40.8449822], [-8.4710978, 40.8453764], [-8.4711915, 40.8455166], [-8.4712957, 40.8457356], [-8.4713658, 40.8459081], [-8.4714029, 40.8460306], [-8.47144, 40.8461658], [-8.4714644, 40.846302], [-8.4714808, 40.8464402], [-8.4714835, 40.8466335], [-8.4714761, 40.8468521], [-8.4714613, 40.8470283], [-8.4714425, 40.8472177], [-8.4714139, 40.8474291], [-8.4713839, 40.8476649], [-8.4713064, 40.8481262], [-8.4712806, 40.8483214], [-8.4712514, 40.8485121], [-8.471234, 40.8486479], [-8.4712068, 40.8489022], [-8.4712005, 40.8491621], [-8.4712038, 40.8492498], [-8.4712125, 40.849456], [-8.4712387, 40.8496726], [-8.4712739, 40.8498196], [-8.4713252, 40.8499752], [-8.4713809, 40.850128], [-8.4714533, 40.8502738], [-8.4715317, 40.850413], [-8.4716196, 40.8505528], [-8.4718127, 40.8507947], [-8.4720454, 40.8510364], [-8.4723652, 40.851281], [-8.472539, 40.8513895], [-8.4726912, 40.8514836], [-8.4732252, 40.8517473], [-8.47352, 40.8518751], [-8.4738194, 40.8519943], [-8.4740012, 40.8520667], [-8.4744863, 40.8522602], [-8.4749694, 40.8524532], [-8.4754118, 40.8526324], [-8.4758334, 40.8527995], [-8.476232, 40.8529627], [-8.4767818, 40.8531833], [-8.4777831, 40.8535904], [-8.4785018, 40.8538782], [-8.4790886, 40.8541217], [-8.4796781, 40.8543723], [-8.4801558, 40.8545933], [-8.480782, 40.8549142], [-8.481593, 40.8553727], [-8.482201, 40.8557212], [-8.4824008, 40.8558358], [-8.4826851, 40.8559909], [-8.483257, 40.8563431], [-8.4834585, 40.8564785], [-8.4836332, 40.856606], [-8.4837838, 40.8567367], [-8.4838944, 40.8568396], [-8.4840693, 40.8570125], [-8.484245, 40.8572407], [-8.4843529, 40.8574128], [-8.4844602, 40.8576167], [-8.4845098, 40.8577432], [-8.4845816, 40.8579679], [-8.4846245, 40.8581601], [-8.4846567, 40.8583964], [-8.4846547, 40.8586099], [-8.4846393, 40.8587864], [-8.4846009, 40.8590133]]}, "properties": {"highway": "trunk", "lanes": "1", "maxheight:signed": "no", "oneway": "yes", "ref": "IC 2", "source": "Bing", "surface": "asphalt"}}, {"type": "Feature", "geometry": {"type": "LineString", "coordinates": [[-8.4730403, 40.8354263], [-8.4731358, 40.8356293], [-8.4731905, 40.8357974], [-8.4732423, 40.8359954]]}, "properties": {"bridge": "yes", "highway": "trunk", "lanes": "2", "layer": "1", "maxweight:signed": "no", "oneway": "yes", "ref": "IC 2", "source": "Bing", "surface": "asphalt"}}, {"type": "Feature", "geometry": {"type": "LineString", "coordinates": [[-8.4710328, 40.833259], [-8.4713389, 40.8335735], [-8.4714569, 40.8336917], [-8.4716483, 40.8338727], [-8.4718109, 40.8340175], [-8.4721104, 40.8342851], [-8.4723146, 40.8344825], [-8.4725045, 40.834682], [-8.4727143, 40.8349458], [-8.4728702, 40.8351474], [-8.4729525, 40.8352676], [-8.4730403, 40.8354263]]}, "properties": {"highway": "trunk", "lanes": "2", "oneway": "yes", "ref": "IC 2", "source": "Bing", "surface": "asphalt"}}, {"type": "Feature", "geometry": {"type": "LineString", "coordinates": [[-8.8576801, 39.6004581], [-8.8576761, 39.6002956], [-8.8576916, 39.5998003], [-8.8577029, 39.5995479], [-8.8577093, 39.5994359], [-8.8577157, 39.5993522], [-8.857737, 39.5992048], [-8.8577954, 39.5988725], [-8.857837, 39.5987155]]}, "properties": {"highway": "trunk", "lanes": "1", "maxspeed": "60", "oneway": "yes", "ref": "IC 2;EN 1", "surface": "asphalt"}}, {"type": "Feature", "geometry": {"type": "LineString", "coordinates": [[-8.606988, 41.1103555], [-8.6069535, 41.1107813], [-8.6069354, 41.1108311], [-8.6069054, 41.1108686], [-8.6068554, 41.1109085]]}, "properties": {"highway": "primary", "lanes": "1", "maxheight": "default", "name": "N\u00f3 de Santo Ov\u00eddio", "oneway": "yes", "ref": "IC 2", "surface": "asphalt"}}, {"type": "Feature", "geometry": {"type": "LineString", "coordinates": [[-8.6067879, 41.1125079], [-8.6067039, 41.1129733]]}, "properties": {"destination": "P.te do Infante;Gaia", "destination:symbol": "centre", "highway": "primary", "lanes": "2", "name": "N\u00f3 de Santo Ov\u00eddio", "oneway": "yes", "placement": "right_of:2", "ref": "IC 2", "surface": "asphalt"}}, {"type": "Feature", "geometry": {"type": "LineString", "coordinates": [[-8.606979, 41.1121651], [-8.6069991, 41.1119356]]}, "properties": {"destination": "Lisboa", "destination:ref": "A 1", "destination:ref:to": "A 29", "highway": "primary", "lanes": "2", "name": "N\u00f3 de Santo Ov\u00eddio (Sentido Norte-Sul)", "oneway": "yes", "ref": "IC 2", "surface": "asphalt"}}, {"type": "Feature", "geometry": {"type": "LineString", "coordinates": [[-8.6067995, 41.1143102], [-8.6068319, 41.1139682]]}, "properties": {"highway": "primary", "lanes": "2", "name": "N\u00f3 de Santo Ov\u00eddio", "oneway": "yes", "ref": "IC 2", "surface": "asphalt"}}, {"type": "Feature", "geometry": {"type": "LineString", "coordinates": [[-8.6069236, 41.1130797], [-8.6069306, 41.1129968], [-8.6069346, 41.1129239]]}, "properties": {"highway": "primary", "lanes": "2", "name": "N\u00f3 de Santo Ov\u00eddio", "oneway": "yes", "placement": "transition", "ref": "IC 2", "surface": "asphalt"}}, {"type": "Feature", "geometry": {"type": "LineString", "coordinates": [[-8.6069346, 41.1129239], [-8.606979, 41.1121651]]}, "properties": {"highway": "primary", "lanes": "2", "name": "N\u00f3 de Santo Ov\u00eddio", "oneway": "yes", "placement": "right_of:2", "ref": "IC 2", "surface": "asphalt"}}, {"type": "Feature", "geometry": {"type": "LineString", "coordinates": [[-8.6066976, 41.1131226], [-8.6066154, 41.1143001]]}, "properties": {"destination": "P.te do Infante;Gaia", "destination:symbol": "centre", "highway": "primary", "lanes": "2", "name": "N\u00f3 de Santo Ov\u00eddio", "oneway": "yes", "ref": "IC 2", "surface": "asphalt"}}, {"type": "Feature", "geometry": {"type": "LineString", "coordinates": [[-8.6067039, 41.1129733], [-8.6066976, 41.1131226]]}, "properties": {"destination": "P.te do Infante;Gaia", "destination:symbol": "centre", "highway": "primary", "lanes": "2", "name": "N\u00f3 de Santo Ov\u00eddio", "oneway": "yes", "placement": "transition", "ref": "IC 2", "surface": "asphalt"}}, {"type": "Feature", "geometry": {"type": "LineString", "coordinates": [[-8.6579455, 39.8935046], [-8.6566699, 39.8942199]]}, "properties": {"highway": "trunk", "lanes": "2", "lit": "yes", "maxspeed": "60", "ref": "IC 2;EN 1", "sidewalk:both": "no", "smoothness": "intermediate", "surface": "asphalt"}}, {"type": "Feature", "geometry": {"type": "LineString", "coordinates": [[-8.7229607, 39.8274576], [-8.722694, 39.8278383]]}, "properties": {"highway": "trunk", "lanes": "2", "lit": "yes", "maxspeed": "50", "old_ref": "EN 1", "ref": "IC 2;EN 1", "smoothness": "excellent", "surface": "asphalt"}}, {"type": "Feature", "geometry": {"type": "LineString", "coordinates": [[-8.6983815, 39.8620859], [-8.6982921, 39.8622312], [-8.697361, 39.8637432]]}, "properties": {"highway": "trunk", "lanes": "3", "lanes:backward": "1", "lanes:forward": "2", "lit": "yes", "maxspeed": "60", "ref": "IC 2;EN 1", "smoothness": "good", "surface": "asphalt", "turn:lanes:forward": "|merge_to_left"}}, {"type": "Feature", "geometry": {"type": "LineString", "coordinates": [[-8.7027963, 39.8540533], [-8.7028445, 39.8537872]]}, "properties": {"highway": "trunk", "lanes": "1", "lit": "no", "maxspeed": "50", "old_ref": "EN 1", "oneway": "yes", "ref": "IC 2;EN 1", "surface": "asphalt"}}, {"type": "Feature", "geometry": {"type": "LineString", "coordinates": [[-8.856995, 39.6194624], [-8.8569612, 39.6194975], [-8.8569181, 39.619555], [-8.8568928, 39.6196067], [-8.856871, 39.6196753], [-8.8568649, 39.6197233], [-8.8568656, 39.6197623]]}, "properties": {"bridge": "yes", "highway": "trunk", "junction": "roundabout", "lanes": "2", "layer": "1", "maxspeed": "40", "ref": "IC 2;EN 1", "surface": "asphalt"}}, {"type": "Feature", "geometry": {"type": "LineString", "coordinates": [[-8.8576699, 39.6201102], [-8.857736, 39.6200776], [-8.8577972, 39.6200413], [-8.8578474, 39.6199973], [-8.857886, 39.6199525], [-8.8579133, 39.6199115], [-8.8579435, 39.6198499]]}, "properties": {"bridge": "yes", "highway": "trunk", "junction": "roundabout", "lanes": "2", "layer": "1", "maxspeed": "40", "ref": "IC 2;EN 1", "surface": "asphalt"}}, {"type": "Feature", "geometry": {"type": "LineString", "coordinates": [[-8.8576976, 39.6193753], [-8.8576867, 39.6193692], [-8.8575598, 39.6193285], [-8.8574237, 39.6193133], [-8.8573523, 39.6193184]]}, "properties": {"highway": "trunk", "junction": "roundabout", "lanes": "2", "maxspeed": "40", "ref": "IC 2;EN 1", "surface": "asphalt"}}, {"type": "Feature", "geometry": {"type": "LineString", "coordinates": [[-8.4883899, 40.7347835], [-8.488392, 40.7341654]]}, "properties": {"highway": "primary", "lanes": "2", "maxspeed": "50", "oneway": "no", "ref": "IC 2;EN 1", "surface": "asphalt"}}, {"type": "Feature", "geometry": {"type": "LineString", "coordinates": [[-8.4538111, 40.4755721], [-8.4538229, 40.4750915]]}, "properties": {"highway": "primary", "lanes": "2", "maxspeed": "50", "oneway": "no", "ref": "IC 2;EN 1", "surface": "asphalt"}}, {"type": "Feature", "geometry": {"type": "LineString", "coordinates": [[-8.4538102, 40.4762], [-8.4538131, 40.4760438]]}, "properties": {"highway": "primary", "lanes": "2", "maxspeed": "50", "oneway": "no", "ref": "IC 2;EN 1", "surface": "asphalt"}}, {"type": "Feature", "geometry": {"type": "LineString", "coordinates": [[-8.4897119, 40.7381923], [-8.4896904, 40.7381528], [-8.4896478, 40.7380863], [-8.4894183, 40.7377502], [-8.4892076, 40.7374327], [-8.4887705, 40.7367964], [-8.488694, 40.7366794]]}, "properties": {"highway": "primary", "lanes": "2", "maxspeed": "50", "oneway": "no", "ref": "IC 2;EN 1", "surface": "asphalt"}}, {"type": "Feature", "geometry": {"type": "LineString", "coordinates": [[-8.4905749, 40.7435434], [-8.4905821, 40.7434235], [-8.4906024, 40.7430576], [-8.4906367, 40.7425109], [-8.4906386, 40.7424807], [-8.490648, 40.7423454], [-8.4906632, 40.7420951]]}, "properties": {"highway": "primary", "lanes": "2", "maxspeed": "50", "oneway": "no", "ref": "IC 2;EN 1", "surface": "asphalt"}}, {"type": "Feature", "geometry": {"type": "LineString", "coordinates": [[-8.4905122, 40.746141], [-8.490487, 40.7458955], [-8.4904697, 40.7457335], [-8.490466, 40.7455743], [-8.4904627, 40.745506], [-8.490463, 40.7454453], [-8.4904649, 40.7453774], [-8.4904697, 40.7452607], [-8.4904757, 40.7451135], [-8.4904857, 40.7449404], [-8.4905045, 40.744663], [-8.4905206, 40.7444283], [-8.4905398, 40.7440632], [-8.4905554, 40.7438065], [-8.4905632, 40.7436892], [-8.4905749, 40.7435434]]}, "properties": {"highway": "primary", "lanes": "2", "maxspeed": "50", "oneway": "no", "ref": "IC 2;EN 1", "surface": "asphalt"}}, {"type": "Feature", "geometry": {"type": "LineString", "coordinates": [[-8.4470812, 40.3015709], [-8.44699, 40.3012447], [-8.4465703, 40.299592]]}, "properties": {"highway": "trunk", "lanes": "1", "lit": "no", "maxspeed": "90", "name": "Rua da Feira", "oneway": "yes", "ref": "IC 2;EN 1", "surface": "asphalt"}}, {"type": "Feature", "geometry": {"type": "LineString", "coordinates": [[-8.448348, 40.3049939], [-8.4483277, 40.3049065], [-8.4482477, 40.3045624], [-8.4482078, 40.304425], [-8.4481604, 40.3042901], [-8.4480903, 40.3040981]]}, "properties": {"highway": "trunk", "lanes": "1", "maxspeed": "50", "name": "Rua da Feira", "oneway": "yes", "ref": "IC 2;EN 1", "surface": "asphalt"}}, {"type": "Feature", "geometry": {"type": "LineString", "coordinates": [[-8.4483284, 40.3052499], [-8.4483755, 40.3054652], [-8.4486, 40.3064233], [-8.4487042, 40.306717]]}, "properties": {"highway": "trunk", "lanes": "1", "maxspeed": "90", "name": "Rua da Feira", "oneway": "yes", "ref": "IC 2;EN 1", "surface": "asphalt"}}, {"type": "Feature", "geometry": {"type": "LineString", "coordinates": [[-8.4465114, 40.2996019], [-8.4470749, 40.3017645], [-8.4470871, 40.3018125], [-8.4471595, 40.302065], [-8.4472408, 40.3022976], [-8.4476108, 40.3031502], [-8.4478003, 40.3035999]]}, "properties": {"highway": "trunk", "lanes": "2", "lit": "no", "maxspeed": "90", "name": "Rua da Feira", "oneway": "yes", "ref": "IC 2;EN 1", "surface": "asphalt"}}, {"type": "Feature", "geometry": {"type": "LineString", "coordinates": [[-8.8629867, 39.5918961], [-8.8628939, 39.591984]]}, "properties": {"highway": "trunk", "lanes": "2", "ref": "IC 2;EN 1", "surface": "asphalt", "turn:lanes:backward": "through;right"}}, {"type": "Feature", "geometry": {"type": "LineString", "coordinates": [[-8.8470428, 39.6524917], [-8.8469333, 39.6531995], [-8.8468444, 39.6539983], [-8.8467978, 39.65492]]}, "properties": {"bridge": "yes", "highway": "motorway", "lanes": "2", "layer": "1", "maxspeed": "120", "name": "Variante da Batalha", "oneway": "yes", "ref": "A 19;IC 2", "surface": "asphalt", "toll": "yes"}}, {"type": "Feature", "geometry": {"type": "LineString", "coordinates": [[-8.8471591, 39.6524964], [-8.8472827, 39.6519018], [-8.8474397, 39.6512991], [-8.8475498, 39.6509249], [-8.8476893, 39.6504895], [-8.8478351, 39.6500799], [-8.847985, 39.6496622], [-8.8483079, 39.6487989], [-8.8485953, 39.6480469], [-8.849025, 39.6469013], [-8.8494297, 39.6458185], [-8.8497965, 39.6448462], [-8.8500567, 39.6441654], [-8.8505538, 39.6428426], [-8.8510022, 39.6416533], [-8.8512245, 39.6410992], [-8.8513418, 39.6408187], [-8.8514967, 39.6404866], [-8.8518285, 39.6398579], [-8.8521708, 39.6393195], [-8.8525382, 39.6388105], [-8.8529099, 39.63835], [-8.8532553, 39.6379675], [-8.8536156, 39.6376032], [-8.8539529, 39.6372872], [-8.8545138, 39.6368071], [-8.8552484, 39.6362658], [-8.855983, 39.6357893], [-8.8567447, 39.6353209], [-8.8574195, 39.6348965], [-8.857737, 39.6346762], [-8.8580587, 39.6344398], [-8.8583469, 39.6341983], [-8.85865, 39.6339187], [-8.8589455, 39.6336082], [-8.8591656, 39.6333509], [-8.8594084, 39.6330283], [-8.8594859, 39.6329151], [-8.8597749, 39.6324412], [-8.8598777, 39.6322316], [-8.8600566, 39.6318299], [-8.8601691, 39.6314856], [-8.8602484, 39.6312313], [-8.8603005, 39.6310141], [-8.8603647, 39.6305937], [-8.8603968, 39.6303207], [-8.8604045, 39.630102], [-8.8604038, 39.6299059], [-8.8603889, 39.6296419], [-8.8603656, 39.6293617], [-8.8603339, 39.629164], [-8.8602908, 39.628941], [-8.8602352, 39.6287132], [-8.8601254, 39.628332], [-8.8600182, 39.6279948], [-8.8598976, 39.6276264], [-8.8597854, 39.6272628], [-8.8596933, 39.6269271], [-8.8596305, 39.6266562], [-8.8595844, 39.6263546], [-8.8595479, 39.6259571], [-8.8595512, 39.6254807], [-8.8595957, 39.6250397], [-8.8596112, 39.624933]]}, "properties": {"highway": "motorway", "lanes": "2", "maxspeed": "120", "name": "Variante da Batalha", "oneway": "yes", "ref": "A 19;IC 2", "surface": "asphalt", "toll": "yes"}}, {"type": "Feature", "geometry": {"type": "LineString", "coordinates": [[-8.8469176, 39.654924], [-8.846953, 39.6540194], [-8.8470489, 39.6531895], [-8.8471591, 39.6524964]]}, "properties": {"bridge": "yes", "highway": "motorway", "lanes": "2", "layer": "1", "maxspeed": "120", "name": "Variante da Batalha", "oneway": "yes", "ref": "A 19;IC 2", "surface": "asphalt", "toll": "yes"}}, {"type": "Feature", "geometry": {"type": "LineString", "coordinates": [[-8.8467978, 39.65492], [-8.8468163, 39.6556259], [-8.8468607, 39.6563158], [-8.8469184, 39.6570057], [-8.8469502, 39.6574078], [-8.8469901, 39.6578263], [-8.8471041, 39.6587642], [-8.8472522, 39.6601897], [-8.8472883, 39.6605564], [-8.8473831, 39.6613989], [-8.8474208, 39.6618053], [-8.847501, 39.6624775], [-8.8476263, 39.6637383], [-8.8476489, 39.6641114], [-8.8476714, 39.6646183], [-8.847669, 39.6651007], [-8.8476163, 39.6658589], [-8.8475187, 39.666524], [-8.8474212, 39.6670444], [-8.8473373, 39.6674004], [-8.8472451, 39.6677435], [-8.8469935, 39.668488], [-8.8468816, 39.6687832], [-8.8468032, 39.6689664]]}, "properties": {"highway": "motorway", "lanes": "2", "maxspeed": "120", "name": "Variante da Batalha", "oneway": "yes", "ref": "A 19;IC 2", "surface": "asphalt", "toll": "yes"}}, {"type": "Feature", "geometry": {"type": "LineString", "coordinates": [[-8.4734545, 40.943421], [-8.4737068, 40.9438637]]}, "properties": {"bicycle": "no", "bridge": "yes", "foot": "no", "highway": "motorway", "lanes": "2", "layer": "1", "maxspeed": "120", "name": "Autoestrada de Entre Douro-e-Vouga", "oneway": "yes", "ref": "A 32;IC 2", "source": "BING", "surface": "asphalt", "toll": "yes"}}, {"type": "Feature", "geometry": {"type": "LineString", "coordinates": [[-8.473814, 40.9437239], [-8.4735589, 40.9432778]]}, "properties": {"bicycle": "no", "bridge": "yes", "foot": "no", "highway": "motorway", "lanes": "2", "layer": "1", "maxspeed": "120", "name": "Autoestrada de Entre Douro-e-Vouga", "oneway": "yes", "ref": "A 32;IC 2", "source": "BING", "surface": "asphalt", "toll": "yes"}}, {"type": "Feature", "geometry": {"type": "LineString", "coordinates": [[-8.475972, 40.947663], [-8.4750085, 40.9458624], [-8.4744842, 40.944896], [-8.473814, 40.9437239]]}, "properties": {"bicycle": "no", "foot": "no", "highway": "motorway", "lanes": "2", "maxspeed": "120", "name": "Autoestrada de Entre Douro-e-Vouga", "oneway": "yes", "ref": "A 32;IC 2", "source": "BING", "surface": "asphalt", "toll": "yes"}}, {"type": "Feature", "geometry": {"type": "LineString", "coordinates": [[-8.4737068, 40.9438637], [-8.4739597, 40.9443074], [-8.4749096, 40.9460378]]}, "properties": {"bicycle": "no", "foot": "no", "highway": "motorway", "lanes": "2", "maxspeed": "120", "name": "Autoestrada de Entre Douro-e-Vouga", "oneway": "yes", "ref": "A 32;IC 2", "source": "BING", "surface": "asphalt", "toll": "yes"}}, {"type": "Feature", "geometry": {"type": "LineString", "coordinates": [[-8.5032335, 41.0477081], [-8.5036553, 41.0477026], [-8.503949, 41.0477583], [-8.5043165, 41.047828], [-8.5044964, 41.0479229]]}, "properties": {"highway": "motorway", "lanes": "1", "maxspeed": "120", "name": "Autoestrada de Entre Douro-e-Vouga", "oneway": "yes", "ref": "A 32;IC 2", "surface": "asphalt", "toll": "yes"}}, {"type": "Feature", "geometry": {"type": "LineString", "coordinates": [[-8.5032335, 41.0477081], [-8.5036299, 41.0477511], [-8.5039346, 41.0478084], [-8.504287, 41.0478745], [-8.5044964, 41.0479229]]}, "properties": {"highway": "motorway", "lanes": "1", "maxspeed": "120", "name": "Autoestrada de Entre Douro-e-Vouga", "oneway": "yes", "ref": "A 32;IC 2", "surface": "asphalt", "toll": "yes"}}, {"type": "Feature", "geometry": {"type": "LineString", "coordinates": [[-8.5032335, 41.0477081], [-8.5036084, 41.0477906], [-8.5039253, 41.0478504], [-8.5042669, 41.04792], [-8.5044964, 41.0479229]]}, "properties": {"highway": "motorway", "lanes": "1", "maxspeed": "120", "name": "Autoestrada de Entre Douro-e-Vouga", "oneway": "yes", "ref": "A 32;IC 2", "surface": "asphalt", "toll": "yes"}}, {"type": "Feature", "geometry": {"type": "LineString", "coordinates": [[-8.5044964, 41.0479229], [-8.5049227, 41.0479969], [-8.5059729, 41.048264], [-8.5065813, 41.0484643], [-8.5071122, 41.0487176], [-8.5075864, 41.0489771], [-8.5079753, 41.0492302], [-8.5083952, 41.0495257], [-8.5092362, 41.0502286], [-8.5093524, 41.0503257], [-8.5105693, 41.0514735], [-8.5110307, 41.0518721], [-8.5115256, 41.0522771], [-8.5119653, 41.0525606], [-8.5122437, 41.0527401], [-8.5126172, 41.0529457], [-8.5130326, 41.0531388], [-8.5136627, 41.0533767], [-8.5143428, 41.0535842], [-8.5150345, 41.0537502]]}, "properties": {"highway": "motorway", "lanes": "2", "maxheight": "default", "maxspeed": "120", "name": "Autoestrada de Entre Douro-e-Vouga", "oneway": "yes", "ref": "A 32;IC 2", "source": "BING", "surface": "asphalt", "toll": "yes"}}, {"type": "Feature", "geometry": {"type": "LineString", "coordinates": [[-8.5047596, 41.0478438], [-8.5043313, 41.0477815], [-8.5039664, 41.0477089], [-8.5036755, 41.047651], [-8.5034292, 41.0475752]]}, "properties": {"highway": "motorway", "lanes": "1", "maxspeed": "60", "name": "Autoestrada de Entre Douro-e-Vouga", "oneway": "yes", "ref": "A 32;IC 2", "source": "BING", "surface": "asphalt", "toll": "yes"}}, {"type": "Feature", "geometry": {"type": "LineString", "coordinates": [[-8.5047596, 41.0478438], [-8.5043527, 41.047737], [-8.5039805, 41.0476677], [-8.5037103, 41.0476126], [-8.5034292, 41.0475752]]}, "properties": {"highway": "motorway", "lanes": "1", "maxspeed": "60", "name": "Autoestrada de Entre Douro-e-Vouga", "oneway": "yes", "ref": "A 32;IC 2", "source": "BING", "surface": "asphalt", "toll": "yes"}}, {"type": "Feature", "geometry": {"type": "LineString", "coordinates": [[-8.5034292, 41.0475752], [-8.5029373, 41.0474509], [-8.5021862, 41.0472609], [-8.5016794, 41.0471107], [-8.5012353, 41.0469489], [-8.5005576, 41.0466869], [-8.4998249, 41.0463745], [-8.4993316, 41.0461321], [-8.4988898, 41.0458837], [-8.4982906, 41.0455023], [-8.4977878, 41.0451196], [-8.4973045, 41.0447185], [-8.4969242, 41.0443558], [-8.4966278, 41.0440438], [-8.4963646, 41.0436446], [-8.4961562, 41.0432724], [-8.4956072, 41.0421427]]}, "properties": {"highway": "motorway", "lanes": "3", "maxheight": "default", "maxspeed": "120", "name": "Autoestrada de Entre Douro-e-Vouga", "oneway": "yes", "ref": "A 32;IC 2", "smoothness": "excellent", "source": "BING", "surface": "asphalt", "toll": "yes"}}, {"type": "Feature", "geometry": {"type": "LineString", "coordinates": [[-8.5250117, 41.0585952], [-8.523642, 41.057038]]}, "properties": {"highway": "motorway", "lanes": "3", "maxspeed": "120", "name": "Autoestrada de Entre Douro-e-Vouga", "oneway": "yes", "ref": "A 32;IC 2", "source": "BING", "surface": "asphalt", "toll": "yes"}}, {"type": "Feature", "geometry": {"type": "LineString", "coordinates": [[-8.5234648, 41.0571128], [-8.5243798, 41.0581583]]}, "properties": {"highway": "motorway", "lanes": "3", "maxspeed": "120", "name": "Autoestrada de Entre Douro-e-Vouga", "oneway": "yes", "ref": "A 32;IC 2", "source": "BING", "surface": "asphalt", "toll": "yes"}}, {"type": "Feature", "geometry": {"type": "LineString", "coordinates": [[-8.5259826, 41.0599776], [-8.5260493, 41.0600557]]}, "properties": {"highway": "motorway", "lanes": "3", "maxspeed": "120", "name": "Autoestrada de Entre Douro-e-Vouga", "oneway": "yes", "ref": "A 32;IC 2", "source": "BING", "surface": "asphalt", "toll": "yes"}}, {"type": "Feature", "geometry": {"type": "LineString", "coordinates": [[-8.7236183, 39.8265716], [-8.72374, 39.8264398]]}, "properties": {"highway": "trunk", "lanes": "1", "lit": "yes", "maxspeed": "50", "oneway": "yes", "ref": "IC 2;EN 1"}}, {"type": "Feature", "geometry": {"type": "LineString", "coordinates": [[-8.7235613, 39.8265137], [-8.7234398, 39.8266603]]}, "properties": {"highway": "trunk", "lanes": "1", "lit": "yes", "maxspeed": "50", "oneway": "yes", "ref": "IC 2;EN 1", "smoothness": "excellent", "surface": "asphalt"}}, {"type": "Feature", "geometry": {"type": "LineString", "coordinates": [[-8.6560744, 39.8945526], [-8.6555482, 39.8948492]]}, "properties": {"highway": "trunk", "lanes": "2", "lit": "yes", "maxspeed": "60", "ref": "IC 2;EN 1", "smoothness": "intermediate", "surface": "asphalt"}}, {"type": "Feature", "geometry": {"type": "LineString", "coordinates": [[-8.6566699, 39.8942199], [-8.6560744, 39.8945526]]}, "properties": {"highway": "trunk", "lanes": "2", "lit": "yes", "maxspeed": "60", "ref": "IC 2;EN 1", "smoothness": "intermediate", "surface": "asphalt"}}, {"type": "Feature", "geometry": {"type": "LineString", "coordinates": [[-9.019141, 38.9954527], [-9.0195274, 38.9952167], [-9.0200338, 38.9949728], [-9.020551, 38.9947563], [-9.0211388, 38.9945581], [-9.0217211, 38.9944076], [-9.0224102, 38.9942639], [-9.0233615, 38.99415], [-9.024904, 38.9940175], [-9.025814, 38.9938699], [-9.0262752, 38.9937786], [-9.0268189, 38.9936413], [-9.0272717, 38.9934998], [-9.0276858, 38.9933597], [-9.0279984, 38.9932449]]}, "properties": {"highway": "motorway", "lanes": "3", "maxspeed": "120", "minspeed": "50", "name": "Autoestrada do Ribatejo", "oneway": "yes", "ref": "A 10;IC 2", "surface": "asphalt", "toll": "yes"}}, {"type": "Feature", "geometry": {"type": "LineString", "coordinates": [[-9.0169562, 38.9975588], [-9.0173518, 38.997019], [-9.0177597, 38.9965785], [-9.0181921, 38.9962032], [-9.0186734, 38.9958116], [-9.019141, 38.9954527]]}, "properties": {"bridge": "yes", "highway": "motorway", "lanes": "3", "layer": "1", "maxspeed": "120", "minspeed": "50", "name": "Autoestrada do Ribatejo", "oneway": "yes", "ref": "A 10;IC 2", "surface": "asphalt", "toll": "yes"}}, {"type": "Feature", "geometry": {"type": "LineString", "coordinates": [[-9.0167527, 38.9975039], [-9.0165591, 38.9978207], [-9.0163796, 38.9981541], [-9.0162298, 38.9985199], [-9.0160961, 38.998919], [-9.0159236, 38.9995334], [-9.0157459, 39.0002352], [-9.0156202, 39.0007087], [-9.0154842, 39.0011243]]}, "properties": {"highway": "motorway", "lanes": "3", "maxspeed": "120", "minspeed": "50", "name": "Autoestrada do Ribatejo", "oneway": "yes", "ref": "A 10;IC 2", "surface": "asphalt", "toll": "yes"}}, {"type": "Feature", "geometry": {"type": "LineString", "coordinates": [[-9.0190529, 38.995321], [-9.0185208, 38.9956816], [-9.0179422, 38.9961353], [-9.0175933, 38.9964625], [-9.0171717, 38.9969278], [-9.0167527, 38.9975039]]}, "properties": {"bridge": "yes", "highway": "motorway", "lanes": "3", "layer": "1", "maxspeed": "120", "minspeed": "50", "name": "Autoestrada do Ribatejo", "oneway": "yes", "ref": "A 10;IC 2", "surface": "asphalt", "toll": "yes"}}, {"type": "Feature", "geometry": {"type": "LineString", "coordinates": [[-8.470405, 40.6366799], [-8.470592, 40.6363095], [-8.4706906, 40.6359945], [-8.4707322, 40.6357388], [-8.4707525, 40.6354878], [-8.4707466, 40.6352308], [-8.47065, 40.6346834]]}, "properties": {"highway": "primary", "lanes": "1", "maxspeed": "70", "oneway": "yes", "ref": "IC 2;EN 1", "surface": "asphalt"}}, {"type": "Feature", "geometry": {"type": "LineString", "coordinates": [[-8.4702803, 40.6367063], [-8.4702391, 40.6367936], [-8.4696732, 40.637966], [-8.4694731, 40.638437]]}, "properties": {"highway": "primary", "lanes": "1", "maxspeed": "70", "oneway": "yes", "ref": "IC 2;EN 1", "surface": "asphalt"}}, {"type": "Feature", "geometry": {"type": "LineString", "coordinates": [[-8.4639884, 40.6145395], [-8.4640534, 40.6143689]]}, "properties": {"highway": "primary", "lanes": "2", "maxspeed": "70", "oneway": "no", "ref": "IC 2;EN 1", "surface": "asphalt"}}, {"type": "Feature", "geometry": {"type": "LineString", "coordinates": [[-8.4640534, 40.6143689], [-8.4641629, 40.6140781]]}, "properties": {"highway": "primary", "lanes": "2", "maxspeed": "70", "oneway": "no", "ref": "IC 2;EN 1", "surface": "asphalt"}}, {"type": "Feature", "geometry": {"type": "LineString", "coordinates": [[-8.4639702, 40.6145874], [-8.4639884, 40.6145395]]}, "properties": {"highway": "primary", "lanes": "2", "maxspeed": "70", "oneway": "no", "ref": "IC 2;EN 1", "surface": "asphalt"}}, {"type": "Feature", "geometry": {"type": "LineString", "coordinates": [[-8.461679, 40.6207854], [-8.4617183, 40.6205411], [-8.4617489, 40.6204008], [-8.4617848, 40.6202819], [-8.4623904, 40.6187041], [-8.4625337, 40.6183353]]}, "properties": {"highway": "primary", "lanes": "2", "maxspeed": "70", "oneway": "no", "ref": "IC 2;EN 1", "surface": "asphalt"}}, {"type": "Feature", "geometry": {"type": "LineString", "coordinates": [[-8.4616136, 40.6213187], [-8.4616282, 40.6211873]]}, "properties": {"highway": "primary", "lanes": "3", "lanes:backward": "1", "lanes:forward": "2", "maxspeed": "70", "oneway": "no", "ref": "IC 2;EN 1", "surface": "asphalt"}}, {"type": "Feature", "geometry": {"type": "LineString", "coordinates": [[-8.4815515, 40.8979118], [-8.480921, 40.8965209], [-8.480709, 40.8960528]]}, "properties": {"highway": "trunk", "lanes": "1", "oneway": "yes", "ref": "IC 2", "surface": "asphalt", "toll": "no"}}, {"type": "Feature", "geometry": {"type": "LineString", "coordinates": [[-8.76772, 39.7713493], [-8.7678521, 39.771215], [-8.7679828, 39.7710976], [-8.768043, 39.7710387], [-8.7682609, 39.7708499], [-8.7684243, 39.7707113], [-8.7686412, 39.7705316], [-8.7687431, 39.7704574], [-8.7690534, 39.7702549]]}, "properties": {"highway": "trunk", "lanes": "2", "lit": "yes", "maxspeed": "60", "oneway": "yes", "ref": "IC 2;EN 1", "surface": "asphalt", "turn:lanes": "none|merge_to_left"}}, {"type": "Feature", "geometry": {"type": "LineString", "coordinates": [[-8.8169875, 39.7522579], [-8.8168799, 39.7525234], [-8.8166391, 39.7530802]]}, "properties": {"bicycle": "no", "foot": "no", "highway": "trunk", "horse": "no", "lanes": "2", "lit": "yes", "maxspeed": "90", "oneway": "yes", "ref": "IC 2", "smoothness": "good", "surface": "asphalt", "turn:lanes": "none|merge_to_left"}}, {"type": "Feature", "geometry": {"type": "LineString", "coordinates": [[-8.8174915, 39.7509197], [-8.817289, 39.7514555]]}, "properties": {"highway": "motorway", "lanes": "2", "lit": "yes", "maxspeed": "90", "minspeed": "50", "name": "Variante da Batalha", "oneway": "yes", "ref": "A 19;IC 2", "smoothness": "excellent", "surface": "asphalt", "toll": "no", "turn:lanes": "through|through"}}, {"type": "Feature", "geometry": {"type": "LineString", "coordinates": [[-8.8791091, 39.5692844], [-8.878687, 39.5698858]]}, "properties": {"highway": "trunk", "lanes": "3", "lanes:backward": "2", "lanes:forward": "1", "maxspeed": "60", "ref": "IC 2;EN 1", "surface": "asphalt", "turn:lanes:backward": "through|merge_to_left"}}, {"type": "Feature", "geometry": {"type": "LineString", "coordinates": [[-8.9615938, 39.3828199], [-8.9616277, 39.3826241], [-8.9616993, 39.3822107], [-8.9617208, 39.3820866], [-8.9620944, 39.3800187], [-8.9621511, 39.379723], [-8.962382, 39.3784618], [-8.9625881, 39.3773759], [-8.9626218, 39.3771898], [-8.9626628, 39.3770097], [-8.9626989, 39.3768485], [-8.962754, 39.3766361], [-8.9627981, 39.3764881], [-8.9628583, 39.3763115], [-8.9629452, 39.3760841]]}, "properties": {"highway": "trunk", "lanes": "2", "ref": "IC 2;EN 1", "surface": "asphalt"}}, {"type": "Feature", "geometry": {"type": "LineString", "coordinates": [[-8.9612215, 39.4235502], [-8.9612897, 39.4233612], [-8.9615092, 39.4228145], [-8.9625405, 39.4203902], [-8.9626872, 39.42006], [-8.9628012, 39.4197742], [-8.9628727, 39.4195856], [-8.962944, 39.4193813], [-8.9630093, 39.4191645], [-8.9630662, 39.4189493], [-8.963112, 39.4187614], [-8.9631532, 39.4185787], [-8.9632021, 39.4183326], [-8.9632315, 39.4181238], [-8.9632604, 39.4178731], [-8.9632873, 39.4175923], [-8.9632926, 39.4174701], [-8.9632985, 39.4173027], [-8.9633021, 39.4170363], [-8.9632962, 39.4168194], [-8.9632774, 39.4165715], [-8.963249, 39.4162899], [-8.963034, 39.4148187], [-8.9624627, 39.4111294], [-8.962382, 39.4106083], [-8.9622601, 39.4098187], [-8.9620089, 39.4081846]]}, "properties": {"highway": "trunk", "lanes": "1", "maxspeed": "70", "oneway": "yes", "ref": "IC 2;EN 1", "surface": "asphalt"}}, {"type": "Feature", "geometry": {"type": "LineString", "coordinates": [[-8.8568856, 39.6124594], [-8.8568711, 39.6127984]]}, "properties": {"highway": "trunk", "lanes": "2", "maxspeed": "70", "ref": "IC 2;EN 1", "surface": "asphalt"}}, {"type": "Feature", "geometry": {"type": "LineString", "coordinates": [[-8.7088305, 39.8439373], [-8.7081237, 39.8444097], [-8.70801, 39.8444857], [-8.7078705, 39.8445789], [-8.7074878, 39.8448347]]}, "properties": {"highway": "trunk", "lanes": "2", "lit": "yes", "maxspeed": "50", "old_ref": "EN 1", "ref": "IC 2;EN 1", "smoothness": "good", "surface": "asphalt"}}, {"type": "Feature", "geometry": {"type": "LineString", "coordinates": [[-8.7093419, 39.8435724], [-8.7088305, 39.8439373]]}, "properties": {"highway": "trunk", "lanes": "2", "lit": "yes", "maxspeed": "50", "old_ref": "EN 1", "ref": "IC 2;EN 1", "smoothness": "good", "surface": "asphalt"}}, {"type": "Feature", "geometry": {"type": "LineString", "coordinates": [[-8.7030084, 39.8525227], [-8.7029728, 39.8526887]]}, "properties": {"highway": "trunk", "lanes": "2", "lit": "yes", "maxspeed": "50", "old_ref": "EN 1", "oneway": "yes", "ref": "IC 2;EN 1", "smoothness": "good", "surface": "asphalt"}}, {"type": "Feature", "geometry": {"type": "LineString", "coordinates": [[-8.7029728, 39.8526887], [-8.7029398, 39.8528567], [-8.702918, 39.8529629]]}, "properties": {"highway": "trunk", "lanes": "1", "lit": "yes", "maxspeed": "50", "old_ref": "EN 1", "oneway": "yes", "ref": "IC 2;EN 1", "smoothness": "good", "surface": "asphalt"}}, {"type": "Feature", "geometry": {"type": "LineString", "coordinates": [[-8.7153686, 39.8384169], [-8.7157246, 39.8379037], [-8.7157507, 39.8378661], [-8.7158097, 39.837781]]}, "properties": {"highway": "trunk", "lanes": "3", "lanes:backward": "1", "lanes:forward": "2", "lit": "yes", "maxspeed": "50", "old_ref": "EN 1", "ref": "IC 2;EN 1", "smoothness": "good", "surface": "asphalt", "turn:lanes:forward": "left|through"}}, {"type": "Feature", "geometry": {"type": "LineString", "coordinates": [[-8.7107239, 39.842589], [-8.7103143, 39.8428884]]}, "properties": {"highway": "trunk", "lanes": "3", "lanes:backward": "2", "lanes:forward": "1", "lit": "yes", "maxspeed": "50", "old_ref": "EN 1", "ref": "IC 2;EN 1", "smoothness": "good", "surface": "asphalt", "turn:lanes:backward": "left|through"}}, {"type": "Feature", "geometry": {"type": "LineString", "coordinates": [[-8.7813674, 39.764594], [-8.7809164, 39.7647858]]}, "properties": {"destination:lanes": "Pombal;Coimbra|Pombal;Coimbra|Our\u00e9m;F\u00e1tima;Lisboa;Porto", "highway": "trunk", "lanes": "3", "lit": "yes", "maxspeed": "60", "oneway": "yes", "ref": "IC 2", "sidewalk": "no", "smoothness": "excellent", "surface": "asphalt", "turn:lanes": "none|none|slight_right"}}, {"type": "Feature", "geometry": {"type": "LineString", "coordinates": [[-8.828634, 39.7268039], [-8.828491, 39.7270756], [-8.8284117, 39.7272109], [-8.8283454, 39.7273136], [-8.8282374, 39.7274809], [-8.8280816, 39.7277016], [-8.8278926, 39.7279462], [-8.8277188, 39.7281511], [-8.8275139, 39.7283937]]}, "properties": {"highway": "motorway", "lanes": "3", "lit": "yes", "maxspeed": "120", "name": "Variante da Batalha", "oneway": "yes", "ref": "A 19;IC 2", "surface": "asphalt", "toll": "no"}}, {"type": "Feature", "geometry": {"type": "LineString", "coordinates": [[-8.8264084, 39.7296369], [-8.8261826, 39.7299256], [-8.8260576, 39.7300831], [-8.8259363, 39.7302418], [-8.8258736, 39.7303321], [-8.8258136, 39.7304288], [-8.8257131, 39.7306279], [-8.8255979, 39.7308548]]}, "properties": {"highway": "motorway", "lanes": "2", "lit": "yes", "maxspeed": "100", "name": "Variante da Batalha", "oneway": "yes", "ref": "A 19;IC 2", "surface": "asphalt", "toll": "no"}}, {"type": "Feature", "geometry": {"type": "LineString", "coordinates": [[-8.8205795, 39.7383356], [-8.8204466, 39.738479], [-8.8203338, 39.7386103], [-8.8202171, 39.7387538]]}, "properties": {"bridge": "yes", "highway": "motorway", "lanes": "4", "layer": "1", "lit": "yes", "maxspeed": "100", "minspeed": "50", "name": "Variante da Batalha", "oneway": "yes", "ref": "A 19;IC 2", "surface": "asphalt", "toll": "no", "turn:lanes": "none|none|none|slight_right"}}, {"type": "Feature", "geometry": {"type": "LineString", "coordinates": [[-8.8154347, 39.7549318], [-8.8151978, 39.7551906], [-8.8150146, 39.7553601], [-8.8147846, 39.7555692], [-8.8146079, 39.7557154], [-8.8144297, 39.7558499], [-8.8141713, 39.756027], [-8.8139821, 39.7561486], [-8.8138397, 39.7562402], [-8.8137125, 39.7563156], [-8.8135941, 39.7563814], [-8.8134458, 39.7564501], [-8.8132825, 39.756521]]}, "properties": {"bicycle": "no", "destination": "Porto;Pombal", "destination:ref": "IC 2", "foot": "no", "highway": "trunk", "horse": "no", "lanes": "1", "lit": "no", "maxspeed": "90", "oneway": "yes", "ref": "IC 2", "smoothness": "good", "surface": "asphalt"}}, {"type": "Feature", "geometry": {"type": "LineString", "coordinates": [[-8.8255262, 39.7317409], [-8.8255539, 39.7314513], [-8.8256017, 39.7312027], [-8.8256372, 39.7310822], [-8.825683, 39.7309521], [-8.8257717, 39.7307368], [-8.8258825, 39.730532], [-8.8259823, 39.730357], [-8.8260942, 39.730193], [-8.826273, 39.7299693], [-8.8264381, 39.7297736], [-8.8266536, 39.7295392]]}, "properties": {"destination": "Batalha;Lisboa", "destination:ref": "A 19", "highway": "motorway", "lanes": "2", "lit": "yes", "maxspeed": "100", "minspeed": "50", "name": "Variante da Batalha", "oneway": "yes", "ref": "A 19;IC 2", "surface": "asphalt", "toll": "yes"}}, {"type": "Feature", "geometry": {"type": "LineString", "coordinates": [[-8.8157369, 39.75471], [-8.8158395, 39.7545712]]}, "properties": {"bridge": "viaduct", "highway": "motorway", "lanes": "1", "layer": "1", "lit": "yes", "maxspeed": "70", "name": "Variante da Batalha", "oneway": "yes", "ref": "A 19;IC 2", "smoothness": "excellent", "surface": "asphalt", "toll": "no"}}, {"type": "Feature", "geometry": {"type": "LineString", "coordinates": [[-8.8163228, 39.7538989], [-8.8166411, 39.7533926]]}, "properties": {"highway": "motorway", "lanes": "2", "lit": "yes", "maxspeed": "70", "name": "Variante da Batalha", "oneway": "yes", "ref": "A 19;IC 2", "smoothness": "excellent", "surface": "asphalt", "toll": "no"}}, {"type": "Feature", "geometry": {"type": "LineString", "coordinates": [[-8.8571378, 39.6178223], [-8.8571658, 39.6182173]]}, "properties": {"highway": "trunk", "lanes": "2", "maxspeed": "70", "ref": "IC 2;EN 1", "surface": "asphalt"}}, {"type": "Feature", "geometry": {"type": "LineString", "coordinates": [[-8.7272326, 39.8212393], [-8.7271373, 39.821797], [-8.7271009, 39.8219986]]}, "properties": {"highway": "trunk", "lanes": "1", "lit": "no", "maxspeed": "80", "oneway": "yes", "ref": "IC 2;EN 1", "smoothness": "excellent", "surface": "asphalt"}}, {"type": "Feature", "geometry": {"type": "LineString", "coordinates": [[-8.7269029, 39.8229383], [-8.726999, 39.8227167]]}, "properties": {"highway": "trunk", "lanes": "1", "lit": "yes", "maxspeed": "50", "oneway": "yes", "ref": "IC 2;EN 1", "surface": "asphalt"}}, {"type": "Feature", "geometry": {"type": "LineString", "coordinates": [[-8.726999, 39.8227167], [-8.7270666, 39.8225094], [-8.7271306, 39.8222805], [-8.7271676, 39.8221036], [-8.7271993, 39.8219131], [-8.7272398, 39.8216779], [-8.7272726, 39.8215036]]}, "properties": {"highway": "trunk", "lanes": "1", "lit": "no", "maxspeed": "50", "oneway": "yes", "ref": "IC 2;EN 1", "surface": "asphalt"}}, {"type": "Feature", "geometry": {"type": "LineString", "coordinates": [[-8.72684, 39.8229211], [-8.7267829, 39.823041], [-8.7266233, 39.8233147], [-8.7265318, 39.8234578], [-8.7263973, 39.8236503], [-8.7262263, 39.8238691], [-8.7260471, 39.8240729], [-8.7258677, 39.8242481]]}, "properties": {"highway": "trunk", "lanes": "1", "lit": "yes", "maxspeed": "60", "oneway": "yes", "ref": "IC 2;EN 1", "smoothness": "excellent", "surface": "asphalt"}}, {"type": "Feature", "geometry": {"type": "LineString", "coordinates": [[-8.7473543, 39.7915039], [-8.7475177, 39.7908781], [-8.7475518, 39.7907474], [-8.7475979, 39.7905959], [-8.7476409, 39.7904638]]}, "properties": {"highway": "trunk", "lanes": "2", "lit": "yes", "maxspeed": "80", "ref": "IC 2;EN 1", "surface": "asphalt"}}, {"type": "Feature", "geometry": {"type": "LineString", "coordinates": [[-8.7541508, 39.7840764], [-8.7537194, 39.7844361]]}, "properties": {"highway": "trunk", "lanes": "3", "lanes:backward": "1", "lanes:forward": "2", "lit": "no", "maxspeed:backward": "60", "maxspeed:forward": "80", "minspeed:lanes:forward": "60|", "ref": "IC 2;EN 1", "surface": "asphalt"}}, {"type": "Feature", "geometry": {"type": "LineString", "coordinates": [[-8.7541508, 39.7840764], [-8.754233, 39.7840382], [-8.7543805, 39.7839084], [-8.7547265, 39.7835889], [-8.755009, 39.783312], [-8.7553783, 39.7829041], [-8.7554669, 39.7827973], [-8.7555014, 39.7827291]]}, "properties": {"highway": "trunk", "lanes": "1", "lit": "no", "maxspeed": "60", "oneway": "yes", "ref": "IC 2;EN 1", "surface": "asphalt"}}, {"type": "Feature", "geometry": {"type": "LineString", "coordinates": [[-8.7494317, 39.7880567], [-8.7505343, 39.7871051]]}, "properties": {"highway": "trunk", "lanes": "2", "lit": "no", "maxspeed": "60", "oneway": "yes", "ref": "IC 2;EN 1", "surface": "asphalt", "turn:lanes": "none|merge_to_left"}}, {"type": "Feature", "geometry": {"type": "LineString", "coordinates": [[-8.7512085, 39.7864812], [-8.7510985, 39.7865146], [-8.7508157, 39.7867466]]}, "properties": {"highway": "trunk", "lanes": "2", "lit": "no", "maxspeed": "80", "oneway": "yes", "ref": "IC 2;EN 1", "surface": "asphalt"}}, {"type": "Feature", "geometry": {"type": "LineString", "coordinates": [[-8.7537194, 39.7844361], [-8.7529906, 39.7850133], [-8.7527154, 39.7852366], [-8.7524191, 39.7854813]]}, "properties": {"highway": "trunk", "lanes": "3", "lanes:backward": "1", "lanes:forward": "2", "lit": "no", "maxspeed:backward": "60", "maxspeed:forward": "80", "minspeed:lanes:forward": "60|", "ref": "IC 2;EN 1", "surface": "asphalt"}}, {"type": "Feature", "geometry": {"type": "LineString", "coordinates": [[-8.7555014, 39.7827291], [-8.7554182, 39.7827604], [-8.7553729, 39.7828159], [-8.755212, 39.7830056], [-8.7550189, 39.7832179], [-8.7547534, 39.7834755], [-8.7544798, 39.7837352], [-8.7541928, 39.7839846], [-8.7541508, 39.7840764]]}, "properties": {"highway": "trunk", "lanes": "2", "lit": "no", "maxspeed": "80", "minspeed:lanes": "60|", "oneway": "yes", "ref": "IC 2;EN 1", "surface": "asphalt"}}, {"type": "Feature", "geometry": {"type": "LineString", "coordinates": [[-8.7575262, 39.7803053], [-8.7572184, 39.780661], [-8.7570154, 39.7808991], [-8.756833, 39.7811293], [-8.7565204, 39.7815065]]}, "properties": {"highway": "trunk", "lanes": "3", "lanes:backward": "1", "lanes:forward": "2", "lit": "yes", "maxspeed:backward": "60", "maxspeed:forward": "80", "minspeed:lanes:forward": "60|", "ref": "IC 2;EN 1", "surface": "asphalt"}}, {"type": "Feature", "geometry": {"type": "LineString", "coordinates": [[-8.7565204, 39.7815065], [-8.756298, 39.7817758], [-8.7561179, 39.7819958], [-8.7559527, 39.7821947], [-8.7555014, 39.7827291]]}, "properties": {"highway": "trunk", "lanes": "3", "lanes:backward": "1", "lanes:forward": "2", "lit": "yes", "maxspeed:backward": "60", "maxspeed:forward": "80", "minspeed:lanes:forward": "60|", "ref": "IC 2;EN 1", "surface": "asphalt"}}, {"type": "Feature", "geometry": {"type": "LineString", "coordinates": [[-8.7654199, 39.7735328], [-8.7657235, 39.7733019]]}, "properties": {"highway": "trunk", "lanes": "1", "lit": "yes", "maxspeed": "60", "oneway": "yes", "ref": "IC 2;EN 1", "surface": "asphalt"}}, {"type": "Feature", "geometry": {"type": "LineString", "coordinates": [[-8.7657235, 39.7733019], [-8.7658678, 39.7731677]]}, "properties": {"highway": "trunk", "lanes": "2", "lit": "yes", "maxspeed": "60", "oneway": "yes", "ref": "IC 2;EN 1", "surface": "asphalt", "turn:lanes": "through|slight_right"}}, {"type": "Feature", "geometry": {"type": "LineString", "coordinates": [[-8.7596636, 39.7783937], [-8.7593377, 39.7786643], [-8.7586828, 39.7792], [-8.7583382, 39.7794794]]}, "properties": {"highway": "trunk", "lanes": "3", "lanes:backward": "2", "lanes:forward": "1", "lit": "yes", "maxspeed": "80", "minspeed:lanes:backward": "60|", "ref": "IC 2;EN 1", "surface": "asphalt"}}, {"type": "Feature", "geometry": {"type": "LineString", "coordinates": [[-8.7234398, 39.8266603], [-8.7229852, 39.8273256], [-8.7229607, 39.8274576]]}, "properties": {"highway": "trunk", "lanes": "1", "lit": "yes", "maxspeed": "50", "oneway": "yes", "ref": "IC 2;EN 1", "smoothness": "excellent", "surface": "asphalt"}}, {"type": "Feature", "geometry": {"type": "LineString", "coordinates": [[-8.7030559, 39.8523205], [-8.7030084, 39.8525227]]}, "properties": {"highway": "trunk", "lanes": "1", "lit": "yes", "maxspeed": "50", "old_ref": "EN 1", "oneway": "yes", "ref": "IC 2;EN 1", "smoothness": "good", "surface": "asphalt", "turn:lanes": "through;right"}}, {"type": "Feature", "geometry": {"type": "LineString", "coordinates": [[-8.7031369, 39.8523546], [-8.7031701, 39.8521138], [-8.7031497, 39.8520545]]}, "properties": {"highway": "trunk", "lanes": "1", "lit": "no", "maxspeed": "50", "old_ref": "EN 1", "oneway": "yes", "ref": "IC 2;EN 1", "surface": "asphalt"}}, {"type": "Feature", "geometry": {"type": "LineString", "coordinates": [[-8.7025228, 39.8550157], [-8.7024104, 39.8553218], [-8.7023263, 39.8555066], [-8.70213, 39.855859], [-8.7012664, 39.8572868], [-8.6997277, 39.8598351]]}, "properties": {"highway": "trunk", "lanes": "3", "lanes:backward": "1", "lanes:forward": "2", "lit": "no", "maxspeed": "80", "minspeed:lanes:forward": "60|", "ref": "IC 2;EN 1", "smoothness": "good", "surface": "asphalt"}}, {"type": "Feature", "geometry": {"type": "LineString", "coordinates": [[-8.7027304, 39.853934], [-8.7026884, 39.8541191], [-8.7025905, 39.8546548], [-8.702545, 39.8548844], [-8.7025228, 39.8550157]]}, "properties": {"highway": "trunk", "lanes": "1", "lit": "yes", "maxspeed": "50", "old_ref": "EN 1", "oneway": "yes", "ref": "IC 2;EN 1", "smoothness": "good", "surface": "asphalt"}}, {"type": "Feature", "geometry": {"type": "LineString", "coordinates": [[-8.6953463, 39.8671561], [-8.6954219, 39.8670376], [-8.6955454, 39.8668304], [-8.6957539, 39.866488], [-8.6962342, 39.8656726], [-8.6962582, 39.8655583]]}, "properties": {"highway": "trunk", "lanes": "1", "lit": "yes", "maxspeed": "60", "oneway": "yes", "ref": "IC 2;EN 1", "surface": "asphalt"}}, {"type": "Feature", "geometry": {"type": "LineString", "coordinates": [[-8.6952861, 39.8670772], [-8.6951895, 39.8672235], [-8.6943389, 39.8685984], [-8.6942283, 39.8687711]]}, "properties": {"highway": "trunk", "lanes": "1", "lit": "no", "maxspeed": "60", "oneway": "yes", "ref": "IC 2;EN 1", "smoothness": "good", "surface": "asphalt"}}, {"type": "Feature", "geometry": {"type": "LineString", "coordinates": [[-8.6536988, 39.8956639], [-8.6517808, 39.8962977]]}, "properties": {"highway": "trunk", "lanes": "2", "lit": "yes", "maxspeed": "80", "ref": "IC 2;EN 1", "smoothness": "intermediate", "surface": "asphalt", "turn:lanes:backward": "none|merge_to_left"}}, {"type": "Feature", "geometry": {"type": "LineString", "coordinates": [[-8.639542, 39.9003052], [-8.6387692, 39.9005445], [-8.638646, 39.9005885], [-8.6385221, 39.9006371], [-8.6383541, 39.900702], [-8.6382126, 39.9007639], [-8.6380401, 39.900842], [-8.6378696, 39.9009294], [-8.6376411, 39.9010492], [-8.6375207, 39.9011174], [-8.637321, 39.9012404], [-8.6371313, 39.9013703], [-8.6361883, 39.9020558]]}, "properties": {"highway": "trunk", "lanes": "2", "lit": "yes", "maxspeed": "80", "ref": "IC 2;EN 1", "surface": "asphalt"}}, {"type": "Feature", "geometry": {"type": "LineString", "coordinates": [[-8.6334612, 39.9062974], [-8.6329623, 39.9078805]]}, "properties": {"highway": "trunk", "lanes": "2", "lit": "yes", "maxspeed": "60", "ref": "IC 2;EN 1", "smoothness": "good", "surface": "asphalt"}}, {"type": "Feature", "geometry": {"type": "LineString", "coordinates": [[-8.6343283, 39.9038849], [-8.6342182, 39.9039839], [-8.6341415, 39.9041183]]}, "properties": {"highway": "trunk", "lanes": "1", "maxspeed": "60", "oneway": "yes", "ref": "IC 2;EN 1", "smoothness": "intermediate", "surface": "asphalt", "turn:lanes": "through;right"}}, {"type": "Feature", "geometry": {"type": "LineString", "coordinates": [[-8.6334612, 39.9062974], [-8.6335196, 39.9062014], [-8.6337897, 39.9052836]]}, "properties": {"highway": "trunk", "lanes": "1", "lit": "yes", "maxspeed": "60", "oneway": "yes", "ref": "IC 2;EN 1", "surface": "asphalt"}}, {"type": "Feature", "geometry": {"type": "LineString", "coordinates": [[-8.6340521, 39.9045192], [-8.6340635, 39.9044894], [-8.6341966, 39.9042054], [-8.6342913, 39.9040108], [-8.6343283, 39.9038849]]}, "properties": {"highway": "trunk", "lanes": "1", "lit": "yes", "maxspeed": "60", "oneway": "yes", "ref": "IC 2;EN 1", "surface": "asphalt"}}, {"type": "Feature", "geometry": {"type": "LineString", "coordinates": [[-8.6339804, 39.9045004], [-8.6339237, 39.9046237], [-8.6338497, 39.9048369], [-8.6337521, 39.9051565], [-8.6334582, 39.9062042], [-8.6334612, 39.9062974]]}, "properties": {"highway": "trunk", "lanes": "1", "lit": "yes", "maxspeed": "60", "oneway": "no", "ref": "IC 2;EN 1", "smoothness": "good", "surface": "asphalt"}}, {"type": "Feature", "geometry": {"type": "LineString", "coordinates": [[-8.6335626, 39.9171082], [-8.6335881, 39.9170052], [-8.6334088, 39.9158672], [-8.6328489, 39.9122406], [-8.6328229, 39.9120598]]}, "properties": {"highway": "trunk", "lanes": "1", "lit": "yes", "maxheight": "default", "maxspeed": "50", "oneway": "yes", "ref": "IC 2;EN 1", "surface": "asphalt"}}, {"type": "Feature", "geometry": {"type": "LineString", "coordinates": [[-8.4501166, 40.1927557], [-8.4502686, 40.1939644], [-8.4503889, 40.1947968]]}, "properties": {"highway": "trunk", "lanes": "2", "lit": "yes", "maxspeed": "70", "motorroad": "yes", "oneway": "yes", "ref": "IC 2"}}, {"type": "Feature", "geometry": {"type": "LineString", "coordinates": [[-8.4498553, 40.1908187], [-8.4499075, 40.1912218]]}, "properties": {"change:lanes": "no|not_left|yes", "highway": "trunk", "lanes": "3", "lit": "yes", "maxspeed": "70", "motorroad": "yes", "oneway": "yes", "ref": "IC 2", "turn:lanes": "through|through|right"}}, {"type": "Feature", "geometry": {"type": "LineString", "coordinates": [[-8.4499075, 40.1912218], [-8.4499652, 40.1915679]]}, "properties": {"change:lanes": "no|no|no", "highway": "trunk", "lanes": "3", "lit": "yes", "maxspeed": "70", "motorroad": "yes", "oneway": "yes", "ref": "IC 2", "turn:lanes": "through|through|right"}}, {"type": "Feature", "geometry": {"type": "LineString", "coordinates": [[-8.4497767, 40.1901173], [-8.4498553, 40.1908187]]}, "properties": {"change:lanes": "no|no", "highway": "trunk", "lanes": "2", "lit": "yes", "maxspeed": "90", "motorroad": "yes", "oneway": "yes", "ref": "IC 2", "turn:lanes": "through|through;right"}}, {"type": "Feature", "geometry": {"type": "LineString", "coordinates": [[-8.449578, 40.1885976], [-8.4497767, 40.1901173]]}, "properties": {"highway": "trunk", "lanes": "2", "lit": "yes", "maxspeed": "90", "motorroad": "yes", "oneway": "yes", "ref": "IC 2", "turn:lanes": "through|through;right"}}, {"type": "Feature", "geometry": {"type": "LineString", "coordinates": [[-8.4495936, 40.177027], [-8.4490818, 40.1775833]]}, "properties": {"change:lanes": "no|no", "destination": "Porto;Coimbra Norte;Viseu;Cov\u00f5es", "destination:ref:to": "IP 3", "highway": "trunk", "lanes": "2", "lit": "yes", "maxspeed": "90", "motorroad": "yes", "oneway": "yes", "ref": "IC 2", "surface": "asphalt"}}, {"type": "Feature", "geometry": {"type": "LineString", "coordinates": [[-8.4503066, 40.1762701], [-8.4495936, 40.177027]]}, "properties": {"change:lanes": "no|not_left|yes", "highway": "trunk", "lanes": "3", "lit": "no", "maxspeed": "90", "motorroad": "yes", "old_ref": "EN 1", "oneway": "yes", "ref": "IC 2", "source": "Bing", "surface": "asphalt", "turn:lanes": "through|through|right"}}, {"type": "Feature", "geometry": {"type": "LineString", "coordinates": [[-8.4509333, 40.1756047], [-8.4503066, 40.1762701]]}, "properties": {"highway": "trunk", "lanes": "2", "maxheight": "default", "maxheight:signed": "no", "maxspeed": "90", "motorroad": "yes", "old_ref": "EN 1", "oneway": "yes", "ref": "IC 2", "surface": "asphalt", "turn:lanes": "through|through;right"}}, {"type": "Feature", "geometry": {"type": "LineString", "coordinates": [[-8.4533478, 40.1726924], [-8.4532122, 40.1729036]]}, "properties": {"change:lanes:forward": "no|no", "cycleway:both": "no", "highway": "trunk", "lanes": "3", "lanes:backward": "1", "lanes:forward": "2", "lit": "no", "maxspeed": "90", "old_ref": "EN 1", "ref": "IC 2", "surface": "asphalt", "turn:lanes:forward": "through|through;right"}}, {"type": "Feature", "geometry": {"type": "LineString", "coordinates": [[-8.457897, 40.1643905], [-8.4575316, 40.1650548], [-8.4573403, 40.1654056]]}, "properties": {"cycleway:both": "no", "highway": "trunk", "lanes": "2", "maxspeed": "90", "old_ref": "EN 1", "oneway": "yes", "ref": "IC 2", "surface": "asphalt"}}, {"type": "Feature", "geometry": {"type": "LineString", "coordinates": [[-8.4581495, 40.1639298], [-8.4580242, 40.1641584], [-8.457897, 40.1643905]]}, "properties": {"cycleway:both": "no", "highway": "trunk", "lanes": "3", "maxspeed": "90", "old_ref": "EN 1", "oneway": "yes", "placement": "right_of:1", "ref": "IC 2", "surface": "asphalt"}}, {"type": "Feature", "geometry": {"type": "LineString", "coordinates": [[-8.4585293, 40.1632143], [-8.4581495, 40.1639298]]}, "properties": {"cycleway:both": "no", "highway": "trunk", "lanes": "2", "maxspeed": "90", "old_ref": "EN 1", "oneway": "yes", "ref": "IC 2", "surface": "asphalt"}}, {"type": "Feature", "geometry": {"type": "LineString", "coordinates": [[-8.459047, 40.1618348], [-8.4589321, 40.1621972], [-8.4588508, 40.1624727]]}, "properties": {"cycleway:both": "no", "highway": "trunk", "lanes": "2", "maxspeed": "90", "old_ref": "EN 1", "oneway": "yes", "ref": "IC 2", "surface": "asphalt", "turn:lanes": "through|through;right"}}, {"type": "Feature", "geometry": {"type": "LineString", "coordinates": [[-8.4592124, 40.1610456], [-8.4591735, 40.1613577], [-8.459047, 40.1618348]]}, "properties": {"cycleway:both": "no", "highway": "trunk", "lanes": "2", "lit": "no", "maxspeed": "90", "old_ref": "EN 1", "oneway": "yes", "ref": "IC 2", "surface": "asphalt"}}, {"type": "Feature", "geometry": {"type": "LineString", "coordinates": [[-8.4601201, 40.1529174], [-8.4602836, 40.1526101]]}, "properties": {"change:lanes:forward": "no", "cycleway:both": "no", "highway": "trunk", "lanes": "3", "lanes:backward": "2", "lanes:forward": "1", "lit": "no", "maxspeed": "90", "old_ref": "EN 1", "oneway": "no", "ref": "IC 2", "smoothness": "excellent", "surface": "asphalt", "turn:lanes:backward": "|merge_to_left"}}, {"type": "Feature", "geometry": {"type": "LineString", "coordinates": [[-8.4607912, 40.1517788], [-8.4612488, 40.1510364]]}, "properties": {"cycleway:both": "no", "highway": "trunk", "lanes": "3", "lanes:backward": "2", "lanes:forward": "1", "lit": "no", "maxspeed": "90", "old_ref": "EN 1", "oneway": "no", "ref": "IC 2", "smoothness": "excellent", "surface": "asphalt", "turn:lanes:backward": "through|through;right"}}, {"type": "Feature", "geometry": {"type": "LineString", "coordinates": [[-8.4612488, 40.1510364], [-8.4627255, 40.1485313]]}, "properties": {"cycleway:both": "no", "highway": "trunk", "lanes": "3", "lanes:backward": "2", "lanes:forward": "1", "maxspeed": "90", "old_ref": "EN 1", "oneway": "no", "ref": "IC 2", "smoothness": "excellent", "surface": "asphalt"}}, {"type": "Feature", "geometry": {"type": "LineString", "coordinates": [[-8.4643576, 40.1456647], [-8.4642854, 40.1457904]]}, "properties": {"change:lanes": "no|no", "cycleway:both": "no", "highway": "trunk", "lanes": "2", "lit": "yes", "maxspeed": "90", "old_ref": "EN 1", "oneway": "yes", "ref": "IC 2", "source": "Bing", "surface": "asphalt", "turn:lanes": "through|right"}}, {"type": "Feature", "geometry": {"type": "LineString", "coordinates": [[-8.4647942, 40.1448967], [-8.4643576, 40.1456647]]}, "properties": {"cycleway:both": "no", "highway": "trunk", "lanes": "2", "lit": "yes", "maxspeed": "90", "old_ref": "EN 1", "oneway": "yes", "ref": "IC 2", "source": "Bing", "surface": "asphalt", "turn:lanes": "through|right"}}, {"type": "Feature", "geometry": {"type": "LineString", "coordinates": [[-8.46524, 40.1440823], [-8.4650343, 40.1444821], [-8.4647942, 40.1448967]]}, "properties": {"cycleway:both": "no", "highway": "trunk", "lanes": "1", "lit": "yes", "maxspeed": "90", "old_ref": "EN 1", "oneway": "yes", "ref": "IC 2", "source": "Bing", "surface": "asphalt", "turn:lanes": "through;right"}}, {"type": "Feature", "geometry": {"type": "LineString", "coordinates": [[-8.4642854, 40.1457904], [-8.464017, 40.1462408]]}, "properties": {"cycleway:both": "no", "highway": "trunk", "lanes": "1", "lit": "yes", "maxspeed": "90", "old_ref": "EN 1", "oneway": "yes", "ref": "IC 2", "source": "Bing", "surface": "asphalt"}}, {"type": "Feature", "geometry": {"type": "LineString", "coordinates": [[-8.467374, 40.1399357], [-8.4672314, 40.1401834]]}, "properties": {"change:lanes": "no|no", "cycleway:both": "no", "highway": "trunk", "lanes": "2", "lit": "yes", "maxspeed": "90", "old_ref": "EN 1", "oneway": "yes", "ref": "IC 2", "source": "Bing", "surface": "asphalt"}}, {"type": "Feature", "geometry": {"type": "LineString", "coordinates": [[-8.4676906, 40.1392999], [-8.4676141, 40.1394714]]}, "properties": {"change:lanes": "no|no", "cycleway:both": "no", "highway": "trunk", "lanes": "2", "lit": "yes", "maxspeed": "90", "old_ref": "EN 1", "oneway": "yes", "ref": "IC 2", "source": "Bing", "surface": "asphalt", "turn:lanes": "through|right"}}, {"type": "Feature", "geometry": {"type": "LineString", "coordinates": [[-8.4683763, 40.1378186], [-8.4682544, 40.1380451], [-8.4679113, 40.1387846]]}, "properties": {"cycleway:both": "no", "highway": "trunk", "lanes": "1", "lit": "yes", "maxspeed": "90", "old_ref": "EN 1", "oneway": "yes", "ref": "IC 2", "surface": "asphalt", "turn:lanes": "through;right"}}, {"type": "Feature", "geometry": {"type": "LineString", "coordinates": [[-8.4679113, 40.1387846], [-8.4676906, 40.1392999]]}, "properties": {"cycleway:both": "no", "highway": "trunk", "lanes": "2", "lit": "yes", "maxspeed": "90", "old_ref": "EN 1", "oneway": "yes", "ref": "IC 2", "source": "Bing", "surface": "asphalt", "turn:lanes": "through|right"}}, {"type": "Feature", "geometry": {"type": "LineString", "coordinates": [[-8.4676141, 40.1394714], [-8.4675536, 40.1395955], [-8.467374, 40.1399357]]}, "properties": {"cycleway:both": "no", "highway": "trunk", "lanes": "1", "lit": "yes", "maxspeed": "90", "old_ref": "EN 1", "oneway": "yes", "ref": "IC 2", "source": "Bing", "surface": "asphalt"}}, {"type": "Feature", "geometry": {"type": "LineString", "coordinates": [[-8.4712006, 40.1349252], [-8.4704598, 40.1352509]]}, "properties": {"cycleway:both": "no", "highway": "trunk", "lanes": "1", "lit": "yes", "maxspeed": "70", "old_ref": "EN 1", "oneway": "yes", "ref": "IC 2", "surface": "asphalt", "turn:lanes": "through;right"}}, {"type": "Feature", "geometry": {"type": "LineString", "coordinates": [[-8.4721104, 40.1345003], [-8.4718544, 40.1346203], [-8.4716109, 40.1347344], [-8.4712006, 40.1349252]]}, "properties": {"cycleway:both": "no", "highway": "trunk", "lanes": "1", "lit": "yes", "maxspeed": "70", "old_ref": "EN 1", "oneway": "yes", "ref": "IC 2", "surface": "asphalt"}}, {"type": "Feature", "geometry": {"type": "LineString", "coordinates": [[-8.4796618, 40.1303119], [-8.4787856, 40.1307249]]}, "properties": {"cycleway:both": "no", "highway": "trunk", "lanes": "2", "lit": "no", "maxspeed": "90", "old_ref": "EN 1", "oneway": "yes", "ref": "IC 2", "source": "Bing", "surface": "asphalt"}}, {"type": "Feature", "geometry": {"type": "LineString", "coordinates": [[-8.48035, 40.1299848], [-8.4796618, 40.1303119]]}, "properties": {"cycleway:both": "no", "highway": "trunk", "lanes": "2", "lit": "no", "maxspeed": "90", "old_ref": "EN 1", "oneway": "yes", "ref": "IC 2", "source": "Bing", "surface": "asphalt", "turn:lanes": "through|through;right"}}, {"type": "Feature", "geometry": {"type": "LineString", "coordinates": [[-8.443484, 40.2147399], [-8.443176, 40.2147866]]}, "properties": {"change:lanes": "no|no|no", "highway": "trunk", "lanes": "3", "maxspeed": "60", "maxspeed:type": "sign", "motorroad": "yes", "oneway": "yes", "ref": "IC 2", "surface": "asphalt", "turn:lanes": "through|through|right"}}, {"type": "Feature", "geometry": {"type": "LineString", "coordinates": [[-8.44449, 40.2146308], [-8.4447513, 40.2145704], [-8.4448416, 40.2145673], [-8.444945, 40.2145834], [-8.4450477, 40.2146158]]}, "properties": {"change:lanes": "no|no|no", "highway": "trunk", "lanes": "3", "lit": "yes", "maxspeed": "40", "maxspeed:type": "sign", "motorroad": "yes", "oneway": "yes", "ref": "IC 2", "surface": "asphalt"}}, {"type": "Feature", "geometry": {"type": "LineString", "coordinates": [[-8.4411519, 40.2149211], [-8.4402345, 40.2154711]]}, "properties": {"bridge": "yes", "destination:lanes": "Porto|Porto;Coimbra Este|Centro", "highway": "trunk", "lanes": "3", "layer": "2", "maxweight": "2", "motorroad": "yes", "oneway": "yes", "ref": "IC 2", "source": "bing", "surface": "asphalt", "turn:lanes": "through|through;right|right"}}, {"type": "Feature", "geometry": {"type": "LineString", "coordinates": [[-8.439416, 40.2160405], [-8.4411606, 40.2150093]]}, "properties": {"bridge": "viaduct", "bridge:structure": "beam", "highway": "trunk", "lanes": "3", "layer": "2", "maxweight": "3.5", "motorroad": "yes", "oneway": "yes", "ref": "IC 2", "source": "bing", "surface": "asphalt"}}, {"type": "Feature", "geometry": {"type": "LineString", "coordinates": [[-8.4411606, 40.2150093], [-8.4412284, 40.2149683], [-8.4414031, 40.2148895], [-8.441549, 40.2148406], [-8.4416594, 40.2148121], [-8.4417995, 40.2147848], [-8.4419403, 40.2147686]]}, "properties": {"bridge": "viaduct", "bridge:structure": "beam", "highway": "trunk", "lanes": "3", "layer": "1", "maxweight": "3.5", "motorroad": "yes", "oneway": "yes", "ref": "IC 2", "source": "bing", "surface": "asphalt"}}, {"type": "Feature", "geometry": {"type": "LineString", "coordinates": [[-8.7486046, 39.7885439], [-8.7484724, 39.788762], [-8.7484212, 39.788833], [-8.7483641, 39.7889169], [-8.74824, 39.7890907]]}, "properties": {"highway": "trunk", "lanes": "2", "lit": "no", "maxspeed": "50", "oneway": "yes", "ref": "IC 2;EN 1", "surface": "asphalt"}}, {"type": "Feature", "geometry": {"type": "LineString", "coordinates": [[-8.749071, 39.7884665], [-8.7491185, 39.7883708], [-8.7491958, 39.7882834], [-8.7494317, 39.7880567]]}, "properties": {"highway": "trunk", "lanes": "2", "lit": "no", "maxspeed": "60", "oneway": "yes", "ref": "IC 2;EN 1", "surface": "asphalt"}}, {"type": "Feature", "geometry": {"type": "LineString", "coordinates": [[-8.8573475, 39.6186304], [-8.8573212, 39.6185892], [-8.8572948, 39.6185412], [-8.8572666, 39.6184776], [-8.857242, 39.6184081], [-8.8572217, 39.6183492], [-8.857204, 39.6182869], [-8.8571658, 39.6182173]]}, "properties": {"highway": "trunk", "lanes": "1", "maxspeed": "70", "oneway": "yes", "ref": "IC 2;EN 1", "surface": "asphalt"}}, {"type": "Feature", "geometry": {"type": "LineString", "coordinates": [[-8.8573596, 39.6187685], [-8.8574136, 39.6188506], [-8.8574469, 39.6189121], [-8.8574737, 39.6189727], [-8.857486, 39.6190169], [-8.8574959, 39.6190837], [-8.857491, 39.619147], [-8.8574743, 39.6191969], [-8.8574425, 39.6192406], [-8.8574076, 39.6192775], [-8.8573523, 39.6193184]]}, "properties": {"highway": "trunk", "lanes": "2", "maxspeed": "40", "oneway": "yes", "ref": "IC 2;EN 1", "surface": "asphalt"}}, {"type": "Feature", "geometry": {"type": "LineString", "coordinates": [[-8.8275139, 39.7283937], [-8.8273773, 39.7285416]]}, "properties": {"highway": "motorway", "lanes": "3", "lit": "yes", "maxspeed": "120", "name": "Variante da Batalha", "oneway": "yes", "ref": "A 19;IC 2", "surface": "asphalt", "toll": "no", "turn:lanes": "through|through|slight_right"}}, {"type": "Feature", "geometry": {"type": "LineString", "coordinates": [[-8.8253659, 39.7321817], [-8.8253706, 39.7330539], [-8.8253676, 39.7332129], [-8.8253567, 39.7333581], [-8.8253424, 39.7334811], [-8.8253232, 39.7335896], [-8.8252981, 39.7336932], [-8.8252551, 39.7338216], [-8.8252176, 39.7339151], [-8.8251761, 39.7340042], [-8.8251376, 39.7340807], [-8.8250864, 39.7341782], [-8.8250432, 39.7342461], [-8.8250045, 39.7343061], [-8.8249172, 39.7344219], [-8.8248313, 39.7345154], [-8.8247391, 39.7346075], [-8.8243219, 39.7349904], [-8.823895, 39.7353735], [-8.8224413, 39.7366568], [-8.8218443, 39.7371819], [-8.8212936, 39.7376598]]}, "properties": {"highway": "motorway", "lanes": "3", "lit": "yes", "maxheight": "default", "maxheight:signed": "no", "maxspeed": "100", "minspeed": "50", "name": "Variante da Batalha", "oneway": "yes", "ref": "A 19;IC 2", "surface": "asphalt", "toll": "no"}}, {"type": "Feature", "geometry": {"type": "LineString", "coordinates": [[-8.8212936, 39.7376598], [-8.8210794, 39.7378522]]}, "properties": {"highway": "motorway", "lanes": "3", "lit": "yes", "maxspeed": "100", "minspeed": "50", "name": "Variante da Batalha", "oneway": "yes", "ref": "A 19;IC 2", "surface": "asphalt", "toll": "no", "turn:lanes": "through|through|through;slight_right"}}, {"type": "Feature", "geometry": {"type": "LineString", "coordinates": [[-8.8210794, 39.7378522], [-8.8205795, 39.7383356]]}, "properties": {"highway": "motorway", "lanes": "4", "lit": "yes", "maxspeed": "100", "minspeed": "50", "name": "Variante da Batalha", "oneway": "yes", "ref": "A 19;IC 2", "surface": "asphalt", "toll": "no", "turn:lanes": "none|none|none|slight_right"}}, {"type": "Feature", "geometry": {"type": "LineString", "coordinates": [[-8.8194107, 39.740352], [-8.819348, 39.7407929], [-8.8193012, 39.7411518], [-8.8192705, 39.7415902]]}, "properties": {"highway": "motorway", "lanes": "4", "lit": "yes", "maxspeed": "100", "minspeed": "50", "name": "Variante da Batalha", "oneway": "yes", "ref": "A 19;IC 2", "smoothness": "excellent", "surface": "asphalt", "toll": "no", "turn:lanes": "none|none|none|merge_to_left"}}, {"type": "Feature", "geometry": {"type": "LineString", "coordinates": [[-8.8192705, 39.7415902], [-8.8192204, 39.7423549], [-8.8191601, 39.7431848]]}, "properties": {"highway": "motorway", "lanes": "3", "lit": "yes", "maxspeed": "100", "minspeed": "50", "name": "Variante da Batalha", "oneway": "yes", "ref": "A 19;IC 2", "smoothness": "excellent", "surface": "asphalt", "toll": "no", "turn:lanes": "through|through|through;slight_right"}}, {"type": "Feature", "geometry": {"type": "LineString", "coordinates": [[-8.8190937, 39.7441301], [-8.8190809, 39.7443371], [-8.819016, 39.7452567], [-8.8189578, 39.7459539], [-8.8189445, 39.7460752]]}, "properties": {"highway": "motorway", "lanes": "3", "lit": "yes", "maxspeed": "100", "minspeed": "50", "name": "Variante da Batalha", "oneway": "yes", "ref": "A 19;IC 2", "smoothness": "excellent", "surface": "asphalt", "toll": "no"}}, {"type": "Feature", "geometry": {"type": "LineString", "coordinates": [[-8.8189445, 39.7460752], [-8.8188854, 39.7466527], [-8.8188399, 39.7470129], [-8.8187981, 39.7473382]]}, "properties": {"highway": "motorway", "lanes": "4", "lit": "yes", "maxheight": "default", "maxheight:signed": "no", "maxspeed": "100", "minspeed": "50", "name": "Variante da Batalha", "oneway": "yes", "ref": "A 19;IC 2", "smoothness": "excellent", "surface": "asphalt", "toll": "no", "turn:lanes": "none|none|none|merge_to_left"}}, {"type": "Feature", "geometry": {"type": "LineString", "coordinates": [[-8.8187981, 39.7473382], [-8.8187235, 39.7476476], [-8.8186761, 39.7478178], [-8.8185767, 39.7481315], [-8.8184907, 39.7483769], [-8.8180897, 39.7494025]]}, "properties": {"highway": "motorway", "lanes": "3", "lit": "yes", "maxspeed": "100", "minspeed": "50", "name": "Variante da Batalha", "oneway": "yes", "ref": "A 19;IC 2", "smoothness": "excellent", "surface": "asphalt", "toll": "no"}}, {"type": "Feature", "geometry": {"type": "LineString", "coordinates": [[-8.8148817, 39.7555718], [-8.815046, 39.75543], [-8.8151894, 39.7553006], [-8.8153306, 39.7551691], [-8.8154403, 39.7550571]]}, "properties": {"destination:arrow:lanes": "through|slight_right", "destination:colour:lanes": "blue;blue|;orange", "destination:lanes": "Leiria Sul;Lisboa|Leiria;Est\u00e1dio", "destination:ref:lanes": "A 19|", "destination:symbol:lanes": "|centre;stadium", "highway": "motorway", "lanes": "2", "lit": "no", "maxspeed": "70", "name": "Variante da Batalha", "oneway": "yes", "ref": "A 19;IC 2", "smoothness": "excellent", "surface": "asphalt", "toll": "no", "turn:lanes": "through|slight_right"}}, {"type": "Feature", "geometry": {"type": "LineString", "coordinates": [[-8.8137646, 39.7563429], [-8.8140808, 39.7561537], [-8.8141384, 39.7561161], [-8.8144307, 39.7559255], [-8.8146616, 39.7557533], [-8.8148817, 39.7555718]]}, "properties": {"destination": "Leiria;Est\u00e1dio;Leiria Sul;Lisboa", "destination:colour": ";orange;blue;blue", "destination:ref": ";;A 19;", "destination:symbol": ";stadium;;", "highway": "motorway", "lanes": "1", "lit": "no", "maxspeed": "70", "name": "Variante da Batalha", "oneway": "yes", "ref": "A 19;IC 2", "smoothness": "good", "surface": "asphalt", "toll": "no", "turn:lanes": "through;slight_right"}}, {"type": "Feature", "geometry": {"type": "LineString", "coordinates": [[-8.8118576, 39.7573418], [-8.8128159, 39.7568486], [-8.8130483, 39.7567316]]}, "properties": {"bicycle": "no", "foot": "no", "highway": "trunk", "horse": "no", "lanes": "2", "lit": "no", "maxspeed": "70", "oneway": "yes", "ref": "IC 2", "smoothness": "excellent", "surface": "asphalt", "turn:lanes": "through|slight_right"}}, {"type": "Feature", "geometry": {"type": "LineString", "coordinates": [[-8.8111298, 39.7577163], [-8.8118576, 39.7573418]]}, "properties": {"bicycle": "no", "foot": "no", "highway": "trunk", "horse": "no", "lanes": "1", "lit": "no", "maxspeed": "70", "oneway": "yes", "ref": "IC 2", "smoothness": "excellent", "surface": "asphalt", "turn:lanes": "through;slight_right"}}, {"type": "Feature", "geometry": {"type": "LineString", "coordinates": [[-8.7895103, 39.7629767], [-8.7876859, 39.7631595]]}, "properties": {"bicycle": "no", "foot": "no", "highway": "trunk", "horse": "no", "lanes": "2", "lit": "no", "maxspeed": "80", "oneway": "yes", "ref": "IC 2", "sidewalk": "no", "smoothness": "excellent", "surface": "asphalt", "turn:lanes": "through|merge_to_left"}}, {"type": "Feature", "geometry": {"type": "LineString", "coordinates": [[-8.7876859, 39.7631595], [-8.7875694, 39.7631701], [-8.7863968, 39.7632781], [-8.7853583, 39.763371]]}, "properties": {"bicycle": "no", "foot": "no", "highway": "trunk", "horse": "no", "lanes": "1", "lit": "no", "maxspeed": "80", "oneway": "yes", "ref": "IC 2", "sidewalk": "no", "smoothness": "excellent", "surface": "asphalt"}}, {"type": "Feature", "geometry": {"type": "LineString", "coordinates": [[-8.780125, 39.7651563], [-8.7796269, 39.7653823], [-8.7790741, 39.7656332], [-8.7787415, 39.7657796], [-8.7784062, 39.7659363]]}, "properties": {"highway": "trunk", "lanes": "2", "lit": "no", "maxheight": "default", "maxspeed": "60", "oneway": "yes", "ref": "IC 2", "surface": "asphalt", "turn:lanes": "none|merge_to_left"}}, {"type": "Feature", "geometry": {"type": "LineString", "coordinates": [[-8.8253266, 39.7340507], [-8.8254222, 39.7338235], [-8.8254721, 39.7336812], [-8.825497, 39.7335781], [-8.825517, 39.7334451], [-8.8255279, 39.7332877], [-8.8255262, 39.7325869], [-8.8255174, 39.7321932], [-8.8255199, 39.7318546], [-8.8255262, 39.7317409]]}, "properties": {"highway": "motorway", "lanes": "3", "lit": "yes", "maxspeed": "100", "minspeed": "50", "name": "Variante da Batalha", "oneway": "yes", "ref": "A 19;IC 2", "smoothness": "excellent", "surface": "asphalt", "toll": "no", "turn:lanes": "through|through|slight_right"}}, {"type": "Feature", "geometry": {"type": "LineString", "coordinates": [[-8.824282, 39.7352283], [-8.8245717, 39.7349706], [-8.8248668, 39.7346857], [-8.8250383, 39.7344867], [-8.8251062, 39.734401], [-8.8251807, 39.7343027], [-8.8252537, 39.7341855], [-8.8253266, 39.7340507]]}, "properties": {"highway": "motorway", "lanes": "4", "lit": "yes", "maxspeed": "100", "minspeed": "50", "name": "Variante da Batalha", "oneway": "yes", "ref": "A 19;IC 2", "smoothness": "excellent", "surface": "asphalt", "toll": "no", "turn:lanes": "none|none|none|merge_to_left"}}, {"type": "Feature", "geometry": {"type": "LineString", "coordinates": [[-8.819487, 39.7409507], [-8.8195094, 39.7407675], [-8.8195623, 39.7404452], [-8.8196493, 39.7400816], [-8.8199208, 39.7394332]]}, "properties": {"highway": "motorway", "lanes": "3", "lit": "yes", "maxspeed": "100", "minspeed": "50", "name": "Variante da Batalha", "oneway": "yes", "ref": "A 19;IC 2", "smoothness": "excellent", "surface": "asphalt", "toll": "no", "turn:lanes": "through|through|through;slight_right"}}, {"type": "Feature", "geometry": {"type": "LineString", "coordinates": [[-8.8199208, 39.7394332], [-8.8199978, 39.7393041], [-8.8201203, 39.7391092]]}, "properties": {"highway": "motorway", "lanes": "4", "lit": "yes", "maxspeed": "100", "maxspeed:lanes": "100|100|100|80", "minspeed": "50", "name": "Variante da Batalha", "oneway": "yes", "ref": "A 19;IC 2", "smoothness": "excellent", "surface": "asphalt", "toll": "no", "turn:lanes": "none|none|none|slight_right"}}, {"type": "Feature", "geometry": {"type": "LineString", "coordinates": [[-8.8190628, 39.7466811], [-8.8191275, 39.7459577], [-8.819163, 39.7454667]]}, "properties": {"highway": "motorway", "lanes": "4", "lit": "yes", "maxheight": "default", "maxheight:signed": "no", "maxspeed": "100", "minspeed": "50", "name": "Variante da Batalha", "oneway": "yes", "ref": "A 19;IC 2", "smoothness": "excellent", "surface": "asphalt", "toll": "no", "turn:lanes": "none|none|none|merge_to_left"}}, {"type": "Feature", "geometry": {"type": "LineString", "coordinates": [[-8.819163, 39.7454667], [-8.8191977, 39.7448354], [-8.819236, 39.7443074], [-8.8193001, 39.7434114], [-8.8193731, 39.7424322], [-8.8194419, 39.7414962], [-8.819487, 39.7409507]]}, "properties": {"highway": "motorway", "lanes": "3", "lit": "yes", "maxspeed": "100", "minspeed": "50", "name": "Variante da Batalha", "oneway": "yes", "ref": "A 19;IC 2", "smoothness": "excellent", "surface": "asphalt", "toll": "no"}}, {"type": "Feature", "geometry": {"type": "LineString", "coordinates": [[-8.8365784, 39.7148747], [-8.8364593, 39.7150919], [-8.8363533, 39.7152626], [-8.8362484, 39.7154195], [-8.8361058, 39.7156084], [-8.8359562, 39.7157818], [-8.8357906, 39.7159612]]}, "properties": {"highway": "motorway", "lanes": "2", "lit": "yes", "maxspeed": "120", "name": "Variante da Batalha", "oneway": "yes", "ref": "A 19;IC 2", "surface": "asphalt", "toll": "yes", "turn:lanes": "through|through;slight_right"}}, {"type": "Feature", "geometry": {"type": "LineString", "coordinates": [[-8.8349563, 39.7168026], [-8.8352837, 39.716557], [-8.8356137, 39.7162796], [-8.8357726, 39.7161322], [-8.8359642, 39.7159323], [-8.8362308, 39.7156098], [-8.8363303, 39.7154797]]}, "properties": {"highway": "motorway", "lanes": "3", "lit": "yes", "maxspeed": "120", "name": "Variante da Batalha", "oneway": "yes", "ref": "A 19;IC 2", "surface": "asphalt", "toll": "yes", "turn:lanes": "none|none|merge_to_left"}}, {"type": "Feature", "geometry": {"type": "LineString", "coordinates": [[-8.8363303, 39.7154797], [-8.8364538, 39.7153083], [-8.8365644, 39.7151185], [-8.8366992, 39.7148636], [-8.8368306, 39.7145675], [-8.83693, 39.7142677], [-8.8369856, 39.714087], [-8.8370288, 39.7138915], [-8.8370648, 39.7136812], [-8.8370876, 39.71338], [-8.8370814, 39.713101], [-8.8370703, 39.7129434], [-8.8370508, 39.7127698], [-8.8370271, 39.7126234], [-8.836995, 39.7124642], [-8.8369384, 39.7122435], [-8.8368168, 39.7118596], [-8.8365328, 39.7111635], [-8.836192, 39.7103381], [-8.836128, 39.7101484], [-8.8360639, 39.7099394], [-8.8359916, 39.7096855], [-8.8359526, 39.709515], [-8.8359221, 39.7093325], [-8.8358957, 39.7091339], [-8.8358699, 39.7089241], [-8.8358635, 39.7086209], [-8.8358613, 39.7083048], [-8.8358903, 39.7080096], [-8.8359277, 39.7077368], [-8.8359962, 39.7074187], [-8.8360814, 39.7070878], [-8.836204, 39.7067472], [-8.8363683, 39.7063712], [-8.8365498, 39.7060239], [-8.8367292, 39.7057296], [-8.8369435, 39.7054209], [-8.8372376, 39.7050612], [-8.8375213, 39.7047481], [-8.8377672, 39.7045234], [-8.8381187, 39.7042045], [-8.8387686, 39.7036569], [-8.8393074, 39.7032012], [-8.8400777, 39.7025826], [-8.8408339, 39.7019538], [-8.843317, 39.6998973], [-8.8447583, 39.698668]]}, "properties": {"highway": "motorway", "lanes": "2", "lit": "yes", "maxspeed": "120", "name": "Variante da Batalha", "oneway": "yes", "ref": "A 19;IC 2", "surface": "asphalt", "toll": "yes"}}, {"type": "Feature", "geometry": {"type": "LineString", "coordinates": [[-8.8450779, 39.6734016], [-8.8452643, 39.6726433], [-8.8453335, 39.6724088], [-8.8454828, 39.671994], [-8.8456573, 39.6715583]]}, "properties": {"highway": "motorway", "lanes": "3", "maxspeed": "120", "name": "Variante da Batalha", "oneway": "yes", "ref": "A 19;IC 2", "surface": "asphalt", "toll": "yes", "turn:lanes": "none|none|merge_to_left"}}, {"type": "Feature", "geometry": {"type": "LineString", "coordinates": [[-8.8456573, 39.6715583], [-8.8459689, 39.6709157], [-8.8462821, 39.6703007], [-8.8465253, 39.669832], [-8.8467424, 39.6693721], [-8.8469799, 39.6688286], [-8.8470738, 39.6685916], [-8.8471963, 39.6682553], [-8.8473156, 39.6678889], [-8.8474093, 39.6675564], [-8.8474987, 39.6672013], [-8.8475598, 39.6669337], [-8.8476166, 39.6666499], [-8.847688, 39.666199], [-8.8477301, 39.6658157], [-8.8477659, 39.6653512], [-8.8477723, 39.6651541], [-8.8477897, 39.6647052], [-8.8477673, 39.6642837], [-8.8477299, 39.6636718], [-8.8476543, 39.6628938], [-8.8475705, 39.6620965], [-8.8474765, 39.6612091], [-8.8473784, 39.6603169], [-8.847232, 39.6588918], [-8.8471592, 39.65823], [-8.8471165, 39.6578161], [-8.8470142, 39.6568326], [-8.8469415, 39.6559316], [-8.8469176, 39.654924]]}, "properties": {"highway": "motorway", "lanes": "2", "maxspeed": "120", "name": "Variante da Batalha", "oneway": "yes", "ref": "A 19;IC 2", "surface": "asphalt", "toll": "yes"}}, {"type": "Feature", "geometry": {"type": "LineString", "coordinates": [[-8.8451596, 39.6770575], [-8.8453894, 39.6777305], [-8.845591, 39.6782001], [-8.8458323, 39.6786938], [-8.8462999, 39.6795885], [-8.8465, 39.6799953]]}, "properties": {"highway": "motorway", "lanes": "2", "maxspeed": "120", "name": "Variante da Batalha", "oneway": "yes", "ref": "A 19;IC 2", "surface": "asphalt", "toll": "yes"}}, {"type": "Feature", "geometry": {"type": "LineString", "coordinates": [[-8.8448246, 39.6752279], [-8.8448887, 39.6757885], [-8.8449249, 39.6760575], [-8.8449492, 39.6762386], [-8.844982, 39.6763876], [-8.8450666, 39.6767322], [-8.8451596, 39.6770575]]}, "properties": {"highway": "motorway", "lanes": "3", "maxspeed": "120", "name": "Variante da Batalha", "oneway": "yes", "ref": "A 19;IC 2", "surface": "asphalt", "toll": "yes", "turn:lanes": "none|none|merge_to_left"}}, {"type": "Feature", "geometry": {"type": "LineString", "coordinates": [[-8.8452818, 39.6770787], [-8.84516, 39.676636], [-8.8450947, 39.6763566], [-8.8450646, 39.6761879]]}, "properties": {"highway": "motorway", "lanes": "3", "maxspeed": "120", "name": "Variante da Batalha", "oneway": "yes", "ref": "A 19;IC 2", "surface": "asphalt", "toll": "yes", "turn:lanes": "none|none|slight_right"}}, {"type": "Feature", "geometry": {"type": "LineString", "coordinates": [[-8.8459054, 39.678606], [-8.8457087, 39.6782018], [-8.845568, 39.6778815], [-8.8454565, 39.6775933], [-8.8453753, 39.677394], [-8.8452818, 39.6770787]]}, "properties": {"highway": "motorway", "lanes": "2", "maxspeed": "120", "name": "Variante da Batalha", "oneway": "yes", "ref": "A 19;IC 2", "surface": "asphalt", "toll": "yes", "turn:lanes": "through|through;slight_right"}}, {"type": "Feature", "geometry": {"type": "LineString", "coordinates": [[-8.8468032, 39.6689664], [-8.846692, 39.6692258], [-8.846406, 39.6698356], [-8.8459609, 39.6707028]]}, "properties": {"highway": "motorway", "lanes": "2", "maxspeed": "120", "name": "Variante da Batalha", "oneway": "yes", "ref": "A 19;IC 2", "surface": "asphalt", "toll": "yes", "turn:lanes": "through|through;slight_right"}}, {"type": "Feature", "geometry": {"type": "LineString", "coordinates": [[-8.8455018, 39.6715971], [-8.8454395, 39.6717839], [-8.8453571, 39.6719941], [-8.8452801, 39.6722108], [-8.8452114, 39.6724034], [-8.8451174, 39.6727118], [-8.8450443, 39.6729848], [-8.8449637, 39.6733552], [-8.8449016, 39.6737625], [-8.8448415, 39.6743144], [-8.8448272, 39.6747299], [-8.8448246, 39.6752279]]}, "properties": {"highway": "motorway", "lanes": "2", "maxspeed": "120", "name": "Variante da Batalha", "oneway": "yes", "ref": "A 19;IC 2", "surface": "asphalt", "toll": "yes"}}, {"type": "Feature", "geometry": {"type": "LineString", "coordinates": [[-8.8596693, 39.6240355], [-8.8595694, 39.6245289], [-8.8595072, 39.6248557], [-8.8594574, 39.6251664], [-8.8594303, 39.6256404], [-8.8594386, 39.6259793], [-8.8594595, 39.6262809], [-8.8595075, 39.6265915], [-8.8595805, 39.6269342], [-8.8596764, 39.6272851], [-8.859872, 39.6278898], [-8.8600676, 39.6285218], [-8.8602192, 39.6291262], [-8.8602595, 39.6294187], [-8.8602873, 39.6296984], [-8.8602913, 39.6300312], [-8.8602828, 39.6303287], [-8.8602345, 39.63075], [-8.8601516, 39.6311736], [-8.8600269, 39.6315972], [-8.8599535, 39.6317902], [-8.8598801, 39.6319735], [-8.8597145, 39.6323257], [-8.8595288, 39.6326542], [-8.8592931, 39.6330132], [-8.859068, 39.6333004], [-8.8588471, 39.6335587], [-8.8586043, 39.6338169], [-8.8583469, 39.6340656], [-8.8580028, 39.6343463], [-8.8577673, 39.6345305], [-8.8573989, 39.6347855], [-8.8570471, 39.6350147], [-8.8562956, 39.6354683], [-8.8555582, 39.6359465], [-8.8548374, 39.6364375], [-8.8543591, 39.6368057], [-8.8538807, 39.637206], [-8.8536306, 39.6374441], [-8.853372, 39.6377015], [-8.8528696, 39.6382371], [-8.8524076, 39.6388119], [-8.8519812, 39.6394076], [-8.8516909, 39.6398815], [-8.8514257, 39.6403795], [-8.8512718, 39.6407042], [-8.8511178, 39.6410652], [-8.8505426, 39.6425637], [-8.8499849, 39.6440464], [-8.8496845, 39.6448423], [-8.849278, 39.6459135], [-8.8485195, 39.6479368], [-8.8481396, 39.6489134], [-8.8477945, 39.6498673], [-8.8475613, 39.6505412], [-8.8473334, 39.6512481], [-8.8472543, 39.6515294], [-8.8470428, 39.6524917]]}, "properties": {"highway": "motorway", "lanes": "2", "maxspeed": "120", "name": "Variante da Batalha", "oneway": "yes", "ref": "A 19;IC 2", "surface": "asphalt", "toll": "yes"}}, {"type": "Feature", "geometry": {"type": "LineString", "coordinates": [[-8.8596112, 39.624933], [-8.8596574, 39.6246602], [-8.8597113, 39.6243795], [-8.859811, 39.6239242], [-8.8598634, 39.6236613], [-8.8598861, 39.6235211], [-8.8599004, 39.6233554]]}, "properties": {"highway": "motorway", "lanes": "2", "maxspeed": "120", "name": "Variante da Batalha", "oneway": "yes", "ref": "A 19;IC 2", "surface": "asphalt", "toll": "yes", "turn:lanes": "through|through;slight_right"}}, {"type": "Feature", "geometry": {"type": "LineString", "coordinates": [[-8.4390415, 40.2162679], [-8.439416, 40.2160405]]}, "properties": {"bridge": "viaduct", "bridge:structure": "beam", "highway": "trunk", "lanes": "3", "layer": "1", "motorroad": "yes", "oneway": "yes", "ref": "IC 2", "source": "bing", "surface": "asphalt"}}, {"type": "Feature", "geometry": {"type": "LineString", "coordinates": [[-8.7281036, 39.8187664], [-8.7281988, 39.8186309], [-8.7283139, 39.8184863], [-8.7284298, 39.818359], [-8.7286289, 39.818151], [-8.7289264, 39.8178857], [-8.7292438, 39.8176143], [-8.7295443, 39.8173486], [-8.7299838, 39.8169777], [-8.7302168, 39.816784], [-8.7304835, 39.8165737], [-8.7307676, 39.8163556], [-8.7308714, 39.8162801], [-8.7310035, 39.8161908], [-8.7311459, 39.8160951], [-8.7321758, 39.8154536], [-8.7363272, 39.8129712], [-8.7374386, 39.8123098]]}, "properties": {"highway": "trunk", "lanes": "1", "lit": "no", "maxspeed": "80", "oneway": "yes", "ref": "IC 2;EN 1", "surface": "asphalt"}}, {"type": "Feature", "geometry": {"type": "LineString", "coordinates": [[-8.7272726, 39.8215036], [-8.7273534, 39.8209043], [-8.7274259, 39.8204352], [-8.7274646, 39.8202147], [-8.727508, 39.8200425], [-8.7275591, 39.8198477], [-8.7276162, 39.8196682], [-8.7276709, 39.8195329], [-8.7277438, 39.8193831], [-8.7278524, 39.8191724], [-8.7279396, 39.819028], [-8.7280216, 39.818894], [-8.7281036, 39.8187664]]}, "properties": {"highway": "trunk", "lanes": "1", "lit": "no", "maxspeed": "60", "oneway": "yes", "ref": "IC 2;EN 1", "surface": "asphalt"}}, {"type": "Feature", "geometry": {"type": "LineString", "coordinates": [[-8.7271009, 39.8219986], [-8.7270297, 39.8223663], [-8.7269786, 39.8225548], [-8.7269231, 39.8227295], [-8.72684, 39.8229211]]}, "properties": {"highway": "trunk", "lanes": "2", "lit": "yes", "maxspeed": "80", "oneway": "yes", "ref": "IC 2;EN 1", "smoothness": "excellent", "surface": "asphalt", "turn:lanes": "left|through"}}, {"type": "Feature", "geometry": {"type": "LineString", "coordinates": [[-8.7258677, 39.8242481], [-8.725153, 39.8249293], [-8.724729, 39.8253166], [-8.724493, 39.8255301]]}, "properties": {"highway": "trunk", "lanes": "1", "lit": "yes", "maxspeed": "50", "oneway": "yes", "ref": "IC 2;EN 1", "smoothness": "excellent", "surface": "asphalt"}}, {"type": "Feature", "geometry": {"type": "LineString", "coordinates": [[-8.4380251, 40.2406868], [-8.4375883, 40.2399584], [-8.4373157, 40.2394091], [-8.4369076, 40.2384259]]}, "properties": {"destination": "Lisboa;Coimbra", "highway": "trunk", "lanes": "2", "lit": "no", "maxheight": "default", "maxspeed": "100", "motorroad": "yes", "oneway": "yes", "ref": "IC 2", "source": "bing", "surface": "asphalt"}}, {"type": "Feature", "geometry": {"type": "LineString", "coordinates": [[-8.4369076, 40.2384259], [-8.4366145, 40.237441], [-8.4363748, 40.2363124], [-8.4363225, 40.2360074], [-8.4362286, 40.235479], [-8.4360757, 40.2346339], [-8.4358429, 40.2334374]]}, "properties": {"highway": "trunk", "lanes": "2", "lit": "no", "maxspeed": "100", "motorroad": "yes", "oneway": "yes", "ref": "IC 2", "source": "bing", "surface": "asphalt"}}, {"type": "Feature", "geometry": {"type": "LineString", "coordinates": [[-8.8868678, 39.5580724], [-8.8861917, 39.559043]]}, "properties": {"highway": "trunk", "lanes": "3", "oneway": "yes", "ref": "IC 2;EN 1", "surface": "asphalt", "turn:lanes": "none|none|left;through"}}, {"type": "Feature", "geometry": {"type": "LineString", "coordinates": [[-8.8683772, 39.5865677], [-8.8676009, 39.5873411], [-8.8667391, 39.5881976], [-8.8656679, 39.5892606], [-8.8654564, 39.5894576], [-8.8649996, 39.5899032]]}, "properties": {"highway": "trunk", "lanes": "2", "maxspeed": "60", "ref": "IC 2;EN 1", "surface": "asphalt"}}, {"type": "Feature", "geometry": {"type": "LineString", "coordinates": [[-8.8649996, 39.5899032], [-8.8643457, 39.5905473], [-8.8641703, 39.5907202]]}, "properties": {"highway": "trunk", "lanes": "2", "maxspeed": "60", "ref": "IC 2;EN 1", "surface": "asphalt", "turn:lanes:forward": "through;right"}}, {"type": "Feature", "geometry": {"type": "LineString", "coordinates": [[-8.9616763, 39.4063955], [-8.9616978, 39.4064565], [-8.9617208, 39.4065221], [-8.9617372, 39.4066121], [-8.9617437, 39.4067234], [-8.9617581, 39.4068703], [-8.9617682, 39.4070575], [-8.961779, 39.4071894], [-8.962579, 39.4123703], [-8.9629672, 39.4147943]]}, "properties": {"highway": "trunk", "lanes": "1", "maxspeed": "50", "oneway": "yes", "ref": "IC 2;EN 1", "surface": "asphalt"}}, {"type": "Feature", "geometry": {"type": "LineString", "coordinates": [[-8.9618349, 39.4071846], [-8.9618245, 39.4070534], [-8.9618177, 39.4069607], [-8.9618205, 39.4068852], [-8.9618276, 39.4067658], [-8.9618414, 39.4066396], [-8.9618467, 39.4065564], [-8.9618584, 39.4065016], [-8.9618814, 39.4064508], [-8.9619056, 39.4064056]]}, "properties": {"highway": "trunk", "lanes": "1", "maxspeed": "50", "oneway": "yes", "ref": "IC 2;EN 1", "surface": "asphalt"}}, {"type": "Feature", "geometry": {"type": "LineString", "coordinates": [[-8.5899718, 40.0068034], [-8.5900108, 40.0067356], [-8.5901626, 40.0064718], [-8.5903167, 40.0062081], [-8.5904801, 40.0059112], [-8.5907699, 40.0054154], [-8.5910222, 40.004968], [-8.5914832, 40.0041788], [-8.5918768, 40.0035115], [-8.5920965, 40.0031616], [-8.5921984, 40.0029989], [-8.5922932, 40.0028538], [-8.5924106, 40.0026967], [-8.5925245, 40.0025572], [-8.5927345, 40.0023136], [-8.5928458, 40.0021841], [-8.5930376, 40.0019944], [-8.5932046, 40.0018441], [-8.5934295, 40.0016473], [-8.5936545, 40.0014613], [-8.5938278, 40.0013201]]}, "properties": {"highway": "trunk", "lanes": "3", "lanes:backward": "1", "lanes:forward": "2", "lit": "no", "maxspeed": "80", "minspeed:lanes:forward": "60|", "ref": "IC 2;EN 1", "surface": "asphalt"}}, {"type": "Feature", "geometry": {"type": "LineString", "coordinates": [[-8.5938278, 40.0013201], [-8.594039, 40.0011671], [-8.5942742, 40.0010033], [-8.5944581, 40.0008869], [-8.5946524, 40.0007691], [-8.5951326, 40.0004875]]}, "properties": {"highway": "trunk", "lanes": "3", "lanes:backward": "1", "lanes:forward": "2", "lit": "no", "maxspeed:lanes:backward": "60", "maxspeed:lanes:forward": "80", "minspeed:lanes:forward": "60|", "ref": "IC 2;EN 1", "surface": "asphalt"}}, {"type": "Feature", "geometry": {"type": "LineString", "coordinates": [[-8.6285587, 39.9644291], [-8.6285659, 39.9646413], [-8.6285692, 39.9648005]]}, "properties": {"highway": "trunk", "lanes": "1", "lit": "yes", "maxspeed": "50", "oneway": "yes", "ref": "IC 2;EN 1", "surface": "asphalt"}}, {"type": "Feature", "geometry": {"type": "LineString", "coordinates": [[-8.6286498, 39.9644282], [-8.6286362, 39.9639121], [-8.6286229, 39.963626], [-8.6286163, 39.9634495]]}, "properties": {"highway": "trunk", "lanes": "1", "lit": "yes", "maxspeed": "80", "oneway": "yes", "ref": "IC 2;EN 1", "surface": "asphalt"}}, {"type": "Feature", "geometry": {"type": "LineString", "coordinates": [[-8.6285709, 39.9552167], [-8.6286043, 39.9551122], [-8.6286126, 39.9549525], [-8.6286314, 39.9545217]]}, "properties": {"highway": "trunk", "lanes": "1", "lit": "yes", "maxspeed": "50", "oneway": "yes", "ref": "IC 2;EN 1", "surface": "asphalt"}}, {"type": "Feature", "geometry": {"type": "LineString", "coordinates": [[-8.6285709, 39.9552167], [-8.628568, 39.9556777], [-8.628567, 39.9558397], [-8.6285571, 39.9562888], [-8.6285351, 39.957359], [-8.6285236, 39.9584451], [-8.6285147, 39.9590725], [-8.6285223, 39.9595002], [-8.6285324, 39.9602783], [-8.6285349, 39.9604325], [-8.6285698, 39.9625177], [-8.6285835, 39.9633243]]}, "properties": {"highway": "trunk", "lanes": "2", "lit": "yes", "maxspeed": "50", "ref": "IC 2;EN 1", "surface": "asphalt"}}, {"type": "Feature", "geometry": {"type": "LineString", "coordinates": [[-8.6285835, 39.9633243], [-8.6285574, 39.9634096], [-8.6285584, 39.9634494]]}, "properties": {"highway": "trunk", "lanes": "1", "lit": "yes", "maxspeed": "50", "oneway": "yes", "ref": "IC 2;EN 1", "surface": "asphalt"}}, {"type": "Feature", "geometry": {"type": "LineString", "coordinates": [[-8.6286409, 39.9657871], [-8.6286509, 39.9662817], [-8.6286511, 39.9669368], [-8.6286734, 39.9676683], [-8.628679, 39.9682064], [-8.6286908, 39.9687838]]}, "properties": {"highway": "trunk", "lanes": "2", "lit": "no", "maxspeed": "80", "ref": "IC 2;EN 1", "surface": "asphalt"}}, {"type": "Feature", "geometry": {"type": "LineString", "coordinates": [[-8.6287136, 39.9715608], [-8.6286949, 39.971721], [-8.6286697, 39.9718785], [-8.6286321, 39.972067]]}, "properties": {"highway": "trunk", "lanes": "2", "maxspeed": "60", "ref": "IC 2;EN 1", "surface": "asphalt", "turn:lanes:backward": "through;right"}}, {"type": "Feature", "geometry": {"type": "LineString", "coordinates": [[-8.6958415, 39.8661791], [-8.69542, 39.8668709]]}, "properties": {"highway": "trunk", "lanes": "2", "lit": "no", "maxspeed": "60", "oneway": "yes", "ref": "IC 2;EN 1", "smoothness": "good", "surface": "asphalt", "turn:lanes": "left|through;right"}}, {"type": "Feature", "geometry": {"type": "LineString", "coordinates": [[-8.5883163, 40.0092776], [-8.5884318, 40.0091465], [-8.5888233, 40.0086373]]}, "properties": {"highway": "trunk", "lanes": "3", "lanes:backward": "2", "lanes:forward": "1", "lit": "no", "maxspeed": "60", "ref": "IC 2;EN 1", "sidewalk:both": "no", "surface": "asphalt", "turn:lanes:backward": "left|through"}}, {"type": "Feature", "geometry": {"type": "LineString", "coordinates": [[-8.8101783, 39.7581172], [-8.8087999, 39.7588259]]}, "properties": {"bicycle": "no", "foot": "no", "highway": "trunk", "lanes": "2", "lit": "no", "maxspeed": "80", "minspeed:lanes": "60|", "oneway": "yes", "ref": "IC 2", "smoothness": "excellent", "surface": "asphalt"}}, {"type": "Feature", "geometry": {"type": "LineString", "coordinates": [[-8.5774684, 40.0212866], [-8.5778102, 40.0207834]]}, "properties": {"highway": "trunk", "lanes": "3", "lanes:backward": "2", "lanes:forward": "1", "maxspeed": "50", "ref": "IC 2;EN 1", "surface": "asphalt", "turn:lanes:backward": "left|through"}}, {"type": "Feature", "geometry": {"type": "LineString", "coordinates": [[-8.6230604, 39.9773275], [-8.6232119, 39.9772384], [-8.6234463, 39.9771006]]}, "properties": {"highway": "trunk", "lanes": "2", "lit": "yes", "maxspeed": "50", "ref": "IC 2;EN 1", "surface": "asphalt"}}, {"type": "Feature", "geometry": {"type": "LineString", "coordinates": [[-8.6234463, 39.9771006], [-8.6241412, 39.9767014], [-8.6250685, 39.9761636], [-8.62561, 39.9758495], [-8.6257238, 39.9757745], [-8.6261556, 39.9755071], [-8.6264552, 39.9752879], [-8.6265851, 39.9751852], [-8.6267021, 39.9750886], [-8.6268562, 39.9749591], [-8.6270142, 39.9748129], [-8.6271571, 39.9746759], [-8.627308, 39.9745187], [-8.6274004, 39.9744217], [-8.6274944, 39.9743125], [-8.6275832, 39.9742044], [-8.6276803, 39.9740769], [-8.6278429, 39.9738533], [-8.6280206, 39.9735749], [-8.6282049, 39.9732387], [-8.6282689, 39.9731085], [-8.6283299, 39.9729771], [-8.6283908, 39.9728268], [-8.628481, 39.9725878], [-8.6285463, 39.9723937], [-8.6285902, 39.9722344], [-8.6286321, 39.972067]]}, "properties": {"highway": "trunk", "lanes": "2", "lit": "yes", "maxspeed": "60", "ref": "IC 2;EN 1", "surface": "asphalt"}}, {"type": "Feature", "geometry": {"type": "LineString", "coordinates": [[-8.629087, 39.9233307], [-8.629139, 39.9232619], [-8.6292015, 39.9232012], [-8.6292621, 39.9231587], [-8.6293317, 39.923103]]}, "properties": {"highway": "trunk", "lanes": "2", "lit": "yes", "maxspeed": "50", "oneway": "yes", "ref": "IC 2;EN 1", "surface": "asphalt"}}, {"type": "Feature", "geometry": {"type": "LineString", "coordinates": [[-8.6288634, 39.9245203], [-8.6288865, 39.9249203], [-8.6288923, 39.9250486], [-8.6289124, 39.9254918], [-8.6289107, 39.9255545], [-8.6288999, 39.9256291], [-8.6288608, 39.9258331], [-8.6288523, 39.9258774], [-8.6288291, 39.9259885], [-8.6288121, 39.9260498]]}, "properties": {"highway": "trunk", "lanes": "1", "maxspeed": "60", "oneway": "yes", "ref": "IC 2;EN 1", "smoothness": "excellent", "surface": "asphalt"}}, {"type": "Feature", "geometry": {"type": "LineString", "coordinates": [[-8.6288512, 39.9243037], [-8.6288634, 39.9245203]]}, "properties": {"highway": "trunk", "lanes": "1", "maxspeed": "60", "oneway": "yes", "ref": "IC 2;EN 1", "smoothness": "excellent", "surface": "asphalt"}}, {"type": "Feature", "geometry": {"type": "LineString", "coordinates": [[-8.6289407, 39.9244653], [-8.6289383, 39.924415], [-8.6289273, 39.9241836], [-8.6289213, 39.9240108]]}, "properties": {"highway": "trunk", "lanes": "1", "maxspeed": "60", "oneway": "yes", "ref": "IC 2;EN 1", "surface": "asphalt"}}, {"type": "Feature", "geometry": {"type": "LineString", "coordinates": [[-8.7793516, 39.7655617], [-8.7813553, 39.7646911]]}, "properties": {"highway": "trunk", "lanes": "1", "lit": "no", "maxspeed": "60", "oneway": "yes", "ref": "IC 2", "sidewalk": "no", "surface": "asphalt"}}, {"type": "Feature", "geometry": {"type": "LineString", "coordinates": [[-8.7656436, 39.7732757], [-8.7654199, 39.7735328]]}, "properties": {"highway": "trunk", "lanes": "1", "lit": "yes", "maxspeed": "80", "oneway": "yes", "ref": "IC 2;EN 1", "surface": "asphalt"}}, {"type": "Feature", "geometry": {"type": "LineString", "coordinates": [[-8.7524191, 39.7854813], [-8.7512085, 39.7864812]]}, "properties": {"highway": "trunk", "lanes": "3", "lanes:backward": "1", "lanes:forward": "2", "lit": "no", "maxspeed": "80", "ref": "IC 2;EN 1", "surface": "asphalt"}}, {"type": "Feature", "geometry": {"type": "LineString", "coordinates": [[-8.7508157, 39.7867466], [-8.750015, 39.7874025]]}, "properties": {"highway": "trunk", "lanes": "2", "lit": "no", "maxspeed": "60", "oneway": "yes", "ref": "IC 2;EN 1", "surface": "asphalt"}}, {"type": "Feature", "geometry": {"type": "LineString", "coordinates": [[-8.750015, 39.7874025], [-8.7493491, 39.7879599], [-8.7492001, 39.788075]]}, "properties": {"highway": "trunk", "lanes": "2", "lit": "no", "maxspeed": "50", "oneway": "yes", "ref": "IC 2;EN 1", "surface": "asphalt", "traffic_calming": "rumble_strip"}}, {"type": "Feature", "geometry": {"type": "LineString", "coordinates": [[-8.7480051, 39.7896932], [-8.748059, 39.7895918], [-8.7481173, 39.7894906], [-8.7483999, 39.7890855]]}, "properties": {"highway": "trunk", "lanes": "2", "lit": "no", "maxspeed": "60", "oneway": "yes", "ref": "IC 2;EN 1", "surface": "asphalt", "traffic_calming": "rumble_strip"}}, {"type": "Feature", "geometry": {"type": "LineString", "coordinates": [[-8.7485326, 39.7889244], [-8.7486112, 39.7888426], [-8.7487681, 39.7887115], [-8.7488373, 39.7886696]]}, "properties": {"highway": "trunk", "lanes": "2", "lit": "no", "maxspeed": "50", "oneway": "yes", "ref": "IC 2;EN 1", "surface": "asphalt"}}, {"type": "Feature", "geometry": {"type": "LineString", "coordinates": [[-8.7686804, 39.7703983], [-8.7681521, 39.7707763], [-8.7680997, 39.7708177], [-8.7679499, 39.7709335], [-8.7678243, 39.7710342], [-8.7676997, 39.7711319], [-8.7675799, 39.7712188], [-8.7674957, 39.771253]]}, "properties": {"highway": "trunk", "lanes": "2", "lit": "yes", "maxspeed": "50", "old_ref": "EN 1", "oneway": "yes", "ref": "IC 2;EN 1", "surface": "asphalt", "traffic_calming": "rumble_strip"}}, {"type": "Feature", "geometry": {"type": "LineString", "coordinates": [[-8.7470133, 39.7928825], [-8.7471201, 39.7924582]]}, "properties": {"highway": "trunk", "lanes": "3", "lanes:backward": "1", "lanes:forward": "2", "lit": "no", "maxspeed": "80", "ref": "IC 2;EN 1", "surface": "asphalt", "turn:lanes:forward": "none|merge_to_left"}}, {"type": "Feature", "geometry": {"type": "LineString", "coordinates": [[-8.7471201, 39.7924582], [-8.7472028, 39.7921297], [-8.7473543, 39.7915039]]}, "properties": {"highway": "trunk", "lanes": "3", "lanes:backward": "1", "lanes:forward": "2", "lit": "yes", "maxspeed": "80", "ref": "IC 2;EN 1", "surface": "asphalt", "turn:lanes:forward": "none|merge_to_left"}}, {"type": "Feature", "geometry": {"type": "LineString", "coordinates": [[-8.724153, 39.8258693], [-8.7239749, 39.826047], [-8.7238373, 39.8261927]]}, "properties": {"highway": "trunk", "lanes": "2", "lit": "yes", "maxspeed": "50", "oneway": "yes", "ref": "IC 2;EN 1", "smoothness": "excellent", "surface": "asphalt", "turn:lanes": "left|through;slight_right"}}, {"type": "Feature", "geometry": {"type": "LineString", "coordinates": [[-8.7232361, 39.8271163], [-8.7234896, 39.8267467], [-8.7236183, 39.8265716]]}, "properties": {"highway": "trunk", "lanes": "2", "lit": "yes", "maxspeed": "50", "oneway": "yes", "ref": "IC 2;EN 1", "surface": "asphalt", "turn:lanes": "left|through"}}, {"type": "Feature", "geometry": {"type": "LineString", "coordinates": [[-8.7215659, 39.829456], [-8.7209628, 39.830318], [-8.7206717, 39.8307385]]}, "properties": {"highway": "trunk", "lanes": "2", "lit": "yes", "maxspeed": "50", "old_ref": "EN 1", "ref": "IC 2;EN 1", "smoothness": "good", "surface": "asphalt"}}, {"type": "Feature", "geometry": {"type": "LineString", "coordinates": [[-8.7220381, 39.8287944], [-8.7215659, 39.829456]]}, "properties": {"highway": "trunk", "lanes": "2", "lit": "yes", "maxspeed": "50", "old_ref": "EN 1", "ref": "IC 2;EN 1", "smoothness": "good", "surface": "asphalt"}}, {"type": "Feature", "geometry": {"type": "LineString", "coordinates": [[-8.7206717, 39.8307385], [-8.720338, 39.831222]]}, "properties": {"highway": "trunk", "lanes": "2", "lit": "yes", "maxspeed": "50", "old_ref": "EN 1", "ref": "IC 2;EN 1", "smoothness": "good", "surface": "asphalt"}}, {"type": "Feature", "geometry": {"type": "LineString", "coordinates": [[-8.720338, 39.831222], [-8.7177816, 39.8349222], [-8.7173009, 39.835618], [-8.7171675, 39.8358111], [-8.7168573, 39.83626], [-8.7164212, 39.8368912]]}, "properties": {"highway": "trunk", "lanes": "2", "lit": "yes", "maxheight": "default", "maxspeed": "50", "ref": "IC 2;EN 1", "smoothness": "good", "surface": "asphalt"}}, {"type": "Feature", "geometry": {"type": "LineString", "coordinates": [[-8.7153686, 39.8384169], [-8.7151023, 39.8388063]]}, "properties": {"highway": "trunk", "lanes": "2", "lit": "yes", "maxspeed": "50", "old_ref": "EN 1", "ref": "IC 2;EN 1", "smoothness": "excellent", "surface": "asphalt", "turn:backward": "left;through"}}, {"type": "Feature", "geometry": {"type": "LineString", "coordinates": [[-8.7028592, 39.8532494], [-8.7028335, 39.8534059], [-8.7028077, 39.8535414], [-8.7027304, 39.853934]]}, "properties": {"highway": "trunk", "lanes": "2", "lit": "yes", "maxspeed": "50", "old_ref": "EN 1", "oneway": "yes", "ref": "IC 2;EN 1", "smoothness": "good", "surface": "asphalt", "turn:lanes": "left|through"}}, {"type": "Feature", "geometry": {"type": "LineString", "coordinates": [[-8.7028445, 39.8537872], [-8.7029449, 39.8533067]]}, "properties": {"highway": "trunk", "lanes": "1", "lit": "no", "maxspeed": "50", "old_ref": "EN 1", "oneway": "yes", "ref": "IC 2;EN 1", "surface": "asphalt", "turn:lanes": "left;through"}}, {"type": "Feature", "geometry": {"type": "LineString", "coordinates": [[-8.4497208, 40.5107191], [-8.449616, 40.5104696], [-8.4494944, 40.5102397], [-8.4493377, 40.5099832]]}, "properties": {"highway": "primary", "lanes": "2", "maxspeed": "70", "oneway": "no", "ref": "IC 2;EN 1", "surface": "asphalt"}}, {"type": "Feature", "geometry": {"type": "LineString", "coordinates": [[-8.4493377, 40.5099832], [-8.4486491, 40.5091237], [-8.4483268, 40.5087631], [-8.4471884, 40.5074893], [-8.446919, 40.5071615], [-8.4467435, 40.506974], [-8.4466382, 40.5068568], [-8.4464666, 40.5066659], [-8.4457506, 40.5058693], [-8.4454453, 40.5055297], [-8.4450532, 40.5050934], [-8.4448166, 40.5048619], [-8.4445767, 40.5046494], [-8.4434658, 40.5039248]]}, "properties": {"highway": "primary", "lanes": "2", "maxspeed": "70", "oneway": "no", "ref": "IC 2;EN 1", "surface": "asphalt"}}, {"type": "Feature", "geometry": {"type": "LineString", "coordinates": [[-8.6289213, 39.9240108], [-8.6289189, 39.9239425], [-8.6289296, 39.9237806], [-8.6289628, 39.9236255], [-8.6290069, 39.9234942], [-8.6290571, 39.9233896], [-8.629087, 39.9233307]]}, "properties": {"highway": "trunk", "lanes": "1", "maxspeed": "50", "oneway": "yes", "ref": "IC 2;EN 1", "surface": "asphalt"}}, {"type": "Feature", "geometry": {"type": "LineString", "coordinates": [[-8.8825777, 39.5643919], [-8.8828316, 39.5640336]]}, "properties": {"highway": "trunk", "lanes": "2", "maxspeed": "60", "oneway": "yes", "ref": "IC 2;EN 1", "surface": "asphalt", "turn:lanes": "left|through;right"}}, {"type": "Feature", "geometry": {"type": "LineString", "coordinates": [[-8.8570471, 39.6161945], [-8.8570729, 39.6166574]]}, "properties": {"highway": "trunk", "lanes": "3", "lanes:backward": "1", "lanes:forward": "2", "maxspeed:backward": "70", "maxspeed:forward": "80", "ref": "IC 2;EN 1", "surface": "asphalt", "turn:lanes:forward": "|merge_to_left"}}, {"type": "Feature", "geometry": {"type": "LineString", "coordinates": [[-8.6287052, 39.9473522], [-8.6287033, 39.9474169]]}, "properties": {"highway": "trunk", "lanes": "1", "lit": "yes", "maxspeed": "50", "oneway": "yes", "ref": "IC 2;EN 1", "surface": "asphalt"}}, {"type": "Feature", "geometry": {"type": "LineString", "coordinates": [[-8.6285577, 39.9539718], [-8.6285514, 39.9543001]]}, "properties": {"highway": "trunk", "lanes": "1", "lit": "yes", "maxspeed": "50", "oneway": "yes", "ref": "IC 2;EN 1", "surface": "asphalt"}}, {"type": "Feature", "geometry": {"type": "LineString", "coordinates": [[-8.7158097, 39.837781], [-8.7164212, 39.8368912]]}, "properties": {"highway": "trunk", "lanes": "2", "lit": "yes", "maxspeed": "50", "ref": "IC 2;EN 1", "smoothness": "good", "surface": "asphalt", "turn:lanes:backward": "through;right"}}, {"type": "Feature", "geometry": {"type": "LineString", "coordinates": [[-8.7151023, 39.8388063], [-8.7149065, 39.8390897], [-8.7145482, 39.8395811], [-8.7144578, 39.8396859]]}, "properties": {"highway": "trunk", "lanes": "2", "lit": "yes", "maxspeed": "50", "old_ref": "EN 1", "ref": "IC 2;EN 1", "smoothness": "excellent", "surface": "asphalt"}}, {"type": "Feature", "geometry": {"type": "LineString", "coordinates": [[-8.7144578, 39.8396859], [-8.7142967, 39.8398717], [-8.7141572, 39.8400231], [-8.7140311, 39.8401434]]}, "properties": {"highway": "trunk", "lanes": "3", "lanes:backward": "1", "lanes:forward": "2", "lit": "yes", "maxspeed": "50", "old_ref": "EN 1", "ref": "IC 2;EN 1", "smoothness": "good", "surface": "asphalt", "turn:lanes:forward": "left|through"}}, {"type": "Feature", "geometry": {"type": "LineString", "coordinates": [[-8.7135189, 39.8405616], [-8.7133549, 39.8406848]]}, "properties": {"highway": "trunk", "lanes": "2", "lit": "yes", "maxspeed": "50", "old_ref": "EN 1", "ref": "IC 2;EN 1", "smoothness": "good", "surface": "asphalt", "turn:lanes:backward": "through;right"}}, {"type": "Feature", "geometry": {"type": "LineString", "coordinates": [[-8.7140311, 39.8401434], [-8.7135516, 39.8405355], [-8.7135189, 39.8405616]]}, "properties": {"highway": "trunk", "lanes": "3", "lanes:backward": "1", "lanes:forward": "2", "lit": "yes", "maxspeed": "50", "old_ref": "EN 1", "ref": "IC 2;EN 1", "smoothness": "good", "surface": "asphalt", "turn:lanes:backward": "through;right", "turn:lanes:forward": "left|through"}}, {"type": "Feature", "geometry": {"type": "LineString", "coordinates": [[-8.7133549, 39.8406848], [-8.71309, 39.8408838]]}, "properties": {"highway": "trunk", "lanes": "3", "lanes:backward": "1", "lanes:forward": "2", "lit": "yes", "maxspeed": "50", "old_ref": "EN 1", "ref": "IC 2;EN 1", "smoothness": "good", "surface": "asphalt", "turn:lanes:backward": "through;right", "turn:lanes:forward": "left|through"}}, {"type": "Feature", "geometry": {"type": "LineString", "coordinates": [[-8.71309, 39.8408838], [-8.7125537, 39.8412703]]}, "properties": {"highway": "trunk", "lanes": "2", "lit": "yes", "maxspeed": "50", "old_ref": "EN 1", "ref": "IC 2;EN 1", "smoothness": "good", "surface": "asphalt", "turn:lanes:backward": "through;right"}}, {"type": "Feature", "geometry": {"type": "LineString", "coordinates": [[-8.7125537, 39.8412703], [-8.7116768, 39.8419022]]}, "properties": {"highway": "trunk", "lanes": "2", "lit": "yes", "maxspeed": "50", "old_ref": "EN 1", "ref": "IC 2;EN 1", "smoothness": "good", "surface": "asphalt"}}, {"type": "Feature", "geometry": {"type": "LineString", "coordinates": [[-8.7116768, 39.8419022], [-8.7114797, 39.8420443], [-8.7107239, 39.842589]]}, "properties": {"highway": "trunk", "lanes": "2", "lit": "yes", "maxspeed": "50", "old_ref": "EN 1", "ref": "IC 2;EN 1", "smoothness": "good", "surface": "asphalt", "turn:lanes:forward": "through;right"}}, {"type": "Feature", "geometry": {"type": "LineString", "coordinates": [[-8.7103143, 39.8428884], [-8.7098024, 39.8432626]]}, "properties": {"highway": "trunk", "lanes": "2", "lit": "yes", "maxspeed": "50", "old_ref": "EN 1", "ref": "IC 2;EN 1", "smoothness": "good", "surface": "asphalt", "turn:lanes:backward": "left;through"}}, {"type": "Feature", "geometry": {"type": "LineString", "coordinates": [[-8.7098024, 39.8432626], [-8.7093419, 39.8435724]]}, "properties": {"highway": "trunk", "lanes": "2", "lit": "yes", "maxspeed": "50", "old_ref": "EN 1", "ref": "IC 2;EN 1", "smoothness": "good", "surface": "asphalt"}}, {"type": "Feature", "geometry": {"type": "LineString", "coordinates": [[-8.7046079, 39.8474094], [-8.7047202, 39.8473305], [-8.7048125, 39.8472335]]}, "properties": {"highway": "trunk", "lanes": "1", "lit": "yes", "maxspeed": "50", "old_ref": "EN 1", "oneway": "yes", "ref": "IC 2;EN 1", "surface": "asphalt"}}, {"type": "Feature", "geometry": {"type": "LineString", "coordinates": [[-8.7046079, 39.8474094], [-8.7044526, 39.8476056], [-8.7043715, 39.8477118], [-8.7043079, 39.8477991], [-8.7042371, 39.8479071], [-8.7041729, 39.8480141], [-8.7041193, 39.848105], [-8.7040684, 39.8481993], [-8.7040106, 39.8483198]]}, "properties": {"highway": "trunk", "lanes": "2", "lit": "yes", "maxspeed": "50", "old_ref": "EN 1", "ref": "IC 2;EN 1", "smoothness": "good", "surface": "asphalt"}}, {"type": "Feature", "geometry": {"type": "LineString", "coordinates": [[-8.7074878, 39.8448347], [-8.707396, 39.8448592], [-8.7069965, 39.8451271], [-8.7067799, 39.8452892], [-8.7066466, 39.8454005]]}, "properties": {"highway": "trunk", "lanes": "1", "lit": "yes", "maxspeed": "50", "old_ref": "EN 1", "oneway": "yes", "ref": "IC 2;EN 1", "smoothness": "good", "surface": "asphalt"}}, {"type": "Feature", "geometry": {"type": "LineString", "coordinates": [[-8.7051314, 39.8468955], [-8.7054513, 39.8465964], [-8.7057711, 39.8462972]]}, "properties": {"highway": "trunk", "lanes": "2", "lit": "yes", "maxspeed": "50", "old_ref": "EN 1", "oneway": "yes", "ref": "IC 2;EN 1", "surface": "asphalt", "turn:lanes": "left|through;right"}}, {"type": "Feature", "geometry": {"type": "LineString", "coordinates": [[-8.7057711, 39.8462972], [-8.7059144, 39.8461639], [-8.7061271, 39.8459578], [-8.7061946, 39.8458961], [-8.7063796, 39.845727], [-8.7064638, 39.8456534], [-8.706746, 39.845407], [-8.706839, 39.8453253], [-8.7069942, 39.8452076], [-8.707434, 39.8448845], [-8.7074878, 39.8448347]]}, "properties": {"highway": "trunk", "lanes": "1", "lit": "yes", "maxspeed": "50", "old_ref": "EN 1", "oneway": "yes", "ref": "IC 2;EN 1", "surface": "asphalt"}}, {"type": "Feature", "geometry": {"type": "LineString", "coordinates": [[-8.7063573, 39.8456371], [-8.706047, 39.8459284], [-8.7056805, 39.8462696]]}, "properties": {"highway": "trunk", "lanes": "2", "lit": "yes", "maxspeed": "50", "old_ref": "EN 1", "oneway": "yes", "ref": "IC 2;EN 1", "smoothness": "excellent", "surface": "asphalt", "turn:lanes": "left|through;right"}}, {"type": "Feature", "geometry": {"type": "LineString", "coordinates": [[-8.7056805, 39.8462696], [-8.7053571, 39.8465654], [-8.7050322, 39.8468986], [-8.7047277, 39.8472176], [-8.7046631, 39.8472989], [-8.7046079, 39.8474094]]}, "properties": {"highway": "trunk", "lanes": "1", "lit": "yes", "maxspeed": "50", "old_ref": "EN 1", "oneway": "yes", "ref": "IC 2;EN 1", "smoothness": "excellent", "surface": "asphalt"}}, {"type": "Feature", "geometry": {"type": "LineString", "coordinates": [[-8.7066466, 39.8454005], [-8.7064354, 39.8455706], [-8.7063573, 39.8456371]]}, "properties": {"highway": "trunk", "lanes": "1", "lit": "yes", "maxspeed": "50", "old_ref": "EN 1", "oneway": "yes", "ref": "IC 2;EN 1", "smoothness": "good", "surface": "asphalt", "turn:lanes": "left;through;right"}}, {"type": "Feature", "geometry": {"type": "LineString", "coordinates": [[-8.7048125, 39.8472335], [-8.7051314, 39.8468955]]}, "properties": {"highway": "trunk", "lanes": "1", "lit": "yes", "maxspeed": "50", "old_ref": "EN 1", "oneway": "yes", "ref": "IC 2;EN 1", "surface": "asphalt", "turn:lanes": "left;through;right"}}, {"type": "Feature", "geometry": {"type": "LineString", "coordinates": [[-8.7036394, 39.8496114], [-8.703545, 39.850101]]}, "properties": {"highway": "trunk", "lanes": "3", "lanes:backward": "1", "lanes:forward": "2", "lit": "yes", "maxspeed": "50", "old_ref": "EN 1", "ref": "IC 2;EN 1", "smoothness": "good", "surface": "asphalt", "turn:lanes:forward": "left|through;right"}}, {"type": "Feature", "geometry": {"type": "LineString", "coordinates": [[-8.7034557, 39.8505458], [-8.7032838, 39.8513877], [-8.7031497, 39.8520545]]}, "properties": {"highway": "trunk", "lanes": "2", "lit": "yes", "maxspeed": "50", "old_ref": "EN 1", "ref": "IC 2;EN 1", "smoothness": "good", "surface": "asphalt"}}, {"type": "Feature", "geometry": {"type": "LineString", "coordinates": [[-8.703083, 39.8526461], [-8.7031078, 39.8525061], [-8.7031369, 39.8523546]]}, "properties": {"highway": "trunk", "lanes": "1", "lit": "no", "maxspeed": "50", "old_ref": "EN 1", "oneway": "yes", "ref": "IC 2;EN 1", "surface": "asphalt"}}, {"type": "Feature", "geometry": {"type": "LineString", "coordinates": [[-8.7029449, 39.8533067], [-8.703083, 39.8526461]]}, "properties": {"highway": "trunk", "lanes": "2", "lit": "no", "maxspeed": "50", "old_ref": "EN 1", "oneway": "yes", "ref": "IC 2;EN 1", "surface": "asphalt", "turn:lanes": "left|through"}}, {"type": "Feature", "geometry": {"type": "LineString", "coordinates": [[-8.702918, 39.8529629], [-8.7028592, 39.8532494]]}, "properties": {"highway": "trunk", "lanes": "2", "lit": "yes", "maxspeed": "50", "old_ref": "EN 1", "oneway": "yes", "ref": "IC 2;EN 1", "smoothness": "good", "surface": "asphalt", "turn:lanes": "through|slight_right"}}, {"type": "Feature", "geometry": {"type": "LineString", "coordinates": [[-8.6988822, 39.8612353], [-8.6983815, 39.8620859]]}, "properties": {"highway": "trunk", "lanes": "3", "lanes:backward": "1", "lanes:forward": "2", "lit": "yes", "maxspeed": "80", "minspeed:lanes:forward": "60|", "ref": "IC 2;EN 1", "smoothness": "good", "surface": "asphalt", "turn:lanes:forward": "|merge_to_left"}}, {"type": "Feature", "geometry": {"type": "LineString", "coordinates": [[-8.69542, 39.8668709], [-8.6952861, 39.8670772]]}, "properties": {"highway": "trunk", "lanes": "2", "lit": "no", "maxspeed": "60", "oneway": "yes", "ref": "IC 2;EN 1", "smoothness": "good", "surface": "asphalt", "turn:lanes": "left|through"}}, {"type": "Feature", "geometry": {"type": "LineString", "coordinates": [[-8.6948017, 39.8680629], [-8.6948776, 39.8679349], [-8.6948941, 39.867907], [-8.6949653, 39.867787], [-8.695112, 39.8675471], [-8.6951412, 39.8674994]]}, "properties": {"highway": "trunk", "lanes": "2", "lit": "yes", "maxspeed": "60", "oneway": "yes", "ref": "IC 2;EN 1", "surface": "asphalt", "turn:lanes": "left|through;right"}}, {"type": "Feature", "geometry": {"type": "LineString", "coordinates": [[-8.6951412, 39.8674994], [-8.6953463, 39.8671561]]}, "properties": {"highway": "trunk", "lanes": "2", "lit": "yes", "maxspeed": "60", "oneway": "yes", "ref": "IC 2;EN 1", "surface": "asphalt", "turn:lanes": "left|through"}}, {"type": "Feature", "geometry": {"type": "LineString", "coordinates": [[-8.690271, 39.8720036], [-8.6897271, 39.8724345]]}, "properties": {"highway": "trunk", "lanes": "3", "lanes:backward": "2", "lanes:forward": "1", "lit": "yes", "maxspeed": "60", "ref": "IC 2;EN 1", "smoothness": "good", "surface": "asphalt", "turn:lanes:backward": "left|through"}}, {"type": "Feature", "geometry": {"type": "LineString", "coordinates": [[-8.6897271, 39.8724345], [-8.6895218, 39.8725956], [-8.6892082, 39.8728417]]}, "properties": {"highway": "trunk", "lanes": "2", "lit": "yes", "maxspeed": "60", "ref": "IC 2;EN 1", "sidewalk:both": "no", "smoothness": "good", "surface": "asphalt"}}, {"type": "Feature", "geometry": {"type": "LineString", "coordinates": [[-8.6892082, 39.8728417], [-8.6888818, 39.8730979]]}, "properties": {"highway": "trunk", "lanes": "2", "lit": "yes", "maxspeed": "60", "ref": "IC 2;EN 1", "smoothness": "good", "surface": "asphalt", "turn:lanes:forward": "left;through;right"}}, {"type": "Feature", "geometry": {"type": "LineString", "coordinates": [[-8.6888818, 39.8730979], [-8.6886146, 39.8733076], [-8.6883162, 39.873543]]}, "properties": {"highway": "trunk", "lanes": "4", "lanes:backward": "1", "lanes:forward": "3", "lit": "yes", "maxspeed": "60", "ref": "IC 2;EN 1", "sidewalk:both": "no", "smoothness": "good", "surface": "asphalt", "turn:lanes:forward": "left|through|right"}}, {"type": "Feature", "geometry": {"type": "LineString", "coordinates": [[-8.6883162, 39.873543], [-8.6878559, 39.8738966]]}, "properties": {"highway": "trunk", "lanes": "3", "lanes:backward": "2", "lanes:forward": "1", "lit": "yes", "maxspeed": "50", "ref": "IC 2;EN 1", "smoothness": "good", "surface": "asphalt", "turn:lanes:backward": "left|through;right"}}, {"type": "Feature", "geometry": {"type": "LineString", "coordinates": [[-8.6878559, 39.8738966], [-8.6870513, 39.8745382], [-8.6866242, 39.874869], [-8.6863987, 39.875037], [-8.68618, 39.8751892], [-8.6859797, 39.8753195], [-8.6858538, 39.8753952], [-8.685728, 39.875463], [-8.6855027, 39.8755717], [-8.6848358, 39.8758647], [-8.6839726, 39.8762406]]}, "properties": {"highway": "trunk", "lanes": "2", "lit": "yes", "maxspeed": "50", "ref": "IC 2;EN 1", "smoothness": "intermediate", "surface": "asphalt"}}, {"type": "Feature", "geometry": {"type": "LineString", "coordinates": [[-8.6784841, 39.8799133], [-8.6780798, 39.880228], [-8.6776005, 39.8806325]]}, "properties": {"highway": "trunk", "lanes": "2", "lit": "yes", "maxspeed": "60", "ref": "IC 2;EN 1", "sidewalk:both": "no", "smoothness": "good", "surface": "asphalt"}}, {"type": "Feature", "geometry": {"type": "LineString", "coordinates": [[-8.6839726, 39.8762406], [-8.6835727, 39.8764211]]}, "properties": {"highway": "trunk", "lanes": "2", "lit": "yes", "maxspeed": "50", "ref": "IC 2;EN 1", "sidewalk:both": "no", "smoothness": "good", "surface": "asphalt", "turn:lanes:forward": "left;through;right"}}, {"type": "Feature", "geometry": {"type": "LineString", "coordinates": [[-8.6835727, 39.8764211], [-8.6827763, 39.8767623]]}, "properties": {"highway": "trunk", "lanes": "3", "lanes:backward": "1", "lanes:forward": "2", "lit": "yes", "maxspeed": "50", "ref": "IC 2;EN 1", "smoothness": "good", "surface": "asphalt", "turn:lanes:forward": "left|through;right"}}, {"type": "Feature", "geometry": {"type": "LineString", "coordinates": [[-8.6827763, 39.8767623], [-8.6822122, 39.8770369]]}, "properties": {"highway": "trunk", "lanes": "3", "lanes:backward": "2", "lanes:forward": "1", "lit": "yes", "maxspeed": "50", "ref": "IC 2;EN 1", "smoothness": "good", "surface": "asphalt", "turn:lanes:backward": "left|through;right"}}, {"type": "Feature", "geometry": {"type": "LineString", "coordinates": [[-8.6822122, 39.8770369], [-8.6821347, 39.8770781], [-8.681995, 39.8771581], [-8.6818656, 39.8772381], [-8.6817392, 39.8773196], [-8.6814331, 39.8775418], [-8.680639, 39.878163], [-8.6803635, 39.8783912], [-8.6799972, 39.8786897], [-8.6796422, 39.8789747], [-8.6792188, 39.8793175], [-8.6784841, 39.8799133]]}, "properties": {"highway": "trunk", "lanes": "2", "lit": "yes", "maxspeed": "50", "ref": "IC 2;EN 1", "smoothness": "intermediate", "surface": "asphalt"}}, {"type": "Feature", "geometry": {"type": "LineString", "coordinates": [[-8.6776005, 39.8806325], [-8.6771473, 39.8810079]]}, "properties": {"highway": "trunk", "lanes": "3", "lanes:backward": "1", "lanes:forward": "2", "lit": "yes", "maxspeed": "60", "ref": "IC 2;EN 1", "smoothness": "good", "surface": "asphalt", "turn:lanes:forward": "left|through;right"}}, {"type": "Feature", "geometry": {"type": "LineString", "coordinates": [[-8.6769543, 39.881162], [-8.6765311, 39.8815037]]}, "properties": {"highway": "trunk", "lanes": "3", "lanes:backward": "2", "lanes:forward": "1", "lit": "yes", "maxspeed": "60", "ref": "IC 2;EN 1", "smoothness": "good", "surface": "asphalt", "turn:lanes:backward": "left|through;right"}}, {"type": "Feature", "geometry": {"type": "LineString", "coordinates": [[-8.6765311, 39.8815037], [-8.6753181, 39.88248]]}, "properties": {"highway": "trunk", "lanes": "2", "lit": "yes", "maxspeed": "60", "ref": "IC 2;EN 1", "smoothness": "intermediate", "surface": "asphalt"}}, {"type": "Feature", "geometry": {"type": "LineString", "coordinates": [[-8.6696648, 39.8868545], [-8.6691156, 39.887174]]}, "properties": {"highway": "trunk", "lanes": "3", "lanes:backward": "2", "lanes:forward": "1", "lit": "no", "maxspeed": "60", "ref": "IC 2;EN 1", "smoothness": "intermediate", "surface": "asphalt", "turn:lanes:backward": "left|through;right"}}, {"type": "Feature", "geometry": {"type": "LineString", "coordinates": [[-8.6701436, 39.8865429], [-8.6696648, 39.8868545]]}, "properties": {"highway": "trunk", "lanes": "3", "lanes:backward": "1", "lanes:forward": "2", "lit": "yes", "maxspeed": "60", "ref": "IC 2;EN 1", "smoothness": "intermediate", "surface": "asphalt", "turn:lanes:forward": "left|through;right"}}, {"type": "Feature", "geometry": {"type": "LineString", "coordinates": [[-8.6691156, 39.887174], [-8.6687418, 39.8873885]]}, "properties": {"highway": "trunk", "lanes": "2", "lit": "yes", "maxspeed": "60", "ref": "IC 2;EN 1", "smoothness": "intermediate", "surface": "asphalt"}}, {"type": "Feature", "geometry": {"type": "LineString", "coordinates": [[-8.6683452, 39.8876162], [-8.6677385, 39.8879798]]}, "properties": {"highway": "trunk", "lanes": "3", "lanes:backward": "1", "lanes:forward": "2", "lit": "yes", "maxspeed": "60", "ref": "IC 2;EN 1", "smoothness": "bad", "surface": "asphalt", "turn:lanes:forward": "left|through"}}, {"type": "Feature", "geometry": {"type": "LineString", "coordinates": [[-8.6687418, 39.8873885], [-8.6683452, 39.8876162]]}, "properties": {"highway": "trunk", "lanes": "3", "lanes:backward": "2", "lanes:forward": "1", "lit": "yes", "maxspeed": "60", "ref": "IC 2;EN 1", "smoothness": "bad", "surface": "asphalt", "turn:lanes:backward": "left|through"}}, {"type": "Feature", "geometry": {"type": "LineString", "coordinates": [[-8.6677385, 39.8879798], [-8.6670812, 39.8883352]]}, "properties": {"highway": "trunk", "lanes": "2", "lit": "yes", "maxspeed": "60", "ref": "IC 2;EN 1", "smoothness": "bad", "surface": "asphalt", "turn:lanes:backward": "through;right"}}, {"type": "Feature", "geometry": {"type": "LineString", "coordinates": [[-8.6670812, 39.8883352], [-8.6662955, 39.888789], [-8.6659388, 39.8889951], [-8.6637729, 39.8902401], [-8.6618111, 39.8913506], [-8.6613334, 39.8916238], [-8.6601315, 39.8922928], [-8.6596067, 39.8925834]]}, "properties": {"highway": "trunk", "lanes": "2", "lit": "yes", "maxspeed": "60", "ref": "IC 2;EN 1", "shoulder": "both", "smoothness": "intermediate", "surface": "asphalt"}}, {"type": "Feature", "geometry": {"type": "LineString", "coordinates": [[-8.6596067, 39.8925834], [-8.658536, 39.8931725]]}, "properties": {"highway": "trunk", "lanes": "2", "lit": "yes", "maxspeed": "60", "ref": "IC 2;EN 1", "smoothness": "intermediate", "surface": "asphalt", "turn:lanes:forward": "through|right"}}, {"type": "Feature", "geometry": {"type": "LineString", "coordinates": [[-8.658536, 39.8931725], [-8.6579455, 39.8935046]]}, "properties": {"highway": "trunk", "lanes": "3", "lanes:backward": "2", "lanes:forward": "1", "lit": "yes", "maxspeed": "60", "ref": "IC 2;EN 1", "smoothness": "intermediate", "surface": "asphalt", "turn:lanes:backward": "left|through"}}, {"type": "Feature", "geometry": {"type": "LineString", "coordinates": [[-8.6555482, 39.8948492], [-8.6550698, 39.8951039]]}, "properties": {"highway": "trunk", "lanes": "3", "lanes:backward": "1", "lanes:forward": "2", "lit": "yes", "maxspeed": "60", "ref": "IC 2;EN 1", "smoothness": "intermediate", "surface": "asphalt", "turn:lanes:forward": "left|through"}}, {"type": "Feature", "geometry": {"type": "LineString", "coordinates": [[-8.6550698, 39.8951039], [-8.6547279, 39.8952728]]}, "properties": {"highway": "trunk", "lanes": "2", "lit": "yes", "maxspeed": "60", "ref": "IC 2;EN 1", "smoothness": "intermediate", "surface": "asphalt", "turn:lanes:backward": "through;right"}}, {"type": "Feature", "geometry": {"type": "LineString", "coordinates": [[-8.6517808, 39.8962977], [-8.64999, 39.8968916], [-8.6485856, 39.8973645], [-8.6470598, 39.8978656], [-8.6469641, 39.8978993]]}, "properties": {"highway": "trunk", "lanes": "2", "lit": "no", "maxspeed": "80", "ref": "IC 2;EN 1", "surface": "asphalt"}}, {"type": "Feature", "geometry": {"type": "LineString", "coordinates": [[-8.6469641, 39.8978993], [-8.6465999, 39.8980274]]}, "properties": {"highway": "trunk", "lanes": "2", "maxspeed": "80", "ref": "IC 2;EN 1", "surface": "asphalt"}}, {"type": "Feature", "geometry": {"type": "LineString", "coordinates": [[-8.6351726, 39.9028494], [-8.6350114, 39.9030067], [-8.6349022, 39.9031213], [-8.6348134, 39.9032187], [-8.6346539, 39.9034113], [-8.6345935, 39.9034918]]}, "properties": {"highway": "trunk", "lanes": "2", "lit": "yes", "maxspeed": "60", "ref": "IC 2;EN 1", "surface": "asphalt"}}, {"type": "Feature", "geometry": {"type": "LineString", "coordinates": [[-8.6345935, 39.9034918], [-8.6344904, 39.903629], [-8.6343283, 39.9038849]]}, "properties": {"highway": "trunk", "lanes": "3", "lanes:backward": "2", "lanes:forward": "1", "lit": "yes", "maxspeed": "60", "ref": "IC 2;EN 1", "surface": "asphalt", "turn:lanes:forward": "through;right"}}, {"type": "Feature", "geometry": {"type": "LineString", "coordinates": [[-8.6341415, 39.9041183], [-8.6339804, 39.9045004]]}, "properties": {"highway": "trunk", "lanes": "1", "lit": "yes", "maxspeed": "60", "oneway": "yes", "ref": "IC 2;EN 1", "smoothness": "intermediate", "surface": "asphalt"}}, {"type": "Feature", "geometry": {"type": "LineString", "coordinates": [[-8.6337897, 39.9052836], [-8.6339498, 39.9047865], [-8.6340521, 39.9045192]]}, "properties": {"highway": "trunk", "lanes": "2", "lit": "yes", "maxspeed": "60", "oneway": "yes", "ref": "IC 2;EN 1", "surface": "asphalt", "turn:lanes": "left|through"}}, {"type": "Feature", "geometry": {"type": "LineString", "coordinates": [[-8.6337505, 39.9185987], [-8.6338004, 39.9190231]]}, "properties": {"highway": "trunk", "lanes": "3", "lanes:backward": "2", "lanes:forward": "1", "lit": "yes", "maxspeed": "50", "ref": "IC 2;EN 1", "smoothness": "excellent", "surface": "asphalt", "turn:lanes:backward": "left|through"}}, {"type": "Feature", "geometry": {"type": "LineString", "coordinates": [[-8.6338004, 39.9190231], [-8.6338041, 39.9191222], [-8.6338026, 39.9191879], [-8.6338005, 39.9193062], [-8.6337904, 39.9194306], [-8.6337691, 39.9195513], [-8.6337339, 39.9196721], [-8.6337038, 39.9197757], [-8.6336562, 39.9199147], [-8.6335944, 39.9200513], [-8.6335262, 39.9201737], [-8.6334344, 39.9203107], [-8.6333489, 39.9204368], [-8.6332706, 39.920532], [-8.6331742, 39.9206369], [-8.6330761, 39.9207394], [-8.6329525, 39.920851], [-8.6328304, 39.9209529]]}, "properties": {"highway": "trunk", "lanes": "2", "lit": "yes", "maxspeed": "50", "ref": "IC 2;EN 1", "sidewalk": "no", "smoothness": "excellent", "surface": "asphalt"}}, {"type": "Feature", "geometry": {"type": "LineString", "coordinates": [[-8.6283626, 39.9324947], [-8.6281786, 39.9334483], [-8.6280786, 39.9340892], [-8.628064, 39.9343584], [-8.6280531, 39.9346303], [-8.6280454, 39.9352426], [-8.6281309, 39.9358409], [-8.6281575, 39.9360177]]}, "properties": {"highway": "trunk", "lanes": "1", "maxheight": "default", "maxspeed": "60", "oneway": "yes", "ref": "IC 2;EN 1", "surface": "asphalt"}}, {"type": "Feature", "geometry": {"type": "LineString", "coordinates": [[-8.6287123, 39.9310482], [-8.628692, 39.9311304], [-8.6286059, 39.9314866]]}, "properties": {"highway": "trunk", "lanes": "2", "maxspeed": "50", "oneway": "yes", "ref": "IC 2;EN 1", "smoothness": "good", "surface": "asphalt", "turn:lanes": "left|through"}}, {"type": "Feature", "geometry": {"type": "LineString", "coordinates": [[-8.6287076, 39.9314989], [-8.6288203, 39.930961], [-8.6289985, 39.9301247], [-8.6289941, 39.9300196]]}, "properties": {"highway": "trunk", "lanes": "1", "maxspeed": "60", "oneway": "yes", "ref": "IC 2;EN 1", "surface": "asphalt"}}, {"type": "Feature", "geometry": {"type": "LineString", "coordinates": [[-8.6284828, 39.932509], [-8.6287076, 39.9314989]]}, "properties": {"highway": "trunk", "lanes": "2", "maxspeed": "60", "oneway": "yes", "ref": "IC 2;EN 1", "surface": "asphalt", "turn:lanes": "left|through;right"}}, {"type": "Feature", "geometry": {"type": "LineString", "coordinates": [[-8.6282181, 39.9338522], [-8.6283825, 39.9329473], [-8.6284101, 39.9328312]]}, "properties": {"highway": "trunk", "lanes": "2", "maxheight": "default", "maxspeed": "60", "oneway": "yes", "ref": "IC 2;EN 1", "surface": "asphalt", "turn:lanes": "none|merge_to_left"}}, {"type": "Feature", "geometry": {"type": "LineString", "coordinates": [[-8.6284101, 39.9328312], [-8.6284828, 39.932509]]}, "properties": {"highway": "trunk", "lanes": "1", "maxspeed": "60", "oneway": "yes", "ref": "IC 2;EN 1", "surface": "asphalt"}}, {"type": "Feature", "geometry": {"type": "LineString", "coordinates": [[-8.628176, 39.9352088], [-8.6281546, 39.9349939], [-8.628151, 39.9347324], [-8.6281482, 39.9346147], [-8.628159, 39.9343555], [-8.6281805, 39.9340949], [-8.6282181, 39.9338522]]}, "properties": {"highway": "trunk", "lanes": "1", "maxheight": "default", "maxspeed": "60", "oneway": "yes", "ref": "IC 2;EN 1", "surface": "asphalt"}}, {"type": "Feature", "geometry": {"type": "LineString", "coordinates": [[-8.6282965, 39.9362468], [-8.6282158, 39.9356093], [-8.628176, 39.9352088]]}, "properties": {"highway": "trunk", "lanes": "2", "maxheight": "default", "maxspeed": "60", "oneway": "yes", "ref": "IC 2;EN 1", "surface": "asphalt", "turn:lanes": "|slight_right"}}, {"type": "Feature", "geometry": {"type": "LineString", "coordinates": [[-8.6282154, 39.9363866], [-8.6282799, 39.9367981]]}, "properties": {"highway": "trunk", "lanes": "2", "maxspeed": "60", "oneway": "yes", "ref": "IC 2;EN 1", "surface": "asphalt", "turn:lanes": "left|through;right"}}, {"type": "Feature", "geometry": {"type": "LineString", "coordinates": [[-8.7040106, 39.8483198], [-8.7039847, 39.8483814], [-8.703926, 39.8485212], [-8.7038441, 39.848731], [-8.7037766, 39.8489865], [-8.7037328, 39.8491798], [-8.7037051, 39.8493022], [-8.7036394, 39.8496114]]}, "properties": {"highway": "trunk", "lanes": "2", "lit": "yes", "maxspeed": "50", "old_ref": "EN 1", "ref": "IC 2;EN 1", "sidewalk:both": "no", "smoothness": "good", "surface": "asphalt"}}, {"type": "Feature", "geometry": {"type": "LineString", "coordinates": [[-8.6997277, 39.8598351], [-8.6988822, 39.8612353]]}, "properties": {"highway": "trunk", "lanes": "3", "lanes:backward": "1", "lanes:forward": "2", "lit": "yes", "maxspeed": "80", "minspeed:lanes:forward": "60|", "ref": "IC 2;EN 1", "sidewalk:both": "no", "smoothness": "good", "surface": "asphalt"}}, {"type": "Feature", "geometry": {"type": "LineString", "coordinates": [[-8.4454267, 40.277294], [-8.4453319, 40.2771244], [-8.4447966, 40.2763024]]}, "properties": {"highway": "trunk", "lanes": "2", "maxspeed": "100", "old_ref": "EN 1", "oneway": "yes", "ref": "IC 2", "surface": "asphalt"}}, {"type": "Feature", "geometry": {"type": "LineString", "coordinates": [[-8.4457101, 40.2780062], [-8.445956, 40.2785684], [-8.4460749, 40.2788043], [-8.446142, 40.2790231], [-8.4461665, 40.2792164]]}, "properties": {"highway": "trunk", "lanes": "2", "lit": "no", "maxspeed": "90", "oneway": "yes", "ref": "IC 2", "surface": "asphalt"}}, {"type": "Feature", "geometry": {"type": "LineString", "coordinates": [[-8.6753181, 39.88248], [-8.6717078, 39.8853955], [-8.6716308, 39.8854577], [-8.6715276, 39.8855374], [-8.670856, 39.8860562], [-8.6705494, 39.8862788], [-8.6701436, 39.8865429]]}, "properties": {"highway": "trunk", "lanes": "2", "lit": "yes", "maxspeed": "60", "ref": "IC 2;EN 1", "smoothness": "intermediate", "surface": "asphalt"}}, {"type": "Feature", "geometry": {"type": "LineString", "coordinates": [[-8.784887, 39.7634939], [-8.7853942, 39.7634342], [-8.7918507, 39.7628138], [-8.7936363, 39.7626347], [-8.7946326, 39.7625414], [-8.7951952, 39.7624862], [-8.7956907, 39.7624321], [-8.7960483, 39.7623831], [-8.7963165, 39.7623419], [-8.796802, 39.7622446], [-8.7988174, 39.7618203], [-8.8008412, 39.7613976], [-8.8020181, 39.7611527], [-8.8032232, 39.7609002], [-8.8040963, 39.7607129], [-8.8049675, 39.760527], [-8.805428, 39.7604264], [-8.805717, 39.760356], [-8.8059475, 39.760287], [-8.8062004, 39.7602008], [-8.8065274, 39.7600731], [-8.8068034, 39.7599451], [-8.8070853, 39.759794], [-8.8082631, 39.7591984]]}, "properties": {"bicycle": "no", "foot": "no", "highway": "trunk", "horse": "no", "lanes": "1", "lit": "no", "maxheight": "default", "maxspeed": "80", "oneway": "yes", "ref": "IC 2", "sidewalk": "no", "smoothness": "excellent", "surface": "asphalt"}}, {"type": "Feature", "geometry": {"type": "LineString", "coordinates": [[-8.7826222, 39.7639268], [-8.7826522, 39.7639758], [-8.7826979, 39.7640169], [-8.7827562, 39.7640473], [-8.7828229, 39.7640646]]}, "properties": {"cycleway:both": "no", "highway": "trunk", "junction": "roundabout", "lanes": "2", "lit": "yes", "maxspeed": "40", "ref": "IC 2", "sidewalk": "no", "smoothness": "excellent", "surface": "asphalt"}}, {"type": "Feature", "geometry": {"type": "LineString", "coordinates": [[-8.7658678, 39.7731677], [-8.7661061, 39.7729361], [-8.7664697, 39.7725956]]}, "properties": {"highway": "trunk", "lanes": "2", "lit": "yes", "maxspeed": "60", "oneway": "yes", "ref": "IC 2;EN 1", "surface": "asphalt"}}, {"type": "Feature", "geometry": {"type": "LineString", "coordinates": [[-8.7664697, 39.7725956], [-8.7670948, 39.7719736], [-8.7672951, 39.7717732], [-8.7674506, 39.7716647], [-8.7675387, 39.7716204]]}, "properties": {"highway": "trunk", "lanes": "2", "lit": "yes", "maxspeed": "50", "oneway": "yes", "ref": "IC 2;EN 1", "surface": "asphalt", "traffic_calming": "rumble_strip"}}, {"type": "Feature", "geometry": {"type": "LineString", "coordinates": [[-8.7650857, 39.7738702], [-8.7652986, 39.7736632]]}, "properties": {"highway": "trunk", "lanes": "2", "lit": "yes", "maxspeed": "80", "ref": "IC 2;EN 1", "surface": "asphalt"}}, {"type": "Feature", "geometry": {"type": "LineString", "coordinates": [[-8.7641663, 39.7748024], [-8.7644253, 39.7745439], [-8.7650857, 39.7738702]]}, "properties": {"highway": "trunk", "lanes": "3", "lanes:backward": "2", "lanes:forward": "1", "lit": "yes", "maxspeed": "80", "ref": "IC 2;EN 1", "surface": "asphalt", "turn:lanes:backward": "left|through"}}, {"type": "Feature", "geometry": {"type": "LineString", "coordinates": [[-8.7637051, 39.7751978], [-8.7637459, 39.775165], [-8.7640019, 39.7749521], [-8.7641663, 39.7748024]]}, "properties": {"highway": "trunk", "lanes": "3", "lanes:backward": "1", "lanes:forward": "2", "lit": "yes", "maxspeed": "80", "ref": "IC 2;EN 1", "surface": "asphalt", "turn:lanes:forward": "left|through"}}, {"type": "Feature", "geometry": {"type": "LineString", "coordinates": [[-8.7616155, 39.7768548], [-8.7611897, 39.7771966], [-8.7605615, 39.7776892], [-8.759983, 39.7781473], [-8.7596636, 39.7783937]]}, "properties": {"highway": "trunk", "lanes": "3", "lanes:backward": "2", "lanes:forward": "1", "lit": "yes", "maxspeed": "80", "ref": "IC 2;EN 1", "surface": "asphalt"}}, {"type": "Feature", "geometry": {"type": "LineString", "coordinates": [[-8.6281575, 39.9360177], [-8.6282154, 39.9363866]]}, "properties": {"highway": "trunk", "lanes": "1", "maxspeed": "60", "oneway": "yes", "ref": "IC 2;EN 1", "surface": "asphalt", "turn:lanes": "left;through;right"}}, {"type": "Feature", "geometry": {"type": "LineString", "coordinates": [[-8.6282799, 39.9367981], [-8.6283079, 39.9369597]]}, "properties": {"highway": "trunk", "lanes": "2", "maxspeed": "60", "oneway": "yes", "ref": "IC 2;EN 1", "surface": "asphalt", "turn:lanes": "left|through"}}, {"type": "Feature", "geometry": {"type": "LineString", "coordinates": [[-8.6283079, 39.9369597], [-8.628341, 39.9371414], [-8.6284196, 39.9375048], [-8.6284903, 39.9377273]]}, "properties": {"highway": "trunk", "lanes": "1", "maxspeed": "60", "oneway": "yes", "ref": "IC 2;EN 1", "surface": "asphalt"}}, {"type": "Feature", "geometry": {"type": "LineString", "coordinates": [[-8.6284733, 39.9373988], [-8.6284076, 39.9369404], [-8.6282965, 39.9362468]]}, "properties": {"highway": "trunk", "lanes": "2", "maxspeed": "60", "oneway": "yes", "ref": "IC 2;EN 1", "surface": "asphalt", "turn:lanes": "left|through;right"}}, {"type": "Feature", "geometry": {"type": "LineString", "coordinates": [[-8.6284903, 39.9377273], [-8.6284881, 39.9375079], [-8.6284733, 39.9373988]]}, "properties": {"highway": "trunk", "lanes": "1", "maxspeed": "60", "oneway": "yes", "ref": "IC 2;EN 1", "surface": "asphalt", "turn:lanes": "left;through;right"}}, {"type": "Feature", "geometry": {"type": "LineString", "coordinates": [[-8.62891, 39.9416728], [-8.628877, 39.9418419], [-8.6288656, 39.9422351]]}, "properties": {"highway": "trunk", "lanes": "1", "maxspeed": "50", "oneway": "yes", "ref": "IC 2;EN 1", "surface": "asphalt"}}, {"type": "Feature", "geometry": {"type": "LineString", "coordinates": [[-8.6286333, 39.9386051], [-8.6285369, 39.9379827]]}, "properties": {"highway": "trunk", "lanes": "2", "maxspeed": "60", "ref": "IC 2;EN 1", "surface": "asphalt"}}, {"type": "Feature", "geometry": {"type": "LineString", "coordinates": [[-8.6286543, 39.9387449], [-8.6286333, 39.9386051]]}, "properties": {"highway": "trunk", "lanes": "3", "lanes:backward": "2", "lanes:forward": "1", "maxspeed": "60", "ref": "IC 2;EN 1", "surface": "asphalt", "turn:lanes:backward": "|merge_to_left"}}, {"type": "Feature", "geometry": {"type": "LineString", "coordinates": [[-8.6285369, 39.9379827], [-8.6284903, 39.9377273]]}, "properties": {"highway": "trunk", "lanes": "4", "lanes:backward": "2", "lanes:forward": "2", "maxspeed": "60", "ref": "IC 2;EN 1", "surface": "asphalt", "turn:lanes:backward": "|slight_right", "turn:lanes:forward": "|merge_to_left"}}, {"type": "Feature", "geometry": {"type": "LineString", "coordinates": [[-8.6287228, 39.939171], [-8.6286543, 39.9387449]]}, "properties": {"highway": "trunk", "lanes": "4", "lanes:backward": "2", "lanes:forward": "2", "lit": "no", "maxspeed": "60", "ref": "IC 2;EN 1", "surface": "asphalt", "turn:lanes:backward": "|merge_to_left", "turn:lanes:forward": "|slight_right"}}, {"type": "Feature", "geometry": {"type": "LineString", "coordinates": [[-8.62891, 39.9416728], [-8.6289104, 39.941319], [-8.6289045, 39.9408807], [-8.628875, 39.9403833], [-8.6288523, 39.9401225], [-8.6287228, 39.939171]]}, "properties": {"highway": "trunk", "lanes": "2", "lit": "no", "maxspeed": "60", "ref": "IC 2;EN 1", "sidewalk:both": "no", "surface": "asphalt"}}, {"type": "Feature", "geometry": {"type": "LineString", "coordinates": [[-8.628844, 39.9427903], [-8.6288406, 39.9428705]]}, "properties": {"highway": "trunk", "lanes": "1", "maxspeed": "50", "oneway": "yes", "ref": "IC 2;EN 1", "surface": "asphalt"}}, {"type": "Feature", "geometry": {"type": "LineString", "coordinates": [[-8.6288656, 39.9422351], [-8.628844, 39.9427903]]}, "properties": {"highway": "trunk", "lanes": "1", "maxspeed": "50", "oneway": "yes", "ref": "IC 2;EN 1", "surface": "asphalt", "turn:lanes": "through;right"}}, {"type": "Feature", "geometry": {"type": "LineString", "coordinates": [[-8.6289234, 39.9427911], [-8.6289455, 39.9422529], [-8.6289407, 39.9418437], [-8.62891, 39.9416728]]}, "properties": {"highway": "trunk", "lanes": "1", "maxspeed": "50", "oneway": "yes", "ref": "IC 2;EN 1", "surface": "asphalt"}}, {"type": "Feature", "geometry": {"type": "LineString", "coordinates": [[-8.6288987, 39.943456], [-8.62892, 39.942873]]}, "properties": {"highway": "trunk", "lanes": "2", "maxspeed": "50", "oneway": "yes", "ref": "IC 2;EN 1", "surface": "asphalt", "turn:lanes": "left|through"}}, {"type": "Feature", "geometry": {"type": "LineString", "coordinates": [[-8.6288795, 39.9442571], [-8.6288917, 39.9437573]]}, "properties": {"highway": "trunk", "lanes": "2", "maxspeed": "50", "oneway": "yes", "ref": "IC 2;EN 1", "surface": "asphalt", "turn:lanes": "left|through"}}, {"type": "Feature", "geometry": {"type": "LineString", "coordinates": [[-8.6288917, 39.9437573], [-8.6288987, 39.943456]]}, "properties": {"highway": "trunk", "lanes": "1", "maxspeed": "50", "oneway": "yes", "ref": "IC 2;EN 1", "surface": "asphalt"}}, {"type": "Feature", "geometry": {"type": "LineString", "coordinates": [[-8.6287768, 39.9450143], [-8.6287699, 39.9453385]]}, "properties": {"highway": "trunk", "lanes": "2", "maxspeed": "50", "oneway": "yes", "ref": "IC 2;EN 1", "surface": "asphalt", "turn:lanes": "left|through"}}, {"type": "Feature", "geometry": {"type": "LineString", "coordinates": [[-8.6287893, 39.9445055], [-8.6287768, 39.9450143]]}, "properties": {"highway": "trunk", "lanes": "2", "maxspeed": "50", "oneway": "yes", "ref": "IC 2;EN 1", "surface": "asphalt", "turn:lanes": "left|through;right"}}, {"type": "Feature", "geometry": {"type": "LineString", "coordinates": [[-8.6288629, 39.9450162], [-8.6288795, 39.9442571]]}, "properties": {"highway": "trunk", "lanes": "1", "maxspeed": "50", "oneway": "yes", "ref": "IC 2;EN 1", "surface": "asphalt"}}, {"type": "Feature", "geometry": {"type": "LineString", "coordinates": [[-8.6288287, 39.9460105], [-8.6288554, 39.9453412]]}, "properties": {"highway": "trunk", "lanes": "2", "maxspeed": "50", "oneway": "yes", "ref": "IC 2;EN 1", "surface": "asphalt", "turn:lanes": "left|through;right"}}, {"type": "Feature", "geometry": {"type": "LineString", "coordinates": [[-8.6288554, 39.9453412], [-8.6288629, 39.9450162]]}, "properties": {"highway": "trunk", "lanes": "2", "maxspeed": "50", "oneway": "yes", "ref": "IC 2;EN 1", "surface": "asphalt", "turn:lanes": "left|through"}}, {"type": "Feature", "geometry": {"type": "LineString", "coordinates": [[-8.6287699, 39.9453385], [-8.6287626, 39.9456157], [-8.6287438, 39.9460662]]}, "properties": {"highway": "trunk", "lanes": "1", "maxspeed": "50", "oneway": "yes", "ref": "IC 2;EN 1", "surface": "asphalt"}}, {"type": "Feature", "geometry": {"type": "LineString", "coordinates": [[-8.6287274, 39.9466057], [-8.6287237, 39.9467871]]}, "properties": {"highway": "trunk", "lanes": "1", "maxspeed": "50", "oneway": "yes", "ref": "IC 2;EN 1", "surface": "asphalt"}}, {"type": "Feature", "geometry": {"type": "LineString", "coordinates": [[-8.6288184, 39.946339], [-8.6288287, 39.9460105]]}, "properties": {"highway": "trunk", "lanes": "1", "maxspeed": "50", "oneway": "yes", "ref": "IC 2;EN 1", "surface": "asphalt", "turn:lanes": "left;through;right"}}, {"type": "Feature", "geometry": {"type": "LineString", "coordinates": [[-8.6288082, 39.9466064], [-8.6288184, 39.946339]]}, "properties": {"highway": "trunk", "lanes": "2", "maxspeed": "50", "oneway": "yes", "ref": "IC 2;EN 1", "surface": "asphalt", "turn:lanes": "left|through"}}, {"type": "Feature", "geometry": {"type": "LineString", "coordinates": [[-8.6287438, 39.9460662], [-8.6287356, 39.9463361]]}, "properties": {"highway": "trunk", "lanes": "1", "maxspeed": "50", "oneway": "yes", "ref": "IC 2;EN 1", "surface": "asphalt", "turn:lanes": "through;right"}}, {"type": "Feature", "geometry": {"type": "LineString", "coordinates": [[-8.6287971, 39.9469365], [-8.6288082, 39.9466064]]}, "properties": {"highway": "trunk", "lanes": "2", "maxspeed": "50", "oneway": "yes", "ref": "IC 2;EN 1", "surface": "asphalt", "turn:lanes": "left|through"}}, {"type": "Feature", "geometry": {"type": "LineString", "coordinates": [[-8.6287237, 39.9467871], [-8.6287052, 39.9473522]]}, "properties": {"highway": "trunk", "lanes": "1", "maxspeed": "50", "oneway": "yes", "ref": "IC 2;EN 1", "surface": "asphalt", "turn:lanes": "through;right"}}, {"type": "Feature", "geometry": {"type": "LineString", "coordinates": [[-8.6287841, 39.9473535], [-8.6287971, 39.9469365]]}, "properties": {"highway": "trunk", "lanes": "1", "maxspeed": "50", "oneway": "yes", "ref": "IC 2;EN 1", "surface": "asphalt", "turn:lanes": "left;through"}}, {"type": "Feature", "geometry": {"type": "LineString", "coordinates": [[-8.6287652, 39.9480717], [-8.6287823, 39.9474182]]}, "properties": {"highway": "trunk", "lanes": "2", "lit": "yes", "maxspeed": "50", "oneway": "yes", "ref": "IC 2;EN 1", "surface": "asphalt", "turn:lanes": "left|through"}}, {"type": "Feature", "geometry": {"type": "LineString", "coordinates": [[-8.6287567, 39.9483355], [-8.6287652, 39.9480717]]}, "properties": {"highway": "trunk", "lanes": "1", "lit": "yes", "maxspeed": "50", "oneway": "yes", "ref": "IC 2;EN 1", "surface": "asphalt", "turn:lanes": "left;through"}}, {"type": "Feature", "geometry": {"type": "LineString", "coordinates": [[-8.6286729, 39.9485474], [-8.628671, 39.9487187]]}, "properties": {"highway": "trunk", "lanes": "2", "lit": "yes", "maxspeed": "50", "oneway": "yes", "ref": "IC 2;EN 1", "surface": "asphalt", "turn:lanes": "left|through;right"}}, {"type": "Feature", "geometry": {"type": "LineString", "coordinates": [[-8.6286749, 39.9483649], [-8.6286729, 39.9485474]]}, "properties": {"highway": "trunk", "lanes": "1", "lit": "yes", "maxspeed": "50", "oneway": "yes", "ref": "IC 2;EN 1", "surface": "asphalt", "turn:lanes": "left;through;right"}}, {"type": "Feature", "geometry": {"type": "LineString", "coordinates": [[-8.6286636, 39.9488945], [-8.6286414, 39.9496427]]}, "properties": {"highway": "trunk", "lanes": "1", "lit": "yes", "maxspeed": "50", "oneway": "yes", "ref": "IC 2;EN 1", "surface": "asphalt"}}, {"type": "Feature", "geometry": {"type": "LineString", "coordinates": [[-8.6287303, 39.9491999], [-8.6287404, 39.9488928]]}, "properties": {"highway": "trunk", "lanes": "2", "lit": "yes", "maxspeed": "50", "oneway": "yes", "ref": "IC 2;EN 1", "surface": "asphalt", "turn:lanes": "left|through"}}, {"type": "Feature", "geometry": {"type": "LineString", "coordinates": [[-8.6287404, 39.9488928], [-8.6287455, 39.9487186], [-8.6287567, 39.9483355]]}, "properties": {"highway": "trunk", "lanes": "1", "lit": "yes", "maxspeed": "50", "oneway": "yes", "ref": "IC 2;EN 1", "surface": "asphalt"}}, {"type": "Feature", "geometry": {"type": "LineString", "coordinates": [[-8.628671, 39.9487187], [-8.6286636, 39.9488945]]}, "properties": {"highway": "trunk", "lanes": "1", "lit": "yes", "maxspeed": "50", "oneway": "yes", "ref": "IC 2;EN 1", "surface": "asphalt", "turn:lanes": "through;right"}}, {"type": "Feature", "geometry": {"type": "LineString", "coordinates": [[-8.6286346, 39.9499434], [-8.6286292, 39.950124], [-8.6286268, 39.9502937]]}, "properties": {"highway": "trunk", "lanes": "1", "lit": "yes", "maxspeed": "50", "oneway": "yes", "ref": "IC 2;EN 1", "surface": "asphalt"}}, {"type": "Feature", "geometry": {"type": "LineString", "coordinates": [[-8.6286414, 39.9496427], [-8.6286346, 39.9499434]]}, "properties": {"highway": "trunk", "lanes": "2", "lit": "yes", "maxspeed": "50", "oneway": "yes", "ref": "IC 2;EN 1", "surface": "asphalt", "turn:lanes": "left|through"}}, {"type": "Feature", "geometry": {"type": "LineString", "coordinates": [[-8.6286268, 39.9502937], [-8.6286182, 39.9505675]]}, "properties": {"highway": "trunk", "lanes": "2", "lit": "yes", "maxspeed": "50", "oneway": "yes", "ref": "IC 2;EN 1", "surface": "asphalt", "turn:lanes": "left|through"}}, {"type": "Feature", "geometry": {"type": "LineString", "coordinates": [[-8.6286182, 39.9505675], [-8.6286152, 39.9508787]]}, "properties": {"highway": "trunk", "lanes": "1", "lit": "yes", "maxspeed": "50", "oneway": "yes", "ref": "IC 2;EN 1", "surface": "asphalt"}}, {"type": "Feature", "geometry": {"type": "LineString", "coordinates": [[-8.6286909, 39.9509149], [-8.6287015, 39.9505685]]}, "properties": {"highway": "trunk", "lanes": "2", "lit": "yes", "maxspeed": "50", "oneway": "yes", "ref": "IC 2;EN 1", "surface": "asphalt", "turn:lanes": "left|through"}}, {"type": "Feature", "geometry": {"type": "LineString", "coordinates": [[-8.6287015, 39.9505685], [-8.6287155, 39.9499445], [-8.6287303, 39.9491999]]}, "properties": {"highway": "trunk", "lanes": "1", "lit": "yes", "maxspeed": "50", "oneway": "yes", "ref": "IC 2;EN 1", "surface": "asphalt"}}, {"type": "Feature", "geometry": {"type": "LineString", "coordinates": [[-8.6286152, 39.9508787], [-8.6286003, 39.9514365]]}, "properties": {"highway": "trunk", "lanes": "2", "lit": "yes", "maxspeed": "50", "oneway": "yes", "ref": "IC 2;EN 1", "surface": "asphalt", "turn:lanes": "left|through"}}, {"type": "Feature", "geometry": {"type": "LineString", "coordinates": [[-8.6286003, 39.9514365], [-8.6285983, 39.9515616]]}, "properties": {"highway": "trunk", "lanes": "1", "maxspeed": "50", "oneway": "yes", "ref": "IC 2;EN 1", "surface": "asphalt"}}, {"type": "Feature", "geometry": {"type": "LineString", "coordinates": [[-8.6285983, 39.9515616], [-8.6285926, 39.951926]]}, "properties": {"highway": "trunk", "lanes": "2", "lit": "yes", "maxspeed": "50", "oneway": "yes", "ref": "IC 2;EN 1", "surface": "asphalt", "turn:lanes": "left|through"}}, {"type": "Feature", "geometry": {"type": "LineString", "coordinates": [[-8.6285926, 39.951926], [-8.628587, 39.9521456]]}, "properties": {"highway": "trunk", "lanes": "1", "lit": "yes", "maxspeed": "50", "oneway": "yes", "ref": "IC 2;EN 1", "surface": "asphalt"}}, {"type": "Feature", "geometry": {"type": "LineString", "coordinates": [[-8.628587, 39.9521456], [-8.6285831, 39.9523961]]}, "properties": {"highway": "trunk", "lanes": "2", "lit": "yes", "maxspeed": "50", "oneway": "yes", "ref": "IC 2;EN 1", "surface": "asphalt", "turn:lanes": "left|through"}}, {"type": "Feature", "geometry": {"type": "LineString", "coordinates": [[-8.6285831, 39.9523961], [-8.6285745, 39.952838]]}, "properties": {"highway": "trunk", "lanes": "1", "lit": "yes", "maxspeed": "50", "oneway": "yes", "ref": "IC 2;EN 1", "surface": "asphalt"}}, {"type": "Feature", "geometry": {"type": "LineString", "coordinates": [[-8.6285745, 39.952838], [-8.6285647, 39.9533734]]}, "properties": {"highway": "trunk", "lanes": "1", "lit": "yes", "maxspeed": "50", "oneway": "yes", "ref": "IC 2;EN 1", "surface": "asphalt"}}, {"type": "Feature", "geometry": {"type": "LineString", "coordinates": [[-8.6286578, 39.9533781], [-8.6286584, 39.9528402]]}, "properties": {"highway": "trunk", "lanes": "2", "lit": "yes", "maxspeed": "50", "oneway": "yes", "ref": "IC 2;EN 1", "surface": "asphalt", "turn:lanes": "left|through"}}, {"type": "Feature", "geometry": {"type": "LineString", "coordinates": [[-8.6286584, 39.9528402], [-8.6286667, 39.9523953], [-8.6286794, 39.9519271], [-8.628685, 39.9514367], [-8.6286909, 39.9509149]]}, "properties": {"highway": "trunk", "lanes": "1", "lit": "yes", "maxspeed": "50", "oneway": "yes", "ref": "IC 2;EN 1", "surface": "asphalt"}}, {"type": "Feature", "geometry": {"type": "LineString", "coordinates": [[-8.6285647, 39.9533734], [-8.6285603, 39.9538917]]}, "properties": {"highway": "trunk", "lanes": "2", "lit": "yes", "maxspeed": "50", "oneway": "yes", "ref": "IC 2;EN 1", "surface": "asphalt", "turn:lanes": "left|through;right"}}, {"type": "Feature", "geometry": {"type": "LineString", "coordinates": [[-8.6286368, 39.9543413], [-8.6286463, 39.953981]]}, "properties": {"highway": "trunk", "lanes": "2", "lit": "yes", "maxspeed": "50", "oneway": "yes", "ref": "IC 2;EN 1", "surface": "asphalt", "turn:lanes": "left|through;right"}}, {"type": "Feature", "geometry": {"type": "LineString", "coordinates": [[-8.6286483, 39.9538956], [-8.6286578, 39.9533781]]}, "properties": {"highway": "trunk", "lanes": "1", "lit": "yes", "maxspeed": "50", "oneway": "yes", "ref": "IC 2;EN 1", "surface": "asphalt"}}, {"type": "Feature", "geometry": {"type": "LineString", "coordinates": [[-8.6285514, 39.9543001], [-8.6285457, 39.95452]]}, "properties": {"highway": "trunk", "lanes": "2", "lit": "yes", "maxspeed": "50", "oneway": "yes", "ref": "IC 2;EN 1", "surface": "asphalt", "turn:lanes": "left|through"}}, {"type": "Feature", "geometry": {"type": "LineString", "coordinates": [[-8.6285457, 39.95452], [-8.6285441, 39.9546846], [-8.6285412, 39.9549152], [-8.6285463, 39.9551115], [-8.6285709, 39.9552167]]}, "properties": {"highway": "trunk", "lanes": "1", "lit": "yes", "maxspeed": "50", "oneway": "yes", "ref": "IC 2;EN 1", "surface": "asphalt"}}, {"type": "Feature", "geometry": {"type": "LineString", "coordinates": [[-8.6285584, 39.9634494], [-8.6285572, 39.9636589]]}, "properties": {"highway": "trunk", "lanes": "1", "lit": "yes", "maxspeed": "50", "oneway": "yes", "ref": "IC 2;EN 1", "surface": "asphalt"}}, {"type": "Feature", "geometry": {"type": "LineString", "coordinates": [[-8.6286163, 39.9634495], [-8.6286108, 39.9634096], [-8.6285835, 39.9633243]]}, "properties": {"highway": "trunk", "lanes": "1", "lit": "yes", "maxspeed": "80", "oneway": "yes", "ref": "IC 2;EN 1", "surface": "asphalt"}}, {"type": "Feature", "geometry": {"type": "LineString", "coordinates": [[-8.6285572, 39.9636589], [-8.6285538, 39.9642134]]}, "properties": {"highway": "trunk", "lanes": "1", "lit": "yes", "maxspeed": "50", "oneway": "yes", "ref": "IC 2;EN 1", "surface": "asphalt", "turn:lanes": "through;right"}}, {"type": "Feature", "geometry": {"type": "LineString", "coordinates": [[-8.6285538, 39.9642134], [-8.6285587, 39.9644291]]}, "properties": {"highway": "trunk", "lanes": "1", "lit": "yes", "maxspeed": "50", "oneway": "yes", "ref": "IC 2;EN 1", "surface": "asphalt"}}, {"type": "Feature", "geometry": {"type": "LineString", "coordinates": [[-8.6285692, 39.9648005], [-8.6285726, 39.9649596]]}, "properties": {"highway": "trunk", "lanes": "2", "lit": "yes", "maxspeed": "50", "oneway": "yes", "ref": "IC 2;EN 1", "surface": "asphalt", "turn:lanes": "left|through"}}, {"type": "Feature", "geometry": {"type": "LineString", "coordinates": [[-8.6286639, 39.9649622], [-8.6286498, 39.9644282]]}, "properties": {"highway": "trunk", "lanes": "2", "lit": "yes", "maxspeed": "80", "oneway": "yes", "ref": "IC 2;EN 1", "surface": "asphalt", "turn:lanes": "left|through"}}, {"type": "Feature", "geometry": {"type": "LineString", "coordinates": [[-8.6285726, 39.9649596], [-8.6286009, 39.9656415], [-8.6286409, 39.9657871]]}, "properties": {"highway": "trunk", "lanes": "1", "lit": "yes", "maxspeed": "50", "oneway": "yes", "ref": "IC 2;EN 1", "surface": "asphalt"}}, {"type": "Feature", "geometry": {"type": "LineString", "coordinates": [[-8.6286646, 39.9651059], [-8.6286639, 39.9649622]]}, "properties": {"highway": "trunk", "lanes": "1", "lit": "yes", "maxspeed": "80", "oneway": "yes", "ref": "IC 2;EN 1", "surface": "asphalt", "turn:lanes": "left;through"}}, {"type": "Feature", "geometry": {"type": "LineString", "coordinates": [[-8.6286409, 39.9657871], [-8.6286655, 39.9656453], [-8.6286653, 39.9652497], [-8.6286646, 39.9651059]]}, "properties": {"highway": "trunk", "lanes": "1", "lit": "yes", "maxspeed": "80", "oneway": "yes", "ref": "IC 2;EN 1", "surface": "asphalt"}}, {"type": "Feature", "geometry": {"type": "LineString", "coordinates": [[-8.6286908, 39.9687838], [-8.6287281, 39.9701572]]}, "properties": {"highway": "trunk", "lanes": "2", "lit": "no", "maxspeed": "60", "ref": "IC 2;EN 1", "surface": "asphalt"}}, {"type": "Feature", "geometry": {"type": "LineString", "coordinates": [[-8.6287281, 39.9701572], [-8.6287372, 39.9706729], [-8.6287414, 39.9709876]]}, "properties": {"highway": "trunk", "lanes": "3", "lanes:backward": "1", "lanes:forward": "2", "lit": "no", "maxspeed": "60", "ref": "IC 2;EN 1", "surface": "asphalt", "turn:lanes:forward": "left|through"}}, {"type": "Feature", "geometry": {"type": "LineString", "coordinates": [[-8.6222096, 39.9778246], [-8.6224648, 39.9776759]]}, "properties": {"highway": "trunk", "lanes": "3", "lanes:backward": "1", "lanes:forward": "2", "maxspeed": "50", "ref": "IC 2;EN 1", "surface": "asphalt", "turn:lanes:backward": "left;through", "turn:lanes:forward": "left|through;right"}}, {"type": "Feature", "geometry": {"type": "LineString", "coordinates": [[-8.6224648, 39.9776759], [-8.6230604, 39.9773275]]}, "properties": {"highway": "trunk", "lanes": "3", "lanes:backward": "2", "lanes:forward": "1", "lit": "yes", "maxspeed": "50", "ref": "IC 2;EN 1", "surface": "asphalt", "turn:lanes:backward": "left|through;right"}}, {"type": "Feature", "geometry": {"type": "LineString", "coordinates": [[-8.622067, 39.9779128], [-8.6222096, 39.9778246]]}, "properties": {"highway": "trunk", "lanes": "3", "lanes:backward": "2", "lanes:forward": "1", "maxspeed": "50", "ref": "IC 2;EN 1", "surface": "asphalt", "turn:lanes": "left|through", "turn:lanes:backward": "left|through", "turn:lanes:forward": "left;through;right"}}, {"type": "Feature", "geometry": {"type": "LineString", "coordinates": [[-8.6217758, 39.978084], [-8.622067, 39.9779128]]}, "properties": {"highway": "trunk", "lanes": "2", "maxspeed": "50", "ref": "IC 2;EN 1", "surface": "asphalt", "turn:lanes": "left;through;right"}}, {"type": "Feature", "geometry": {"type": "LineString", "coordinates": [[-8.621134, 39.9785264], [-8.6212949, 39.9784062], [-8.6216273, 39.9781789]]}, "properties": {"highway": "trunk", "lanes": "3", "lanes:backward": "2", "lanes:forward": "1", "maxspeed": "50", "ref": "IC 2;EN 1", "surface": "asphalt", "turn:lanes:backward": "left|through;right"}}, {"type": "Feature", "geometry": {"type": "LineString", "coordinates": [[-8.6199362, 39.9796032], [-8.6200651, 39.9794638], [-8.6202576, 39.9792681], [-8.6204049, 39.9791297], [-8.6205587, 39.9789889]]}, "properties": {"highway": "trunk", "lanes": "3", "lanes:backward": "2", "lanes:forward": "1", "lit": "yes", "maxspeed": "60", "ref": "IC 2;EN 1", "surface": "asphalt"}}, {"type": "Feature", "geometry": {"type": "LineString", "coordinates": [[-8.6188132, 39.9807906], [-8.6192004, 39.9803788], [-8.6199362, 39.9796032]]}, "properties": {"highway": "trunk", "lanes": "3", "lanes:backward": "2", "lanes:forward": "1", "lit": "yes", "maxspeed": "80", "minspeed:lanes:backward": "60|", "ref": "IC 2;EN 1", "surface": "asphalt"}}, {"type": "Feature", "geometry": {"type": "LineString", "coordinates": [[-8.6074802, 39.9929126], [-8.6075999, 39.9928004], [-8.6080306, 39.9923986], [-8.6083334, 39.9920901], [-8.6085806, 39.9918165], [-8.6088658, 39.991497], [-8.6092461, 39.9910952], [-8.6099382, 39.9903473], [-8.6106489, 39.9896031], [-8.6115949, 39.9885854]]}, "properties": {"highway": "trunk", "lanes": "3", "lanes:backward": "2", "lanes:forward": "1", "lit": "no", "maxspeed": "80", "minspeed:lanes:backward": "60|", "ref": "IC 2;EN 1", "surface": "asphalt"}}, {"type": "Feature", "geometry": {"type": "LineString", "coordinates": [[-8.6051388, 39.9944875], [-8.6062916, 39.9937956], [-8.6065573, 39.9936247], [-8.6068276, 39.9934431], [-8.6069551, 39.9933492], [-8.6074802, 39.9929126]]}, "properties": {"highway": "trunk", "lanes": "3", "lanes:backward": "2", "lanes:forward": "1", "lit": "no", "maxspeed": "80", "minspeed:lanes:backward": "60|", "ref": "IC 2;EN 1", "surface": "asphalt"}}, {"type": "Feature", "geometry": {"type": "LineString", "coordinates": [[-8.603458, 39.9954993], [-8.6051388, 39.9944875]]}, "properties": {"highway": "trunk", "lanes": "3", "lanes:backward": "2", "lanes:forward": "1", "lit": "yes", "maxspeed": "80", "minspeed:lanes:backward": "60|", "ref": "IC 2;EN 1", "surface": "asphalt", "turn:lanes:backward": "|merge_to_left"}}, {"type": "Feature", "geometry": {"type": "LineString", "coordinates": [[-8.5951326, 40.0004875], [-8.5955966, 40.0002096], [-8.5959946, 39.9999684]]}, "properties": {"highway": "trunk", "lanes": "3", "lanes:backward": "1", "lanes:forward": "2", "lit": "no", "maxspeed": "80", "minspeed:lanes:forward": "60|", "ref": "IC 2;EN 1", "surface": "asphalt"}}, {"type": "Feature", "geometry": {"type": "LineString", "coordinates": [[-8.5959946, 39.9999684], [-8.5966375, 39.9995789], [-8.5969994, 39.9993656], [-8.5976912, 39.998947]]}, "properties": {"highway": "trunk", "lanes": "3", "lanes:backward": "1", "lanes:forward": "2", "lit": "no", "maxspeed": "80", "minspeed:lanes:forward": "60|", "ref": "IC 2;EN 1", "surface": "asphalt", "turn:lanes": "|merge_to_left"}}, {"type": "Feature", "geometry": {"type": "LineString", "coordinates": [[-8.5890679, 40.0083], [-8.5892469, 40.0080257], [-8.5894477, 40.0077043]]}, "properties": {"highway": "trunk", "lanes": "3", "lanes:backward": "1", "lanes:forward": "2", "lit": "no", "maxspeed": "60", "ref": "IC 2;EN 1", "surface": "asphalt", "turn:lanes:forward": "left|through"}}, {"type": "Feature", "geometry": {"type": "LineString", "coordinates": [[-8.5888233, 40.0086373], [-8.5889088, 40.0085207], [-8.5890679, 40.0083]]}, "properties": {"highway": "trunk", "lanes": "2", "lit": "no", "maxspeed": "60", "ref": "IC 2;EN 1", "sidewalk:both": "no", "surface": "asphalt"}}, {"type": "Feature", "geometry": {"type": "LineString", "coordinates": [[-8.5834932, 40.0138144], [-8.5835755, 40.0137252], [-8.5837382, 40.0135602], [-8.5839091, 40.0133905], [-8.5842756, 40.0130479], [-8.5862057, 40.011245]]}, "properties": {"highway": "trunk", "lanes": "2", "lit": "no", "maxspeed": "70", "ref": "IC 2;EN 1", "surface": "asphalt"}}, {"type": "Feature", "geometry": {"type": "LineString", "coordinates": [[-8.5783933, 40.0199099], [-8.578484, 40.0197781], [-8.5787265, 40.0194117], [-8.5789172, 40.0191237], [-8.5790348, 40.0189606], [-8.5791524, 40.0188031], [-8.5793694, 40.0185269], [-8.5802453, 40.0175043], [-8.5803848, 40.0173412], [-8.5816896, 40.015859], [-8.5819649, 40.0155528], [-8.5820711, 40.0154292], [-8.5834133, 40.0139027], [-8.5834932, 40.0138144]]}, "properties": {"highway": "trunk", "lanes": "3", "lanes:backward": "1", "lanes:forward": "2", "lit": "yes", "maxspeed": "50", "ref": "IC 2;EN 1", "surface": "asphalt", "turn:lanes:forward": "left|through"}}, {"type": "Feature", "geometry": {"type": "LineString", "coordinates": [[-8.5780455, 40.0204327], [-8.5783933, 40.0199099]]}, "properties": {"highway": "trunk", "lanes": "2", "maxspeed": "50", "ref": "IC 2;EN 1", "surface": "asphalt"}}, {"type": "Feature", "geometry": {"type": "LineString", "coordinates": [[-8.5779837, 40.0205221], [-8.5780455, 40.0204327]]}, "properties": {"highway": "trunk", "lanes": "2", "maxspeed": "50", "ref": "IC 2;EN 1", "surface": "asphalt"}}, {"type": "Feature", "geometry": {"type": "LineString", "coordinates": [[-8.5779481, 40.0205763], [-8.5779837, 40.0205221]]}, "properties": {"highway": "trunk", "lanes": "2", "maxspeed": "50", "ref": "IC 2;EN 1", "surface": "asphalt"}}, {"type": "Feature", "geometry": {"type": "LineString", "coordinates": [[-8.5778102, 40.0207834], [-8.5779481, 40.0205763]]}, "properties": {"highway": "trunk", "lanes": "3", "lanes:backward": "2", "lanes:forward": "1", "maxspeed": "50", "ref": "IC 2;EN 1", "surface": "asphalt", "turn:lanes:backward": "left|through"}}, {"type": "Feature", "geometry": {"type": "LineString", "coordinates": [[-8.5771783, 40.0217215], [-8.5774684, 40.0212866]]}, "properties": {"highway": "trunk", "lanes": "2", "ref": "IC 2;EN 1", "surface": "asphalt"}}, {"type": "Feature", "geometry": {"type": "LineString", "coordinates": [[-8.5768148, 40.0222665], [-8.5771783, 40.0217215]]}, "properties": {"highway": "trunk", "lanes": "3", "lanes:backward": "2", "lanes:forward": "1", "maxspeed": "90", "minspeed:lanes:backward": "60|", "ref": "IC 2;EN 1", "surface": "asphalt"}}, {"type": "Feature", "geometry": {"type": "LineString", "coordinates": [[-8.5733449, 40.0266038], [-8.573629, 40.0264011], [-8.5740433, 40.0260741], [-8.5744945, 40.0256461], [-8.574736, 40.0253451], [-8.5749774, 40.0250148], [-8.5751878, 40.0247155], [-8.5754469, 40.0243363]]}, "properties": {"highway": "trunk", "lanes": "3", "lanes:backward": "2", "lanes:forward": "1", "lit": "no", "maxspeed": "90", "minspeed:lanes:backward": "60|", "ref": "IC 2;EN 1", "surface": "asphalt"}}, {"type": "Feature", "geometry": {"type": "LineString", "coordinates": [[-8.5693371, 40.0294149], [-8.571277, 40.028074]]}, "properties": {"highway": "trunk", "lanes": "3", "lanes:backward": "1", "lanes:forward": "2", "lit": "yes", "maxspeed": "60", "ref": "IC 2;EN 1", "surface": "asphalt", "turn:lanes:forward": "|merge_to_left"}}, {"type": "Feature", "geometry": {"type": "LineString", "coordinates": [[-8.5643952, 40.032874], [-8.5645132, 40.0327885]]}, "properties": {"highway": "trunk", "lanes": "1", "oneway": "yes", "ref": "IC 2;EN 1", "surface": "asphalt"}}, {"type": "Feature", "geometry": {"type": "LineString", "coordinates": [[-8.5646807, 40.0326776], [-8.5652162, 40.0323115], [-8.5655268, 40.0320866], [-8.5656142, 40.0319899]]}, "properties": {"highway": "trunk", "lanes": "2", "lit": "yes", "oneway": "yes", "ref": "IC 2;EN 1", "surface": "asphalt"}}, {"type": "Feature", "geometry": {"type": "LineString", "coordinates": [[-8.5635086, 40.033393], [-8.5631433, 40.0336451]]}, "properties": {"highway": "trunk", "lanes": "2", "lit": "yes", "maxspeed": "50", "old_ref": "EN 1", "oneway": "yes", "ref": "IC 2;EN 1", "surface": "asphalt"}}, {"type": "Feature", "geometry": {"type": "LineString", "coordinates": [[-9.038728, 38.9883482], [-9.0390503, 38.9882485], [-9.0393933, 38.9881584], [-9.0400656, 38.9880305], [-9.0407589, 38.9879399], [-9.0413239, 38.9879076], [-9.0418994, 38.9879041], [-9.0425106, 38.9879372], [-9.0434752, 38.9879992], [-9.0439744, 38.9880237], [-9.0444215, 38.9880254], [-9.0447983, 38.9880123], [-9.0452071, 38.9879793], [-9.0455436, 38.9879389], [-9.0458563, 38.987891], [-9.0466411, 38.9877534]]}, "properties": {"highway": "motorway", "lanes": "3", "maxspeed": "120", "minspeed": "50", "name": "Autoestrada do Ribatejo", "oneway": "yes", "ref": "A 10;IC 2", "surface": "asphalt", "toll": "yes"}}, {"type": "Feature", "geometry": {"type": "LineString", "coordinates": [[-9.0386536, 38.9882122], [-9.0383224, 38.9883337], [-9.0378779, 38.9885133], [-9.037431, 38.9887082], [-9.0360224, 38.9893439]]}, "properties": {"bridge": "yes", "highway": "motorway", "lanes": "3", "layer": "1", "maxspeed": "120", "minspeed": "50", "name": "Autoestrada do Ribatejo", "oneway": "yes", "ref": "A 10;IC 2", "surface": "asphalt", "toll": "yes"}}, {"type": "Feature", "geometry": {"type": "LineString", "coordinates": [[-9.0311884, 38.9916132], [-9.0286254, 38.9928164], [-9.0283835, 38.9929216], [-9.028075, 38.99305], [-9.0276774, 38.9932089], [-9.0272583, 38.9933598], [-9.0268737, 38.9934788], [-9.0264813, 38.9935895], [-9.0260638, 38.9936885], [-9.0255541, 38.9937871], [-9.0248575, 38.9938934], [-9.0229229, 38.9940697], [-9.0224052, 38.9941291], [-9.0218981, 38.9942135], [-9.0214002, 38.994321], [-9.0206991, 38.994525], [-9.0201765, 38.9947417], [-9.0196625, 38.994989], [-9.0190529, 38.995321]]}, "properties": {"highway": "motorway", "lanes": "3", "maxheight:signed": "no", "maxspeed": "120", "minspeed": "50", "name": "Autoestrada do Ribatejo", "oneway": "yes", "ref": "A 10;IC 2", "surface": "asphalt", "toll": "yes"}}, {"type": "Feature", "geometry": {"type": "LineString", "coordinates": [[-9.036102, 38.9894689], [-9.0372862, 38.988932], [-9.0378155, 38.9886971], [-9.0382833, 38.9885113], [-9.038728, 38.9883482]]}, "properties": {"bridge": "yes", "highway": "motorway", "lanes": "3", "layer": "1", "maxspeed": "120", "minspeed": "50", "name": "Autoestrada do Ribatejo", "oneway": "yes", "ref": "A 10;IC 2", "surface": "asphalt", "toll": "yes"}}, {"type": "Feature", "geometry": {"type": "LineString", "coordinates": [[-9.0609306, 38.9699076], [-9.061215, 38.9691799], [-9.0619704, 38.9675402]]}, "properties": {"highway": "motorway", "lanes": "3", "maxspeed": "120", "minspeed": "50", "name": "Autoestrada do Ribatejo", "oneway": "yes", "ref": "A 10;IC 2", "surface": "asphalt", "toll": "yes"}}, {"type": "Feature", "geometry": {"type": "LineString", "coordinates": [[-9.0610278, 38.9691765], [-9.0607262, 38.9698913], [-9.0599615, 38.9716833], [-9.0597836, 38.9721729], [-9.0596286, 38.9726581], [-9.0595561, 38.9730051], [-9.059497, 38.9734107], [-9.0593761, 38.9744982]]}, "properties": {"highway": "motorway", "lanes": "3", "maxspeed": "120", "minspeed": "50", "name": "Autoestrada do Ribatejo", "oneway": "yes", "ref": "A 10;IC 2", "surface": "asphalt", "toll": "yes"}}, {"type": "Feature", "geometry": {"type": "LineString", "coordinates": [[-8.8182424, 39.7494039], [-8.8186104, 39.748473]]}, "properties": {"highway": "motorway", "lanes": "4", "lit": "yes", "maxspeed": "100", "minspeed": "50", "name": "Variante da Batalha", "oneway": "yes", "ref": "A 19;IC 2", "smoothness": "excellent", "surface": "asphalt", "toll": "no", "turn:lanes": "none|none|none|slight_right"}}, {"type": "Feature", "geometry": {"type": "LineString", "coordinates": [[-8.8864082, 39.5589165], [-8.8874982, 39.5573694]]}, "properties": {"highway": "trunk", "lanes": "3", "maxspeed:lanes": "90|90|70", "oneway": "yes", "ref": "IC 2;EN 1", "surface": "asphalt", "turn:lanes": "none|none|slight_right"}}, {"type": "Feature", "geometry": {"type": "LineString", "coordinates": [[-8.8890643, 39.5551166], [-8.8895379, 39.5544081], [-8.8903651, 39.5532199]]}, "properties": {"highway": "trunk", "lanes": "3", "oneway": "yes", "ref": "IC 2;EN 1", "surface": "asphalt", "turn:lanes": "none|none|merge_to_left"}}, {"type": "Feature", "geometry": {"type": "LineString", "coordinates": [[-8.8903651, 39.5532199], [-8.8912967, 39.5518817]]}, "properties": {"highway": "trunk", "lanes": "2", "oneway": "yes", "ref": "IC 2;EN 1", "surface": "asphalt"}}, {"type": "Feature", "geometry": {"type": "LineString", "coordinates": [[-8.8912967, 39.5518817], [-8.8916188, 39.5514191], [-8.8918122, 39.5510787]]}, "properties": {"highway": "trunk", "lanes": "2", "oneway": "yes", "ref": "IC 2;EN 1", "surface": "asphalt", "turn:lanes": "none|merge_to_left"}}, {"type": "Feature", "geometry": {"type": "LineString", "coordinates": [[-8.8897893, 39.553873], [-8.8892737, 39.5546133]]}, "properties": {"highway": "trunk", "lanes": "2", "oneway": "yes", "ref": "IC 2;EN 1", "surface": "asphalt", "turn:lanes": "through|through;slight_right"}}, {"type": "Feature", "geometry": {"type": "LineString", "coordinates": [[-8.8892737, 39.5546133], [-8.8882386, 39.5561025]]}, "properties": {"highway": "trunk", "lanes": "3", "oneway": "yes", "ref": "IC 2;EN 1", "surface": "asphalt", "turn:lanes": "none|none|slight_right"}}, {"type": "Feature", "geometry": {"type": "LineString", "coordinates": [[-8.8882386, 39.5561025], [-8.8879591, 39.5565166], [-8.8876167, 39.5570056], [-8.8873091, 39.5574421], [-8.8868678, 39.5580724]]}, "properties": {"highway": "trunk", "lanes": "2", "oneway": "yes", "ref": "IC 2;EN 1", "surface": "asphalt"}}, {"type": "Feature", "geometry": {"type": "LineString", "coordinates": [[-8.8856784, 39.5597796], [-8.8849479, 39.5608345]]}, "properties": {"highway": "trunk", "lanes": "3", "oneway": "yes", "ref": "IC 2;EN 1", "surface": "asphalt", "turn:lanes": "none|none|merge_to_left"}}, {"type": "Feature", "geometry": {"type": "LineString", "coordinates": [[-8.8861917, 39.559043], [-8.8856784, 39.5597796]]}, "properties": {"highway": "trunk", "lanes": "3", "oneway": "yes", "ref": "IC 2;EN 1", "surface": "asphalt", "turn:lanes": "none|none|right"}}, {"type": "Feature", "geometry": {"type": "LineString", "coordinates": [[-8.8849479, 39.5608345], [-8.88432, 39.5617355]]}, "properties": {"highway": "trunk", "lanes": "2", "oneway": "yes", "ref": "IC 2;EN 1", "surface": "asphalt"}}, {"type": "Feature", "geometry": {"type": "LineString", "coordinates": [[-8.8838243, 39.5624537], [-8.8835247, 39.5628657], [-8.8831579, 39.5633965]]}, "properties": {"highway": "trunk", "lanes": "1", "oneway": "yes", "ref": "IC 2;EN 1", "surface": "asphalt"}}, {"type": "Feature", "geometry": {"type": "LineString", "coordinates": [[-8.8858364, 39.5597303], [-8.8864082, 39.5589165]]}, "properties": {"highway": "trunk", "lanes": "2", "oneway": "yes", "ref": "IC 2;EN 1", "surface": "asphalt", "turn:lanes": "through|through;slight_right"}}, {"type": "Feature", "geometry": {"type": "LineString", "coordinates": [[-8.8831579, 39.5633965], [-8.8828045, 39.563901], [-8.8827509, 39.5639841]]}, "properties": {"highway": "trunk", "lanes": "1", "maxspeed": "60", "oneway": "yes", "ref": "IC 2;EN 1", "surface": "asphalt"}}, {"type": "Feature", "geometry": {"type": "LineString", "coordinates": [[-8.8832534, 39.5634387], [-8.8837117, 39.5627705]]}, "properties": {"highway": "trunk", "lanes": "1", "maxspeed": "60", "oneway": "yes", "ref": "IC 2;EN 1", "surface": "asphalt", "turn:lanes": "through;right"}}, {"type": "Feature", "geometry": {"type": "LineString", "coordinates": [[-8.883798, 39.5626458], [-8.8839011, 39.5625017], [-8.8846871, 39.5613825], [-8.8852784, 39.5605304], [-8.8854948, 39.5602259], [-8.8858364, 39.5597303]]}, "properties": {"highway": "trunk", "lanes": "2", "oneway": "yes", "ref": "IC 2;EN 1", "surface": "asphalt"}}, {"type": "Feature", "geometry": {"type": "LineString", "coordinates": [[-8.8830944, 39.5636618], [-8.8832534, 39.5634387]]}, "properties": {"highway": "trunk", "lanes": "1", "maxspeed": "60", "oneway": "yes", "ref": "IC 2;EN 1", "surface": "asphalt"}}, {"type": "Feature", "geometry": {"type": "LineString", "coordinates": [[-8.8828316, 39.5640336], [-8.8830259, 39.5637579], [-8.8830944, 39.5636618]]}, "properties": {"highway": "trunk", "lanes": "2", "maxspeed": "60", "oneway": "yes", "ref": "IC 2;EN 1", "surface": "asphalt", "turn:lanes": "merge_to_right|none"}}, {"type": "Feature", "geometry": {"type": "LineString", "coordinates": [[-8.8827509, 39.5639841], [-8.8825679, 39.5642509]]}, "properties": {"highway": "trunk", "lanes": "1", "maxspeed": "60", "oneway": "yes", "ref": "IC 2;EN 1", "surface": "asphalt"}}, {"type": "Feature", "geometry": {"type": "LineString", "coordinates": [[-8.8824393, 39.5644385], [-8.882156, 39.5648515]]}, "properties": {"highway": "trunk", "lanes": "2", "maxspeed": "60", "oneway": "yes", "ref": "IC 2;EN 1", "surface": "asphalt", "turn:lanes": "left|through"}}, {"type": "Feature", "geometry": {"type": "LineString", "coordinates": [[-8.882156, 39.5648515], [-8.8818457, 39.565297]]}, "properties": {"highway": "trunk", "lanes": "2", "maxspeed": "60", "oneway": "yes", "ref": "IC 2;EN 1", "surface": "asphalt", "turn:lanes": "merge_to_right|none"}}, {"type": "Feature", "geometry": {"type": "LineString", "coordinates": [[-8.8818457, 39.565297], [-8.8818054, 39.5653553], [-8.8815857, 39.5656728], [-8.8813732, 39.5659849], [-8.8810445, 39.5664669], [-8.8810017, 39.5665727]]}, "properties": {"highway": "trunk", "lanes": "1", "maxspeed": "60", "oneway": "yes", "ref": "IC 2;EN 1", "surface": "asphalt"}}, {"type": "Feature", "geometry": {"type": "LineString", "coordinates": [[-8.8777945, 39.5711619], [-8.877552, 39.5715166], [-8.8774065, 39.5717608], [-8.8747514, 39.5763134]]}, "properties": {"highway": "trunk", "lanes": "3", "lanes:backward": "2", "lanes:forward": "1", "maxspeed": "80", "minspeed:lanes:backward": "60|", "ref": "IC 2;EN 1", "surface": "asphalt"}}, {"type": "Feature", "geometry": {"type": "LineString", "coordinates": [[-8.8781213, 39.5706907], [-8.8780275, 39.57083]]}, "properties": {"highway": "trunk", "lanes": "3", "lanes:backward": "2", "lanes:forward": "1", "maxspeed": "80", "minspeed:lanes:backward": "60|", "ref": "IC 2;EN 1", "surface": "asphalt", "turn:lanes:backward": "through|merge_to_left"}}, {"type": "Feature", "geometry": {"type": "LineString", "coordinates": [[-8.8780275, 39.57083], [-8.8777945, 39.5711619]]}, "properties": {"highway": "trunk", "lanes": "3", "lanes:backward": "2", "lanes:forward": "1", "maxspeed": "80", "minspeed:lanes:backward": "60|", "ref": "IC 2;EN 1", "surface": "asphalt", "turn:lanes:backward": "through|merge_to_left"}}, {"type": "Feature", "geometry": {"type": "LineString", "coordinates": [[-8.878687, 39.5698858], [-8.8781213, 39.5706907]]}, "properties": {"highway": "trunk", "lanes": "3", "lanes:backward": "2", "lanes:forward": "1", "maxspeed": "60", "ref": "IC 2;EN 1", "surface": "asphalt", "turn:lanes:backward": "through|merge_to_left"}}, {"type": "Feature", "geometry": {"type": "LineString", "coordinates": [[-8.8747514, 39.5763134], [-8.8746256, 39.5765425]]}, "properties": {"highway": "trunk", "lanes": "3", "lanes:backward": "2", "lanes:forward": "1", "maxspeed": "60", "ref": "IC 2;EN 1", "surface": "asphalt", "turn:lanes:forward": "left;through;right"}}, {"type": "Feature", "geometry": {"type": "LineString", "coordinates": [[-8.8746256, 39.5765425], [-8.8743633, 39.5770041]]}, "properties": {"highway": "trunk", "lanes": "3", "lanes:backward": "1", "lanes:forward": "2", "maxspeed": "60", "ref": "IC 2;EN 1", "surface": "asphalt", "turn:lanes:forward": "left|through;right"}}, {"type": "Feature", "geometry": {"type": "LineString", "coordinates": [[-8.8742433, 39.5772154], [-8.8740081, 39.5776295]]}, "properties": {"highway": "trunk", "lanes": "3", "lanes:backward": "2", "lanes:forward": "1", "maxspeed": "60", "ref": "IC 2;EN 1", "surface": "asphalt", "turn:lanes:backward": "left|through;right"}}, {"type": "Feature", "geometry": {"type": "LineString", "coordinates": [[-8.8743633, 39.5770041], [-8.8742433, 39.5772154]]}, "properties": {"highway": "trunk", "lanes": "3", "lanes:backward": "1", "lanes:forward": "2", "maxspeed": "60", "ref": "IC 2;EN 1", "surface": "asphalt", "turn:lanes:forward": "left|through;right"}}, {"type": "Feature", "geometry": {"type": "LineString", "coordinates": [[-8.8740081, 39.5776295], [-8.8737301, 39.5780851]]}, "properties": {"highway": "trunk", "lanes": "2", "ref": "IC 2;EN 1", "surface": "asphalt", "turn:lanes:backward": "left;through;right"}}, {"type": "Feature", "geometry": {"type": "LineString", "coordinates": [[-8.8737301, 39.5780851], [-8.8735268, 39.5784203], [-8.8734021, 39.5786305], [-8.873285, 39.578839]]}, "properties": {"highway": "trunk", "lanes": "2", "maxspeed": "60", "ref": "IC 2;EN 1", "surface": "asphalt"}}, {"type": "Feature", "geometry": {"type": "LineString", "coordinates": [[-8.873285, 39.578839], [-8.8728026, 39.5796734]]}, "properties": {"highway": "trunk", "lanes": "3", "lanes:backward": "2", "lanes:forward": "1", "maxspeed:lanes:backward": "80", "maxspeed:lanes:forward": "60", "ref": "IC 2;EN 1", "surface": "asphalt", "turn:lanes:backward": "through|merge_to_left"}}, {"type": "Feature", "geometry": {"type": "LineString", "coordinates": [[-8.8728026, 39.5796734], [-8.8722872, 39.5805678]]}, "properties": {"highway": "trunk", "lanes": "3", "lanes:backward": "2", "lanes:forward": "1", "maxspeed:lanes:backward": "80", "maxspeed:lanes:forward": "60", "ref": "IC 2;EN 1", "surface": "asphalt", "turn:lanes:backward": "through|merge_to_left"}}, {"type": "Feature", "geometry": {"type": "LineString", "coordinates": [[-8.8721325, 39.5808346], [-8.8714635, 39.5819883]]}, "properties": {"highway": "trunk", "lanes": "3", "lanes:backward": "2", "lanes:forward": "1", "maxspeed:lanes:backward": "80", "maxspeed:lanes:forward": "60", "ref": "IC 2;EN 1", "surface": "asphalt"}}, {"type": "Feature", "geometry": {"type": "LineString", "coordinates": [[-8.8714635, 39.5819883], [-8.8705824, 39.5835077], [-8.8701922, 39.5841807], [-8.8699263, 39.5846256], [-8.8697456, 39.5849224], [-8.8696288, 39.585097], [-8.8695121, 39.5852616], [-8.8693613, 39.5854616], [-8.869272, 39.5855791], [-8.8691724, 39.5856996], [-8.8689931, 39.5859084], [-8.8687738, 39.5861443], [-8.8685784, 39.586356], [-8.8683772, 39.5865677]]}, "properties": {"highway": "trunk", "lanes": "3", "lanes:backward": "2", "lanes:forward": "1", "maxspeed:lanes:backward": "80", "maxspeed:lanes:forward": "60", "ref": "IC 2;EN 1", "surface": "asphalt"}}, {"type": "Feature", "geometry": {"type": "LineString", "coordinates": [[-8.8641703, 39.5907202], [-8.8640016, 39.5908875], [-8.8634495, 39.591435]]}, "properties": {"highway": "trunk", "lanes": "3", "lanes:backward": "2", "lanes:forward": "1", "maxspeed": "60", "ref": "IC 2;EN 1", "surface": "asphalt", "turn:lanes:backward": "left|through"}}, {"type": "Feature", "geometry": {"type": "LineString", "coordinates": [[-8.8634495, 39.591435], [-8.8629867, 39.5918961]]}, "properties": {"highway": "trunk", "lanes": "3", "lanes:backward": "1", "lanes:forward": "2", "maxheight:signed": "no", "maxspeed": "60", "ref": "IC 2;EN 1", "surface": "asphalt", "turn:lanes:forward": "left|through"}}, {"type": "Feature", "geometry": {"type": "LineString", "coordinates": [[-8.8628939, 39.591984], [-8.8621091, 39.5927415]]}, "properties": {"highway": "trunk", "lanes": "2", "maxspeed": "60", "ref": "IC 2;EN 1", "surface": "asphalt", "turn:lanes:backward": "through;right"}}, {"type": "Feature", "geometry": {"type": "LineString", "coordinates": [[-8.8621091, 39.5927415], [-8.8618494, 39.5929922], [-8.8612629, 39.593574], [-8.8607379, 39.594092], [-8.860046, 39.5947736], [-8.8598555, 39.5949773], [-8.8595021, 39.5953614], [-8.8594166, 39.5954605]]}, "properties": {"highway": "trunk", "lanes": "2", "maxspeed": "60", "ref": "IC 2;EN 1", "surface": "asphalt"}}, {"type": "Feature", "geometry": {"type": "LineString", "coordinates": [[-8.8594166, 39.5954605], [-8.8591763, 39.5957803], [-8.8589983, 39.5960267], [-8.858802, 39.5963152], [-8.8586538, 39.5965664]]}, "properties": {"highway": "trunk", "lanes": "2", "maxspeed": "60", "ref": "IC 2;EN 1", "surface": "asphalt"}}, {"type": "Feature", "geometry": {"type": "LineString", "coordinates": [[-8.8582959, 39.5973482], [-8.8586056, 39.596719], [-8.8586538, 39.5965664]]}, "properties": {"highway": "trunk", "lanes": "1", "maxspeed": "60", "oneway": "yes", "ref": "IC 2;EN 1", "surface": "asphalt"}}, {"type": "Feature", "geometry": {"type": "LineString", "coordinates": [[-8.8579635, 39.5982374], [-8.8580259, 39.5980264], [-8.8580791, 39.5978716], [-8.8581219, 39.5977433], [-8.8582216, 39.5975114], [-8.8582376, 39.5974764]]}, "properties": {"highway": "trunk", "lanes": "2", "maxspeed": "60", "oneway": "yes", "ref": "IC 2;EN 1", "surface": "asphalt", "turn:lanes": "left|through"}}, {"type": "Feature", "geometry": {"type": "LineString", "coordinates": [[-8.8582342, 39.5972784], [-8.8581995, 39.5973559], [-8.858151, 39.5974675]]}, "properties": {"highway": "trunk", "lanes": "1", "maxspeed": "60", "oneway": "yes", "ref": "IC 2;EN 1", "surface": "asphalt"}}, {"type": "Feature", "geometry": {"type": "LineString", "coordinates": [[-8.858151, 39.5974675], [-8.8580306, 39.5977761], [-8.8579614, 39.5979529], [-8.8579176, 39.5980939], [-8.8578006, 39.5985085], [-8.8576997, 39.5989433], [-8.8576577, 39.5991605], [-8.8576351, 39.5992959], [-8.8575891, 39.5997036], [-8.8575717, 39.5999323]]}, "properties": {"highway": "trunk", "lanes": "1", "maxspeed": "60", "oneway": "yes", "ref": "IC 2;EN 1", "surface": "asphalt"}}, {"type": "Feature", "geometry": {"type": "LineString", "coordinates": [[-8.8582376, 39.5974764], [-8.8582959, 39.5973482]]}, "properties": {"highway": "trunk", "lanes": "2", "maxspeed": "60", "oneway": "yes", "ref": "IC 2;EN 1", "surface": "asphalt", "turn:lanes": "left|through"}}, {"type": "Feature", "geometry": {"type": "LineString", "coordinates": [[-8.857837, 39.5987155], [-8.8578651, 39.5986017], [-8.8579635, 39.5982374]]}, "properties": {"highway": "trunk", "lanes": "1", "maxspeed": "60", "oneway": "yes", "ref": "IC 2;EN 1", "surface": "asphalt", "turn:lanes": "left;through"}}, {"type": "Feature", "geometry": {"type": "LineString", "coordinates": [[-8.8575717, 39.5999323], [-8.8575605, 39.6002867], [-8.8575292, 39.6003978], [-8.8575305, 39.6004264]]}, "properties": {"highway": "trunk", "lanes": "1", "maxspeed": "50", "oneway": "yes", "ref": "IC 2;EN 1", "surface": "asphalt"}}, {"type": "Feature", "geometry": {"type": "LineString", "coordinates": [[-8.8575848, 39.6014621], [-8.8576121, 39.6010839], [-8.8576339, 39.6009618], [-8.8576519, 39.6009254]]}, "properties": {"highway": "trunk", "lanes": "1", "maxspeed": "50", "oneway": "yes", "ref": "IC 2;EN 1", "surface": "asphalt"}}, {"type": "Feature", "geometry": {"type": "LineString", "coordinates": [[-8.8574489, 39.6029356], [-8.8573974, 39.6037048]]}, "properties": {"highway": "trunk", "lanes": "2", "maxspeed": "60", "ref": "IC 2;EN 1", "surface": "asphalt"}}, {"type": "Feature", "geometry": {"type": "LineString", "coordinates": [[-8.8573974, 39.6037048], [-8.8573401, 39.6047439]]}, "properties": {"highway": "trunk", "lanes": "2", "maxspeed": "60", "ref": "IC 2;EN 1", "surface": "asphalt"}}, {"type": "Feature", "geometry": {"type": "LineString", "coordinates": [[-8.8573127, 39.6051801], [-8.857301, 39.6054011]]}, "properties": {"highway": "trunk", "lanes": "2", "maxspeed": "60", "ref": "IC 2;EN 1", "surface": "asphalt"}}, {"type": "Feature", "geometry": {"type": "LineString", "coordinates": [[-8.857301, 39.6054011], [-8.8572774, 39.6057916]]}, "properties": {"highway": "trunk", "lanes": "3", "lanes:backward": "2", "lanes:forward": "1", "maxspeed": "60", "ref": "IC 2;EN 1", "surface": "asphalt", "turn:lanes:backward": "left|through"}}, {"type": "Feature", "geometry": {"type": "LineString", "coordinates": [[-8.8572774, 39.6057916], [-8.8572569, 39.6062043]]}, "properties": {"highway": "trunk", "lanes": "4", "lanes:backward": "2", "lanes:forward": "2", "maxspeed": "60", "ref": "IC 2;EN 1", "surface": "asphalt", "turn:lanes:backward": "left|through", "turn:lanes:forward": "none|merge_to_left"}}, {"type": "Feature", "geometry": {"type": "LineString", "coordinates": [[-8.8573401, 39.6047439], [-8.8573127, 39.6051801]]}, "properties": {"highway": "trunk", "lanes": "3", "lanes:backward": "1", "lanes:forward": "2", "maxspeed": "60", "ref": "IC 2;EN 1", "surface": "asphalt", "turn:lanes:forward": "through|right"}}, {"type": "Feature", "geometry": {"type": "LineString", "coordinates": [[-8.8572569, 39.6062043], [-8.8572475, 39.6063934]]}, "properties": {"highway": "trunk", "lanes": "2", "maxspeed": "60", "ref": "IC 2;EN 1", "surface": "asphalt", "turn:lanes:backward": "left;through"}}, {"type": "Feature", "geometry": {"type": "LineString", "coordinates": [[-8.8572104, 39.6071038], [-8.8572055, 39.6071847], [-8.8571671, 39.6078209]]}, "properties": {"highway": "trunk", "lanes": "4", "lanes:backward": "2", "lanes:forward": "2", "maxspeed": "60", "ref": "IC 2;EN 1", "surface": "asphalt", "turn:lanes:backward": "left|through", "turn:lanes:forward": "none|merge_to_left"}}, {"type": "Feature", "geometry": {"type": "LineString", "coordinates": [[-8.8572475, 39.6063934], [-8.8572104, 39.6071038]]}, "properties": {"highway": "trunk", "lanes": "3", "lanes:backward": "1", "lanes:forward": "2", "maxspeed": "60", "ref": "IC 2;EN 1", "surface": "asphalt", "turn:lanes:forward": "through|right"}}, {"type": "Feature", "geometry": {"type": "LineString", "coordinates": [[-8.8571533, 39.6080394], [-8.857128, 39.6084095]]}, "properties": {"highway": "trunk", "lanes": "2", "maxspeed": "60", "ref": "IC 2;EN 1", "surface": "asphalt", "turn:lanes:backward": "left;through"}}, {"type": "Feature", "geometry": {"type": "LineString", "coordinates": [[-8.8571671, 39.6078209], [-8.8571533, 39.6080394]]}, "properties": {"highway": "trunk", "lanes": "3", "lanes:backward": "2", "lanes:forward": "1", "maxspeed": "60", "ref": "IC 2;EN 1", "surface": "asphalt", "turn:lanes:backward": "left|through"}}, {"type": "Feature", "geometry": {"type": "LineString", "coordinates": [[-8.857128, 39.6084095], [-8.8570949, 39.6088775]]}, "properties": {"highway": "trunk", "lanes": "2", "maxspeed": "60", "ref": "IC 2;EN 1", "surface": "asphalt"}}, {"type": "Feature", "geometry": {"type": "LineString", "coordinates": [[-8.8570949, 39.6088775], [-8.8570589, 39.6094848], [-8.8570292, 39.6100114], [-8.8569717, 39.6109612], [-8.8569117, 39.6119544]]}, "properties": {"highway": "trunk", "lanes": "2", "maxspeed": "70", "ref": "IC 2;EN 1", "surface": "asphalt"}}, {"type": "Feature", "geometry": {"type": "LineString", "coordinates": [[-8.8569117, 39.6119544], [-8.8568856, 39.6124594]]}, "properties": {"highway": "trunk", "lanes": "2", "maxspeed": "70", "ref": "IC 2;EN 1", "surface": "asphalt"}}, {"type": "Feature", "geometry": {"type": "LineString", "coordinates": [[-8.8568711, 39.6127984], [-8.8568649, 39.613094], [-8.8568713, 39.6133428], [-8.8568833, 39.6135122], [-8.8568952, 39.6137405], [-8.8569281, 39.6142172], [-8.8569621, 39.6148022], [-8.8569786, 39.6150861], [-8.8569992, 39.6154199]]}, "properties": {"highway": "trunk", "lanes": "3", "lanes:backward": "1", "lanes:forward": "2", "maxspeed:backward": "70", "maxspeed:forward": "80", "minspeed:lanes:forward": "60|", "ref": "IC 2;EN 1", "surface": "asphalt"}}, {"type": "Feature", "geometry": {"type": "LineString", "coordinates": [[-8.8569992, 39.6154199], [-8.8570471, 39.6161945]]}, "properties": {"highway": "trunk", "lanes": "3", "lanes:backward": "1", "lanes:forward": "2", "maxspeed:backward": "70", "maxspeed:forward": "80", "minspeed:lanes:forward": "60|", "ref": "IC 2;EN 1", "surface": "asphalt"}}, {"type": "Feature", "geometry": {"type": "LineString", "coordinates": [[-8.8570729, 39.6166574], [-8.8571378, 39.6178223]]}, "properties": {"highway": "trunk", "lanes": "3", "lanes:backward": "1", "lanes:forward": "2", "maxspeed:backward": "70", "maxspeed:forward": "80", "ref": "IC 2;EN 1", "surface": "asphalt", "turn:lanes:forward": "|merge_to_left"}}, {"type": "Feature", "geometry": {"type": "LineString", "coordinates": [[-8.8575305, 39.6004264], [-8.8574652, 39.6004471], [-8.8574257, 39.6004675], [-8.8573721, 39.6005343], [-8.8573513, 39.6005754], [-8.8573344, 39.6006532], [-8.8573405, 39.6007206], [-8.8573566, 39.6007854], [-8.857384, 39.6008436], [-8.8574121, 39.6008818], [-8.8574389, 39.6009072]]}, "properties": {"highway": "trunk", "junction": "roundabout", "lanes": "2", "maxspeed": "50", "ref": "IC 2;EN 1", "surface": "asphalt"}}, {"type": "Feature", "geometry": {"type": "LineString", "coordinates": [[-8.8191601, 39.7431848], [-8.8190937, 39.7441301]]}, "properties": {"highway": "motorway", "lanes": "4", "lit": "yes", "maxspeed": "100", "maxspeed:lanes": "100|100|100|80", "minspeed": "50", "name": "Variante da Batalha", "oneway": "yes", "ref": "A 19;IC 2", "smoothness": "excellent", "surface": "asphalt", "toll": "no", "turn:lanes": "through|through|through|slight_right"}}, {"type": "Feature", "geometry": {"type": "LineString", "coordinates": [[-8.4496461, 40.3817555], [-8.4495927, 40.3815257], [-8.4495573, 40.3813705], [-8.4495257, 40.3812162], [-8.4495227, 40.3812016], [-8.4495007, 40.3811027], [-8.449494, 40.381035], [-8.4495013, 40.3809788], [-8.4495129, 40.3809368]]}, "properties": {"highway": "primary", "lanes": "1", "maxspeed": "50", "name": "Avenida da Floresta", "oneway": "yes", "ref": "IC 2;EN 1", "source": "Bing", "surface": "asphalt"}}, {"type": "Feature", "geometry": {"type": "LineString", "coordinates": [[-8.8599004, 39.6233554], [-8.8599141, 39.6231943], [-8.8599193, 39.6229971], [-8.8599041, 39.6227472], [-8.859878, 39.6225629], [-8.8598416, 39.6223773], [-8.85976, 39.6221062], [-8.8596903, 39.6219185], [-8.8596413, 39.6217855]]}, "properties": {"highway": "motorway", "lanes": "3", "maxspeed": "120", "name": "Variante da Batalha", "oneway": "yes", "ref": "A 19;IC 2", "surface": "asphalt", "toll": "yes", "turn:lanes": "through|through|slight_right"}}, {"type": "Feature", "geometry": {"type": "LineString", "coordinates": [[-8.8459609, 39.6707028], [-8.8455018, 39.6715971]]}, "properties": {"highway": "motorway", "lanes": "3", "maxspeed": "120", "name": "Variante da Batalha", "oneway": "yes", "ref": "A 19;IC 2", "surface": "asphalt", "toll": "yes", "turn:lanes": "through|through|slight_right"}}, {"type": "Feature", "geometry": {"type": "LineString", "coordinates": [[-8.8450646, 39.6761879], [-8.8450375, 39.6760358], [-8.8449716, 39.6755308], [-8.8449439, 39.6751396], [-8.8449399, 39.6748343], [-8.8449423, 39.6744714], [-8.8449633, 39.6741396], [-8.8449986, 39.6738576], [-8.8450779, 39.6734016]]}, "properties": {"highway": "motorway", "lanes": "2", "maxspeed": "120", "name": "Variante da Batalha", "oneway": "yes", "ref": "A 19;IC 2", "surface": "asphalt", "toll": "yes"}}, {"type": "Feature", "geometry": {"type": "LineString", "coordinates": [[-8.8357906, 39.7159612], [-8.8356183, 39.7161135], [-8.8354581, 39.716264], [-8.8353046, 39.7163993], [-8.8351455, 39.7165318], [-8.8349461, 39.716694], [-8.8345938, 39.7169586]]}, "properties": {"highway": "motorway", "lanes": "3", "lit": "yes", "maxspeed": "120", "name": "Variante da Batalha", "oneway": "yes", "ref": "A 19;IC 2", "surface": "asphalt", "toll": "yes", "turn:lanes": "none|none|slight_right"}}, {"type": "Feature", "geometry": {"type": "LineString", "coordinates": [[-8.8202171, 39.7387538], [-8.8201172, 39.7388896], [-8.8200411, 39.7389933]]}, "properties": {"bridge": "yes", "highway": "motorway", "lanes": "3", "layer": "1", "lit": "yes", "maxspeed": "100", "minspeed": "50", "name": "Variante da Batalha", "oneway": "yes", "ref": "A 19;IC 2", "surface": "asphalt", "toll": "no"}}, {"type": "Feature", "geometry": {"type": "LineString", "coordinates": [[-8.7674957, 39.771253], [-8.7674533, 39.7712578], [-8.7674125, 39.7712683], [-8.7673749, 39.7712842], [-8.7673302, 39.7713142], [-8.7672963, 39.7713516], [-8.7672755, 39.7713943], [-8.7672689, 39.7714396], [-8.767277, 39.7714848], [-8.7673035, 39.7715329]]}, "properties": {"highway": "trunk", "junction": "roundabout", "lanes": "2", "lit": "yes", "maxspeed": "50", "old_ref": "EN 1", "ref": "IC 2;EN 1", "surface": "asphalt"}}, {"type": "Feature", "geometry": {"type": "LineString", "coordinates": [[-8.7697027, 39.7698316], [-8.769512, 39.7699194], [-8.7693868, 39.7699791], [-8.7692268, 39.770065], [-8.7686804, 39.7703983]]}, "properties": {"highway": "trunk", "lanes": "2", "lit": "no", "maxspeed": "60", "old_ref": "EN 1", "oneway": "yes", "ref": "IC 2;EN 1", "surface": "asphalt"}}, {"type": "Feature", "geometry": {"type": "LineString", "coordinates": [[-8.7845532, 39.7634365], [-8.7842998, 39.763476], [-8.783872, 39.7635578], [-8.7835662, 39.7636341], [-8.7833655, 39.7636834]]}, "properties": {"bicycle": "no", "foot": "no", "highway": "trunk", "horse": "no", "lanes": "2", "lit": "yes", "maxspeed": "40", "oneway": "yes", "ref": "IC 2", "sidewalk": "no", "smoothness": "excellent", "surface": "asphalt", "traffic_calming": "rumble_strip"}}, {"type": "Feature", "geometry": {"type": "LineString", "coordinates": [[-8.7826222, 39.7639268], [-8.7825215, 39.7640077], [-8.7824428, 39.7640637], [-8.7823327, 39.7641292], [-8.7821211, 39.7642374]]}, "properties": {"highway": "trunk", "lanes": "2", "lit": "yes", "maxspeed": "60", "oneway": "yes", "ref": "IC 2", "sidewalk": "no", "smoothness": "excellent", "surface": "asphalt", "turn:lanes": "through|through"}}, {"type": "Feature", "geometry": {"type": "LineString", "coordinates": [[-8.7809164, 39.7647858], [-8.780125, 39.7651563]]}, "properties": {"highway": "trunk", "lanes": "2", "lit": "no", "maxspeed": "60", "oneway": "yes", "ref": "IC 2", "surface": "asphalt"}}, {"type": "Feature", "geometry": {"type": "LineString", "coordinates": [[-8.7821211, 39.7642374], [-8.7813674, 39.764594]]}, "properties": {"highway": "trunk", "lanes": "2", "lit": "yes", "maxspeed": "60", "oneway": "yes", "ref": "IC 2", "sidewalk": "no", "smoothness": "excellent", "surface": "asphalt", "turn:lanes": "through|through;slight_right"}}, {"type": "Feature", "geometry": {"type": "LineString", "coordinates": [[-8.564109, 40.0330751], [-8.5643498, 40.032903], [-8.5643952, 40.032874]]}, "properties": {"highway": "trunk", "lanes": "1", "lit": "yes", "oneway": "yes", "ref": "IC 2;EN 1", "surface": "asphalt"}}, {"type": "Feature", "geometry": {"type": "LineString", "coordinates": [[-8.5636391, 40.0334036], [-8.564109, 40.0330751]]}, "properties": {"highway": "trunk", "lanes": "2", "lit": "yes", "oneway": "yes", "ref": "IC 2;EN 1", "smoothness": "good", "surface": "asphalt", "turn:lanes": "through|right"}}, {"type": "Feature", "geometry": {"type": "LineString", "coordinates": [[-8.5645132, 40.0327885], [-8.5646807, 40.0326776]]}, "properties": {"highway": "trunk", "lanes": "1", "lit": "yes", "oneway": "yes", "ref": "IC 2;EN 1", "surface": "asphalt"}}, {"type": "Feature", "geometry": {"type": "LineString", "coordinates": [[-8.5643984, 40.0327911], [-8.5640342, 40.0330375]]}, "properties": {"highway": "trunk", "lanes": "2", "lit": "yes", "maxspeed": "50", "old_ref": "EN 1", "oneway": "yes", "ref": "IC 2;EN 1", "surface": "asphalt"}}, {"type": "Feature", "geometry": {"type": "LineString", "coordinates": [[-8.5640342, 40.0330375], [-8.5635086, 40.033393]]}, "properties": {"highway": "trunk", "lanes": "2", "lit": "yes", "maxspeed": "50", "old_ref": "EN 1", "oneway": "yes", "ref": "IC 2;EN 1", "surface": "asphalt", "turn:lanes": "through|right"}}, {"type": "Feature", "geometry": {"type": "LineString", "coordinates": [[-8.5649696, 40.0323998], [-8.5643984, 40.0327911]]}, "properties": {"highway": "trunk", "lanes": "2", "lit": "yes", "maxspeed": "50", "old_ref": "EN 1", "oneway": "yes", "ref": "IC 2;EN 1", "surface": "asphalt", "turn:lanes": "left|through"}}, {"type": "Feature", "geometry": {"type": "LineString", "coordinates": [[-8.5630167, 40.0337395], [-8.5627931, 40.0338796], [-8.5622501, 40.0342575], [-8.561624, 40.0347196]]}, "properties": {"highway": "trunk", "lanes": "2", "lit": "yes", "maxspeed": "50", "old_ref": "EN 1", "oneway": "yes", "ref": "IC 2;EN 1", "surface": "asphalt"}}, {"type": "Feature", "geometry": {"type": "LineString", "coordinates": [[-8.5631433, 40.0336451], [-8.563086, 40.033689], [-8.5630167, 40.0337395]]}, "properties": {"highway": "trunk", "lanes": "2", "lit": "yes", "maxspeed": "50", "old_ref": "EN 1", "oneway": "yes", "ref": "IC 2;EN 1", "surface": "asphalt"}}, {"type": "Feature", "geometry": {"type": "LineString", "coordinates": [[-8.5631387, 40.0337374], [-8.5634915, 40.0335068], [-8.5636391, 40.0334036]]}, "properties": {"highway": "trunk", "lanes": "1", "lit": "yes", "oneway": "yes", "ref": "IC 2;EN 1", "smoothness": "good", "surface": "asphalt"}}, {"type": "Feature", "geometry": {"type": "LineString", "coordinates": [[-8.4870031, 40.9136038], [-8.4864979, 40.9119919]]}, "properties": {"highway": "trunk", "lanes": "1", "oneway": "yes", "ref": "IC 2", "surface": "asphalt", "toll": "no"}}, {"type": "Feature", "geometry": {"type": "LineString", "coordinates": [[-8.4870338, 40.9137006], [-8.4870031, 40.9136038]]}, "properties": {"bridge": "yes", "highway": "trunk", "lanes": "1", "layer": "1", "maxweight:signed": "no", "oneway": "yes", "ref": "IC 2", "surface": "asphalt", "toll": "no"}}, {"type": "Feature", "geometry": {"type": "LineString", "coordinates": [[-8.6328229, 39.9120598], [-8.6326982, 39.9111778], [-8.6326553, 39.9108544], [-8.6325687, 39.9106255]]}, "properties": {"highway": "trunk", "lanes": "1", "lit": "yes", "maxspeed": "50", "oneway": "yes", "ref": "IC 2;EN 1", "surface": "asphalt"}}, {"type": "Feature", "geometry": {"type": "LineString", "coordinates": [[-8.4391323, 40.2233213], [-8.4393628, 40.2231378], [-8.4394848, 40.2230111], [-8.4395928, 40.2228677], [-8.4396753, 40.2227193], [-8.4397231, 40.222533]]}, "properties": {"bridge": "viaduct", "bridge:structure": "beam", "highway": "trunk", "lanes": "2", "layer": "1", "motorroad": "yes", "oneway": "yes", "ref": "IC 2", "source": "bing", "surface": "asphalt", "turn:lanes": "through|through;right"}}, {"type": "Feature", "geometry": {"type": "LineString", "coordinates": [[-8.7488299, 39.7883007], [-8.7487965, 39.7883027], [-8.7487639, 39.7883083], [-8.7487002, 39.788331], [-8.7486478, 39.788367], [-8.7486112, 39.788413], [-8.7485935, 39.7884653], [-8.7485935, 39.7885051], [-8.7486046, 39.7885439]]}, "properties": {"highway": "trunk", "junction": "roundabout", "lanes": "2", "lit": "no", "maxspeed": "50", "ref": "IC 2;EN 1", "surface": "asphalt"}}, {"type": "Feature", "geometry": {"type": "LineString", "coordinates": [[-8.4581402, 40.1641882], [-8.458242, 40.1640048]]}, "properties": {"change:lanes": "yes|not_right|no", "cycleway:both": "no", "highway": "trunk", "lanes": "3", "maxspeed": "90", "old_ref": "EN 1", "oneway": "yes", "placement": "right_of:1", "ref": "IC 2", "surface": "asphalt", "turn:lanes": "through|through|right"}}, {"type": "Feature", "geometry": {"type": "LineString", "coordinates": [[-8.4586651, 40.1631948], [-8.4587541, 40.163]]}, "properties": {"change:lanes": "yes|not_right|no", "cycleway:both": "no", "highway": "trunk", "lanes": "3", "maxspeed": "90", "old_ref": "EN 1", "oneway": "yes", "placement": "right_of:1", "ref": "IC 2", "surface": "asphalt"}}, {"type": "Feature", "geometry": {"type": "LineString", "coordinates": [[-8.4587541, 40.163], [-8.4588011, 40.1628971], [-8.4588434, 40.1627988], [-8.4589604, 40.1625118]]}, "properties": {"cycleway:both": "no", "highway": "trunk", "lanes": "3", "maxspeed": "90", "old_ref": "EN 1", "oneway": "yes", "placement": "right_of:1", "ref": "IC 2", "surface": "asphalt"}}, {"type": "Feature", "geometry": {"type": "LineString", "coordinates": [[-8.458242, 40.1640048], [-8.4586651, 40.1631948]]}, "properties": {"cycleway:both": "no", "highway": "trunk", "lanes": "2", "maxspeed": "90", "old_ref": "EN 1", "oneway": "yes", "ref": "IC 2", "surface": "asphalt"}}, {"type": "Feature", "geometry": {"type": "LineString", "coordinates": [[-8.4579424, 40.1645447], [-8.4581402, 40.1641882]]}, "properties": {"cycleway:both": "no", "highway": "trunk", "lanes": "3", "maxspeed": "90", "old_ref": "EN 1", "oneway": "yes", "placement": "right_of:1", "ref": "IC 2", "surface": "asphalt", "turn:lanes": "through|through|right"}}, {"type": "Feature", "geometry": {"type": "LineString", "coordinates": [[-8.4576546, 40.1650597], [-8.4579424, 40.1645447]]}, "properties": {"cycleway:both": "no", "highway": "trunk", "lanes": "2", "maxspeed": "90", "old_ref": "EN 1", "oneway": "yes", "ref": "IC 2", "surface": "asphalt", "turn:lanes": "through|through;right"}}, {"type": "Feature", "geometry": {"type": "LineString", "coordinates": [[-8.456395, 40.1672022], [-8.4564726, 40.1671259], [-8.4565374, 40.1670462], [-8.4568776, 40.1664728], [-8.4574478, 40.1654228]]}, "properties": {"cycleway:both": "no", "highway": "trunk", "lanes": "2", "maxspeed": "90", "old_ref": "EN 1", "oneway": "yes", "ref": "IC 2", "surface": "asphalt"}}, {"type": "Feature", "geometry": {"type": "LineString", "coordinates": [[-8.4573403, 40.1654056], [-8.4570109, 40.1660095]]}, "properties": {"cycleway:both": "no", "highway": "trunk", "lanes": "2", "maxspeed": "90", "old_ref": "EN 1", "oneway": "yes", "ref": "IC 2", "surface": "asphalt", "turn:lanes": "through|through;right"}}, {"type": "Feature", "geometry": {"type": "LineString", "coordinates": [[-8.4574478, 40.1654228], [-8.4576546, 40.1650597]]}, "properties": {"cycleway:both": "no", "highway": "trunk", "lanes": "2", "maxspeed": "90", "old_ref": "EN 1", "oneway": "yes", "ref": "IC 2", "surface": "asphalt", "turn:lanes": "through|through;right"}}, {"type": "Feature", "geometry": {"type": "LineString", "coordinates": [[-8.4885943, 40.7365383], [-8.4884901, 40.7363369], [-8.4884497, 40.7362533], [-8.4884231, 40.7361703], [-8.488397, 40.7360694], [-8.4883833, 40.7359982], [-8.4883727, 40.7358878], [-8.4883761, 40.7354458], [-8.4883841, 40.7349633], [-8.4883879, 40.7348301], [-8.4883899, 40.7347835]]}, "properties": {"highway": "primary", "lanes": "2", "maxspeed": "50", "oneway": "no", "ref": "IC 2;EN 1", "surface": "asphalt"}}, {"type": "Feature", "geometry": {"type": "LineString", "coordinates": [[-8.488694, 40.7366794], [-8.4886465, 40.7366155], [-8.4885943, 40.7365383]]}, "properties": {"highway": "primary", "lanes": "2", "maxspeed": "50", "maxweight:signed": "no", "oneway": "no", "ref": "IC 2;EN 1", "surface": "asphalt"}}, {"type": "Feature", "geometry": {"type": "LineString", "coordinates": [[-8.4947314, 41.0406481], [-8.4948946, 41.0410197], [-8.4953892, 41.0421456], [-8.4954678, 41.0423948]]}, "properties": {"highway": "motorway", "lanes": "2", "maxspeed": "120", "name": "Autoestrada de Entre Douro-e-Vouga", "oneway": "yes", "ref": "A 32;IC 2", "smoothness": "excellent", "source": "BING", "surface": "asphalt", "toll": "yes"}}, {"type": "Feature", "geometry": {"type": "LineString", "coordinates": [[-8.4943097, 41.0397754], [-8.4946086, 41.0403984]]}, "properties": {"destination": "Porto;Gaia", "destination:ref": "A 32", "highway": "motorway", "lanes": "2", "maxspeed": "120", "name": "Autoestrada de Entre Douro-e-Vouga", "oneway": "yes", "ref": "A 32;IC 2", "smoothness": "excellent", "source": "BING", "surface": "asphalt", "toll": "yes"}}, {"type": "Feature", "geometry": {"type": "LineString", "coordinates": [[-8.4918011, 41.0342506], [-8.4921661, 41.0350345]]}, "properties": {"highway": "motorway", "lanes": "3", "maxspeed": "120", "name": "Autoestrada de Entre Douro-e-Vouga", "oneway": "yes", "ref": "A 32;IC 2", "smoothness": "excellent", "source": "BING", "surface": "asphalt", "toll": "yes", "turn:lanes": "through|through|slight_right"}}, {"type": "Feature", "geometry": {"type": "LineString", "coordinates": [[-8.4952107, 41.0412976], [-8.4950519, 41.0409773], [-8.4948482, 41.0405666]]}, "properties": {"destination": "Oliveira de Azem\u00e9is;Feira", "destination:ref": "A 32", "highway": "motorway", "lanes": "2", "maxspeed": "120", "name": "Autoestrada de Entre Douro-e-Vouga", "oneway": "yes", "ref": "A 32;IC 2", "smoothness": "excellent", "source": "BING", "surface": "asphalt", "toll": "yes"}}, {"type": "Feature", "geometry": {"type": "LineString", "coordinates": [[-8.4925251, 41.035788], [-8.4926677, 41.0360874]]}, "properties": {"highway": "motorway", "lanes": "3", "maxspeed": "120", "maxspeed:lanes": "120|120|80", "name": "Autoestrada de Entre Douro-e-Vouga", "oneway": "yes", "ref": "A 32;IC 2", "smoothness": "excellent", "source": "BING", "surface": "asphalt", "toll": "yes", "turn:lanes": "through|through|slight_right"}}, {"type": "Feature", "geometry": {"type": "LineString", "coordinates": [[-8.4921661, 41.0350345], [-8.4925251, 41.035788]]}, "properties": {"highway": "motorway", "lanes": "3", "maxspeed": "120", "maxspeed:lanes": "120|120|100", "name": "Autoestrada de Entre Douro-e-Vouga", "oneway": "yes", "ref": "A 32;IC 2", "smoothness": "excellent", "source": "BING", "surface": "asphalt", "toll": "yes", "turn:lanes": "through|through|slight_right"}}, {"type": "Feature", "geometry": {"type": "LineString", "coordinates": [[-8.4774864, 41.0133562], [-8.4775064, 41.0138233]]}, "properties": {"highway": "motorway", "lanes": "4", "maxspeed": "120", "maxspeed:lanes": "120|120|120|80", "name": "Autoestrada de Entre Douro-e-Vouga", "oneway": "yes", "ref": "A 32;IC 2", "smoothness": "excellent", "source": "BING", "surface": "asphalt", "toll": "yes"}}, {"type": "Feature", "geometry": {"type": "LineString", "coordinates": [[-8.4775787, 41.0123086], [-8.4774864, 41.0133562]]}, "properties": {"highway": "motorway", "lanes": "4", "maxspeed": "120", "maxspeed:lanes": "120|120|120|100", "name": "Autoestrada de Entre Douro-e-Vouga", "oneway": "yes", "ref": "A 32;IC 2", "smoothness": "excellent", "source": "BING", "surface": "asphalt", "toll": "yes"}}, {"type": "Feature", "geometry": {"type": "LineString", "coordinates": [[-8.4633277, 40.9882235], [-8.4626833, 40.9887278]]}, "properties": {"highway": "motorway", "lanes": "4", "maxspeed": "120", "maxspeed:lanes": "120|120|120|60", "name": "Autoestrada de Entre Douro-e-Vouga", "oneway": "yes", "ref": "A 32;IC 2", "smoothness": "excellent", "source": "BING", "surface": "asphalt", "toll": "yes"}}, {"type": "Feature", "geometry": {"type": "LineString", "coordinates": [[-8.4637241, 40.9879038], [-8.4633277, 40.9882235]]}, "properties": {"highway": "motorway", "lanes": "4", "maxspeed": "120", "maxspeed:lanes": "120|120|120|80", "name": "Autoestrada de Entre Douro-e-Vouga", "oneway": "yes", "ref": "A 32;IC 2", "smoothness": "excellent", "source": "BING", "surface": "asphalt", "toll": "yes"}}, {"type": "Feature", "geometry": {"type": "LineString", "coordinates": [[-8.4642949, 40.9874519], [-8.4637241, 40.9879038]]}, "properties": {"highway": "motorway", "lanes": "4", "maxspeed": "120", "maxspeed:lanes": "120|120|120|100", "name": "Autoestrada de Entre Douro-e-Vouga", "oneway": "yes", "ref": "A 32;IC 2", "smoothness": "excellent", "source": "BING", "surface": "asphalt", "toll": "yes"}}, {"type": "Feature", "geometry": {"type": "LineString", "coordinates": [[-8.461377, 40.990534], [-8.4614319, 40.9904521], [-8.4616043, 40.9901947]]}, "properties": {"highway": "motorway", "lanes": "4", "maxspeed": "120", "maxspeed:lanes": "120|120|120|80", "name": "Autoestrada de Entre Douro-e-Vouga", "oneway": "yes", "ref": "A 32;IC 2", "smoothness": "excellent", "source": "BING", "surface": "asphalt", "toll": "yes"}}, {"type": "Feature", "geometry": {"type": "LineString", "coordinates": [[-8.4609709, 40.9911696], [-8.461377, 40.990534]]}, "properties": {"highway": "motorway", "lanes": "4", "maxspeed": "120", "maxspeed:lanes": "120|120|120|100", "name": "Autoestrada de Entre Douro-e-Vouga", "oneway": "yes", "ref": "A 32;IC 2", "smoothness": "excellent", "source": "BING", "surface": "asphalt", "toll": "yes"}}, {"type": "Feature", "geometry": {"type": "LineString", "coordinates": [[-8.4924947, 41.0352439], [-8.4922788, 41.0347684]]}, "properties": {"highway": "motorway", "lanes": "4", "maxspeed": "120", "minspeed": "50", "name": "Autoestrada de Entre Douro-e-Vouga", "oneway": "yes", "ref": "A 32;IC 2", "smoothness": "excellent", "source": "BING", "surface": "asphalt", "toll": "yes"}}, {"type": "Feature", "geometry": {"type": "LineString", "coordinates": [[-8.4786505, 41.0173391], [-8.4785981, 41.0171443]]}, "properties": {"highway": "motorway", "lanes": "4", "lit": "yes", "maxspeed": "120", "maxspeed:lanes": "120|120|60", "name": "Autoestrada de Entre Douro-e-Vouga", "oneway": "yes", "ref": "A 32;IC 2", "smoothness": "excellent", "source": "BING", "surface": "asphalt", "toll": "yes"}}, {"type": "Feature", "geometry": {"type": "LineString", "coordinates": [[-8.4787416, 41.0176599], [-8.4786505, 41.0173391]]}, "properties": {"highway": "motorway", "lanes": "4", "lit": "yes", "maxspeed": "120", "maxspeed:lanes": "120|120|80", "name": "Autoestrada de Entre Douro-e-Vouga", "oneway": "yes", "ref": "A 32;IC 2", "smoothness": "excellent", "source": "BING", "surface": "asphalt", "toll": "yes"}}, {"type": "Feature", "geometry": {"type": "LineString", "coordinates": [[-8.4788825, 41.0182953], [-8.4788305, 41.0180388], [-8.4787416, 41.0176599]]}, "properties": {"highway": "motorway", "lanes": "4", "lit": "yes", "maxspeed": "120", "maxspeed:lanes": "120|120|100", "name": "Autoestrada de Entre Douro-e-Vouga", "oneway": "yes", "ref": "A 32;IC 2", "smoothness": "excellent", "source": "BING", "surface": "asphalt", "toll": "yes"}}, {"type": "Feature", "geometry": {"type": "LineString", "coordinates": [[-8.4645129, 40.9872793], [-8.4642949, 40.9874519]]}, "properties": {"highway": "motorway", "lanes": "4", "maxspeed": "120", "name": "Autoestrada de Entre Douro-e-Vouga", "oneway": "yes", "ref": "A 32;IC 2", "smoothness": "excellent", "source": "BING", "surface": "asphalt", "toll": "yes"}}, {"type": "Feature", "geometry": {"type": "LineString", "coordinates": [[-8.4626833, 40.9887278], [-8.4626013, 40.9888443], [-8.4618437, 40.989584], [-8.4616513, 40.9898106], [-8.4613586, 40.9901597]]}, "properties": {"destination": "Gaia;CREP", "destination:ref": "A 32;A 41", "destination:to": "Espinho", "highway": "motorway", "lanes": "3", "maxspeed": "120", "name": "Autoestrada de Entre Douro-e-Vouga", "oneway": "yes", "ref": "A 32;IC 2", "smoothness": "excellent", "source": "BING", "surface": "asphalt", "toll": "yes"}}, {"type": "Feature", "geometry": {"type": "LineString", "coordinates": [[-8.4613586, 40.9901597], [-8.4611969, 40.9904123], [-8.4607494, 40.9911111], [-8.4604873, 40.9916462], [-8.4602763, 40.9921813], [-8.4601539, 40.9926659]]}, "properties": {"destination": "Gaia;CREP", "destination:ref": "A 32;A 41", "destination:to": "Espinho", "highway": "motorway", "lanes": "4", "maxspeed": "120", "name": "Autoestrada de Entre Douro-e-Vouga", "oneway": "yes", "ref": "A 32;IC 2", "smoothness": "excellent", "source": "BING", "surface": "asphalt", "toll": "yes"}}, {"type": "Feature", "geometry": {"type": "LineString", "coordinates": [[-8.4604888, 40.9922297], [-8.460693, 40.9917134], [-8.4609709, 40.9911696]]}, "properties": {"highway": "motorway", "lanes": "4", "maxspeed": "120", "name": "Autoestrada de Entre Douro-e-Vouga", "oneway": "yes", "ref": "A 32;IC 2", "smoothness": "excellent", "source": "BING", "surface": "asphalt", "toll": "yes"}}, {"type": "Feature", "geometry": {"type": "LineString", "coordinates": [[-8.4601539, 40.9926659], [-8.4599708, 40.9934046], [-8.4599178, 40.9937868], [-8.4598975, 40.9941027], [-8.4598975, 40.9946117], [-8.4599147, 40.9952146]]}, "properties": {"highway": "motorway", "lanes": "3", "maxspeed": "120", "minspeed": "50", "name": "Autoestrada de Entre Douro-e-Vouga", "oneway": "yes", "ref": "A 32;IC 2", "smoothness": "excellent", "source": "BING", "surface": "asphalt", "toll": "yes"}}, {"type": "Feature", "geometry": {"type": "LineString", "coordinates": [[-8.4601479, 40.9952481], [-8.4601171, 40.994604], [-8.4601172, 40.9943459], [-8.4601299, 40.9940001], [-8.4602147, 40.9933532], [-8.4604888, 40.9922297]]}, "properties": {"highway": "motorway", "lanes": "3", "maxspeed": "120", "name": "Autoestrada de Entre Douro-e-Vouga", "oneway": "yes", "ref": "A 32;IC 2", "smoothness": "excellent", "source": "BING", "surface": "asphalt", "toll": "yes"}}, {"type": "Feature", "geometry": {"type": "LineString", "coordinates": [[-8.4776983, 41.0111633], [-8.4776766, 41.0114023], [-8.4775787, 41.0123086]]}, "properties": {"highway": "motorway", "lanes": "4", "maxspeed": "120", "minspeed": "50", "name": "Autoestrada de Entre Douro-e-Vouga", "oneway": "yes", "ref": "A 32;IC 2", "smoothness": "excellent", "source": "BING", "surface": "asphalt", "toll": "yes"}}, {"type": "Feature", "geometry": {"type": "LineString", "coordinates": [[-8.4780078, 41.0152175], [-8.4778883, 41.014739], [-8.4778141, 41.0143506], [-8.4777461, 41.0134898], [-8.4777504, 41.013243], [-8.4777439, 41.0129889]]}, "properties": {"highway": "motorway", "lanes": "4", "maxspeed": "120", "minspeed": "50", "name": "Autoestrada de Entre Douro-e-Vouga", "oneway": "yes", "ref": "A 32;IC 2", "smoothness": "excellent", "source": "BING", "surface": "asphalt", "toll": "yes"}}, {"type": "Feature", "geometry": {"type": "LineString", "coordinates": [[-8.4775064, 41.0138233], [-8.4775889, 41.0143653], [-8.4776642, 41.0147408], [-8.4777856, 41.0152355], [-8.4783931, 41.017274]]}, "properties": {"destination": "Gaia;CREP", "destination:ref": "A 32;A 41", "highway": "motorway", "lanes": "3", "maxheight": "default", "maxspeed": "120", "minspeed": "50", "name": "Autoestrada de Entre Douro-e-Vouga", "oneway": "yes", "ref": "A 32;IC 2", "smoothness": "excellent", "source": "BING", "surface": "asphalt", "toll": "yes"}}, {"type": "Feature", "geometry": {"type": "LineString", "coordinates": [[-8.4785981, 41.0171443], [-8.4780721, 41.0154991], [-8.4780078, 41.0152175]]}, "properties": {"destination": "Oliveira de Azem\u00e9is;Feira", "destination:ref": "A 32", "highway": "motorway", "lanes": "3", "maxspeed": "120", "minspeed": "50", "name": "Autoestrada de Entre Douro-e-Vouga", "oneway": "yes", "ref": "A 32;IC 2", "smoothness": "excellent", "source": "BING", "surface": "asphalt", "toll": "yes"}}, {"type": "Feature", "geometry": {"type": "LineString", "coordinates": [[-8.4783931, 41.017274], [-8.4786123, 41.0179991], [-8.4787077, 41.0184919], [-8.478763, 41.0189545], [-8.4788017, 41.0195407]]}, "properties": {"highway": "motorway", "lanes": "4", "lit": "yes", "maxspeed": "120", "minspeed": "50", "name": "Autoestrada de Entre Douro-e-Vouga", "oneway": "yes", "ref": "A 32;IC 2", "smoothness": "excellent", "source": "BING", "surface": "asphalt", "toll": "yes"}}, {"type": "Feature", "geometry": {"type": "LineString", "coordinates": [[-8.47899, 41.0192809], [-8.478962, 41.0189153], [-8.4788825, 41.0182953]]}, "properties": {"highway": "motorway", "lanes": "4", "lit": "yes", "maxspeed": "120", "minspeed": "50", "name": "Autoestrada de Entre Douro-e-Vouga", "oneway": "yes", "ref": "A 32;IC 2", "smoothness": "excellent", "source": "BING", "surface": "asphalt", "toll": "yes"}}, {"type": "Feature", "geometry": {"type": "LineString", "coordinates": [[-8.4788017, 41.0195407], [-8.4787966, 41.0197397], [-8.4787926, 41.0198991], [-8.4787547, 41.0202594], [-8.4782682, 41.0227221], [-8.4782294, 41.0234951], [-8.4783312, 41.0243132], [-8.4784976, 41.024949], [-8.4786983, 41.0253532], [-8.4791708, 41.0261693], [-8.4796858, 41.0267936], [-8.480746, 41.0277444], [-8.4812283, 41.0280617], [-8.4815874, 41.0282979], [-8.4827708, 41.0288761], [-8.4837008, 41.0291904], [-8.4864455, 41.0298757], [-8.4873111, 41.0301318], [-8.4880578, 41.030439], [-8.4890764, 41.0310407]]}, "properties": {"highway": "motorway", "lanes": "3", "lit": "no", "maxheight": "default", "maxspeed": "120", "minspeed": "50", "name": "Autoestrada de Entre Douro-e-Vouga", "oneway": "yes", "ref": "A 32;IC 2", "smoothness": "excellent", "source": "BING", "surface": "asphalt", "toll": "yes"}}, {"type": "Feature", "geometry": {"type": "LineString", "coordinates": [[-8.4892338, 41.0309039], [-8.4889211, 41.0307353], [-8.4880768, 41.0302776], [-8.4873088, 41.02998], [-8.4866385, 41.0297815], [-8.4860148, 41.0296119], [-8.4838394, 41.0290677], [-8.4828482, 41.0287347], [-8.4817188, 41.0281804], [-8.4813927, 41.0279667], [-8.4808518, 41.0276121], [-8.4798443, 41.026705], [-8.4793633, 41.0261231], [-8.4788955, 41.0253357], [-8.4786767, 41.0248676], [-8.4785114, 41.0242632], [-8.4784247, 41.0234819], [-8.4784681, 41.0227376], [-8.4789472, 41.0202717], [-8.4789868, 41.0197376], [-8.4789967, 41.0196038], [-8.47899, 41.0192809]]}, "properties": {"highway": "motorway", "lanes": "3", "lit": "no", "maxheight": "default", "maxspeed": "120", "minspeed": "50", "name": "Autoestrada de Entre Douro-e-Vouga", "oneway": "yes", "ref": "A 32;IC 2", "smoothness": "excellent", "source": "BING", "surface": "asphalt", "toll": "yes"}}, {"type": "Feature", "geometry": {"type": "LineString", "coordinates": [[-8.4922788, 41.0347684], [-8.4920098, 41.034195]]}, "properties": {"highway": "motorway", "lanes": "3", "lit": "no", "maxspeed": "120", "minspeed": "50", "name": "Autoestrada de Entre Douro-e-Vouga", "oneway": "yes", "ref": "A 32;IC 2", "smoothness": "excellent", "source": "BING", "surface": "asphalt", "toll": "yes"}}, {"type": "Feature", "geometry": {"type": "LineString", "coordinates": [[-8.4929717, 41.0363195], [-8.4924947, 41.0352439]]}, "properties": {"highway": "motorway", "lanes": "4", "maxspeed": "120", "name": "Autoestrada de Entre Douro-e-Vouga", "oneway": "yes", "ref": "A 32;IC 2", "smoothness": "excellent", "source": "BING", "surface": "asphalt", "toll": "yes"}}, {"type": "Feature", "geometry": {"type": "LineString", "coordinates": [[-8.493813, 41.0382593], [-8.4934088, 41.0373333]]}, "properties": {"highway": "motorway", "lanes": "2", "maxheight": "default", "maxspeed": "120", "name": "Autoestrada de Entre Douro-e-Vouga", "oneway": "yes", "ref": "A 32;IC 2", "smoothness": "excellent", "source": "BING", "surface": "asphalt", "toll": "yes"}}, {"type": "Feature", "geometry": {"type": "LineString", "coordinates": [[-8.7813553, 39.7646911], [-8.7820748, 39.7643756]]}, "properties": {"highway": "trunk", "lanes": "2", "lit": "yes", "maxspeed": "60", "oneway": "yes", "ref": "IC 2", "sidewalk": "no", "smoothness": "excellent", "surface": "asphalt", "traffic_calming": "rumble_strip"}}, {"type": "Feature", "geometry": {"type": "LineString", "coordinates": [[-8.776212, 39.7669167], [-8.7758581, 39.7670661], [-8.774688, 39.7675948]]}, "properties": {"highway": "trunk", "lanes": "2", "lit": "no", "maxspeed": "60", "old_ref": "EN 1", "oneway": "yes", "ref": "IC 2;EN 1", "surface": "asphalt", "turn:lanes": "none|merge_to_left"}}, {"type": "Feature", "geometry": {"type": "LineString", "coordinates": [[-8.774688, 39.7675948], [-8.7737639, 39.7680041]]}, "properties": {"highway": "trunk", "lanes": "1", "lit": "no", "maxspeed": "60", "old_ref": "EN 1", "oneway": "yes", "ref": "IC 2;EN 1", "surface": "asphalt"}}, {"type": "Feature", "geometry": {"type": "LineString", "coordinates": [[-8.7737639, 39.7680041], [-8.7721847, 39.7687174]]}, "properties": {"highway": "trunk", "lanes": "2", "lit": "no", "maxspeed": "60", "old_ref": "EN 1", "oneway": "yes", "ref": "IC 2;EN 1", "surface": "asphalt", "turn:lanes": "through|right"}}, {"type": "Feature", "geometry": {"type": "LineString", "coordinates": [[-8.4548405, 40.4157935], [-8.4547721, 40.4160435], [-8.454698, 40.416303]]}, "properties": {"highway": "primary", "lane_markings": "yes", "lanes": "2", "maxspeed": "70", "oneway": "no", "ref": "IC 2;EN 1", "surface": "asphalt"}}, {"type": "Feature", "geometry": {"type": "LineString", "coordinates": [[-8.4545209, 40.417158], [-8.4545539, 40.417046], [-8.454698, 40.416303]]}, "properties": {"highway": "primary", "lanes": "1", "maxspeed": "70", "oneway": "yes", "ref": "IC 2;EN 1", "source": "bing", "surface": "asphalt"}}, {"type": "Feature", "geometry": {"type": "LineString", "coordinates": [[-8.4544888, 40.4172674], [-8.4545209, 40.417158]]}, "properties": {"highway": "primary", "lanes": "1", "maxspeed": "70", "oneway": "yes", "ref": "IC 2;EN 1", "source": "bing", "surface": "asphalt"}}, {"type": "Feature", "geometry": {"type": "LineString", "coordinates": [[-8.9100157, 39.5260324], [-8.9101815, 39.5258351], [-8.9106665, 39.5252648], [-8.911127, 39.5247158], [-8.9126778, 39.5228914], [-8.9133236, 39.5221359], [-8.9143726, 39.5209022], [-8.9145064, 39.520751], [-8.9150168, 39.5201465], [-8.9163753, 39.5185373], [-8.9166257, 39.5182353], [-8.9179923, 39.516636], [-8.9187125, 39.5157789], [-8.9193186, 39.5150654], [-8.9212877, 39.512745], [-8.9219497, 39.5119132], [-8.9222397, 39.511539], [-8.9225931, 39.5110669], [-8.9230362, 39.5104716], [-8.9237282, 39.5094617], [-8.9242152, 39.5087266], [-8.924578, 39.5081559], [-8.9246197, 39.5080849], [-8.925233, 39.5070394], [-8.9256004, 39.5063907], [-8.9258712, 39.5058936], [-8.9262871, 39.5051125], [-8.9266692, 39.5043306], [-8.926889, 39.5038563], [-8.9272312, 39.5030877], [-8.9278999, 39.5015398], [-8.9292572, 39.4983561], [-8.929495, 39.4977936], [-8.9303604, 39.4957959], [-8.9304312, 39.49563], [-8.9312471, 39.4937109]]}, "properties": {"highway": "trunk", "lanes": "2", "ref": "IC 2;EN 1", "surface": "asphalt"}}, {"type": "Feature", "geometry": {"type": "LineString", "coordinates": [[-8.8932275, 39.5490486], [-8.8936593, 39.5484292]]}, "properties": {"highway": "trunk", "lanes": "2", "ref": "IC 2;EN 1", "surface": "asphalt", "turn:lanes:forward": "through;right"}}, {"type": "Feature", "geometry": {"type": "LineString", "coordinates": [[-8.8936593, 39.5484292], [-8.8939818, 39.5479661]]}, "properties": {"highway": "trunk", "lanes": "3", "lanes:backward": "2", "lanes:forward": "1", "ref": "IC 2;EN 1", "surface": "asphalt", "turn:lanes:backward": "left|through"}}, {"type": "Feature", "geometry": {"type": "LineString", "coordinates": [[-8.8939818, 39.5479661], [-8.8942562, 39.547572]]}, "properties": {"highway": "trunk", "lanes": "2", "ref": "IC 2;EN 1", "surface": "asphalt", "turn:lanes:backward": "left;through"}}, {"type": "Feature", "geometry": {"type": "LineString", "coordinates": [[-8.50266, 40.1068237], [-8.5026845, 40.1063845], [-8.5027586, 40.1058997], [-8.5029748, 40.10545], [-8.5032478, 40.1050935], [-8.5036758, 40.104638], [-8.5052788, 40.1032089], [-8.5064494, 40.1021388], [-8.5067504, 40.1018994], [-8.5069595, 40.1016767], [-8.5069882, 40.1016398], [-8.5070911, 40.1015182], [-8.5073791, 40.1012219], [-8.5079428, 40.1006292], [-8.5091358, 40.0994146], [-8.510995, 40.097472]]}, "properties": {"highway": "trunk", "lanes": "2", "maxspeed": "90", "old_ref": "EN 1", "oneway": "no", "ref": "IC 2;EN 1", "smoothness": "good", "surface": "asphalt"}}, {"type": "Feature", "geometry": {"type": "LineString", "coordinates": [[-8.510995, 40.097472], [-8.5113422, 40.0971091]]}, "properties": {"bridge": "yes", "highway": "trunk", "lanes": "2", "layer": "1", "maxspeed": "90", "maxweight:signed": "no", "old_ref": "EN 1", "oneway": "no", "ref": "IC 2;EN 1", "surface": "asphalt"}}, {"type": "Feature", "geometry": {"type": "LineString", "coordinates": [[-8.5113422, 40.0971091], [-8.5121142, 40.0963025], [-8.513327, 40.0950239], [-8.5151932, 40.0930562], [-8.51627, 40.0919153]]}, "properties": {"highway": "trunk", "lanes": "2", "ref": "IC 2;EN 1", "surface": "asphalt"}}, {"type": "Feature", "geometry": {"type": "LineString", "coordinates": [[-8.5182299, 40.0898968], [-8.5185349, 40.0896394]]}, "properties": {"bridge": "yes", "highway": "trunk", "lanes": "3", "lanes:backward": "1", "lanes:forward": "2", "layer": "1", "maxspeed": "90", "ref": "IC 2;EN 1", "surface": "asphalt"}}, {"type": "Feature", "geometry": {"type": "LineString", "coordinates": [[-8.8722872, 39.5805678], [-8.8721325, 39.5808346]]}, "properties": {"highway": "trunk", "lanes": "3", "lanes:backward": "2", "lanes:forward": "1", "maxspeed:lanes:backward": "80", "maxspeed:lanes:forward": "60", "ref": "IC 2;EN 1", "surface": "asphalt", "turn:lanes:backward": "through|merge_to_left"}}, {"type": "Feature", "geometry": {"type": "LineString", "coordinates": [[-8.8825679, 39.5642509], [-8.8824393, 39.5644385]]}, "properties": {"highway": "trunk", "lanes": "1", "maxspeed": "60", "oneway": "yes", "ref": "IC 2;EN 1", "surface": "asphalt", "turn:lanes": "left;through"}}, {"type": "Feature", "geometry": {"type": "LineString", "coordinates": [[-8.8942562, 39.547572], [-8.896257, 39.5446984], [-8.897517, 39.5428986], [-8.8983277, 39.5417406], [-8.8988632, 39.5409718], [-8.9003324, 39.5388456]]}, "properties": {"highway": "trunk", "lanes": "2", "ref": "IC 2;EN 1", "surface": "asphalt"}}, {"type": "Feature", "geometry": {"type": "LineString", "coordinates": [[-8.9003324, 39.5388456], [-8.9006507, 39.5383958], [-8.9008305, 39.5381417]]}, "properties": {"highway": "trunk", "lanes": "2", "ref": "IC 2;EN 1", "surface": "asphalt", "turn:lanes:forward": "through;right"}}, {"type": "Feature", "geometry": {"type": "LineString", "coordinates": [[-8.9008305, 39.5381417], [-8.901087, 39.5377678]]}, "properties": {"highway": "trunk", "lanes": "3", "lanes:backward": "2", "lanes:forward": "1", "ref": "IC 2;EN 1", "surface": "asphalt", "turn:lanes:backward": "left|through"}}, {"type": "Feature", "geometry": {"type": "LineString", "coordinates": [[-8.901087, 39.5377678], [-8.9013874, 39.5373299]]}, "properties": {"highway": "trunk", "lanes": "2", "ref": "IC 2;EN 1", "surface": "asphalt", "turn:lanes:backward": "left;through"}}, {"type": "Feature", "geometry": {"type": "LineString", "coordinates": [[-8.9013874, 39.5373299], [-8.9027617, 39.5353511], [-8.9042179, 39.5332576], [-8.9043794, 39.5330287]]}, "properties": {"highway": "trunk", "lanes": "2", "ref": "IC 2;EN 1", "surface": "asphalt"}}, {"type": "Feature", "geometry": {"type": "LineString", "coordinates": [[-8.904671, 39.5326156], [-8.9047742, 39.532467], [-8.9049479, 39.532217]]}, "properties": {"highway": "trunk", "lanes": "3", "lanes:backward": "1", "lanes:forward": "2", "ref": "IC 2;EN 1", "surface": "asphalt", "turn:lanes:forward": "left|through"}}, {"type": "Feature", "geometry": {"type": "LineString", "coordinates": [[-8.9049479, 39.532217], [-8.90555, 39.5314132]]}, "properties": {"highway": "trunk", "lanes": "2", "ref": "IC 2;EN 1", "surface": "asphalt", "turn:lanes:backward": "through;right"}}, {"type": "Feature", "geometry": {"type": "LineString", "coordinates": [[-8.9043794, 39.5330287], [-8.904671, 39.5326156]]}, "properties": {"highway": "trunk", "lanes": "2", "ref": "IC 2;EN 1", "surface": "asphalt", "turn:lanes:forward": "left;through"}}, {"type": "Feature", "geometry": {"type": "LineString", "coordinates": [[-8.90555, 39.5314132], [-8.9058061, 39.5310583], [-8.9067854, 39.5298318], [-8.9075974, 39.5288573], [-8.9084772, 39.5278271], [-8.9086655, 39.5276107]]}, "properties": {"highway": "trunk", "lanes": "2", "ref": "IC 2;EN 1", "surface": "asphalt"}}, {"type": "Feature", "geometry": {"type": "LineString", "coordinates": [[-8.9090129, 39.5272114], [-8.9093603, 39.5268121]]}, "properties": {"highway": "trunk", "lanes": "3", "lanes:backward": "1", "lanes:forward": "2", "ref": "IC 2;EN 1", "surface": "asphalt", "turn:lanes:forward": "left|through;right"}}, {"type": "Feature", "geometry": {"type": "LineString", "coordinates": [[-8.9086655, 39.5276107], [-8.9090129, 39.5272114]]}, "properties": {"highway": "trunk", "lanes": "2", "ref": "IC 2;EN 1", "surface": "asphalt", "turn:lanes:forward": "right;through;left"}}, {"type": "Feature", "geometry": {"type": "LineString", "coordinates": [[-8.9093603, 39.5268121], [-8.9097101, 39.5263959]]}, "properties": {"highway": "trunk", "lanes": "3", "lanes:backward": "2", "lanes:forward": "1", "ref": "IC 2;EN 1", "surface": "asphalt", "turn:lanes:backward": "left|through;right"}}, {"type": "Feature", "geometry": {"type": "LineString", "coordinates": [[-8.9097101, 39.5263959], [-8.9100157, 39.5260324]]}, "properties": {"highway": "trunk", "lanes": "2", "ref": "IC 2;EN 1", "surface": "asphalt", "turn:lanes:backward": "left;through;right"}}, {"type": "Feature", "geometry": {"type": "LineString", "coordinates": [[-8.9320217, 39.4918937], [-8.9324668, 39.4908555], [-8.9331786, 39.4891837], [-8.9333015, 39.4888948], [-8.9335397, 39.4883301], [-8.9336095, 39.4881646], [-8.9344141, 39.486285], [-8.9347491, 39.4855051], [-8.9348251, 39.4853281], [-8.9356023, 39.4835186], [-8.9357016, 39.4832874], [-8.9362427, 39.482011], [-8.9363752, 39.481699]]}, "properties": {"highway": "trunk", "lanes": "2", "ref": "IC 2;EN 1", "surface": "asphalt"}}, {"type": "Feature", "geometry": {"type": "LineString", "coordinates": [[-8.9312471, 39.4937109], [-8.9314369, 39.4932483]]}, "properties": {"highway": "trunk", "lanes": "2", "ref": "IC 2;EN 1", "surface": "asphalt", "turn:lanes:forward": "left;through;right"}}, {"type": "Feature", "geometry": {"type": "LineString", "coordinates": [[-8.9314369, 39.4932483], [-8.9316261, 39.4928163]]}, "properties": {"highway": "trunk", "lanes": "3", "lanes:backward": "1", "lanes:forward": "2", "ref": "IC 2;EN 1", "surface": "asphalt", "turn:lanes:forward": "left|through;right"}}, {"type": "Feature", "geometry": {"type": "LineString", "coordinates": [[-8.9316261, 39.4928163], [-8.931789, 39.4924362]]}, "properties": {"highway": "trunk", "lanes": "3", "lanes:backward": "2", "lanes:forward": "1", "ref": "IC 2;EN 1", "surface": "asphalt", "turn:lanes:backward": "left|through;right"}}, {"type": "Feature", "geometry": {"type": "LineString", "coordinates": [[-8.931789, 39.4924362], [-8.9320217, 39.4918937]]}, "properties": {"highway": "trunk", "lanes": "2", "ref": "IC 2;EN 1", "surface": "asphalt", "turn:lanes:backward": "left;through;right"}}, {"type": "Feature", "geometry": {"type": "LineString", "coordinates": [[-8.9363752, 39.481699], [-8.93665, 39.481056]]}, "properties": {"highway": "trunk", "lanes": "2", "ref": "IC 2;EN 1", "surface": "asphalt", "turn:lanes:forward": "left;through;right"}}, {"type": "Feature", "geometry": {"type": "LineString", "coordinates": [[-8.93665, 39.481056], [-8.9367869, 39.4807357]]}, "properties": {"highway": "trunk", "lanes": "3", "lanes:backward": "1", "lanes:forward": "2", "ref": "IC 2;EN 1", "surface": "asphalt", "turn:lanes:forward": "left|through;right"}}, {"type": "Feature", "geometry": {"type": "LineString", "coordinates": [[-8.9367869, 39.4807357], [-8.9368202, 39.4806574], [-8.9369907, 39.480259]]}, "properties": {"highway": "trunk", "lanes": "3", "lanes:backward": "2", "lanes:forward": "1", "ref": "IC 2;EN 1", "surface": "asphalt", "turn:lanes:backward": "left|through;right"}}, {"type": "Feature", "geometry": {"type": "LineString", "coordinates": [[-8.9369907, 39.480259], [-8.9371856, 39.4798031]]}, "properties": {"highway": "trunk", "lanes": "2", "ref": "IC 2;EN 1", "surface": "asphalt", "turn:lanes:backward": "left;through;right"}}, {"type": "Feature", "geometry": {"type": "LineString", "coordinates": [[-8.9371856, 39.4798031], [-8.9376125, 39.4787923], [-8.9377456, 39.4784809], [-8.9382066, 39.4774026], [-8.9395448, 39.4742769], [-8.9396744, 39.4739774], [-8.9401132, 39.472937], [-8.941208, 39.470383], [-8.9414514, 39.4697982], [-8.941973, 39.468586], [-8.9424121, 39.4675604], [-8.942706, 39.4668743], [-8.9429448, 39.4663102]]}, "properties": {"highway": "trunk", "lanes": "2", "ref": "IC 2;EN 1", "surface": "asphalt"}}, {"type": "Feature", "geometry": {"type": "LineString", "coordinates": [[-8.9429448, 39.4663102], [-8.9433495, 39.4653542]]}, "properties": {"highway": "trunk", "lanes": "2", "ref": "IC 2;EN 1", "surface": "asphalt", "turn:lanes:forward": "through;right"}}, {"type": "Feature", "geometry": {"type": "LineString", "coordinates": [[-8.9435378, 39.4649021], [-8.9437625, 39.4643804]]}, "properties": {"highway": "trunk", "lanes": "2", "ref": "IC 2;EN 1", "surface": "asphalt", "turn:lanes:backward": "left;through"}}, {"type": "Feature", "geometry": {"type": "LineString", "coordinates": [[-8.9433495, 39.4653542], [-8.9435378, 39.4649021]]}, "properties": {"highway": "trunk", "lanes": "3", "lanes:backward": "2", "lanes:forward": "1", "ref": "IC 2;EN 1", "surface": "asphalt", "turn:lanes:backward": "left|through"}}, {"type": "Feature", "geometry": {"type": "LineString", "coordinates": [[-8.9437625, 39.4643804], [-8.9439404, 39.4639664], [-8.9442783, 39.463175], [-8.9444598, 39.4627681], [-8.9446508, 39.4623401], [-8.9449244, 39.4616776], [-8.9452604, 39.4608638], [-8.9462956, 39.458461], [-8.9467545, 39.4573714], [-8.947343, 39.456035], [-8.9481172, 39.4541725], [-8.9488508, 39.4524476], [-8.9495152, 39.4509006], [-8.9499753, 39.4498308], [-8.950331, 39.449006], [-8.9510644, 39.4472651]]}, "properties": {"highway": "trunk", "lanes": "2", "ref": "IC 2;EN 1", "surface": "asphalt"}}, {"type": "Feature", "geometry": {"type": "LineString", "coordinates": [[-8.9510644, 39.4472651], [-8.9511582, 39.4470404]]}, "properties": {"highway": "trunk", "lanes": "2", "ref": "IC 2;EN 1", "surface": "asphalt", "turn:lanes:forward": "left;through;right"}}, {"type": "Feature", "geometry": {"type": "LineString", "coordinates": [[-8.9512491, 39.4468228], [-8.951469, 39.4463019]]}, "properties": {"highway": "trunk", "lanes": "3", "lanes:backward": "1", "lanes:forward": "2", "ref": "IC 2;EN 1", "surface": "asphalt", "turn:lanes:forward": "left|through;right"}}, {"type": "Feature", "geometry": {"type": "LineString", "coordinates": [[-8.951469, 39.4463019], [-8.95168, 39.4458196]]}, "properties": {"highway": "trunk", "lanes": "3", "lanes:backward": "2", "lanes:forward": "1", "ref": "IC 2;EN 1", "surface": "asphalt", "turn:lanes:backward": "left|through;right"}}, {"type": "Feature", "geometry": {"type": "LineString", "coordinates": [[-8.95168, 39.4458196], [-8.951884, 39.4453499]]}, "properties": {"highway": "trunk", "lanes": "2", "ref": "IC 2;EN 1", "surface": "asphalt", "turn:lanes:backward": "left;through;right"}}, {"type": "Feature", "geometry": {"type": "LineString", "coordinates": [[-8.951884, 39.4453499], [-8.9522332, 39.4445119], [-8.9529187, 39.4429221], [-8.953225, 39.4421866], [-8.9537049, 39.4410645], [-8.953794, 39.4408726], [-8.9547831, 39.4385225], [-8.955186, 39.437599], [-8.9552335, 39.4374903], [-8.9558047, 39.4361194]]}, "properties": {"highway": "trunk", "lanes": "2", "ref": "IC 2;EN 1", "surface": "asphalt", "turn:lanes:forward": "left;through;right"}}, {"type": "Feature", "geometry": {"type": "LineString", "coordinates": [[-8.9629672, 39.4147943], [-8.9631717, 39.4162056], [-8.9632083, 39.416521], [-8.963238, 39.4167731], [-8.963244, 39.4170049], [-8.9632431, 39.417267], [-8.9632382, 39.4174153], [-8.9632346, 39.4175229], [-8.9632105, 39.4177994], [-8.9631843, 39.4180417], [-8.9631495, 39.4182758], [-8.9630978, 39.4185494], [-8.9630538, 39.4187447], [-8.962989, 39.4190107], [-8.962902, 39.4193082], [-8.9628449, 39.4194743], [-8.9627491, 39.4197271], [-8.9626037, 39.4200866], [-8.9624742, 39.4203693], [-8.9613309, 39.4230613]]}, "properties": {"highway": "trunk", "lanes": "1", "oneway": "yes", "ref": "IC 2;EN 1", "surface": "asphalt"}}, {"type": "Feature", "geometry": {"type": "LineString", "coordinates": [[-8.9602182, 39.3901697], [-8.9602807, 39.3898611], [-8.9606691, 39.3878285], [-8.9611215, 39.3853918], [-8.9611718, 39.385121], [-8.9612719, 39.3846013]]}, "properties": {"highway": "trunk", "lanes": "2", "maxspeed": "70", "ref": "IC 2;EN 1", "surface": "asphalt"}}, {"type": "Feature", "geometry": {"type": "LineString", "coordinates": [[-8.9629452, 39.3760841], [-8.9630178, 39.3759814], [-8.9631677, 39.3756967]]}, "properties": {"highway": "trunk", "lanes": "1", "oneway": "yes", "ref": "IC 2;EN 1", "surface": "asphalt"}}, {"type": "Feature", "geometry": {"type": "LineString", "coordinates": [[-8.9642026, 39.3739818], [-8.9637855, 39.3745611]]}, "properties": {"highway": "trunk", "lanes": "1", "maxspeed": "70", "oneway": "yes", "ref": "IC 2", "surface": "asphalt"}}, {"type": "Feature", "geometry": {"type": "LineString", "coordinates": [[-8.9642715, 39.3740302], [-8.9647054, 39.3733786]]}, "properties": {"highway": "trunk", "lanes": "2", "maxspeed": "70", "oneway": "yes", "ref": "IC 2", "shoulder": "right", "surface": "asphalt", "turn:lanes": "none|merge_to_left"}}, {"type": "Feature", "geometry": {"type": "LineString", "coordinates": [[-8.6287345, 39.9712742], [-8.6287291, 39.9714001], [-8.6287136, 39.9715608]]}, "properties": {"highway": "trunk", "lanes": "2", "maxspeed": "60", "ref": "IC 2;EN 1", "surface": "asphalt"}}, {"type": "Feature", "geometry": {"type": "LineString", "coordinates": [[-8.6287414, 39.9709876], [-8.6287345, 39.9712742]]}, "properties": {"highway": "trunk", "lanes": "3", "lanes:backward": "1", "lanes:forward": "2", "maxspeed": "60", "ref": "IC 2;EN 1", "surface": "asphalt", "turn:lanes:forward": "left|through"}}, {"type": "Feature", "geometry": {"type": "LineString", "coordinates": [[-8.724493, 39.8255301], [-8.724153, 39.8258693]]}, "properties": {"highway": "trunk", "lanes": "1", "lit": "yes", "maxspeed": "50", "oneway": "yes", "ref": "IC 2;EN 1", "smoothness": "excellent", "surface": "asphalt", "turn:lanes": "left;through;right"}}, {"type": "Feature", "geometry": {"type": "LineString", "coordinates": [[-8.7238373, 39.8261927], [-8.7237091, 39.8263285], [-8.7235613, 39.8265137]]}, "properties": {"highway": "trunk", "lanes": "2", "lit": "yes", "maxspeed": "50", "oneway": "yes", "ref": "IC 2;EN 1", "smoothness": "excellent", "surface": "asphalt", "turn:lanes": "left|through"}}, {"type": "Feature", "geometry": {"type": "LineString", "coordinates": [[-8.4814055, 40.8637732], [-8.4812312, 40.8642177], [-8.4811733, 40.8644128], [-8.4811401, 40.8645645], [-8.4811199, 40.8646923], [-8.4810971, 40.8649469], [-8.4810917, 40.8652373], [-8.4811036, 40.8654363], [-8.4811408, 40.8657613], [-8.4812011, 40.8660589], [-8.4812939, 40.8663525], [-8.4814277, 40.8666423], [-8.4815718, 40.866932], [-8.4817355, 40.8672363], [-8.4819648, 40.8675718], [-8.4821042, 40.8677645], [-8.4823409, 40.8680789], [-8.4825708, 40.8683794], [-8.4827961, 40.8686772], [-8.4830992, 40.8690913], [-8.4832937, 40.8693621], [-8.4834694, 40.8696007], [-8.483755, 40.8699949], [-8.4840813, 40.8704543], [-8.4843047, 40.8707572], [-8.4844676, 40.8709781], [-8.4846049, 40.8711791], [-8.4848429, 40.8714926], [-8.4849065, 40.871581], [-8.4851178, 40.8718751], [-8.4853686, 40.872225], [-8.4855429, 40.872477], [-8.4857239, 40.8727628], [-8.4858513, 40.872991], [-8.4859693, 40.8732408], [-8.4860672, 40.8734603], [-8.486332, 40.8741632], [-8.4865935, 40.8748832]]}, "properties": {"highway": "trunk", "lanes": "1", "maxheight": "1", "oneway": "yes", "ref": "IC 2", "source": "bing", "surface": "asphalt"}}, {"type": "Feature", "geometry": {"type": "LineString", "coordinates": [[-8.4865935, 40.8748832], [-8.4867296, 40.875261]]}, "properties": {"bridge": "yes", "highway": "trunk", "lanes": "2", "layer": "1", "maxweight:signed": "no", "oneway": "yes", "ref": "IC 2", "source": "bing", "surface": "asphalt"}}, {"type": "Feature", "geometry": {"type": "LineString", "coordinates": [[-8.481509, 40.8635635], [-8.4814055, 40.8637732]]}, "properties": {"bridge": "yes", "highway": "trunk", "lanes": "2", "layer": "1", "maxweight:signed": "no", "oneway": "yes", "ref": "IC 2", "source": "Bing", "surface": "asphalt"}}, {"type": "Feature", "geometry": {"type": "LineString", "coordinates": [[-8.4814488, 40.8637884], [-8.4814934, 40.8636919], [-8.4815511, 40.8635802]]}, "properties": {"bridge": "yes", "highway": "trunk", "lanes": "2", "layer": "1", "maxweight:signed": "no", "oneway": "yes", "ref": "IC 2", "source": "Bing", "surface": "asphalt"}}, {"type": "Feature", "geometry": {"type": "LineString", "coordinates": [[-8.482672, 40.8618383], [-8.4822451, 40.8623893], [-8.4819473, 40.8627905], [-8.4817356, 40.8631282], [-8.4816881, 40.8632023], [-8.481646, 40.8632724], [-8.4815936, 40.8633729], [-8.481509, 40.8635635]]}, "properties": {"highway": "trunk", "lanes": "1", "oneway": "yes", "ref": "IC 2", "source": "Bing", "surface": "asphalt"}}, {"type": "Feature", "geometry": {"type": "LineString", "coordinates": [[-8.4827653, 40.86185], [-8.4830208, 40.8615158]]}, "properties": {"bridge": "yes", "highway": "trunk", "lanes": "2", "layer": "1", "maxweight:signed": "no", "oneway": "yes", "ref": "IC 2", "source": "Bing", "surface": "asphalt"}}, {"type": "Feature", "geometry": {"type": "LineString", "coordinates": [[-8.484542, 40.8592173], [-8.4842772, 40.8597515], [-8.4841481, 40.859951], [-8.4838383, 40.860366], [-8.483676, 40.8605659], [-8.4833554, 40.8609625], [-8.4832293, 40.8611216], [-8.48301, 40.8613984], [-8.4829277, 40.8615085]]}, "properties": {"highway": "trunk", "lanes": "1", "oneway": "yes", "ref": "IC 2", "source": "Bing", "surface": "asphalt"}}, {"type": "Feature", "geometry": {"type": "LineString", "coordinates": [[-8.4846009, 40.8590133], [-8.484542, 40.8592173]]}, "properties": {"bridge": "yes", "highway": "trunk", "lanes": "1", "layer": "1", "maxweight:signed": "no", "oneway": "yes", "ref": "IC 2", "source": "Bing", "surface": "asphalt"}}, {"type": "Feature", "geometry": {"type": "LineString", "coordinates": [[-8.4829277, 40.8615085], [-8.4827605, 40.8617322], [-8.482672, 40.8618383]]}, "properties": {"bridge": "yes", "highway": "trunk", "lanes": "1", "layer": "1", "maxweight:signed": "no", "oneway": "yes", "ref": "IC 2", "source": "Bing", "surface": "asphalt"}}, {"type": "Feature", "geometry": {"type": "LineString", "coordinates": [[-8.4795062, 40.8873108], [-8.4788885, 40.8877948], [-8.4787665, 40.8879009], [-8.4786525, 40.8880069], [-8.4785453, 40.8881159], [-8.47843, 40.8882469], [-8.4782903, 40.8884176], [-8.4781926, 40.8885517], [-8.4780619, 40.8887464], [-8.47796, 40.8889086], [-8.4778648, 40.8890773], [-8.4777736, 40.889274], [-8.4776556, 40.8895975], [-8.4775939, 40.8898388], [-8.4775416, 40.8900874], [-8.4775215, 40.8903489], [-8.4775132, 40.8904897], [-8.4775161, 40.8907077], [-8.4775322, 40.8909236], [-8.4775657, 40.8911659], [-8.4775865, 40.8912459]]}, "properties": {"highway": "trunk", "lanes": "1", "maxheight:signed": "no", "oneway": "yes", "ref": "IC 2", "source": "bing", "surface": "asphalt"}}, {"type": "Feature", "geometry": {"type": "LineString", "coordinates": [[-8.4796471, 40.8872003], [-8.4795062, 40.8873108]]}, "properties": {"bridge": "yes", "highway": "trunk", "lanes": "1", "layer": "1", "maxweight:signed": "no", "oneway": "yes", "ref": "IC 2", "source": "bing", "surface": "asphalt"}}, {"type": "Feature", "geometry": {"type": "LineString", "coordinates": [[-8.4704531, 40.8323904], [-8.4702837, 40.8321405], [-8.4700316, 40.8317308], [-8.469813, 40.8313732], [-8.4696811, 40.8311427], [-8.4695295, 40.8308981], [-8.4693101, 40.8305253], [-8.4690862, 40.8301566], [-8.4688743, 40.8298065], [-8.4687334, 40.8295751], [-8.4685647, 40.8292786], [-8.4682582, 40.8287164], [-8.4681048, 40.8283898], [-8.4679935, 40.8280927], [-8.4679291, 40.8278872]]}, "properties": {"highway": "trunk", "lanes": "1", "oneway": "yes", "ref": "IC 2", "source": "Bing", "surface": "asphalt"}}, {"type": "Feature", "geometry": {"type": "LineString", "coordinates": [[-8.4679291, 40.8278872], [-8.4678603, 40.8275229]]}, "properties": {"bridge": "yes", "highway": "trunk", "lanes": "1", "layer": "1", "maxweight:signed": "no", "oneway": "yes", "ref": "IC 2", "source": "Bing", "surface": "asphalt"}}, {"type": "Feature", "geometry": {"type": "LineString", "coordinates": [[-8.4678603, 40.8275229], [-8.4678361, 40.8270821], [-8.4678549, 40.8267931], [-8.4678737, 40.8266328], [-8.4679126, 40.8264292], [-8.4679823, 40.8261714], [-8.4680574, 40.8259494], [-8.4681634, 40.8256988], [-8.468268, 40.8254918], [-8.4684222, 40.8252239], [-8.4686849, 40.8247981]]}, "properties": {"highway": "trunk", "lanes": "1", "oneway": "yes", "ref": "IC 2", "source": "Bing", "surface": "asphalt"}}, {"type": "Feature", "geometry": {"type": "LineString", "coordinates": [[-8.4686849, 40.8247981], [-8.4687575, 40.8246837]]}, "properties": {"bridge": "yes", "highway": "trunk", "lanes": "1", "layer": "1", "oneway": "yes", "ref": "IC 2", "source": "Bing", "surface": "asphalt"}}, {"type": "Feature", "geometry": {"type": "LineString", "coordinates": [[-8.4901625, 40.9170429], [-8.4895631, 40.916773], [-8.4890177, 40.9164724], [-8.4885647, 40.9161544], [-8.4882178, 40.9158595], [-8.4879403, 40.9155569], [-8.4877821, 40.9153384], [-8.4876319, 40.915131], [-8.4874392, 40.9147975], [-8.4872966, 40.9145007]]}, "properties": {"highway": "trunk", "lanes": "1", "oneway": "yes", "ref": "IC 2", "surface": "asphalt", "toll": "no"}}, {"type": "Feature", "geometry": {"type": "LineString", "coordinates": [[-8.491714, 40.9176866], [-8.4901625, 40.9170429]]}, "properties": {"highway": "trunk", "lanes": "1", "maxheight:signed": "no", "maxspeed": "70", "oneway": "yes", "ref": "IC 2", "surface": "asphalt", "toll": "no"}}, {"type": "Feature", "geometry": {"type": "LineString", "coordinates": [[-8.4872966, 40.9145007], [-8.487082, 40.9138526], [-8.4870338, 40.9137006]]}, "properties": {"highway": "trunk", "lanes": "1", "oneway": "yes", "ref": "IC 2", "surface": "asphalt", "toll": "no"}}, {"type": "Feature", "geometry": {"type": "LineString", "coordinates": [[-8.9511956, 39.4469529], [-8.9512491, 39.4468228]]}, "properties": {"highway": "trunk", "lanes": "2", "ref": "IC 2;EN 1", "surface": "asphalt", "turn:lanes:forward": "left;through;right"}}, {"type": "Feature", "geometry": {"type": "LineString", "coordinates": [[-8.9511582, 39.4470404], [-8.9511956, 39.4469529]]}, "properties": {"highway": "trunk", "lanes": "2", "ref": "IC 2;EN 1", "surface": "asphalt", "turn:lanes:forward": "left;through;right"}}, {"type": "Feature", "geometry": {"type": "LineString", "coordinates": [[-8.4534635, 40.4800986], [-8.4534243, 40.48025]]}, "properties": {"highway": "primary", "lanes": "2", "maxspeed": "50", "oneway": "no", "ref": "IC 2;EN 1", "surface": "asphalt"}}, {"type": "Feature", "geometry": {"type": "LineString", "coordinates": [[-8.44718, 40.4870242], [-8.4472317, 40.4869444], [-8.4472782, 40.4868805], [-8.4473317, 40.4868143], [-8.4487635, 40.4853072], [-8.4490905, 40.4849799], [-8.4497483, 40.4842978], [-8.4505859, 40.4834291], [-8.4512099, 40.4827821], [-8.452102, 40.4818388], [-8.4526884, 40.4812187], [-8.4530104, 40.4808718]]}, "properties": {"highway": "primary", "lanes": "2", "maxspeed": "50", "oneway": "no", "ref": "IC 2;EN 1", "surface": "asphalt"}}, {"type": "Feature", "geometry": {"type": "LineString", "coordinates": [[-8.4419503, 40.2474416], [-8.4422741, 40.2481539]]}, "properties": {"highway": "trunk", "lanes": "2", "maxspeed": "100", "motorroad": "yes", "oneway": "yes", "ref": "IC 2", "source": "bing", "surface": "asphalt", "turn:lanes": "through|through;right"}}, {"type": "Feature", "geometry": {"type": "LineString", "coordinates": [[-8.4422741, 40.2481539], [-8.4424444, 40.2487172], [-8.442557, 40.24929], [-8.4426536, 40.2504051]]}, "properties": {"destination": "Porto; Viseu", "destination:ref:to": "A 1; A 14; IP 3", "highway": "trunk", "lanes": "2", "lit": "no", "maxspeed": "100", "motorroad": "yes", "oneway": "yes", "ref": "IC 2", "source": "bing", "surface": "asphalt"}}, {"type": "Feature", "geometry": {"type": "LineString", "coordinates": [[-8.442989, 40.2523961], [-8.4428301, 40.2507701]]}, "properties": {"destination": "Lisboa;Coimbra", "highway": "trunk", "lanes": "2", "lit": "no", "maxspeed": "100", "motorroad": "yes", "oneway": "yes", "ref": "IC 2", "surface": "asphalt"}}, {"type": "Feature", "geometry": {"type": "LineString", "coordinates": [[-8.4430382, 40.2528928], [-8.442989, 40.2523961]]}, "properties": {"highway": "trunk", "lanes": "2", "maxspeed": "100", "motorroad": "yes", "oneway": "yes", "ref": "IC 2", "surface": "asphalt", "turn:lanes": "through|through;right"}}, {"type": "Feature", "geometry": {"type": "LineString", "coordinates": [[-8.4360825, 40.2354923], [-8.4361767, 40.2360224]]}, "properties": {"highway": "trunk", "lanes": "2", "lit": "no", "maxspeed": "100", "motorroad": "yes", "oneway": "yes", "ref": "IC 2", "source": "bing", "surface": "asphalt", "turn:lanes": "through|through;right"}}, {"type": "Feature", "geometry": {"type": "LineString", "coordinates": [[-8.4361767, 40.2360224], [-8.4364834, 40.2374736]]}, "properties": {"destination": "Porto; Viseu; Figueira da Foz", "destination:ref:to": "A 1; A 14; IP 3; EN 111", "highway": "trunk", "lanes": "2", "lit": "no", "maxspeed": "100", "motorroad": "yes", "oneway": "yes", "ref": "IC 2", "source": "bing", "surface": "asphalt"}}, {"type": "Feature", "geometry": {"type": "LineString", "coordinates": [[-8.435729, 40.2335354], [-8.4359295, 40.2346625], [-8.4360825, 40.2354923]]}, "properties": {"highway": "trunk", "lanes": "2", "lit": "no", "maxspeed": "100", "motorroad": "yes", "oneway": "yes", "ref": "IC 2", "source": "bing", "surface": "asphalt"}}, {"type": "Feature", "geometry": {"type": "LineString", "coordinates": [[-8.4383729, 40.2412605], [-8.4380251, 40.2406868]]}, "properties": {"highway": "trunk", "lanes": "2", "lit": "no", "maxspeed": "100", "motorroad": "yes", "oneway": "yes", "ref": "IC 2", "source": "bing", "surface": "asphalt", "turn:lanes": "through|through;right"}}, {"type": "Feature", "geometry": {"type": "LineString", "coordinates": [[-8.4397231, 40.222533], [-8.4397331, 40.222292], [-8.4394781, 40.2209897]]}, "properties": {"bridge": "viaduct", "bridge:structure": "beam", "destination": "Lisboa;Porto", "highway": "trunk", "lanes": "2", "layer": "1", "maxweight:signed": "no", "motorroad": "yes", "oneway": "yes", "ref": "IC 2", "source": "bing", "surface": "asphalt"}}, {"type": "Feature", "geometry": {"type": "LineString", "coordinates": [[-8.4386341, 40.2237179], [-8.4391323, 40.2233213]]}, "properties": {"bridge": "viaduct", "bridge:structure": "beam", "highway": "trunk", "lanes": "2", "layer": "1", "lit": "yes", "motorroad": "yes", "oneway": "yes", "ref": "IC 2", "source": "bing", "surface": "asphalt"}}, {"type": "Feature", "geometry": {"type": "LineString", "coordinates": [[-8.4461155, 40.28971], [-8.4461205, 40.2891902]]}, "properties": {"highway": "trunk", "lanes": "1", "maxspeed": "90", "oneway": "yes", "ref": "IC 2;EN 1", "surface": "asphalt"}}, {"type": "Feature", "geometry": {"type": "LineString", "coordinates": [[-8.4461289, 40.288756], [-8.446132, 40.2884715]]}, "properties": {"change": "no", "highway": "trunk", "lanes": "1", "maxspeed": "90", "oneway": "yes", "ref": "IC 2;EN 1", "surface": "asphalt"}}, {"type": "Feature", "geometry": {"type": "LineString", "coordinates": [[-8.446132, 40.2884715], [-8.4461156, 40.2882004]]}, "properties": {"destination": "Coimbra;Lisboa;Porto;Figueira da Foz", "highway": "trunk", "lanes": "1", "maxspeed": "90", "oneway": "yes", "ref": "IC 2;EN 1", "surface": "asphalt"}}, {"type": "Feature", "geometry": {"type": "LineString", "coordinates": [[-8.4461156, 40.2882004], [-8.4460418, 40.2875196]]}, "properties": {"highway": "trunk", "lanes": "1", "lit": "yes", "maxspeed": "90", "oneway": "yes", "ref": "IC 2;EN 1", "surface": "asphalt"}}, {"type": "Feature", "geometry": {"type": "LineString", "coordinates": [[-8.446006, 40.2885378], [-8.4460161, 40.2890332]]}, "properties": {"destination": "Porto", "highway": "trunk", "lanes": "2", "maxspeed": "90", "oneway": "yes", "placement": "right_of:1", "ref": "IC 2;EN 1", "surface": "asphalt"}}, {"type": "Feature", "geometry": {"type": "LineString", "coordinates": [[-8.446002, 40.2882948], [-8.446006, 40.2885378]]}, "properties": {"change": "no", "highway": "trunk", "lanes": "2", "lit": "yes", "maxspeed": "90", "oneway": "yes", "placement": "right_of:2", "ref": "IC 2;EN 1", "surface": "asphalt"}}, {"type": "Feature", "geometry": {"type": "LineString", "coordinates": [[-8.4459706, 40.2875245], [-8.4459944, 40.2879654]]}, "properties": {"highway": "trunk", "lanes": "2", "lit": "yes", "maxspeed": "90", "oneway": "yes", "ref": "IC 2;EN 1", "surface": "asphalt", "turn:lanes": "through;left|through"}}, {"type": "Feature", "geometry": {"type": "LineString", "coordinates": [[-8.4459944, 40.2879654], [-8.446002, 40.2882948]]}, "properties": {"change:lanes": "yes|not_right|no", "highway": "trunk", "lanes": "2", "lit": "yes", "maxspeed": "90", "oneway": "yes", "placement": "right_of:2", "ref": "IC 2;EN 1", "surface": "asphalt", "turn:lanes": "left|through|through;right"}}, {"type": "Feature", "geometry": {"type": "LineString", "coordinates": [[-8.4440043, 40.2753272], [-8.4442434, 40.2756766]]}, "properties": {"highway": "trunk", "lanes": "3", "maxspeed": "100", "minspeed": "40", "motorroad": "yes", "old_ref": "EN 1", "oneway": "yes", "placement": "right_of:1", "ref": "IC 2", "surface": "asphalt"}}, {"type": "Feature", "geometry": {"type": "LineString", "coordinates": [[-8.4442434, 40.2756766], [-8.4446888, 40.2763377], [-8.4452452, 40.2771685], [-8.4453651, 40.2773771]]}, "properties": {"highway": "trunk", "lanes": "2", "lit": "no", "maxspeed": "100", "minspeed": "40", "motorroad": "yes", "old_ref": "EN 1", "oneway": "yes", "ref": "IC 2", "surface": "asphalt"}}, {"type": "Feature", "geometry": {"type": "LineString", "coordinates": [[-8.4456317, 40.2776583], [-8.4454267, 40.277294]]}, "properties": {"highway": "trunk", "lanes": "3", "maxspeed": "100", "old_ref": "EN 1", "oneway": "yes", "placement": "right_of:1", "ref": "IC 2", "surface": "asphalt", "turn:lanes": "||right"}}, {"type": "Feature", "geometry": {"type": "LineString", "coordinates": [[-8.4457853, 40.2779949], [-8.4456317, 40.2776583]]}, "properties": {"highway": "trunk", "lanes": "2", "maxspeed": "100", "old_ref": "EN 1", "oneway": "yes", "ref": "IC 2", "surface": "asphalt"}}, {"type": "Feature", "geometry": {"type": "LineString", "coordinates": [[-8.4437254, 40.2146856], [-8.443484, 40.2147399]]}, "properties": {"highway": "trunk", "lanes": "3", "maxspeed": "60", "maxspeed:type": "sign", "motorroad": "yes", "oneway": "yes", "ref": "IC 2", "surface": "asphalt", "turn:lanes": "through|through|right"}}, {"type": "Feature", "geometry": {"type": "LineString", "coordinates": [[-8.4444561, 40.2145091], [-8.4439346, 40.2146395], [-8.4437254, 40.2146856]]}, "properties": {"highway": "trunk", "lanes": "3", "maxspeed": "60", "maxspeed:type": "sign", "motorroad": "yes", "oneway": "yes", "ref": "IC 2", "surface": "asphalt", "turn:lanes": "through|through;right|right"}}, {"type": "Feature", "geometry": {"type": "LineString", "coordinates": [[-8.4440899, 40.2147232], [-8.44449, 40.2146308]]}, "properties": {"highway": "trunk", "lanes": "3", "motorroad": "yes", "oneway": "yes", "ref": "IC 2", "surface": "asphalt"}}, {"type": "Feature", "geometry": {"type": "LineString", "coordinates": [[-8.4430855, 40.2148974], [-8.4433953, 40.2148668], [-8.4437549, 40.2147931], [-8.4440899, 40.2147232]]}, "properties": {"destination": "S\u00e3o Martinho do Bispo;Lisboa;Cov\u00f5es", "destination:ref:to": "A 1", "destination:symbol": "motorway", "highway": "trunk", "lanes": "2", "motorroad": "yes", "oneway": "yes", "ref": "IC 2", "surface": "asphalt"}}, {"type": "Feature", "geometry": {"type": "LineString", "coordinates": [[-8.4419403, 40.2147686], [-8.4420945, 40.2147621], [-8.4422018, 40.2147643], [-8.4422793, 40.2147734], [-8.4425546, 40.2148174]]}, "properties": {"bridge": "viaduct", "bridge:structure": "beam", "highway": "trunk", "lanes": "3", "layer": "1", "maxweight": "3.5", "motorroad": "yes", "oneway": "yes", "ref": "IC 2", "source": "bing", "surface": "asphalt", "turn:lanes": "through|through;right"}}, {"type": "Feature", "geometry": {"type": "LineString", "coordinates": [[-8.6438747, 39.8989313], [-8.6437721, 39.8989644]]}, "properties": {"highway": "trunk", "lanes": "2", "maxspeed": "80", "ref": "IC 2;EN 1", "surface": "asphalt"}}, {"type": "Feature", "geometry": {"type": "LineString", "coordinates": [[-8.4882172, 40.1262895], [-8.4888976, 40.1259642], [-8.489748, 40.1255401]]}, "properties": {"highway": "trunk", "lanes": "2", "lit": "yes", "maxspeed": "90", "old_ref": "EN 1", "oneway": "yes", "ref": "IC 2", "source": "Bing", "surface": "asphalt"}}, {"type": "Feature", "geometry": {"type": "LineString", "coordinates": [[-8.4787772, 40.1308349], [-8.4797273, 40.1303871], [-8.4803974, 40.1300569]]}, "properties": {"cycleway:both": "no", "highway": "trunk", "lanes": "2", "lit": "no", "maxspeed": "90", "old_ref": "EN 1", "oneway": "yes", "ref": "IC 2", "smoothness": "excellent", "source": "Bing", "surface": "asphalt"}}, {"type": "Feature", "geometry": {"type": "LineString", "coordinates": [[-8.4786779, 40.1308694], [-8.4787772, 40.1308349]]}, "properties": {"cycleway:both": "no", "highway": "trunk", "lanes": "2", "lit": "no", "maxspeed": "70", "old_ref": "EN 1", "oneway": "yes", "ref": "IC 2", "smoothness": "excellent", "source": "Bing", "surface": "asphalt"}}, {"type": "Feature", "geometry": {"type": "LineString", "coordinates": [[-8.4704598, 40.1352509], [-8.4699687, 40.1354822], [-8.4696772, 40.1356601], [-8.4695533, 40.1357599], [-8.4694437, 40.1358663]]}, "properties": {"cycleway:both": "no", "highway": "trunk", "lanes": "1", "lit": "yes", "maxspeed": "70", "old_ref": "EN 1", "oneway": "yes", "ref": "IC 2", "surface": "asphalt"}}, {"type": "Feature", "geometry": {"type": "LineString", "coordinates": [[-8.4783314, 40.1309979], [-8.4786779, 40.1308694]]}, "properties": {"bridge": "viaduct", "cycleway:both": "no", "highway": "trunk", "lanes": "2", "layer": "1", "lit": "no", "maxspeed": "70", "maxweight:signed": "no", "old_ref": "EN 1", "oneway": "yes", "ref": "IC 2", "smoothness": "excellent", "surface": "asphalt"}}, {"type": "Feature", "geometry": {"type": "LineString", "coordinates": [[-8.7652986, 39.7736632], [-8.7654199, 39.7735328]]}, "properties": {"highway": "trunk", "lanes": "2", "lit": "yes", "maxspeed:backward": "80", "maxspeed:forward": "60", "ref": "IC 2;EN 1", "surface": "asphalt"}}, {"type": "Feature", "geometry": {"type": "LineString", "coordinates": [[-8.7721847, 39.7687174], [-8.7710516, 39.7692205]]}, "properties": {"highway": "trunk", "lanes": "1", "lit": "no", "maxspeed": "60", "old_ref": "EN 1", "oneway": "yes", "ref": "IC 2;EN 1", "surface": "asphalt"}}, {"type": "Feature", "geometry": {"type": "LineString", "coordinates": [[-8.4505027, 40.1947783], [-8.450412, 40.1941585]]}, "properties": {"highway": "trunk", "lanes": "2", "lit": "yes", "maxspeed": "70", "motorroad": "yes", "oneway": "yes", "ref": "IC 2"}}, {"type": "Feature", "geometry": {"type": "LineString", "coordinates": [[-8.4461881, 40.2133786], [-8.4460943, 40.2136707], [-8.4459598, 40.2138277], [-8.4458542, 40.2138938], [-8.4457747, 40.2139435]]}, "properties": {"highway": "trunk", "lanes": "2", "maxspeed": "40", "motorroad": "yes", "oneway": "yes", "ref": "IC 2", "surface": "asphalt"}}, {"type": "Feature", "geometry": {"type": "LineString", "coordinates": [[-8.4463574, 40.2139906], [-8.4462615, 40.2137557]]}, "properties": {"highway": "trunk", "lanes": "2", "maxspeed": "50", "motorroad": "yes", "oneway": "yes", "ref": "IC 2", "surface": "asphalt"}}, {"type": "Feature", "geometry": {"type": "LineString", "coordinates": [[-8.4461886, 40.2110532], [-8.4462947, 40.2121093]]}, "properties": {"highway": "trunk", "lanes": "2", "maxspeed": "70", "motorroad": "yes", "oneway": "yes", "ref": "IC 2", "surface": "asphalt"}}, {"type": "Feature", "geometry": {"type": "LineString", "coordinates": [[-8.4523944, 40.1972707], [-8.4525646, 40.1975028], [-8.4526783, 40.1977019]]}, "properties": {"highway": "trunk", "lanes": "2", "maxspeed": "90", "motorroad": "yes", "oneway": "yes", "ref": "IC 2"}}, {"type": "Feature", "geometry": {"type": "LineString", "coordinates": [[-8.8568656, 39.6197623], [-8.8568719, 39.6198009], [-8.8568806, 39.6198255], [-8.8569034, 39.6198902], [-8.8569593, 39.6199721], [-8.8570862, 39.6200702]]}, "properties": {"highway": "trunk", "junction": "roundabout", "lanes": "2", "maxspeed": "40", "ref": "IC 2;EN 1", "surface": "asphalt"}}, {"type": "Feature", "geometry": {"type": "LineString", "coordinates": [[-8.8579613, 39.6197615], [-8.8579538, 39.6196619], [-8.8579202, 39.6195734], [-8.8578625, 39.6194927], [-8.8577833, 39.6194235]]}, "properties": {"highway": "trunk", "junction": "roundabout", "lanes": "2", "maxspeed": "40", "ref": "IC 2;EN 1", "surface": "asphalt"}}, {"type": "Feature", "geometry": {"type": "LineString", "coordinates": [[-8.8575936, 39.6201349], [-8.8576699, 39.6201102]]}, "properties": {"highway": "trunk", "junction": "roundabout", "lanes": "2", "maxspeed": "40", "ref": "IC 2;EN 1", "surface": "asphalt"}}, {"type": "Feature", "geometry": {"type": "LineString", "coordinates": [[-8.8573523, 39.6193184], [-8.8572871, 39.6193247], [-8.8571358, 39.6193716], [-8.8570551, 39.6194144], [-8.856995, 39.6194624]]}, "properties": {"highway": "trunk", "junction": "roundabout", "lanes": "2", "maxspeed": "40", "ref": "IC 2;EN 1", "surface": "asphalt"}}, {"type": "Feature", "geometry": {"type": "LineString", "coordinates": [[-8.8574389, 39.6009072], [-8.8574734, 39.6009236], [-8.8575142, 39.600935], [-8.8575476, 39.6009409], [-8.8575785, 39.600941], [-8.8576165, 39.6009361], [-8.8576519, 39.6009254]]}, "properties": {"highway": "trunk", "junction": "roundabout", "lanes": "2", "maxspeed": "50", "ref": "IC 2;EN 1", "surface": "asphalt"}}, {"type": "Feature", "geometry": {"type": "LineString", "coordinates": [[-8.8576801, 39.6004581], [-8.8576086, 39.6004316], [-8.8575305, 39.6004264]]}, "properties": {"highway": "trunk", "junction": "roundabout", "lanes": "2", "maxspeed": "50", "ref": "IC 2;EN 1", "surface": "asphalt"}}, {"type": "Feature", "geometry": {"type": "LineString", "coordinates": [[-8.8576519, 39.6009254], [-8.857696, 39.6008927], [-8.8577273, 39.6008619], [-8.8577469, 39.6008193], [-8.8577643, 39.600771], [-8.8577767, 39.6007282], [-8.8577812, 39.6006554], [-8.8577776, 39.6006333], [-8.857771, 39.6005931], [-8.8577494, 39.6005388], [-8.8577047, 39.6004792], [-8.8576801, 39.6004581]]}, "properties": {"highway": "trunk", "junction": "roundabout", "lanes": "2", "maxspeed": "50", "ref": "IC 2;EN 1", "surface": "asphalt"}}, {"type": "Feature", "geometry": {"type": "LineString", "coordinates": [[-8.8577833, 39.6194235], [-8.8576976, 39.6193753]]}, "properties": {"highway": "trunk", "junction": "roundabout", "lanes": "2", "maxspeed": "40", "ref": "IC 2;EN 1", "surface": "asphalt"}}, {"type": "Feature", "geometry": {"type": "LineString", "coordinates": [[-8.8579435, 39.6198499], [-8.8579613, 39.6197615]]}, "properties": {"highway": "trunk", "junction": "roundabout", "lanes": "2", "maxspeed": "40", "ref": "IC 2;EN 1", "surface": "asphalt"}}, {"type": "Feature", "geometry": {"type": "LineString", "coordinates": [[-8.9433777, 39.3051499], [-8.9429013, 39.3054656]]}, "properties": {"highway": "trunk", "lanes": "1", "oneway": "yes", "ref": "IC 2", "surface": "asphalt", "turn:lanes": "through;slight_right"}}, {"type": "Feature", "geometry": {"type": "LineString", "coordinates": [[-8.939564, 39.3078132], [-8.9416282, 39.3064087]]}, "properties": {"highway": "trunk", "lanes": "1", "oneway": "yes", "ref": "IC 2", "surface": "asphalt"}}, {"type": "Feature", "geometry": {"type": "LineString", "coordinates": [[-8.9379076, 39.3089503], [-8.9382242, 39.3087329]]}, "properties": {"highway": "trunk", "lanes": "3", "oneway": "yes", "ref": "IC 2", "surface": "asphalt", "turn:lanes": "through|through|slight_right"}}, {"type": "Feature", "geometry": {"type": "LineString", "coordinates": [[-8.9369954, 39.3097914], [-8.9370774, 39.3096924], [-8.9371679, 39.3095869], [-8.9372532, 39.3094926], [-8.9373575, 39.3093847], [-8.9374635, 39.3092894], [-8.9375706, 39.3092013], [-8.9377, 39.3091027], [-8.9379076, 39.3089503]]}, "properties": {"highway": "trunk", "lanes": "2", "oneway": "yes", "ref": "IC 2", "surface": "asphalt", "turn:lanes": "through|through;slight_right"}}, {"type": "Feature", "geometry": {"type": "LineString", "coordinates": [[-8.9415617, 39.3063757], [-8.9414362, 39.3064688], [-8.9394703, 39.3077777]]}, "properties": {"highway": "trunk", "lanes": "1", "oneway": "yes", "ref": "IC 2", "surface": "asphalt"}}, {"type": "Feature", "geometry": {"type": "LineString", "coordinates": [[-8.9394703, 39.3077777], [-8.9380796, 39.3087119]]}, "properties": {"highway": "trunk", "lanes": "2", "oneway": "yes", "ref": "IC 2", "surface": "asphalt"}}, {"type": "Feature", "geometry": {"type": "LineString", "coordinates": [[-8.9380796, 39.3087119], [-8.937863, 39.3088598], [-8.9377075, 39.3089733], [-8.9375678, 39.3090822], [-8.9374337, 39.3091901], [-8.9373194, 39.3092912], [-8.937217, 39.3093877], [-8.9371063, 39.3094994], [-8.9370036, 39.3096171]]}, "properties": {"highway": "trunk", "lanes": "2", "oneway": "yes", "ref": "IC 2", "surface": "asphalt", "turn:lanes": "through|slight_right"}}, {"type": "Feature", "geometry": {"type": "LineString", "coordinates": [[-8.9363547, 39.3157043], [-8.9363884, 39.3153933], [-8.9363835, 39.3148216], [-8.9363809, 39.3143056]]}, "properties": {"highway": "trunk", "lanes": "1", "oneway": "yes", "ref": "IC 2", "surface": "concrete"}}, {"type": "Feature", "geometry": {"type": "LineString", "coordinates": [[-8.9363034, 39.3142359], [-8.9363085, 39.3148095], [-8.9363012, 39.3154325], [-8.9363547, 39.3157043]]}, "properties": {"highway": "trunk", "lanes": "1", "oneway": "yes", "ref": "IC 2", "surface": "asphalt"}}, {"type": "Feature", "geometry": {"type": "LineString", "coordinates": [[-8.9363012, 39.3129095], [-8.9363034, 39.3142359]]}, "properties": {"highway": "trunk", "lanes": "2", "oneway": "yes", "ref": "IC 2", "surface": "asphalt", "turn:lanes": "none|merge_to_left"}}, {"type": "Feature", "geometry": {"type": "LineString", "coordinates": [[-8.9387859, 39.3083467], [-8.939564, 39.3078132]]}, "properties": {"highway": "trunk", "lanes": "2", "oneway": "yes", "ref": "IC 2", "surface": "asphalt", "turn:lanes": "none|merge_to_left"}}, {"type": "Feature", "geometry": {"type": "LineString", "coordinates": [[-8.9382242, 39.3087329], [-8.9387859, 39.3083467]]}, "properties": {"highway": "trunk", "lanes": "2", "oneway": "yes", "ref": "IC 2", "surface": "asphalt"}}, {"type": "Feature", "geometry": {"type": "LineString", "coordinates": [[-8.4483905, 40.3051799], [-8.4483847, 40.3051528], [-8.4483584, 40.3050435], [-8.448348, 40.3049939]]}, "properties": {"highway": "trunk", "lanes": "1", "maxspeed": "50", "name": "Rua da Feira", "oneway": "yes", "ref": "IC 2;EN 1", "surface": "asphalt"}}, {"type": "Feature", "geometry": {"type": "LineString", "coordinates": [[-8.4484266, 40.30535], [-8.4483905, 40.3051799]]}, "properties": {"highway": "trunk", "lanes": "1", "maxspeed": "50", "name": "Rua da Feira", "oneway": "yes", "ref": "IC 2;EN 1", "surface": "asphalt"}}, {"type": "Feature", "geometry": {"type": "LineString", "coordinates": [[-8.9607763, 39.4242055], [-8.9607519, 39.4243776], [-8.9607233, 39.424468], [-8.9604754, 39.4250492], [-8.960302, 39.425456], [-8.9595549, 39.4272087], [-8.9593327, 39.4277299], [-8.9586131, 39.429418], [-8.958469, 39.4297562], [-8.9576489, 39.4316799], [-8.956692, 39.4339247], [-8.9562454, 39.4349889], [-8.9561978, 39.4350983], [-8.9561544, 39.4351652], [-8.9561056, 39.4352238], [-8.9560637, 39.4352615]]}, "properties": {"highway": "trunk", "lanes": "1", "maxspeed": "50", "oneway": "yes", "ref": "IC 2;EN 1", "surface": "asphalt"}}, {"type": "Feature", "geometry": {"type": "LineString", "coordinates": [[-8.9609541, 39.4242626], [-8.9610324, 39.4242504], [-8.9611009, 39.4242186], [-8.9611516, 39.4241709], [-8.9611787, 39.4241127], [-8.9611789, 39.424051], [-8.9611653, 39.4240135], [-8.9611415, 39.4239792]]}, "properties": {"highway": "trunk", "junction": "roundabout", "lanes": "2", "maxspeed": "50", "ref": "IC 2;EN 1", "surface": "asphalt"}}, {"type": "Feature", "geometry": {"type": "LineString", "coordinates": [[-8.9561238, 39.435603], [-8.9561804, 39.4355935], [-8.956232, 39.4355731], [-8.9562791, 39.4355392], [-8.9563118, 39.4354964], [-8.9563274, 39.4354481], [-8.9563244, 39.4353985], [-8.9563033, 39.4353516], [-8.9562658, 39.4353112]]}, "properties": {"highway": "trunk", "junction": "roundabout", "lanes": "2", "maxspeed": "50", "ref": "IC 2;EN 1", "surface": "asphalt"}}, {"type": "Feature", "geometry": {"type": "LineString", "coordinates": [[-8.9559229, 39.4355309], [-8.9559225, 39.4356055], [-8.9559147, 39.4356775], [-8.9558977, 39.4357703], [-8.9558047, 39.4361194]]}, "properties": {"highway": "trunk", "lanes": "1", "oneway": "yes", "ref": "IC 2;EN 1", "surface": "asphalt"}}, {"type": "Feature", "geometry": {"type": "LineString", "coordinates": [[-8.9558047, 39.4361194], [-8.9560285, 39.435712], [-8.9560679, 39.4356577], [-8.9561238, 39.435603]]}, "properties": {"highway": "trunk", "lanes": "1", "maxspeed": "50", "oneway": "yes", "ref": "IC 2;EN 1", "surface": "asphalt"}}, {"type": "Feature", "geometry": {"type": "LineString", "coordinates": [[-8.9616497, 39.4061264], [-8.9616246, 39.4061478], [-8.9616044, 39.4061722], [-8.9615898, 39.4061987], [-8.9615797, 39.406235], [-8.9615799, 39.4062721], [-8.9615904, 39.4063083], [-8.9616107, 39.4063419], [-8.9616398, 39.4063715], [-8.9616763, 39.4063955]]}, "properties": {"highway": "trunk", "junction": "roundabout", "lanes": "1", "maxspeed": "50", "ref": "IC 2;EN 1", "surface": "asphalt"}}, {"type": "Feature", "geometry": {"type": "LineString", "coordinates": [[-8.959912, 39.3908798], [-8.9598616, 39.3909014], [-8.9598196, 39.3909319], [-8.9597885, 39.3909694], [-8.9597702, 39.3910117], [-8.9597658, 39.3910561], [-8.9597756, 39.3911], [-8.9597989, 39.3911407], [-8.9598344, 39.3911758]]}, "properties": {"highway": "trunk", "junction": "roundabout", "lanes": "1", "maxspeed": "50", "ref": "IC 2;EN 1", "surface": "asphalt"}}, {"type": "Feature", "geometry": {"type": "LineString", "coordinates": [[-8.9602182, 39.3901697], [-8.9600798, 39.3905525], [-8.9600417, 39.3906471], [-8.9600022, 39.3907388], [-8.9599515, 39.3908223], [-8.959912, 39.3908798]]}, "properties": {"highway": "trunk", "lanes": "1", "maxspeed": "50", "oneway": "yes", "ref": "IC 2;EN 1", "surface": "asphalt"}}, {"type": "Feature", "geometry": {"type": "LineString", "coordinates": [[-8.9601689, 39.3909208], [-8.9601616, 39.3908329], [-8.9601592, 39.3907577], [-8.9601663, 39.3906681], [-8.9602182, 39.3901697]]}, "properties": {"highway": "trunk", "lanes": "1", "maxspeed": "70", "oneway": "yes", "ref": "IC 2;EN 1", "surface": "asphalt"}}, {"type": "Feature", "geometry": {"type": "LineString", "coordinates": [[-8.9598344, 39.3911758], [-8.9598693, 39.3912351], [-8.9598843, 39.3913023], [-8.9598894, 39.3913759], [-8.9598708, 39.3918909], [-8.9598733, 39.3920916]]}, "properties": {"highway": "trunk", "lanes": "1", "maxspeed": "50", "oneway": "yes", "ref": "IC 2;EN 1", "surface": "asphalt"}}, {"type": "Feature", "geometry": {"type": "LineString", "coordinates": [[-8.9598733, 39.3920916], [-8.9599298, 39.3918924], [-8.9600296, 39.3914116], [-8.9600484, 39.3913238], [-8.9600765, 39.3912639], [-8.9601109, 39.391207]]}, "properties": {"highway": "trunk", "lanes": "1", "maxspeed": "50", "oneway": "yes", "ref": "IC 2;EN 1", "surface": "asphalt"}}, {"type": "Feature", "geometry": {"type": "LineString", "coordinates": [[-8.8102274, 39.7581807], [-8.8111298, 39.7577163]]}, "properties": {"bicycle": "no", "foot": "no", "highway": "trunk", "horse": "no", "lanes": "1", "lit": "no", "maxspeed": "70", "oneway": "yes", "ref": "IC 2", "smoothness": "excellent", "surface": "asphalt"}}, {"type": "Feature", "geometry": {"type": "LineString", "coordinates": [[-8.7833655, 39.7636834], [-8.7832318, 39.7637101], [-8.7831341, 39.7637222], [-8.7830639, 39.7637267]]}, "properties": {"bicycle": "no", "foot": "no", "highway": "trunk", "horse": "no", "lanes": "2", "lit": "yes", "maxspeed": "40", "oneway": "yes", "ref": "IC 2", "sidewalk": "no", "smoothness": "excellent", "surface": "asphalt", "traffic_calming": "rumble_strip"}}, {"type": "Feature", "geometry": {"type": "LineString", "coordinates": [[-8.7831195, 39.7639373], [-8.7832214, 39.7638931], [-8.7836225, 39.7637625], [-8.7841091, 39.7636354], [-8.7843011, 39.7635942], [-8.7844974, 39.7635595], [-8.784887, 39.7634939]]}, "properties": {"bicycle": "no", "foot": "no", "highway": "trunk", "horse": "no", "lanes": "2", "lit": "yes", "maxspeed": "80", "oneway": "yes", "ref": "IC 2", "sidewalk": "no", "smoothness": "excellent", "surface": "asphalt", "turn:lanes": "none|merge_to_left"}}, {"type": "Feature", "geometry": {"type": "LineString", "coordinates": [[-8.782484, 39.7641962], [-8.7826647, 39.764117], [-8.7828229, 39.7640646]]}, "properties": {"highway": "trunk", "lanes": "2", "lit": "yes", "maxspeed": "40", "oneway": "yes", "ref": "IC 2", "sidewalk": "no", "smoothness": "excellent", "surface": "asphalt"}}, {"type": "Feature", "geometry": {"type": "LineString", "coordinates": [[-8.7820748, 39.7643756], [-8.782484, 39.7641962]]}, "properties": {"highway": "trunk", "lanes": "2", "lit": "yes", "maxspeed": "40", "oneway": "yes", "ref": "IC 2", "sidewalk": "no", "smoothness": "excellent", "surface": "asphalt", "traffic_calming": "rumble_strip"}}, {"type": "Feature", "geometry": {"type": "LineString", "coordinates": [[-8.7492001, 39.788075], [-8.7490903, 39.7881599], [-8.7489409, 39.7882501], [-8.7488299, 39.7883007]]}, "properties": {"highway": "trunk", "lanes": "2", "lit": "no", "maxspeed": "50", "oneway": "yes", "ref": "IC 2;EN 1", "surface": "asphalt"}}, {"type": "Feature", "geometry": {"type": "LineString", "coordinates": [[-8.7505343, 39.7871051], [-8.7511515, 39.7865724], [-8.7512085, 39.7864812]]}, "properties": {"highway": "trunk", "lanes": "1", "lit": "no", "maxspeed": "60", "oneway": "yes", "ref": "IC 2;EN 1", "surface": "asphalt"}}, {"type": "Feature", "geometry": {"type": "LineString", "coordinates": [[-8.7483999, 39.7890855], [-8.7485326, 39.7889244]]}, "properties": {"highway": "trunk", "lanes": "2", "lit": "no", "maxspeed": "50", "oneway": "yes", "ref": "IC 2;EN 1", "surface": "asphalt", "traffic_calming": "rumble_strip"}}, {"type": "Feature", "geometry": {"type": "LineString", "coordinates": [[-8.7479537, 39.7895569], [-8.7479027, 39.7896599], [-8.7478478, 39.7897764], [-8.7477874, 39.7899299], [-8.7477566, 39.7900124], [-8.7476989, 39.7901587], [-8.7476456, 39.7903272], [-8.7476409, 39.7904638]]}, "properties": {"highway": "trunk", "lanes": "1", "lit": "no", "maxspeed": "50", "oneway": "yes", "ref": "IC 2;EN 1", "surface": "asphalt"}}, {"type": "Feature", "geometry": {"type": "LineString", "coordinates": [[-8.74824, 39.7890907], [-8.7481857, 39.7891673], [-8.7481106, 39.7892828], [-8.7480462, 39.7893889], [-8.7480006, 39.7894693], [-8.7479537, 39.7895569]]}, "properties": {"highway": "trunk", "lanes": "2", "lit": "no", "maxspeed": "50", "oneway": "yes", "ref": "IC 2;EN 1", "surface": "asphalt", "turn:lanes": "none|merge_to_left"}}, {"type": "Feature", "geometry": {"type": "LineString", "coordinates": [[-8.7469203, 39.7932523], [-8.7470133, 39.7928825]]}, "properties": {"highway": "trunk", "lanes": "3", "lanes:backward": "1", "lanes:forward": "2", "lit": "no", "maxspeed": "80", "ref": "IC 2;EN 1", "surface": "asphalt"}}, {"type": "Feature", "geometry": {"type": "LineString", "coordinates": [[-8.7675387, 39.7716204], [-8.7675912, 39.7716107], [-8.7676395, 39.7715921], [-8.7676812, 39.7715658], [-8.7677142, 39.7715331], [-8.7677368, 39.7714956], [-8.767748, 39.7714551], [-8.7677471, 39.7714137], [-8.7677374, 39.7713805], [-8.76772, 39.7713493]]}, "properties": {"highway": "trunk", "junction": "roundabout", "lanes": "2", "lit": "yes", "maxspeed": "50", "old_ref": "EN 1", "ref": "IC 2;EN 1", "surface": "asphalt"}}, {"type": "Feature", "geometry": {"type": "LineString", "coordinates": [[-8.76772, 39.7713493], [-8.767689, 39.7713152], [-8.7676489, 39.7712873], [-8.7676016, 39.771267], [-8.7675498, 39.7712555], [-8.7674957, 39.771253]]}, "properties": {"highway": "trunk", "junction": "roundabout", "lanes": "2", "lit": "yes", "maxspeed": "50", "old_ref": "EN 1", "ref": "IC 2;EN 1", "surface": "asphalt"}}, {"type": "Feature", "geometry": {"type": "LineString", "coordinates": [[-8.7673035, 39.7715329], [-8.76733, 39.7715603], [-8.7673624, 39.7715835], [-8.7673999, 39.7716017], [-8.7674412, 39.7716143], [-8.7675387, 39.7716204]]}, "properties": {"highway": "trunk", "junction": "roundabout", "lanes": "2", "lit": "yes", "maxspeed": "50", "old_ref": "EN 1", "ref": "IC 2;EN 1", "surface": "asphalt"}}, {"type": "Feature", "geometry": {"type": "LineString", "coordinates": [[-8.7831195, 39.7639373], [-8.7831356, 39.7638822], [-8.7831311, 39.7638259], [-8.7831066, 39.7637726], [-8.7830639, 39.7637267]]}, "properties": {"cycleway:both": "no", "highway": "trunk", "junction": "roundabout", "lanes": "2", "lit": "yes", "maxspeed": "40", "ref": "IC 2", "sidewalk": "no", "smoothness": "excellent", "surface": "asphalt"}}, {"type": "Feature", "geometry": {"type": "LineString", "coordinates": [[-8.7828229, 39.7640646], [-8.7828964, 39.7640676], [-8.7829681, 39.7640548], [-8.7830324, 39.7640272], [-8.7830842, 39.763987], [-8.7831195, 39.7639373]]}, "properties": {"cycleway:both": "no", "highway": "trunk", "junction": "roundabout", "lanes": "2", "lit": "yes", "maxspeed": "40", "ref": "IC 2", "sidewalk": "no", "smoothness": "excellent", "surface": "asphalt"}}, {"type": "Feature", "geometry": {"type": "LineString", "coordinates": [[-8.7829367, 39.7636698], [-8.7828474, 39.7636648], [-8.7827611, 39.7636831], [-8.7826878, 39.7637226], [-8.7826359, 39.7637787]]}, "properties": {"cycleway:both": "no", "highway": "trunk", "junction": "roundabout", "lanes": "2", "lit": "yes", "maxspeed": "40", "ref": "IC 2", "sidewalk": "no", "smoothness": "excellent", "surface": "asphalt"}}, {"type": "Feature", "geometry": {"type": "LineString", "coordinates": [[-8.7826359, 39.7637787], [-8.7826151, 39.7638267], [-8.7826105, 39.7638771], [-8.7826222, 39.7639268]]}, "properties": {"cycleway:both": "no", "highway": "trunk", "junction": "roundabout", "lanes": "2", "lit": "yes", "maxspeed": "40", "ref": "IC 2", "sidewalk": "no", "smoothness": "excellent", "surface": "asphalt"}}, {"type": "Feature", "geometry": {"type": "LineString", "coordinates": [[-8.7830639, 39.7637267], [-8.7830265, 39.7637016], [-8.7829835, 39.7636824], [-8.7829367, 39.7636698]]}, "properties": {"cycleway:both": "no", "highway": "trunk", "junction": "roundabout", "lanes": "2", "lit": "yes", "maxspeed": "40", "ref": "IC 2", "sidewalk": "no", "smoothness": "excellent", "surface": "asphalt"}}, {"type": "Feature", "geometry": {"type": "LineString", "coordinates": [[-8.7026828, 39.8545124], [-8.7027042, 39.8544011], [-8.7027729, 39.8541333], [-8.7027963, 39.8540533]]}, "properties": {"highway": "trunk", "lanes": "1", "lit": "no", "maxspeed": "50", "old_ref": "EN 1", "oneway": "yes", "ref": "IC 2;EN 1", "surface": "asphalt"}}, {"type": "Feature", "geometry": {"type": "LineString", "coordinates": [[-8.6770584, 39.8810799], [-8.6769543, 39.881162]]}, "properties": {"highway": "trunk", "lanes": "3", "lanes:backward": "1", "lanes:both_ways": "1", "lanes:forward": "1", "lit": "yes", "maxspeed": "60", "ref": "IC 2;EN 1", "smoothness": "good", "surface": "asphalt", "turn:lanes:backward": "left|through", "turn:lanes:forward": "left|through"}}, {"type": "Feature", "geometry": {"type": "LineString", "coordinates": [[-8.6771473, 39.8810079], [-8.6770584, 39.8810799]]}, "properties": {"highway": "trunk", "lanes": "3", "lanes:backward": "1", "lanes:both_ways": "1", "lanes:forward": "1", "lit": "yes", "maxspeed": "60", "ref": "IC 2;EN 1", "smoothness": "good", "surface": "asphalt", "turn:lanes:backward": "left|through", "turn:lanes:forward": "left|through"}}, {"type": "Feature", "geometry": {"type": "LineString", "coordinates": [[-8.9414589, 39.2814634], [-8.9414722, 39.2815804], [-8.9415285, 39.2821925], [-8.9415671, 39.2828845]]}, "properties": {"highway": "trunk", "lanes": "1", "maxspeed": "90", "oneway": "yes", "ref": "IC 2", "surface": "asphalt"}}, {"type": "Feature", "geometry": {"type": "LineString", "coordinates": [[-8.722694, 39.8278383], [-8.7220381, 39.8287944]]}, "properties": {"highway": "trunk", "lanes": "2", "lit": "yes", "maxspeed": "50", "old_ref": "EN 1", "ref": "IC 2;EN 1", "smoothness": "good", "surface": "asphalt"}}, {"type": "Feature", "geometry": {"type": "LineString", "coordinates": [[-8.6286059, 39.9314866], [-8.6285536, 39.9316958], [-8.628518, 39.9318447]]}, "properties": {"highway": "trunk", "lanes": "1", "maxspeed": "60", "oneway": "yes", "ref": "IC 2;EN 1", "smoothness": "good", "surface": "asphalt", "turn:lanes": "through;slight_right"}}, {"type": "Feature", "geometry": {"type": "LineString", "coordinates": [[-8.628518, 39.9318447], [-8.6283626, 39.9324947]]}, "properties": {"highway": "trunk", "lanes": "2", "maxspeed": "60", "oneway": "yes", "ref": "IC 2;EN 1", "smoothness": "good", "surface": "asphalt", "turn:lanes": "through|slight_right"}}, {"type": "Feature", "geometry": {"type": "LineString", "coordinates": [[-8.9994923, 39.0652744], [-8.9993524, 39.0651563]]}, "properties": {"highway": "trunk", "lanes": "2", "name": "Variante de Alenquer", "oneway": "no", "ref": "IC 2", "surface": "asphalt"}}, {"type": "Feature", "geometry": {"type": "LineString", "coordinates": [[-8.9956372, 39.2093708], [-8.9952825, 39.2097013], [-8.9950426, 39.2099561]]}, "properties": {"highway": "primary", "lanes": "1", "oneway": "yes", "ref": "IC 2;EN 1", "surface": "asphalt"}}, {"type": "Feature", "geometry": {"type": "LineString", "coordinates": [[-8.9950426, 39.2099561], [-8.9946347, 39.2103174]]}, "properties": {"highway": "primary", "lanes": "2", "oneway": "yes", "ref": "IC 2;EN 1", "surface": "asphalt", "turn:lanes": "left|through"}}, {"type": "Feature", "geometry": {"type": "LineString", "coordinates": [[-8.9940143, 39.2108445], [-8.9943884, 39.210631]]}, "properties": {"highway": "primary", "lanes": "2", "oneway": "yes", "ref": "IC 2;EN 1", "surface": "asphalt", "turn:lanes": "through|slight_right"}}, {"type": "Feature", "geometry": {"type": "LineString", "coordinates": [[-8.9571438, 39.2244518], [-8.9573209, 39.2241145]]}, "properties": {"highway": "primary", "lanes": "2", "ref": "IC 2;EN 1", "surface": "asphalt"}}, {"type": "Feature", "geometry": {"type": "LineString", "coordinates": [[-8.9527299, 39.2484587], [-8.9525391, 39.2490542], [-8.9523388, 39.2500103], [-8.952283, 39.2509853], [-8.9522511, 39.251656], [-8.9522624, 39.2523829], [-8.95223, 39.2532678]]}, "properties": {"highway": "trunk", "lanes": "3", "lanes:backward": "1", "lanes:forward": "2", "maxspeed": "90", "ref": "IC 2", "surface": "asphalt"}}, {"type": "Feature", "geometry": {"type": "LineString", "coordinates": [[-8.9473539, 39.2651908], [-8.9462423, 39.2667856], [-8.9447003, 39.2690056], [-8.9446209, 39.2691128], [-8.9444539, 39.2693382], [-8.9442028, 39.2696685], [-8.9439986, 39.2699276], [-8.9437923, 39.2701857], [-8.9432822, 39.2708201], [-8.942731, 39.2715075], [-8.9425961, 39.271672], [-8.9424593, 39.2718356], [-8.9423047, 39.2720161], [-8.942151, 39.2721969], [-8.9420155, 39.2723696], [-8.9418809, 39.2725428], [-8.9417629, 39.2726879], [-8.9416539, 39.2728259], [-8.9415982, 39.2728926], [-8.9415433, 39.2729597], [-8.9414911, 39.2730325], [-8.9414606, 39.2730776]]}, "properties": {"highway": "trunk", "lanes": "3", "lanes:backward": "1", "lanes:forward": "2", "maxspeed": "90", "ref": "IC 2", "surface": "asphalt"}}, {"type": "Feature", "geometry": {"type": "LineString", "coordinates": [[-8.9615428, 39.3838404], [-8.96158, 39.3838177], [-8.9616104, 39.3837897], [-8.9616379, 39.3837468], [-8.9616498, 39.3836999], [-8.9616451, 39.3836523], [-8.9616193, 39.3836004], [-8.9615742, 39.3835571]]}, "properties": {"highway": "trunk", "junction": "roundabout", "lanes": "1", "maxspeed": "50", "ref": "IC 2;EN 1", "surface": "asphalt"}}, {"type": "Feature", "geometry": {"type": "LineString", "coordinates": [[-8.4839966, 40.7784393], [-8.484495, 40.7773221], [-8.4847159, 40.7768271], [-8.4848076, 40.776548], [-8.4848429, 40.7762635], [-8.4848342, 40.7760224], [-8.4847114, 40.7755728], [-8.4846945, 40.7754925], [-8.4846377, 40.7752259], [-8.4845935, 40.7750696], [-8.484204, 40.7734978], [-8.4841954, 40.7734635], [-8.4838652, 40.7721473]]}, "properties": {"check_date:surface": "2023-02-20", "highway": "primary", "lanes": "2", "maxspeed": "50", "name": "Estrada Nacional 1", "old_name": "Estrada Nacional 1", "oneway": "no", "ref": "IC 2;EN 1", "source": "Bing", "surface": "asphalt"}}, {"type": "Feature", "geometry": {"type": "LineString", "coordinates": [[-8.4519789, 40.338937], [-8.4520044, 40.3390907], [-8.4522788, 40.3417712], [-8.4522873, 40.3418853], [-8.4522885, 40.3420051], [-8.4522899, 40.3420807], [-8.4522826, 40.3421667], [-8.4522712, 40.3422303]]}, "properties": {"highway": "trunk", "lanes": "3", "lit": "yes", "maxspeed": "70", "oneway": "no", "ref": "IC 2;EN 1", "sidewalk:both": "no", "surface": "asphalt"}}, {"type": "Feature", "geometry": {"type": "LineString", "coordinates": [[-8.4815437, 40.7908915], [-8.4815878, 40.7908045], [-8.4816397, 40.7905298], [-8.4817013, 40.7901784], [-8.4817411, 40.7898589], [-8.481747, 40.7896854], [-8.4817486, 40.7894618], [-8.4817356, 40.7891715], [-8.4817272, 40.7890526], [-8.4817198, 40.7889588], [-8.4816695, 40.7883222], [-8.4816665, 40.7882528], [-8.4816597, 40.7881659], [-8.4816555, 40.7881122], [-8.4816452, 40.787967], [-8.4816029, 40.7874622], [-8.4815915, 40.7873723]]}, "properties": {"highway": "primary", "lanes": "1", "maxheight:signed": "no", "maxspeed": "50", "name": "Estrada Nacional 1", "old_name": "Estrada Nacional 1", "oneway": "yes", "ref": "IC 2;EN 1", "source": "Bing", "surface": "asphalt"}}, {"type": "Feature", "geometry": {"type": "LineString", "coordinates": [[-8.4827576, 40.7812461], [-8.4826873, 40.7813291], [-8.4822264, 40.7823595]]}, "properties": {"highway": "primary", "lanes": "1", "maxspeed": "50", "name": "Estrada Nacional 1", "old_name": "Estrada Nacional 1", "oneway": "yes", "ref": "IC 2;EN 1", "source": "Bing", "surface": "asphalt"}}, {"type": "Feature", "geometry": {"type": "LineString", "coordinates": [[-8.4817804, 40.7837015], [-8.4818316, 40.7835472], [-8.4818816, 40.7833913], [-8.4819189, 40.783275], [-8.4820154, 40.7830283], [-8.4821583, 40.7826957], [-8.4821965, 40.7826068], [-8.4823226, 40.7823276], [-8.4825143, 40.7818909], [-8.4827571, 40.7813466], [-8.4827576, 40.7812461]]}, "properties": {"highway": "primary", "lanes": "1", "maxspeed": "50", "name": "Estrada Nacional 1", "old_name": "Estrada Nacional 1", "oneway": "yes", "ref": "IC 2;EN 1", "surface": "asphalt"}}, {"type": "Feature", "geometry": {"type": "LineString", "coordinates": [[-8.4822264, 40.7823595], [-8.4821416, 40.7825491], [-8.4820311, 40.7827976], [-8.4820072, 40.7828516], [-8.4818869, 40.7831558], [-8.4818229, 40.7833336]]}, "properties": {"highway": "primary", "lanes": "1", "maxspeed": "50", "name": "Estrada Nacional 1", "old_name": "Estrada Nacional 1", "oneway": "yes", "ref": "IC 2;EN 1", "source": "Bing", "surface": "asphalt"}}, {"type": "Feature", "geometry": {"type": "LineString", "coordinates": [[-8.4806999, 40.7966305], [-8.4805791, 40.7963123], [-8.4804899, 40.7959862], [-8.4804809, 40.7959229], [-8.480458, 40.7957691], [-8.4804371, 40.7956284], [-8.4804267, 40.7953924], [-8.4804239, 40.7952679], [-8.4804274, 40.795027], [-8.4804334, 40.7949278], [-8.4804425, 40.7947772], [-8.4805006, 40.7944889], [-8.4805464, 40.7943233], [-8.4806554, 40.7939174], [-8.4809634, 40.7928823], [-8.4809951, 40.7927782], [-8.4814105, 40.7914119], [-8.4814849, 40.7911342], [-8.4815437, 40.7908915]]}, "properties": {"highway": "primary", "lanes": "2", "maxspeed": "50", "name": "Estrada Nacional 1", "old_name": "Estrada Nacional 1", "oneway": "no", "ref": "IC 2;EN 1", "source": "Bing", "surface": "asphalt"}}, {"type": "Feature", "geometry": {"type": "LineString", "coordinates": [[-8.4810753, 40.7998172], [-8.4812254, 40.7996231], [-8.4813226, 40.7993974], [-8.4813594, 40.7992863], [-8.4814009, 40.7991522], [-8.4814341, 40.798997], [-8.4814518, 40.7988227], [-8.4814556, 40.7986149], [-8.4814453, 40.7984348], [-8.4814438, 40.7984091], [-8.4814136, 40.7982479], [-8.4813724, 40.7980891], [-8.4813184, 40.7979392], [-8.4813, 40.797896], [-8.4812617, 40.7977933], [-8.4812479, 40.7977651]]}, "properties": {"highway": "primary", "lanes": "1", "maxspeed": "50", "name": "Estrada Nacional 1", "old_name": "Estrada Nacional 1", "oneway": "yes", "ref": "IC 2;EN 1", "source": "Bing", "surface": "asphalt"}}, {"type": "Feature", "geometry": {"type": "LineString", "coordinates": [[-8.4811512, 40.7977418], [-8.4811644, 40.7977696], [-8.4811806, 40.7978021], [-8.4811863, 40.7978147], [-8.481204, 40.7978521], [-8.4812291, 40.7979056], [-8.4812775, 40.7980549], [-8.4813093, 40.7981951], [-8.4813507, 40.7983993], [-8.4813706, 40.7985255], [-8.4813771, 40.7986468], [-8.4813741, 40.7987703], [-8.4813624, 40.7989183], [-8.481326, 40.7991018], [-8.4812733, 40.7992986], [-8.4812346, 40.7994157], [-8.4811376, 40.799643], [-8.4810753, 40.7998172]]}, "properties": {"highway": "primary", "lanes": "1", "maxspeed": "50", "name": "Estrada Nacional 1", "old_name": "Estrada Nacional 1", "oneway": "yes", "ref": "IC 2;EN 1", "surface": "asphalt"}}, {"type": "Feature", "geometry": {"type": "LineString", "coordinates": [[-8.4812479, 40.7977651], [-8.4812368, 40.7977389], [-8.4812265, 40.797714], [-8.4811441, 40.797535], [-8.4807775, 40.7967425], [-8.4806999, 40.7966305]]}, "properties": {"highway": "primary", "lanes": "1", "maxspeed": "50", "name": "Estrada Nacional 1", "old_name": "Estrada Nacional 1", "oneway": "yes", "ref": "IC 2;EN 1", "source": "Bing", "surface": "asphalt"}}, {"type": "Feature", "geometry": {"type": "LineString", "coordinates": [[-8.5173946, 40.0907733], [-8.517532, 40.0906323], [-8.5178835, 40.0902503], [-8.5180133, 40.0900798]]}, "properties": {"highway": "trunk", "lanes": "1", "maxspeed": "50", "oneway": "yes", "ref": "IC 2;EN 1", "surface": "asphalt"}}, {"type": "Feature", "geometry": {"type": "LineString", "coordinates": [[-8.4770529, 40.8034281], [-8.4771494, 40.8032522], [-8.4773562, 40.8029434], [-8.4775594, 40.8027107]]}, "properties": {"highway": "primary", "lanes": "3", "maxspeed": "50", "name": "Estrada Nacional 1", "old_name": "Estrada Nacional 1", "oneway": "no", "ref": "IC 2;EN 1", "source": "Bing", "surface": "asphalt"}}, {"type": "Feature", "geometry": {"type": "LineString", "coordinates": [[-8.476889, 40.8038411], [-8.476932, 40.8037087], [-8.4769876, 40.8035622], [-8.4770529, 40.8034281]]}, "properties": {"highway": "primary", "lanes": "3", "maxspeed": "50", "name": "Estrada Nacional 1", "old_name": "Estrada Nacional 1", "oneway": "no", "ref": "IC 2;EN 1", "source": "Bing", "surface": "asphalt"}}, {"type": "Feature", "geometry": {"type": "LineString", "coordinates": [[-8.4775594, 40.8027107], [-8.477746, 40.8025294], [-8.4779082, 40.8023916], [-8.4792013, 40.8014424]]}, "properties": {"highway": "primary", "lanes": "3", "maxspeed": "50", "name": "Estrada Nacional 1", "old_name": "Estrada Nacional 1", "oneway": "no", "ref": "IC 2;EN 1", "source": "Bing", "surface": "asphalt"}}, {"type": "Feature", "geometry": {"type": "LineString", "coordinates": [[-8.4792013, 40.8014424], [-8.4800148, 40.8008738]]}, "properties": {"highway": "primary", "lanes": "3", "maxspeed": "50", "name": "Estrada Nacional 1", "old_name": "Estrada Nacional 1", "oneway": "no", "ref": "IC 2;EN 1", "source": "Bing", "surface": "asphalt"}}, {"type": "Feature", "geometry": {"type": "LineString", "coordinates": [[-8.4800148, 40.8008738], [-8.4804375, 40.8005641]]}, "properties": {"highway": "primary", "lanes": "3", "maxspeed": "50", "name": "Estrada Nacional 1", "old_name": "Estrada Nacional 1", "oneway": "no", "ref": "IC 2;EN 1", "source": "Bing", "surface": "asphalt"}}, {"type": "Feature", "geometry": {"type": "LineString", "coordinates": [[-8.4804375, 40.8005641], [-8.4804995, 40.8005082], [-8.4806056, 40.800395], [-8.4807526, 40.8002448], [-8.4809097, 40.8000612], [-8.4809981, 40.7999392], [-8.4810753, 40.7998172]]}, "properties": {"highway": "primary", "lanes": "3", "maxspeed": "50", "name": "Estrada Nacional 1", "old_name": "Estrada Nacional 1", "oneway": "no", "ref": "IC 2;EN 1", "source": "Bing", "surface": "asphalt"}}, {"type": "Feature", "geometry": {"type": "LineString", "coordinates": [[-8.4827861, 40.7635508], [-8.4829231, 40.7632166]]}, "properties": {"highway": "primary", "lanes": "2", "maxspeed": "50", "old_name": "Estrada Nacional 1", "oneway": "no", "ref": "IC 2;EN 1", "source": "Bing", "surface": "asphalt"}}, {"type": "Feature", "geometry": {"type": "LineString", "coordinates": [[-8.4829231, 40.7632166], [-8.4830314, 40.762945], [-8.4831531, 40.7626507], [-8.4834099, 40.762021], [-8.4836956, 40.7613596], [-8.4838111, 40.7610758], [-8.483868, 40.7609361], [-8.4838966, 40.7608477], [-8.4839446, 40.760728], [-8.4839457, 40.7607251], [-8.4841299, 40.7602322], [-8.4844812, 40.7593403], [-8.4846183, 40.7589786], [-8.4847556, 40.7586523], [-8.4847658, 40.7586273], [-8.4850875, 40.7578764], [-8.4852295, 40.7575221]]}, "properties": {"highway": "primary", "lanes": "2", "maxspeed": "50", "old_name": "Estrada Nacional 1", "oneway": "no", "ref": "IC 2;EN 1", "source": "Bing", "surface": "asphalt"}}, {"type": "Feature", "geometry": {"type": "LineString", "coordinates": [[-8.4898581, 40.738525], [-8.4898339, 40.7384577], [-8.4898124, 40.7383944]]}, "properties": {"highway": "primary", "lanes": "2", "maxspeed": "50", "oneway": "no", "ref": "IC 2;EN 1", "surface": "asphalt"}}, {"type": "Feature", "geometry": {"type": "LineString", "coordinates": [[-8.4898124, 40.7383944], [-8.4897883, 40.7383418], [-8.4897642, 40.738288], [-8.4897333, 40.7382277], [-8.4897119, 40.7381923]]}, "properties": {"highway": "primary", "lanes": "2", "maxspeed": "50", "oneway": "no", "ref": "IC 2;EN 1", "surface": "asphalt"}}, {"type": "Feature", "geometry": {"type": "LineString", "coordinates": [[-8.4419182, 40.5012477], [-8.442037, 40.5009284], [-8.4427549, 40.4989487], [-8.4434573, 40.496943], [-8.4444884, 40.4940231], [-8.4458512, 40.4901067], [-8.4462582, 40.489052], [-8.4466069, 40.488061], [-8.4467595, 40.4877079], [-8.4469127, 40.4874295], [-8.44718, 40.4870242]]}, "properties": {"highway": "primary", "lanes": "2", "maxspeed": "90", "oneway": "no", "ref": "IC 2;EN 1", "surface": "asphalt"}}, {"type": "Feature", "geometry": {"type": "LineString", "coordinates": [[-8.4418521, 40.5015997], [-8.4418525, 40.5015631], [-8.4418612, 40.5015152], [-8.441874, 40.5014675]]}, "properties": {"highway": "primary", "lanes": "2", "maxspeed": "90", "oneway": "no", "ref": "IC 2;EN 1", "surface": "asphalt"}}, {"type": "Feature", "geometry": {"type": "LineString", "coordinates": [[-8.441874, 40.5014675], [-8.4419182, 40.5012477]]}, "properties": {"highway": "primary", "lanes": "2", "maxspeed": "90", "oneway": "no", "ref": "IC 2;EN 1", "surface": "asphalt"}}, {"type": "Feature", "geometry": {"type": "LineString", "coordinates": [[-8.4418733, 40.501833], [-8.4418546, 40.5016493], [-8.4418521, 40.5015997]]}, "properties": {"highway": "primary", "lanes": "2", "maxspeed": "90", "oneway": "no", "ref": "IC 2;EN 1", "surface": "asphalt"}}, {"type": "Feature", "geometry": {"type": "LineString", "coordinates": [[-8.4541925, 40.4561593], [-8.4541401, 40.4559761], [-8.4541066, 40.4558509]]}, "properties": {"highway": "primary", "lanes": "2", "maxspeed": "70", "oneway": "no", "ref": "IC 2;EN 1", "source": "Bing", "surface": "asphalt"}}, {"type": "Feature", "geometry": {"type": "LineString", "coordinates": [[-8.4541066, 40.4558509], [-8.4540991, 40.4558124]]}, "properties": {"highway": "primary", "lanes": "2", "maxspeed": "70", "oneway": "no", "ref": "IC 2;EN 1", "source": "Bing", "surface": "asphalt"}}, {"type": "Feature", "geometry": {"type": "LineString", "coordinates": [[-8.4540991, 40.4558124], [-8.4540502, 40.4555819]]}, "properties": {"highway": "primary", "lanes": "2", "maxspeed": "70", "oneway": "no", "ref": "IC 2;EN 1", "source": "Bing", "surface": "asphalt"}}, {"type": "Feature", "geometry": {"type": "LineString", "coordinates": [[-8.4540502, 40.4555819], [-8.4540169, 40.4553236], [-8.4540125, 40.4552972], [-8.4539359, 40.4548424]]}, "properties": {"highway": "primary", "lanes": "2", "maxspeed": "70", "oneway": "no", "ref": "IC 2;EN 1", "source": "Bing", "surface": "asphalt"}}, {"type": "Feature", "geometry": {"type": "LineString", "coordinates": [[-8.4503563, 40.3485554], [-8.4506824, 40.3489997], [-8.4511019, 40.3495379], [-8.4513985, 40.3499454], [-8.4515881, 40.3502474], [-8.451735, 40.3505316], [-8.4518676, 40.3508499]]}, "properties": {"highway": "trunk", "lanes": "3", "lit": "no", "maxspeed": "70", "oneway": "no", "ref": "IC 2;EN 1", "surface": "asphalt"}}, {"type": "Feature", "geometry": {"type": "LineString", "coordinates": [[-8.4503038, 40.3484749], [-8.4503563, 40.3485554]]}, "properties": {"highway": "trunk", "lanes": "2", "lit": "no", "maxspeed": "70", "oneway": "no", "ref": "IC 2;EN 1", "surface": "asphalt"}}, {"type": "Feature", "geometry": {"type": "LineString", "coordinates": [[-8.4499453, 40.3477384], [-8.4500505, 40.3480101], [-8.4501968, 40.3483], [-8.4503038, 40.3484749]]}, "properties": {"highway": "trunk", "lanes": "3", "lit": "no", "maxspeed": "70", "oneway": "no", "ref": "IC 2;EN 1", "surface": "asphalt"}}, {"type": "Feature", "geometry": {"type": "LineString", "coordinates": [[-8.4506464, 40.3133882], [-8.4511918, 40.3151186], [-8.4513412, 40.3155459], [-8.4514883, 40.315936], [-8.4516373, 40.316248], [-8.4517876, 40.3165407], [-8.4519294, 40.3168096], [-8.4520799, 40.317081], [-8.4522335, 40.3173158], [-8.4523773, 40.3175147], [-8.4525126, 40.3176873], [-8.4533925, 40.3187954], [-8.4541058, 40.3197689], [-8.4546114, 40.3205196]]}, "properties": {"highway": "trunk", "lanes": "2", "lit": "no", "maxspeed": "50", "oneway": "no", "ref": "IC 2;EN 1", "surface": "asphalt"}}, {"type": "Feature", "geometry": {"type": "LineString", "coordinates": [[-8.4501327, 40.3115146], [-8.4499988, 40.3112047]]}, "properties": {"highway": "trunk", "lanes": "1", "lit": "no", "maxspeed": "50", "oneway": "yes", "ref": "IC 2;EN 1", "sidewalk:both": "no", "surface": "asphalt"}}, {"type": "Feature", "geometry": {"type": "LineString", "coordinates": [[-8.5037358, 40.9280014], [-8.5036936, 40.9273984], [-8.5036038, 40.9269438]]}, "properties": {"highway": "trunk", "lanes": "2", "maxspeed": "70", "name": "Rua da Meia L\u00e9gua", "oneway": "yes", "ref": "IC 2;EN 1", "surface": "asphalt", "toll": "no"}}, {"type": "Feature", "geometry": {"type": "LineString", "coordinates": [[-8.4763184, 40.8098979], [-8.476187, 40.8103332], [-8.4760608, 40.811151]]}, "properties": {"highway": "trunk", "lanes": "2", "maxspeed": "90", "oneway": "yes", "ref": "IC 2", "source": "Bing", "surface": "asphalt"}}, {"type": "Feature", "geometry": {"type": "LineString", "coordinates": [[-8.4762776, 40.8105551], [-8.4763035, 40.8103561], [-8.4763184, 40.8098979]]}, "properties": {"highway": "trunk", "lanes": "2", "oneway": "yes", "ref": "IC 2", "source": "Bing", "surface": "asphalt"}}, {"type": "Feature", "geometry": {"type": "LineString", "coordinates": [[-8.4803401, 40.8955396], [-8.4806245, 40.8960037], [-8.480675, 40.8961001], [-8.4807424, 40.8962486]]}, "properties": {"change:lanes": "yes|yes", "highway": "trunk", "lanes": "2", "maxheight:signed": "no", "oneway": "yes", "ref": "IC 2", "surface": "asphalt", "toll": "no"}}, {"type": "Feature", "geometry": {"type": "LineString", "coordinates": [[-8.4807424, 40.8962486], [-8.480994, 40.8968137], [-8.4814849, 40.8979329]]}, "properties": {"highway": "trunk", "lanes": "1", "oneway": "yes", "ref": "IC 2", "surface": "asphalt", "toll": "no"}}, {"type": "Feature", "geometry": {"type": "LineString", "coordinates": [[-8.4790042, 40.8934795], [-8.4789495, 40.89341]]}, "properties": {"change:lanes": "no|no", "highway": "trunk", "lanes": "2", "oneway": "yes", "ref": "IC 2;EN 1", "surface": "asphalt", "toll": "no"}}, {"type": "Feature", "geometry": {"type": "LineString", "coordinates": [[-8.4791659, 40.8938947], [-8.479283, 40.8940469]]}, "properties": {"change:lanes": "no|no", "highway": "trunk", "lanes": "2", "oneway": "yes", "ref": "IC 2;EN 1", "surface": "asphalt", "toll": "no"}}, {"type": "Feature", "geometry": {"type": "LineString", "coordinates": [[-8.6068554, 41.1109085], [-8.606798, 41.110935], [-8.606753, 41.1109623], [-8.6067114, 41.111], [-8.6066822, 41.1110428], [-8.6066663, 41.1110823], [-8.606658, 41.1111174], [-8.6066563, 41.1111538], [-8.6066592, 41.111184], [-8.6066659, 41.1112163], [-8.6066763, 41.1112452], [-8.6066941, 41.1112748], [-8.606715, 41.1113004], [-8.6067373, 41.1113227], [-8.6067642, 41.1113436], [-8.6067984, 41.1113656], [-8.6068345, 41.1113833]]}, "properties": {"highway": "primary", "junction": "roundabout", "lanes": "2", "ref": "IC 2", "surface": "asphalt"}}, {"type": "Feature", "geometry": {"type": "LineString", "coordinates": [[-9.0726095, 38.9140945], [-9.0725872, 38.913563], [-9.0725986, 38.9127682], [-9.0726022, 38.9126808]]}, "properties": {"destination:lanes": "Crel;Loures;Oeiras|Crel;Loures;Oeiras|Crel;Alverca;Lisboa;Sul", "destination:ref:lanes": "A5|A5|A1", "highway": "motorway", "lanes": "3", "maxspeed": "100", "name": "Autoestrada do Ribatejo", "oneway": "yes", "ref": "A 10;IC 2", "surface": "asphalt", "toll": "yes"}}, {"type": "Feature", "geometry": {"type": "LineString", "coordinates": [[-9.0726022, 38.9126808], [-9.07264, 38.9117526]]}, "properties": {"destination:lanes": "Crel;Loures;Oeiras|Crel;Loures;Oeiras|Crel;Alverca;Lisboa;Sul", "destination:ref:lanes": "A5|A5|A1", "highway": "motorway", "lanes": "3", "maxspeed": "80", "name": "Autoestrada do Ribatejo", "oneway": "yes", "ref": "A 10;IC 2", "surface": "asphalt", "toll": "yes"}}, {"type": "Feature", "geometry": {"type": "LineString", "coordinates": [[-8.6069991, 41.1119356], [-8.6070286, 41.1116037], [-8.6070382, 41.1115406], [-8.6070475, 41.1115013], [-8.6070615, 41.111464], [-8.6070878, 41.1113978]]}, "properties": {"destination": "Lisboa", "destination:ref": "A 1", "destination:ref:to": "A 29", "highway": "primary", "lanes": "2", "maxheight": "default", "name": "N\u00f3 de Santo Ov\u00eddio (Sentido Norte-Sul)", "oneway": "yes", "ref": "IC 2", "surface": "asphalt"}}, {"type": "Feature", "geometry": {"type": "LineString", "coordinates": [[-9.0279984, 38.9932449], [-9.0282214, 38.9931545], [-9.0284768, 38.9930509], [-9.0287802, 38.9929155], [-9.036102, 38.9894689]]}, "properties": {"highway": "motorway", "lanes": "3", "maxheight": "default", "maxspeed": "120", "minspeed": "50", "name": "Autoestrada do Ribatejo", "oneway": "yes", "ref": "A 10;IC 2", "surface": "asphalt", "toll": "yes"}}, {"type": "Feature", "geometry": {"type": "LineString", "coordinates": [[-8.741938, 39.8068752], [-8.7419748, 39.8071403], [-8.7419851, 39.8072939], [-8.7419871, 39.807414], [-8.7419802, 39.8075417], [-8.7419592, 39.8076707]]}, "properties": {"highway": "trunk", "lanes": "1", "lit": "no", "maxspeed": "80", "oneway": "yes", "ref": "IC 2;EN 1", "smoothness": "excellent", "surface": "asphalt"}}, {"type": "Feature", "geometry": {"type": "LineString", "coordinates": [[-8.9479423, 39.2964907], [-8.947969, 39.2976541], [-8.9480122, 39.2988048], [-8.9480468, 39.2997307], [-8.9480514, 39.2998588], [-8.9480527, 39.3000125], [-8.9480522, 39.3001545], [-8.9480441, 39.3003052], [-8.9480235, 39.3004571], [-8.9479959, 39.3006219], [-8.9479592, 39.3007991], [-8.9479069, 39.3010238], [-8.9478569, 39.3011828], [-8.9478018, 39.3013277], [-8.9477438, 39.3014564], [-8.9476613, 39.3016213], [-8.9475765, 39.3017806], [-8.9475031, 39.3019121], [-8.9474038, 39.3020527], [-8.947316, 39.3021705], [-8.9471914, 39.3023299], [-8.9470701, 39.3024644], [-8.9469551, 39.3025843], [-8.9468387, 39.302695], [-8.9467173, 39.3028082], [-8.9465896, 39.3029209], [-8.9464291, 39.3030416], [-8.9462676, 39.3031644], [-8.9448494, 39.3041605]]}, "properties": {"highway": "trunk", "lanes": "2", "maxspeed": "90", "oneway": "yes", "ref": "IC 2", "surface": "asphalt"}}, {"type": "Feature", "geometry": {"type": "LineString", "coordinates": [[-8.7488373, 39.7886696], [-8.748879, 39.7886661], [-8.7489286, 39.7886541], [-8.7489736, 39.7886342], [-8.749012, 39.7886073], [-8.749042, 39.7885747], [-8.7490612, 39.7885404], [-8.749071, 39.7885038], [-8.749071, 39.7884665]]}, "properties": {"highway": "trunk", "junction": "roundabout", "lanes": "2", "lit": "no", "maxspeed": "50", "ref": "IC 2;EN 1", "surface": "asphalt"}}, {"type": "Feature", "geometry": {"type": "LineString", "coordinates": [[-8.749071, 39.7884665], [-8.7490536, 39.7884138], [-8.7490169, 39.7883673], [-8.7489642, 39.788331], [-8.7489, 39.7883082], [-8.7488299, 39.7883007]]}, "properties": {"highway": "trunk", "junction": "roundabout", "lanes": "2", "lit": "no", "maxspeed": "50", "ref": "IC 2;EN 1", "surface": "asphalt"}}, {"type": "Feature", "geometry": {"type": "LineString", "coordinates": [[-8.7486046, 39.7885439], [-8.748631, 39.7885859], [-8.7486704, 39.7886215], [-8.74872, 39.7886483], [-8.7487769, 39.7886647], [-8.7488373, 39.7886696]]}, "properties": {"highway": "trunk", "junction": "roundabout", "lanes": "2", "lit": "no", "maxspeed": "50", "ref": "IC 2;EN 1", "surface": "asphalt"}}, {"type": "Feature", "geometry": {"type": "LineString", "coordinates": [[-8.4753146, 41.0053533], [-8.4747206, 41.0049018], [-8.4740291, 41.00446], [-8.4728703, 41.003916], [-8.4719112, 41.0035439], [-8.4718038, 41.0035022], [-8.4705962, 41.0031437], [-8.4691324, 41.0027934], [-8.4676668, 41.0024205], [-8.4670477, 41.0022663], [-8.4662436, 41.0020011], [-8.4653886, 41.0016319]]}, "properties": {"highway": "motorway", "lanes": "3", "maxheight:signed": "no", "maxspeed": "120", "minspeed": "50", "name": "Autoestrada de Entre Douro-e-Vouga", "oneway": "yes", "ref": "A 32;IC 2", "smoothness": "excellent", "source": "BING", "surface": "asphalt", "toll": "yes"}}, {"type": "Feature", "geometry": {"type": "LineString", "coordinates": [[-8.4616043, 40.9901947], [-8.4617586, 40.9899445], [-8.4620166, 40.9896401], [-8.4628339, 40.9888612], [-8.4645902, 40.9874267], [-8.4654872, 40.9866355]]}, "properties": {"destination": "Oliveira de Azem\u00e9is;Feira", "destination:ref": "A 32", "highway": "motorway", "lanes": "3", "maxspeed": "120", "minspeed": "50", "name": "Autoestrada de Entre Douro-e-Vouga", "oneway": "yes", "ref": "A 32;IC 2", "smoothness": "excellent", "source": "BING", "surface": "asphalt", "toll": "yes"}}, {"type": "Feature", "geometry": {"type": "LineString", "coordinates": [[-8.4716988, 40.8389362], [-8.4723695, 40.8382183]]}, "properties": {"destination:lanes": "Coimbra;Oliveira de Azem\u00e9is|Oliveira de Azem\u00e9is;Vila de Cambra", "destination:ref:lanes": "IC 2;EN 1|EN 224", "highway": "trunk", "lanes": "2", "oneway": "yes", "ref": "IC 2", "source": "Bing", "surface": "asphalt", "turn:lanes": "through|slight_right"}}, {"type": "Feature", "geometry": {"type": "LineString", "coordinates": [[-8.9944322, 39.0494935], [-8.9943525, 39.0494409]]}, "properties": {"highway": "primary", "junction": "roundabout", "lanes": "3", "ref": "IC 2;EN 1", "surface": "asphalt"}}, {"type": "Feature", "geometry": {"type": "LineString", "coordinates": [[-8.994478, 39.0498193], [-8.9945165, 39.0497377], [-8.9945216, 39.0496508], [-8.9944926, 39.0495668], [-8.9944322, 39.0494935]]}, "properties": {"highway": "primary", "junction": "roundabout", "lanes": "3", "ref": "IC 2;EN 1", "surface": "asphalt"}}, {"type": "Feature", "geometry": {"type": "LineString", "coordinates": [[-8.9943525, 39.0494409], [-8.994275, 39.0494122], [-8.994191, 39.0493984], [-8.9941052, 39.0494001], [-8.9940223, 39.0494173], [-8.9939468, 39.049449]]}, "properties": {"highway": "primary", "junction": "roundabout", "lanes": "3", "ref": "IC 2;EN 1", "surface": "asphalt"}}, {"type": "Feature", "geometry": {"type": "LineString", "coordinates": [[-8.9647687, 39.3368064], [-8.9651927, 39.3372853], [-8.9661638, 39.3383784], [-8.9664126, 39.3386573], [-8.967217, 39.3396196], [-8.9694005, 39.3422445], [-8.9699951, 39.3429426], [-8.9706658, 39.3437236], [-8.97091, 39.3441161], [-8.9710383, 39.3443506], [-8.9711551, 39.344576], [-8.971253, 39.3448824], [-8.9713171, 39.3451561]]}, "properties": {"highway": "trunk", "lanes": "3", "lanes:backward": "1", "lanes:forward": "2", "ref": "IC 2", "surface": "asphalt"}}, {"type": "Feature", "geometry": {"type": "LineString", "coordinates": [[-8.9714567, 39.3477037], [-8.9715491, 39.3506256], [-8.9715401, 39.351045], [-8.9715053, 39.3514195], [-8.9714684, 39.3517302], [-8.9714001, 39.3521166], [-8.9713485, 39.3523359]]}, "properties": {"highway": "trunk", "lanes": "3", "lanes:backward": "1", "lanes:forward": "2", "ref": "IC 2", "surface": "asphalt"}}, {"type": "Feature", "geometry": {"type": "LineString", "coordinates": [[-8.9713485, 39.3523359], [-8.9712842, 39.3525721], [-8.9712225, 39.3527531], [-8.9709133, 39.3536765]]}, "properties": {"highway": "trunk", "lanes": "3", "lanes:backward": "1", "lanes:forward": "2", "ref": "IC 2", "surface": "asphalt", "turn:lanes:forward": "none|merge_to_left"}}, {"type": "Feature", "geometry": {"type": "LineString", "coordinates": [[-8.5275292, 41.0614838], [-8.527322, 41.0613053], [-8.5264756, 41.0603067]]}, "properties": {"highway": "motorway", "lanes": "2", "maxspeed": "120", "name": "Autoestrada de Entre Douro-e-Vouga", "oneway": "yes", "ref": "A 32;IC 2", "source": "BING", "surface": "asphalt", "toll": "yes"}}, {"type": "Feature", "geometry": {"type": "LineString", "coordinates": [[-8.4864339, 40.9120103], [-8.4869419, 40.9136145]]}, "properties": {"highway": "trunk", "lanes": "1", "oneway": "yes", "ref": "IC 2", "surface": "asphalt", "toll": "no"}}, {"type": "Feature", "geometry": {"type": "LineString", "coordinates": [[-8.4869419, 40.9136145], [-8.4869733, 40.9137135]]}, "properties": {"bridge": "yes", "highway": "trunk", "lanes": "1", "layer": "1", "maxweight:signed": "no", "oneway": "yes", "ref": "IC 2", "surface": "asphalt", "toll": "no"}}, {"type": "Feature", "geometry": {"type": "LineString", "coordinates": [[-8.4817161, 40.7839505], [-8.4817606, 40.7837685], [-8.4817804, 40.7837015]]}, "properties": {"highway": "primary", "lanes": "1", "maxspeed": "50", "name": "Estrada Nacional 1", "old_name": "Estrada Nacional 1", "oneway": "yes", "ref": "EN 1;IC 2", "surface": "asphalt"}}, {"type": "Feature", "geometry": {"type": "LineString", "coordinates": [[-8.4651013, 40.6483872], [-8.465123, 40.6481651], [-8.4651634, 40.6479815], [-8.4652099, 40.6478224]]}, "properties": {"highway": "primary", "lanes": "3", "maxspeed": "70", "oneway": "no", "ref": "IC 2;EN 1", "surface": "asphalt"}}, {"type": "Feature", "geometry": {"type": "LineString", "coordinates": [[-8.9615938, 39.3828199], [-8.9614518, 39.383308], [-8.9614187, 39.3834069], [-8.9613819, 39.383475], [-8.961355, 39.3835178]]}, "properties": {"highway": "trunk", "lanes": "1", "maxspeed": "50", "oneway": "yes", "ref": "IC 2;EN 1", "surface": "asphalt"}}, {"type": "Feature", "geometry": {"type": "LineString", "coordinates": [[-8.9615742, 39.3835571], [-8.9615641, 39.3834799], [-8.9615585, 39.3833777], [-8.9615598, 39.383249], [-8.9615938, 39.3828199]]}, "properties": {"highway": "trunk", "lanes": "1", "maxspeed": "50", "oneway": "yes", "ref": "IC 2;EN 1", "surface": "asphalt"}}, {"type": "Feature", "geometry": {"type": "LineString", "coordinates": [[-8.9612719, 39.3846013], [-8.9613313, 39.3844794], [-8.9614994, 39.3839385], [-8.9615205, 39.3838887], [-8.9615428, 39.3838404]]}, "properties": {"highway": "trunk", "lanes": "1", "maxspeed": "50", "oneway": "yes", "ref": "IC 2;EN 1", "surface": "asphalt"}}, {"type": "Feature", "geometry": {"type": "LineString", "coordinates": [[-8.9612829, 39.3838339], [-8.9613178, 39.3839201], [-8.9613327, 39.3840071], [-8.9613261, 39.3841126], [-8.961273, 39.3844722], [-8.9612719, 39.3846013]]}, "properties": {"highway": "trunk", "lanes": "1", "maxspeed": "50", "oneway": "yes", "ref": "IC 2;EN 1", "surface": "asphalt"}}, {"type": "Feature", "geometry": {"type": "LineString", "coordinates": [[-8.961355, 39.3835178], [-8.9612934, 39.3835396], [-8.9612425, 39.3835742], [-8.9612068, 39.3836187], [-8.9611894, 39.3836693], [-8.9611917, 39.3837217], [-8.961201, 39.3837444], [-8.9612094, 39.3837647], [-8.9612404, 39.3838029], [-8.9612829, 39.3838339]]}, "properties": {"highway": "trunk", "junction": "roundabout", "lanes": "1", "maxspeed": "50", "ref": "IC 2;EN 1", "surface": "asphalt"}}, {"type": "Feature", "geometry": {"type": "LineString", "coordinates": [[-8.9612829, 39.3838339], [-8.961331, 39.3838547], [-8.9613841, 39.3838661], [-8.9614392, 39.3838675], [-8.9614931, 39.3838587], [-8.9615428, 39.3838404]]}, "properties": {"highway": "trunk", "junction": "roundabout", "lanes": "1", "maxspeed": "50", "ref": "IC 2;EN 1", "surface": "asphalt"}}, {"type": "Feature", "geometry": {"type": "LineString", "coordinates": [[-8.9615742, 39.3835571], [-8.9615084, 39.3835248], [-8.9614325, 39.3835112], [-8.961355, 39.3835178]]}, "properties": {"highway": "trunk", "junction": "roundabout", "lanes": "1", "maxspeed": "50", "ref": "IC 2;EN 1", "surface": "asphalt"}}, {"type": "Feature", "geometry": {"type": "LineString", "coordinates": [[-8.9611415, 39.4239792], [-8.9611756, 39.4237547], [-8.9612215, 39.4235502]]}, "properties": {"highway": "trunk", "lanes": "2", "maxspeed": "70", "oneway": "yes", "ref": "IC 2;EN 1", "surface": "asphalt"}}, {"type": "Feature", "geometry": {"type": "LineString", "coordinates": [[-8.9611415, 39.4239792], [-8.9610847, 39.4239341], [-8.9610114, 39.4239068], [-8.9609304, 39.4239004]]}, "properties": {"highway": "trunk", "junction": "roundabout", "lanes": "2", "maxspeed": "50", "ref": "IC 2;EN 1", "surface": "asphalt"}}, {"type": "Feature", "geometry": {"type": "LineString", "coordinates": [[-8.9609304, 39.4239004], [-8.9608765, 39.4239084], [-8.9608264, 39.4239258], [-8.960783, 39.4239518], [-8.9607377, 39.4239997], [-8.9607148, 39.4240563], [-8.9607168, 39.4241156], [-8.9607383, 39.4241638], [-8.9607763, 39.4242055]]}, "properties": {"highway": "trunk", "junction": "roundabout", "lanes": "2", "maxspeed": "50", "ref": "IC 2;EN 1", "surface": "asphalt"}}, {"type": "Feature", "geometry": {"type": "LineString", "coordinates": [[-8.9607763, 39.4242055], [-8.9608277, 39.4242373], [-8.9608886, 39.4242569], [-8.9609541, 39.4242626]]}, "properties": {"highway": "trunk", "junction": "roundabout", "lanes": "2", "maxspeed": "50", "ref": "IC 2;EN 1", "surface": "asphalt"}}, {"type": "Feature", "geometry": {"type": "LineString", "coordinates": [[-8.9560637, 39.4352615], [-8.9560158, 39.4352729], [-8.9559723, 39.4352923], [-8.9559194, 39.4353351], [-8.9558884, 39.4353892], [-8.9558828, 39.4354482], [-8.9558959, 39.4354916], [-8.9559229, 39.4355309]]}, "properties": {"highway": "trunk", "junction": "roundabout", "lanes": "2", "maxspeed": "50", "ref": "IC 2;EN 1", "surface": "asphalt"}}, {"type": "Feature", "geometry": {"type": "LineString", "coordinates": [[-8.9562658, 39.4353112], [-8.9562069, 39.4352775], [-8.956137, 39.4352603], [-8.9560637, 39.4352615]]}, "properties": {"highway": "trunk", "junction": "roundabout", "lanes": "2", "maxspeed": "50", "ref": "IC 2;EN 1", "surface": "asphalt"}}, {"type": "Feature", "geometry": {"type": "LineString", "coordinates": [[-8.9559229, 39.4355309], [-8.9559775, 39.4355727], [-8.9560472, 39.4355977], [-8.9561238, 39.435603]]}, "properties": {"highway": "trunk", "junction": "roundabout", "lanes": "2", "maxspeed": "50", "ref": "IC 2;EN 1", "surface": "asphalt"}}, {"type": "Feature", "geometry": {"type": "LineString", "coordinates": [[-8.9613309, 39.4230613], [-8.9612631, 39.4232366], [-8.9611416, 39.42353], [-8.9610525, 39.4237232], [-8.9610129, 39.4237898], [-8.960972, 39.4238492], [-8.9609304, 39.4239004]]}, "properties": {"highway": "trunk", "lanes": "1", "maxspeed": "50", "oneway": "yes", "ref": "IC 2;EN 1", "surface": "asphalt"}}, {"type": "Feature", "geometry": {"type": "LineString", "coordinates": [[-8.9616763, 39.4063955], [-8.9617302, 39.4064162], [-8.9617892, 39.406425], [-8.9618491, 39.4064214], [-8.9619056, 39.4064056]]}, "properties": {"highway": "trunk", "junction": "roundabout", "lanes": "1", "maxspeed": "50", "ref": "IC 2;EN 1", "surface": "asphalt"}}, {"type": "Feature", "geometry": {"type": "LineString", "coordinates": [[-8.9619056, 39.4064056], [-8.9619445, 39.4063855], [-8.9619771, 39.4063597], [-8.9620085, 39.4063181], [-8.9620239, 39.4062713], [-8.9620218, 39.4062232], [-8.9620026, 39.4061773], [-8.961985, 39.4061541], [-8.9619629, 39.4061333], [-8.9619369, 39.4061154], [-8.9619076, 39.4061008]]}, "properties": {"highway": "trunk", "junction": "roundabout", "lanes": "1", "maxspeed": "50", "ref": "IC 2;EN 1", "surface": "asphalt"}}, {"type": "Feature", "geometry": {"type": "LineString", "coordinates": [[-8.9619076, 39.4061008], [-8.9618424, 39.4060831], [-8.9617734, 39.4060816], [-8.961707, 39.4060966], [-8.9616497, 39.4061264]]}, "properties": {"highway": "trunk", "junction": "roundabout", "lanes": "1", "maxspeed": "50", "ref": "IC 2;EN 1", "surface": "asphalt"}}, {"type": "Feature", "geometry": {"type": "LineString", "coordinates": [[-8.9601109, 39.391207], [-8.9601473, 39.3911883], [-8.9601785, 39.3911647], [-8.9602195, 39.3911105], [-8.9602341, 39.3910486], [-8.9602204, 39.3909867], [-8.9602049, 39.39096], [-8.9601689, 39.3909208]]}, "properties": {"highway": "trunk", "junction": "roundabout", "lanes": "1", "maxspeed": "50", "ref": "IC 2;EN 1", "surface": "asphalt"}}, {"type": "Feature", "geometry": {"type": "LineString", "coordinates": [[-8.9598344, 39.3911758], [-8.9598949, 39.3912095], [-8.959966, 39.3912268], [-8.9600405, 39.3912259], [-8.9601109, 39.391207]]}, "properties": {"highway": "trunk", "junction": "roundabout", "lanes": "1", "maxspeed": "50", "ref": "IC 2;EN 1", "surface": "asphalt"}}, {"type": "Feature", "geometry": {"type": "LineString", "coordinates": [[-8.9601689, 39.3909208], [-8.9601041, 39.3908855], [-8.9600416, 39.3908695], [-8.9599759, 39.3908675], [-8.959912, 39.3908798]]}, "properties": {"highway": "trunk", "junction": "roundabout", "lanes": "1", "maxspeed": "50", "ref": "IC 2;EN 1", "surface": "asphalt"}}, {"type": "Feature", "geometry": {"type": "LineString", "coordinates": [[-8.4944038, 40.1232471], [-8.4922069, 40.1242811], [-8.4901868, 40.1252391], [-8.4897209, 40.12546]]}, "properties": {"highway": "trunk", "lanes": "1", "lit": "no", "maxspeed": "90", "old_ref": "EN 1", "oneway": "yes", "ref": "IC 2", "source": "Bing", "surface": "asphalt"}}, {"type": "Feature", "geometry": {"type": "LineString", "coordinates": [[-8.489748, 40.1255401], [-8.4943319, 40.1233341], [-8.4944153, 40.123295]]}, "properties": {"highway": "trunk", "lanes": "2", "lit": "no", "maxspeed": "90", "old_ref": "EN 1", "oneway": "yes", "ref": "IC 2", "smoothness": "excellent", "source": "Bing", "surface": "asphalt"}}, {"type": "Feature", "geometry": {"type": "LineString", "coordinates": [[-8.7275397, 39.8196836], [-8.7274663, 39.8199198], [-8.7274206, 39.8200931], [-8.7273876, 39.8202645], [-8.7273478, 39.8205171], [-8.7273061, 39.8207845], [-8.7272326, 39.8212393]]}, "properties": {"highway": "trunk", "lanes": "2", "lit": "no", "maxspeed": "80", "oneway": "yes", "ref": "IC 2;EN 1", "smoothness": "excellent", "surface": "asphalt", "turn:lanes": "none|merge_to_left"}}, {"type": "Feature", "geometry": {"type": "LineString", "coordinates": [[-8.7418205, 39.8061737], [-8.741938, 39.8068752]]}, "properties": {"highway": "trunk", "lanes": "2", "lit": "no", "maxspeed": "70", "oneway": "yes", "ref": "IC 2;EN 1", "smoothness": "excellent", "surface": "asphalt", "turn:lanes": "none|slight_right"}}, {"type": "Feature", "geometry": {"type": "LineString", "coordinates": [[-8.7419592, 39.8076707], [-8.7419232, 39.8078674], [-8.7418788, 39.8080426], [-8.7418407, 39.8081677]]}, "properties": {"change:lanes": "no|no", "highway": "trunk", "lanes": "2", "lit": "no", "maxspeed": "80", "oneway": "yes", "ref": "IC 2;EN 1", "smoothness": "excellent", "surface": "asphalt"}}, {"type": "Feature", "geometry": {"type": "LineString", "coordinates": [[-8.741676, 39.8048015], [-8.7416679, 39.8046372], [-8.7416661, 39.8044995], [-8.741675, 39.8043181], [-8.7416922, 39.8041633], [-8.7417229, 39.8040002], [-8.7417579, 39.8038575], [-8.741797, 39.8037218], [-8.7418408, 39.8035872], [-8.741895, 39.8034494], [-8.7419554, 39.8033165], [-8.7420264, 39.8031883], [-8.7420993, 39.8030537], [-8.7421973, 39.8029031], [-8.7423058, 39.8027573], [-8.7424038, 39.8026292], [-8.7425039, 39.8025058], [-8.7425956, 39.8024049], [-8.7427771, 39.8022222], [-8.7435862, 39.8014372], [-8.7443251, 39.8007166], [-8.7443369, 39.8007051], [-8.7445037, 39.8005448], [-8.7446184, 39.8004343], [-8.7447102, 39.8003286], [-8.7447978, 39.8002244], [-8.7448833, 39.8001139], [-8.7449583, 39.8000113], [-8.7450397, 39.7998912], [-8.7451064, 39.7997822], [-8.7451731, 39.7996589], [-8.7452315, 39.7995451], [-8.7452774, 39.7994442], [-8.7453201, 39.7993296], [-8.7453608, 39.7992135], [-8.7454004, 39.7990869], [-8.7454359, 39.7989683], [-8.7454734, 39.7988338], [-8.7457424, 39.7978084], [-8.7459635, 39.7969688], [-8.7461845, 39.7961293], [-8.7464848, 39.7949821], [-8.746502, 39.7948239]]}, "properties": {"highway": "trunk", "lanes": "2", "lit": "no", "maxspeed": "80", "oneway": "yes", "ref": "IC 2;EN 1", "surface": "asphalt"}}, {"type": "Feature", "geometry": {"type": "LineString", "coordinates": [[-8.7418741, 39.8061665], [-8.7417177, 39.8052357]]}, "properties": {"bridge": "yes", "highway": "trunk", "lanes": "1", "layer": "1", "lit": "no", "maxspeed": "80", "maxweight:signed": "no", "name": "Ponte da Madalena", "oneway": "yes", "ref": "IC 2;EN 1", "surface": "asphalt"}}, {"type": "Feature", "geometry": {"type": "LineString", "coordinates": [[-8.7417177, 39.8052357], [-8.7416864, 39.8049922], [-8.741676, 39.8048015]]}, "properties": {"highway": "trunk", "lanes": "1", "lit": "no", "maxspeed": "80", "oneway": "yes", "ref": "IC 2;EN 1", "surface": "asphalt"}}, {"type": "Feature", "geometry": {"type": "LineString", "coordinates": [[-8.746502, 39.7948239], [-8.7469203, 39.7932523]]}, "properties": {"highway": "trunk", "lanes": "3", "lanes:backward": "1", "lanes:forward": "2", "lit": "yes", "maxspeed": "80", "ref": "IC 2;EN 1", "surface": "asphalt"}}, {"type": "Feature", "geometry": {"type": "LineString", "coordinates": [[-8.8571481, 39.6182753], [-8.857149, 39.6183182], [-8.8571611, 39.6183821], [-8.8571833, 39.618453], [-8.8572133, 39.6185316], [-8.85725, 39.6186049], [-8.8573596, 39.6187685]]}, "properties": {"highway": "trunk", "lanes": "1", "maxspeed": "40", "oneway": "yes", "ref": "IC 2;EN 1", "surface": "asphalt"}}, {"type": "Feature", "geometry": {"type": "LineString", "coordinates": [[-8.5180133, 40.0900798], [-8.5182299, 40.0898968]]}, "properties": {"highway": "trunk", "lanes": "3", "lanes:backward": "1", "lanes:forward": "2", "ref": "IC 2;EN 1", "surface": "asphalt"}}, {"type": "Feature", "geometry": {"type": "LineString", "coordinates": [[-8.5180133, 40.0900798], [-8.5178212, 40.0902233], [-8.5173264, 40.0907292]]}, "properties": {"highway": "trunk", "lanes": "1", "maxspeed": "50", "oneway": "yes", "ref": "IC 2;EN 1", "surface": "asphalt"}}, {"type": "Feature", "geometry": {"type": "LineString", "coordinates": [[-8.51627, 40.0919153], [-8.5163975, 40.0918139], [-8.5168462, 40.0913467]]}, "properties": {"highway": "trunk", "lanes": "1", "maxspeed": "50", "old_ref": "EN 1", "oneway": "yes", "ref": "IC 2;EN 1", "surface": "asphalt"}}, {"type": "Feature", "geometry": {"type": "LineString", "coordinates": [[-8.5168462, 40.0913467], [-8.5173328, 40.0908379]]}, "properties": {"highway": "trunk", "lanes": "2", "maxspeed": "50", "oneway": "yes", "ref": "IC 2;EN 1", "surface": "asphalt", "turn:lanes": "left|through"}}, {"type": "Feature", "geometry": {"type": "LineString", "coordinates": [[-8.5173264, 40.0907292], [-8.5172648, 40.0907975]]}, "properties": {"highway": "trunk", "lanes": "1", "maxspeed": "50", "oneway": "yes", "ref": "IC 2;EN 1", "surface": "asphalt"}}, {"type": "Feature", "geometry": {"type": "LineString", "coordinates": [[-8.5173328, 40.0908379], [-8.5173946, 40.0907733]]}, "properties": {"highway": "trunk", "lanes": "2", "maxspeed": "50", "oneway": "yes", "ref": "IC 2;EN 1", "surface": "asphalt", "turn:lanes": "left|through"}}, {"type": "Feature", "geometry": {"type": "LineString", "coordinates": [[-8.5172648, 40.0907975], [-8.5170298, 40.0910503], [-8.5167428, 40.0913555], [-8.5164192, 40.0916997], [-8.516344, 40.0917794], [-8.51627, 40.0919153]]}, "properties": {"highway": "trunk", "lanes": "1", "maxspeed": "50", "oneway": "yes", "ref": "IC 2;EN 1", "surface": "asphalt"}}, {"type": "Feature", "geometry": {"type": "LineString", "coordinates": [[-8.5185349, 40.0896394], [-8.518606, 40.0895804], [-8.5193695, 40.0890123], [-8.5215008, 40.0876057], [-8.5223276, 40.0870549]]}, "properties": {"highway": "trunk", "lanes": "3", "lanes:backward": "1", "lanes:forward": "2", "maxspeed": "90", "ref": "IC 2;EN 1", "surface": "asphalt"}}, {"type": "Feature", "geometry": {"type": "LineString", "coordinates": [[-8.6287788, 39.9260698], [-8.6287528, 39.9260955], [-8.6287357, 39.9261253], [-8.6287286, 39.9261574], [-8.6287309, 39.9261859], [-8.6287411, 39.9262134], [-8.6287588, 39.9262386], [-8.6287831, 39.9262603], [-8.6288063, 39.9262744], [-8.6288323, 39.9262852], [-8.6288603, 39.9262925], [-8.6288986, 39.9262963], [-8.6289369, 39.9262936], [-8.6289735, 39.9262844], [-8.6290066, 39.9262692], [-8.6290345, 39.9262488], [-8.6290573, 39.9262219], [-8.629071, 39.9261915], [-8.6290748, 39.9261596], [-8.6290685, 39.9261279], [-8.6290525, 39.9260982], [-8.6290277, 39.9260724], [-8.6289955, 39.9260518], [-8.628961, 39.9260387], [-8.6289235, 39.9260317], [-8.6288849, 39.9260313], [-8.6288472, 39.9260374], [-8.6288121, 39.9260498], [-8.6287788, 39.9260698]]}, "properties": {"highway": "trunk", "junction": "roundabout", "lanes": "2", "maxspeed": "60", "ref": "IC 2;EN 1", "smoothness": "excellent", "surface": "asphalt"}}, {"type": "Feature", "geometry": {"type": "LineString", "coordinates": [[-8.448149, 40.1822853], [-8.4480422, 40.1816545], [-8.4479377, 40.1811241], [-8.447895, 40.1808618], [-8.4478738, 40.1806119]]}, "properties": {"highway": "trunk", "lanes": "2", "lit": "yes", "maxheight:signed": "no", "maxspeed": "90", "motorroad": "yes", "oneway": "yes", "ref": "IC 2", "surface": "asphalt"}}, {"type": "Feature", "geometry": {"type": "LineString", "coordinates": [[-8.4478738, 40.1806119], [-8.4478677, 40.1803352], [-8.4478878, 40.1800591]]}, "properties": {"bridge": "yes", "highway": "trunk", "lanes": "2", "layer": "1", "lit": "yes", "maxspeed": "90", "maxweight:signed": "no", "motorroad": "yes", "oneway": "yes", "ref": "IC 2", "source": "Bing", "surface": "asphalt"}}, {"type": "Feature", "geometry": {"type": "LineString", "coordinates": [[-8.4477585, 40.1800412], [-8.4477445, 40.1803949], [-8.4477608, 40.18066]]}, "properties": {"bridge": "yes", "highway": "trunk", "lanes": "2", "layer": "1", "lit": "yes", "maxspeed": "90", "maxweight:signed": "no", "motorroad": "yes", "oneway": "yes", "ref": "IC 2", "source": "Bing", "surface": "asphalt"}}, {"type": "Feature", "geometry": {"type": "LineString", "coordinates": [[-8.4480807, 40.1792043], [-8.4482222, 40.1788849], [-8.4484242, 40.1785396]]}, "properties": {"bridge": "yes", "highway": "trunk", "lanes": "2", "layer": "1", "lit": "yes", "maxspeed": "90", "maxweight:signed": "no", "motorroad": "yes", "oneway": "yes", "ref": "IC 2", "source": "Bing", "surface": "asphalt"}}, {"type": "Feature", "geometry": {"type": "LineString", "coordinates": [[-8.4483124, 40.1784982], [-8.4481754, 40.1787213], [-8.4480533, 40.1789614], [-8.4479619, 40.1791752]]}, "properties": {"bridge": "yes", "highway": "trunk", "lanes": "2", "layer": "1", "lit": "yes", "maxspeed": "90", "maxweight:signed": "no", "motorroad": "yes", "oneway": "yes", "ref": "IC 2", "source": "Bing", "surface": "asphalt"}}, {"type": "Feature", "geometry": {"type": "LineString", "coordinates": [[-8.5071739, 41.0485877], [-8.5066473, 41.0483551], [-8.5060706, 41.0481591], [-8.5055367, 41.0480307]]}, "properties": {"highway": "motorway", "lanes": "2", "maxheight": "default", "maxspeed": "80", "name": "Autoestrada de Entre Douro-e-Vouga", "oneway": "yes", "ref": "A 32;IC 2", "source": "BING", "surface": "asphalt", "toll": "yes"}}, {"type": "Feature", "geometry": {"type": "LineString", "coordinates": [[-8.5055367, 41.0480307], [-8.5047596, 41.0478438]]}, "properties": {"highway": "motorway", "lanes": "2", "maxheight": "default", "maxspeed": "60", "name": "Autoestrada de Entre Douro-e-Vouga", "oneway": "yes", "ref": "A 32;IC 2", "source": "BING", "surface": "asphalt", "toll": "yes"}}, {"type": "Feature", "geometry": {"type": "LineString", "coordinates": [[-8.49536, 41.0416158], [-8.4952107, 41.0412976]]}, "properties": {"highway": "motorway", "lanes": "3", "maxheight": "default", "maxspeed:lanes": "120|120|80", "name": "Autoestrada de Entre Douro-e-Vouga", "oneway": "yes", "ref": "A 32;IC 2", "smoothness": "excellent", "source": "BING", "surface": "asphalt", "toll": "yes"}}, {"type": "Feature", "geometry": {"type": "LineString", "coordinates": [[-8.4956072, 41.0421427], [-8.49536, 41.0416158]]}, "properties": {"highway": "motorway", "lanes": "3", "maxheight": "default", "maxspeed:lanes": "120|120|100", "name": "Autoestrada de Entre Douro-e-Vouga", "oneway": "yes", "ref": "A 32;IC 2", "smoothness": "excellent", "source": "BING", "surface": "asphalt", "toll": "yes"}}, {"type": "Feature", "geometry": {"type": "LineString", "coordinates": [[-8.4735445, 40.6911039], [-8.4735117, 40.6910503], [-8.4734575, 40.6910078], [-8.473388, 40.6909811], [-8.4733107, 40.6909731]]}, "properties": {"highway": "trunk", "junction": "roundabout", "lanes": "2", "lit": "yes", "ref": "IC 2;EN 1"}}, {"type": "Feature", "geometry": {"type": "LineString", "coordinates": [[-8.4735372, 40.6912165], [-8.4735524, 40.6911626], [-8.4735445, 40.6911039]]}, "properties": {"highway": "trunk", "junction": "roundabout", "lanes": "2", "lit": "yes", "ref": "IC 2;EN 1"}}, {"type": "Feature", "geometry": {"type": "LineString", "coordinates": [[-8.4732386, 40.6909835], [-8.4731858, 40.691004], [-8.4731414, 40.6910338], [-8.4731083, 40.6910711]]}, "properties": {"highway": "trunk", "junction": "roundabout", "lanes": "2", "lit": "yes", "ref": "IC 2;EN 1"}}, {"type": "Feature", "geometry": {"type": "LineString", "coordinates": [[-8.4732795, 40.6913267], [-8.473366, 40.6913265], [-8.4734316, 40.6913069], [-8.4734927, 40.6912701], [-8.4735372, 40.6912165]]}, "properties": {"highway": "trunk", "junction": "roundabout", "lanes": "2", "lit": "yes", "ref": "IC 2;EN 1"}}, {"type": "Feature", "geometry": {"type": "LineString", "coordinates": [[-8.4770696, 40.6936662], [-8.4767246, 40.6933521], [-8.4765175, 40.6932033], [-8.4763113, 40.6930606]]}, "properties": {"highway": "trunk", "lanes": "1", "maxspeed": "70", "oneway": "yes", "ref": "IC 2;EN 1"}}, {"type": "Feature", "geometry": {"type": "LineString", "coordinates": [[-8.4725377, 40.6748605], [-8.4724958, 40.6749942]]}, "properties": {"highway": "trunk", "lanes": "2", "maxspeed": "70", "oneway": "yes", "ref": "IC 2;EN 1", "surface": "asphalt"}}, {"type": "Feature", "geometry": {"type": "LineString", "coordinates": [[-8.4731083, 40.6910711], [-8.4730886, 40.6911135]]}, "properties": {"highway": "trunk", "junction": "roundabout", "lanes": "2", "lit": "yes", "ref": "IC 2;EN 1"}}, {"type": "Feature", "geometry": {"type": "LineString", "coordinates": [[-8.4733107, 40.6909731], [-8.4732386, 40.6909835]]}, "properties": {"highway": "trunk", "junction": "roundabout", "lanes": "2", "lit": "yes", "ref": "IC 2;EN 1"}}, {"type": "Feature", "geometry": {"type": "LineString", "coordinates": [[-8.4536019, 40.4063567], [-8.4535494, 40.4061728], [-8.4535113, 40.4059967], [-8.4534842, 40.4058264], [-8.4534366, 40.4053398], [-8.45333, 40.404405]]}, "properties": {"highway": "primary", "lane_markings": "yes", "lanes": "2", "maxspeed": "70", "oneway": "no", "ref": "IC 2;EN 1", "source": "bing", "surface": "asphalt"}}, {"type": "Feature", "geometry": {"type": "LineString", "coordinates": [[-8.4540585, 40.4072611], [-8.4539736, 40.4070475], [-8.453941, 40.4068987]]}, "properties": {"highway": "primary", "lane_markings": "no", "oneway": "yes", "ref": "IC 2;EN 1", "surface": "asphalt"}}, {"type": "Feature", "geometry": {"type": "LineString", "coordinates": [[-8.4537519, 40.4069861], [-8.4538909, 40.4070769], [-8.4540585, 40.4072611]]}, "properties": {"highway": "primary", "lane_markings": "no", "oneway": "yes", "ref": "IC 2;EN 1", "surface": "asphalt"}}, {"type": "Feature", "geometry": {"type": "LineString", "coordinates": [[-8.4538004, 40.4066689], [-8.4537029, 40.4065552], [-8.4536019, 40.4063567]]}, "properties": {"highway": "primary", "oneway": "yes", "ref": "IC 2;EN 1", "surface": "asphalt"}}, {"type": "Feature", "geometry": {"type": "LineString", "coordinates": [[-8.4536019, 40.4063567], [-8.4536005, 40.4065733], [-8.4535988, 40.4067159]]}, "properties": {"highway": "primary", "lanes": "1", "oneway": "yes", "ref": "IC 2;EN 1", "surface": "asphalt"}}, {"type": "Feature", "geometry": {"type": "LineString", "coordinates": [[-8.4535551, 40.4068808], [-8.4535813, 40.4069187], [-8.4536148, 40.4069467], [-8.4536559, 40.406968], [-8.4537025, 40.4069814], [-8.4537519, 40.4069861], [-8.4538094, 40.4069803], [-8.4538627, 40.4069628], [-8.4539077, 40.4069349], [-8.453941, 40.4068987], [-8.4539611, 40.4068527], [-8.4539623, 40.4068042], [-8.4539444, 40.4067576], [-8.4539241, 40.4067343], [-8.4539091, 40.4067172], [-8.4538596, 40.4066867], [-8.4538004, 40.4066689], [-8.4537273, 40.406666], [-8.4536573, 40.4066824], [-8.4535988, 40.4067159], [-8.4535647, 40.4067532], [-8.4535457, 40.4067962], [-8.453543, 40.406839], [-8.4535551, 40.4068808]]}, "properties": {"highway": "primary", "junction": "roundabout", "ref": "IC 2;EN 1", "surface": "asphalt"}}, {"type": "Feature", "geometry": {"type": "LineString", "coordinates": [[-8.4806999, 40.7966305], [-8.4807108, 40.7967226], [-8.480749, 40.7968204], [-8.4808006, 40.7969573], [-8.4808466, 40.7970605], [-8.4808963, 40.7971724], [-8.4809949, 40.7973848], [-8.4810809, 40.7975852], [-8.4811087, 40.7976499], [-8.4811194, 40.7976749], [-8.4811512, 40.7977418]]}, "properties": {"highway": "primary", "lanes": "1", "maxspeed": "50", "name": "Estrada Nacional 1", "old_name": "Estrada Nacional 1", "oneway": "yes", "ref": "IC 2;EN 1", "surface": "asphalt"}}, {"type": "Feature", "geometry": {"type": "LineString", "coordinates": [[-8.4732864, 40.6593625], [-8.4720003, 40.6582309]]}, "properties": {"highway": "primary", "lanes": "2", "maxspeed": "70", "oneway": "no", "ref": "IC 2;EN 1", "surface": "asphalt"}}, {"type": "Feature", "geometry": {"type": "LineString", "coordinates": [[-8.4720003, 40.6582309], [-8.4718825, 40.6581409]]}, "properties": {"highway": "primary", "lanes": "2", "maxspeed": "70", "oneway": "no", "ref": "IC 2;EN 1", "surface": "asphalt"}}, {"type": "Feature", "geometry": {"type": "LineString", "coordinates": [[-8.475418, 40.6926024], [-8.4756916, 40.6927546], [-8.476237, 40.693086], [-8.4766734, 40.6933848], [-8.4768716, 40.6935551], [-8.4772789, 40.6939373]]}, "properties": {"highway": "trunk", "lanes": "1", "oneway": "yes", "ref": "IC 2;EN 1"}}, {"type": "Feature", "geometry": {"type": "LineString", "coordinates": [[-8.4424122, 40.2645681], [-8.4424117, 40.2647609], [-8.4424473, 40.2651847], [-8.4425359, 40.2656585], [-8.4426219, 40.2659828], [-8.443022, 40.2673404]]}, "properties": {"highway": "trunk", "lanes": "2", "lit": "no", "maxspeed": "100", "minspeed": "40", "motorroad": "yes", "old_ref": "EN 1", "oneway": "yes", "ref": "IC 2", "surface": "asphalt"}}, {"type": "Feature", "geometry": {"type": "LineString", "coordinates": [[-8.4424263, 40.264177], [-8.4424122, 40.2645681]]}, "properties": {"bridge": "yes", "highway": "trunk", "lanes": "2", "layer": "1", "lit": "no", "maxspeed": "100", "minspeed": "40", "motorroad": "yes", "old_ref": "EN 1", "oneway": "yes", "ref": "IC 2", "surface": "asphalt"}}, {"type": "Feature", "geometry": {"type": "LineString", "coordinates": [[-8.4434745, 40.2683537], [-8.4434422, 40.2682416], [-8.4431227, 40.2671925], [-8.442735, 40.2658383], [-8.4425856, 40.2651585], [-8.442546, 40.2647625], [-8.4425476, 40.2644697]]}, "properties": {"highway": "trunk", "lanes": "2", "lit": "no", "maxheight": "default", "maxspeed": "100", "motorroad": "yes", "oneway": "yes", "ref": "IC 2", "surface": "asphalt"}}, {"type": "Feature", "geometry": {"type": "LineString", "coordinates": [[-8.4425476, 40.2644697], [-8.4425566, 40.26425], [-8.4425847, 40.2640448]]}, "properties": {"bridge": "yes", "highway": "trunk", "lanes": "2", "layer": "1", "lit": "no", "maxheight": "default", "maxspeed": "100", "maxweight:signed": "no", "motorroad": "yes", "oneway": "yes", "ref": "IC 2", "surface": "asphalt"}}, {"type": "Feature", "geometry": {"type": "LineString", "coordinates": [[-9.0629001, 38.9627375], [-9.0629149, 38.9630989], [-9.0629102, 38.9634417], [-9.0628868, 38.9638382], [-9.0628338, 38.9642087]]}, "properties": {"highway": "motorway", "lanes": "3", "maxspeed": "120", "minspeed": "50", "name": "Autoestrada do Ribatejo", "oneway": "yes", "ref": "A 10;IC 2", "surface": "asphalt", "toll": "yes"}}, {"type": "Feature", "geometry": {"type": "LineString", "coordinates": [[-8.6070878, 41.1113978], [-8.6071706, 41.1113665], [-8.6072391, 41.111322], [-8.6072833, 41.1112794], [-8.6073114, 41.1112286], [-8.6073279, 41.1111682], [-8.6073218, 41.1111127], [-8.6073095, 41.1110642], [-8.6072873, 41.1110236], [-8.607262, 41.1109893], [-8.6072283, 41.1109591], [-8.6071904, 41.1109296]]}, "properties": {"highway": "primary", "junction": "roundabout", "lanes": "2", "ref": "IC 2", "surface": "asphalt"}}, {"type": "Feature", "geometry": {"type": "LineString", "coordinates": [[-8.6071904, 41.1109296], [-8.6071069, 41.1108997], [-8.6070293, 41.1108893], [-8.6069387, 41.1108918], [-8.6068554, 41.1109085]]}, "properties": {"highway": "primary", "junction": "roundabout", "lanes": "2", "ref": "IC 2", "surface": "asphalt"}}, {"type": "Feature", "geometry": {"type": "LineString", "coordinates": [[-8.6068345, 41.1113833], [-8.6068824, 41.1113946], [-8.606932, 41.111402], [-8.6069808, 41.1114053], [-8.6070273, 41.1114041], [-8.6070878, 41.1113978]]}, "properties": {"highway": "primary", "junction": "roundabout", "lanes": "2", "ref": "IC 2", "surface": "asphalt"}}, {"type": "Feature", "geometry": {"type": "LineString", "coordinates": [[-8.6064829, 41.108628], [-8.6064607, 41.1086607], [-8.6064442, 41.1087061], [-8.6064383, 41.108744], [-8.6064513, 41.1088391], [-8.60649, 41.1089705], [-8.6065222, 41.1090415], [-8.6065627, 41.1090821], [-8.6066138, 41.1091179], [-8.6066577, 41.1091377], [-8.6067108, 41.1091514], [-8.606758, 41.1091576]]}, "properties": {"highway": "primary", "junction": "roundabout", "lanes": "2", "name": "Rotunda de Laborim", "ref": "IC 2", "surface": "asphalt"}}, {"type": "Feature", "geometry": {"type": "LineString", "coordinates": [[-8.6067431, 41.1085316], [-8.6066595, 41.1085376], [-8.6065957, 41.1085546], [-8.6065429, 41.1085821], [-8.6064829, 41.108628]]}, "properties": {"highway": "primary", "junction": "roundabout", "lanes": "2", "name": "Rotunda de Laborim", "ref": "IC 2", "surface": "asphalt"}}, {"type": "Feature", "geometry": {"type": "LineString", "coordinates": [[-8.606758, 41.1091576], [-8.6068086, 41.1091527], [-8.6068624, 41.1091449], [-8.6069157, 41.1091252], [-8.6069636, 41.109101], [-8.6069954, 41.109081], [-8.6070455, 41.1090233]]}, "properties": {"highway": "primary", "junction": "roundabout", "lanes": "2", "name": "Rotunda de Laborim", "ref": "IC 2", "surface": "asphalt"}}, {"type": "Feature", "geometry": {"type": "LineString", "coordinates": [[-8.6069634, 41.1086298], [-8.6069218, 41.108592], [-8.6068673, 41.1085671], [-8.6068191, 41.1085443]]}, "properties": {"highway": "primary", "junction": "roundabout", "lanes": "2", "name": "Rotunda de Laborim", "ref": "IC 2", "surface": "asphalt"}}, {"type": "Feature", "geometry": {"type": "LineString", "coordinates": [[-8.6068191, 41.1085443], [-8.6067431, 41.1085316]]}, "properties": {"highway": "primary", "junction": "roundabout", "lanes": "2", "name": "Rotunda de Laborim", "ref": "IC 2", "surface": "asphalt"}}, {"type": "Feature", "geometry": {"type": "LineString", "coordinates": [[-8.4533219, 40.4804655], [-8.4532728, 40.4805447], [-8.4531835, 40.4806635], [-8.4530949, 40.4807754], [-8.453044, 40.4808301], [-8.4530104, 40.4808718]]}, "properties": {"highway": "primary", "lanes": "2", "maxspeed": "50", "oneway": "no", "ref": "IC 2;EN 1", "surface": "asphalt"}}, {"type": "Feature", "geometry": {"type": "LineString", "coordinates": [[-8.4533927, 40.4803386], [-8.4533219, 40.4804655]]}, "properties": {"highway": "primary", "lanes": "2", "maxspeed": "50", "oneway": "no", "ref": "IC 2;EN 1", "surface": "asphalt"}}, {"type": "Feature", "geometry": {"type": "LineString", "coordinates": [[-8.4534243, 40.48025], [-8.4533927, 40.4803386]]}, "properties": {"highway": "primary", "lanes": "2", "maxspeed": "50", "oneway": "no", "ref": "IC 2;EN 1", "surface": "asphalt"}}, {"type": "Feature", "geometry": {"type": "LineString", "coordinates": [[-8.4506365, 40.3900791], [-8.4506366, 40.3901064]]}, "properties": {"highway": "primary", "lanes": "2", "maxspeed": "50", "name": "Avenida da Restaura\u00e7\u00e3o", "oneway": "no", "ref": "IC 2;EN 1", "source": "Bing", "surface": "asphalt"}}, {"type": "Feature", "geometry": {"type": "LineString", "coordinates": [[-8.4662345, 40.6449845], [-8.4661084, 40.6452552], [-8.466065, 40.6453741], [-8.4659301, 40.6457711], [-8.465914, 40.6458139]]}, "properties": {"highway": "primary", "lanes": "1", "maxspeed": "70", "oneway": "yes", "ref": "IC 2;EN 1", "surface": "asphalt"}}, {"type": "Feature", "geometry": {"type": "LineString", "coordinates": [[-8.4544263, 40.366831], [-8.4543914, 40.3668834], [-8.4543674, 40.3669498], [-8.4543617, 40.3670134], [-8.45436, 40.3670769], [-8.4543686, 40.3671559], [-8.4544037, 40.3672318], [-8.4544731, 40.3673167]]}, "properties": {"highway": "primary", "junction": "roundabout", "lanes": "2", "maxspeed": "50", "ref": "IC 2;EN 1", "surface": "asphalt"}}, {"type": "Feature", "geometry": {"type": "LineString", "coordinates": [[-9.072482, 38.9115026], [-9.0724753, 38.9117463], [-9.0724496, 38.912379]]}, "properties": {"highway": "motorway", "lanes": "3", "maxspeed": "120", "minspeed": "50", "name": "Autoestrada do Ribatejo", "oneway": "yes", "ref": "A 10;IC 2", "surface": "asphalt", "toll": "yes"}}, {"type": "Feature", "geometry": {"type": "LineString", "coordinates": [[-9.0360224, 38.9893439], [-9.0311884, 38.9916132]]}, "properties": {"highway": "motorway", "lanes": "3", "maxspeed": "120", "minspeed": "50", "name": "Autoestrada do Ribatejo", "oneway": "yes", "ref": "A 10;IC 2", "surface": "asphalt", "toll": "yes"}}, {"type": "Feature", "geometry": {"type": "LineString", "coordinates": [[-9.0047738, 39.009366], [-9.0027178, 39.0105429], [-9.0019914, 39.0109282], [-9.0013404, 39.011212], [-9.0007209, 39.0114511], [-9.0001254, 39.0116061], [-8.9993126, 39.0117687], [-8.998687, 39.0118438], [-8.9978647, 39.0119038]]}, "properties": {"highway": "motorway", "lanes": "3", "maxheight:signed": "no", "maxspeed": "120", "minspeed": "50", "name": "Autoestrada do Ribatejo", "oneway": "yes", "ref": "A 10;IC 2", "surface": "asphalt", "toll": "yes"}}, {"type": "Feature", "geometry": {"type": "LineString", "coordinates": [[-8.4701583, 40.6371927], [-8.470405, 40.6366799]]}, "properties": {"highway": "primary", "lanes": "1", "maxspeed": "70", "oneway": "yes", "ref": "IC 2;EN 1", "surface": "asphalt"}}, {"type": "Feature", "geometry": {"type": "LineString", "coordinates": [[-8.4542189, 40.3657348], [-8.4543196, 40.3662446]]}, "properties": {"alt_name": "EN 1", "highway": "trunk", "lanes": "1", "oneway": "yes", "ref": "IC 2;EN 1", "surface": "asphalt"}}, {"type": "Feature", "geometry": {"type": "LineString", "coordinates": [[-8.4835764, 40.7793932], [-8.4839966, 40.7784393]]}, "properties": {"highway": "primary", "lanes": "2", "maxspeed": "50", "name": "Estrada Nacional 1", "old_name": "Estrada Nacional 1", "oneway": "no", "ref": "IC 2;EN 1", "source": "Bing", "surface": "asphalt"}}, {"type": "Feature", "geometry": {"type": "LineString", "coordinates": [[-8.4838652, 40.7721473], [-8.4837011, 40.7714934]]}, "properties": {"highway": "primary", "lanes": "2", "maxspeed": "50", "old_name": "Estrada Nacional 1", "oneway": "no", "ref": "IC 2;EN 1", "source": "Bing", "surface": "asphalt"}}, {"type": "Feature", "geometry": {"type": "LineString", "coordinates": [[-8.4705618, 40.6336425], [-8.4705582, 40.6335842], [-8.4704715, 40.6329971], [-8.4704022, 40.632691], [-8.4702934, 40.6323958], [-8.4701915, 40.6321947], [-8.4700874, 40.6320268], [-8.4700079, 40.6319215], [-8.4698389, 40.6316976], [-8.4697386, 40.6315898], [-8.4696455, 40.6314896], [-8.4693656, 40.6312119], [-8.4690621, 40.6309606], [-8.4688302, 40.630796]]}, "properties": {"highway": "primary", "lanes": "3", "lanes:backward": "1", "lanes:forward": "2", "maxspeed": "70", "oneway": "no", "ref": "IC 2;EN 1", "surface": "asphalt"}}, {"type": "Feature", "geometry": {"type": "LineString", "coordinates": [[-8.4616282, 40.6211873], [-8.461679, 40.6207854]]}, "properties": {"highway": "primary", "lanes": "2", "maxspeed": "70", "oneway": "no", "ref": "IC 2;EN 1", "surface": "asphalt"}}, {"type": "Feature", "geometry": {"type": "LineString", "coordinates": [[-8.4546895, 40.4697042], [-8.4547715, 40.4694762]]}, "properties": {"highway": "primary", "lanes": "2", "maxspeed": "90", "oneway": "no", "ref": "IC 2;EN 1", "surface": "asphalt"}}, {"type": "Feature", "geometry": {"type": "LineString", "coordinates": [[-8.9866211, 39.0403554], [-8.9865865, 39.0404177], [-8.9865778, 39.0404853], [-8.986589, 39.0405353], [-8.9866145, 39.040582], [-8.9866531, 39.0406229], [-8.9866974, 39.0406531], [-8.9867489, 39.0406756]]}, "properties": {"highway": "primary", "junction": "roundabout", "lanes": "2", "maxspeed": "50", "ref": "IC 2;EN 1", "surface": "asphalt"}}, {"type": "Feature", "geometry": {"type": "LineString", "coordinates": [[-8.9869012, 39.0402545], [-8.9868361, 39.0402532], [-8.9867724, 39.0402635], [-8.9867133, 39.0402848], [-8.9866619, 39.0403159], [-8.9866211, 39.0403554]]}, "properties": {"highway": "primary", "junction": "roundabout", "lanes": "2", "maxspeed": "50", "ref": "IC 2;EN 1", "surface": "asphalt"}}, {"type": "Feature", "geometry": {"type": "LineString", "coordinates": [[-8.9867489, 39.0406756], [-8.9868263, 39.0406919], [-8.9869066, 39.0406908], [-8.9869832, 39.0406723], [-8.9870502, 39.0406379]]}, "properties": {"highway": "primary", "junction": "roundabout", "lanes": "2", "maxspeed": "50", "ref": "IC 2;EN 1", "surface": "asphalt"}}, {"type": "Feature", "geometry": {"type": "LineString", "coordinates": [[-9.0003107, 39.0656049], [-9.0002646, 39.0655593], [-9.0002025, 39.0655272], [-9.0001306, 39.0655117]]}, "properties": {"highway": "primary", "junction": "roundabout", "lanes": "2", "ref": "IC 2;EN 1", "surface": "asphalt"}}, {"type": "Feature", "geometry": {"type": "LineString", "coordinates": [[-8.9883899, 39.1061395], [-8.9887144, 39.1055913], [-8.9894028, 39.1044444], [-8.9905671, 39.1025266], [-8.9911752, 39.1015747], [-8.9914941, 39.1008748], [-8.9915971, 39.1005418], [-8.9917028, 39.1000974], [-8.9918299, 39.0988094], [-8.9920605, 39.0960922], [-8.9923453, 39.0935806], [-8.9923613, 39.0933748], [-8.9923984, 39.0929373], [-8.9924238, 39.0922522], [-8.9924692, 39.0904175], [-8.9924725, 39.0898925], [-8.9924475, 39.0893971], [-8.9924039, 39.0891039], [-8.992215, 39.0887778], [-8.9919661, 39.0883781], [-8.9919232, 39.0882115], [-8.9919216, 39.0879946], [-8.9919868, 39.0876972], [-8.9920554, 39.0873399], [-8.9921093, 39.0871272], [-8.992188, 39.0869631], [-8.9923411, 39.0867051], [-8.9924605, 39.0864999], [-8.9925237, 39.0863368], [-8.9925495, 39.0861396], [-8.9925069, 39.0859264], [-8.9924554, 39.0857465], [-8.9922846, 39.0853887], [-8.992112, 39.085027], [-8.9919685, 39.0847169], [-8.9919208, 39.0845874], [-8.9918374, 39.0843608], [-8.9914419, 39.0830797], [-8.9913052, 39.0827152], [-8.9912955, 39.0824873], [-8.9912974, 39.0824103], [-8.9913053, 39.0821898], [-8.9913133, 39.082133], [-8.9913585, 39.0815821], [-8.991399, 39.0808342], [-8.9913494, 39.0804917], [-8.9912967, 39.08023], [-8.9912108, 39.0798902], [-8.9911214, 39.0795662], [-8.9910134, 39.0793439], [-8.9909417, 39.0791821], [-8.9908441, 39.0789935], [-8.9907399, 39.0787932], [-8.9906628, 39.0786499], [-8.9905671, 39.0784377], [-8.9904555, 39.0781912], [-8.990404, 39.0779713], [-8.9903783, 39.0777315], [-8.990404, 39.0775316], [-8.9904641, 39.0772717], [-8.9905238, 39.0771145], [-8.9905805, 39.0769856], [-8.9906701, 39.0767653], [-8.9908411, 39.0765304], [-8.9914511, 39.0759058], [-8.9915182, 39.0758402], [-8.9917343, 39.0756288], [-8.9922343, 39.0750412], [-8.9923991, 39.0748213], [-8.9924792, 39.0747209], [-8.9926033, 39.0745513], [-8.9928674, 39.0741334], [-8.9930733, 39.0737935], [-8.9931506, 39.0735537], [-8.9932364, 39.0732271], [-8.9933634, 39.0726141], [-8.9934338, 39.0722743], [-8.9935264, 39.0719678], [-8.9935626, 39.0718478], [-8.9937171, 39.0715146], [-8.9939317, 39.0711348], [-8.9943093, 39.070635], [-8.9947985, 39.0700486], [-8.9950045, 39.0698287], [-8.9951621, 39.0697165], [-8.9952105, 39.0696821], [-8.9954594, 39.0695689], [-8.9961718, 39.0692423], [-8.9962553, 39.0691968], [-8.9964894, 39.0690691], [-8.9971088, 39.0686727], [-8.9975833, 39.0683662], [-8.9981137, 39.0679935], [-8.9984312, 39.0677288], [-8.9987176, 39.0674175], [-8.9992099, 39.066822], [-8.9997262, 39.0661456]]}, "properties": {"highway": "primary", "lanes": "2", "ref": "IC 2;EN 1", "surface": "asphalt"}}, {"type": "Feature", "geometry": {"type": "LineString", "coordinates": [[-8.9880811, 39.106644], [-8.9882403, 39.1063826]]}, "properties": {"highway": "primary", "lanes": "2", "ref": "IC 2;EN 1", "surface": "asphalt"}}, {"type": "Feature", "geometry": {"type": "LineString", "coordinates": [[-8.9887177, 39.1147653], [-8.9886187, 39.1144681]]}, "properties": {"highway": "primary", "lanes": "2", "ref": "IC 2;EN 1", "surface": "asphalt"}}, {"type": "Feature", "geometry": {"type": "LineString", "coordinates": [[-8.9886187, 39.1144681], [-8.9883088, 39.1136289], [-8.9877261, 39.1120507], [-8.9872111, 39.1106188], [-8.9871178, 39.1102084], [-8.9870631, 39.1099329], [-8.9870223, 39.1095266], [-8.9870141, 39.1093301]]}, "properties": {"highway": "primary", "lanes": "2", "ref": "IC 2;EN 1", "surface": "asphalt"}}, {"type": "Feature", "geometry": {"type": "LineString", "coordinates": [[-8.9888411, 39.1151299], [-8.9887177, 39.1147653]]}, "properties": {"highway": "primary", "lanes": "2", "ref": "IC 2;EN 1", "surface": "asphalt"}}, {"type": "Feature", "geometry": {"type": "LineString", "coordinates": [[-8.9944501, 39.2104733], [-8.994439, 39.2104827], [-8.9943558, 39.2105451], [-8.9941178, 39.2106968], [-8.993812, 39.2108713], [-8.9936806, 39.2109389], [-8.9935632, 39.2109971], [-8.9933567, 39.2110875], [-8.9929356, 39.2112631], [-8.9926942, 39.2113805]]}, "properties": {"highway": "primary", "lanes": "1", "oneway": "yes", "ref": "IC 2;EN 1", "surface": "asphalt"}}, {"type": "Feature", "geometry": {"type": "LineString", "coordinates": [[-8.9551025, 39.2339799], [-8.9551792, 39.2342843], [-8.955365, 39.2351101]]}, "properties": {"highway": "trunk", "lanes": "2", "maxheight": "default", "oneway": "yes", "ref": "IC 2", "surface": "asphalt"}}, {"type": "Feature", "geometry": {"type": "LineString", "coordinates": [[-8.9549552, 39.2332988], [-8.9551025, 39.2339799]]}, "properties": {"highway": "trunk", "lanes": "3", "maxheight": "default", "oneway": "yes", "ref": "IC 2", "surface": "asphalt", "turn:lanes": "through|through|slight_right"}}, {"type": "Feature", "geometry": {"type": "LineString", "coordinates": [[-8.955458, 39.2355234], [-8.9555815, 39.2360211], [-8.9556386, 39.2362505], [-8.9557371, 39.2365987]]}, "properties": {"highway": "trunk", "lanes": "2", "maxheight": "default", "oneway": "yes", "ref": "IC 2", "surface": "asphalt"}}, {"type": "Feature", "geometry": {"type": "LineString", "coordinates": [[-8.955365, 39.2351101], [-8.955458, 39.2355234]]}, "properties": {"highway": "trunk", "lanes": "3", "maxheight": "default", "oneway": "yes", "ref": "IC 2", "surface": "asphalt", "turn:lanes": "||merge_to_left"}}, {"type": "Feature", "geometry": {"type": "LineString", "coordinates": [[-8.6070207, 41.1087531], [-8.6069996, 41.1086878], [-8.6069634, 41.1086298]]}, "properties": {"highway": "primary", "junction": "roundabout", "lanes": "2", "name": "Rotunda de Laborim", "ref": "IC 2", "surface": "asphalt"}}, {"type": "Feature", "geometry": {"type": "LineString", "coordinates": [[-8.4749096, 40.9460378], [-8.4757853, 40.9477072]]}, "properties": {"bicycle": "no", "foot": "no", "highway": "motorway", "lanes": "2", "maxspeed": "120", "name": "Autoestrada de Entre Douro-e-Vouga", "oneway": "yes", "ref": "A 32;IC 2", "source": "BING", "surface": "asphalt", "toll": "yes"}}, {"type": "Feature", "geometry": {"type": "LineString", "coordinates": [[-8.4320074, 40.877649], [-8.4321019, 40.8779281], [-8.4322025, 40.8781779], [-8.4323543, 40.8785176], [-8.4325568, 40.8789218], [-8.4327651, 40.8793008], [-8.4329395, 40.8795959], [-8.433136, 40.8798821], [-8.4333377, 40.880149]]}, "properties": {"bicycle": "no", "foot": "no", "highway": "motorway", "lanes": "3", "maxspeed": "120", "name": "Autoestrada de Entre Douro-e-Vouga", "oneway": "yes", "ref": "A 32;IC 2", "source": "BING", "surface": "asphalt", "toll": "yes"}}, {"type": "Feature", "geometry": {"type": "LineString", "coordinates": [[-8.4327984, 40.8711196], [-8.4324741, 40.8715561], [-8.4323187, 40.8718022], [-8.432162, 40.8720698], [-8.4320412, 40.872298], [-8.4319492, 40.8724957], [-8.4318579, 40.8727116]]}, "properties": {"bicycle": "no", "foot": "no", "highway": "motorway", "lanes": "3", "maxspeed": "120", "name": "Autoestrada de Entre Douro-e-Vouga", "oneway": "yes", "ref": "A 32;IC 2", "source": "BING", "surface": "asphalt", "toll": "yes"}}, {"type": "Feature", "geometry": {"type": "LineString", "coordinates": [[-8.4386816, 40.8659843], [-8.4351806, 40.8689416], [-8.4337096, 40.8701842], [-8.4333216, 40.8705452], [-8.4331091, 40.8707599], [-8.43292, 40.8709751], [-8.4327984, 40.8711196]]}, "properties": {"bicycle": "no", "foot": "no", "highway": "motorway", "lanes": "2", "maxspeed": "120", "name": "Autoestrada de Entre Douro-e-Vouga", "oneway": "yes", "ref": "A 32;IC 2", "source": "BING", "surface": "asphalt", "toll": "yes"}}, {"type": "Feature", "geometry": {"type": "LineString", "coordinates": [[-8.4338848, 40.8702719], [-8.4353761, 40.8690207], [-8.4386927, 40.8662378]]}, "properties": {"bicycle": "no", "foot": "no", "highway": "motorway", "lanes": "2", "maxspeed": "120", "name": "Autoestrada de Entre Douro-e-Vouga", "oneway": "yes", "ref": "A 32;IC 2", "source": "BING", "surface": "asphalt", "toll": "yes"}}, {"type": "Feature", "geometry": {"type": "LineString", "coordinates": [[-8.432713, 40.8715556], [-8.4328334, 40.8713795], [-8.4330192, 40.8711439], [-8.4332062, 40.8709293], [-8.4333848, 40.8707365], [-8.4336017, 40.870526], [-8.4338848, 40.8702719]]}, "properties": {"bicycle": "no", "foot": "no", "highway": "motorway", "lanes": "3", "maxspeed": "120", "name": "Autoestrada de Entre Douro-e-Vouga", "oneway": "yes", "ref": "A 32;IC 2", "source": "BING", "surface": "asphalt", "toll": "yes"}}, {"type": "Feature", "geometry": {"type": "LineString", "coordinates": [[-8.4317811, 40.8753803], [-8.4317295, 40.8745933]]}, "properties": {"bicycle": "no", "foot": "no", "highway": "motorway", "lanes": "3", "maxspeed": "120", "name": "Autoestrada de Entre Douro-e-Vouga", "oneway": "yes", "ref": "A 32;IC 2", "source": "BING", "surface": "asphalt", "toll": "yes"}}, {"type": "Feature", "geometry": {"type": "LineString", "coordinates": [[-8.4319105, 40.8761565], [-8.4317811, 40.8753803]]}, "properties": {"bicycle": "no", "bridge": "yes", "foot": "no", "highway": "motorway", "lanes": "3", "layer": "1", "maxspeed": "120", "name": "Autoestrada de Entre Douro-e-Vouga", "oneway": "yes", "ref": "A 32;IC 2", "source": "BING", "surface": "asphalt", "toll": "yes"}}, {"type": "Feature", "geometry": {"type": "LineString", "coordinates": [[-8.439621, 40.865385], [-8.4412287, 40.8639081]]}, "properties": {"bicycle": "no", "bridge": "yes", "foot": "no", "highway": "motorway", "lanes": "1", "layer": "1", "maxspeed": "120", "name": "Autoestrada de Entre Douro-e-Vouga", "oneway": "yes", "ref": "A 32;IC 2", "source": "BING", "surface": "asphalt", "toll": "yes"}}, {"type": "Feature", "geometry": {"type": "LineString", "coordinates": [[-8.4412287, 40.8639081], [-8.4420017, 40.8631056]]}, "properties": {"bicycle": "no", "foot": "no", "highway": "motorway", "lanes": "1", "maxspeed": "120", "name": "Autoestrada de Entre Douro-e-Vouga", "oneway": "yes", "ref": "A 32;IC 2", "source": "BING", "surface": "asphalt", "toll": "yes"}}, {"type": "Feature", "geometry": {"type": "LineString", "coordinates": [[-8.442013, 40.8628184], [-8.4408814, 40.8639527]]}, "properties": {"bicycle": "no", "foot": "no", "highway": "motorway", "lanes": "2", "maxspeed": "120", "name": "Autoestrada de Entre Douro-e-Vouga", "oneway": "yes", "ref": "A 32;IC 2", "source": "BING", "surface": "asphalt", "toll": "yes"}}, {"type": "Feature", "geometry": {"type": "LineString", "coordinates": [[-8.4714173, 40.8335416], [-8.4711034, 40.8332144], [-8.4709504, 40.833052], [-8.4707749, 40.832838], [-8.4706268, 40.8326465], [-8.4704531, 40.8323904]]}, "properties": {"highway": "trunk", "lanes": "2", "oneway": "yes", "ref": "IC 2", "source": "Bing", "surface": "asphalt"}}, {"type": "Feature", "geometry": {"type": "LineString", "coordinates": [[-8.4678414, 40.8277054], [-8.4678792, 40.8279165]]}, "properties": {"bridge": "yes", "highway": "trunk", "lanes": "2", "layer": "1", "maxspeed": "90", "maxweight:signed": "no", "oneway": "yes", "ref": "IC 2", "surface": "asphalt"}}, {"type": "Feature", "geometry": {"type": "LineString", "coordinates": [[-8.472454, 40.8380262], [-8.4722807, 40.8382239], [-8.4716417, 40.8388938], [-8.4712745, 40.839304], [-8.4710792, 40.8395086]]}, "properties": {"highway": "trunk", "lanes": "2", "oneway": "yes", "ref": "IC 2", "source": "Bing", "surface": "asphalt"}}, {"type": "Feature", "geometry": {"type": "LineString", "coordinates": [[-8.4732423, 40.8359954], [-8.4732666, 40.8362279], [-8.4732605, 40.8364144], [-8.4732331, 40.836617], [-8.4731936, 40.8367988], [-8.4731327, 40.8369876], [-8.4730688, 40.8371465], [-8.4729714, 40.8373352], [-8.4728619, 40.8375056], [-8.4726854, 40.8377427], [-8.472454, 40.8380262]]}, "properties": {"highway": "trunk", "lanes": "2", "maxheight:signed": "no", "oneway": "yes", "ref": "IC 2", "source": "Bing", "surface": "asphalt"}}, {"type": "Feature", "geometry": {"type": "LineString", "coordinates": [[-8.480798, 40.8862968], [-8.4804343, 40.8865968], [-8.4796471, 40.8872003]]}, "properties": {"highway": "trunk", "lanes": "1", "maxheight:signed": "no", "oneway": "yes", "ref": "IC 2", "source": "bing", "surface": "asphalt"}}, {"type": "Feature", "geometry": {"type": "LineString", "coordinates": [[-8.4775865, 40.8912459], [-8.4776315, 40.8914185], [-8.4777226, 40.891674], [-8.4778042, 40.891861]]}, "properties": {"highway": "trunk", "lanes": "2", "maxheight:signed": "no", "oneway": "yes", "ref": "IC 2", "source": "bing", "surface": "asphalt"}}, {"type": "Feature", "geometry": {"type": "LineString", "coordinates": [[-8.4759312, 40.8120553], [-8.4756691, 40.8130386], [-8.4754658, 40.8137433], [-8.475408, 40.8139071]]}, "properties": {"highway": "trunk", "lanes": "2", "maxheight:signed": "no", "maxspeed": "90", "oneway": "yes", "ref": "IC 2", "source": "Bing", "surface": "asphalt"}}, {"type": "Feature", "geometry": {"type": "LineString", "coordinates": [[-8.4758427, 40.812845], [-8.4760252, 40.8120942]]}, "properties": {"highway": "trunk", "lanes": "2", "maxheight:signed": "no", "oneway": "yes", "ref": "IC 2", "source": "Bing", "surface": "asphalt"}}, {"type": "Feature", "geometry": {"type": "LineString", "coordinates": [[-8.4755755, 40.8136847], [-8.4758427, 40.812845]]}, "properties": {"highway": "trunk", "lanes": "2", "oneway": "yes", "ref": "IC 2", "source": "Bing", "surface": "asphalt"}}, {"type": "Feature", "geometry": {"type": "LineString", "coordinates": [[-8.4734182, 40.817579], [-8.473463, 40.8175106], [-8.4737017, 40.8171459], [-8.4740705, 40.8166113], [-8.4744286, 40.8160628], [-8.4745815, 40.8157999], [-8.4748001, 40.8154145], [-8.475036, 40.8149573], [-8.4752134, 40.8145876], [-8.4754414, 40.8140441], [-8.4755755, 40.8136847]]}, "properties": {"highway": "trunk", "lanes": "2", "oneway": "yes", "ref": "IC 2", "source": "Bing", "surface": "asphalt"}}, {"type": "Feature", "geometry": {"type": "LineString", "coordinates": [[-8.471205, 40.8394526], [-8.4716401, 40.8389976], [-8.4716988, 40.8389362]]}, "properties": {"bicycle": "no", "foot": "no", "highway": "trunk", "lanes": "2", "maxspeed": "90", "oneway": "yes", "ref": "IC 2", "source": "Bing", "surface": "asphalt"}}, {"type": "Feature", "geometry": {"type": "LineString", "coordinates": [[-8.4707696, 40.8449056], [-8.4699296, 40.8440691], [-8.4697538, 40.8438881], [-8.4695607, 40.8436678], [-8.4694447, 40.8435038], [-8.4693645, 40.8433629], [-8.4692646, 40.8431634], [-8.4691863, 40.8429523], [-8.4691504, 40.8427976], [-8.4691224, 40.8425764], [-8.4691242, 40.8423895], [-8.4691357, 40.8422052], [-8.469172, 40.8420037], [-8.4692512, 40.8417435], [-8.4693451, 40.8415293], [-8.4694869, 40.8413022], [-8.4696361, 40.8410931], [-8.471205, 40.8394526]]}, "properties": {"access": "yes", "bicycle": "no", "foot": "no", "highway": "trunk", "lanes": "1", "maxheight:signed": "no", "maxspeed": "90", "oneway": "yes", "ref": "IC 2", "source": "Bing", "surface": "asphalt"}}, {"type": "Feature", "geometry": {"type": "LineString", "coordinates": [[-8.4747861, 40.6922076], [-8.475418, 40.6926024]]}, "properties": {"highway": "trunk", "lanes": "2", "oneway": "yes", "ref": "IC 2;EN 1"}}, {"type": "Feature", "geometry": {"type": "LineString", "coordinates": [[-8.4773235, 40.6939051], [-8.4770696, 40.6936662]]}, "properties": {"highway": "trunk", "lanes": "2", "maxspeed": "70", "oneway": "yes", "ref": "IC 2;EN 1"}}, {"type": "Feature", "geometry": {"type": "LineString", "coordinates": [[-8.4778623, 40.6947277], [-8.477717, 40.6944521], [-8.4774809, 40.6940976]]}, "properties": {"highway": "trunk", "lanes": "2", "maxspeed": "70", "oneway": "yes", "ref": "IC 2;EN 1"}}, {"type": "Feature", "geometry": {"type": "LineString", "coordinates": [[-8.4778886, 40.6949215], [-8.4785593, 40.6963282], [-8.4798584, 40.699042]]}, "properties": {"highway": "trunk", "lane_markings": "no", "lanes": "2", "oneway": "yes", "ref": "IC 2;EN 1"}}, {"type": "Feature", "geometry": {"type": "LineString", "coordinates": [[-8.4798584, 40.699042], [-8.4800884, 40.6995224]]}, "properties": {"highway": "trunk", "lane_markings": "no", "lanes": "3", "oneway": "yes", "ref": "IC 2;EN 1"}}, {"type": "Feature", "geometry": {"type": "LineString", "coordinates": [[-8.4800884, 40.6995224], [-8.4803656, 40.7000717]]}, "properties": {"highway": "trunk", "lane_markings": "no", "lanes": "2", "oneway": "yes", "ref": "IC 2;EN 1"}}, {"type": "Feature", "geometry": {"type": "LineString", "coordinates": [[-8.4807401, 40.7006296], [-8.4803563, 40.6998571]]}, "properties": {"highway": "trunk", "lanes": "1", "maxspeed": "70", "oneway": "yes", "ref": "IC 2;EN 1"}}, {"type": "Feature", "geometry": {"type": "LineString", "coordinates": [[-8.4816051, 40.7023461], [-8.4807401, 40.7006296]]}, "properties": {"highway": "trunk", "lanes": "2", "maxspeed": "70", "oneway": "yes", "ref": "IC 2;EN 1"}}, {"type": "Feature", "geometry": {"type": "LineString", "coordinates": [[-8.4814714, 40.702262], [-8.4818052, 40.7029233]]}, "properties": {"highway": "trunk", "lanes": "1", "oneway": "yes", "ref": "IC 2;EN 1"}}, {"type": "Feature", "geometry": {"type": "LineString", "coordinates": [[-8.4818052, 40.7029233], [-8.4821476, 40.7036448]]}, "properties": {"highway": "trunk", "lanes": "2", "oneway": "yes", "ref": "IC 2;EN 1"}}, {"type": "Feature", "geometry": {"type": "LineString", "coordinates": [[-8.4825436, 40.7042676], [-8.482328, 40.7037955], [-8.4822107, 40.7035582]]}, "properties": {"highway": "trunk", "lanes": "2", "maxspeed": "70", "oneway": "yes", "ref": "IC 2;EN 1"}}, {"type": "Feature", "geometry": {"type": "LineString", "coordinates": [[-8.4822107, 40.7035582], [-8.481886, 40.7029015]]}, "properties": {"highway": "trunk", "lanes": "1", "maxspeed": "70", "oneway": "yes", "ref": "IC 2;EN 1"}}, {"type": "Feature", "geometry": {"type": "LineString", "coordinates": [[-8.4821476, 40.7036448], [-8.4822278, 40.7038138], [-8.4827083, 40.7048126], [-8.4827873, 40.7050717]]}, "properties": {"highway": "trunk", "lanes": "1", "oneway": "yes", "ref": "IC 2;EN 1"}}, {"type": "Feature", "geometry": {"type": "LineString", "coordinates": [[-8.4720132, 40.6765185], [-8.471882, 40.6769486]]}, "properties": {"highway": "trunk", "lanes": "2", "maxspeed": "70", "oneway": "yes", "ref": "IC 2;EN 1", "surface": "asphalt"}}, {"type": "Feature", "geometry": {"type": "LineString", "coordinates": [[-8.472003, 40.6768154], [-8.4721004, 40.676529]]}, "properties": {"highway": "trunk", "lanes": "2", "maxspeed": "70", "oneway": "yes", "ref": "IC 2;EN 1", "surface": "asphalt"}}, {"type": "Feature", "geometry": {"type": "LineString", "coordinates": [[-8.4721004, 40.676529], [-8.4725831, 40.675038], [-8.4726572, 40.6748565]]}, "properties": {"highway": "trunk", "lanes": "1", "maxspeed": "70", "oneway": "yes", "ref": "IC 2;EN 1", "surface": "asphalt"}}, {"type": "Feature", "geometry": {"type": "LineString", "coordinates": [[-8.4724958, 40.6749942], [-8.4720132, 40.6765185]]}, "properties": {"highway": "trunk", "lanes": "1", "maxspeed": "70", "oneway": "yes", "ref": "IC 2;EN 1", "surface": "asphalt"}}, {"type": "Feature", "geometry": {"type": "LineString", "coordinates": [[-8.4761967, 40.8111764], [-8.4762776, 40.8105551]]}, "properties": {"highway": "trunk", "lanes": "3", "oneway": "yes", "ref": "IC 2", "source": "Bing", "surface": "asphalt"}}, {"type": "Feature", "geometry": {"type": "LineString", "coordinates": [[-8.4697351, 40.592538], [-8.4700251, 40.5915791]]}, "properties": {"highway": "trunk", "lanes": "3", "maxspeed": "90", "oneway": "yes", "ref": "IC 2"}}, {"type": "Feature", "geometry": {"type": "LineString", "coordinates": [[-8.4696615, 40.5928444], [-8.4696779, 40.5927897]]}, "properties": {"highway": "trunk", "lanes": "3", "maxspeed": "90", "oneway": "yes", "ref": "IC 2"}}, {"type": "Feature", "geometry": {"type": "LineString", "coordinates": [[-8.4679344, 40.6003325], [-8.468331, 40.5982805]]}, "properties": {"highway": "trunk", "lanes": "2", "maxspeed": "90", "oneway": "yes", "ref": "IC 2"}}, {"type": "Feature", "geometry": {"type": "LineString", "coordinates": [[-8.468331, 40.5982805], [-8.4685218, 40.597293]]}, "properties": {"highway": "trunk", "lanes": "3", "maxspeed": "90", "oneway": "yes", "ref": "IC 2"}}, {"type": "Feature", "geometry": {"type": "LineString", "coordinates": [[-8.4685218, 40.597293], [-8.4688671, 40.595425], [-8.4689001, 40.5953004]]}, "properties": {"highway": "trunk", "lanes": "2", "maxspeed": "90", "oneway": "yes", "ref": "IC 2"}}, {"type": "Feature", "geometry": {"type": "LineString", "coordinates": [[-8.4689001, 40.5953004], [-8.4690538, 40.5947819]]}, "properties": {"highway": "trunk", "lanes": "3", "maxspeed": "90", "oneway": "yes", "ref": "IC 2"}}, {"type": "Feature", "geometry": {"type": "LineString", "coordinates": [[-8.4690538, 40.5947819], [-8.4696615, 40.5928444]]}, "properties": {"highway": "trunk", "lanes": "2", "maxspeed": "90", "oneway": "yes", "ref": "IC 2"}}, {"type": "Feature", "geometry": {"type": "LineString", "coordinates": [[-8.4696474, 40.5922984], [-8.4695845, 40.5924999]]}, "properties": {"highway": "trunk", "lanes": "3", "maxspeed": "90", "oneway": "yes", "ref": "IC 2"}}, {"type": "Feature", "geometry": {"type": "LineString", "coordinates": [[-8.4692344, 40.5935667], [-8.46879, 40.5950184]]}, "properties": {"highway": "trunk", "lanes": "2", "maxspeed": "90", "oneway": "yes", "ref": "IC 2"}}, {"type": "Feature", "geometry": {"type": "LineString", "coordinates": [[-8.46879, 40.5950184], [-8.4686926, 40.5954842]]}, "properties": {"highway": "trunk", "lanes": "3", "maxspeed": "90", "oneway": "yes", "ref": "IC 2"}}, {"type": "Feature", "geometry": {"type": "LineString", "coordinates": [[-8.4686926, 40.5954842], [-8.4683394, 40.5972465]]}, "properties": {"highway": "trunk", "lanes": "2", "maxspeed": "90", "oneway": "yes", "ref": "IC 2"}}, {"type": "Feature", "geometry": {"type": "LineString", "coordinates": [[-8.4683394, 40.5972465], [-8.4680916, 40.5986933]]}, "properties": {"highway": "trunk", "lanes": "3", "maxspeed": "90", "oneway": "yes", "ref": "IC 2"}}, {"type": "Feature", "geometry": {"type": "LineString", "coordinates": [[-8.4680916, 40.5986933], [-8.4677699, 40.6005718], [-8.4676991, 40.6011631]]}, "properties": {"highway": "trunk", "lanes": "2", "maxspeed": "90", "oneway": "yes", "ref": "IC 2"}}, {"type": "Feature", "geometry": {"type": "LineString", "coordinates": [[-8.4668942, 40.6057586], [-8.4670507, 40.6048189]]}, "properties": {"highway": "trunk", "lanes": "2", "lanes:backward": "1", "lanes:forward": "1", "maxspeed": "90", "oneway": "no", "ref": "IC 2"}}, {"type": "Feature", "geometry": {"type": "LineString", "coordinates": [[-8.4670507, 40.6048189], [-8.4672765, 40.6034632], [-8.4676648, 40.6014439], [-8.4676991, 40.6011631]]}, "properties": {"highway": "trunk", "lanes": "3", "lanes:backward": "2", "lanes:forward": "1", "maxspeed": "90", "oneway": "no", "ref": "IC 2"}}, {"type": "Feature", "geometry": {"type": "LineString", "coordinates": [[-8.4534124, 40.527269], [-8.453268, 40.5269522], [-8.453027, 40.5265127], [-8.4524922, 40.5256335]]}, "properties": {"highway": "trunk", "lanes": "1", "oneway": "yes", "ref": "IC 2"}}, {"type": "Feature", "geometry": {"type": "LineString", "coordinates": [[-8.4509094, 40.5230592], [-8.4505977, 40.5225802], [-8.4503924, 40.522242]]}, "properties": {"highway": "trunk", "lanes": "3", "oneway": "yes", "ref": "IC 2"}}, {"type": "Feature", "geometry": {"type": "LineString", "coordinates": [[-8.4503924, 40.522242], [-8.4500562, 40.5217097], [-8.4497529, 40.5212205], [-8.4495819, 40.5209681]]}, "properties": {"highway": "trunk", "lanes": "2", "oneway": "yes", "ref": "IC 2"}}, {"type": "Feature", "geometry": {"type": "LineString", "coordinates": [[-8.4495819, 40.5209681], [-8.4494149, 40.5206803], [-8.4492728, 40.5203706], [-8.4491378, 40.520061]]}, "properties": {"highway": "trunk", "lanes": "3", "oneway": "yes", "ref": "IC 2;EN 1"}}, {"type": "Feature", "geometry": {"type": "LineString", "coordinates": [[-8.448857, 40.5187358], [-8.448843, 40.5184945], [-8.4488515, 40.5181174], [-8.4488883, 40.5177338], [-8.4489204, 40.5173676]]}, "properties": {"highway": "trunk", "lanes": "1", "oneway": "yes", "ref": "IC 2;EN 1"}}, {"type": "Feature", "geometry": {"type": "LineString", "coordinates": [[-8.44874, 40.5188342], [-8.4487508, 40.5191004], [-8.4490006, 40.5201041], [-8.4493435, 40.5208188]]}, "properties": {"highway": "trunk", "lanes": "2", "maxspeed": "90", "old_ref": "EN 1", "oneway": "yes", "ref": "IC 2;EN 1"}}, {"type": "Feature", "geometry": {"type": "LineString", "coordinates": [[-8.4502551, 40.5222946], [-8.4509756, 40.5234541]]}, "properties": {"highway": "trunk", "lanes": "3", "maxspeed": "90", "old_ref": "EN 1", "oneway": "yes", "ref": "IC 2"}}, {"type": "Feature", "geometry": {"type": "LineString", "coordinates": [[-8.4509756, 40.5234541], [-8.4528464, 40.5264296], [-8.4534124, 40.527269]]}, "properties": {"highway": "trunk", "lanes": "2", "maxspeed": "90", "old_ref": "EN 1", "oneway": "yes", "ref": "IC 2"}}, {"type": "Feature", "geometry": {"type": "LineString", "coordinates": [[-8.4725619, 40.5830934], [-8.47268, 40.5827309]]}, "properties": {"highway": "trunk", "lanes": "3", "lanes:backward": "2", "lanes:forward": "1", "maxheight:signed": "no", "maxspeed": "90", "oneway": "no", "ref": "IC 2"}}, {"type": "Feature", "geometry": {"type": "LineString", "coordinates": [[-8.7384241, 39.8117182], [-8.7388629, 39.8114656], [-8.7391277, 39.8113054], [-8.7392653, 39.811217], [-8.7393196, 39.8111821], [-8.7394927, 39.8110668], [-8.739647, 39.810961], [-8.7398117, 39.8108377], [-8.7399598, 39.810724], [-8.7400891, 39.8106166], [-8.7402622, 39.810458], [-8.7403435, 39.8103756], [-8.740406, 39.8103123], [-8.7405624, 39.8101361], [-8.7407564, 39.8099118], [-8.7409753, 39.8096507], [-8.7411547, 39.8094328], [-8.7413007, 39.8092566], [-8.7413945, 39.8091317], [-8.7414821, 39.8090131], [-8.7415801, 39.8088529], [-8.7416802, 39.8086847], [-8.7417157, 39.8086201], [-8.7417532, 39.8085518], [-8.7418095, 39.8084252], [-8.7418149, 39.8084113], [-8.7418528, 39.8083136], [-8.7418938, 39.8081976], [-8.7419317, 39.8080648], [-8.7419696, 39.8078812], [-8.7420014, 39.8077244], [-8.7420259, 39.8075737], [-8.74204, 39.8074347], [-8.742039, 39.8072949], [-8.742029, 39.8071684], [-8.7420102, 39.8070451], [-8.7419857, 39.8068745], [-8.7418741, 39.8061665]]}, "properties": {"highway": "trunk", "lanes": "1", "lit": "yes", "maxspeed": "80", "oneway": "yes", "ref": "IC 2;EN 1", "surface": "asphalt"}}, {"type": "Feature", "geometry": {"type": "LineString", "coordinates": [[-8.7374386, 39.8123098], [-8.7384241, 39.8117182]]}, "properties": {"highway": "trunk", "lanes": "2", "lit": "no", "maxspeed": "80", "oneway": "yes", "ref": "IC 2;EN 1", "surface": "asphalt", "turn:lanes": "through|right"}}, {"type": "Feature", "geometry": {"type": "LineString", "coordinates": [[-8.5359014, 40.0610101], [-8.5367823, 40.0603513], [-8.5378585, 40.0595281], [-8.5381116, 40.0593345], [-8.5384461, 40.0590748], [-8.5385286, 40.0590107], [-8.5389835, 40.0586575], [-8.5396329, 40.0582861], [-8.54029, 40.0580944], [-8.5409876, 40.0580016]]}, "properties": {"highway": "trunk", "lanes": "2", "lit": "no", "maxspeed": "60", "ref": "IC 2;EN 1", "smoothness": "good", "surface": "asphalt"}}, {"type": "Feature", "geometry": {"type": "LineString", "coordinates": [[-8.5553158, 40.0460394], [-8.5562382, 40.0446025]]}, "properties": {"highway": "trunk", "lanes": "2", "lit": "yes", "maxspeed": "90", "old_ref": "EN 1", "oneway": "no", "ref": "IC 2;EN 1", "sidewalk:both": "no", "smoothness": "excellent", "surface": "asphalt"}}, {"type": "Feature", "geometry": {"type": "LineString", "coordinates": [[-8.5562382, 40.0446025], [-8.5567156, 40.0438056], [-8.5568798, 40.0433336], [-8.5569635, 40.0427103], [-8.5567217, 40.0411887], [-8.556677, 40.0405984]]}, "properties": {"highway": "trunk", "lanes": "2", "lit": "no", "maxspeed": "90", "old_ref": "EN 1", "oneway": "no", "ref": "IC 2;EN 1", "smoothness": "excellent", "surface": "asphalt"}}, {"type": "Feature", "geometry": {"type": "LineString", "coordinates": [[-8.5976912, 39.998947], [-8.5981008, 39.9987154], [-8.5996382, 39.997791]]}, "properties": {"highway": "trunk", "lanes": "2", "lit": "no", "maxspeed": "80", "ref": "IC 2;EN 1", "surface": "asphalt"}}, {"type": "Feature", "geometry": {"type": "LineString", "coordinates": [[-8.4547605, 40.3668034], [-8.4547194, 40.3667776], [-8.454673, 40.3667653], [-8.4546107, 40.3667562], [-8.4545438, 40.3667614], [-8.4544809, 40.3667861], [-8.4544263, 40.366831]]}, "properties": {"highway": "primary", "junction": "roundabout", "lanes": "2", "maxspeed": "50", "ref": "IC 2;EN 1", "surface": "asphalt"}}, {"type": "Feature", "geometry": {"type": "LineString", "coordinates": [[-8.4463518, 40.2987441], [-8.4462137, 40.2981088], [-8.446161, 40.2977957], [-8.4461187, 40.2975054], [-8.4460912, 40.2973031], [-8.4460766, 40.2970959], [-8.4460746, 40.296795]]}, "properties": {"highway": "trunk", "lanes": "1", "lit": "no", "maxspeed": "90", "oneway": "yes", "ref": "IC 2;EN 1", "surface": "asphalt"}}, {"type": "Feature", "geometry": {"type": "LineString", "coordinates": [[-8.4506464, 40.3133882], [-8.4504763, 40.3126498], [-8.4504042, 40.3123917], [-8.4503199, 40.3120899], [-8.4502722, 40.3119434], [-8.4501327, 40.3115146]]}, "properties": {"highway": "trunk", "lanes": "1", "lit": "no", "maxspeed": "50", "oneway": "yes", "ref": "IC 2;EN 1", "sidewalk:both": "no", "surface": "asphalt"}}, {"type": "Feature", "geometry": {"type": "LineString", "coordinates": [[-8.4502174, 40.3120438], [-8.4502958, 40.3123088], [-8.4503389, 40.3124544], [-8.4503999, 40.3126605], [-8.4506464, 40.3133882]]}, "properties": {"highway": "trunk", "lanes": "1", "lit": "no", "maxspeed": "50", "oneway": "yes", "ref": "IC 2;EN 1", "surface": "asphalt"}}, {"type": "Feature", "geometry": {"type": "LineString", "coordinates": [[-8.4499988, 40.3112047], [-8.4500088, 40.3112672], [-8.4500342, 40.3114251], [-8.4502174, 40.3120438]]}, "properties": {"highway": "trunk", "lanes": "1", "lit": "no", "maxspeed": "50", "oneway": "yes", "ref": "IC 2;EN 1", "surface": "asphalt"}}, {"type": "Feature", "geometry": {"type": "LineString", "coordinates": [[-8.4515078, 40.3376521], [-8.4518008, 40.3383658], [-8.451895, 40.3385989], [-8.451947, 40.3387815], [-8.4519789, 40.338937]]}, "properties": {"highway": "trunk", "lanes": "2", "lit": "yes", "maxspeed": "70", "oneway": "no", "ref": "IC 2;EN 1", "surface": "asphalt"}}, {"type": "Feature", "geometry": {"type": "LineString", "coordinates": [[-8.4506873, 40.3351128], [-8.4506564, 40.3352568], [-8.450659, 40.3355093], [-8.4506642, 40.335638], [-8.4506861, 40.3357833], [-8.450688, 40.3357962], [-8.4507222, 40.3359513], [-8.450753, 40.3360606], [-8.4507752, 40.3361395], [-8.4507993, 40.3362066], [-8.4508472, 40.3363401], [-8.4508572, 40.3363678], [-8.4509338, 40.3365656], [-8.4509993, 40.3367053], [-8.4511064, 40.3368499], [-8.4511672, 40.3369918], [-8.4514177, 40.337544], [-8.4515078, 40.3376521]]}, "properties": {"highway": "trunk", "lanes": "1", "maxspeed": "70", "oneway": "yes", "ref": "IC 2;EN 1", "surface": "asphalt"}}, {"type": "Feature", "geometry": {"type": "LineString", "coordinates": [[-8.4478003, 40.3035999], [-8.4480124, 40.3041033], [-8.448077, 40.3042826], [-8.4481248, 40.3044206], [-8.4481571, 40.3045314], [-8.448198, 40.304693], [-8.448245, 40.3048814], [-8.448251, 40.3049131], [-8.4483284, 40.3052499]]}, "properties": {"highway": "trunk", "lanes": "1", "lit": "no", "maxspeed": "90", "name": "Rua da Feira", "oneway": "yes", "ref": "IC 2;EN 1", "surface": "asphalt"}}, {"type": "Feature", "geometry": {"type": "LineString", "coordinates": [[-8.4465703, 40.299592], [-8.4464214, 40.2989952], [-8.4463518, 40.2987441]]}, "properties": {"highway": "trunk", "lanes": "1", "lit": "no", "maxspeed": "90", "oneway": "yes", "ref": "IC 2;EN 1", "surface": "asphalt"}}, {"type": "Feature", "geometry": {"type": "LineString", "coordinates": [[-8.4511935, 40.3568857], [-8.4511642, 40.3569906]]}, "properties": {"alt_name": "EN 1", "highway": "trunk", "lanes": "3", "maxspeed": "70", "oneway": "no", "ref": "IC 2;EN 1", "surface": "asphalt"}}, {"type": "Feature", "geometry": {"type": "LineString", "coordinates": [[-8.4815915, 40.7873723], [-8.4815876, 40.7873413], [-8.4815826, 40.7872791], [-8.4815798, 40.78721], [-8.4815382, 40.7866594], [-8.4815302, 40.7865536], [-8.4815213, 40.7864706], [-8.4815077, 40.786255], [-8.4814911, 40.7858848], [-8.4814903, 40.7858651], [-8.4814923, 40.7858165], [-8.4814912, 40.7854698], [-8.4815073, 40.7851746], [-8.481547, 40.7848303], [-8.4815938, 40.7845074], [-8.4816188, 40.7843576], [-8.4817147, 40.7839565], [-8.4817161, 40.7839505]]}, "properties": {"highway": "primary", "lanes": "1", "maxheight:signed": "no", "maxspeed": "50", "name": "Estrada Nacional 1", "old_name": "Estrada Nacional 1", "oneway": "yes", "ref": "IC 2;EN 1", "source": "Bing", "surface": "asphalt"}}, {"type": "Feature", "geometry": {"type": "LineString", "coordinates": [[-8.6286463, 39.953981], [-8.6286483, 39.9538956]]}, "properties": {"highway": "trunk", "lanes": "2", "lit": "yes", "maxspeed": "50", "oneway": "yes", "ref": "IC 2;EN 1", "surface": "asphalt", "turn:lanes": "left|through"}}, {"type": "Feature", "geometry": {"type": "LineString", "coordinates": [[-8.6285603, 39.9538917], [-8.6285577, 39.9539718]]}, "properties": {"highway": "trunk", "lanes": "2", "lit": "yes", "maxspeed": "50", "oneway": "yes", "ref": "IC 2;EN 1", "surface": "asphalt", "turn:lanes": "left|through"}}, {"type": "Feature", "geometry": {"type": "LineString", "coordinates": [[-8.6287823, 39.9474182], [-8.6287841, 39.9473535]]}, "properties": {"highway": "trunk", "lanes": "2", "lit": "yes", "maxspeed": "50", "oneway": "yes", "ref": "IC 2;EN 1", "surface": "asphalt", "turn:lanes": "left|through"}}, {"type": "Feature", "geometry": {"type": "LineString", "coordinates": [[-8.6287033, 39.9474169], [-8.6286749, 39.9483649]]}, "properties": {"highway": "trunk", "lanes": "1", "lit": "yes", "maxspeed": "50", "oneway": "yes", "ref": "IC 2;EN 1", "surface": "asphalt"}}, {"type": "Feature", "geometry": {"type": "LineString", "coordinates": [[-8.6287356, 39.9463361], [-8.6287274, 39.9466057]]}, "properties": {"highway": "trunk", "lanes": "1", "maxspeed": "50", "oneway": "yes", "ref": "IC 2;EN 1", "surface": "asphalt", "turn:lanes": "through;right"}}, {"type": "Feature", "geometry": {"type": "LineString", "coordinates": [[-8.6288406, 39.9428705], [-8.6288314, 39.9430968], [-8.6288143, 39.9437573]]}, "properties": {"highway": "trunk", "lanes": "1", "maxspeed": "50", "oneway": "yes", "ref": "IC 2;EN 1", "surface": "asphalt"}}, {"type": "Feature", "geometry": {"type": "LineString", "coordinates": [[-8.62892, 39.942873], [-8.6289234, 39.9427911]]}, "properties": {"highway": "trunk", "lanes": "2", "maxspeed": "50", "oneway": "yes", "ref": "IC 2;EN 1", "surface": "asphalt", "turn:lanes": "left|through"}}, {"type": "Feature", "geometry": {"type": "LineString", "coordinates": [[-8.6286314, 39.9545217], [-8.6286368, 39.9543413]]}, "properties": {"highway": "trunk", "lanes": "1", "lit": "yes", "maxspeed": "50", "oneway": "yes", "ref": "IC 2;EN 1", "surface": "asphalt"}}, {"type": "Feature", "geometry": {"type": "LineString", "coordinates": [[-8.6216273, 39.9781789], [-8.6217758, 39.978084]]}, "properties": {"highway": "trunk", "lanes": "2", "maxspeed": "50", "ref": "IC 2;EN 1", "surface": "asphalt", "turn:lanes:backward": "left;through;right"}}, {"type": "Feature", "geometry": {"type": "LineString", "coordinates": [[-8.6205587, 39.9789889], [-8.6207616, 39.9788258]]}, "properties": {"highway": "trunk", "lanes": "2", "lit": "yes", "maxspeed": "50", "ref": "IC 2;EN 1", "surface": "asphalt", "turn:lanes:forward": "left;through;right"}}, {"type": "Feature", "geometry": {"type": "LineString", "coordinates": [[-8.6145286, 39.9854217], [-8.6150541, 39.9848376], [-8.6162143, 39.9835926], [-8.6166472, 39.983126], [-8.6170489, 39.9827019], [-8.6174268, 39.9822972], [-8.6178163, 39.9818802], [-8.6183785, 39.9812636], [-8.6185887, 39.981031], [-8.6188132, 39.9807906]]}, "properties": {"highway": "trunk", "lanes": "3", "lanes:backward": "2", "lanes:forward": "1", "lit": "no", "maxspeed": "80", "minspeed:lanes:backward": "60|", "ref": "IC 2;EN 1", "surface": "asphalt"}}, {"type": "Feature", "geometry": {"type": "LineString", "coordinates": [[-8.6142428, 39.9857334], [-8.6144678, 39.9854893]]}, "properties": {"highway": "trunk", "lanes": "3", "lanes:backward": "2", "lanes:forward": "1", "lit": "no", "maxspeed": "80", "minspeed:lanes:backward": "60|", "ref": "IC 2;EN 1", "surface": "asphalt"}}, {"type": "Feature", "geometry": {"type": "LineString", "coordinates": [[-8.6144678, 39.9854893], [-8.6145286, 39.9854217]]}, "properties": {"highway": "trunk", "lanes": "3", "lanes:backward": "2", "lanes:forward": "1", "lit": "no", "maxspeed": "80", "minspeed:lanes:backward": "60|", "ref": "IC 2;EN 1", "surface": "asphalt"}}, {"type": "Feature", "geometry": {"type": "LineString", "coordinates": [[-8.6123978, 39.9877188], [-8.6125818, 39.9875155], [-8.6130862, 39.9869711], [-8.6140388, 39.9859481], [-8.6142428, 39.9857334]]}, "properties": {"highway": "trunk", "lanes": "3", "lanes:backward": "2", "lanes:forward": "1", "lit": "no", "maxspeed": "80", "minspeed:lanes:backward": "60|", "ref": "IC 2;EN 1", "surface": "asphalt"}}, {"type": "Feature", "geometry": {"type": "LineString", "coordinates": [[-8.6115949, 39.9885854], [-8.6120798, 39.9880581], [-8.6123978, 39.9877188]]}, "properties": {"highway": "trunk", "lanes": "3", "lanes:backward": "2", "lanes:forward": "1", "lit": "no", "maxspeed": "80", "minspeed:lanes:backward": "60|", "ref": "IC 2;EN 1", "surface": "asphalt"}}, {"type": "Feature", "geometry": {"type": "LineString", "coordinates": [[-8.603192, 39.9956631], [-8.603458, 39.9954993]]}, "properties": {"highway": "trunk", "lanes": "2", "lit": "yes", "maxspeed": "80", "ref": "IC 2;EN 1", "surface": "asphalt"}}, {"type": "Feature", "geometry": {"type": "LineString", "coordinates": [[-8.6030048, 39.9957755], [-8.603192, 39.9956631]]}, "properties": {"highway": "trunk", "lanes": "2", "lit": "yes", "maxspeed": "80", "ref": "IC 2;EN 1", "surface": "asphalt"}}, {"type": "Feature", "geometry": {"type": "LineString", "coordinates": [[-8.6025294, 39.9960611], [-8.6030048, 39.9957755]]}, "properties": {"highway": "trunk", "lanes": "2", "lit": "yes", "maxspeed": "80", "ref": "IC 2;EN 1", "surface": "asphalt"}}, {"type": "Feature", "geometry": {"type": "LineString", "coordinates": [[-8.6023578, 39.9961642], [-8.6025294, 39.9960611]]}, "properties": {"highway": "trunk", "lanes": "2", "lit": "yes", "maxspeed": "80", "ref": "IC 2;EN 1", "surface": "asphalt"}}, {"type": "Feature", "geometry": {"type": "LineString", "coordinates": [[-8.6008909, 39.9970448], [-8.6016904, 39.9965632], [-8.6023578, 39.9961642]]}, "properties": {"highway": "trunk", "lanes": "2", "lit": "yes", "maxspeed": "80", "ref": "IC 2;EN 1", "surface": "asphalt"}}, {"type": "Feature", "geometry": {"type": "LineString", "coordinates": [[-8.5754469, 40.0243363], [-8.5757078, 40.0239239], [-8.5762552, 40.0231143], [-8.5768148, 40.0222665]]}, "properties": {"highway": "trunk", "lanes": "3", "lanes:backward": "2", "lanes:forward": "1", "lit": "no", "maxspeed": "90", "minspeed:lanes:backward": "60|", "ref": "IC 2;EN 1", "surface": "asphalt"}}, {"type": "Feature", "geometry": {"type": "LineString", "coordinates": [[-8.571277, 40.028074], [-8.5716915, 40.027783]]}, "properties": {"highway": "trunk", "lanes": "3", "lanes:backward": "1", "lanes:forward": "2", "lit": "yes", "maxspeed": "60", "ref": "IC 2;EN 1", "surface": "asphalt", "turn:lanes:forward": "|merge_to_left"}}, {"type": "Feature", "geometry": {"type": "LineString", "coordinates": [[-8.6327966, 39.9084101], [-8.6326659, 39.9088339]]}, "properties": {"highway": "trunk", "lanes": "2", "lit": "yes", "maxspeed": "60", "ref": "IC 2;EN 1", "smoothness": "good", "surface": "asphalt"}}, {"type": "Feature", "geometry": {"type": "LineString", "coordinates": [[-8.6326659, 39.9088339], [-8.6325985, 39.9090594]]}, "properties": {"highway": "trunk", "lanes": "2", "lit": "yes", "maxspeed": "60", "ref": "IC 2;EN 1", "smoothness": "good", "surface": "asphalt"}}, {"type": "Feature", "geometry": {"type": "LineString", "coordinates": [[-8.4789495, 40.89341], [-8.4785539, 40.8929066], [-8.4784813, 40.8928114], [-8.4783913, 40.8926794], [-8.4783128, 40.892551]]}, "properties": {"highway": "trunk", "lanes": "1", "oneway": "yes", "ref": "IC 2", "source": "Bing", "surface": "asphalt"}}, {"type": "Feature", "geometry": {"type": "LineString", "coordinates": [[-8.6070455, 41.1090233], [-8.6070556, 41.1089962]]}, "properties": {"highway": "primary", "junction": "roundabout", "lanes": "2", "name": "Rotunda de Laborim", "ref": "IC 2", "surface": "asphalt"}}, {"type": "Feature", "geometry": {"type": "LineString", "coordinates": [[-8.465914, 40.6458139], [-8.4658898, 40.645877], [-8.4657209, 40.6463285], [-8.465704, 40.6463693], [-8.4656178, 40.6465762]]}, "properties": {"highway": "primary", "lanes": "1", "maxspeed": "70", "oneway": "yes", "ref": "IC 2;EN 1", "surface": "asphalt"}}, {"type": "Feature", "geometry": {"type": "LineString", "coordinates": [[-8.4718825, 40.6581409], [-8.470064, 40.6565328], [-8.4688476, 40.6554571]]}, "properties": {"highway": "primary", "lanes": "2", "maxspeed": "70", "oneway": "no", "ref": "IC 2;EN 1", "surface": "asphalt"}}, {"type": "Feature", "geometry": {"type": "LineString", "coordinates": [[-8.4830807, 40.7123337], [-8.4829969, 40.71226], [-8.4829284, 40.7121656], [-8.4828845, 40.7120786], [-8.4827384, 40.7114285], [-8.4826752, 40.7109925], [-8.4827047, 40.7104498]]}, "properties": {"highway": "primary", "lanes": "2", "maxspeed": "70", "oneway": "yes", "ref": "IC 2;EN 1", "surface": "asphalt"}}, {"type": "Feature", "geometry": {"type": "LineString", "coordinates": [[-8.4827047, 40.7104498], [-8.4827035, 40.7103717], [-8.4827898, 40.7098834], [-8.4828402, 40.7097699]]}, "properties": {"highway": "primary", "lanes": "1", "maxspeed": "70", "oneway": "yes", "ref": "IC 2;EN 1", "surface": "asphalt"}}, {"type": "Feature", "geometry": {"type": "LineString", "coordinates": [[-8.4826052, 40.7105377], [-8.4825847, 40.7109669], [-8.4825939, 40.7110567], [-8.4826463, 40.7114287], [-8.4827766, 40.71209], [-8.4827875, 40.7121884], [-8.4827849, 40.7122877], [-8.4827819, 40.7123125], [-8.4827717, 40.7123793]]}, "properties": {"highway": "primary", "lanes": "2", "maxspeed": "70", "oneway": "yes", "ref": "IC 2;EN 1", "surface": "asphalt"}}, {"type": "Feature", "geometry": {"type": "LineString", "coordinates": [[-8.5026569, 40.9248123], [-8.5027408, 40.9250314]]}, "properties": {"highway": "trunk", "lanes": "1", "maxspeed": "70", "oneway": "yes", "ref": "IC 2", "surface": "asphalt", "toll": "no"}}, {"type": "Feature", "geometry": {"type": "LineString", "coordinates": [[-8.9466886, 39.2919123], [-8.9467578, 39.2920431], [-8.9469986, 39.292359], [-8.9470816, 39.292465], [-8.9471826, 39.2925981], [-8.9472963, 39.2927753], [-8.9474181, 39.2929853], [-8.9475195, 39.2931713], [-8.9475735, 39.2932894], [-8.9476323, 39.2934368], [-8.9476981, 39.2936159], [-8.9477421, 39.2937872], [-8.9477839, 39.2939412], [-8.9478104, 39.2940688], [-8.9478319, 39.2942115], [-8.9478637, 39.2944603], [-8.9479423, 39.2964907]]}, "properties": {"highway": "trunk", "lanes": "1", "maxspeed": "90", "oneway": "yes", "ref": "IC 2", "surface": "asphalt"}}, {"type": "Feature", "geometry": {"type": "LineString", "coordinates": [[-8.9884692, 39.0439531], [-8.9873363, 39.0416107]]}, "properties": {"highway": "primary", "lanes": "2", "maxspeed": "50", "ref": "IC 2;EN 1", "surface": "asphalt"}}, {"type": "Feature", "geometry": {"type": "LineString", "coordinates": [[-8.6288603, 39.9262925], [-8.6289171, 39.9263603], [-8.6289569, 39.9264217], [-8.628996, 39.9264908]]}, "properties": {"highway": "trunk", "lanes": "2", "maxspeed": "60", "oneway": "yes", "ref": "IC 2;EN 1", "smoothness": "excellent", "surface": "asphalt"}}, {"type": "Feature", "geometry": {"type": "LineString", "coordinates": [[-8.628996, 39.9264908], [-8.6289987, 39.9264175], [-8.6290076, 39.9263595], [-8.6290189, 39.9263128], [-8.6290345, 39.9262488]]}, "properties": {"highway": "trunk", "lanes": "2", "maxspeed": "60", "oneway": "yes", "ref": "IC 2;EN 1", "smoothness": "excellent", "surface": "asphalt"}}, {"type": "Feature", "geometry": {"type": "LineString", "coordinates": [[-8.9873363, 39.0416107], [-8.9869992, 39.0409591]]}, "properties": {"highway": "primary", "lanes": "2", "maxspeed": "50", "ref": "IC 2;EN 1", "surface": "asphalt"}}, {"type": "Feature", "geometry": {"type": "LineString", "coordinates": [[-8.9887633, 39.0445347], [-8.9886821, 39.0443794], [-8.9886138, 39.0442488], [-8.9884692, 39.0439531]]}, "properties": {"highway": "primary", "lanes": "2", "maxspeed": "50", "ref": "IC 2;EN 1", "surface": "asphalt"}}, {"type": "Feature", "geometry": {"type": "LineString", "coordinates": [[-8.6070346, 41.1097797], [-8.606988, 41.1103555]]}, "properties": {"highway": "primary", "lanes": "2", "maxheight": "default", "name": "N\u00f3 de Santo Ov\u00eddio", "oneway": "yes", "ref": "IC 2", "surface": "asphalt"}}, {"type": "Feature", "geometry": {"type": "LineString", "coordinates": [[-8.4506636, 40.3900044], [-8.4506723, 40.3899658], [-8.4507063, 40.3897872], [-8.4507987, 40.3894999], [-8.4508104, 40.3894153], [-8.4508135, 40.3893309], [-8.4507836, 40.3892205]]}, "properties": {"highway": "primary", "lanes": "1", "maxspeed": "50", "name": "Avenida da Restaura\u00e7\u00e3o", "oneway": "yes", "ref": "IC 2;EN 1", "surface": "asphalt"}}, {"type": "Feature", "geometry": {"type": "LineString", "coordinates": [[-8.4507421, 40.3951393], [-8.4507514, 40.3957324], [-8.450769, 40.3958769], [-8.45081, 40.3959985], [-8.450861, 40.3961243], [-8.4509144, 40.396225], [-8.4511477, 40.3965971], [-8.451671, 40.3974407], [-8.4517833, 40.3976749], [-8.4518436, 40.3978252], [-8.4519144, 40.3980226], [-8.4520422, 40.3984476], [-8.4529632, 40.4014743], [-8.4530287, 40.4017638], [-8.4530531, 40.4019167], [-8.4530848, 40.4021326], [-8.4531282, 40.4025679], [-8.45333, 40.404405]]}, "properties": {"highway": "primary", "lanes": "2", "maxspeed": "50", "name": "Avenida da Restaura\u00e7\u00e3o", "oneway": "no", "ref": "IC 2;EN 1", "source": "Bing", "surface": "asphalt"}}, {"type": "Feature", "geometry": {"type": "LineString", "coordinates": [[-8.4507354, 40.3946582], [-8.4507409, 40.3950638], [-8.4507421, 40.3951393]]}, "properties": {"highway": "primary", "lanes": "2", "maxspeed": "50", "name": "Avenida da Restaura\u00e7\u00e3o", "oneway": "no", "ref": "IC 2;EN 1", "source": "Bing", "surface": "asphalt"}}, {"type": "Feature", "geometry": {"type": "LineString", "coordinates": [[-8.4507345, 40.394559], [-8.4507354, 40.3946582]]}, "properties": {"highway": "primary", "lanes": "2", "maxspeed": "50", "name": "Avenida da Restaura\u00e7\u00e3o", "oneway": "no", "ref": "IC 2;EN 1", "source": "Bing", "surface": "asphalt"}}, {"type": "Feature", "geometry": {"type": "LineString", "coordinates": [[-8.4537489, 40.3638353], [-8.453789, 40.3640319]]}, "properties": {"alt_name": "EN 1", "highway": "trunk", "lanes": "2", "maxspeed": "70", "oneway": "no", "ref": "IC 2;EN 1", "surface": "asphalt"}}, {"type": "Feature", "geometry": {"type": "LineString", "coordinates": [[-8.453789, 40.3640319], [-8.4538554, 40.3642807]]}, "properties": {"alt_name": "EN 1", "highway": "trunk", "lanes": "2", "maxspeed": "70", "oneway": "no", "ref": "IC 2;EN 1", "surface": "asphalt"}}, {"type": "Feature", "geometry": {"type": "LineString", "coordinates": [[-8.4538554, 40.3642807], [-8.4538836, 40.364396], [-8.4539674, 40.364724], [-8.4539822, 40.3647835], [-8.4540429, 40.3650273], [-8.4540892, 40.3652133], [-8.4542189, 40.3657348]]}, "properties": {"alt_name": "EN 1", "highway": "trunk", "lanes": "2", "maxspeed": "70", "oneway": "no", "ref": "IC 2;EN 1", "surface": "asphalt"}}, {"type": "Feature", "geometry": {"type": "LineString", "coordinates": [[-8.4507359, 40.3941251], [-8.4507354, 40.3944511], [-8.4507345, 40.394559]]}, "properties": {"highway": "primary", "lanes": "2", "maxspeed": "50", "name": "Avenida da Restaura\u00e7\u00e3o", "oneway": "no", "ref": "IC 2;EN 1", "source": "Bing", "surface": "asphalt"}}, {"type": "Feature", "geometry": {"type": "LineString", "coordinates": [[-8.4495535, 40.3779581], [-8.4496005, 40.3779862], [-8.4496565, 40.3780018], [-8.4497161, 40.3780035], [-8.4497736, 40.3779911]]}, "properties": {"highway": "primary", "junction": "roundabout", "lane_markings": "no", "maxspeed": "50", "ref": "IC 2;EN 1", "surface": "asphalt"}}, {"type": "Feature", "geometry": {"type": "LineString", "coordinates": [[-8.4496128, 40.3777273], [-8.4495633, 40.3777527], [-8.4495265, 40.3777885], [-8.4495061, 40.3778312], [-8.4495039, 40.3778767], [-8.4495203, 40.3779204], [-8.4495535, 40.3779581]]}, "properties": {"highway": "primary", "junction": "roundabout", "lane_markings": "no", "maxspeed": "50", "ref": "IC 2;EN 1", "surface": "asphalt"}}, {"type": "Feature", "geometry": {"type": "LineString", "coordinates": [[-8.4498031, 40.3777401], [-8.4497589, 40.3777225], [-8.4497102, 40.3777142], [-8.4496603, 40.3777159], [-8.4496128, 40.3777273]]}, "properties": {"highway": "primary", "junction": "roundabout", "lane_markings": "no", "maxspeed": "50", "ref": "IC 2;EN 1", "surface": "asphalt"}}, {"type": "Feature", "geometry": {"type": "LineString", "coordinates": [[-8.4498666, 40.3777978], [-8.4498479, 40.3777736], [-8.4498234, 40.3777526]]}, "properties": {"highway": "primary", "junction": "roundabout", "lane_markings": "no", "maxspeed": "50", "ref": "IC 2;EN 1", "surface": "asphalt"}}, {"type": "Feature", "geometry": {"type": "LineString", "coordinates": [[-8.4498495, 40.3779429], [-8.4498727, 40.3779092], [-8.4498836, 40.3778721], [-8.4498815, 40.3778341], [-8.4498666, 40.3777978]]}, "properties": {"highway": "primary", "junction": "roundabout", "lane_markings": "no", "maxspeed": "50", "ref": "IC 2;EN 1", "surface": "asphalt"}}, {"type": "Feature", "geometry": {"type": "LineString", "coordinates": [[-8.4498157, 40.3779708], [-8.4498495, 40.3779429]]}, "properties": {"highway": "primary", "junction": "roundabout", "lane_markings": "no", "maxspeed": "50", "ref": "IC 2;EN 1", "surface": "asphalt"}}, {"type": "Feature", "geometry": {"type": "LineString", "coordinates": [[-8.4497736, 40.3779911], [-8.4498157, 40.3779708]]}, "properties": {"highway": "primary", "junction": "roundabout", "lane_markings": "no", "maxspeed": "50", "ref": "IC 2;EN 1", "surface": "asphalt"}}, {"type": "Feature", "geometry": {"type": "LineString", "coordinates": [[-8.4505862, 40.3870778], [-8.4505878, 40.3871168], [-8.4505892, 40.3871502], [-8.4506091, 40.3879739]]}, "properties": {"highway": "primary", "lanes": "2", "maxspeed": "50", "name": "Avenida da Floresta", "oneway": "no", "ref": "IC 2;EN 1", "surface": "asphalt"}}, {"type": "Feature", "geometry": {"type": "LineString", "coordinates": [[-8.4505516, 40.3861578], [-8.4505723, 40.3867082], [-8.4505862, 40.3870778]]}, "properties": {"highway": "primary", "lanes": "2", "maxspeed": "50", "name": "Avenida da Floresta", "oneway": "no", "ref": "IC 2;EN 1", "surface": "asphalt"}}, {"type": "Feature", "geometry": {"type": "LineString", "coordinates": [[-8.4502529, 40.3740609], [-8.4501863, 40.3744713]]}, "properties": {"alt_name": "EN1 / EN234", "highway": "primary", "lanes": "2", "lit": "yes", "maxspeed": "50", "name": "Alameda da Cidade", "oneway": "no", "ref": "IC 2;EN 1", "surface": "asphalt"}}, {"type": "Feature", "geometry": {"type": "LineString", "coordinates": [[-8.4501863, 40.3744713], [-8.4501033, 40.3749836], [-8.4500912, 40.3750587]]}, "properties": {"alt_name": "EN1 / EN234", "highway": "primary", "lanes": "2", "lit": "yes", "maxspeed": "50", "name": "Alameda da Cidade", "oneway": "no", "ref": "IC 2;EN 1", "surface": "asphalt"}}, {"type": "Feature", "geometry": {"type": "LineString", "coordinates": [[-8.4539299, 40.4548064], [-8.4538469, 40.4543531], [-8.4537867, 40.4539636], [-8.453742, 40.4537421], [-8.4536965, 40.4535541], [-8.4536419, 40.4533807], [-8.453261, 40.4523725], [-8.4530084, 40.4518049], [-8.4528381, 40.4515518], [-8.4525555, 40.4511665], [-8.4522011, 40.4506859], [-8.4518628, 40.4502111], [-8.451739, 40.4500271], [-8.4516358, 40.4498525], [-8.4515828, 40.4497421], [-8.4515474, 40.4496316], [-8.4514737, 40.4492719]]}, "properties": {"highway": "primary", "lanes": "2", "maxspeed": "70", "oneway": "no", "ref": "IC 2;EN 1", "source": "Bing", "surface": "asphalt"}}, {"type": "Feature", "geometry": {"type": "LineString", "coordinates": [[-8.4539359, 40.4548424], [-8.4539299, 40.4548064]]}, "properties": {"highway": "primary", "lanes": "2", "maxspeed": "70", "oneway": "no", "ref": "IC 2;EN 1", "source": "Bing", "surface": "asphalt"}}, {"type": "Feature", "geometry": {"type": "LineString", "coordinates": [[-8.4504987, 40.3890697], [-8.4505711, 40.3892348]]}, "properties": {"highway": "primary", "lanes": "1", "maxspeed": "50", "name": "Avenida da Restaura\u00e7\u00e3o", "oneway": "yes", "ref": "IC 2;EN 1", "surface": "asphalt"}}, {"type": "Feature", "geometry": {"type": "LineString", "coordinates": [[-8.450698, 40.3890195], [-8.4506283, 40.3888301], [-8.4506009, 40.3887201], [-8.450595, 40.3886045], [-8.450604, 40.388437], [-8.4506086, 40.3883481], [-8.4506267, 40.3880516], [-8.4506091, 40.3879739]]}, "properties": {"highway": "primary", "lanes": "1", "maxspeed": "50", "name": "Avenida da Restaura\u00e7\u00e3o", "oneway": "yes", "ref": "IC 2;EN 1", "surface": "asphalt"}}, {"type": "Feature", "geometry": {"type": "LineString", "coordinates": [[-8.4505711, 40.3892348], [-8.4506007, 40.3893031]]}, "properties": {"highway": "primary", "lanes": "1", "maxspeed": "50", "name": "Avenida da Restaura\u00e7\u00e3o", "oneway": "yes", "ref": "IC 2;EN 1", "surface": "asphalt"}}, {"type": "Feature", "geometry": {"type": "LineString", "coordinates": [[-8.4506007, 40.3893031], [-8.4506113, 40.3893274], [-8.4506308, 40.3893969], [-8.4506472, 40.3894914], [-8.4506536, 40.3896002], [-8.4506452, 40.3897569], [-8.4506375, 40.3898724], [-8.4506321, 40.3899485], [-8.4506365, 40.3900791]]}, "properties": {"highway": "primary", "lanes": "1", "maxspeed": "50", "name": "Avenida da Restaura\u00e7\u00e3o", "oneway": "yes", "ref": "IC 2;EN 1", "surface": "asphalt"}}, {"type": "Feature", "geometry": {"type": "LineString", "coordinates": [[-8.4507762, 40.3891931], [-8.450698, 40.3890195]]}, "properties": {"highway": "primary", "lanes": "1", "maxspeed": "50", "name": "Avenida da Restaura\u00e7\u00e3o", "oneway": "yes", "ref": "IC 2;EN 1", "surface": "asphalt"}}, {"type": "Feature", "geometry": {"type": "LineString", "coordinates": [[-8.4507836, 40.3892205], [-8.4507762, 40.3891931]]}, "properties": {"highway": "primary", "lanes": "1", "maxspeed": "50", "name": "Avenida da Restaura\u00e7\u00e3o", "oneway": "yes", "ref": "IC 2;EN 1", "surface": "asphalt"}}, {"type": "Feature", "geometry": {"type": "LineString", "coordinates": [[-8.4500752, 40.3836396], [-8.4502639, 40.3844256], [-8.4503974, 40.3849742], [-8.4504866, 40.3853348], [-8.4505117, 40.3854944], [-8.4505282, 40.3856553], [-8.4505516, 40.3861578]]}, "properties": {"highway": "primary", "lanes": "2", "maxspeed": "50", "name": "Avenida da Floresta", "oneway": "no", "ref": "IC 2;EN 1", "surface": "asphalt"}}, {"type": "Feature", "geometry": {"type": "LineString", "coordinates": [[-8.4499626, 40.3831881], [-8.4500752, 40.3836396]]}, "properties": {"highway": "primary", "lanes": "2", "maxspeed": "50", "name": "Avenida da Floresta", "oneway": "no", "ref": "IC 2;EN 1", "surface": "asphalt"}}, {"type": "Feature", "geometry": {"type": "LineString", "coordinates": [[-8.4499523, 40.3831439], [-8.4499626, 40.3831881]]}, "properties": {"highway": "primary", "lanes": "2", "maxspeed": "50", "name": "Avenida da Floresta", "oneway": "no", "ref": "IC 2;EN 1", "surface": "asphalt"}}, {"type": "Feature", "geometry": {"type": "LineString", "coordinates": [[-8.4497221, 40.382208], [-8.4499368, 40.3830814], [-8.4499523, 40.3831439]]}, "properties": {"highway": "primary", "lanes": "2", "maxspeed": "50", "name": "Avenida da Floresta", "oneway": "no", "ref": "IC 2;EN 1", "surface": "asphalt"}}, {"type": "Feature", "geometry": {"type": "LineString", "coordinates": [[-8.4499008, 40.3761076], [-8.4498116, 40.3766723], [-8.4496807, 40.3775388], [-8.4496128, 40.3777273]]}, "properties": {"alt_name": "EN 1 / EN 234", "highway": "primary", "lanes": "1", "maxspeed": "50", "oneway": "yes", "ref": "IC 2;EN 1", "surface": "asphalt"}}, {"type": "Feature", "geometry": {"type": "MultiPolygon", "coordinates": [[[[-8.4495915, 40.3808095], [-8.4495856, 40.3807774], [-8.449571, 40.3807469], [-8.4495483, 40.3807195], [-8.4495306, 40.3807044], [-8.4495104, 40.3806913], [-8.4494882, 40.3806802], [-8.4494643, 40.3806715], [-8.4494391, 40.3806653], [-8.4494131, 40.3806616], [-8.4493867, 40.3806605], [-8.4493604, 40.380662], [-8.4493345, 40.3806662], [-8.4493096, 40.3806729], [-8.449286, 40.380682], [-8.4492642, 40.3806933], [-8.4492483, 40.3807039], [-8.449234, 40.3807156], [-8.4492213, 40.3807284], [-8.4492104, 40.3807421], [-8.4492015, 40.3807566], [-8.4491931, 40.380776], [-8.4491881, 40.380796], [-8.4491866, 40.3808164], [-8.4491886, 40.3808368], [-8.4491942, 40.3808567], [-8.4492032, 40.3808759], [-8.4492154, 40.3808941], [-8.4492306, 40.3809109], [-8.4492478, 40.3809253], [-8.4492673, 40.380938], [-8.4492886, 40.3809487], [-8.4493116, 40.3809573], [-8.4493405, 40.3809645], [-8.4493704, 40.3809684], [-8.4494008, 40.3809688], [-8.4494309, 40.3809657], [-8.44946, 40.3809593], [-8.4494876, 40.3809496], [-8.4495129, 40.3809368], [-8.4495329, 40.3809234], [-8.4495503, 40.3809081], [-8.449565, 40.3808912], [-8.4495767, 40.380873], [-8.4495885, 40.3808418], [-8.4495915, 40.3808095]]]]}, "properties": {"highway": "primary", "junction": "roundabout", "lanes": "2", "maxspeed": "50", "ref": "IC 2;EN 1", "source": "Bing", "surface": "asphalt"}}, {"type": "Feature", "geometry": {"type": "MultiPolygon", "coordinates": [[[[-8.450212, 40.3754852], [-8.4501967, 40.3754361], [-8.4501711, 40.3754035], [-8.4501353, 40.375377], [-8.4500917, 40.3753585], [-8.4500434, 40.3753492], [-8.4499935, 40.3753498], [-8.4499455, 40.3753602], [-8.4499027, 40.3753797], [-8.449868, 40.3754069], [-8.4498437, 40.3754401], [-8.4498315, 40.3754769], [-8.4498323, 40.3755149], [-8.4498459, 40.3755515], [-8.4498715, 40.3755841], [-8.4499073, 40.3756105], [-8.4499666, 40.3756332], [-8.4500324, 40.3756391], [-8.450097, 40.3756274], [-8.4501398, 40.3756079], [-8.4501746, 40.3755806], [-8.4502043, 40.3755354], [-8.450212, 40.3754852]]]]}, "properties": {"highway": "primary", "junction": "roundabout", "maxspeed": "50", "ref": "IC 2;EN 1", "surface": "asphalt"}}, {"type": "Feature", "geometry": {"type": "MultiPolygon", "coordinates": [[[[-8.4524038, 40.4434207], [-8.4523929, 40.4433704], [-8.4523699, 40.4433335], [-8.4523212, 40.4432924], [-8.4522573, 40.4432659], [-8.4521856, 40.4432568], [-8.4521139, 40.4432664], [-8.452076, 40.4432799], [-8.4520292, 40.4433082], [-8.4519943, 40.4433452], [-8.4519741, 40.4433881], [-8.4519699, 40.4434335], [-8.4519767, 40.4434592], [-8.4519812, 40.443476], [-8.4520067, 40.4435147], [-8.4520445, 40.4435471], [-8.4520978, 40.443573], [-8.4521586, 40.443586], [-8.4522217, 40.4435852], [-8.4522819, 40.4435707], [-8.4523179, 40.4435538], [-8.4523644, 40.4435171], [-8.452394, 40.4434712], [-8.4524038, 40.4434207]]]]}, "properties": {"highway": "primary", "junction": "roundabout", "lanes": "2", "maxspeed": "50", "ref": "IC 2;EN 1", "surface": "asphalt"}}, {"type": "Feature", "geometry": {"type": "MultiPolygon", "coordinates": [[[[-8.6296393, 39.9228713], [-8.6296339, 39.9228312], [-8.6296194, 39.9227924], [-8.6295962, 39.9227562], [-8.6295651, 39.9227237], [-8.629527, 39.9226959], [-8.6294832, 39.9226737], [-8.6294349, 39.9226577], [-8.6293913, 39.9226494], [-8.6293466, 39.9226462], [-8.6292946, 39.922649], [-8.629244, 39.9226587], [-8.6291964, 39.922675], [-8.6291533, 39.9226974], [-8.6291159, 39.9227253], [-8.6290854, 39.9227577], [-8.6290627, 39.9227937], [-8.6290479, 39.9228349], [-8.6290434, 39.9228774], [-8.6290493, 39.9229199], [-8.6290654, 39.9229608], [-8.6290911, 39.9229987], [-8.6291267, 39.9230331], [-8.6291704, 39.9230618], [-8.6292203, 39.9230834], [-8.6292748, 39.9230974], [-8.6293317, 39.923103], [-8.6293917, 39.9230998], [-8.6294497, 39.9230875], [-8.6295032, 39.9230665], [-8.6295502, 39.9230376], [-8.6295886, 39.9230022], [-8.629617, 39.9229615], [-8.6296341, 39.9229173], [-8.6296393, 39.9228713]]]]}, "properties": {"highway": "trunk", "junction": "roundabout", "lanes": "2", "lit": "yes", "maxspeed": "50", "name": "Rotunda do Alto do Caba\u00e7o", "ref": "IC 2;EN 1", "smoothness": "good", "surface": "asphalt"}}, {"type": "Feature", "geometry": {"type": "MultiPolygon", "coordinates": [[[[-8.4711452, 40.6806533], [-8.471105, 40.6805523], [-8.4710223, 40.6804675], [-8.4709067, 40.6804088], [-8.4707719, 40.6803831], [-8.4706334, 40.6803934], [-8.4706122, 40.680401], [-8.4705076, 40.6804384], [-8.4704093, 40.680513], [-8.4703602, 40.6805839], [-8.4703369, 40.680662], [-8.4703408, 40.680742], [-8.4703872, 40.6808415], [-8.4704337, 40.6808848], [-8.470475, 40.6809232], [-8.4705941, 40.6809778], [-8.4707304, 40.6809987], [-8.4708522, 40.6809853], [-8.4708681, 40.6809835], [-8.4709909, 40.680934], [-8.4710465, 40.6808878], [-8.4710846, 40.6808561], [-8.4711381, 40.6807587], [-8.4711452, 40.6806533]]]]}, "properties": {"highway": "trunk", "junction": "roundabout", "lanes": "2", "lit": "yes", "ref": "IC 2;EN 1", "source": "Bing", "surface": "asphalt"}}, {"type": "Feature", "geometry": {"type": "MultiPolygon", "coordinates": [[[[-8.4511773, 40.3722518], [-8.451163, 40.372208], [-8.4511331, 40.3721691], [-8.4510898, 40.3721383], [-8.4510369, 40.372118], [-8.4509786, 40.3721101], [-8.4509244, 40.3721142], [-8.4508735, 40.372129], [-8.4508336, 40.3721504], [-8.4508015, 40.3721784], [-8.4507788, 40.3722113], [-8.4507668, 40.3722478], [-8.4507666, 40.3722854], [-8.4507781, 40.372322], [-8.450804, 40.3723591], [-8.450841, 40.3723892], [-8.450887, 40.3724109], [-8.4509388, 40.3724227], [-8.4509929, 40.3724239], [-8.4510552, 40.3724113], [-8.4511094, 40.3723847], [-8.4511502, 40.3723466], [-8.4511736, 40.3723008], [-8.4511773, 40.3722518]]]]}, "properties": {"highway": "primary", "junction": "roundabout", "ref": "IC 2;EN 1", "surface": "asphalt"}}, {"type": "Feature", "geometry": {"type": "MultiPolygon", "coordinates": [[[[-8.4835651, 40.7063154], [-8.483556, 40.706234], [-8.4835192, 40.7061572], [-8.4834575, 40.7060903], [-8.4833895, 40.7060452], [-8.4833102, 40.7060125], [-8.4831986, 40.705991], [-8.4830835, 40.7059938], [-8.482974, 40.7060207], [-8.4828786, 40.7060695], [-8.4828104, 40.7061297], [-8.4827645, 40.706201], [-8.4827429, 40.7062951], [-8.4827598, 40.7063898], [-8.4828123, 40.7064745], [-8.4828954, 40.7065435], [-8.4830018, 40.7065907], [-8.4831238, 40.706612], [-8.4832486, 40.7066046], [-8.4833646, 40.706569], [-8.4834676, 40.706503], [-8.4835369, 40.7064154], [-8.4835651, 40.7063154]]]]}, "properties": {"highway": "primary", "junction": "roundabout", "lanes": "2", "ref": "IC 2;EN 1", "surface": "asphalt"}}, {"type": "Feature", "geometry": {"type": "MultiPolygon", "coordinates": [[[[-8.4832555, 40.7125214], [-8.4832399, 40.7124615], [-8.4832028, 40.7124073], [-8.4831485, 40.712364], [-8.4830807, 40.7123337], [-8.4830001, 40.7123183], [-8.4829171, 40.7123211], [-8.4828388, 40.7123421], [-8.4827717, 40.7123793], [-8.4827167, 40.7124369], [-8.4826894, 40.712505], [-8.4826928, 40.7125761], [-8.4827266, 40.7126425], [-8.482787, 40.7126969], [-8.4828675, 40.7127335], [-8.4829471, 40.7127476], [-8.4830287, 40.712744], [-8.4831056, 40.7127229], [-8.4831714, 40.7126862], [-8.4832189, 40.7126391], [-8.4832483, 40.7125822], [-8.4832555, 40.7125214]]]]}, "properties": {"highway": "primary", "junction": "roundabout", "lanes": "2", "ref": "IC 2;EN 1", "surface": "asphalt"}}, {"type": "Feature", "geometry": {"type": "MultiPolygon", "coordinates": [[[[-8.4509748, 40.3936234], [-8.4509692, 40.3935823], [-8.4509482, 40.3935442], [-8.4509266, 40.3935223], [-8.4508998, 40.393504], [-8.4508522, 40.3934848], [-8.4507993, 40.3934768], [-8.4507457, 40.3934808], [-8.4506959, 40.3934965], [-8.4506665, 40.3935131], [-8.450642, 40.3935337], [-8.4506165, 40.3935703], [-8.4506061, 40.3936109], [-8.4506117, 40.3936521], [-8.4506328, 40.3936902], [-8.4506542, 40.393712], [-8.4506808, 40.3937303], [-8.4507286, 40.3937497], [-8.4507818, 40.3937576], [-8.4508357, 40.3937535], [-8.4508857, 40.3937376], [-8.4509148, 40.3937211], [-8.4509391, 40.3937005], [-8.4509645, 40.393664], [-8.4509748, 40.3936234]]]]}, "properties": {"highway": "primary", "junction": "roundabout", "maxspeed": "50", "name": "Avenida da Restaura\u00e7\u00e3o", "ref": "IC 2;EN 1", "surface": "asphalt"}}, {"type": "Feature", "geometry": {"type": "MultiPolygon", "coordinates": [[[[-8.452463, 40.4376649], [-8.4524532, 40.4376235], [-8.452436, 40.4375932], [-8.4524112, 40.4375661], [-8.4523596, 40.4375327], [-8.4522971, 40.4375131], [-8.4522296, 40.4375092], [-8.4521639, 40.4375214], [-8.4521063, 40.4375484], [-8.4520627, 40.4375875], [-8.4520364, 40.4376367], [-8.4520322, 40.4376897], [-8.4520503, 40.437741], [-8.4520827, 40.4377798], [-8.452134, 40.4378133], [-8.4521964, 40.437833], [-8.4522637, 40.4378371], [-8.4523295, 40.4378252], [-8.4523871, 40.4377984], [-8.4524096, 40.4377815], [-8.4524405, 40.4377466], [-8.4524586, 40.4377069], [-8.452463, 40.4376649]]]]}, "properties": {"highway": "primary", "junction": "roundabout", "maxspeed": "50", "ref": "IC 2;EN 1", "surface": "asphalt"}}, {"type": "Feature", "geometry": {"type": "MultiPolygon", "coordinates": [[[[-8.6290748, 39.9261596], [-8.6290685, 39.9261279], [-8.6290525, 39.9260982], [-8.6290277, 39.9260724], [-8.6289955, 39.9260518], [-8.628961, 39.9260387], [-8.6289235, 39.9260317], [-8.6288849, 39.9260313], [-8.6288472, 39.9260374], [-8.6288121, 39.9260498], [-8.6287788, 39.9260698], [-8.6287528, 39.9260955], [-8.6287357, 39.9261253], [-8.6287286, 39.9261574], [-8.6287309, 39.9261859], [-8.6287411, 39.9262134], [-8.6287588, 39.9262386], [-8.6287831, 39.9262603], [-8.6288063, 39.9262744], [-8.6288323, 39.9262852], [-8.6288603, 39.9262925], [-8.6288986, 39.9262963], [-8.6289369, 39.9262936], [-8.6289735, 39.9262844], [-8.6290066, 39.9262692], [-8.6290345, 39.9262488], [-8.6290573, 39.9262219], [-8.629071, 39.9261915], [-8.6290748, 39.9261596]]]]}, "properties": {"highway": "trunk", "junction": "roundabout", "lanes": "2", "maxspeed": "60", "ref": "IC 2;EN 1", "smoothness": "excellent", "surface": "asphalt"}}, {"type": "Feature", "geometry": {"type": "MultiPolygon", "coordinates": [[[[-8.4539623, 40.4068042], [-8.4539444, 40.4067576], [-8.4539241, 40.4067343], [-8.4539091, 40.4067172], [-8.4538596, 40.4066867], [-8.4538004, 40.4066689], [-8.4537273, 40.406666], [-8.4536573, 40.4066824], [-8.4535988, 40.4067159], [-8.4535647, 40.4067532], [-8.4535457, 40.4067962], [-8.453543, 40.406839], [-8.4535551, 40.4068808], [-8.4535813, 40.4069187], [-8.4536148, 40.4069467], [-8.4536559, 40.406968], [-8.4537025, 40.4069814], [-8.4537519, 40.4069861], [-8.4538094, 40.4069803], [-8.4538627, 40.4069628], [-8.4539077, 40.4069349], [-8.453941, 40.4068987], [-8.4539611, 40.4068527], [-8.4539623, 40.4068042]]]]}, "properties": {"highway": "primary", "junction": "roundabout", "ref": "IC 2;EN 1", "surface": "asphalt"}}]}