{"type": "FeatureCollection", "features": [{"type": "Feature", "geometry": {"type": "LineString", "coordinates": [[-17.0945158, 32.6813243], [-17.0944408, 32.6812808]]}, "properties": {"highway": "primary", "lanes": "2", "lit": "yes", "name": "Via Expresso 3", "ref": "VE3", "surface": "asphalt"}}, {"type": "Feature", "geometry": {"type": "LineString", "coordinates": [[-17.0539298, 32.6828962], [-17.0540675, 32.6828097], [-17.054199, 32.6827334], [-17.0543175, 32.6826438], [-17.0546295, 32.6823997], [-17.054725, 32.6823246], [-17.0549216, 32.6821594]]}, "properties": {"destination": "Ribeira Brava", "highway": "primary", "lanes": "2", "lit": "yes", "mapillary": "1254381344959959", "maxspeed": "70", "name": "Via Expresso 3", "oneway": "yes", "ref": "VE3", "sidewalk": "both", "surface": "asphalt", "survey:date": "2018-01-28", "tunnel:name": "Estrada Regional 101"}}, {"type": "Feature", "geometry": {"type": "LineString", "coordinates": [[-17.1855422, 32.7311953], [-17.1827101, 32.7316659], [-17.1802769, 32.7318605]]}, "properties": {"headlight": "required", "highway": "primary", "lanes": "2", "layer": "-1", "maxheight:signed": "no", "name": "Via Expresso 3", "ref": "VE3", "surface": "asphalt", "tunnel": "yes", "tunnel:name": "T\u00fanel da Igreja"}}, {"type": "Feature", "geometry": {"type": "LineString", "coordinates": [[-17.1801769, 32.7318633], [-17.1800964, 32.7318593], [-17.1800165, 32.73185], [-17.1799377, 32.7318354], [-17.1798606, 32.7318156], [-17.1797856, 32.7317907], [-17.1797131, 32.731761]]}, "properties": {"bridge": "yes", "highway": "primary", "lanes": "2", "layer": "1", "maxweight:signed": "no", "name": "Via Expresso 3", "oneway": "no", "ref": "VE3", "smoothness": "excellent", "surface": "asphalt"}}, {"type": "Feature", "geometry": {"type": "LineString", "coordinates": [[-17.0784239, 32.6770843], [-17.0783878, 32.6770911], [-17.078354, 32.6771037], [-17.0783237, 32.6771217], [-17.0782982, 32.6771442], [-17.0782784, 32.6771705]]}, "properties": {"check_date": "2025-07-01", "check_date:lit": "2025-07-01", "highway": "primary", "junction": "roundabout", "lanes": "2", "lit": "yes", "mapillary": "965931717492893", "name": "Rotunda da Tabua", "ref": "VE3", "surface": "asphalt"}}, {"type": "Feature", "geometry": {"type": "LineString", "coordinates": [[-17.0642558, 32.675073], [-17.0644057, 32.6750454]]}, "properties": {"alt_name": "ER 102", "highway": "primary", "image": "http://storage7.openstreetcam.org/files/photo/2018/2/21/lth/1128321_2e7f1_5.jpg", "lanes": "1", "lit": "yes", "maxspeed": "50", "name": "Via Expresso 3", "oneway": "yes", "ref": "VE3", "surface": "asphalt", "survey:date": "2018-02-21"}}, {"type": "Feature", "geometry": {"type": "LineString", "coordinates": [[-17.1017668, 32.6814162], [-17.1017731, 32.6814776], [-17.1017698, 32.6815493]]}, "properties": {"highway": "primary", "lanes": "1", "lit": "yes", "maxspeed": "50", "name": "Via Expresso 3", "oneway": "yes", "ref": "VE3", "smoothness": "excellent", "source:maxspeed": "sign", "surface": "asphalt"}}, {"type": "Feature", "geometry": {"type": "LineString", "coordinates": [[-17.0945158, 32.6813243], [-17.0946352, 32.6813974], [-17.0946817, 32.6814219], [-17.0947602, 32.6814634], [-17.0948902, 32.6815223], [-17.094955, 32.681547], [-17.0950246, 32.6815736], [-17.0951697, 32.6816191], [-17.0953183, 32.6816558], [-17.0954697, 32.6816836], [-17.095623, 32.6817022], [-17.0957774, 32.6817117], [-17.0959323, 32.6817119], [-17.0960868, 32.6817029], [-17.0962402, 32.6816847], [-17.0963916, 32.6816574], [-17.0966008, 32.6816235], [-17.0968078, 32.6815811], [-17.0970121, 32.6815303], [-17.0972133, 32.6814713], [-17.0974108, 32.6814041], [-17.0976057, 32.6813284], [-17.0977959, 32.6812448], [-17.0979811, 32.6811535], [-17.0981608, 32.6810547], [-17.0988136, 32.680663], [-17.0989297, 32.6806059], [-17.099051, 32.680557], [-17.0991768, 32.6805168], [-17.0993061, 32.6804855], [-17.0994128, 32.6804669], [-17.0995208, 32.6804543], [-17.0997369, 32.6804315], [-17.0999587, 32.6804169], [-17.1002914, 32.6804088], [-17.1004018, 32.6804133], [-17.1005114, 32.6804248], [-17.1006197, 32.6804431], [-17.1007362, 32.6804709], [-17.1008497, 32.6805067], [-17.1009592, 32.6805501], [-17.1010642, 32.680601], [-17.1011639, 32.6806589], [-17.1012453, 32.6807166], [-17.101321, 32.6807794], [-17.101392, 32.6808615], [-17.1014503, 32.6809459]]}, "properties": {"foot": "permissive", "headlight": "required", "highway": "primary", "lanes": "2", "layer": "-1", "length": "720", "lit": "yes", "maxheight:signed": "no", "maxspeed": "60", "name": "Via Expresso 3", "ref": "VE3", "surface": "asphalt", "tunnel": "yes", "tunnel:name": "T\u00fanel Lugar Baixo"}}, {"type": "Feature", "geometry": {"type": "LineString", "coordinates": [[-17.1020507, 32.6818265], [-17.1021955, 32.6818401]]}, "properties": {"highway": "primary", "lanes": "1", "lit": "yes", "maxspeed": "50", "name": "Via Expresso 3", "oneway": "yes", "ref": "VE3", "smoothness": "excellent", "source:maxspeed": "sign", "surface": "asphalt"}}, {"type": "Feature", "geometry": {"type": "LineString", "coordinates": [[-17.1222915, 32.694498], [-17.1227839, 32.6947342], [-17.1230803, 32.6948727], [-17.1233739, 32.6949651], [-17.1236384, 32.6950285], [-17.123922, 32.6950524], [-17.1241462, 32.6950389], [-17.1243247, 32.695015], [-17.1244789, 32.6949893], [-17.1246491, 32.6949452], [-17.1247953, 32.6948984], [-17.1248917, 32.6948622], [-17.1249644, 32.6948344], [-17.1250369, 32.6948016], [-17.1250945, 32.6947746], [-17.1251616, 32.6947396], [-17.1252515, 32.6946965], [-17.1253165, 32.6946642], [-17.1253884, 32.6946253], [-17.1254586, 32.6945861], [-17.1255424, 32.6945389], [-17.1256109, 32.6945014], [-17.1256775, 32.6944591], [-17.1257819, 32.6943914]]}, "properties": {"foot": "no", "headlight": "required", "highway": "primary", "lanes": "2", "layer": "-2", "length": "2682", "lit": "24/7", "maxspeed": "70", "name": "Via Expresso 3", "ref": "VE3", "surface": "asphalt", "tunnel": "yes", "tunnel:name": "T\u00fanel Ponta do Sol Madalena do Mar"}}, {"type": "Feature", "geometry": {"type": "LineString", "coordinates": [[-17.1018937, 32.6814987], [-17.101822, 32.681458], [-17.1017668, 32.6814162]]}, "properties": {"highway": "primary", "lanes": "1", "lit": "yes", "maxspeed": "50", "name": "Via Expresso 3", "oneway": "yes", "ref": "VE3", "smoothness": "excellent", "source:maxspeed": "sign", "surface": "asphalt"}}, {"type": "Feature", "geometry": {"type": "LineString", "coordinates": [[-17.1017668, 32.6814162], [-17.1017247, 32.6813579], [-17.1014503, 32.6809459]]}, "properties": {"highway": "primary", "lanes": "2", "lit": "yes", "maxspeed": "50", "name": "Via Expresso 3", "ref": "VE3", "source:maxspeed": "sign", "surface": "asphalt"}}, {"type": "Feature", "geometry": {"type": "LineString", "coordinates": [[-17.1022397, 32.681847], [-17.1021977, 32.681796]]}, "properties": {"bridge": "yes", "highway": "primary", "lanes": "1", "layer": "1", "lit": "yes", "maxspeed": "50", "maxweight:signed": "no", "name": "Via Expresso 3", "oneway": "yes", "ref": "VE3", "smoothness": "excellent", "source:maxspeed": "sign", "surface": "asphalt"}}, {"type": "Feature", "geometry": {"type": "LineString", "coordinates": [[-17.1022397, 32.681847], [-17.1023601, 32.6819219]]}, "properties": {"bridge": "yes", "highway": "primary", "lanes": "2", "layer": "1", "lit": "yes", "maxspeed": "50", "maxweight:signed": "no", "name": "Via Expresso 3", "ref": "VE3", "smoothness": "excellent", "source:maxspeed": "sign", "surface": "asphalt"}}, {"type": "Feature", "geometry": {"type": "LineString", "coordinates": [[-17.0780961, 32.6773988], [-17.0781566, 32.6773798], [-17.0782194, 32.6773673], [-17.0782716, 32.6773622], [-17.0783234, 32.6773622]]}, "properties": {"check_date": "2025-07-01", "check_date:lit": "2025-07-01", "highway": "primary", "lanes": "1", "lit": "yes", "mapillary": "479273946524318", "maxspeed": "50", "name": "Via Expresso 3", "oneway": "yes", "ref": "VE3", "surface": "asphalt"}}, {"type": "Feature", "geometry": {"type": "LineString", "coordinates": [[-17.1794092, 32.7315705], [-17.1776929, 32.7299792], [-17.1735536, 32.7262658]]}, "properties": {"headlight": "required", "highway": "primary", "lanes": "2", "layer": "-2", "maxheight:signed": "no", "maxspeed": "80", "name": "Via Expresso 3", "ref": "VE3", "surface": "asphalt", "tunnel": "yes", "tunnel:name": "T\u00fanel da Calheta"}}, {"type": "Feature", "geometry": {"type": "LineString", "coordinates": [[-17.1735536, 32.7262658], [-17.1734868, 32.7261956]]}, "properties": {"highway": "primary", "lanes": "1", "mapillary": "1745892459516161", "name": "Via Expresso 3", "ref": "VE3", "survey:date": "2024-07-16"}}, {"type": "Feature", "geometry": {"type": "LineString", "coordinates": [[-17.1732767, 32.7261384], [-17.1733208, 32.7261251], [-17.1733602, 32.7261036], [-17.1733927, 32.7260753], [-17.1734168, 32.7260415]]}, "properties": {"highway": "primary", "junction": "roundabout", "lanes": "2", "name": "Rotunda da Calheta", "ref": "VE3", "surface": "asphalt"}}, {"type": "Feature", "geometry": {"type": "LineString", "coordinates": [[-17.1729704, 32.7257289], [-17.1730155, 32.7258178], [-17.1730433, 32.7258955]]}, "properties": {"highway": "primary", "lanes": "1", "name": "Via Expresso 3", "oneway": "yes", "ref": "VE3", "smoothness": "excellent", "surface": "asphalt"}}, {"type": "Feature", "geometry": {"type": "LineString", "coordinates": [[-17.1729704, 32.7257289], [-17.1707076, 32.7237466], [-17.1702726, 32.7233623], [-17.1686214, 32.7218133], [-17.1677919, 32.7210551], [-17.1673715, 32.7206715], [-17.1669569, 32.7203057], [-17.166877, 32.7202329], [-17.1668098, 32.7201703], [-17.1667177, 32.7200844], [-17.1666182, 32.7199853], [-17.1665481, 32.7199144], [-17.1664602, 32.7198248], [-17.1663804, 32.7197384], [-17.1661826, 32.7194814]]}, "properties": {"alt_name": "ER 102", "foot": "no", "headlight": "required", "highway": "primary", "lanes": "2", "layer": "-1", "length": "958", "maxheight:signed": "no", "name": "Via Expresso 3", "oneway": "no", "ref": "VE3", "sidewalk": "no", "surface": "asphalt", "tunnel": "yes", "tunnel:name": "T\u00fanel do Doutor"}}, {"type": "Feature", "geometry": {"type": "LineString", "coordinates": [[-17.203027, 32.7576868], [-17.2030549, 32.7575197], [-17.2031002, 32.7573541], [-17.2031257, 32.757271], [-17.2031562, 32.7571891], [-17.2031973, 32.7570966], [-17.2032448, 32.7570063]]}, "properties": {"bridge": "yes", "highway": "primary", "lanes": "1", "layer": "1", "lit": "yes", "maxspeed": "60", "maxspeed:type": "sign", "name": "Via Expresso 3", "oneway": "yes", "ref": "VE3", "surface": "asphalt", "survey:date": "2016-11-02"}}, {"type": "Feature", "geometry": {"type": "LineString", "coordinates": [[-17.2034378, 32.7567426], [-17.203668, 32.7564852], [-17.2037969, 32.7563621], [-17.2040942, 32.7561024]]}, "properties": {"highway": "primary", "lanes": "1", "lit": "yes", "maxspeed": "60", "maxspeed:type": "sign", "name": "Via Expresso 3", "oneway": "yes", "ref": "VE3", "surface": "asphalt", "survey:date": "2016-11-01"}}, {"type": "Feature", "geometry": {"type": "LineString", "coordinates": [[-17.154215, 32.7124668], [-17.1541584, 32.7124082]]}, "properties": {"highway": "primary", "lanes": "2", "name": "Via Expresso 3", "ref": "VE3", "surface": "asphalt"}}, {"type": "Feature", "geometry": {"type": "LineString", "coordinates": [[-17.2107673, 32.7534114], [-17.2111749, 32.7533259], [-17.2116681, 32.7532184], [-17.211851, 32.7531804], [-17.2120363, 32.7531348], [-17.2121928, 32.7530807], [-17.2123485, 32.7530214], [-17.2124798, 32.7529586], [-17.2126059, 32.7528878], [-17.212739, 32.7528017], [-17.2128656, 32.7527047], [-17.2129809, 32.7526014], [-17.2130843, 32.7524978], [-17.213179, 32.7523765], [-17.2132632, 32.7522548], [-17.2133345, 32.7521268], [-17.2133938, 32.7519964], [-17.2134429, 32.75185], [-17.2134799, 32.7517026], [-17.2134965, 32.7515488], [-17.2135017, 32.7513983], [-17.213492, 32.7512427], [-17.2134706, 32.7510905], [-17.2134249, 32.7509306], [-17.2133718, 32.7507775], [-17.2132448, 32.750523], [-17.2131117, 32.7502755]]}, "properties": {"highway": "primary", "lanes": "2", "lit": "yes", "maxheight:signed": "no", "maxspeed": "70", "maxspeed:type": "sign", "name": "Via Expresso 3", "ref": "VE3", "surface": "asphalt"}}, {"type": "Feature", "geometry": {"type": "LineString", "coordinates": [[-17.2160572, 32.7692874], [-17.2160545, 32.7693329], [-17.2160632, 32.7693779], [-17.2160831, 32.7694203]]}, "properties": {"highway": "primary", "junction": "roundabout", "lanes": "2", "lit": "yes", "maxspeed": "50", "name": "Rotunda da Raposeira", "ref": "VE3", "sidewalk": "no", "surface": "asphalt", "survey:date": "2016-11-01"}}, {"type": "Feature", "geometry": {"type": "LineString", "coordinates": [[-17.1538008, 32.712029], [-17.1537016, 32.7119387], [-17.1535851, 32.7118536], [-17.1534711, 32.7117813], [-17.1533271, 32.7117081], [-17.1530717, 32.7116137], [-17.1529329, 32.7115643]]}, "properties": {"highway": "primary", "lanes": "2", "name": "Via Expresso 3", "ref": "VE3", "surface": "asphalt"}}, {"type": "Feature", "geometry": {"type": "LineString", "coordinates": [[-17.1959351, 32.7372236], [-17.1959577, 32.7371321], [-17.1959746, 32.7370397], [-17.195986, 32.7369468], [-17.1959919, 32.7368446], [-17.1959911, 32.7367423], [-17.1959835, 32.7366402], [-17.1959691, 32.7365386], [-17.1957901, 32.7358198], [-17.1956572, 32.7353133], [-17.1956125, 32.7351463], [-17.1955582, 32.7349917], [-17.1954406, 32.7347875]]}, "properties": {"highway": "primary", "lanes": "3", "lanes:backward": "2", "lanes:forward": "1", "lit": "yes", "maxheight:signed": "no", "maxspeed": "60", "name": "Via Expresso 3", "placement:forward": "left_of:1", "ref": "VE3", "surface": "asphalt"}}, {"type": "Feature", "geometry": {"type": "LineString", "coordinates": [[-17.1967675, 32.7442002], [-17.1965983, 32.7441511], [-17.1964328, 32.7440938], [-17.1962716, 32.7440283], [-17.1961153, 32.743955], [-17.1959644, 32.7438741], [-17.1958194, 32.7437858], [-17.1956808, 32.7436905], [-17.1955492, 32.7435885], [-17.1954249, 32.7434802], [-17.1953084, 32.7433658], [-17.1952001, 32.743246], [-17.1951004, 32.7431209], [-17.1950097, 32.7429912], [-17.1949281, 32.7428572], [-17.1948561, 32.7427193], [-17.1947939, 32.7425782], [-17.1947416, 32.7424342]]}, "properties": {"foot": "no", "headlight": "required", "highway": "primary", "horse": "no", "lanes": "2", "layer": "-1", "lit": "24/7", "maxheight:signed": "no", "maxspeed": "80", "name": "Via Expresso 3", "ref": "VE3", "surface": "asphalt", "tunnel": "yes", "tunnel:name": "T\u00fanel dos Moinhos"}}, {"type": "Feature", "geometry": {"type": "LineString", "coordinates": [[-17.2105092, 32.7473053], [-17.2046613, 32.7459551], [-17.2000205, 32.744956]]}, "properties": {"foot": "no", "headlight": "required", "highway": "primary", "horse": "no", "lanes": "2", "layer": "-1", "lit": "24/7", "maxheight:signed": "no", "maxspeed": "80", "name": "Via Expresso 3", "ref": "VE3", "surface": "asphalt", "tunnel": "yes", "tunnel:name": "T\u00fanel do Jardim Pelado"}}, {"type": "Feature", "geometry": {"type": "LineString", "coordinates": [[-17.0594209, 32.680196], [-17.0596519, 32.6800417], [-17.0598082, 32.6799376], [-17.059955, 32.6798243], [-17.0601686, 32.6796481], [-17.060536, 32.6793075], [-17.060772, 32.679074], [-17.0613938, 32.6784639], [-17.0618493, 32.6780055], [-17.0621309, 32.6777342], [-17.0624158, 32.6774471], [-17.0627016, 32.6771716], [-17.0631876, 32.6766892], [-17.0634176, 32.6764503], [-17.0635738, 32.676217], [-17.0638374, 32.6758058]]}, "properties": {"highway": "primary", "lanes": "2", "lit": "yes", "maxspeed": "70", "name": "Via Expresso 3", "oneway": "yes", "ref": "VE3", "sidewalk": "both", "surface": "asphalt", "tunnel:name": "Estrada Regional 101"}}, {"type": "Feature", "geometry": {"type": "LineString", "coordinates": [[-17.0639298, 32.6750289], [-17.0639572, 32.6750745], [-17.0640007, 32.6751101], [-17.0640556, 32.6751319], [-17.0641159, 32.6751376], [-17.0641751, 32.6751264]]}, "properties": {"highway": "primary", "junction": "roundabout", "lanes": "1", "lit": "yes", "maxspeed": "50", "name": "Rotunda Sul da Ribeira Brava", "ref": "VE3", "surface": "asphalt"}}, {"type": "Feature", "geometry": {"type": "LineString", "coordinates": [[-17.0569219, 32.6810367], [-17.0576249, 32.680863]]}, "properties": {"highway": "primary", "lanes": "2", "lit": "yes", "mapillary": "907124479870677", "maxspeed": "70", "name": "Via Expresso 3", "oneway": "yes", "ref": "VE3", "sidewalk": "both", "surface": "asphalt", "survey:date": "2018-01-28", "tunnel:name": "Estrada Regional 101"}}, {"type": "Feature", "geometry": {"type": "LineString", "coordinates": [[-17.0796477, 32.6775307], [-17.0793899, 32.6774201], [-17.0791412, 32.6773197], [-17.0790098, 32.6772755]]}, "properties": {"highway": "primary", "lanes": "2", "lit": "yes", "maxspeed": "70", "name": "Via Expresso 3", "ref": "VE3", "surface": "asphalt"}}, {"type": "Feature", "geometry": {"type": "LineString", "coordinates": [[-17.0860941, 32.6798562], [-17.085596, 32.679911], [-17.0854818, 32.6799179], [-17.0853673, 32.6799185], [-17.085253, 32.6799128], [-17.085119, 32.679898], [-17.0849867, 32.6798745], [-17.084857, 32.6798425], [-17.0847306, 32.6798021], [-17.0806101, 32.6779417], [-17.0801582, 32.6777376], [-17.0800198, 32.6776751], [-17.0796477, 32.6775307]]}, "properties": {"headlight": "required", "highway": "primary", "lanes": "2", "layer": "-1", "length": "640", "lit": "yes", "maxheight": "default", "maxspeed": "70", "name": "Via Expresso 3", "ref": "VE3", "surface": "asphalt", "tunnel": "yes", "tunnel:name": "T\u00fanel Tabua"}}, {"type": "Feature", "geometry": {"type": "LineString", "coordinates": [[-17.2035778, 32.7590785], [-17.2037003, 32.7592317]]}, "properties": {"highway": "primary", "lanes": "2", "lit": "yes", "maxspeed": "80", "name": "Via Expresso 3", "ref": "VE3", "surface": "asphalt", "survey:date": "2016-11-01"}}, {"type": "Feature", "geometry": {"type": "LineString", "coordinates": [[-17.203064, 32.758308], [-17.2031105, 32.7584109], [-17.2032267, 32.7586332], [-17.2033302, 32.7587796], [-17.2033637, 32.7588271], [-17.2035778, 32.7590785]]}, "properties": {"foot": "no", "headlight": "required", "highway": "primary", "lanes": "2", "layer": "-1", "lit": "24/7", "maxspeed": "80", "name": "Via Expresso 3", "overtaking": "no", "ref": "VE3", "surface": "asphalt", "survey:date": "2016-11-01", "tunnel": "yes", "tunnel:name": "T\u00fanel Lombo da Velha"}}, {"type": "Feature", "geometry": {"type": "LineString", "coordinates": [[-17.2151828, 32.7679026], [-17.215337, 32.7679905], [-17.2154528, 32.7680738], [-17.2155572, 32.7681571], [-17.2156785, 32.7682686], [-17.2157863, 32.7683848], [-17.2158642, 32.7684825], [-17.2159501, 32.7686211], [-17.2160247, 32.7687583]]}, "properties": {"highway": "primary", "lanes": "2", "lit": "yes", "maxspeed": "80", "name": "Via Expresso 3", "ref": "VE3", "surface": "asphalt"}}, {"type": "Feature", "geometry": {"type": "LineString", "coordinates": [[-17.2126978, 32.7668183], [-17.2151828, 32.7679026]]}, "properties": {"foot": "no", "headlight": "required", "highway": "primary", "lanes": "2", "layer": "-1", "lit": "24/7", "maxspeed": "80", "name": "Via Expresso 3", "ref": "VE3", "surface": "asphalt", "tunnel": "yes", "tunnel:name": "T\u00fanel da Raposeira"}}, {"type": "Feature", "geometry": {"type": "LineString", "coordinates": [[-17.1523384, 32.711584], [-17.1522549, 32.7116771]]}, "properties": {"highway": "primary", "lanes": "2", "name": "Via Expresso 3", "ref": "VE3", "surface": "asphalt"}}, {"type": "Feature", "geometry": {"type": "LineString", "coordinates": [[-17.1998231, 32.744911], [-17.1971896, 32.7443109], [-17.1967675, 32.7442002]]}, "properties": {"bridge": "yes", "foot": "no", "highway": "primary", "horse": "no", "lanes": "2", "layer": "1", "lit": "yes", "maxspeed": "80", "maxspeed:type": "sign", "maxweight:signed": "no", "name": "Via Expresso 3", "ref": "VE3", "surface": "asphalt"}}, {"type": "Feature", "geometry": {"type": "LineString", "coordinates": [[-17.1659523, 32.7191287], [-17.1658783, 32.7190141], [-17.1657979, 32.7188706], [-17.1657289, 32.7187492], [-17.1656468, 32.7185986], [-17.1655449, 32.7184262], [-17.1654397, 32.718264], [-17.1653065, 32.7180855], [-17.1651426, 32.7179026], [-17.164979, 32.7177221], [-17.1647966, 32.7175438], [-17.1646222, 32.7174039], [-17.1644372, 32.7172663], [-17.1641743, 32.717097], [-17.163949, 32.7169684], [-17.163713, 32.7168533], [-17.1631175, 32.7165915], [-17.1626071, 32.7164061], [-17.1617513, 32.7160948], [-17.1612079, 32.7159133], [-17.1600499, 32.7154931], [-17.1589321, 32.7150867], [-17.1579614, 32.7147387], [-17.1574956, 32.7145695], [-17.1571094, 32.7144273], [-17.1566105, 32.7142332], [-17.1562539, 32.7140888], [-17.1559855, 32.7139647], [-17.1556985, 32.7138202], [-17.155543, 32.7137345], [-17.155413, 32.7136443], [-17.1552882, 32.7135607], [-17.1551637, 32.7134644], [-17.1550562, 32.7133685], [-17.1549128, 32.7132332], [-17.1545557, 32.7128663], [-17.1543831, 32.7126652], [-17.154215, 32.7124668]]}, "properties": {"headlight": "required", "highway": "primary", "lanes": "2", "layer": "-1", "maxheight:signed": "no", "name": "Via Expresso 3", "oneway": "no", "ref": "VE3", "surface": "asphalt", "tunnel": "yes", "tunnel:name": "T\u00fanel do Arco"}}, {"type": "Feature", "geometry": {"type": "LineString", "coordinates": [[-17.1661432, 32.719424], [-17.1659523, 32.7191287]]}, "properties": {"bridge": "yes", "highway": "primary", "lanes": "2", "layer": "1", "maxweight:signed": "no", "name": "Via Expresso 3", "oneway": "no", "ref": "VE3", "surface": "asphalt"}}, {"type": "Feature", "geometry": {"type": "LineString", "coordinates": [[-17.1526091, 32.7114473], [-17.1525457, 32.7114089], [-17.1524574, 32.7113683], [-17.1524081, 32.7113605], [-17.1523735, 32.7113592], [-17.1523431, 32.7113604]]}, "properties": {"alt_name": "Via Expresso 3", "highway": "primary", "junction": "roundabout", "lanes": "1", "mapillary": "2013550689405684", "name": "Rotunda do Arco da Calheta", "ref": "VE3", "surface": "asphalt", "survey:date": "2025-10-18"}}, {"type": "Feature", "geometry": {"type": "LineString", "coordinates": [[-17.0639298, 32.6750289], [-17.0638999, 32.6751017], [-17.0638449, 32.6751816], [-17.0637913, 32.6752492], [-17.0637307, 32.6753645], [-17.0633935, 32.675877], [-17.0632044, 32.6761518], [-17.0630228, 32.6763726], [-17.0624815, 32.6769566], [-17.0620524, 32.6773687], [-17.0618405, 32.6775662], [-17.0614274, 32.6779737], [-17.061221, 32.6781664], [-17.0610799, 32.6783052], [-17.0609685, 32.6784171], [-17.0605277, 32.6788599], [-17.0604991, 32.6788844], [-17.0602824, 32.6791081], [-17.0602752, 32.6791149], [-17.0601139, 32.6792649], [-17.0600157, 32.6793185], [-17.0599602, 32.6793488], [-17.0598275, 32.6794107], [-17.0595834, 32.6794717], [-17.0593867, 32.6794734], [-17.0593232, 32.6794739], [-17.0589377, 32.6794521], [-17.0588279, 32.6794459], [-17.0588007, 32.6794439], [-17.0585749, 32.6794276], [-17.0581869, 32.6794008], [-17.0581029, 32.679395], [-17.0579095, 32.6794092], [-17.0577775, 32.6794394]]}, "properties": {"highway": "primary", "lanes": "2", "lit": "yes", "maxspeed": "50", "name": "Via Expresso 3", "oneway": "yes", "ref": "VE3", "sidewalk": "both", "surface": "asphalt"}}, {"type": "Feature", "geometry": {"type": "LineString", "coordinates": [[-17.1908874, 32.7323506], [-17.1907914, 32.7322909], [-17.1906999, 32.7322263], [-17.1906135, 32.7321571], [-17.1905282, 32.7320794], [-17.1904491, 32.7319973], [-17.1903766, 32.731911], [-17.190311, 32.7318209], [-17.1900339, 32.7313775], [-17.189854, 32.7311467], [-17.1897344, 32.7310266], [-17.1895636, 32.7308969], [-17.1892637, 32.7307334], [-17.1890813, 32.7306541], [-17.1881886, 32.7303109], [-17.1880835, 32.7302752], [-17.1879754, 32.7302462], [-17.1878651, 32.7302242], [-17.1877534, 32.7302093], [-17.1876407, 32.7302015], [-17.1875276, 32.7302008]]}, "properties": {"highway": "primary", "lanes": "2", "name": "Via Expresso 3", "ref": "VE3"}}, {"type": "Feature", "geometry": {"type": "LineString", "coordinates": [[-17.1917763, 32.7326475], [-17.1916409, 32.7326262], [-17.1915073, 32.7325976], [-17.1913763, 32.7325619], [-17.1912483, 32.7325191], [-17.1911237, 32.7324695], [-17.1910033, 32.7324133], [-17.1908874, 32.7323506]]}, "properties": {"bridge": "yes", "highway": "primary", "lanes": "2", "layer": "1", "name": "Via Expresso 3", "ref": "VE3", "surface": "asphalt"}}, {"type": "Feature", "geometry": {"type": "LineString", "coordinates": [[-17.05751, 32.6795723], [-17.0572927, 32.6797002], [-17.0565931, 32.6801154], [-17.0557623, 32.680713], [-17.0554459, 32.6809461], [-17.0552597, 32.6810806], [-17.0550057, 32.6812591], [-17.0549594, 32.6812937], [-17.054931, 32.6813122], [-17.0541306, 32.6818911], [-17.053884, 32.6820672], [-17.0537727, 32.6821485], [-17.0536746, 32.682223], [-17.0536072, 32.6822904], [-17.0535849, 32.6823185], [-17.0535625, 32.6823565], [-17.0535375, 32.6823977], [-17.053517, 32.6824261], [-17.053502, 32.6824703]]}, "properties": {"cycleway:right": "no", "highway": "primary", "lanes": "2", "lit": "yes", "mapillary": "785318972092755", "maxspeed": "50", "name": "Via Expresso 3", "oneway": "yes", "ref": "VE3", "sidewalk": "right", "surface": "asphalt", "survey:date": "2018-01-28"}}, {"type": "Feature", "geometry": {"type": "LineString", "coordinates": [[-17.1341792, 32.705699], [-17.1343376, 32.7057061]]}, "properties": {"cycleway:both": "no", "highway": "primary", "image": "http://storage7.openstreetcam.org/files/photo/2018/2/21/lth/1128321_e556b_37.jpg", "lanes": "2", "layer": "-1", "name": "Via Expresso 3", "ref": "VE3", "surface": "asphalt", "survey:date": "2018-02-21"}}, {"type": "Feature", "geometry": {"type": "LineString", "coordinates": [[-17.1338732, 32.7056547], [-17.1338722, 32.7057028], [-17.1338921, 32.7057479], [-17.13393, 32.7057838], [-17.1339809, 32.7058057], [-17.1340377, 32.7058105], [-17.1340928, 32.7057977]]}, "properties": {"check_date": "2025-03-13", "check_date:surface": "2025-03-13", "cycleway:both": "no", "highway": "primary", "image": "http://storage2.openstreetcam.org/files/photo/2016/11/3/lth/26500_8851f_581a76fcc9889.jpg", "junction": "roundabout", "lanes": "1", "name": "Rotunda da Madalena do Mar", "ref": "VE3", "surface": "asphalt"}}, {"type": "Feature", "geometry": {"type": "LineString", "coordinates": [[-17.1341792, 32.705699], [-17.134176, 32.7056551], [-17.1341496, 32.7056046], [-17.1341007, 32.7055678]]}, "properties": {"cycleway:both": "no", "highway": "primary", "junction": "roundabout", "lanes": "1", "name": "Rotundada Madalena do Mar", "ref": "VE3", "surface": "asphalt"}}, {"type": "Feature", "geometry": {"type": "LineString", "coordinates": [[-17.1523384, 32.711584], [-17.1523894, 32.7116089], [-17.1524462, 32.7116361], [-17.1524855, 32.7116527], [-17.1525413, 32.7116615]]}, "properties": {"alt_name": "Via Expresso 3", "highway": "primary", "junction": "roundabout", "lanes": "1", "mapillary": "1471308817312799", "name": "Rotunda do Arco da Calheta", "ref": "VE3", "surface": "asphalt", "survey:date": "2025-10-18"}}, {"type": "Feature", "geometry": {"type": "LineString", "coordinates": [[-17.1523431, 32.7113604], [-17.1523081, 32.7113732], [-17.1522849, 32.7113921], [-17.1522663, 32.7114157], [-17.1522579, 32.7114389], [-17.152253, 32.7114672], [-17.1522648, 32.7114994]]}, "properties": {"alt_name": "Via Expresso 3", "highway": "primary", "junction": "roundabout", "lanes": "1", "mapillary": "801800552477754", "name": "Rotunda do Arco da Calheta", "ref": "VE3", "surface": "asphalt", "survey:date": "2025-10-18"}}, {"type": "Feature", "geometry": {"type": "LineString", "coordinates": [[-17.1525413, 32.7116615], [-17.1526133, 32.7116494], [-17.1526469, 32.7116298], [-17.1526725, 32.7116056], [-17.1526893, 32.7115758]]}, "properties": {"alt_name": "Via Expresso 3", "highway": "primary", "junction": "roundabout", "lanes": "1", "mapillary": "829048296297349", "name": "Rotunda do Arco da Calheta", "ref": "VE3", "surface": "asphalt", "survey:date": "2025-10-18"}}, {"type": "Feature", "geometry": {"type": "LineString", "coordinates": [[-17.2103938, 32.7535863], [-17.2103739, 32.7534958], [-17.21035, 32.7534549], [-17.210316, 32.7534193]]}, "properties": {"highway": "primary", "image": "http://storage2.openstreetcam.org/files/photo/2016/11/3/lth/26500_35eee_581a7665316af.jpg", "junction": "roundabout", "lanes": "2", "lit": "yes", "maxspeed": "50", "name": "Rotunda dos Prazeres", "ref": "VE3", "surface": "asphalt", "survey:date": "2016-11-02"}}, {"type": "Feature", "geometry": {"type": "LineString", "coordinates": [[-17.0640468, 32.6748319], [-17.0639951, 32.6748573], [-17.0639488, 32.674901]]}, "properties": {"highway": "primary", "junction": "roundabout", "lanes": "2", "lit": "yes", "maxspeed": "50", "name": "Rotunda Sul da Ribeira Brava", "ref": "VE3", "surface": "asphalt"}}, {"type": "Feature", "geometry": {"type": "LineString", "coordinates": [[-17.0642904, 32.674984], [-17.0642768, 32.6749335], [-17.0642567, 32.6748957]]}, "properties": {"highway": "primary", "junction": "roundabout", "lanes": "2", "lit": "yes", "maxspeed": "50", "name": "Rotunda Sul da Ribeira Brava", "ref": "VE3", "sidewalk": "right", "surface": "asphalt", "turn:lanes": "through;right|right"}}, {"type": "Feature", "geometry": {"type": "LineString", "coordinates": [[-17.1018937, 32.6814987], [-17.1018269, 32.6815155], [-17.1017698, 32.6815493]]}, "properties": {"alt_name": "Rotunda da Ponta do Sol", "highway": "primary", "junction": "roundabout", "lanes": "2", "lit": "yes", "maxspeed": "50", "name": "Rotunda do V Centen\u00e1rio", "ref": "VE3", "smoothness": "excellent", "surface": "asphalt"}}, {"type": "Feature", "geometry": {"type": "LineString", "coordinates": [[-17.0639488, 32.674901], [-17.0639279, 32.6749415], [-17.0639214, 32.6749853], [-17.0639298, 32.6750289]]}, "properties": {"highway": "primary", "junction": "roundabout", "lanes": "2", "lit": "yes", "maxspeed": "50", "name": "Rotunda Sul da Ribeira Brava", "ref": "VE3", "sidewalk": "right", "surface": "asphalt", "turn:lanes": "through;right|right"}}, {"type": "Feature", "geometry": {"type": "LineString", "coordinates": [[-17.0641751, 32.6751264], [-17.06422, 32.6751045], [-17.0642558, 32.675073]]}, "properties": {"highway": "primary", "junction": "roundabout", "lanes": "2", "lit": "yes", "maxspeed": "50", "name": "Rotunda Sul da Ribeira Brava", "ref": "VE3", "sidewalk": "right", "surface": "asphalt", "turn:lanes": "through|right"}}, {"type": "Feature", "geometry": {"type": "LineString", "coordinates": [[-17.1262025, 32.6942052], [-17.1262289, 32.6942291], [-17.1263202, 32.6942885], [-17.1263508, 32.6943053]]}, "properties": {"cycleway:both": "no", "highway": "primary", "image": "http://storage2.openstreetcam.org/files/photo/2016/10/30/lth/26140_987eb_5815fa798967a.jpg", "junction": "roundabout", "lanes": "2", "name": "Rotunda do Passo", "ref": "VE3", "surface": "asphalt", "survey:date": "2016-10-30"}}, {"type": "Feature", "geometry": {"type": "LineString", "coordinates": [[-17.0642567, 32.6748957], [-17.0642271, 32.6748653], [-17.0641668, 32.6748358], [-17.0640979, 32.6748273], [-17.0640468, 32.6748319]]}, "properties": {"highway": "primary", "junction": "roundabout", "lanes": "1", "lit": "yes", "maxspeed": "50", "name": "Rotunda Sul da Ribeira Brava", "ref": "VE3", "sidewalk": "right", "surface": "asphalt"}}, {"type": "Feature", "geometry": {"type": "LineString", "coordinates": [[-17.231541, 32.7908945], [-17.2315159, 32.7909212], [-17.2314971, 32.7909514], [-17.2314854, 32.790984], [-17.2314813, 32.7910179], [-17.2314853, 32.7910541], [-17.2314978, 32.7910889], [-17.2315184, 32.7911209], [-17.2315463, 32.7911488], [-17.2315802, 32.7911713], [-17.2316188, 32.7911877]]}, "properties": {"highway": "primary", "junction": "roundabout", "lanes": "1", "lit": "yes", "maxspeed": "50", "name": "Rotunda da Lombada dos Marinheiros", "ref": "VE3", "surface": "asphalt"}}, {"type": "Feature", "geometry": {"type": "LineString", "coordinates": [[-17.2199735, 32.7775212], [-17.2200044, 32.7776059], [-17.2200493, 32.7777096], [-17.2200944, 32.777811], [-17.2201459, 32.7779361], [-17.2202236, 32.77812], [-17.2203046, 32.7783008], [-17.2204623, 32.7786318], [-17.2206575, 32.7790335], [-17.2208255, 32.7793251], [-17.22101, 32.7796079], [-17.2211905, 32.7798527], [-17.2214079, 32.7801044], [-17.2216334, 32.7803286], [-17.2221502, 32.7807906], [-17.2229898, 32.7814576], [-17.2244633, 32.7825906], [-17.2251913, 32.7831474], [-17.2259071, 32.7837264], [-17.22635, 32.7840801], [-17.2266904, 32.784356], [-17.2272124, 32.7848776], [-17.2274989, 32.7852101], [-17.2278182, 32.7856318], [-17.2281467, 32.7860888]]}, "properties": {"headlight": "required", "highway": "primary", "lanes": "2", "layer": "-1", "lit": "24/7", "maxspeed": "70", "name": "Via Expresso 3", "ref": "VE3", "surface": "asphalt", "tunnel": "yes", "tunnel:name": "T\u00fanel da Faj\u00e3 da Ovelha"}}, {"type": "Feature", "geometry": {"type": "LineString", "coordinates": [[-17.2164724, 32.7696985], [-17.2166151, 32.7700074]]}, "properties": {"highway": "primary", "lanes": "2", "lit": "yes", "maxspeed": "50", "name": "Via Expresso 3", "ref": "VE3", "surface": "asphalt"}}, {"type": "Feature", "geometry": {"type": "LineString", "coordinates": [[-17.2197478, 32.7772632], [-17.2198004, 32.7773187], [-17.2198636, 32.7773842], [-17.2199168, 32.7774484], [-17.2199735, 32.7775212]]}, "properties": {"highway": "primary", "lanes": "1", "lit": "yes", "maxspeed": "70", "name": "Via Expresso 3", "oneway": "yes", "ref": "VE3", "surface": "asphalt"}}, {"type": "Feature", "geometry": {"type": "LineString", "coordinates": [[-17.2314915, 32.7907245], [-17.2315272, 32.790839], [-17.231541, 32.7908945]]}, "properties": {"highway": "primary", "lanes": "1", "lit": "yes", "maxspeed": "50", "name": "Via Expresso 3", "oneway": "yes", "ref": "VE3", "surface": "asphalt"}}, {"type": "Feature", "geometry": {"type": "LineString", "coordinates": [[-17.2314915, 32.7907245], [-17.2291147, 32.7874428]]}, "properties": {"headlight": "required", "highway": "primary", "lanes": "2", "layer": "-1", "lit": "24/7", "maxspeed": "70", "name": "Via Expresso 3", "ref": "VE3", "surface": "asphalt", "tunnel": "yes", "tunnel:name": "T\u00fanel dos Marinheiros"}}, {"type": "Feature", "geometry": {"type": "LineString", "coordinates": [[-17.2190271, 32.7729279], [-17.2185768, 32.7724422], [-17.2180841, 32.7719239]]}, "properties": {"headlight": "required", "highway": "primary", "lanes": "2", "layer": "-1", "lit": "24/7", "maxspeed": "70", "name": "Via Expresso 3", "ref": "VE3", "surface": "asphalt", "tunnel": "yes", "tunnel:name": "T\u00fanel dos Cedros"}}, {"type": "Feature", "geometry": {"type": "LineString", "coordinates": [[-17.0576249, 32.680863], [-17.0578506, 32.6808111], [-17.0580737, 32.6807516], [-17.0582937, 32.6806846], [-17.0585104, 32.6806103], [-17.0586992, 32.6805384], [-17.058885, 32.6804609], [-17.0590673, 32.680378], [-17.059246, 32.6802896], [-17.0594209, 32.680196]]}, "properties": {"headlight": "required", "highway": "primary", "lanes": "2", "layer": "-1", "lit": "yes", "mapillary": "1966906850132937", "maxheight:signed": "no", "maxspeed": "70", "name": "Via Expresso 3", "oneway": "yes", "ref": "VE3", "sidewalk": "both", "surface": "asphalt", "survey:date": "2016-01-26", "tunnel": "yes", "tunnel:name": "Estrada Regional 101"}}, {"type": "Feature", "geometry": {"type": "LineString", "coordinates": [[-17.1918842, 32.7326652], [-17.1917763, 32.7326475]]}, "properties": {"highway": "primary", "lanes": "2", "name": "Via Expresso 3", "ref": "VE3"}}, {"type": "Feature", "geometry": {"type": "LineString", "coordinates": [[-17.1918842, 32.7326652], [-17.1921417, 32.7327468], [-17.1923152, 32.7327925], [-17.1924958, 32.7328653], [-17.1926009, 32.7329195], [-17.1926351, 32.7329484], [-17.1926634, 32.7329815], [-17.1926832, 32.7330138], [-17.1926974, 32.7330482]]}, "properties": {"highway": "primary", "lanes": "1", "lit": "yes", "maxspeed": "50", "name": "Via Expresso 3", "oneway": "yes", "ref": "VE3", "surface": "asphalt"}}, {"type": "Feature", "geometry": {"type": "LineString", "coordinates": [[-17.1928385, 32.7329749], [-17.1927796, 32.7329766], [-17.1927431, 32.7329897], [-17.1927175, 32.7330126], [-17.1926974, 32.7330482]]}, "properties": {"highway": "primary", "junction": "roundabout", "lanes": "1", "lit": "yes", "maxspeed": "50", "name": "Rotunda do Estreito da Calheta", "ref": "VE3", "surface": "asphalt"}}, {"type": "Feature", "geometry": {"type": "LineString", "coordinates": [[-17.1936703, 32.733771], [-17.1935629, 32.7336404], [-17.1933035, 32.733378], [-17.1932358, 32.733289], [-17.193198, 32.7331774]]}, "properties": {"highway": "primary", "lanes": "1", "lit": "yes", "maxspeed": "60", "name": "Via Expresso 3", "oneway": "yes", "ref": "VE3", "surface": "asphalt", "tunnel:name": "Via Expresso 3"}}, {"type": "Feature", "geometry": {"type": "LineString", "coordinates": [[-17.1930006, 32.7332131], [-17.1935033, 32.733675], [-17.1936703, 32.733771]]}, "properties": {"destination": "Porto Moniz;Ponta do Pargo;Prazeres", "highway": "primary", "lanes": "1", "lit": "yes", "maxspeed": "60", "name": "Via Expresso 3", "oneway": "yes", "ref": "VE3", "surface": "asphalt", "tunnel:name": "Via Expresso 3"}}, {"type": "Feature", "geometry": {"type": "LineString", "coordinates": [[-17.1928385, 32.7329749], [-17.1926921, 32.7328874], [-17.1925186, 32.7328077], [-17.1923464, 32.7327399], [-17.1921531, 32.7326989], [-17.1918842, 32.7326652]]}, "properties": {"destination": "Funchal;Ribeira Brava;Calheta", "highway": "primary", "lanes": "1", "lit": "yes", "maxspeed": "50", "name": "Via Expresso 3", "oneway": "yes", "ref": "VE3", "surface": "asphalt"}}, {"type": "Feature", "geometry": {"type": "LineString", "coordinates": [[-17.0915783, 32.6797749], [-17.0912945, 32.6797356]]}, "properties": {"alt_name": "ER 102", "highway": "primary", "lanes": "2", "lit": "yes", "maxspeed": "50", "name": "Via Expresso 3", "ref": "VE3", "surface": "asphalt"}}, {"type": "Feature", "geometry": {"type": "LineString", "coordinates": [[-17.086644, 32.6797919], [-17.0865974, 32.6797991], [-17.0864988, 32.6798103], [-17.0860941, 32.6798562]]}, "properties": {"alt_name": "ER 102", "highway": "primary", "lanes": "2", "lit": "yes", "maxspeed": "50", "name": "Via Expresso 3", "ref": "VE3", "surface": "asphalt"}}, {"type": "Feature", "geometry": {"type": "LineString", "coordinates": [[-17.1734327, 32.7259427], [-17.1734183, 32.725901], [-17.173392, 32.7258636]]}, "properties": {"highway": "primary", "junction": "roundabout", "lanes": "2", "name": "Rotunda da Calheta", "ref": "VE3", "smoothness": "excellent", "surface": "asphalt"}}, {"type": "Feature", "geometry": {"type": "LineString", "coordinates": [[-17.0919975, 32.6798348], [-17.0915783, 32.6797749]]}, "properties": {"alt_name": "ER 102", "highway": "primary", "lanes": "2", "lit": "yes", "maxspeed": "50", "name": "Via Expresso 3", "ref": "VE3", "surface": "asphalt"}}, {"type": "Feature", "geometry": {"type": "LineString", "coordinates": [[-17.0912945, 32.6797356], [-17.0909503, 32.679678], [-17.0903404, 32.6795798]]}, "properties": {"alt_name": "ER 102", "highway": "primary", "lanes": "2", "lit": "yes", "maxspeed": "50", "name": "Via Expresso 3", "ref": "VE3", "sidewalk": "both", "surface": "asphalt"}}, {"type": "Feature", "geometry": {"type": "LineString", "coordinates": [[-17.0874635, 32.6796274], [-17.086874, 32.6797586], [-17.086644, 32.6797919]]}, "properties": {"alt_name": "ER 102", "highway": "primary", "lanes": "2", "lit": "yes", "maxspeed": "50", "name": "Via Expresso 3", "ref": "VE3", "sidewalk": "both", "surface": "asphalt"}}, {"type": "Feature", "geometry": {"type": "LineString", "coordinates": [[-17.1731951, 32.725799], [-17.1731329, 32.7258167], [-17.1730806, 32.72585], [-17.1730433, 32.7258955]]}, "properties": {"highway": "primary", "junction": "roundabout", "lanes": "2", "name": "Rotunda da Calheta", "ref": "VE3", "smoothness": "excellent", "surface": "asphalt"}}, {"type": "Feature", "geometry": {"type": "LineString", "coordinates": [[-17.0903404, 32.6795798], [-17.0900656, 32.6795546], [-17.0891974, 32.6795363], [-17.0886992, 32.6795287], [-17.088311, 32.6795306], [-17.0880683, 32.6795369], [-17.0878354, 32.6795708], [-17.0875385, 32.6796125], [-17.0874635, 32.6796274]]}, "properties": {"alt_name": "ER 102", "highway": "primary", "lanes": "2", "lit": "yes", "maxheight:signed": "no", "maxspeed": "50", "name": "Via Expresso 3", "ref": "VE3", "sidewalk": "both", "surface": "asphalt"}}, {"type": "Feature", "geometry": {"type": "LineString", "coordinates": [[-17.2082455, 32.7648903], [-17.2086164, 32.765074]]}, "properties": {"bridge": "yes", "highway": "primary", "lanes": "1", "layer": "1", "lit": "yes", "maxspeed": "60", "name": "Via Expresso 3", "oneway": "yes", "ref": "VE3", "sidewalk": "no", "surface": "asphalt", "survey:date": "2016-11-01"}}, {"type": "Feature", "geometry": {"type": "LineString", "coordinates": [[-17.173392, 32.7258636], [-17.1733491, 32.7258289], [-17.1732961, 32.725806], [-17.1732376, 32.7257967]]}, "properties": {"highway": "primary", "junction": "roundabout", "lanes": "2", "name": "Rotunda da Calheta", "ref": "VE3", "smoothness": "excellent", "surface": "asphalt"}}, {"type": "Feature", "geometry": {"type": "LineString", "coordinates": [[-17.1730433, 32.7258955], [-17.1730334, 32.7259164], [-17.1730268, 32.7259382], [-17.1730237, 32.7259605], [-17.173024, 32.725983], [-17.1730277, 32.7260053]]}, "properties": {"highway": "primary", "junction": "roundabout", "lanes": "2", "name": "Rotunda da Calheta", "ref": "VE3", "smoothness": "excellent", "surface": "asphalt"}}, {"type": "Feature", "geometry": {"type": "LineString", "coordinates": [[-17.0940032, 32.6809813], [-17.0929939, 32.6802379], [-17.0928289, 32.6801239], [-17.092642, 32.680009], [-17.0924909, 32.6799444], [-17.0922995, 32.679889], [-17.0919975, 32.6798348]]}, "properties": {"alt_name": "ER 102", "highway": "primary", "lanes": "2", "lit": "yes", "maxspeed": "50", "name": "Via Expresso 3", "ref": "VE3", "surface": "asphalt"}}, {"type": "Feature", "geometry": {"type": "LineString", "coordinates": [[-17.1731189, 32.7261161], [-17.1731685, 32.7261354], [-17.1732224, 32.726143], [-17.1732767, 32.7261384]]}, "properties": {"highway": "primary", "junction": "roundabout", "lanes": "2", "name": "Rotunda da Calheta", "ref": "VE3", "smoothness": "excellent", "surface": "asphalt"}}, {"type": "Feature", "geometry": {"type": "LineString", "coordinates": [[-17.1875276, 32.7302008], [-17.1874022, 32.7302118], [-17.1872945, 32.7302242], [-17.1871976, 32.7302448], [-17.1871027, 32.7302712], [-17.1870102, 32.7303031], [-17.1869094, 32.7303456], [-17.186813, 32.7303947], [-17.1867215, 32.7304501], [-17.1863449, 32.7307574], [-17.186151, 32.7309192], [-17.1859902, 32.7310266], [-17.1859383, 32.7310561], [-17.1858845, 32.731083], [-17.1858105, 32.7311146], [-17.1857337, 32.7311413]]}, "properties": {"highway": "primary", "lanes": "2", "name": "Via Expresso 3", "ref": "VE3"}}, {"type": "Feature", "geometry": {"type": "LineString", "coordinates": [[-17.2291147, 32.7874428], [-17.2290426, 32.7873465]]}, "properties": {"highway": "primary", "lanes": "2", "lit": "yes", "maxspeed": "70", "name": "Via Expresso 3", "ref": "VE3", "surface": "asphalt"}}, {"type": "Feature", "geometry": {"type": "LineString", "coordinates": [[-17.1257819, 32.6943914], [-17.1259648, 32.6942694]]}, "properties": {"cycleway:both": "no", "highway": "primary", "lanes": "2", "name": "Via Expresso 3", "ref": "VE3", "surface": "asphalt"}}, {"type": "Feature", "geometry": {"type": "LineString", "coordinates": [[-17.0943437, 32.6812165], [-17.0940032, 32.6809813]]}, "properties": {"alt_name": "ER 102", "highway": "primary", "lanes": "2", "lit": "yes", "maxspeed": "50", "name": "Via Expresso 3", "ref": "VE3", "surface": "asphalt"}}, {"type": "Feature", "geometry": {"type": "LineString", "coordinates": [[-17.0944408, 32.6812808], [-17.0943437, 32.6812165]]}, "properties": {"bridge": "yes", "highway": "primary", "lanes": "2", "layer": "1", "lit": "yes", "maxweight:signed": "no", "name": "Via Expresso 3", "ref": "VE3", "surface": "asphalt"}}, {"type": "Feature", "geometry": {"type": "LineString", "coordinates": [[-17.0644057, 32.6750454], [-17.0642904, 32.674984]]}, "properties": {"alt_name": "ER 102", "highway": "primary", "image": "http://storage7.openstreetcam.org/files/photo/2018/2/21/lth/1128321_2e7f1_5.jpg", "lanes": "1", "lit": "yes", "maxspeed": "50", "name": "Via Expresso 3", "oneway": "yes", "ref": "VE3", "surface": "asphalt", "survey:date": "2018-02-21"}}, {"type": "Feature", "geometry": {"type": "LineString", "coordinates": [[-17.0539298, 32.6828962], [-17.0539322, 32.6828504], [-17.0539263, 32.6828128], [-17.0539159, 32.6827797], [-17.0538836, 32.6827387], [-17.0536588, 32.6825435], [-17.0536133, 32.682508], [-17.0535607, 32.6824835], [-17.053502, 32.6824703]]}, "properties": {"cycleway:both": "no", "highway": "primary", "junction": "roundabout", "lanes": "2", "lit": "yes", "maxspeed": "50", "name": "Rotunda Norte da Ribeira Brava", "ref": "VE3", "surface": "asphalt"}}, {"type": "Feature", "geometry": {"type": "LineString", "coordinates": [[-17.0782784, 32.6771705], [-17.078264, 32.6772027], [-17.0782582, 32.6772368]]}, "properties": {"highway": "primary", "junction": "roundabout", "lanes": "2", "lit": "yes", "name": "Rotunda da Tabua", "ref": "VE3", "surface": "asphalt"}}, {"type": "Feature", "geometry": {"type": "LineString", "coordinates": [[-17.0783234, 32.6773622], [-17.0783473, 32.6773771], [-17.0783737, 32.6773886], [-17.078402, 32.6773965]]}, "properties": {"highway": "primary", "junction": "roundabout", "lanes": "2", "lit": "yes", "name": "Rotunda da Tabua", "ref": "VE3", "surface": "asphalt"}}, {"type": "Feature", "geometry": {"type": "LineString", "coordinates": [[-17.0786257, 32.6772934], [-17.0786338, 32.6772656], [-17.0786357, 32.677237], [-17.0786316, 32.6772085], [-17.0786214, 32.6771812], [-17.0786056, 32.6771558]]}, "properties": {"check_date": "2025-07-01", "check_date:lit": "2025-07-01", "highway": "primary", "junction": "roundabout", "lanes": "2", "lit": "yes", "mapillary": "213023180367182", "name": "Rotunda da Tabua", "ref": "VE3", "surface": "asphalt"}}, {"type": "Feature", "geometry": {"type": "LineString", "coordinates": [[-17.078402, 32.6773965], [-17.07844, 32.6774009], [-17.0784784, 32.6773988], [-17.0785154, 32.6773902], [-17.0785496, 32.6773755], [-17.0785796, 32.6773553]]}, "properties": {"highway": "primary", "junction": "roundabout", "lanes": "2", "lit": "yes", "name": "Rotunda da Tabua", "ref": "VE3", "surface": "asphalt"}}, {"type": "Feature", "geometry": {"type": "LineString", "coordinates": [[-17.2100708, 32.765676], [-17.2107643, 32.7659818]]}, "properties": {"highway": "primary", "lanes": "2", "lit": "yes", "maxspeed": "80", "name": "Via Expresso 3", "ref": "VE3", "sidewalk": "no", "surface": "asphalt", "survey:date": "2016-11-02"}}, {"type": "Feature", "geometry": {"type": "LineString", "coordinates": [[-17.2088497, 32.7650911], [-17.2088229, 32.7650798]]}, "properties": {"highway": "primary", "lanes": "1", "lit": "yes", "name": "Via Expresso 3", "oneway": "yes", "ref": "VE3", "sidewalk": "no", "surface": "asphalt", "survey:date": "2016-11-02"}}, {"type": "Feature", "geometry": {"type": "LineString", "coordinates": [[-17.2093585, 32.7653076], [-17.2090136, 32.7651533]]}, "properties": {"highway": "primary", "lanes": "2", "lit": "yes", "mapillary": "498752384649294", "maxspeed": "60", "name": "Via Expresso 3", "oneway": "yes", "placement": "middle_of:2", "ref": "VE3", "sidewalk": "no", "surface": "asphalt", "survey:date": "2016-04-30", "turn:lanes": "left|through"}}, {"type": "Feature", "geometry": {"type": "LineString", "coordinates": [[-17.208675, 32.7650998], [-17.2088754, 32.765183]]}, "properties": {"highway": "primary", "lanes": "2", "lit": "yes", "mapillary": "1292579922185868", "maxspeed": "60", "name": "Via Expresso 3", "oneway": "yes", "ref": "VE3", "surface": "asphalt", "survey:date": "2024-11-02"}}, {"type": "Feature", "geometry": {"type": "LineString", "coordinates": [[-17.2088754, 32.765183], [-17.2089916, 32.7652331]]}, "properties": {"highway": "primary", "lanes": "1", "lit": "yes", "mapillary": "1877981695945845", "maxspeed": "60", "name": "Via Expresso 3", "oneway": "yes", "ref": "VE3", "surface": "asphalt", "survey:date": "2024-11-02"}}, {"type": "Feature", "geometry": {"type": "LineString", "coordinates": [[-17.2090572, 32.7652595], [-17.2098276, 32.7655952], [-17.2100708, 32.765676]]}, "properties": {"highway": "primary", "lanes": "2", "lit": "yes", "mapillary": "1524613264889022", "maxspeed": "60", "name": "Via Expresso 3", "oneway": "yes", "ref": "VE3", "surface": "asphalt", "survey:date": "2024-12-26"}}, {"type": "Feature", "geometry": {"type": "LineString", "coordinates": [[-17.2100708, 32.765676], [-17.2098534, 32.7655415], [-17.2093585, 32.7653076]]}, "properties": {"highway": "primary", "lanes": "1", "lit": "yes", "mapillary": "929502734483623", "maxspeed": "60", "name": "Via Expresso 3", "oneway": "yes", "ref": "VE3", "sidewalk": "no", "surface": "asphalt", "survey:date": "2016-04-30"}}, {"type": "Feature", "geometry": {"type": "LineString", "coordinates": [[-17.2040942, 32.7561024], [-17.2037743, 32.756325], [-17.2036136, 32.7564514], [-17.2034363, 32.7566111]]}, "properties": {"highway": "primary", "lanes": "1", "lit": "yes", "mapillary": "939549886880925", "maxspeed": "60", "maxspeed:type": "sign", "name": "Via Expresso 3", "oneway": "yes", "ref": "VE3", "surface": "asphalt", "survey:date": "2016-04-08"}}, {"type": "Feature", "geometry": {"type": "LineString", "coordinates": [[-17.2032962, 32.7567899], [-17.2031843, 32.7569375]]}, "properties": {"highway": "primary", "lanes": "1", "lit": "yes", "mapillary": "221491862643103", "maxspeed": "60", "maxspeed:type": "sign", "name": "Via Expresso 3", "oneway": "yes", "ref": "VE3", "surface": "asphalt", "survey:date": "2016-04-30"}}, {"type": "Feature", "geometry": {"type": "LineString", "coordinates": [[-17.2034363, 32.7566111], [-17.2032962, 32.7567899]]}, "properties": {"highway": "primary", "lanes": "1", "lit": "yes", "mapillary": "743176916397913", "maxspeed": "60", "maxspeed:type": "sign", "name": "Via Expresso 3", "oneway": "yes", "ref": "VE3", "surface": "asphalt", "survey:date": "2016-04-08"}}, {"type": "Feature", "geometry": {"type": "LineString", "coordinates": [[-17.2040942, 32.7561024], [-17.2047004, 32.755647], [-17.2051101, 32.7553426], [-17.205589, 32.7549717], [-17.2058918, 32.7547435], [-17.2060714, 32.7546195], [-17.2061837, 32.754549], [-17.2063005, 32.7544841], [-17.2064216, 32.754425], [-17.2065466, 32.7543718], [-17.2066707, 32.7543262], [-17.2067976, 32.7542864], [-17.2069902, 32.7542335]]}, "properties": {"highway": "primary", "lanes": "2", "lit": "yes", "mapillary": "1196558711704282", "maxspeed": "80", "maxspeed:type": "sign", "name": "Via Expresso 3", "ref": "VE3", "surface": "asphalt", "survey:date": "2025-05-21"}}, {"type": "Feature", "geometry": {"type": "LineString", "coordinates": [[-17.2029484, 32.7576763], [-17.2029605, 32.7578319], [-17.202987, 32.7579938]]}, "properties": {"highway": "primary", "lanes": "1", "lit": "yes", "mapillary": "308708710833541", "maxspeed": "60", "maxspeed:type": "sign", "name": "Via Expresso 3", "oneway": "yes", "ref": "VE3", "surface": "asphalt", "survey:date": "2016-04-30"}}, {"type": "Feature", "geometry": {"type": "LineString", "coordinates": [[-17.202987, 32.7579938], [-17.2030134, 32.7581363], [-17.203064, 32.758308]]}, "properties": {"highway": "primary", "lanes": "2", "lit": "yes", "maxspeed:backward": "60", "maxspeed:forward": "80", "name": "Via Expresso 3", "ref": "VE3", "surface": "asphalt"}}, {"type": "Feature", "geometry": {"type": "LineString", "coordinates": [[-17.1522549, 32.7116771], [-17.152047, 32.7118408], [-17.151924, 32.711923], [-17.1518079, 32.7119944], [-17.1516841, 32.7120598], [-17.151555, 32.7121176], [-17.1514213, 32.7121674], [-17.1512837, 32.712209], [-17.151143, 32.7122423], [-17.1509997, 32.7122669], [-17.1508548, 32.7122829], [-17.1507088, 32.7122901], [-17.1505626, 32.7122885], [-17.1504169, 32.7122781], [-17.1502725, 32.7122589], [-17.1501301, 32.712231], [-17.1499904, 32.7121947], [-17.1498542, 32.71215], [-17.1497221, 32.7120973], [-17.1495949, 32.7120367], [-17.1494731, 32.7119686], [-17.1493575, 32.7118933], [-17.1439663, 32.7084376], [-17.1423741, 32.7074747], [-17.1421256, 32.7073249], [-17.1418711, 32.7071825], [-17.1416109, 32.7070474], [-17.1413454, 32.70692], [-17.1410748, 32.7068004], [-17.1407995, 32.7066887], [-17.1405198, 32.706585], [-17.140236, 32.7064894], [-17.1399485, 32.7064022], [-17.1396575, 32.7063233], [-17.1393636, 32.7062528], [-17.1390751, 32.7061926], [-17.1387844, 32.7061404], [-17.1384918, 32.7060965], [-17.1381977, 32.7060609], [-17.1379023, 32.7060335], [-17.1376059, 32.7060145], [-17.1348065, 32.7057392], [-17.1343376, 32.7057061]]}, "properties": {"cycleway:both": "no", "headlight": "required", "highway": "primary", "lanes": "2", "layer": "-1", "maxheight": "4.5", "maxspeed": "70", "name": "Via Expresso 3", "note": "assumed rough course", "ref": "VE3", "surface": "asphalt", "tunnel": "yes", "tunnel:name": "T\u00fanel Madalena Arco"}}, {"type": "Feature", "geometry": {"type": "LineString", "coordinates": [[-17.206125, 32.7624892], [-17.2062645, 32.7627803], [-17.206419, 32.7631578], [-17.206501, 32.7633401], [-17.2065948, 32.7635476], [-17.2066839, 32.7637076], [-17.2067847, 32.7638634], [-17.2068634, 32.7639649], [-17.2069359, 32.7640551], [-17.2070252, 32.7641474]]}, "properties": {"highway": "primary", "lanes": "2", "lit": "yes", "maxspeed": "80", "name": "Via Expresso 3", "ref": "VE3", "surface": "asphalt"}}, {"type": "Feature", "geometry": {"type": "LineString", "coordinates": [[-17.2124752, 32.7667199], [-17.2126978, 32.7668183]]}, "properties": {"highway": "primary", "lanes": "2", "lit": "yes", "maxspeed": "80", "name": "Via Expresso 3", "ref": "VE3", "sidewalk": "bad", "surface": "asphalt", "survey:date": "2016-11-02"}}, {"type": "Feature", "geometry": {"type": "LineString", "coordinates": [[-17.2160247, 32.7687583], [-17.2160714, 32.7688466]]}, "properties": {"bridge": "yes", "highway": "primary", "lanes": "2", "layer": "1", "lit": "yes", "maxspeed": "50", "name": "Via Expresso 3", "ref": "VE3", "sidewalk": "no", "surface": "asphalt", "survey:date": "2016-11-02"}}, {"type": "Feature", "geometry": {"type": "LineString", "coordinates": [[-17.2107643, 32.7659818], [-17.2124752, 32.7667199]]}, "properties": {"bridge": "yes", "highway": "primary", "image": "http://storage2.openstreetcam.org/files/photo/2016/11/3/lth/26500_4a495_581a77738cbed.jpg", "lanes": "2", "layer": "1", "lit": "yes", "maxspeed": "80", "name": "Via Expresso 3", "ref": "VE3", "sidewalk": "no", "surface": "asphalt", "survey:date": "2016-11-02"}}, {"type": "Feature", "geometry": {"type": "LineString", "coordinates": [[-17.2057923, 32.7617431], [-17.206125, 32.7624892]]}, "properties": {"bridge": "yes", "highway": "primary", "lanes": "2", "layer": "1", "lit": "yes", "mapillary": "843739136225037", "maxspeed": "80", "name": "Via Expresso 3", "ref": "VE3", "surface": "asphalt", "survey:date": "2016-04-30"}}, {"type": "Feature", "geometry": {"type": "LineString", "coordinates": [[-17.2163231, 32.7691156], [-17.2161293, 32.7689603]]}, "properties": {"destination": "Funchal;Ribeira Brava;Calheta;Prazeres", "highway": "primary", "lanes": "1", "lit": "yes", "maxspeed": "50", "name": "Via Expresso 3", "oneway": "yes", "ref": "VE3", "sidewalk": "no", "surface": "asphalt", "survey:date": "2016-11-01"}}, {"type": "Feature", "geometry": {"type": "LineString", "coordinates": [[-17.2037003, 32.7592317], [-17.2040534, 32.7596127], [-17.2048872, 32.7605329]]}, "properties": {"bridge": "yes", "highway": "primary", "lanes": "2", "layer": "1", "lit": "yes", "maxspeed": "80", "name": "Via Expresso 3", "ref": "VE3", "surface": "asphalt", "survey:date": "2016-11-01"}}, {"type": "Feature", "geometry": {"type": "LineString", "coordinates": [[-17.2048872, 32.7605329], [-17.2051451, 32.7607959], [-17.2052308, 32.7608935], [-17.2054031, 32.7610977], [-17.205536, 32.7612831], [-17.2056762, 32.7615005], [-17.2057923, 32.7617431]]}, "properties": {"highway": "primary", "lanes": "2", "lit": "yes", "maxspeed": "80", "name": "Via Expresso 3", "ref": "VE3", "surface": "asphalt"}}, {"type": "Feature", "geometry": {"type": "LineString", "coordinates": [[-17.2070252, 32.7641474], [-17.2071363, 32.7642522], [-17.2072543, 32.7643515], [-17.2073789, 32.7644449], [-17.2075097, 32.7645321], [-17.2076423, 32.7646106], [-17.2077798, 32.7646828], [-17.207922, 32.7647484], [-17.2082455, 32.7648903]]}, "properties": {"bridge": "yes", "highway": "primary", "lanes": "2", "layer": "1", "lit": "yes", "mapillary": "210689783890208", "maxspeed": "80", "name": "Via Expresso 3", "ref": "VE3", "sidewalk": "no", "surface": "asphalt", "survey:date": "2016-04-30"}}, {"type": "Feature", "geometry": {"type": "LineString", "coordinates": [[-17.2197478, 32.7772632], [-17.2198106, 32.7772686], [-17.2198725, 32.7772578], [-17.2199275, 32.7772318], [-17.2199706, 32.777193]]}, "properties": {"highway": "primary", "junction": "roundabout", "lanes": "2", "lit": "yes", "maxspeed": "50", "name": "Rotunda da Lombada dos Cedros", "ref": "VE3", "source": "survey", "surface": "asphalt"}}, {"type": "Feature", "geometry": {"type": "LineString", "coordinates": [[-17.2196556, 32.7749029], [-17.2196096, 32.7742393], [-17.2195847, 32.7740484], [-17.2195113, 32.7737453], [-17.219475, 32.7736424], [-17.2194439, 32.7735556], [-17.2193939, 32.7734435], [-17.2193339, 32.7733348], [-17.2192622, 32.7732271], [-17.2191857, 32.7731218], [-17.2191085, 32.7730237], [-17.2190271, 32.7729279]]}, "properties": {"highway": "primary", "lanes": "2", "lit": "yes", "maxspeed": "70", "name": "Via Expresso 3", "ref": "VE3", "surface": "asphalt"}}, {"type": "Feature", "geometry": {"type": "LineString", "coordinates": [[-17.2197426, 32.7761874], [-17.2197223, 32.7758954], [-17.2196857, 32.775378], [-17.2196556, 32.7749029]]}, "properties": {"highway": "primary", "lanes": "2", "lit": "yes", "maxspeed:backward": "50", "maxspeed:forward": "70", "name": "Via Expresso 3", "ref": "VE3", "smoothness": "excellent", "surface": "asphalt"}}, {"type": "Feature", "geometry": {"type": "LineString", "coordinates": [[-17.2162523, 32.7695249], [-17.2164724, 32.7696985]]}, "properties": {"destination": "Porto Moniz;Faj\u00e3 da Ovelha", "highway": "primary", "lanes": "1", "lit": "yes", "maxspeed": "50", "name": "Via Expresso 3", "oneway": "yes", "ref": "VE3", "sidewalk": "no", "surface": "asphalt", "survey:date": "2016-11-02"}}, {"type": "Feature", "geometry": {"type": "LineString", "coordinates": [[-17.2164724, 32.7696985], [-17.2164715, 32.7695165], [-17.2164782, 32.7694637]]}, "properties": {"highway": "primary", "lanes": "1", "lit": "yes", "maxspeed": "50", "name": "Via Expresso 3", "oneway": "yes", "ref": "VE3", "surface": "asphalt"}}, {"type": "Feature", "geometry": {"type": "LineString", "coordinates": [[-17.053502, 32.6824703], [-17.053445, 32.6824793], [-17.053377, 32.6824992], [-17.0533432, 32.6825237], [-17.0532982, 32.6825693]]}, "properties": {"cycleway:both": "no", "highway": "primary", "junction": "roundabout", "lanes": "2", "lit": "yes", "mapillary": "860022414553781", "maxspeed": "50", "name": "Rotunda Norte da Ribeira Brava", "ref": "VE3", "sidewalk": "right", "surface": "asphalt", "survey:date": "2018-01-28"}}, {"type": "Feature", "geometry": {"type": "LineString", "coordinates": [[-17.0532982, 32.6825693], [-17.0532774, 32.6826145], [-17.0532761, 32.6826481], [-17.0532804, 32.6826893], [-17.0532932, 32.6827291]]}, "properties": {"highway": "primary", "junction": "roundabout", "lanes": "2", "lit": "yes", "mapillary": "860022414553781", "maxspeed": "50", "name": "Rotunda Norte da Ribeira Brava", "ref": "VE3", "sidewalk": "no", "surface": "asphalt", "survey:date": "2018-01-28"}}, {"type": "Feature", "geometry": {"type": "LineString", "coordinates": [[-17.0533182, 32.6827603], [-17.0534683, 32.6828955], [-17.053527, 32.6829445], [-17.053572, 32.6829847], [-17.0536322, 32.6830207], [-17.0536609, 32.6830291], [-17.0537021, 32.6830341], [-17.0537369, 32.6830348]]}, "properties": {"highway": "primary", "junction": "roundabout", "lanes": "2", "lit": "yes", "maxspeed": "50", "name": "Rotunda Norte da Ribeira Brava", "ref": "VE3", "surface": "asphalt"}}, {"type": "Feature", "geometry": {"type": "LineString", "coordinates": [[-17.0537369, 32.6830348], [-17.0537777, 32.6830287], [-17.0538402, 32.6830079], [-17.0538992, 32.6829627], [-17.0539191, 32.6829287], [-17.0539298, 32.6828962]]}, "properties": {"highway": "primary", "junction": "roundabout", "lanes": "2", "lit": "yes", "mapillary": "925682534935427", "maxspeed": "50", "name": "Rotunda Norte da Ribeira Brava", "ref": "VE3", "sidewalk": "right", "surface": "asphalt", "survey:date": "2016-01-26"}}, {"type": "Feature", "geometry": {"type": "LineString", "coordinates": [[-17.210016, 32.7533874], [-17.2099772, 32.7534112], [-17.2099446, 32.7534408], [-17.2099194, 32.7534752], [-17.2099026, 32.753513]]}, "properties": {"highway": "primary", "junction": "roundabout", "lanes": "2", "lit": "yes", "mapillary": "280717000373870", "maxspeed": "50", "maxspeed:type": "sign", "name": "Rotunda dos Prazeres", "ref": "VE3", "surface": "asphalt", "survey:date": "2016-01-26"}}, {"type": "Feature", "geometry": {"type": "LineString", "coordinates": [[-17.1261592, 32.6939352], [-17.1261222, 32.6939721], [-17.1261045, 32.6939994], [-17.1261017, 32.6940273], [-17.1261036, 32.6940542], [-17.1261099, 32.6940806]]}, "properties": {"cycleway:both": "no", "highway": "primary", "junction": "roundabout", "lanes": "1", "mapillary": "1218635873627693", "name": "Rotunda do Passo", "ref": "VE3", "surface": "asphalt", "survey:date": "2025-10-18"}}, {"type": "Feature", "geometry": {"type": "LineString", "coordinates": [[-17.1930006, 32.7332131], [-17.1930954, 32.7332168], [-17.1931288, 32.7332106], [-17.1931622, 32.733198], [-17.193198, 32.7331774]]}, "properties": {"highway": "primary", "junction": "roundabout", "lanes": "1", "lit": "yes", "maxspeed": "50", "name": "Rotunda do Estreito da Calheta", "ref": "VE3", "surface": "asphalt"}}, {"type": "Feature", "geometry": {"type": "LineString", "coordinates": [[-17.193198, 32.7331774], [-17.1932087, 32.7331482], [-17.1932166, 32.7331266]]}, "properties": {"highway": "primary", "junction": "roundabout", "lanes": "1", "lit": "yes", "maxspeed": "50", "name": "Rotunda do Estreito da Calheta", "ref": "VE3", "surface": "asphalt"}}, {"type": "Feature", "geometry": {"type": "LineString", "coordinates": [[-17.1928164, 32.7331913], [-17.1930006, 32.7332131]]}, "properties": {"highway": "primary", "junction": "roundabout", "lanes": "1", "lit": "yes", "maxspeed": "50", "name": "Rotunda do Estreito da Calheta", "ref": "VE3", "surface": "asphalt"}}, {"type": "Feature", "geometry": {"type": "LineString", "coordinates": [[-17.2162523, 32.7695249], [-17.2162933, 32.7695287], [-17.2163344, 32.7695266], [-17.2163746, 32.7695188], [-17.2164126, 32.7695054], [-17.2164475, 32.7694869], [-17.2164782, 32.7694637]]}, "properties": {"highway": "primary", "junction": "roundabout", "lanes": "2", "lit": "yes", "maxspeed": "50", "name": "Rotunda da Raposeira", "ref": "VE3", "sidewalk": "no", "surface": "asphalt", "survey:date": "2016-11-02"}}, {"type": "Feature", "geometry": {"type": "LineString", "coordinates": [[-17.1932166, 32.7331266], [-17.1932193, 32.7330835], [-17.1931994, 32.7330452], [-17.193166, 32.7330154], [-17.1931324, 32.7329985]]}, "properties": {"highway": "primary", "junction": "roundabout", "lanes": "1", "lit": "yes", "maxspeed": "50", "name": "Rotunda do Estreito da Calheta", "ref": "VE3", "surface": "asphalt"}}, {"type": "Feature", "geometry": {"type": "LineString", "coordinates": [[-17.2164782, 32.7694637], [-17.2165057, 32.7694342], [-17.2165264, 32.769401], [-17.2165396, 32.7693651], [-17.2165449, 32.7693279]]}, "properties": {"highway": "primary", "junction": "roundabout", "lanes": "2", "lit": "yes", "maxspeed": "50", "name": "Rotunda da Raposeira", "ref": "VE3", "sidewalk": "no", "surface": "asphalt", "survey:date": "2016-11-02"}}, {"type": "Feature", "geometry": {"type": "LineString", "coordinates": [[-17.1926959, 32.7331074], [-17.1927133, 32.7331364], [-17.1927454, 32.7331711], [-17.1928164, 32.7331913]]}, "properties": {"highway": "primary", "junction": "roundabout", "lanes": "1", "lit": "yes", "maxspeed": "50", "name": "Rotunda do Estreito da Calheta", "ref": "VE3", "surface": "asphalt"}}, {"type": "Feature", "geometry": {"type": "LineString", "coordinates": [[-17.1265018, 32.6941363], [-17.1264766, 32.6941095], [-17.1263937, 32.6940261], [-17.126329, 32.6939687], [-17.1262826, 32.6939381]]}, "properties": {"cycleway:both": "no", "highway": "primary", "junction": "roundabout", "lanes": "2", "name": "Rotunda do Passo", "ref": "VE3", "surface": "asphalt"}}, {"type": "Feature", "geometry": {"type": "LineString", "coordinates": [[-17.2164891, 32.7691909], [-17.2164335, 32.769149], [-17.2163654, 32.7691232], [-17.2163231, 32.7691156]]}, "properties": {"highway": "primary", "junction": "roundabout", "lanes": "2", "lit": "yes", "mapillary": "758994834674982", "maxspeed": "50", "name": "Rotunda da Raposeira", "ref": "VE3", "sidewalk": "no", "surface": "asphalt", "survey:date": "2016-04-30"}}, {"type": "Feature", "geometry": {"type": "LineString", "coordinates": [[-17.2163231, 32.7691156], [-17.2162516, 32.7691195], [-17.2162132, 32.7691286], [-17.216177, 32.7691429], [-17.2161441, 32.769162], [-17.2161153, 32.7691853]]}, "properties": {"highway": "primary", "junction": "roundabout", "lanes": "2", "lit": "yes", "maxspeed": "50", "name": "Rotunda da Raposeira", "ref": "VE3", "sidewalk": "no", "surface": "asphalt", "survey:date": "2016-11-02"}}, {"type": "Feature", "geometry": {"type": "LineString", "coordinates": [[-17.1931324, 32.7329985], [-17.1931082, 32.7329969], [-17.1930721, 32.7329946], [-17.1929981, 32.732989], [-17.1929073, 32.7329797], [-17.1928385, 32.7329749]]}, "properties": {"highway": "primary", "junction": "roundabout", "lanes": "1", "lit": "yes", "maxspeed": "50", "name": "Rotunda do Estreito da Calheta", "ref": "VE3", "surface": "asphalt"}}, {"type": "Feature", "geometry": {"type": "LineString", "coordinates": [[-17.126519, 32.6942637], [-17.1265344, 32.6942219], [-17.12653, 32.6941958], [-17.1265213, 32.6941705], [-17.1265018, 32.6941363]]}, "properties": {"highway": "primary", "image": "http://storage2.openstreetcam.org/files/photo/2016/10/30/lth/26140_dd8a3_5815fa7896e8d.jpg", "junction": "roundabout", "lanes": "2", "name": "Rotunda do Passo", "ref": "VE3", "surface": "asphalt", "survey:date": "2016-10-30"}}, {"type": "Feature", "geometry": {"type": "LineString", "coordinates": [[-17.2099271, 32.7536701], [-17.2099592, 32.753707], [-17.2100002, 32.7537371], [-17.210048, 32.753759], [-17.2101004, 32.7537715]]}, "properties": {"highway": "primary", "junction": "roundabout", "lanes": "2", "lit": "yes", "mapillary": "2051413869009461", "maxspeed": "50", "name": "Rotunda dos Prazeres", "ref": "VE3", "surface": "asphalt", "survey:date": "2025-12-21"}}, {"type": "Feature", "geometry": {"type": "LineString", "coordinates": [[-17.2101004, 32.7537715], [-17.2101666, 32.7537719], [-17.2102311, 32.7537629]]}, "properties": {"highway": "primary", "junction": "roundabout", "lanes": "2", "lit": "yes", "mapillary": "1186047707025615", "maxspeed": "50", "name": "Rotunda dos Prazeres", "ref": "VE3", "surface": "asphalt", "survey:date": "2025-12-21"}}, {"type": "Feature", "geometry": {"type": "LineString", "coordinates": [[-17.0549216, 32.6821594], [-17.055321, 32.6818419]]}, "properties": {"highway": "primary", "image": "http://storage7.openstreetcam.org/files/photo/2018/2/21/lth/1128321_6423c_18.jpg", "lanes": "2", "lit": "yes", "maxspeed": "70", "name": "Via Expresso 3", "oneway": "yes", "ref": "VE3", "sidewalk": "both", "surface": "asphalt", "survey:date": "2018-02-21", "tunnel:name": "Estrada Regional 101"}}, {"type": "Feature", "geometry": {"type": "LineString", "coordinates": [[-17.055321, 32.6818419], [-17.0553305, 32.6818345], [-17.0555792, 32.6816427], [-17.0558265, 32.6814642], [-17.056086, 32.6813039], [-17.0562281, 32.6812427], [-17.0563817, 32.6811823], [-17.0565741, 32.6811206], [-17.056716, 32.6810888], [-17.0569219, 32.6810367]]}, "properties": {"highway": "primary", "image": "http://storage2.openstreetcam.org/files/photo/2016/11/3/lth/26500_a9b9c_581a77a9335bd.jpg", "lanes": "2", "lit": "yes", "maxspeed": "70", "name": "Via Expresso 3", "oneway": "yes", "ref": "VE3", "sidewalk": "both", "surface": "asphalt", "survey:date": "2016-11-02", "tunnel:name": "Estrada Regional 101"}}, {"type": "Feature", "geometry": {"type": "LineString", "coordinates": [[-17.1926974, 32.7330482], [-17.1926959, 32.7331074]]}, "properties": {"highway": "primary", "junction": "roundabout", "lanes": "1", "lit": "yes", "maxspeed": "50", "name": "Rotunda do Estreito da Calheta", "ref": "VE3", "surface": "asphalt"}}, {"type": "Feature", "geometry": {"type": "LineString", "coordinates": [[-17.1947416, 32.7424342], [-17.1946543, 32.7421933]]}, "properties": {"highway": "primary", "lanes": "2", "lanes:backward": "1", "lanes:forward": "1", "lit": "yes", "maxspeed": "80", "name": "Via Expresso 3", "ref": "VE3", "surface": "asphalt", "turn:lanes:backward": "through", "turn:lanes:forward": "through"}}, {"type": "Feature", "geometry": {"type": "LineString", "coordinates": [[-17.1954406, 32.7347875], [-17.1953452, 32.734659], [-17.1952713, 32.7345761], [-17.1951903, 32.7344979], [-17.1951028, 32.734425], [-17.1950192, 32.7343645], [-17.194931, 32.7343087], [-17.1948387, 32.7342579], [-17.1947426, 32.7342123], [-17.1944551, 32.7341096], [-17.194039, 32.7339664], [-17.1938892, 32.7338997], [-17.1937665, 32.7338298], [-17.1936703, 32.733771]]}, "properties": {"highway": "primary", "lanes": "2", "lit": "yes", "maxspeed": "60", "name": "Via Expresso 3", "ref": "VE3"}}, {"type": "Feature", "geometry": {"type": "LineString", "coordinates": [[-17.0787541, 32.6772406], [-17.0788099, 32.67723], [-17.0788944, 32.6772268]]}, "properties": {"bridge": "yes", "check_date": "2025-07-01", "check_date:lit": "2025-07-01", "highway": "primary", "lanes": "1", "layer": "1", "lit": "yes", "mapillary": "3006819926236084", "maxspeed": "50", "maxweight:signed": "no", "name": "Via Expresso 3", "oneway": "yes", "ref": "VE3", "surface": "asphalt"}}, {"type": "Feature", "geometry": {"type": "LineString", "coordinates": [[-17.0638374, 32.6758058], [-17.0640137, 32.6755377], [-17.0641162, 32.6753663], [-17.0641509, 32.6752754], [-17.0641751, 32.6751264]]}, "properties": {"highway": "primary", "lanes": "2", "lit": "yes", "maxspeed": "50", "name": "Via Expresso 3", "oneway": "yes", "ref": "VE3", "sidewalk": "both", "surface": "asphalt"}}, {"type": "Feature", "geometry": {"type": "LineString", "coordinates": [[-17.1263975, 32.6944557], [-17.1264308, 32.6943777], [-17.1264493, 32.6943455], [-17.1264722, 32.6943014]]}, "properties": {"alt_name": "Via Expresso 3", "cycleway:both": "no", "highway": "primary", "lanes": "2", "maxspeed": "70", "name": "Via Expresso 3", "note": "assumed rough course", "oneway": "yes", "ref": "VE3", "surface": "asphalt"}}, {"type": "Feature", "geometry": {"type": "LineString", "coordinates": [[-17.2316188, 32.7911877], [-17.2316581, 32.791197], [-17.2316988, 32.7911997], [-17.2317393, 32.791196], [-17.2317783, 32.7911859]]}, "properties": {"highway": "primary", "junction": "roundabout", "lanes": "1", "lit": "yes", "maxspeed": "50", "name": "Rotunda da Lombada dos Marinheiros", "ref": "VE3", "surface": "asphalt"}}, {"type": "Feature", "geometry": {"type": "LineString", "coordinates": [[-17.2318977, 32.7909586], [-17.2318766, 32.7909224], [-17.2318465, 32.7908911], [-17.2318089, 32.7908662], [-17.2317657, 32.790849], [-17.231719, 32.7908402], [-17.2316711, 32.7908403]]}, "properties": {"highway": "primary", "junction": "roundabout", "lanes": "1", "lit": "yes", "maxspeed": "50", "name": "Rotunda da Lombada dos Marinheiros", "ref": "VE3", "surface": "asphalt"}}, {"type": "Feature", "geometry": {"type": "LineString", "coordinates": [[-17.1734868, 32.7261956], [-17.173462, 32.7261441], [-17.1734461, 32.7261052], [-17.1734307, 32.7260728], [-17.1734168, 32.7260415]]}, "properties": {"highway": "primary", "lanes": "1", "mapillary": "808642390057644", "name": "Via Expresso 3", "oneway": "yes", "ref": "VE3", "surface": "asphalt", "survey:date": "2018-01-28"}}, {"type": "Feature", "geometry": {"type": "LineString", "coordinates": [[-17.1732767, 32.7261384], [-17.1733306, 32.7261492], [-17.173383, 32.7261605], [-17.1734295, 32.7261731], [-17.1734868, 32.7261956]]}, "properties": {"destination": "Faj\u0101 da Ovelha;Prazeres;Estreito da Calheta", "highway": "primary", "lanes": "1", "mapillary": "808642390057644", "name": "Via Expresso 3", "oneway": "yes", "ref": "VE3", "surface": "asphalt", "survey:date": "2018-01-28"}}, {"type": "Feature", "geometry": {"type": "LineString", "coordinates": [[-17.1541584, 32.7124082], [-17.1538008, 32.712029]]}, "properties": {"bridge": "yes", "highway": "primary", "lanes": "2", "layer": "1", "mapillary": "854106209469612", "name": "Via Expresso 3", "ref": "VE3", "survey:date": "2024-07-20"}}, {"type": "Feature", "geometry": {"type": "LineString", "coordinates": [[-17.1019663, 32.6815012], [-17.1018937, 32.6814987]]}, "properties": {"alt_name": "Rotunda da Ponta do Sol", "highway": "primary", "junction": "roundabout", "lanes": "2", "lit": "yes", "maxspeed": "50", "name": "Rotunda do V Centen\u00e1rio", "ref": "VE3", "smoothness": "excellent", "surface": "asphalt"}}, {"type": "Feature", "geometry": {"type": "LineString", "coordinates": [[-17.1017698, 32.6815493], [-17.1017318, 32.6815913], [-17.1017097, 32.6816407], [-17.1017054, 32.6816934], [-17.1017192, 32.6817449], [-17.1017499, 32.6817909]]}, "properties": {"alt_name": "Rotunda da Ponta do Sol", "highway": "primary", "junction": "roundabout", "lanes": "2", "lit": "yes", "maxspeed": "50", "name": "Rotunda do V Centen\u00e1rio", "ref": "VE3", "smoothness": "excellent", "surface": "asphalt"}}, {"type": "Feature", "geometry": {"type": "LineString", "coordinates": [[-17.1020938, 32.6815692], [-17.1020582, 32.6815382], [-17.1020149, 32.6815151], [-17.1019663, 32.6815012]]}, "properties": {"alt_name": "Rotunda da Ponta do Sol", "highway": "primary", "junction": "roundabout", "lanes": "2", "lit": "yes", "maxspeed": "50", "name": "Rotunda do V Centen\u00e1rio", "ref": "VE3", "smoothness": "excellent", "surface": "asphalt"}}, {"type": "Feature", "geometry": {"type": "LineString", "coordinates": [[-17.1021374, 32.6816931], [-17.102135, 32.6816492], [-17.1021201, 32.6816071], [-17.1020938, 32.6815692]]}, "properties": {"alt_name": "Rotunda da Ponta do Sol", "highway": "primary", "junction": "roundabout", "lanes": "2", "lit": "yes", "maxspeed": "50", "name": "Rotunda do V Centen\u00e1rio", "ref": "VE3", "smoothness": "excellent", "surface": "asphalt"}}, {"type": "Feature", "geometry": {"type": "LineString", "coordinates": [[-17.1020507, 32.6818265], [-17.1020992, 32.6817837], [-17.1021255, 32.6817405], [-17.1021374, 32.6816931]]}, "properties": {"alt_name": "Rotunda da Ponta do Sol", "highway": "primary", "junction": "roundabout", "lanes": "2", "lit": "yes", "maxspeed": "50", "name": "Rotunda do V Centen\u00e1rio", "ref": "VE3", "smoothness": "excellent", "surface": "asphalt"}}, {"type": "Feature", "geometry": {"type": "LineString", "coordinates": [[-17.1019469, 32.6818653], [-17.1019692, 32.6818596], [-17.1020162, 32.6818435], [-17.1020507, 32.6818265]]}, "properties": {"alt_name": "Rotunda da Ponta do Sol", "highway": "primary", "junction": "roundabout", "lanes": "2", "lit": "yes", "maxspeed": "50", "name": "Rotunda do V Centen\u00e1rio", "ref": "VE3", "smoothness": "excellent", "surface": "asphalt"}}, {"type": "Feature", "geometry": {"type": "LineString", "coordinates": [[-17.1017499, 32.6817909], [-17.1017955, 32.6818279], [-17.1018518, 32.6818522], [-17.1019469, 32.6818653]]}, "properties": {"alt_name": "Rotunda da Ponta do Sol", "highway": "primary", "junction": "roundabout", "lanes": "2", "lit": "yes", "maxspeed": "50", "name": "Rotunda do V Centen\u00e1rio", "ref": "VE3", "smoothness": "excellent", "surface": "asphalt"}}, {"type": "Feature", "geometry": {"type": "LineString", "coordinates": [[-17.0790098, 32.6772755], [-17.0789389, 32.6772449]]}, "properties": {"check_date": "2025-07-01", "check_date:lit": "2025-07-01", "highway": "primary", "lanes": "2", "lit": "yes", "maxspeed": "70", "name": "Via Expresso 3", "ref": "VE3", "surface": "asphalt"}}, {"type": "Feature", "geometry": {"type": "LineString", "coordinates": [[-17.0577775, 32.6794394], [-17.0576862, 32.6794686], [-17.0576138, 32.6795026], [-17.05751, 32.6795723]]}, "properties": {"highway": "primary", "lanes": "2", "lit": "yes", "mapillary": "187649666420788", "name": "Via Expresso 3", "oneway": "yes", "ref": "VE3", "sidewalk": "no", "surface": "asphalt", "survey:date": "2018-01-28"}}, {"type": "Feature", "geometry": {"type": "LineString", "coordinates": [[-17.1337176, 32.7056519], [-17.1333901, 32.7056482], [-17.1332847, 32.7056438], [-17.13318, 32.7056322], [-17.1330768, 32.7056136], [-17.1329756, 32.7055881], [-17.1328773, 32.7055558], [-17.1327824, 32.705517], [-17.1326858, 32.7054687], [-17.1325945, 32.7054136], [-17.1325091, 32.7053521], [-17.1324303, 32.7052847], [-17.1323587, 32.7052118], [-17.1322947, 32.7051341], [-17.1322389, 32.705052], [-17.1304187, 32.702787], [-17.1269867, 32.6986535], [-17.126103, 32.697589], [-17.1260159, 32.6974835], [-17.1259373, 32.6973734], [-17.1258678, 32.6972591], [-17.1258074, 32.6971411], [-17.1257566, 32.69702], [-17.1257156, 32.6968963], [-17.1256845, 32.6967706], [-17.1256634, 32.6966434], [-17.1256526, 32.6965152], [-17.125652, 32.6963861], [-17.1256617, 32.6962572], [-17.1256817, 32.6961292], [-17.1257119, 32.6960026], [-17.1257522, 32.6958779], [-17.1258023, 32.6957559], [-17.1258622, 32.695637], [-17.1259314, 32.6955217], [-17.1262914, 32.6950655], [-17.1263297, 32.6949852], [-17.1263603, 32.6949027], [-17.1263832, 32.6948184], [-17.1263935, 32.6947241], [-17.1263974, 32.6945865], [-17.1263968, 32.6944902]]}, "properties": {"alt_name": "Via Expresso 3", "cycleway:both": "no", "headlight": "required", "highway": "primary", "lanes": "2", "layer": "-1", "maxheight": "4.5", "maxspeed": "70", "name": "Via Expresso 3", "note": "assumed rough course", "ref": "VE3", "surface": "asphalt", "tunnel": "yes", "tunnel:name": "T\u00fanel da Madalena do Mar"}}, {"type": "Feature", "geometry": {"type": "LineString", "coordinates": [[-17.2290426, 32.7873465], [-17.22842, 32.7864831], [-17.2281467, 32.7860888]]}, "properties": {"bridge": "yes", "highway": "primary", "lanes": "2", "layer": "1", "lit": "yes", "maxspeed": "70", "name": "Via Expresso 3", "ref": "VE3", "surface": "asphalt"}}, {"type": "Feature", "geometry": {"type": "LineString", "coordinates": [[-17.1021977, 32.681796], [-17.1021374, 32.6816931]]}, "properties": {"highway": "primary", "lanes": "1", "lit": "yes", "maxspeed": "50", "name": "Via Expresso 3", "oneway": "yes", "ref": "VE3", "smoothness": "excellent", "source:maxspeed": "sign", "surface": "asphalt"}}, {"type": "Feature", "geometry": {"type": "LineString", "coordinates": [[-17.1021955, 32.6818401], [-17.1022397, 32.681847]]}, "properties": {"bridge": "yes", "highway": "primary", "lanes": "1", "layer": "1", "maxspeed": "50", "maxweight:signed": "no", "name": "Via Expresso 3", "oneway": "yes", "ref": "VE3", "smoothness": "excellent", "source:maxspeed": "sign", "surface": "asphalt"}}, {"type": "Feature", "geometry": {"type": "LineString", "coordinates": [[-17.1339904, 32.7055534], [-17.1339824, 32.7055559], [-17.1339323, 32.7055767], [-17.1338942, 32.7056111], [-17.1338732, 32.7056547]]}, "properties": {"check_date": "2025-03-13", "check_date:surface": "2025-03-13", "cycleway:both": "no", "highway": "primary", "junction": "roundabout", "lanes": "1", "mapillary": "197903295499530", "name": "Rotundada Madalena do Mar", "ref": "VE3", "surface": "asphalt"}}, {"type": "Feature", "geometry": {"type": "LineString", "coordinates": [[-17.1340928, 32.7057977], [-17.1341302, 32.7057759], [-17.1341585, 32.7057459], [-17.1341792, 32.705699]]}, "properties": {"cycleway:both": "no", "highway": "primary", "junction": "roundabout", "lanes": "1", "name": "Rotundada Madalena do Mar", "ref": "VE3", "surface": "asphalt", "survey:date": "2016-11-02"}}, {"type": "Feature", "geometry": {"type": "LineString", "coordinates": [[-17.1338732, 32.7056547], [-17.1337176, 32.7056519]]}, "properties": {"alt_name": "Via Expresso 3", "cycleway:both": "no", "highway": "primary", "lanes": "2", "maxspeed": "70", "name": "Via Expresso 3", "ref": "VE3", "surface": "asphalt"}}, {"type": "Feature", "geometry": {"type": "LineString", "coordinates": [[-17.0789389, 32.6772449], [-17.0788944, 32.6772268]]}, "properties": {"bridge": "yes", "check_date": "2025-07-01", "check_date:lit": "2025-07-01", "highway": "primary", "lanes": "2", "layer": "1", "lit": "yes", "mapillary": "815532485727126", "maxspeed": "70", "maxweight:signed": "no", "name": "Via Expresso 3", "ref": "VE3", "surface": "asphalt"}}, {"type": "Feature", "geometry": {"type": "LineString", "coordinates": [[-17.1023601, 32.6819219], [-17.1024067, 32.6819539]]}, "properties": {"highway": "primary", "lanes": "2", "lit": "yes", "maxspeed": "50", "name": "Via Expresso 3", "ref": "VE3", "source:maxspeed": "sign", "surface": "asphalt"}}, {"type": "Feature", "geometry": {"type": "LineString", "coordinates": [[-17.2166151, 32.7700074], [-17.2167983, 32.770407], [-17.2168906, 32.7705857], [-17.2169934, 32.7707442]]}, "properties": {"highway": "primary", "lanes": "2", "lit": "yes", "maxspeed": "70", "name": "Via Expresso 3", "ref": "VE3", "surface": "asphalt"}}, {"type": "Feature", "geometry": {"type": "LineString", "coordinates": [[-17.1734168, 32.7260415], [-17.1734334, 32.7259931], [-17.1734327, 32.7259427]]}, "properties": {"highway": "primary", "junction": "roundabout", "lanes": "2", "name": "Rotunda da Calheta", "ref": "VE3", "surface": "asphalt"}}, {"type": "Feature", "geometry": {"type": "LineString", "coordinates": [[-17.1261099, 32.6940806], [-17.1261436, 32.6941418], [-17.1262025, 32.6942052]]}, "properties": {"highway": "primary", "image": "http://storage2.openstreetcam.org/files/photo/2016/10/30/lth/26140_987eb_5815fa798967a.jpg", "junction": "roundabout", "lanes": "2", "name": "Rotunda do Passo", "ref": "VE3", "surface": "asphalt", "survey:date": "2016-10-30"}}, {"type": "Feature", "geometry": {"type": "LineString", "coordinates": [[-17.2325425, 32.7949162], [-17.2327514, 32.7956458], [-17.2330475, 32.7966903], [-17.2332001, 32.7972699]]}, "properties": {"highway": "primary", "lanes": "2", "lit": "yes", "maxspeed": "70", "name": "Via Expresso 3", "ref": "VE3", "surface": "asphalt"}}, {"type": "Feature", "geometry": {"type": "LineString", "coordinates": [[-17.2316907, 32.7913066], [-17.2317056, 32.7915509], [-17.2317923, 32.7919146], [-17.2325425, 32.7949162]]}, "properties": {"headlight": "required", "highway": "primary", "lanes": "2", "layer": "-1", "lit": "24/7", "maxspeed": "70", "name": "Via Expresso 3", "ref": "VE3", "surface": "asphalt", "tunnel": "yes", "tunnel:name": "T\u00fanel do Lombo"}}, {"type": "Feature", "geometry": {"type": "LineString", "coordinates": [[-17.2316188, 32.7911877], [-17.2316907, 32.7913066]]}, "properties": {"destination": "Porto Moniz;Ponta do Pargo", "highway": "primary", "lanes": "1", "lit": "yes", "maxspeed": "50", "name": "Via Expresso 3", "oneway": "yes", "ref": "VE3", "surface": "asphalt"}}, {"type": "Feature", "geometry": {"type": "LineString", "coordinates": [[-17.2366891, 32.8023678], [-17.23671, 32.8022989], [-17.2366979, 32.8022286]]}, "properties": {"highway": "primary", "junction": "roundabout", "lanes": "2", "lit": "yes", "maxspeed": "50", "name": "Rotunda do Amparo", "ref": "VE3", "surface": "asphalt"}}, {"type": "Feature", "geometry": {"type": "LineString", "coordinates": [[-17.2363943, 32.8024509], [-17.2364328, 32.8024844], [-17.2364669, 32.8025211], [-17.2364964, 32.8025605], [-17.2365262, 32.8026136], [-17.2365476, 32.8026695], [-17.2365654, 32.8027172]]}, "properties": {"destination": "Porto Moniz;Ponta do Pargo", "highway": "primary", "lanes": "1", "lit": "yes", "maxspeed": "50", "name": "Via Expresso 3", "oneway": "yes", "ref": "VE3", "surface": "asphalt"}}, {"type": "Feature", "geometry": {"type": "LineString", "coordinates": [[-17.2332001, 32.7972699], [-17.2333679, 32.7978541], [-17.2335008, 32.7982972], [-17.2336291, 32.7986885], [-17.233673, 32.7987938], [-17.233726, 32.7988961], [-17.2337881, 32.7989947], [-17.2338641, 32.7990958], [-17.2339496, 32.7991915]]}, "properties": {"bridge": "yes", "highway": "primary", "lanes": "2", "layer": "1", "lit": "yes", "maxspeed": "70", "name": "Via Expresso 3", "ref": "VE3", "sidewalk": "both", "surface": "asphalt"}}, {"type": "Feature", "geometry": {"type": "LineString", "coordinates": [[-17.2369205, 32.8045327], [-17.2370264, 32.8048354], [-17.237211, 32.805218], [-17.2374053, 32.8055317], [-17.2376592, 32.8059062]]}, "properties": {"highway": "primary", "lanes": "2", "lit": "yes", "maxspeed": "70", "name": "Via Expresso 3", "ref": "VE3", "sidewalk": "no", "surface": "asphalt"}}, {"type": "Feature", "geometry": {"type": "LineString", "coordinates": [[-17.2389987, 32.8077205], [-17.2395398, 32.8084251]]}, "properties": {"highway": "primary", "lanes": "2", "lit": "yes", "maxspeed": "70", "name": "Via Expresso 3", "ref": "VE3", "surface": "asphalt"}}, {"type": "Feature", "geometry": {"type": "LineString", "coordinates": [[-17.242195, 32.81064], [-17.2423307, 32.8108584], [-17.2424026, 32.8110358], [-17.2424653, 32.811216], [-17.2426182, 32.8116721], [-17.2428093, 32.8123224], [-17.2428845, 32.812488], [-17.2429499, 32.8125991], [-17.2430689, 32.8127304], [-17.2432372, 32.8128163], [-17.2434826, 32.8129075], [-17.2439045, 32.8130131]]}, "properties": {"highway": "primary", "lanes": "2", "lit": "yes", "maxspeed": "70", "name": "Via Expresso 3", "ref": "VE3", "surface": "asphalt"}}, {"type": "Feature", "geometry": {"type": "LineString", "coordinates": [[-17.2339496, 32.7991915], [-17.2340112, 32.7992643], [-17.2340771, 32.7993345], [-17.2341469, 32.7994019], [-17.2342474, 32.7994884], [-17.2343545, 32.7995691], [-17.2345684, 32.7997257], [-17.2351402, 32.8000859], [-17.2352643, 32.8001837], [-17.2355103, 32.8004185], [-17.2356444, 32.8005842], [-17.2357442, 32.8007415], [-17.2358733, 32.8009823]]}, "properties": {"highway": "primary", "lanes": "2", "lit": "yes", "maxspeed": "70", "name": "Via Expresso 3", "ref": "VE3", "sidewalk": "no", "surface": "asphalt"}}, {"type": "Feature", "geometry": {"type": "LineString", "coordinates": [[-17.2358733, 32.8009823], [-17.2359574, 32.8011624]]}, "properties": {"cutting": "yes", "highway": "primary", "lanes": "2", "lit": "yes", "maxspeed:backward": "70", "maxspeed:forward": "50", "name": "Via Expresso 3", "ref": "VE3", "sidewalk": "no", "surface": "asphalt"}}, {"type": "Feature", "geometry": {"type": "LineString", "coordinates": [[-17.2359574, 32.8011624], [-17.2363233, 32.8019159]]}, "properties": {"highway": "primary", "lanes": "2", "lit": "yes", "maxspeed:backward": "70", "maxspeed:forward": "50", "name": "Via Expresso 3", "ref": "VE3", "sidewalk": "no", "surface": "asphalt"}}, {"type": "Feature", "geometry": {"type": "LineString", "coordinates": [[-17.2363943, 32.8024509], [-17.2364442, 32.8024664], [-17.2364971, 32.8024712], [-17.2365499, 32.802465], [-17.2365992, 32.8024482]]}, "properties": {"highway": "primary", "junction": "roundabout", "lanes": "2", "lit": "yes", "maxspeed": "50", "name": "Rotunda do Amparo", "ref": "VE3", "surface": "asphalt"}}, {"type": "Feature", "geometry": {"type": "LineString", "coordinates": [[-17.2362996, 32.8023697], [-17.2363241, 32.8024022], [-17.2363561, 32.8024297], [-17.2363943, 32.8024509]]}, "properties": {"highway": "primary", "junction": "roundabout", "lanes": "2", "lit": "yes", "maxspeed": "50", "name": "Rotunda do Amparo", "ref": "VE3", "surface": "asphalt"}}, {"type": "Feature", "geometry": {"type": "LineString", "coordinates": [[-17.2362973, 32.8022128], [-17.2362793, 32.8022645], [-17.2362801, 32.8023184], [-17.2362996, 32.8023697]]}, "properties": {"highway": "primary", "junction": "roundabout", "lanes": "2", "lit": "yes", "maxspeed": "50", "name": "Rotunda do Amparo", "ref": "VE3", "surface": "asphalt"}}, {"type": "Feature", "geometry": {"type": "LineString", "coordinates": [[-17.2196877, 32.7769502], [-17.2196413, 32.776985], [-17.2196094, 32.7770298], [-17.2195947, 32.7770806]]}, "properties": {"highway": "primary", "junction": "roundabout", "lanes": "2", "lit": "yes", "maxspeed": "50", "name": "Rotunda da Lombada dos Cedros", "ref": "VE3", "source": "survey", "surface": "asphalt"}}, {"type": "Feature", "geometry": {"type": "LineString", "coordinates": [[-17.2199996, 32.7771394], [-17.2200063, 32.7770965], [-17.2200001, 32.7770537], [-17.2199816, 32.7770134], [-17.2199518, 32.7769782]]}, "properties": {"highway": "primary", "junction": "roundabout", "lanes": "2", "lit": "yes", "maxspeed": "50", "name": "Rotunda da Lombada dos Cedros", "ref": "VE3", "source": "survey", "surface": "asphalt"}}, {"type": "Feature", "geometry": {"type": "LineString", "coordinates": [[-17.2196939, 32.7772441], [-17.21972, 32.7772552], [-17.2197478, 32.7772632]]}, "properties": {"highway": "primary", "junction": "roundabout", "lanes": "2", "lit": "yes", "maxspeed": "50", "name": "Rotunda da Lombada dos Cedros", "ref": "VE3", "source": "survey", "surface": "asphalt"}}, {"type": "Feature", "geometry": {"type": "LineString", "coordinates": [[-17.0788944, 32.6772268], [-17.0787715, 32.6771818]]}, "properties": {"bridge": "yes", "check_date": "2025-07-01", "check_date:lit": "2025-07-01", "highway": "primary", "lanes": "1", "layer": "1", "lit": "yes", "mapillary": "3006819926236084", "maxspeed": "50", "maxweight:signed": "no", "name": "Via Expresso 3", "oneway": "yes", "ref": "VE3", "surface": "asphalt"}}, {"type": "Feature", "geometry": {"type": "LineString", "coordinates": [[-17.0786056, 32.6771558], [-17.0785839, 32.6771326], [-17.0785573, 32.6771131], [-17.078527, 32.6770981], [-17.0784938, 32.6770881], [-17.0784591, 32.6770834], [-17.0784239, 32.6770843]]}, "properties": {"check_date": "2025-07-01", "check_date:lit": "2025-07-01", "highway": "primary", "junction": "roundabout", "lanes": "2", "lit": "yes", "mapillary": "213023180367182", "name": "Rotunda da Tabua", "ref": "VE3", "surface": "asphalt"}}, {"type": "Feature", "geometry": {"type": "LineString", "coordinates": [[-17.1264722, 32.6943014], [-17.1265052, 32.6942823], [-17.126519, 32.6942637]]}, "properties": {"cycleway:both": "no", "highway": "primary", "image": "http://storage2.openstreetcam.org/files/photo/2016/10/30/lth/26140_dd8a3_5815fa7896e8d.jpg", "junction": "roundabout", "lanes": "2", "name": "Rotunda do Passo", "ref": "VE3", "surface": "asphalt", "survey:date": "2016-10-30"}}, {"type": "Feature", "geometry": {"type": "LineString", "coordinates": [[-17.1263508, 32.6943053], [-17.1263858, 32.6943107], [-17.1264243, 32.6943102], [-17.1264722, 32.6943014]]}, "properties": {"cycleway:both": "no", "highway": "primary", "image": "http://storage2.openstreetcam.org/files/photo/2016/10/30/lth/26140_987eb_5815fa798967a.jpg", "junction": "roundabout", "lanes": "2", "name": "Rotunda do Passo", "ref": "VE3", "surface": "asphalt", "survey:date": "2016-10-30"}}, {"type": "Feature", "geometry": {"type": "LineString", "coordinates": [[-17.1262826, 32.6939381], [-17.1262552, 32.6939311], [-17.1262269, 32.6939277], [-17.1261926, 32.6939287], [-17.1261592, 32.6939352]]}, "properties": {"cycleway:both": "no", "highway": "primary", "junction": "roundabout", "name": "Rotunda do Passo", "ref": "VE3", "surface": "asphalt"}}, {"type": "Feature", "geometry": {"type": "LineString", "coordinates": [[-17.1263508, 32.6943053], [-17.1263594, 32.6943335], [-17.1263749, 32.6943765], [-17.1263975, 32.6944557]]}, "properties": {"alt_name": "Via Expresso 3", "cycleway:both": "no", "highway": "primary", "lanes": "2", "maxspeed": "70", "name": "Via Expresso 3", "note": "assumed rough course", "oneway": "yes", "ref": "VE3", "surface": "asphalt"}}, {"type": "Feature", "geometry": {"type": "LineString", "coordinates": [[-17.1263968, 32.6944902], [-17.1263975, 32.6944557]]}, "properties": {"alt_name": "Via Expresso 3", "cycleway:both": "no", "highway": "primary", "lanes": "2", "maxspeed": "70", "name": "Via Expresso 3", "note": "assumed rough course", "ref": "VE3", "surface": "asphalt"}}, {"type": "Feature", "geometry": {"type": "LineString", "coordinates": [[-17.1261099, 32.6940806], [-17.1260871, 32.6941314], [-17.1260564, 32.6941793], [-17.1260145, 32.6942272], [-17.1259648, 32.6942694]]}, "properties": {"cycleway:both": "no", "highway": "primary", "lanes": "1", "name": "Via Expresso 3", "oneway": "yes", "ref": "VE3", "surface": "asphalt"}}, {"type": "Feature", "geometry": {"type": "LineString", "coordinates": [[-17.1259648, 32.6942694], [-17.1260862, 32.6942271], [-17.1261552, 32.6942146], [-17.1262025, 32.6942052]]}, "properties": {"cycleway:both": "no", "highway": "primary", "lanes": "1", "name": "Via Expresso 3", "oneway": "yes", "ref": "VE3", "surface": "asphalt"}}, {"type": "Feature", "geometry": {"type": "LineString", "coordinates": [[-17.2398027, 32.8086331], [-17.2397115, 32.8085888], [-17.2396386, 32.808521], [-17.2395398, 32.8084251]]}, "properties": {"destination": "Funchal", "highway": "primary", "lanes": "1", "lit": "yes", "maxspeed": "50", "name": "Via Expresso 3", "oneway": "yes", "ref": "VE3", "smoothness": "excellent", "surface": "asphalt"}}, {"type": "Feature", "geometry": {"type": "LineString", "coordinates": [[-17.2395398, 32.8084251], [-17.2395942, 32.8085493], [-17.2396259, 32.8086557], [-17.2396441, 32.8086969]]}, "properties": {"highway": "primary", "lanes": "1", "lit": "yes", "maxspeed": "50", "name": "Via Expresso 3", "oneway": "yes", "ref": "VE3", "smoothness": "excellent", "surface": "asphalt"}}, {"type": "Feature", "geometry": {"type": "LineString", "coordinates": [[-17.2448863, 32.8134476], [-17.2449357, 32.8134441], [-17.2449833, 32.8134312]]}, "properties": {"highway": "primary", "junction": "roundabout", "lanes": "1", "lit": "yes", "maxspeed": "50", "name": "Rotunda da Ponta do Pargo", "ref": "VE3", "surface": "asphalt"}}, {"type": "Feature", "geometry": {"type": "LineString", "coordinates": [[-17.244416, 32.8131369], [-17.2445133, 32.8131883], [-17.244621, 32.813243], [-17.2446778, 32.8132994]]}, "properties": {"highway": "primary", "lanes": "1", "lit": "yes", "maxspeed": "50", "name": "Via Expresso 3", "oneway": "yes", "ref": "VE3", "surface": "asphalt"}}, {"type": "Feature", "geometry": {"type": "LineString", "coordinates": [[-17.2447345, 32.8131361], [-17.2446765, 32.8131411], [-17.2446334, 32.8131435], [-17.2445316, 32.8131435], [-17.244416, 32.8131369]]}, "properties": {"highway": "primary", "lanes": "1", "lit": "yes", "maxspeed": "50", "name": "Via Expresso 3", "oneway": "yes", "ref": "VE3", "surface": "asphalt"}}, {"type": "Feature", "geometry": {"type": "LineString", "coordinates": [[-17.2448431, 32.8130842], [-17.244778, 32.8131067], [-17.2447432, 32.813129], [-17.2447345, 32.8131361]]}, "properties": {"highway": "primary", "junction": "roundabout", "lanes": "1", "lit": "yes", "maxspeed": "50", "name": "Rotunda da Ponta do Pargo", "ref": "VE3", "surface": "asphalt"}}, {"type": "Feature", "geometry": {"type": "LineString", "coordinates": [[-17.2446926, 32.8133384], [-17.2447158, 32.8133721], [-17.2447408, 32.8133962], [-17.244795, 32.8134283], [-17.2448378, 32.8134418], [-17.2448863, 32.8134476]]}, "properties": {"highway": "primary", "junction": "roundabout", "lanes": "1", "lit": "yes", "maxspeed": "50", "name": "Rotunda da Ponta do Pargo", "ref": "VE3", "surface": "asphalt"}}, {"type": "Feature", "geometry": {"type": "LineString", "coordinates": [[-17.2447345, 32.8131361], [-17.2446942, 32.8131856], [-17.2446772, 32.8132305], [-17.2446737, 32.8132603], [-17.2446778, 32.8132994]]}, "properties": {"highway": "primary", "junction": "roundabout", "lanes": "1", "lit": "yes", "maxspeed": "50", "name": "Rotunda da Ponta do Pargo", "ref": "VE3", "surface": "asphalt"}}, {"type": "Feature", "geometry": {"type": "LineString", "coordinates": [[-17.2451114, 32.8132738], [-17.2451076, 32.8132276], [-17.245089, 32.8131817], [-17.2450599, 32.8131445]]}, "properties": {"highway": "primary", "junction": "roundabout", "lanes": "1", "lit": "yes", "maxspeed": "50", "name": "Rotunda da Ponta do Pargo", "ref": "VE3", "surface": "asphalt"}}, {"type": "Feature", "geometry": {"type": "LineString", "coordinates": [[-17.2449833, 32.8134312], [-17.2450267, 32.8134092], [-17.24506, 32.8133824], [-17.2450968, 32.8133304], [-17.2451114, 32.8132738]]}, "properties": {"highway": "primary", "junction": "roundabout", "lanes": "1", "lit": "yes", "maxspeed": "50", "name": "Rotunda da Ponta do Pargo", "ref": "VE3", "surface": "asphalt"}}, {"type": "Feature", "geometry": {"type": "LineString", "coordinates": [[-17.2160831, 32.7694203], [-17.216107, 32.7694507], [-17.2161369, 32.7694771], [-17.2161718, 32.7694987], [-17.2162107, 32.7695148], [-17.2162523, 32.7695249]]}, "properties": {"highway": "primary", "junction": "roundabout", "lanes": "2", "lit": "yes", "maxspeed": "50", "name": "Rotunda da Raposeira", "ref": "VE3", "sidewalk": "no", "surface": "asphalt", "survey:date": "2016-11-01"}}, {"type": "Feature", "geometry": {"type": "LineString", "coordinates": [[-17.2165449, 32.7693279], [-17.2165434, 32.7692983], [-17.2165368, 32.7692693], [-17.2165254, 32.7692413], [-17.2165094, 32.769215], [-17.2164891, 32.7691909]]}, "properties": {"highway": "primary", "junction": "roundabout", "lanes": "2", "lit": "yes", "maxspeed": "50", "name": "Rotunda da Raposeira", "ref": "VE3", "sidewalk": "no", "surface": "asphalt", "survey:date": "2016-11-02"}}, {"type": "Feature", "geometry": {"type": "LineString", "coordinates": [[-17.2376592, 32.8059062], [-17.2377653, 32.806072], [-17.2378729, 32.8062372], [-17.2381543, 32.8066277], [-17.2387258, 32.8073581]]}, "properties": {"bridge": "yes", "highway": "primary", "lanes": "2", "layer": "1", "lit": "yes", "maxspeed": "70", "name": "Via Expresso 3", "ref": "VE3", "surface": "asphalt"}}, {"type": "Feature", "geometry": {"type": "LineString", "coordinates": [[-17.2031843, 32.7569375], [-17.2031051, 32.7570806], [-17.2030381, 32.7572476], [-17.2030197, 32.7573155]]}, "properties": {"bridge": "yes", "highway": "primary", "lanes": "1", "layer": "1", "lit": "yes", "mapillary": "308708710833541", "maxspeed": "60", "maxspeed:type": "sign", "name": "Via Expresso 3", "oneway": "yes", "ref": "VE3", "surface": "asphalt", "survey:date": "2016-04-30"}}, {"type": "Feature", "geometry": {"type": "LineString", "coordinates": [[-17.2032448, 32.7570063], [-17.2034378, 32.7567426]]}, "properties": {"highway": "primary", "lanes": "1", "lit": "yes", "maxspeed": "60", "maxspeed:type": "sign", "name": "Via Expresso 3", "oneway": "yes", "ref": "VE3", "surface": "asphalt", "survey:date": "2016-11-02"}}, {"type": "Feature", "geometry": {"type": "LineString", "coordinates": [[-17.2069902, 32.7542335], [-17.2072738, 32.7541755], [-17.2076012, 32.7541113], [-17.2082834, 32.7539745], [-17.209337, 32.7537372], [-17.2096016, 32.753674]]}, "properties": {"highway": "primary", "lanes": "2", "lit": "yes", "mapillary": "1690768971811804", "maxspeed": "80", "maxspeed:type": "sign", "name": "Via Expresso 3", "ref": "VE3", "surface": "asphalt", "survey:date": "2025-05-21"}}, {"type": "Feature", "geometry": {"type": "LineString", "coordinates": [[-17.2414107, 32.8098354], [-17.2416126, 32.8099868], [-17.2417956, 32.8101409], [-17.241956, 32.810301], [-17.2420543, 32.8104203]]}, "properties": {"bridge": "yes", "highway": "primary", "lanes": "2", "layer": "1", "lit": "yes", "maxheight": "3", "maxspeed": "70", "name": "Via Expresso 3", "ref": "VE3", "shoulder": "no", "smoothness": "good", "surface": "asphalt"}}, {"type": "Feature", "geometry": {"type": "LineString", "coordinates": [[-17.2402571, 32.8090895], [-17.2405126, 32.8092567], [-17.2407424, 32.8094046], [-17.2414107, 32.8098354]]}, "properties": {"highway": "primary", "lanes": "2", "lit": "yes", "maxspeed": "70", "name": "Via Expresso 3", "ref": "VE3", "smoothness": "excellent", "surface": "asphalt"}}, {"type": "Feature", "geometry": {"type": "LineString", "coordinates": [[-17.2365847, 32.8028139], [-17.2366561, 32.8031919], [-17.2367015, 32.8034661], [-17.2367526, 32.8037309], [-17.236817, 32.8040798], [-17.2368641, 32.8043072], [-17.2369205, 32.8045327]]}, "properties": {"bridge": "yes", "highway": "primary", "lanes": "2", "layer": "1", "lit": "yes", "name": "Via Expresso 3", "ref": "VE3", "sidewalk": "both", "surface": "asphalt"}}, {"type": "Feature", "geometry": {"type": "LineString", "coordinates": [[-17.2365654, 32.8027172], [-17.2365847, 32.8028139]]}, "properties": {"highway": "primary", "lanes": "2", "lit": "yes", "maxspeed": "70", "name": "Via Expresso 3", "ref": "VE3", "surface": "asphalt"}}, {"type": "Feature", "geometry": {"type": "LineString", "coordinates": [[-17.2365654, 32.8027172], [-17.236578, 32.8025812], [-17.2365884, 32.8025238], [-17.2365992, 32.8024482]]}, "properties": {"highway": "primary", "lanes": "1", "lit": "yes", "maxspeed": "50", "name": "Via Expresso 3", "oneway": "yes", "ref": "VE3", "sidewalk": "no", "surface": "asphalt"}}, {"type": "Feature", "geometry": {"type": "LineString", "coordinates": [[-17.2365992, 32.8024482], [-17.2366368, 32.8024259], [-17.2366665, 32.8023991], [-17.2366891, 32.8023678]]}, "properties": {"highway": "primary", "junction": "roundabout", "lanes": "2", "lit": "yes", "maxspeed": "50", "name": "Rotunda do Amparo", "ref": "VE3", "surface": "asphalt"}}, {"type": "Feature", "geometry": {"type": "LineString", "coordinates": [[-17.2397226, 32.8089915], [-17.2397533, 32.8089952], [-17.239798, 32.8090044], [-17.2398545, 32.8090044], [-17.2399211, 32.8089862]]}, "properties": {"highway": "primary", "junction": "roundabout", "lanes": "2", "lit": "yes", "maxspeed": "50", "name": "Rotunda do Sal\u00e3o", "ref": "VE3", "smoothness": "excellent", "surface": "asphalt"}}, {"type": "Feature", "geometry": {"type": "LineString", "coordinates": [[-17.2398027, 32.8086331], [-17.239767, 32.8086371], [-17.2397324, 32.8086457], [-17.2396999, 32.8086588], [-17.2396702, 32.808676], [-17.2396441, 32.8086969]]}, "properties": {"highway": "primary", "junction": "roundabout", "lanes": "2", "lit": "yes", "maxspeed": "50", "name": "Rotunda do Sal\u00e3o", "ref": "VE3", "smoothness": "excellent", "surface": "asphalt"}}, {"type": "Feature", "geometry": {"type": "LineString", "coordinates": [[-17.2396033, 32.8088565], [-17.2396326, 32.8089232], [-17.2396762, 32.8089617], [-17.2397226, 32.8089915]]}, "properties": {"highway": "primary", "junction": "roundabout", "lanes": "2", "lit": "yes", "maxspeed": "50", "name": "Rotunda do Sal\u00e3o", "ref": "VE3", "smoothness": "excellent", "surface": "asphalt"}}, {"type": "Feature", "geometry": {"type": "LineString", "coordinates": [[-17.2402571, 32.8090895], [-17.2401578, 32.809003], [-17.2400491, 32.8088964], [-17.2400306, 32.8088687]]}, "properties": {"highway": "primary", "lanes": "1", "lit": "yes", "maxspeed": "50", "name": "Via Expresso 3", "oneway": "yes", "ref": "VE3", "smoothness": "excellent", "surface": "asphalt"}}, {"type": "Feature", "geometry": {"type": "LineString", "coordinates": [[-17.2399211, 32.8089862], [-17.240036, 32.8090094], [-17.2401217, 32.8090327], [-17.2402571, 32.8090895]]}, "properties": {"destination": "Porto Moniz;Ponta do Pargo", "highway": "primary", "lanes": "1", "lit": "yes", "maxspeed": "50", "name": "Via Expresso 3", "oneway": "yes", "ref": "VE3", "smoothness": "excellent", "surface": "asphalt"}}, {"type": "Feature", "geometry": {"type": "LineString", "coordinates": [[-17.2400306, 32.8088687], [-17.2400268, 32.8087919], [-17.240009, 32.8087353]]}, "properties": {"highway": "primary", "junction": "roundabout", "lanes": "2", "lit": "yes", "maxspeed": "50", "name": "Rotunda do Sal\u00e3o", "ref": "VE3", "smoothness": "excellent", "surface": "asphalt"}}, {"type": "Feature", "geometry": {"type": "LineString", "coordinates": [[-17.2399211, 32.8089862], [-17.2399686, 32.8089513], [-17.2400021, 32.8089224], [-17.2400306, 32.8088687]]}, "properties": {"highway": "primary", "junction": "roundabout", "lanes": "2", "lit": "yes", "maxspeed": "50", "name": "Rotunda do Sal\u00e3o", "ref": "VE3", "smoothness": "excellent", "surface": "asphalt"}}, {"type": "Feature", "geometry": {"type": "LineString", "coordinates": [[-17.240009, 32.8087353], [-17.2399836, 32.8086957], [-17.2399461, 32.8086637], [-17.2398972, 32.8086478]]}, "properties": {"highway": "primary", "junction": "roundabout", "lanes": "2", "lit": "yes", "maxspeed": "50", "name": "Rotunda do Sal\u00e3o", "ref": "VE3", "smoothness": "excellent", "surface": "asphalt"}}, {"type": "Feature", "geometry": {"type": "LineString", "coordinates": [[-17.2396441, 32.8086969], [-17.2396051, 32.8087576], [-17.2395957, 32.8088058], [-17.2396033, 32.8088565]]}, "properties": {"highway": "primary", "junction": "roundabout", "lanes": "2", "lit": "yes", "maxspeed": "50", "name": "Rotunda do Sal\u00e3o", "ref": "VE3", "smoothness": "excellent", "surface": "asphalt"}}, {"type": "Feature", "geometry": {"type": "LineString", "coordinates": [[-17.2365074, 32.8021076], [-17.2364588, 32.8021097], [-17.2364119, 32.8021208], [-17.2363692, 32.8021404], [-17.2363328, 32.8021676]]}, "properties": {"highway": "primary", "junction": "roundabout", "lanes": "2", "lit": "yes", "maxspeed": "50", "name": "Rotunda do Amparo", "ref": "VE3", "surface": "asphalt"}}, {"type": "Feature", "geometry": {"type": "LineString", "coordinates": [[-17.2365074, 32.8021076], [-17.2364478, 32.8020493], [-17.2363233, 32.8019159]]}, "properties": {"destination": "Funchal", "highway": "primary", "lanes": "1", "lit": "yes", "maxspeed": "50", "name": "Via Expresso 3", "oneway": "yes", "ref": "VE3", "sidewalk": "no", "surface": "asphalt"}}, {"type": "Feature", "geometry": {"type": "LineString", "coordinates": [[-17.2363233, 32.8019159], [-17.2363481, 32.8020386], [-17.2363497, 32.8020679], [-17.2363483, 32.8020973], [-17.2363427, 32.8021328], [-17.2363328, 32.8021676]]}, "properties": {"highway": "primary", "lanes": "1", "lit": "yes", "maxspeed": "50", "name": "Via Expresso 3", "oneway": "yes", "ref": "VE3", "sidewalk": "no", "surface": "asphalt"}}, {"type": "Feature", "geometry": {"type": "LineString", "coordinates": [[-17.2366979, 32.8022286], [-17.2366685, 32.8021818], [-17.2366243, 32.8021441], [-17.2365691, 32.8021186], [-17.2365074, 32.8021076]]}, "properties": {"highway": "primary", "junction": "roundabout", "lanes": "2", "lit": "yes", "maxspeed": "50", "name": "Rotunda do Amparo", "ref": "VE3", "surface": "asphalt"}}, {"type": "Feature", "geometry": {"type": "LineString", "coordinates": [[-17.2160714, 32.7688466], [-17.2161293, 32.7689603]]}, "properties": {"highway": "primary", "lanes": "1", "lit": "yes", "maxspeed": "50", "name": "Via Expresso 3", "ref": "VE3", "sidewalk": "no", "surface": "asphalt", "survey:date": "2016-11-01"}}, {"type": "Feature", "geometry": {"type": "LineString", "coordinates": [[-17.2161293, 32.7689603], [-17.2161383, 32.7690191], [-17.2161383, 32.7690783], [-17.2161305, 32.7691324], [-17.2161153, 32.7691853]]}, "properties": {"highway": "primary", "lanes": "1", "lit": "yes", "maxspeed": "50", "name": "Via Expresso 3", "oneway": "yes", "ref": "VE3", "sidewalk": "no", "surface": "asphalt", "survey:date": "2016-11-01"}}, {"type": "Feature", "geometry": {"type": "LineString", "coordinates": [[-17.2161153, 32.7691853], [-17.2160884, 32.7692161], [-17.2160688, 32.7692505], [-17.2160572, 32.7692874]]}, "properties": {"highway": "primary", "junction": "roundabout", "lanes": "2", "lit": "yes", "maxspeed": "50", "name": "Rotunda da Raposeira", "ref": "VE3", "sidewalk": "no", "surface": "asphalt", "survey:date": "2016-11-02"}}, {"type": "Feature", "geometry": {"type": "LineString", "coordinates": [[-17.2096016, 32.753674], [-17.2097321, 32.7536673], [-17.2098374, 32.7536692], [-17.2099271, 32.7536701]]}, "properties": {"highway": "primary", "lanes": "1", "lit": "yes", "maxspeed": "50", "maxspeed:type": "sign", "name": "Via Expresso 3", "oneway": "yes", "ref": "VE3", "surface": "asphalt"}}, {"type": "Feature", "geometry": {"type": "LineString", "coordinates": [[-17.2099026, 32.753513], [-17.2096016, 32.753674]]}, "properties": {"highway": "primary", "lanes": "1", "lit": "yes", "maxspeed": "80", "maxspeed:type": "sign", "name": "Via Expresso 3", "oneway": "yes", "ref": "VE3", "surface": "asphalt"}}, {"type": "Feature", "geometry": {"type": "LineString", "coordinates": [[-17.2099026, 32.753513], [-17.2098943, 32.7535666], [-17.2099026, 32.7536201], [-17.2099271, 32.7536701]]}, "properties": {"highway": "primary", "junction": "roundabout", "lanes": "2", "lit": "yes", "mapillary": "280717000373870", "maxspeed": "50", "maxspeed:type": "sign", "name": "Rotunda dos Prazeres", "ref": "VE3", "surface": "asphalt", "survey:date": "2016-01-26"}}, {"type": "Feature", "geometry": {"type": "LineString", "coordinates": [[-17.2102311, 32.7537629], [-17.2102582, 32.7537498], [-17.2102993, 32.7537265], [-17.2103341, 32.7536967], [-17.2103612, 32.7536618], [-17.2103794, 32.7536229], [-17.2103892, 32.7536054], [-17.2103938, 32.7535863]]}, "properties": {"highway": "primary", "junction": "roundabout", "lanes": "2", "lit": "yes", "mapillary": "1326972189205431", "maxspeed": "50", "name": "Rotunda dos Prazeres", "ref": "VE3", "surface": "asphalt", "survey:date": "2025-12-21"}}, {"type": "Feature", "geometry": {"type": "LineString", "coordinates": [[-17.2103938, 32.7535863], [-17.2105802, 32.7534979], [-17.2107673, 32.7534114]]}, "properties": {"highway": "primary", "lanes": "1", "lit": "yes", "maxspeed": "80", "maxspeed:type": "sign", "name": "Via Expresso 3", "oneway": "yes", "ref": "VE3", "surface": "asphalt"}}, {"type": "Feature", "geometry": {"type": "LineString", "coordinates": [[-17.2107673, 32.7534114], [-17.2104373, 32.7534429], [-17.2103743, 32.7534377], [-17.210316, 32.7534193]]}, "properties": {"highway": "primary", "lanes": "1", "lit": "yes", "maxspeed": "50", "maxspeed:type": "sign", "name": "Via Expresso 3", "oneway": "yes", "ref": "VE3", "surface": "asphalt"}}, {"type": "Feature", "geometry": {"type": "LineString", "coordinates": [[-17.2101826, 32.7533615], [-17.2101396, 32.7533586], [-17.2100966, 32.7533621], [-17.210055, 32.7533718], [-17.210016, 32.7533874]]}, "properties": {"highway": "primary", "image": "http://storage2.openstreetcam.org/files/photo/2016/11/3/lth/26500_35eee_581a7665316af.jpg", "junction": "roundabout", "lanes": "2", "lit": "yes", "maxspeed": "50", "name": "Rotunda dos Prazeres", "ref": "VE3", "surface": "asphalt", "survey:date": "2016-11-02"}}, {"type": "Feature", "geometry": {"type": "LineString", "coordinates": [[-17.2316907, 32.7913066], [-17.231729, 32.7912466], [-17.2317783, 32.7911859]]}, "properties": {"highway": "primary", "lanes": "1", "lit": "yes", "maxspeed": "50", "name": "Via Expresso 3", "oneway": "yes", "ref": "VE3", "surface": "asphalt"}}, {"type": "Feature", "geometry": {"type": "LineString", "coordinates": [[-17.2317783, 32.7911859], [-17.2318047, 32.7911748], [-17.231829, 32.7911607], [-17.2318509, 32.791144]]}, "properties": {"highway": "primary", "junction": "roundabout", "lanes": "1", "lit": "yes", "maxspeed": "50", "name": "Rotunda da Lombada dos Marinheiros", "ref": "VE3", "surface": "asphalt"}}, {"type": "Feature", "geometry": {"type": "LineString", "coordinates": [[-17.2318509, 32.791144], [-17.2318864, 32.791102], [-17.2318989, 32.7910773], [-17.2319069, 32.7910513], [-17.2319102, 32.7910246], [-17.2319076, 32.7909911], [-17.2318977, 32.7909586]]}, "properties": {"highway": "primary", "junction": "roundabout", "lanes": "1", "lit": "yes", "maxspeed": "50", "name": "Rotunda da Lombada dos Marinheiros", "ref": "VE3", "surface": "asphalt"}}, {"type": "Feature", "geometry": {"type": "LineString", "coordinates": [[-17.2316711, 32.7908403], [-17.2314915, 32.7907245]]}, "properties": {"destination": "Funchal;Faj\u00e3 da Ovelha", "highway": "primary", "lanes": "1", "lit": "yes", "maxspeed": "50", "name": "Via Expresso 3", "oneway": "yes", "ref": "VE3", "surface": "asphalt"}}, {"type": "Feature", "geometry": {"type": "LineString", "coordinates": [[-17.2316711, 32.7908403], [-17.2316349, 32.7908465], [-17.2316005, 32.7908579], [-17.2315689, 32.790874], [-17.231541, 32.7908945]]}, "properties": {"highway": "primary", "junction": "roundabout", "lanes": "1", "lit": "yes", "maxspeed": "50", "name": "Rotunda da Lombada dos Marinheiros", "ref": "VE3", "surface": "asphalt"}}, {"type": "Feature", "geometry": {"type": "LineString", "coordinates": [[-17.2199735, 32.7775212], [-17.2199644, 32.777432], [-17.2199587, 32.777336], [-17.2199652, 32.7772663], [-17.2199706, 32.777193]]}, "properties": {"highway": "primary", "lanes": "1", "lit": "yes", "maxspeed": "50", "name": "Via Expresso 3", "oneway": "yes", "ref": "VE3", "surface": "asphalt"}}, {"type": "Feature", "geometry": {"type": "LineString", "coordinates": [[-17.2199706, 32.777193], [-17.2199878, 32.7771672], [-17.2199996, 32.7771394]]}, "properties": {"highway": "primary", "junction": "roundabout", "lanes": "2", "lit": "yes", "maxspeed": "50", "name": "Rotunda da Lombada dos Cedros", "ref": "VE3", "source": "survey", "surface": "asphalt"}}, {"type": "Feature", "geometry": {"type": "LineString", "coordinates": [[-17.2199518, 32.7769782], [-17.2199156, 32.776952]]}, "properties": {"highway": "primary", "junction": "roundabout", "lanes": "2", "lit": "yes", "maxspeed": "50", "name": "Rotunda da Lombada dos Cedros", "ref": "VE3", "source": "survey", "surface": "asphalt"}}, {"type": "Feature", "geometry": {"type": "LineString", "coordinates": [[-17.2197726, 32.7766535], [-17.2197683, 32.776714], [-17.2197578, 32.7767739], [-17.2197414, 32.7768328], [-17.219718, 32.7768929], [-17.2196877, 32.7769502]]}, "properties": {"highway": "primary", "lanes": "1", "lit": "yes", "maxspeed": "50", "name": "Via Expresso 3", "oneway": "yes", "ref": "VE3", "surface": "asphalt"}}, {"type": "Feature", "geometry": {"type": "LineString", "coordinates": [[-17.2199156, 32.776952], [-17.2198756, 32.7768836], [-17.2198387, 32.7768152], [-17.2198025, 32.7767353], [-17.2197726, 32.7766535]]}, "properties": {"destination": "Funchal;Calheta", "highway": "primary", "lanes": "1", "lit": "yes", "maxspeed": "70", "name": "Via Expresso 3", "oneway": "yes", "ref": "VE3", "surface": "asphalt"}}, {"type": "Feature", "geometry": {"type": "LineString", "coordinates": [[-17.2199156, 32.776952], [-17.2198614, 32.77693], [-17.219802, 32.7769222], [-17.2197424, 32.7769291], [-17.2196877, 32.7769502]]}, "properties": {"highway": "primary", "junction": "roundabout", "lanes": "2", "lit": "yes", "maxspeed": "50", "name": "Rotunda da Lombada dos Cedros", "ref": "VE3", "source": "survey", "surface": "asphalt"}}, {"type": "Feature", "geometry": {"type": "LineString", "coordinates": [[-17.2195947, 32.7770806], [-17.2195959, 32.7771191], [-17.2196072, 32.7771566], [-17.219628, 32.777191], [-17.2196574, 32.7772206], [-17.2196939, 32.7772441]]}, "properties": {"highway": "primary", "junction": "roundabout", "lanes": "2", "lit": "yes", "maxspeed": "50", "name": "Rotunda da Lombada dos Cedros", "ref": "VE3", "source": "survey", "surface": "asphalt"}}, {"type": "Feature", "geometry": {"type": "LineString", "coordinates": [[-17.2446778, 32.8132994], [-17.244684, 32.8133189], [-17.2446926, 32.8133384]]}, "properties": {"highway": "primary", "junction": "roundabout", "lanes": "1", "name": "Rotunda da Ponta do Pargo", "ref": "VE3", "surface": "asphalt"}}, {"type": "Feature", "geometry": {"type": "LineString", "coordinates": [[-17.2450599, 32.8131445], [-17.2450319, 32.8131213], [-17.2449955, 32.8131009], [-17.2449323, 32.8130824], [-17.2448862, 32.8130795], [-17.2448431, 32.8130842]]}, "properties": {"highway": "primary", "junction": "roundabout", "lanes": "1", "lit": "yes", "maxspeed": "50", "name": "Rotunda da Ponta do Pargo", "ref": "VE3", "surface": "asphalt"}}, {"type": "Feature", "geometry": {"type": "LineString", "coordinates": [[-17.2363328, 32.8021676], [-17.2362973, 32.8022128]]}, "properties": {"highway": "primary", "junction": "roundabout", "lanes": "2", "lit": "yes", "maxspeed": "50", "name": "Rotunda do Amparo", "ref": "VE3", "surface": "asphalt"}}, {"type": "Feature", "geometry": {"type": "LineString", "coordinates": [[-17.2086164, 32.765074], [-17.208675, 32.7650998]]}, "properties": {"highway": "primary", "lanes": "1", "lit": "yes", "maxspeed": "60", "name": "Via Expresso 3", "oneway": "yes", "ref": "VE3", "sidewalk": "no", "surface": "asphalt", "survey:date": "2016-11-01"}}, {"type": "Feature", "geometry": {"type": "LineString", "coordinates": [[-17.2088229, 32.7650798], [-17.2086532, 32.7650168]]}, "properties": {"highway": "primary", "lanes": "1", "lit": "yes", "maxspeed": "60", "name": "Via Expresso 3", "oneway": "yes", "ref": "VE3", "sidewalk": "no", "surface": "asphalt", "survey:date": "2016-11-02"}}, {"type": "Feature", "geometry": {"type": "LineString", "coordinates": [[-17.2089916, 32.7652331], [-17.2090572, 32.7652595]]}, "properties": {"highway": "primary", "lanes": "1", "lit": "yes", "mapillary": "560836649923815", "maxspeed": "60", "name": "Via Expresso 3", "oneway": "yes", "ref": "VE3", "surface": "asphalt", "survey:date": "2024-11-02"}}, {"type": "Feature", "geometry": {"type": "LineString", "coordinates": [[-17.0782582, 32.6772368], [-17.0782307, 32.6772819], [-17.0781947, 32.6773235], [-17.0781485, 32.677364], [-17.0780961, 32.6773988]]}, "properties": {"check_date": "2025-07-01", "check_date:lit": "2025-07-01", "highway": "primary", "lanes": "1", "lit": "yes", "mapillary": "479273946524318", "maxspeed": "70", "name": "Via Expresso 3", "oneway": "yes", "ref": "VE3", "surface": "asphalt"}}, {"type": "Feature", "geometry": {"type": "LineString", "coordinates": [[-17.0782582, 32.6772368], [-17.0782601, 32.6772647], [-17.0782676, 32.6772918], [-17.0782807, 32.6773175], [-17.078299, 32.6773408], [-17.0783234, 32.6773622]]}, "properties": {"highway": "primary", "junction": "roundabout", "lanes": "2", "lit": "yes", "name": "Rotunda da Tabua", "ref": "VE3", "surface": "asphalt"}}, {"type": "Feature", "geometry": {"type": "LineString", "coordinates": [[-17.1526893, 32.7115758], [-17.1527153, 32.7115713], [-17.1527435, 32.7115648], [-17.1527942, 32.711554], [-17.1529329, 32.7115643]]}, "properties": {"highway": "primary", "lanes": "1", "name": "Via Expresso 3", "oneway": "yes", "ref": "VE3", "surface": "asphalt"}}, {"type": "Feature", "geometry": {"type": "LineString", "coordinates": [[-17.1529329, 32.7115643], [-17.1526091, 32.7114473]]}, "properties": {"highway": "primary", "lanes": "1", "mapillary": "479273946524318", "maxspeed": "50", "name": "Via Expresso 3", "oneway": "yes", "ref": "VE3", "surface": "asphalt", "survey:date": "2018-01-28"}}, {"type": "Feature", "geometry": {"type": "LineString", "coordinates": [[-17.2387258, 32.8073581], [-17.2389199, 32.8076211]]}, "properties": {"highway": "primary", "lanes": "2", "lit": "yes", "maxspeed": "70", "name": "Via Expresso 3", "ref": "VE3", "surface": "asphalt"}}, {"type": "Feature", "geometry": {"type": "LineString", "coordinates": [[-17.2389199, 32.8076211], [-17.2389987, 32.8077205]]}, "properties": {"bridge": "yes", "highway": "primary", "lanes": "2", "layer": "1", "lit": "yes", "maxspeed": "70", "name": "Via Expresso 3", "ref": "VE3", "surface": "asphalt"}}, {"type": "Feature", "geometry": {"type": "LineString", "coordinates": [[-17.0785796, 32.6773553], [-17.0786069, 32.6773266], [-17.0786257, 32.6772934]]}, "properties": {"highway": "primary", "junction": "roundabout", "lanes": "2", "lit": "yes", "name": "Rotunda da Tabua", "ref": "VE3", "surface": "asphalt"}}, {"type": "Feature", "geometry": {"type": "LineString", "coordinates": [[-17.2197726, 32.7766535], [-17.219763, 32.7765636]]}, "properties": {"highway": "primary", "lanes": "2", "lit": "yes", "maxspeed:backward": "50", "maxspeed:forward": "70", "name": "Via Expresso 3", "ref": "VE3", "smoothness": "excellent", "surface": "asphalt"}}, {"type": "Feature", "geometry": {"type": "LineString", "coordinates": [[-17.2197599, 32.776535], [-17.2197426, 32.7761874]]}, "properties": {"highway": "primary", "lanes": "2", "lit": "yes", "maxspeed:backward": "50", "maxspeed:forward": "70", "name": "Via Expresso 3", "ref": "VE3", "smoothness": "excellent", "surface": "asphalt"}}, {"type": "Feature", "geometry": {"type": "LineString", "coordinates": [[-17.1946543, 32.7421933], [-17.1945804, 32.7418464], [-17.194557, 32.741538], [-17.1945697, 32.7412517], [-17.1946134, 32.7409965]]}, "properties": {"highway": "primary", "lanes": "3", "lanes:backward": "2", "lanes:forward": "1", "lit": "yes", "maxspeed": "80", "name": "Via Expresso 3", "placement:forward": "left_of:1", "ref": "VE3", "surface": "asphalt", "turn:lanes:backward": "|merge_to_left"}}, {"type": "Feature", "geometry": {"type": "LineString", "coordinates": [[-17.1857337, 32.7311413], [-17.1855422, 32.7311953]]}, "properties": {"highway": "primary", "lanes": "2", "name": "Via Expresso 3", "ref": "VE3", "surface": "asphalt"}}, {"type": "Feature", "geometry": {"type": "LineString", "coordinates": [[-17.1802769, 32.7318605], [-17.1801769, 32.7318633]]}, "properties": {"highway": "primary", "lanes": "2", "name": "Via Expresso 3", "oneway": "no", "ref": "VE3", "surface": "asphalt"}}, {"type": "Feature", "geometry": {"type": "LineString", "coordinates": [[-17.1797131, 32.731761], [-17.1796427, 32.7317294], [-17.1795754, 32.7316933], [-17.1795164, 32.7316558], [-17.1794609, 32.7316149], [-17.1794092, 32.7315705]]}, "properties": {"highway": "primary", "lanes": "2", "name": "Via Expresso 3", "oneway": "no", "ref": "VE3", "smoothness": "excellent", "surface": "asphalt"}}, {"type": "Feature", "geometry": {"type": "LineString", "coordinates": [[-17.1661826, 32.7194814], [-17.1661432, 32.719424]]}, "properties": {"alt_name": "ER 102", "foot": "no", "highway": "primary", "lanes": "2", "name": "Via Expresso 3", "oneway": "no", "ref": "VE3", "surface": "asphalt"}}, {"type": "Feature", "geometry": {"type": "LineString", "coordinates": [[-17.0787715, 32.6771818], [-17.0786056, 32.6771558]]}, "properties": {"check_date": "2025-07-01", "check_date:lit": "2025-07-01", "highway": "primary", "lanes": "1", "lit": "yes", "mapillary": "3006819926236084", "maxspeed": "50", "name": "Via Expresso 3", "oneway": "yes", "ref": "VE3", "surface": "asphalt"}}, {"type": "Feature", "geometry": {"type": "LineString", "coordinates": [[-17.0786257, 32.6772934], [-17.0786885, 32.6772607], [-17.0787541, 32.6772406]]}, "properties": {"check_date": "2025-07-01", "check_date:lit": "2025-07-01", "highway": "primary", "lanes": "1", "lit": "yes", "mapillary": "3006819926236084", "maxspeed": "50", "name": "Via Expresso 3", "oneway": "yes", "ref": "VE3", "surface": "asphalt"}}, {"type": "Feature", "geometry": {"type": "LineString", "coordinates": [[-17.0644057, 32.6750454], [-17.0658267, 32.6751301], [-17.0672496, 32.6750149], [-17.0683613, 32.6748422], [-17.0688319, 32.6749039], [-17.0692461, 32.675042], [-17.0720796, 32.6767254], [-17.0723623, 32.6768469], [-17.0728007, 32.6769636], [-17.0734909, 32.6770812], [-17.0767947, 32.6775162], [-17.0771806, 32.6775333], [-17.0774854, 32.6775245], [-17.0777576, 32.6774881], [-17.0780428, 32.6774158], [-17.0780961, 32.6773988]]}, "properties": {"alt_name": "ER 102", "headlight": "required", "highway": "primary", "lanes": "2", "layer": "-1", "length": "1395m", "lit": "yes", "maxheight": "default", "maxspeed": "70", "name": "Via Expresso 3", "ref": "VE3", "surface": "asphalt", "tunnel": "yes", "tunnel:name": "T\u00fanel da Ribeira Brava / Tabua"}}, {"type": "Feature", "geometry": {"type": "LineString", "coordinates": [[-17.2420543, 32.8104203], [-17.242195, 32.81064]]}, "properties": {"highway": "primary", "lanes": "2", "lit": "yes", "maxheight": "3", "maxspeed": "70", "name": "Via Expresso 3", "ref": "VE3", "shoulder": "no", "smoothness": "good", "surface": "asphalt"}}, {"type": "Feature", "geometry": {"type": "LineString", "coordinates": [[-17.2178748, 32.7717099], [-17.2180841, 32.7719239]]}, "properties": {"highway": "primary", "lanes": "2", "lit": "yes", "maxspeed": "70", "name": "Via Expresso 3", "ref": "VE3", "surface": "asphalt"}}, {"type": "Feature", "geometry": {"type": "LineString", "coordinates": [[-17.2169934, 32.7707442], [-17.2170742, 32.7708464], [-17.2171587, 32.7709464], [-17.2172488, 32.7710464], [-17.2176942, 32.7715203], [-17.2178748, 32.7717099]]}, "properties": {"bridge": "yes", "highway": "primary", "lanes": "2", "layer": "1", "lit": "yes", "maxspeed": "70", "name": "Via Expresso 3", "ref": "VE3", "surface": "asphalt"}}, {"type": "Feature", "geometry": {"type": "LineString", "coordinates": [[-17.2086532, 32.7650168], [-17.2082455, 32.7648903]]}, "properties": {"bridge": "yes", "highway": "primary", "lanes": "1", "layer": "1", "lit": "yes", "maxspeed": "60", "name": "Via Expresso 3", "oneway": "yes", "ref": "VE3", "sidewalk": "no", "surface": "asphalt", "survey:date": "2016-11-02"}}, {"type": "Feature", "geometry": {"type": "LineString", "coordinates": [[-17.2030197, 32.7573155], [-17.2029806, 32.7574597], [-17.2029484, 32.7576763]]}, "properties": {"bridge": "yes", "highway": "primary", "lanes": "1", "layer": "1", "lit": "yes", "mapillary": "308708710833541", "maxspeed": "60", "maxspeed:type": "sign", "name": "Via Expresso 3", "oneway": "yes", "ref": "VE3", "surface": "asphalt", "survey:date": "2016-04-30"}}, {"type": "Feature", "geometry": {"type": "LineString", "coordinates": [[-17.202987, 32.7579938], [-17.203027, 32.7576868]]}, "properties": {"highway": "primary", "lanes": "1", "lit": "yes", "maxspeed": "60", "maxspeed:type": "sign", "name": "Via Expresso 3", "oneway": "yes", "ref": "VE3", "surface": "asphalt", "survey:date": "2016-11-02"}}, {"type": "Feature", "geometry": {"type": "LineString", "coordinates": [[-17.2000205, 32.744956], [-17.1998231, 32.744911]]}, "properties": {"foot": "no", "highway": "primary", "horse": "no", "lanes": "2", "lit": "yes", "maxspeed": "80", "maxspeed:type": "sign", "maxweight:signed": "no", "name": "Via Expresso 3", "ref": "VE3", "surface": "asphalt"}}, {"type": "Feature", "geometry": {"type": "LineString", "coordinates": [[-17.2090136, 32.7651533], [-17.2088497, 32.7650911]]}, "properties": {"highway": "primary", "lanes": "1", "lit": "yes", "mapillary": "498752384649294", "maxspeed": "60", "name": "Via Expresso 3", "oneway": "yes", "ref": "VE3", "sidewalk": "no", "surface": "asphalt", "survey:date": "2016-04-30"}}, {"type": "Feature", "geometry": {"type": "LineString", "coordinates": [[-17.1731951, 32.725799], [-17.1731148, 32.725779], [-17.173037, 32.7257529], [-17.1729704, 32.7257289]]}, "properties": {"highway": "primary", "lanes": "1", "name": "Via Expresso 3", "oneway": "yes", "ref": "VE3", "smoothness": "excellent", "surface": "asphalt"}}, {"type": "Feature", "geometry": {"type": "LineString", "coordinates": [[-17.1522648, 32.7114994], [-17.152277, 32.7115256], [-17.1523129, 32.7115615], [-17.1523384, 32.711584]]}, "properties": {"alt_name": "Via Expresso 3", "highway": "primary", "junction": "roundabout", "lanes": "1", "mapillary": "2013550689405684", "name": "Rotunda do Arco da Calheta", "ref": "VE3", "surface": "asphalt", "survey:date": "2025-10-18"}}, {"type": "Feature", "geometry": {"type": "LineString", "coordinates": [[-17.1526893, 32.7115758], [-17.152681, 32.7115284], [-17.1526537, 32.7114883], [-17.1526091, 32.7114473]]}, "properties": {"alt_name": "Via Expresso 3", "highway": "primary", "junction": "roundabout", "lanes": "1", "mapillary": "834918019092775", "name": "Rotunda do Arco da Calheta", "ref": "VE3", "surface": "asphalt", "survey:date": "2025-10-18"}}, {"type": "Feature", "geometry": {"type": "LineString", "coordinates": [[-17.1732376, 32.7257967], [-17.1731951, 32.725799]]}, "properties": {"highway": "primary", "junction": "roundabout", "lanes": "2", "name": "Rotunda da Calheta", "ref": "VE3", "smoothness": "excellent", "surface": "asphalt"}}, {"type": "Feature", "geometry": {"type": "LineString", "coordinates": [[-17.1730277, 32.7260053], [-17.17306, 32.7260684], [-17.1731189, 32.7261161]]}, "properties": {"highway": "primary", "junction": "roundabout", "lanes": "2", "name": "Rotunda da Calheta", "ref": "VE3", "smoothness": "excellent", "surface": "asphalt"}}, {"type": "Feature", "geometry": {"type": "LineString", "coordinates": [[-17.210316, 32.7534193], [-17.2102766, 32.7533924], [-17.2102315, 32.7533729], [-17.2101826, 32.7533615]]}, "properties": {"highway": "primary", "image": "http://storage2.openstreetcam.org/files/photo/2016/11/3/lth/26500_35eee_581a7665316af.jpg", "junction": "roundabout", "lanes": "2", "lit": "yes", "maxspeed": "50", "name": "Rotunda dos Prazeres", "ref": "VE3", "surface": "asphalt", "survey:date": "2016-11-02"}}, {"type": "Feature", "geometry": {"type": "LineString", "coordinates": [[-17.1341007, 32.7055678], [-17.1340633, 32.7055519], [-17.1340261, 32.7055473], [-17.1339904, 32.7055534]]}, "properties": {"cycleway:both": "no", "highway": "primary", "junction": "roundabout", "lanes": "1", "name": "Rotundada Madalena do Mar", "ref": "VE3", "surface": "asphalt"}}, {"type": "Feature", "geometry": {"type": "LineString", "coordinates": [[-17.1024067, 32.6819539], [-17.1036785, 32.6826736], [-17.1075582, 32.685227], [-17.1093178, 32.6863694], [-17.1109653, 32.6874784], [-17.1130717, 32.6888681], [-17.1146744, 32.6899028], [-17.1159321, 32.6907532], [-17.1168602, 32.6913717], [-17.1177399, 32.6919451], [-17.1185726, 32.6925089], [-17.1188772, 32.6926945], [-17.1191025, 32.6928209], [-17.120911, 32.693743], [-17.1222915, 32.694498]]}, "properties": {"foot": "no", "headlight": "required", "highway": "primary", "lanes": "2", "layer": "-2", "length": "2682", "lit": "24/7", "maxspeed": "80", "name": "Via Expresso 3", "ref": "VE3", "surface": "asphalt", "tunnel": "yes", "tunnel:name": "T\u00fanel Ponta do Sol Madalena do Mar"}}, {"type": "Feature", "geometry": {"type": "LineString", "coordinates": [[-17.219763, 32.7765636], [-17.2197599, 32.776535]]}, "properties": {"highway": "primary", "lanes": "2", "lit": "yes", "maxspeed:backward": "50", "maxspeed:forward": "70", "name": "Via Expresso 3", "ref": "VE3", "smoothness": "excellent", "surface": "asphalt"}}, {"type": "Feature", "geometry": {"type": "LineString", "coordinates": [[-17.2439045, 32.8130131], [-17.2442834, 32.8131033]]}, "properties": {"highway": "primary", "lanes": "2", "lit": "yes", "maxspeed": "70", "name": "Via Expresso 3", "ref": "VE3", "surface": "asphalt"}}, {"type": "Feature", "geometry": {"type": "LineString", "coordinates": [[-17.2442834, 32.8131033], [-17.244416, 32.8131369]]}, "properties": {"highway": "primary", "lanes": "2", "lit": "yes", "maxspeed": "50", "name": "Via Expresso 3", "ref": "VE3", "surface": "asphalt"}}, {"type": "Feature", "geometry": {"type": "LineString", "coordinates": [[-17.2131117, 32.7502755], [-17.2124604, 32.7490492], [-17.2121828, 32.7485248], [-17.2120607, 32.7483334], [-17.2119896, 32.7482356], [-17.2119163, 32.7481428], [-17.2118193, 32.7480368], [-17.2117184, 32.7479365], [-17.2116127, 32.7478414], [-17.2114817, 32.7477517], [-17.2113481, 32.7476631], [-17.2112083, 32.7475814], [-17.2110629, 32.747507], [-17.2109124, 32.7474402], [-17.2107808, 32.7473894], [-17.2106463, 32.7473444], [-17.2105092, 32.7473053]]}, "properties": {"highway": "primary", "lanes": "2", "lit": "yes", "maxheight:signed": "no", "maxspeed": "80", "maxspeed:type": "sign", "name": "Via Expresso 3", "ref": "VE3", "surface": "asphalt"}}, {"type": "Feature", "geometry": {"type": "LineString", "coordinates": [[-17.1946134, 32.7409965], [-17.1946668, 32.7407678], [-17.1959351, 32.7372236]]}, "properties": {"highway": "primary", "lanes": "3", "lanes:backward": "2", "lanes:forward": "1", "lit": "yes", "maxheight:signed": "no", "maxspeed": "80", "name": "Via Expresso 3", "placement:forward": "left_of:1", "ref": "VE3", "surface": "asphalt"}}]}